[2025-05-09T12:15:17.660+0000] {processor.py:161} INFO - Started process (PID=2728) to work on /opt/airflow/dags/Pipeline_with_airflow.py
[2025-05-09T12:15:17.662+0000] {processor.py:830} INFO - Processing file /opt/airflow/dags/Pipeline_with_airflow.py for tasks to queue
[2025-05-09T12:15:17.664+0000] {logging_mixin.py:188} INFO - [2025-05-09T12:15:17.663+0000] {dagbag.py:545} INFO - Filling up the DagBag from /opt/airflow/dags/Pipeline_with_airflow.py
[2025-05-09T12:15:18.140+0000] {processor.py:840} INFO - DAG(s) 'weather_data_pipeline' retrieved from /opt/airflow/dags/Pipeline_with_airflow.py
[2025-05-09T12:15:18.346+0000] {logging_mixin.py:188} INFO - [2025-05-09T12:15:18.345+0000] {override.py:1829} INFO - Created Permission View: can delete on DAG:weather_data_pipeline
[2025-05-09T12:15:18.363+0000] {logging_mixin.py:188} INFO - [2025-05-09T12:15:18.362+0000] {override.py:1829} INFO - Created Permission View: can edit on DAG:weather_data_pipeline
[2025-05-09T12:15:18.370+0000] {logging_mixin.py:188} INFO - [2025-05-09T12:15:18.369+0000] {override.py:1829} INFO - Created Permission View: can read on DAG:weather_data_pipeline
[2025-05-09T12:15:18.372+0000] {logging_mixin.py:188} INFO - [2025-05-09T12:15:18.371+0000] {dag.py:3096} INFO - Sync 1 DAGs
[2025-05-09T12:15:18.408+0000] {logging_mixin.py:188} INFO - [2025-05-09T12:15:18.406+0000] {dag.py:3118} INFO - Creating ORM DAG for weather_data_pipeline
[2025-05-09T12:15:19.064+0000] {logging_mixin.py:188} INFO - [2025-05-09T12:15:19.063+0000] {dag.py:3954} INFO - Setting next_dagrun for weather_data_pipeline to 2025-05-09 12:14:00+00:00, run_after=2025-05-09 12:15:00+00:00
[2025-05-09T12:15:19.094+0000] {processor.py:183} INFO - Processing /opt/airflow/dags/Pipeline_with_airflow.py took 1.441 seconds
[2025-05-09T12:15:33.906+0000] {processor.py:161} INFO - Started process (PID=2984) to work on /opt/airflow/dags/Pipeline_with_airflow.py
[2025-05-09T12:15:33.907+0000] {processor.py:830} INFO - Processing file /opt/airflow/dags/Pipeline_with_airflow.py for tasks to queue
[2025-05-09T12:15:33.910+0000] {logging_mixin.py:188} INFO - [2025-05-09T12:15:33.909+0000] {dagbag.py:545} INFO - Filling up the DagBag from /opt/airflow/dags/Pipeline_with_airflow.py
[2025-05-09T12:15:34.296+0000] {processor.py:840} INFO - DAG(s) 'weather_data_pipeline' retrieved from /opt/airflow/dags/Pipeline_with_airflow.py
[2025-05-09T12:15:34.331+0000] {logging_mixin.py:188} INFO - [2025-05-09T12:15:34.331+0000] {dag.py:3096} INFO - Sync 1 DAGs
[2025-05-09T12:15:34.367+0000] {logging_mixin.py:188} INFO - [2025-05-09T12:15:34.367+0000] {dag.py:3954} INFO - Setting next_dagrun for weather_data_pipeline to 2025-05-09 12:00:00+00:00, run_after=2025-05-09 12:10:00+00:00
[2025-05-09T12:15:34.398+0000] {processor.py:183} INFO - Processing /opt/airflow/dags/Pipeline_with_airflow.py took 0.499 seconds
[2025-05-09T12:43:50.397+0000] {processor.py:161} INFO - Started process (PID=168) to work on /opt/airflow/dags/Pipeline_with_airflow.py
[2025-05-09T12:43:50.399+0000] {processor.py:830} INFO - Processing file /opt/airflow/dags/Pipeline_with_airflow.py for tasks to queue
[2025-05-09T12:43:50.404+0000] {logging_mixin.py:188} INFO - [2025-05-09T12:43:50.404+0000] {dagbag.py:545} INFO - Filling up the DagBag from /opt/airflow/dags/Pipeline_with_airflow.py
[2025-05-09T12:43:51.091+0000] {processor.py:840} INFO - DAG(s) 'weather_data_pipeline' retrieved from /opt/airflow/dags/Pipeline_with_airflow.py
[2025-05-09T12:43:51.134+0000] {logging_mixin.py:188} INFO - [2025-05-09T12:43:51.133+0000] {dag.py:3096} INFO - Sync 1 DAGs
[2025-05-09T12:43:51.170+0000] {logging_mixin.py:188} INFO - [2025-05-09T12:43:51.169+0000] {dag.py:3954} INFO - Setting next_dagrun for weather_data_pipeline to 2025-05-09 12:30:00+00:00, run_after=2025-05-09 12:40:00+00:00
[2025-05-09T12:43:51.208+0000] {processor.py:183} INFO - Processing /opt/airflow/dags/Pipeline_with_airflow.py took 0.824 seconds
[2025-05-09T12:44:21.501+0000] {processor.py:161} INFO - Started process (PID=430) to work on /opt/airflow/dags/Pipeline_with_airflow.py
[2025-05-09T12:44:21.503+0000] {processor.py:830} INFO - Processing file /opt/airflow/dags/Pipeline_with_airflow.py for tasks to queue
[2025-05-09T12:44:21.506+0000] {logging_mixin.py:188} INFO - [2025-05-09T12:44:21.506+0000] {dagbag.py:545} INFO - Filling up the DagBag from /opt/airflow/dags/Pipeline_with_airflow.py
[2025-05-09T12:44:21.913+0000] {processor.py:840} INFO - DAG(s) 'weather_data_pipeline' retrieved from /opt/airflow/dags/Pipeline_with_airflow.py
[2025-05-09T12:44:22.074+0000] {logging_mixin.py:188} INFO - [2025-05-09T12:44:22.072+0000] {dag.py:3096} INFO - Sync 1 DAGs
[2025-05-09T12:44:22.110+0000] {logging_mixin.py:188} INFO - [2025-05-09T12:44:22.110+0000] {dag.py:3954} INFO - Setting next_dagrun for weather_data_pipeline to 2025-05-09 12:30:00+00:00, run_after=2025-05-09 12:40:00+00:00
[2025-05-09T12:44:22.149+0000] {processor.py:183} INFO - Processing /opt/airflow/dags/Pipeline_with_airflow.py took 0.665 seconds
[2025-05-09T12:44:52.305+0000] {processor.py:161} INFO - Started process (PID=692) to work on /opt/airflow/dags/Pipeline_with_airflow.py
[2025-05-09T12:44:52.307+0000] {processor.py:830} INFO - Processing file /opt/airflow/dags/Pipeline_with_airflow.py for tasks to queue
[2025-05-09T12:44:52.309+0000] {logging_mixin.py:188} INFO - [2025-05-09T12:44:52.308+0000] {dagbag.py:545} INFO - Filling up the DagBag from /opt/airflow/dags/Pipeline_with_airflow.py
[2025-05-09T12:44:52.704+0000] {processor.py:840} INFO - DAG(s) 'weather_data_pipeline' retrieved from /opt/airflow/dags/Pipeline_with_airflow.py
[2025-05-09T12:44:52.732+0000] {logging_mixin.py:188} INFO - [2025-05-09T12:44:52.732+0000] {dag.py:3096} INFO - Sync 1 DAGs
[2025-05-09T12:44:52.760+0000] {logging_mixin.py:188} INFO - [2025-05-09T12:44:52.760+0000] {dag.py:3954} INFO - Setting next_dagrun for weather_data_pipeline to 2025-05-09 12:30:00+00:00, run_after=2025-05-09 12:40:00+00:00
[2025-05-09T12:44:52.783+0000] {processor.py:183} INFO - Processing /opt/airflow/dags/Pipeline_with_airflow.py took 0.487 seconds
[2025-05-09T12:45:22.961+0000] {processor.py:161} INFO - Started process (PID=969) to work on /opt/airflow/dags/Pipeline_with_airflow.py
[2025-05-09T12:45:22.962+0000] {processor.py:830} INFO - Processing file /opt/airflow/dags/Pipeline_with_airflow.py for tasks to queue
[2025-05-09T12:45:22.965+0000] {logging_mixin.py:188} INFO - [2025-05-09T12:45:22.965+0000] {dagbag.py:545} INFO - Filling up the DagBag from /opt/airflow/dags/Pipeline_with_airflow.py
[2025-05-09T12:45:23.364+0000] {processor.py:840} INFO - DAG(s) 'weather_data_pipeline' retrieved from /opt/airflow/dags/Pipeline_with_airflow.py
[2025-05-09T12:45:23.387+0000] {logging_mixin.py:188} INFO - [2025-05-09T12:45:23.386+0000] {dag.py:3096} INFO - Sync 1 DAGs
[2025-05-09T12:45:23.414+0000] {logging_mixin.py:188} INFO - [2025-05-09T12:45:23.414+0000] {dag.py:3954} INFO - Setting next_dagrun for weather_data_pipeline to 2025-05-09 12:30:00+00:00, run_after=2025-05-09 12:40:00+00:00
[2025-05-09T12:45:23.450+0000] {processor.py:183} INFO - Processing /opt/airflow/dags/Pipeline_with_airflow.py took 0.496 seconds
[2025-05-09T12:45:53.631+0000] {processor.py:161} INFO - Started process (PID=1241) to work on /opt/airflow/dags/Pipeline_with_airflow.py
[2025-05-09T12:45:53.632+0000] {processor.py:830} INFO - Processing file /opt/airflow/dags/Pipeline_with_airflow.py for tasks to queue
[2025-05-09T12:45:53.636+0000] {logging_mixin.py:188} INFO - [2025-05-09T12:45:53.636+0000] {dagbag.py:545} INFO - Filling up the DagBag from /opt/airflow/dags/Pipeline_with_airflow.py
[2025-05-09T12:45:53.972+0000] {processor.py:840} INFO - DAG(s) 'weather_data_pipeline' retrieved from /opt/airflow/dags/Pipeline_with_airflow.py
[2025-05-09T12:45:54.000+0000] {logging_mixin.py:188} INFO - [2025-05-09T12:45:54.000+0000] {dag.py:3096} INFO - Sync 1 DAGs
[2025-05-09T12:45:54.035+0000] {logging_mixin.py:188} INFO - [2025-05-09T12:45:54.035+0000] {dag.py:3954} INFO - Setting next_dagrun for weather_data_pipeline to 2025-05-09 12:30:00+00:00, run_after=2025-05-09 12:40:00+00:00
[2025-05-09T12:45:54.068+0000] {processor.py:183} INFO - Processing /opt/airflow/dags/Pipeline_with_airflow.py took 0.445 seconds
[2025-05-09T12:46:24.305+0000] {processor.py:161} INFO - Started process (PID=1493) to work on /opt/airflow/dags/Pipeline_with_airflow.py
[2025-05-09T12:46:24.306+0000] {processor.py:830} INFO - Processing file /opt/airflow/dags/Pipeline_with_airflow.py for tasks to queue
[2025-05-09T12:46:24.309+0000] {logging_mixin.py:188} INFO - [2025-05-09T12:46:24.308+0000] {dagbag.py:545} INFO - Filling up the DagBag from /opt/airflow/dags/Pipeline_with_airflow.py
[2025-05-09T12:46:24.620+0000] {processor.py:840} INFO - DAG(s) 'weather_data_pipeline' retrieved from /opt/airflow/dags/Pipeline_with_airflow.py
[2025-05-09T12:46:24.642+0000] {logging_mixin.py:188} INFO - [2025-05-09T12:46:24.641+0000] {dag.py:3096} INFO - Sync 1 DAGs
[2025-05-09T12:46:24.666+0000] {logging_mixin.py:188} INFO - [2025-05-09T12:46:24.666+0000] {dag.py:3954} INFO - Setting next_dagrun for weather_data_pipeline to 2025-05-09 12:30:00+00:00, run_after=2025-05-09 12:40:00+00:00
[2025-05-09T12:46:24.692+0000] {processor.py:183} INFO - Processing /opt/airflow/dags/Pipeline_with_airflow.py took 0.394 seconds
[2025-05-09T12:46:54.766+0000] {processor.py:161} INFO - Started process (PID=1755) to work on /opt/airflow/dags/Pipeline_with_airflow.py
[2025-05-09T12:46:54.768+0000] {processor.py:830} INFO - Processing file /opt/airflow/dags/Pipeline_with_airflow.py for tasks to queue
[2025-05-09T12:46:54.770+0000] {logging_mixin.py:188} INFO - [2025-05-09T12:46:54.770+0000] {dagbag.py:545} INFO - Filling up the DagBag from /opt/airflow/dags/Pipeline_with_airflow.py
[2025-05-09T12:46:55.066+0000] {processor.py:840} INFO - DAG(s) 'weather_data_pipeline' retrieved from /opt/airflow/dags/Pipeline_with_airflow.py
[2025-05-09T12:46:55.087+0000] {logging_mixin.py:188} INFO - [2025-05-09T12:46:55.086+0000] {dag.py:3096} INFO - Sync 1 DAGs
[2025-05-09T12:46:55.109+0000] {logging_mixin.py:188} INFO - [2025-05-09T12:46:55.108+0000] {dag.py:3954} INFO - Setting next_dagrun for weather_data_pipeline to 2025-05-09 12:30:00+00:00, run_after=2025-05-09 12:40:00+00:00
[2025-05-09T12:46:55.149+0000] {processor.py:183} INFO - Processing /opt/airflow/dags/Pipeline_with_airflow.py took 0.389 seconds
[2025-05-09T12:47:25.750+0000] {processor.py:161} INFO - Started process (PID=2026) to work on /opt/airflow/dags/Pipeline_with_airflow.py
[2025-05-09T12:47:25.752+0000] {processor.py:830} INFO - Processing file /opt/airflow/dags/Pipeline_with_airflow.py for tasks to queue
[2025-05-09T12:47:25.754+0000] {logging_mixin.py:188} INFO - [2025-05-09T12:47:25.754+0000] {dagbag.py:545} INFO - Filling up the DagBag from /opt/airflow/dags/Pipeline_with_airflow.py
[2025-05-09T12:47:26.110+0000] {processor.py:840} INFO - DAG(s) 'weather_data_pipeline' retrieved from /opt/airflow/dags/Pipeline_with_airflow.py
[2025-05-09T12:47:26.142+0000] {logging_mixin.py:188} INFO - [2025-05-09T12:47:26.141+0000] {dag.py:3096} INFO - Sync 1 DAGs
[2025-05-09T12:47:26.175+0000] {logging_mixin.py:188} INFO - [2025-05-09T12:47:26.174+0000] {dag.py:3954} INFO - Setting next_dagrun for weather_data_pipeline to 2025-05-09 12:40:00+00:00, run_after=2025-05-09 12:50:00+00:00
[2025-05-09T12:47:26.211+0000] {processor.py:183} INFO - Processing /opt/airflow/dags/Pipeline_with_airflow.py took 0.467 seconds
[2025-05-09T12:47:56.375+0000] {processor.py:161} INFO - Started process (PID=2288) to work on /opt/airflow/dags/Pipeline_with_airflow.py
[2025-05-09T12:47:56.376+0000] {processor.py:830} INFO - Processing file /opt/airflow/dags/Pipeline_with_airflow.py for tasks to queue
[2025-05-09T12:47:56.379+0000] {logging_mixin.py:188} INFO - [2025-05-09T12:47:56.378+0000] {dagbag.py:545} INFO - Filling up the DagBag from /opt/airflow/dags/Pipeline_with_airflow.py
[2025-05-09T12:47:56.723+0000] {processor.py:840} INFO - DAG(s) 'weather_data_pipeline' retrieved from /opt/airflow/dags/Pipeline_with_airflow.py
[2025-05-09T12:47:56.750+0000] {logging_mixin.py:188} INFO - [2025-05-09T12:47:56.749+0000] {dag.py:3096} INFO - Sync 1 DAGs
[2025-05-09T12:47:56.775+0000] {logging_mixin.py:188} INFO - [2025-05-09T12:47:56.775+0000] {dag.py:3954} INFO - Setting next_dagrun for weather_data_pipeline to 2025-05-09 12:40:00+00:00, run_after=2025-05-09 12:50:00+00:00
[2025-05-09T12:47:56.811+0000] {processor.py:183} INFO - Processing /opt/airflow/dags/Pipeline_with_airflow.py took 0.445 seconds
[2025-05-09T12:48:26.900+0000] {processor.py:161} INFO - Started process (PID=2569) to work on /opt/airflow/dags/Pipeline_with_airflow.py
[2025-05-09T12:48:26.902+0000] {processor.py:830} INFO - Processing file /opt/airflow/dags/Pipeline_with_airflow.py for tasks to queue
[2025-05-09T12:48:26.904+0000] {logging_mixin.py:188} INFO - [2025-05-09T12:48:26.904+0000] {dagbag.py:545} INFO - Filling up the DagBag from /opt/airflow/dags/Pipeline_with_airflow.py
[2025-05-09T12:48:27.141+0000] {processor.py:840} INFO - DAG(s) 'weather_data_pipeline' retrieved from /opt/airflow/dags/Pipeline_with_airflow.py
[2025-05-09T12:48:27.161+0000] {logging_mixin.py:188} INFO - [2025-05-09T12:48:27.160+0000] {dag.py:3096} INFO - Sync 1 DAGs
[2025-05-09T12:48:27.183+0000] {logging_mixin.py:188} INFO - [2025-05-09T12:48:27.182+0000] {dag.py:3954} INFO - Setting next_dagrun for weather_data_pipeline to 2025-05-09 12:40:00+00:00, run_after=2025-05-09 12:50:00+00:00
[2025-05-09T12:48:27.212+0000] {processor.py:183} INFO - Processing /opt/airflow/dags/Pipeline_with_airflow.py took 0.319 seconds
[2025-05-09T12:48:57.553+0000] {processor.py:161} INFO - Started process (PID=2821) to work on /opt/airflow/dags/Pipeline_with_airflow.py
[2025-05-09T12:48:57.554+0000] {processor.py:830} INFO - Processing file /opt/airflow/dags/Pipeline_with_airflow.py for tasks to queue
[2025-05-09T12:48:57.556+0000] {logging_mixin.py:188} INFO - [2025-05-09T12:48:57.556+0000] {dagbag.py:545} INFO - Filling up the DagBag from /opt/airflow/dags/Pipeline_with_airflow.py
[2025-05-09T12:48:57.836+0000] {processor.py:840} INFO - DAG(s) 'weather_data_pipeline' retrieved from /opt/airflow/dags/Pipeline_with_airflow.py
[2025-05-09T12:48:57.866+0000] {logging_mixin.py:188} INFO - [2025-05-09T12:48:57.864+0000] {dag.py:3096} INFO - Sync 1 DAGs
[2025-05-09T12:48:57.889+0000] {logging_mixin.py:188} INFO - [2025-05-09T12:48:57.888+0000] {dag.py:3954} INFO - Setting next_dagrun for weather_data_pipeline to 2025-05-09 12:40:00+00:00, run_after=2025-05-09 12:50:00+00:00
[2025-05-09T12:48:57.915+0000] {processor.py:183} INFO - Processing /opt/airflow/dags/Pipeline_with_airflow.py took 0.368 seconds
[2025-05-09T12:49:28.146+0000] {processor.py:161} INFO - Started process (PID=3093) to work on /opt/airflow/dags/Pipeline_with_airflow.py
[2025-05-09T12:49:28.148+0000] {processor.py:830} INFO - Processing file /opt/airflow/dags/Pipeline_with_airflow.py for tasks to queue
[2025-05-09T12:49:28.150+0000] {logging_mixin.py:188} INFO - [2025-05-09T12:49:28.150+0000] {dagbag.py:545} INFO - Filling up the DagBag from /opt/airflow/dags/Pipeline_with_airflow.py
[2025-05-09T12:49:28.426+0000] {processor.py:840} INFO - DAG(s) 'weather_data_pipeline' retrieved from /opt/airflow/dags/Pipeline_with_airflow.py
[2025-05-09T12:49:28.449+0000] {logging_mixin.py:188} INFO - [2025-05-09T12:49:28.448+0000] {dag.py:3096} INFO - Sync 1 DAGs
[2025-05-09T12:49:28.470+0000] {logging_mixin.py:188} INFO - [2025-05-09T12:49:28.470+0000] {dag.py:3954} INFO - Setting next_dagrun for weather_data_pipeline to 2025-05-09 12:40:00+00:00, run_after=2025-05-09 12:50:00+00:00
[2025-05-09T12:49:28.493+0000] {processor.py:183} INFO - Processing /opt/airflow/dags/Pipeline_with_airflow.py took 0.354 seconds
[2025-05-09T12:49:58.860+0000] {processor.py:161} INFO - Started process (PID=3345) to work on /opt/airflow/dags/Pipeline_with_airflow.py
[2025-05-09T12:49:58.861+0000] {processor.py:830} INFO - Processing file /opt/airflow/dags/Pipeline_with_airflow.py for tasks to queue
[2025-05-09T12:49:58.864+0000] {logging_mixin.py:188} INFO - [2025-05-09T12:49:58.863+0000] {dagbag.py:545} INFO - Filling up the DagBag from /opt/airflow/dags/Pipeline_with_airflow.py
[2025-05-09T12:49:59.284+0000] {processor.py:840} INFO - DAG(s) 'weather_data_pipeline' retrieved from /opt/airflow/dags/Pipeline_with_airflow.py
[2025-05-09T12:49:59.309+0000] {logging_mixin.py:188} INFO - [2025-05-09T12:49:59.309+0000] {dag.py:3096} INFO - Sync 1 DAGs
[2025-05-09T12:49:59.338+0000] {logging_mixin.py:188} INFO - [2025-05-09T12:49:59.337+0000] {dag.py:3954} INFO - Setting next_dagrun for weather_data_pipeline to 2025-05-09 12:40:00+00:00, run_after=2025-05-09 12:50:00+00:00
[2025-05-09T12:49:59.369+0000] {processor.py:183} INFO - Processing /opt/airflow/dags/Pipeline_with_airflow.py took 0.517 seconds
[2025-05-09T12:50:29.580+0000] {processor.py:161} INFO - Started process (PID=3626) to work on /opt/airflow/dags/Pipeline_with_airflow.py
[2025-05-09T12:50:29.582+0000] {processor.py:830} INFO - Processing file /opt/airflow/dags/Pipeline_with_airflow.py for tasks to queue
[2025-05-09T12:50:29.584+0000] {logging_mixin.py:188} INFO - [2025-05-09T12:50:29.584+0000] {dagbag.py:545} INFO - Filling up the DagBag from /opt/airflow/dags/Pipeline_with_airflow.py
[2025-05-09T12:50:29.912+0000] {processor.py:840} INFO - DAG(s) 'weather_data_pipeline' retrieved from /opt/airflow/dags/Pipeline_with_airflow.py
[2025-05-09T12:50:29.940+0000] {logging_mixin.py:188} INFO - [2025-05-09T12:50:29.939+0000] {dag.py:3096} INFO - Sync 1 DAGs
[2025-05-09T12:50:29.972+0000] {logging_mixin.py:188} INFO - [2025-05-09T12:50:29.971+0000] {dag.py:3954} INFO - Setting next_dagrun for weather_data_pipeline to 2025-05-09 12:50:00+00:00, run_after=2025-05-09 13:00:00+00:00
[2025-05-09T12:50:30.006+0000] {processor.py:183} INFO - Processing /opt/airflow/dags/Pipeline_with_airflow.py took 0.433 seconds
[2025-05-09T12:51:00.098+0000] {processor.py:161} INFO - Started process (PID=3896) to work on /opt/airflow/dags/Pipeline_with_airflow.py
[2025-05-09T12:51:00.100+0000] {processor.py:830} INFO - Processing file /opt/airflow/dags/Pipeline_with_airflow.py for tasks to queue
[2025-05-09T12:51:00.103+0000] {logging_mixin.py:188} INFO - [2025-05-09T12:51:00.102+0000] {dagbag.py:545} INFO - Filling up the DagBag from /opt/airflow/dags/Pipeline_with_airflow.py
[2025-05-09T12:51:00.625+0000] {processor.py:840} INFO - DAG(s) 'weather_data_pipeline' retrieved from /opt/airflow/dags/Pipeline_with_airflow.py
[2025-05-09T12:51:00.673+0000] {logging_mixin.py:188} INFO - [2025-05-09T12:51:00.673+0000] {dag.py:3096} INFO - Sync 1 DAGs
[2025-05-09T12:51:00.712+0000] {logging_mixin.py:188} INFO - [2025-05-09T12:51:00.712+0000] {dag.py:3954} INFO - Setting next_dagrun for weather_data_pipeline to 2025-05-09 12:50:00+00:00, run_after=2025-05-09 13:00:00+00:00
[2025-05-09T12:51:00.746+0000] {processor.py:183} INFO - Processing /opt/airflow/dags/Pipeline_with_airflow.py took 0.657 seconds
[2025-05-09T12:52:19.889+0000] {processor.py:161} INFO - Started process (PID=168) to work on /opt/airflow/dags/Pipeline_with_airflow.py
[2025-05-09T12:52:19.893+0000] {processor.py:830} INFO - Processing file /opt/airflow/dags/Pipeline_with_airflow.py for tasks to queue
[2025-05-09T12:52:19.901+0000] {logging_mixin.py:188} INFO - [2025-05-09T12:52:19.900+0000] {dagbag.py:545} INFO - Filling up the DagBag from /opt/airflow/dags/Pipeline_with_airflow.py
[2025-05-09T12:52:20.593+0000] {processor.py:840} INFO - DAG(s) 'weather_data_pipeline' retrieved from /opt/airflow/dags/Pipeline_with_airflow.py
[2025-05-09T12:52:20.642+0000] {logging_mixin.py:188} INFO - [2025-05-09T12:52:20.641+0000] {dag.py:3096} INFO - Sync 1 DAGs
[2025-05-09T12:52:20.684+0000] {logging_mixin.py:188} INFO - [2025-05-09T12:52:20.683+0000] {dag.py:3954} INFO - Setting next_dagrun for weather_data_pipeline to 2025-05-09 12:50:00+00:00, run_after=2025-05-09 13:00:00+00:00
[2025-05-09T12:52:20.738+0000] {processor.py:183} INFO - Processing /opt/airflow/dags/Pipeline_with_airflow.py took 0.871 seconds
[2025-05-09T12:52:51.266+0000] {processor.py:161} INFO - Started process (PID=438) to work on /opt/airflow/dags/Pipeline_with_airflow.py
[2025-05-09T12:52:51.267+0000] {processor.py:830} INFO - Processing file /opt/airflow/dags/Pipeline_with_airflow.py for tasks to queue
[2025-05-09T12:52:51.269+0000] {logging_mixin.py:188} INFO - [2025-05-09T12:52:51.269+0000] {dagbag.py:545} INFO - Filling up the DagBag from /opt/airflow/dags/Pipeline_with_airflow.py
[2025-05-09T12:52:51.631+0000] {processor.py:840} INFO - DAG(s) 'weather_data_pipeline' retrieved from /opt/airflow/dags/Pipeline_with_airflow.py
[2025-05-09T12:52:51.727+0000] {logging_mixin.py:188} INFO - [2025-05-09T12:52:51.726+0000] {dag.py:3096} INFO - Sync 1 DAGs
[2025-05-09T12:52:51.749+0000] {logging_mixin.py:188} INFO - [2025-05-09T12:52:51.749+0000] {dag.py:3954} INFO - Setting next_dagrun for weather_data_pipeline to 2025-05-09 12:50:00+00:00, run_after=2025-05-09 13:00:00+00:00
[2025-05-09T12:52:51.775+0000] {processor.py:183} INFO - Processing /opt/airflow/dags/Pipeline_with_airflow.py took 0.515 seconds
[2025-05-09T12:53:22.171+0000] {processor.py:161} INFO - Started process (PID=700) to work on /opt/airflow/dags/Pipeline_with_airflow.py
[2025-05-09T12:53:22.172+0000] {processor.py:830} INFO - Processing file /opt/airflow/dags/Pipeline_with_airflow.py for tasks to queue
[2025-05-09T12:53:22.175+0000] {logging_mixin.py:188} INFO - [2025-05-09T12:53:22.174+0000] {dagbag.py:545} INFO - Filling up the DagBag from /opt/airflow/dags/Pipeline_with_airflow.py
[2025-05-09T12:53:22.476+0000] {processor.py:840} INFO - DAG(s) 'weather_data_pipeline' retrieved from /opt/airflow/dags/Pipeline_with_airflow.py
[2025-05-09T12:53:22.498+0000] {logging_mixin.py:188} INFO - [2025-05-09T12:53:22.497+0000] {dag.py:3096} INFO - Sync 1 DAGs
[2025-05-09T12:53:22.521+0000] {logging_mixin.py:188} INFO - [2025-05-09T12:53:22.520+0000] {dag.py:3954} INFO - Setting next_dagrun for weather_data_pipeline to 2025-05-09 12:50:00+00:00, run_after=2025-05-09 13:00:00+00:00
[2025-05-09T12:53:22.548+0000] {processor.py:183} INFO - Processing /opt/airflow/dags/Pipeline_with_airflow.py took 0.384 seconds
[2025-05-09T12:53:52.980+0000] {processor.py:161} INFO - Started process (PID=965) to work on /opt/airflow/dags/Pipeline_with_airflow.py
[2025-05-09T12:53:52.982+0000] {processor.py:830} INFO - Processing file /opt/airflow/dags/Pipeline_with_airflow.py for tasks to queue
[2025-05-09T12:53:52.984+0000] {logging_mixin.py:188} INFO - [2025-05-09T12:53:52.983+0000] {dagbag.py:545} INFO - Filling up the DagBag from /opt/airflow/dags/Pipeline_with_airflow.py
[2025-05-09T12:53:53.295+0000] {processor.py:840} INFO - DAG(s) 'weather_data_pipeline' retrieved from /opt/airflow/dags/Pipeline_with_airflow.py
[2025-05-09T12:53:53.318+0000] {logging_mixin.py:188} INFO - [2025-05-09T12:53:53.318+0000] {dag.py:3096} INFO - Sync 1 DAGs
[2025-05-09T12:53:53.351+0000] {logging_mixin.py:188} INFO - [2025-05-09T12:53:53.351+0000] {dag.py:3954} INFO - Setting next_dagrun for weather_data_pipeline to 2025-05-09 12:50:00+00:00, run_after=2025-05-09 13:00:00+00:00
[2025-05-09T12:53:53.381+0000] {processor.py:183} INFO - Processing /opt/airflow/dags/Pipeline_with_airflow.py took 0.409 seconds
[2025-05-09T12:54:23.582+0000] {processor.py:161} INFO - Started process (PID=1237) to work on /opt/airflow/dags/Pipeline_with_airflow.py
[2025-05-09T12:54:23.583+0000] {processor.py:830} INFO - Processing file /opt/airflow/dags/Pipeline_with_airflow.py for tasks to queue
[2025-05-09T12:54:23.586+0000] {logging_mixin.py:188} INFO - [2025-05-09T12:54:23.585+0000] {dagbag.py:545} INFO - Filling up the DagBag from /opt/airflow/dags/Pipeline_with_airflow.py
[2025-05-09T12:54:23.929+0000] {processor.py:840} INFO - DAG(s) 'weather_data_pipeline' retrieved from /opt/airflow/dags/Pipeline_with_airflow.py
[2025-05-09T12:54:23.954+0000] {logging_mixin.py:188} INFO - [2025-05-09T12:54:23.953+0000] {dag.py:3096} INFO - Sync 1 DAGs
[2025-05-09T12:54:23.980+0000] {logging_mixin.py:188} INFO - [2025-05-09T12:54:23.980+0000] {dag.py:3954} INFO - Setting next_dagrun for weather_data_pipeline to 2025-05-09 12:50:00+00:00, run_after=2025-05-09 13:00:00+00:00
[2025-05-09T12:54:24.012+0000] {processor.py:183} INFO - Processing /opt/airflow/dags/Pipeline_with_airflow.py took 0.439 seconds
[2025-05-09T12:54:54.091+0000] {processor.py:161} INFO - Started process (PID=1489) to work on /opt/airflow/dags/Pipeline_with_airflow.py
[2025-05-09T12:54:54.093+0000] {processor.py:830} INFO - Processing file /opt/airflow/dags/Pipeline_with_airflow.py for tasks to queue
[2025-05-09T12:54:54.095+0000] {logging_mixin.py:188} INFO - [2025-05-09T12:54:54.095+0000] {dagbag.py:545} INFO - Filling up the DagBag from /opt/airflow/dags/Pipeline_with_airflow.py
[2025-05-09T12:54:54.418+0000] {processor.py:840} INFO - DAG(s) 'weather_data_pipeline' retrieved from /opt/airflow/dags/Pipeline_with_airflow.py
[2025-05-09T12:54:54.440+0000] {logging_mixin.py:188} INFO - [2025-05-09T12:54:54.439+0000] {dag.py:3096} INFO - Sync 1 DAGs
[2025-05-09T12:54:54.463+0000] {logging_mixin.py:188} INFO - [2025-05-09T12:54:54.463+0000] {dag.py:3954} INFO - Setting next_dagrun for weather_data_pipeline to 2025-05-09 12:50:00+00:00, run_after=2025-05-09 13:00:00+00:00
[2025-05-09T12:54:54.490+0000] {processor.py:183} INFO - Processing /opt/airflow/dags/Pipeline_with_airflow.py took 0.407 seconds
[2025-05-09T12:55:24.647+0000] {processor.py:161} INFO - Started process (PID=1764) to work on /opt/airflow/dags/Pipeline_with_airflow.py
[2025-05-09T12:55:24.648+0000] {processor.py:830} INFO - Processing file /opt/airflow/dags/Pipeline_with_airflow.py for tasks to queue
[2025-05-09T12:55:24.650+0000] {logging_mixin.py:188} INFO - [2025-05-09T12:55:24.650+0000] {dagbag.py:545} INFO - Filling up the DagBag from /opt/airflow/dags/Pipeline_with_airflow.py
[2025-05-09T12:55:25.040+0000] {processor.py:840} INFO - DAG(s) 'weather_data_pipeline' retrieved from /opt/airflow/dags/Pipeline_with_airflow.py
[2025-05-09T12:55:25.063+0000] {logging_mixin.py:188} INFO - [2025-05-09T12:55:25.063+0000] {dag.py:3096} INFO - Sync 1 DAGs
[2025-05-09T12:55:25.089+0000] {logging_mixin.py:188} INFO - [2025-05-09T12:55:25.089+0000] {dag.py:3954} INFO - Setting next_dagrun for weather_data_pipeline to 2025-05-09 12:50:00+00:00, run_after=2025-05-09 13:00:00+00:00
[2025-05-09T12:55:25.117+0000] {processor.py:183} INFO - Processing /opt/airflow/dags/Pipeline_with_airflow.py took 0.478 seconds
[2025-05-09T12:57:13.052+0000] {processor.py:161} INFO - Started process (PID=169) to work on /opt/airflow/dags/Pipeline_with_airflow.py
[2025-05-09T12:57:13.055+0000] {processor.py:830} INFO - Processing file /opt/airflow/dags/Pipeline_with_airflow.py for tasks to queue
[2025-05-09T12:57:13.060+0000] {logging_mixin.py:188} INFO - [2025-05-09T12:57:13.059+0000] {dagbag.py:545} INFO - Filling up the DagBag from /opt/airflow/dags/Pipeline_with_airflow.py
[2025-05-09T12:57:13.671+0000] {processor.py:840} INFO - DAG(s) 'weather_data_pipeline' retrieved from /opt/airflow/dags/Pipeline_with_airflow.py
[2025-05-09T12:57:13.740+0000] {logging_mixin.py:188} INFO - [2025-05-09T12:57:13.739+0000] {dag.py:3096} INFO - Sync 1 DAGs
[2025-05-09T12:57:13.814+0000] {logging_mixin.py:188} INFO - [2025-05-09T12:57:13.813+0000] {dag.py:3954} INFO - Setting next_dagrun for weather_data_pipeline to 2025-05-09 12:50:00+00:00, run_after=2025-05-09 13:00:00+00:00
[2025-05-09T12:57:13.857+0000] {processor.py:183} INFO - Processing /opt/airflow/dags/Pipeline_with_airflow.py took 0.821 seconds
[2025-05-09T12:57:44.118+0000] {processor.py:161} INFO - Started process (PID=444) to work on /opt/airflow/dags/Pipeline_with_airflow.py
[2025-05-09T12:57:44.120+0000] {processor.py:830} INFO - Processing file /opt/airflow/dags/Pipeline_with_airflow.py for tasks to queue
[2025-05-09T12:57:44.122+0000] {logging_mixin.py:188} INFO - [2025-05-09T12:57:44.121+0000] {dagbag.py:545} INFO - Filling up the DagBag from /opt/airflow/dags/Pipeline_with_airflow.py
[2025-05-09T12:57:44.378+0000] {processor.py:840} INFO - DAG(s) 'weather_data_pipeline' retrieved from /opt/airflow/dags/Pipeline_with_airflow.py
[2025-05-09T12:57:44.463+0000] {logging_mixin.py:188} INFO - [2025-05-09T12:57:44.463+0000] {dag.py:3096} INFO - Sync 1 DAGs
[2025-05-09T12:57:44.486+0000] {logging_mixin.py:188} INFO - [2025-05-09T12:57:44.485+0000] {dag.py:3954} INFO - Setting next_dagrun for weather_data_pipeline to 2025-05-09 12:50:00+00:00, run_after=2025-05-09 13:00:00+00:00
[2025-05-09T12:57:44.516+0000] {processor.py:183} INFO - Processing /opt/airflow/dags/Pipeline_with_airflow.py took 0.404 seconds
[2025-05-09T12:58:14.582+0000] {processor.py:161} INFO - Started process (PID=708) to work on /opt/airflow/dags/Pipeline_with_airflow.py
[2025-05-09T12:58:14.584+0000] {processor.py:830} INFO - Processing file /opt/airflow/dags/Pipeline_with_airflow.py for tasks to queue
[2025-05-09T12:58:14.586+0000] {logging_mixin.py:188} INFO - [2025-05-09T12:58:14.585+0000] {dagbag.py:545} INFO - Filling up the DagBag from /opt/airflow/dags/Pipeline_with_airflow.py
[2025-05-09T12:58:14.896+0000] {processor.py:840} INFO - DAG(s) 'weather_data_pipeline' retrieved from /opt/airflow/dags/Pipeline_with_airflow.py
[2025-05-09T12:58:14.922+0000] {logging_mixin.py:188} INFO - [2025-05-09T12:58:14.921+0000] {dag.py:3096} INFO - Sync 1 DAGs
[2025-05-09T12:58:14.944+0000] {logging_mixin.py:188} INFO - [2025-05-09T12:58:14.944+0000] {dag.py:3954} INFO - Setting next_dagrun for weather_data_pipeline to 2025-05-09 12:50:00+00:00, run_after=2025-05-09 13:00:00+00:00
[2025-05-09T12:58:14.967+0000] {processor.py:183} INFO - Processing /opt/airflow/dags/Pipeline_with_airflow.py took 0.391 seconds
[2025-05-09T12:58:45.337+0000] {processor.py:161} INFO - Started process (PID=955) to work on /opt/airflow/dags/Pipeline_with_airflow.py
[2025-05-09T12:58:45.339+0000] {processor.py:830} INFO - Processing file /opt/airflow/dags/Pipeline_with_airflow.py for tasks to queue
[2025-05-09T12:58:45.341+0000] {logging_mixin.py:188} INFO - [2025-05-09T12:58:45.340+0000] {dagbag.py:545} INFO - Filling up the DagBag from /opt/airflow/dags/Pipeline_with_airflow.py
[2025-05-09T12:58:45.659+0000] {processor.py:840} INFO - DAG(s) 'weather_data_pipeline' retrieved from /opt/airflow/dags/Pipeline_with_airflow.py
[2025-05-09T12:58:45.684+0000] {logging_mixin.py:188} INFO - [2025-05-09T12:58:45.684+0000] {dag.py:3096} INFO - Sync 1 DAGs
[2025-05-09T12:58:45.713+0000] {logging_mixin.py:188} INFO - [2025-05-09T12:58:45.712+0000] {dag.py:3954} INFO - Setting next_dagrun for weather_data_pipeline to 2025-05-09 12:50:00+00:00, run_after=2025-05-09 13:00:00+00:00
[2025-05-09T12:58:45.738+0000] {processor.py:183} INFO - Processing /opt/airflow/dags/Pipeline_with_airflow.py took 0.408 seconds
[2025-05-09T12:59:15.890+0000] {processor.py:161} INFO - Started process (PID=1227) to work on /opt/airflow/dags/Pipeline_with_airflow.py
[2025-05-09T12:59:15.892+0000] {processor.py:830} INFO - Processing file /opt/airflow/dags/Pipeline_with_airflow.py for tasks to queue
[2025-05-09T12:59:15.894+0000] {logging_mixin.py:188} INFO - [2025-05-09T12:59:15.894+0000] {dagbag.py:545} INFO - Filling up the DagBag from /opt/airflow/dags/Pipeline_with_airflow.py
[2025-05-09T12:59:16.250+0000] {processor.py:840} INFO - DAG(s) 'weather_data_pipeline' retrieved from /opt/airflow/dags/Pipeline_with_airflow.py
[2025-05-09T12:59:16.277+0000] {logging_mixin.py:188} INFO - [2025-05-09T12:59:16.276+0000] {dag.py:3096} INFO - Sync 1 DAGs
[2025-05-09T12:59:16.300+0000] {logging_mixin.py:188} INFO - [2025-05-09T12:59:16.300+0000] {dag.py:3954} INFO - Setting next_dagrun for weather_data_pipeline to 2025-05-09 12:50:00+00:00, run_after=2025-05-09 13:00:00+00:00
[2025-05-09T12:59:16.321+0000] {processor.py:183} INFO - Processing /opt/airflow/dags/Pipeline_with_airflow.py took 0.437 seconds
[2025-05-09T12:59:47.230+0000] {processor.py:161} INFO - Started process (PID=1489) to work on /opt/airflow/dags/Pipeline_with_airflow.py
[2025-05-09T12:59:47.231+0000] {processor.py:830} INFO - Processing file /opt/airflow/dags/Pipeline_with_airflow.py for tasks to queue
[2025-05-09T12:59:47.234+0000] {logging_mixin.py:188} INFO - [2025-05-09T12:59:47.234+0000] {dagbag.py:545} INFO - Filling up the DagBag from /opt/airflow/dags/Pipeline_with_airflow.py
[2025-05-09T12:59:47.550+0000] {processor.py:840} INFO - DAG(s) 'weather_data_pipeline' retrieved from /opt/airflow/dags/Pipeline_with_airflow.py
[2025-05-09T12:59:47.572+0000] {logging_mixin.py:188} INFO - [2025-05-09T12:59:47.571+0000] {dag.py:3096} INFO - Sync 1 DAGs
[2025-05-09T12:59:47.596+0000] {logging_mixin.py:188} INFO - [2025-05-09T12:59:47.595+0000] {dag.py:3954} INFO - Setting next_dagrun for weather_data_pipeline to 2025-05-09 12:50:00+00:00, run_after=2025-05-09 13:00:00+00:00
[2025-05-09T12:59:47.624+0000] {processor.py:183} INFO - Processing /opt/airflow/dags/Pipeline_with_airflow.py took 0.401 seconds
[2025-05-09T13:00:17.756+0000] {processor.py:161} INFO - Started process (PID=1770) to work on /opt/airflow/dags/Pipeline_with_airflow.py
[2025-05-09T13:00:17.758+0000] {processor.py:830} INFO - Processing file /opt/airflow/dags/Pipeline_with_airflow.py for tasks to queue
[2025-05-09T13:00:17.760+0000] {logging_mixin.py:188} INFO - [2025-05-09T13:00:17.760+0000] {dagbag.py:545} INFO - Filling up the DagBag from /opt/airflow/dags/Pipeline_with_airflow.py
[2025-05-09T13:00:18.097+0000] {processor.py:840} INFO - DAG(s) 'weather_data_pipeline' retrieved from /opt/airflow/dags/Pipeline_with_airflow.py
[2025-05-09T13:00:18.120+0000] {logging_mixin.py:188} INFO - [2025-05-09T13:00:18.120+0000] {dag.py:3096} INFO - Sync 1 DAGs
[2025-05-09T13:00:18.144+0000] {logging_mixin.py:188} INFO - [2025-05-09T13:00:18.143+0000] {dag.py:3954} INFO - Setting next_dagrun for weather_data_pipeline to 2025-05-09 13:00:00+00:00, run_after=2025-05-09 13:10:00+00:00
[2025-05-09T13:00:18.168+0000] {processor.py:183} INFO - Processing /opt/airflow/dags/Pipeline_with_airflow.py took 0.417 seconds
[2025-05-09T13:00:48.766+0000] {processor.py:161} INFO - Started process (PID=2032) to work on /opt/airflow/dags/Pipeline_with_airflow.py
[2025-05-09T13:00:48.768+0000] {processor.py:830} INFO - Processing file /opt/airflow/dags/Pipeline_with_airflow.py for tasks to queue
[2025-05-09T13:00:48.770+0000] {logging_mixin.py:188} INFO - [2025-05-09T13:00:48.770+0000] {dagbag.py:545} INFO - Filling up the DagBag from /opt/airflow/dags/Pipeline_with_airflow.py
[2025-05-09T13:00:49.065+0000] {processor.py:840} INFO - DAG(s) 'weather_data_pipeline' retrieved from /opt/airflow/dags/Pipeline_with_airflow.py
[2025-05-09T13:00:49.086+0000] {logging_mixin.py:188} INFO - [2025-05-09T13:00:49.085+0000] {dag.py:3096} INFO - Sync 1 DAGs
[2025-05-09T13:00:49.108+0000] {logging_mixin.py:188} INFO - [2025-05-09T13:00:49.108+0000] {dag.py:3954} INFO - Setting next_dagrun for weather_data_pipeline to 2025-05-09 13:00:00+00:00, run_after=2025-05-09 13:10:00+00:00
[2025-05-09T13:00:49.133+0000] {processor.py:183} INFO - Processing /opt/airflow/dags/Pipeline_with_airflow.py took 0.374 seconds
[2025-05-09T13:01:19.662+0000] {processor.py:161} INFO - Started process (PID=2294) to work on /opt/airflow/dags/Pipeline_with_airflow.py
[2025-05-09T13:01:19.663+0000] {processor.py:830} INFO - Processing file /opt/airflow/dags/Pipeline_with_airflow.py for tasks to queue
[2025-05-09T13:01:19.666+0000] {logging_mixin.py:188} INFO - [2025-05-09T13:01:19.665+0000] {dagbag.py:545} INFO - Filling up the DagBag from /opt/airflow/dags/Pipeline_with_airflow.py
[2025-05-09T13:01:20.083+0000] {processor.py:840} INFO - DAG(s) 'weather_data_pipeline' retrieved from /opt/airflow/dags/Pipeline_with_airflow.py
[2025-05-09T13:01:20.108+0000] {logging_mixin.py:188} INFO - [2025-05-09T13:01:20.106+0000] {dag.py:3096} INFO - Sync 1 DAGs
[2025-05-09T13:01:20.134+0000] {logging_mixin.py:188} INFO - [2025-05-09T13:01:20.134+0000] {dag.py:3954} INFO - Setting next_dagrun for weather_data_pipeline to 2025-05-09 13:00:00+00:00, run_after=2025-05-09 13:10:00+00:00
[2025-05-09T13:01:20.164+0000] {processor.py:183} INFO - Processing /opt/airflow/dags/Pipeline_with_airflow.py took 0.511 seconds
[2025-05-09T13:01:50.316+0000] {processor.py:161} INFO - Started process (PID=2566) to work on /opt/airflow/dags/Pipeline_with_airflow.py
[2025-05-09T13:01:50.317+0000] {processor.py:830} INFO - Processing file /opt/airflow/dags/Pipeline_with_airflow.py for tasks to queue
[2025-05-09T13:01:50.320+0000] {logging_mixin.py:188} INFO - [2025-05-09T13:01:50.319+0000] {dagbag.py:545} INFO - Filling up the DagBag from /opt/airflow/dags/Pipeline_with_airflow.py
[2025-05-09T13:01:50.649+0000] {processor.py:840} INFO - DAG(s) 'weather_data_pipeline' retrieved from /opt/airflow/dags/Pipeline_with_airflow.py
[2025-05-09T13:01:50.673+0000] {logging_mixin.py:188} INFO - [2025-05-09T13:01:50.672+0000] {dag.py:3096} INFO - Sync 1 DAGs
[2025-05-09T13:01:50.707+0000] {logging_mixin.py:188} INFO - [2025-05-09T13:01:50.706+0000] {dag.py:3954} INFO - Setting next_dagrun for weather_data_pipeline to 2025-05-09 13:00:00+00:00, run_after=2025-05-09 13:10:00+00:00
[2025-05-09T13:01:50.731+0000] {processor.py:183} INFO - Processing /opt/airflow/dags/Pipeline_with_airflow.py took 0.424 seconds
[2025-05-09T13:02:20.852+0000] {processor.py:161} INFO - Started process (PID=2838) to work on /opt/airflow/dags/Pipeline_with_airflow.py
[2025-05-09T13:02:20.853+0000] {processor.py:830} INFO - Processing file /opt/airflow/dags/Pipeline_with_airflow.py for tasks to queue
[2025-05-09T13:02:20.855+0000] {logging_mixin.py:188} INFO - [2025-05-09T13:02:20.855+0000] {dagbag.py:545} INFO - Filling up the DagBag from /opt/airflow/dags/Pipeline_with_airflow.py
[2025-05-09T13:02:21.232+0000] {processor.py:840} INFO - DAG(s) 'weather_data_pipeline' retrieved from /opt/airflow/dags/Pipeline_with_airflow.py
[2025-05-09T13:02:21.257+0000] {logging_mixin.py:188} INFO - [2025-05-09T13:02:21.256+0000] {dag.py:3096} INFO - Sync 1 DAGs
[2025-05-09T13:02:21.296+0000] {logging_mixin.py:188} INFO - [2025-05-09T13:02:21.296+0000] {dag.py:3954} INFO - Setting next_dagrun for weather_data_pipeline to 2025-05-09 13:00:00+00:00, run_after=2025-05-09 13:10:00+00:00
[2025-05-09T13:02:21.331+0000] {processor.py:183} INFO - Processing /opt/airflow/dags/Pipeline_with_airflow.py took 0.488 seconds
[2025-05-09T13:02:51.472+0000] {processor.py:161} INFO - Started process (PID=3110) to work on /opt/airflow/dags/Pipeline_with_airflow.py
[2025-05-09T13:02:51.474+0000] {processor.py:830} INFO - Processing file /opt/airflow/dags/Pipeline_with_airflow.py for tasks to queue
[2025-05-09T13:02:51.477+0000] {logging_mixin.py:188} INFO - [2025-05-09T13:02:51.477+0000] {dagbag.py:545} INFO - Filling up the DagBag from /opt/airflow/dags/Pipeline_with_airflow.py
[2025-05-09T13:02:51.824+0000] {processor.py:840} INFO - DAG(s) 'weather_data_pipeline' retrieved from /opt/airflow/dags/Pipeline_with_airflow.py
[2025-05-09T13:02:51.852+0000] {logging_mixin.py:188} INFO - [2025-05-09T13:02:51.852+0000] {dag.py:3096} INFO - Sync 1 DAGs
[2025-05-09T13:02:51.879+0000] {logging_mixin.py:188} INFO - [2025-05-09T13:02:51.879+0000] {dag.py:3954} INFO - Setting next_dagrun for weather_data_pipeline to 2025-05-09 13:00:00+00:00, run_after=2025-05-09 13:10:00+00:00
[2025-05-09T13:02:51.918+0000] {processor.py:183} INFO - Processing /opt/airflow/dags/Pipeline_with_airflow.py took 0.454 seconds
[2025-05-09T13:03:22.920+0000] {processor.py:161} INFO - Started process (PID=3372) to work on /opt/airflow/dags/Pipeline_with_airflow.py
[2025-05-09T13:03:22.922+0000] {processor.py:830} INFO - Processing file /opt/airflow/dags/Pipeline_with_airflow.py for tasks to queue
[2025-05-09T13:03:22.924+0000] {logging_mixin.py:188} INFO - [2025-05-09T13:03:22.923+0000] {dagbag.py:545} INFO - Filling up the DagBag from /opt/airflow/dags/Pipeline_with_airflow.py
[2025-05-09T13:03:23.302+0000] {processor.py:840} INFO - DAG(s) 'weather_data_pipeline' retrieved from /opt/airflow/dags/Pipeline_with_airflow.py
[2025-05-09T13:03:23.328+0000] {logging_mixin.py:188} INFO - [2025-05-09T13:03:23.327+0000] {dag.py:3096} INFO - Sync 1 DAGs
[2025-05-09T13:03:23.359+0000] {logging_mixin.py:188} INFO - [2025-05-09T13:03:23.359+0000] {dag.py:3954} INFO - Setting next_dagrun for weather_data_pipeline to 2025-05-09 13:00:00+00:00, run_after=2025-05-09 13:10:00+00:00
[2025-05-09T13:03:23.387+0000] {processor.py:183} INFO - Processing /opt/airflow/dags/Pipeline_with_airflow.py took 0.481 seconds
[2025-05-09T13:03:53.748+0000] {processor.py:161} INFO - Started process (PID=3649) to work on /opt/airflow/dags/Pipeline_with_airflow.py
[2025-05-09T13:03:53.750+0000] {processor.py:830} INFO - Processing file /opt/airflow/dags/Pipeline_with_airflow.py for tasks to queue
[2025-05-09T13:03:53.752+0000] {logging_mixin.py:188} INFO - [2025-05-09T13:03:53.751+0000] {dagbag.py:545} INFO - Filling up the DagBag from /opt/airflow/dags/Pipeline_with_airflow.py
[2025-05-09T13:03:54.153+0000] {processor.py:840} INFO - DAG(s) 'weather_data_pipeline' retrieved from /opt/airflow/dags/Pipeline_with_airflow.py
[2025-05-09T13:03:54.183+0000] {logging_mixin.py:188} INFO - [2025-05-09T13:03:54.182+0000] {dag.py:3096} INFO - Sync 1 DAGs
[2025-05-09T13:03:54.238+0000] {logging_mixin.py:188} INFO - [2025-05-09T13:03:54.238+0000] {dag.py:3954} INFO - Setting next_dagrun for weather_data_pipeline to 2025-05-09 13:00:00+00:00, run_after=2025-05-09 13:10:00+00:00
[2025-05-09T13:03:54.267+0000] {processor.py:183} INFO - Processing /opt/airflow/dags/Pipeline_with_airflow.py took 0.527 seconds
[2025-05-09T14:10:32.770+0000] {processor.py:161} INFO - Started process (PID=3849) to work on /opt/airflow/dags/Pipeline_with_airflow.py
[2025-05-09T14:10:32.775+0000] {processor.py:830} INFO - Processing file /opt/airflow/dags/Pipeline_with_airflow.py for tasks to queue
[2025-05-09T14:10:32.801+0000] {logging_mixin.py:188} INFO - [2025-05-09T14:10:32.795+0000] {dagbag.py:545} INFO - Filling up the DagBag from /opt/airflow/dags/Pipeline_with_airflow.py
[2025-05-09T14:10:34.735+0000] {processor.py:840} INFO - DAG(s) 'weather_data_pipeline' retrieved from /opt/airflow/dags/Pipeline_with_airflow.py
[2025-05-09T14:10:34.834+0000] {logging_mixin.py:188} INFO - [2025-05-09T14:10:34.833+0000] {dag.py:3096} INFO - Sync 1 DAGs
[2025-05-09T14:10:34.949+0000] {logging_mixin.py:188} INFO - [2025-05-09T14:10:34.948+0000] {dag.py:3954} INFO - Setting next_dagrun for weather_data_pipeline to 2025-05-09 14:10:00+00:00, run_after=2025-05-09 14:20:00+00:00
[2025-05-09T14:10:35.074+0000] {processor.py:183} INFO - Processing /opt/airflow/dags/Pipeline_with_airflow.py took 2.356 seconds
[2025-05-09T15:43:52.178+0000] {processor.py:161} INFO - Started process (PID=4121) to work on /opt/airflow/dags/Pipeline_with_airflow.py
[2025-05-09T15:43:52.181+0000] {processor.py:830} INFO - Processing file /opt/airflow/dags/Pipeline_with_airflow.py for tasks to queue
[2025-05-09T15:43:52.185+0000] {logging_mixin.py:188} INFO - [2025-05-09T15:43:52.185+0000] {dagbag.py:545} INFO - Filling up the DagBag from /opt/airflow/dags/Pipeline_with_airflow.py
[2025-05-09T15:43:52.629+0000] {processor.py:840} INFO - DAG(s) 'weather_data_pipeline' retrieved from /opt/airflow/dags/Pipeline_with_airflow.py
[2025-05-09T15:43:52.672+0000] {logging_mixin.py:188} INFO - [2025-05-09T15:43:52.671+0000] {dag.py:3096} INFO - Sync 1 DAGs
[2025-05-09T15:43:52.746+0000] {logging_mixin.py:188} INFO - [2025-05-09T15:43:52.745+0000] {dag.py:3954} INFO - Setting next_dagrun for weather_data_pipeline to 2025-05-09 15:40:00+00:00, run_after=2025-05-09 15:50:00+00:00
[2025-05-09T15:43:52.805+0000] {processor.py:183} INFO - Processing /opt/airflow/dags/Pipeline_with_airflow.py took 0.637 seconds
[2025-05-09T15:44:23.255+0000] {processor.py:161} INFO - Started process (PID=4379) to work on /opt/airflow/dags/Pipeline_with_airflow.py
[2025-05-09T15:44:23.257+0000] {processor.py:830} INFO - Processing file /opt/airflow/dags/Pipeline_with_airflow.py for tasks to queue
[2025-05-09T15:44:23.260+0000] {logging_mixin.py:188} INFO - [2025-05-09T15:44:23.260+0000] {dagbag.py:545} INFO - Filling up the DagBag from /opt/airflow/dags/Pipeline_with_airflow.py
[2025-05-09T15:44:23.807+0000] {processor.py:840} INFO - DAG(s) 'weather_data_pipeline' retrieved from /opt/airflow/dags/Pipeline_with_airflow.py
[2025-05-09T15:44:23.840+0000] {logging_mixin.py:188} INFO - [2025-05-09T15:44:23.839+0000] {dag.py:3096} INFO - Sync 1 DAGs
[2025-05-09T15:44:23.874+0000] {logging_mixin.py:188} INFO - [2025-05-09T15:44:23.874+0000] {dag.py:3954} INFO - Setting next_dagrun for weather_data_pipeline to 2025-05-09 15:40:00+00:00, run_after=2025-05-09 15:50:00+00:00
[2025-05-09T15:44:23.909+0000] {processor.py:183} INFO - Processing /opt/airflow/dags/Pipeline_with_airflow.py took 0.663 seconds
[2025-05-09T15:44:25.005+0000] {processor.py:161} INFO - Started process (PID=4406) to work on /opt/airflow/dags/Pipeline_with_airflow.py
[2025-05-09T15:44:25.006+0000] {processor.py:830} INFO - Processing file /opt/airflow/dags/Pipeline_with_airflow.py for tasks to queue
[2025-05-09T15:44:25.008+0000] {logging_mixin.py:188} INFO - [2025-05-09T15:44:25.008+0000] {dagbag.py:545} INFO - Filling up the DagBag from /opt/airflow/dags/Pipeline_with_airflow.py
[2025-05-09T15:44:25.329+0000] {processor.py:840} INFO - DAG(s) 'weather_data_pipeline' retrieved from /opt/airflow/dags/Pipeline_with_airflow.py
[2025-05-09T15:44:25.352+0000] {logging_mixin.py:188} INFO - [2025-05-09T15:44:25.351+0000] {dag.py:3096} INFO - Sync 1 DAGs
[2025-05-09T15:44:25.384+0000] {logging_mixin.py:188} INFO - [2025-05-09T15:44:25.383+0000] {dag.py:3954} INFO - Setting next_dagrun for weather_data_pipeline to 2025-05-09 15:40:00+00:00, run_after=2025-05-09 15:50:00+00:00
[2025-05-09T15:44:25.424+0000] {processor.py:183} INFO - Processing /opt/airflow/dags/Pipeline_with_airflow.py took 0.426 seconds
[2025-05-09T15:44:26.383+0000] {processor.py:161} INFO - Started process (PID=4412) to work on /opt/airflow/dags/Pipeline_with_airflow.py
[2025-05-09T15:44:26.386+0000] {processor.py:830} INFO - Processing file /opt/airflow/dags/Pipeline_with_airflow.py for tasks to queue
[2025-05-09T15:44:26.389+0000] {logging_mixin.py:188} INFO - [2025-05-09T15:44:26.388+0000] {dagbag.py:545} INFO - Filling up the DagBag from /opt/airflow/dags/Pipeline_with_airflow.py
[2025-05-09T15:44:26.737+0000] {processor.py:840} INFO - DAG(s) 'weather_data_pipeline' retrieved from /opt/airflow/dags/Pipeline_with_airflow.py
[2025-05-09T15:44:26.770+0000] {logging_mixin.py:188} INFO - [2025-05-09T15:44:26.770+0000] {dag.py:3096} INFO - Sync 1 DAGs
[2025-05-09T15:44:26.813+0000] {logging_mixin.py:188} INFO - [2025-05-09T15:44:26.813+0000] {dag.py:3954} INFO - Setting next_dagrun for weather_data_pipeline to 2025-05-09 15:40:00+00:00, run_after=2025-05-09 15:50:00+00:00
[2025-05-09T15:44:26.841+0000] {processor.py:183} INFO - Processing /opt/airflow/dags/Pipeline_with_airflow.py took 0.465 seconds
[2025-05-09T15:44:57.379+0000] {processor.py:161} INFO - Started process (PID=4674) to work on /opt/airflow/dags/Pipeline_with_airflow.py
[2025-05-09T15:44:57.381+0000] {processor.py:830} INFO - Processing file /opt/airflow/dags/Pipeline_with_airflow.py for tasks to queue
[2025-05-09T15:44:57.383+0000] {logging_mixin.py:188} INFO - [2025-05-09T15:44:57.383+0000] {dagbag.py:545} INFO - Filling up the DagBag from /opt/airflow/dags/Pipeline_with_airflow.py
[2025-05-09T15:44:57.721+0000] {processor.py:840} INFO - DAG(s) 'weather_data_pipeline' retrieved from /opt/airflow/dags/Pipeline_with_airflow.py
[2025-05-09T15:44:57.754+0000] {logging_mixin.py:188} INFO - [2025-05-09T15:44:57.752+0000] {dag.py:3096} INFO - Sync 1 DAGs
[2025-05-09T15:44:57.781+0000] {logging_mixin.py:188} INFO - [2025-05-09T15:44:57.781+0000] {dag.py:3954} INFO - Setting next_dagrun for weather_data_pipeline to 2025-05-09 15:40:00+00:00, run_after=2025-05-09 15:50:00+00:00
[2025-05-09T15:44:57.831+0000] {processor.py:183} INFO - Processing /opt/airflow/dags/Pipeline_with_airflow.py took 0.459 seconds
[2025-05-09T15:45:16.897+0000] {processor.py:161} INFO - Started process (PID=4735) to work on /opt/airflow/dags/Pipeline_with_airflow.py
[2025-05-09T15:45:16.904+0000] {processor.py:830} INFO - Processing file /opt/airflow/dags/Pipeline_with_airflow.py for tasks to queue
[2025-05-09T15:45:16.910+0000] {logging_mixin.py:188} INFO - [2025-05-09T15:45:16.908+0000] {dagbag.py:545} INFO - Filling up the DagBag from /opt/airflow/dags/Pipeline_with_airflow.py
[2025-05-09T15:45:17.302+0000] {processor.py:840} INFO - DAG(s) 'weather_data_pipeline' retrieved from /opt/airflow/dags/Pipeline_with_airflow.py
[2025-05-09T15:45:17.326+0000] {logging_mixin.py:188} INFO - [2025-05-09T15:45:17.326+0000] {dag.py:3096} INFO - Sync 1 DAGs
[2025-05-09T15:45:17.359+0000] {logging_mixin.py:188} INFO - [2025-05-09T15:45:17.359+0000] {dag.py:3954} INFO - Setting next_dagrun for weather_data_pipeline to 2025-05-09 15:40:00+00:00, run_after=2025-05-09 15:50:00+00:00
[2025-05-09T15:45:17.404+0000] {processor.py:183} INFO - Processing /opt/airflow/dags/Pipeline_with_airflow.py took 0.526 seconds
[2025-05-09T15:45:47.508+0000] {processor.py:161} INFO - Started process (PID=5005) to work on /opt/airflow/dags/Pipeline_with_airflow.py
[2025-05-09T15:45:47.511+0000] {processor.py:830} INFO - Processing file /opt/airflow/dags/Pipeline_with_airflow.py for tasks to queue
[2025-05-09T15:45:47.515+0000] {logging_mixin.py:188} INFO - [2025-05-09T15:45:47.514+0000] {dagbag.py:545} INFO - Filling up the DagBag from /opt/airflow/dags/Pipeline_with_airflow.py
[2025-05-09T15:45:47.989+0000] {processor.py:840} INFO - DAG(s) 'weather_data_pipeline' retrieved from /opt/airflow/dags/Pipeline_with_airflow.py
[2025-05-09T15:45:48.010+0000] {logging_mixin.py:188} INFO - [2025-05-09T15:45:48.010+0000] {dag.py:3096} INFO - Sync 1 DAGs
[2025-05-09T15:45:48.033+0000] {logging_mixin.py:188} INFO - [2025-05-09T15:45:48.033+0000] {dag.py:3954} INFO - Setting next_dagrun for weather_data_pipeline to 2025-05-09 15:40:00+00:00, run_after=2025-05-09 15:50:00+00:00
[2025-05-09T15:45:48.069+0000] {processor.py:183} INFO - Processing /opt/airflow/dags/Pipeline_with_airflow.py took 0.580 seconds
[2025-05-09T15:46:18.829+0000] {processor.py:161} INFO - Started process (PID=5283) to work on /opt/airflow/dags/Pipeline_with_airflow.py
[2025-05-09T15:46:18.831+0000] {processor.py:830} INFO - Processing file /opt/airflow/dags/Pipeline_with_airflow.py for tasks to queue
[2025-05-09T15:46:18.833+0000] {logging_mixin.py:188} INFO - [2025-05-09T15:46:18.833+0000] {dagbag.py:545} INFO - Filling up the DagBag from /opt/airflow/dags/Pipeline_with_airflow.py
[2025-05-09T15:46:19.210+0000] {processor.py:840} INFO - DAG(s) 'weather_data_pipeline' retrieved from /opt/airflow/dags/Pipeline_with_airflow.py
[2025-05-09T15:46:19.234+0000] {logging_mixin.py:188} INFO - [2025-05-09T15:46:19.234+0000] {dag.py:3096} INFO - Sync 1 DAGs
[2025-05-09T15:46:19.263+0000] {logging_mixin.py:188} INFO - [2025-05-09T15:46:19.263+0000] {dag.py:3954} INFO - Setting next_dagrun for weather_data_pipeline to 2025-05-09 15:40:00+00:00, run_after=2025-05-09 15:50:00+00:00
[2025-05-09T15:46:19.288+0000] {processor.py:183} INFO - Processing /opt/airflow/dags/Pipeline_with_airflow.py took 0.467 seconds
[2025-05-09T15:46:49.605+0000] {processor.py:161} INFO - Started process (PID=5545) to work on /opt/airflow/dags/Pipeline_with_airflow.py
[2025-05-09T15:46:49.607+0000] {processor.py:830} INFO - Processing file /opt/airflow/dags/Pipeline_with_airflow.py for tasks to queue
[2025-05-09T15:46:49.609+0000] {logging_mixin.py:188} INFO - [2025-05-09T15:46:49.609+0000] {dagbag.py:545} INFO - Filling up the DagBag from /opt/airflow/dags/Pipeline_with_airflow.py
[2025-05-09T15:46:50.015+0000] {processor.py:840} INFO - DAG(s) 'weather_data_pipeline' retrieved from /opt/airflow/dags/Pipeline_with_airflow.py
[2025-05-09T15:46:50.045+0000] {logging_mixin.py:188} INFO - [2025-05-09T15:46:50.044+0000] {dag.py:3096} INFO - Sync 1 DAGs
[2025-05-09T15:46:50.083+0000] {logging_mixin.py:188} INFO - [2025-05-09T15:46:50.082+0000] {dag.py:3954} INFO - Setting next_dagrun for weather_data_pipeline to 2025-05-09 15:40:00+00:00, run_after=2025-05-09 15:50:00+00:00
[2025-05-09T15:46:50.117+0000] {processor.py:183} INFO - Processing /opt/airflow/dags/Pipeline_with_airflow.py took 0.519 seconds
[2025-05-09T15:47:20.384+0000] {processor.py:161} INFO - Started process (PID=5807) to work on /opt/airflow/dags/Pipeline_with_airflow.py
[2025-05-09T15:47:20.386+0000] {processor.py:830} INFO - Processing file /opt/airflow/dags/Pipeline_with_airflow.py for tasks to queue
[2025-05-09T15:47:20.388+0000] {logging_mixin.py:188} INFO - [2025-05-09T15:47:20.388+0000] {dagbag.py:545} INFO - Filling up the DagBag from /opt/airflow/dags/Pipeline_with_airflow.py
[2025-05-09T15:47:20.773+0000] {processor.py:840} INFO - DAG(s) 'weather_data_pipeline' retrieved from /opt/airflow/dags/Pipeline_with_airflow.py
[2025-05-09T15:47:20.798+0000] {logging_mixin.py:188} INFO - [2025-05-09T15:47:20.797+0000] {dag.py:3096} INFO - Sync 1 DAGs
[2025-05-09T15:47:20.824+0000] {logging_mixin.py:188} INFO - [2025-05-09T15:47:20.824+0000] {dag.py:3954} INFO - Setting next_dagrun for weather_data_pipeline to 2025-05-09 15:40:00+00:00, run_after=2025-05-09 15:50:00+00:00
[2025-05-09T15:47:20.853+0000] {processor.py:183} INFO - Processing /opt/airflow/dags/Pipeline_with_airflow.py took 0.476 seconds
[2025-05-09T15:47:51.062+0000] {processor.py:161} INFO - Started process (PID=6069) to work on /opt/airflow/dags/Pipeline_with_airflow.py
[2025-05-09T15:47:51.064+0000] {processor.py:830} INFO - Processing file /opt/airflow/dags/Pipeline_with_airflow.py for tasks to queue
[2025-05-09T15:47:51.067+0000] {logging_mixin.py:188} INFO - [2025-05-09T15:47:51.066+0000] {dagbag.py:545} INFO - Filling up the DagBag from /opt/airflow/dags/Pipeline_with_airflow.py
[2025-05-09T15:47:51.469+0000] {processor.py:840} INFO - DAG(s) 'weather_data_pipeline' retrieved from /opt/airflow/dags/Pipeline_with_airflow.py
[2025-05-09T15:47:51.501+0000] {logging_mixin.py:188} INFO - [2025-05-09T15:47:51.500+0000] {dag.py:3096} INFO - Sync 1 DAGs
[2025-05-09T15:47:51.535+0000] {logging_mixin.py:188} INFO - [2025-05-09T15:47:51.534+0000] {dag.py:3954} INFO - Setting next_dagrun for weather_data_pipeline to 2025-05-09 15:40:00+00:00, run_after=2025-05-09 15:50:00+00:00
[2025-05-09T15:47:51.569+0000] {processor.py:183} INFO - Processing /opt/airflow/dags/Pipeline_with_airflow.py took 0.513 seconds
[2025-05-09T15:48:01.414+0000] {processor.py:161} INFO - Started process (PID=6261) to work on /opt/airflow/dags/Pipeline_with_airflow.py
[2025-05-09T15:48:01.415+0000] {processor.py:830} INFO - Processing file /opt/airflow/dags/Pipeline_with_airflow.py for tasks to queue
[2025-05-09T15:48:01.418+0000] {logging_mixin.py:188} INFO - [2025-05-09T15:48:01.418+0000] {dagbag.py:545} INFO - Filling up the DagBag from /opt/airflow/dags/Pipeline_with_airflow.py
[2025-05-09T15:48:01.441+0000] {logging_mixin.py:188} INFO - [2025-05-09T15:48:01.440+0000] {dagbag.py:355} ERROR - Failed to import: /opt/airflow/dags/Pipeline_with_airflow.py
Traceback (most recent call last):
  File "/home/airflow/.local/lib/python3.10/site-packages/airflow/models/dagbag.py", line 351, in parse
    loader.exec_module(new_module)
  File "<frozen importlib._bootstrap_external>", line 879, in exec_module
  File "<frozen importlib._bootstrap_external>", line 1017, in get_code
  File "<frozen importlib._bootstrap_external>", line 947, in source_to_code
  File "<frozen importlib._bootstrap>", line 241, in _call_with_frames_removed
  File "/opt/airflow/dags/Pipeline_with_airflow.py", line 10
    engine = create_engine('postgresql+psycopg2://postgres:192837465@postgres:5433
                           ^
SyntaxError: unterminated string literal (detected at line 10)
[2025-05-09T15:48:01.442+0000] {processor.py:842} WARNING - No viable dags retrieved from /opt/airflow/dags/Pipeline_with_airflow.py
[2025-05-09T15:48:01.470+0000] {processor.py:183} INFO - Processing /opt/airflow/dags/Pipeline_with_airflow.py took 0.065 seconds
[2025-05-09T15:48:05.457+0000] {processor.py:161} INFO - Started process (PID=6266) to work on /opt/airflow/dags/Pipeline_with_airflow.py
[2025-05-09T15:48:05.458+0000] {processor.py:830} INFO - Processing file /opt/airflow/dags/Pipeline_with_airflow.py for tasks to queue
[2025-05-09T15:48:05.463+0000] {logging_mixin.py:188} INFO - [2025-05-09T15:48:05.461+0000] {dagbag.py:545} INFO - Filling up the DagBag from /opt/airflow/dags/Pipeline_with_airflow.py
[2025-05-09T15:48:05.813+0000] {processor.py:840} INFO - DAG(s) 'weather_data_pipeline' retrieved from /opt/airflow/dags/Pipeline_with_airflow.py
[2025-05-09T15:48:06.211+0000] {logging_mixin.py:188} INFO - [2025-05-09T15:48:06.210+0000] {dag.py:3096} INFO - Sync 1 DAGs
[2025-05-09T15:48:06.260+0000] {logging_mixin.py:188} INFO - [2025-05-09T15:48:06.260+0000] {dag.py:3954} INFO - Setting next_dagrun for weather_data_pipeline to 2025-05-09 15:47:00+00:00, run_after=2025-05-09 15:48:00+00:00
[2025-05-09T15:48:06.309+0000] {processor.py:183} INFO - Processing /opt/airflow/dags/Pipeline_with_airflow.py took 0.859 seconds
[2025-05-09T15:48:36.911+0000] {processor.py:161} INFO - Started process (PID=6534) to work on /opt/airflow/dags/Pipeline_with_airflow.py
[2025-05-09T15:48:36.913+0000] {processor.py:830} INFO - Processing file /opt/airflow/dags/Pipeline_with_airflow.py for tasks to queue
[2025-05-09T15:48:36.915+0000] {logging_mixin.py:188} INFO - [2025-05-09T15:48:36.915+0000] {dagbag.py:545} INFO - Filling up the DagBag from /opt/airflow/dags/Pipeline_with_airflow.py
[2025-05-09T15:48:37.267+0000] {processor.py:840} INFO - DAG(s) 'weather_data_pipeline' retrieved from /opt/airflow/dags/Pipeline_with_airflow.py
[2025-05-09T15:48:37.298+0000] {logging_mixin.py:188} INFO - [2025-05-09T15:48:37.297+0000] {dag.py:3096} INFO - Sync 1 DAGs
[2025-05-09T15:48:37.331+0000] {logging_mixin.py:188} INFO - [2025-05-09T15:48:37.331+0000] {dag.py:3954} INFO - Setting next_dagrun for weather_data_pipeline to 2025-05-09 15:48:00+00:00, run_after=2025-05-09 15:49:00+00:00
[2025-05-09T15:48:37.370+0000] {processor.py:183} INFO - Processing /opt/airflow/dags/Pipeline_with_airflow.py took 0.467 seconds
[2025-05-09T15:49:07.574+0000] {processor.py:161} INFO - Started process (PID=6826) to work on /opt/airflow/dags/Pipeline_with_airflow.py
[2025-05-09T15:49:07.575+0000] {processor.py:830} INFO - Processing file /opt/airflow/dags/Pipeline_with_airflow.py for tasks to queue
[2025-05-09T15:49:07.577+0000] {logging_mixin.py:188} INFO - [2025-05-09T15:49:07.577+0000] {dagbag.py:545} INFO - Filling up the DagBag from /opt/airflow/dags/Pipeline_with_airflow.py
[2025-05-09T15:49:07.881+0000] {processor.py:840} INFO - DAG(s) 'weather_data_pipeline' retrieved from /opt/airflow/dags/Pipeline_with_airflow.py
[2025-05-09T15:49:07.904+0000] {logging_mixin.py:188} INFO - [2025-05-09T15:49:07.904+0000] {dag.py:3096} INFO - Sync 1 DAGs
[2025-05-09T15:49:07.925+0000] {logging_mixin.py:188} INFO - [2025-05-09T15:49:07.924+0000] {dag.py:3954} INFO - Setting next_dagrun for weather_data_pipeline to 2025-05-09 15:49:00+00:00, run_after=2025-05-09 15:50:00+00:00
[2025-05-09T15:49:07.957+0000] {processor.py:183} INFO - Processing /opt/airflow/dags/Pipeline_with_airflow.py took 0.391 seconds
[2025-05-09T15:49:38.140+0000] {processor.py:161} INFO - Started process (PID=7094) to work on /opt/airflow/dags/Pipeline_with_airflow.py
[2025-05-09T15:49:38.142+0000] {processor.py:830} INFO - Processing file /opt/airflow/dags/Pipeline_with_airflow.py for tasks to queue
[2025-05-09T15:49:38.144+0000] {logging_mixin.py:188} INFO - [2025-05-09T15:49:38.144+0000] {dagbag.py:545} INFO - Filling up the DagBag from /opt/airflow/dags/Pipeline_with_airflow.py
[2025-05-09T15:49:38.557+0000] {processor.py:840} INFO - DAG(s) 'weather_data_pipeline' retrieved from /opt/airflow/dags/Pipeline_with_airflow.py
[2025-05-09T15:49:38.598+0000] {logging_mixin.py:188} INFO - [2025-05-09T15:49:38.596+0000] {dag.py:3096} INFO - Sync 1 DAGs
[2025-05-09T15:49:38.805+0000] {logging_mixin.py:188} INFO - [2025-05-09T15:49:38.805+0000] {dag.py:3954} INFO - Setting next_dagrun for weather_data_pipeline to 2025-05-09 15:49:00+00:00, run_after=2025-05-09 15:50:00+00:00
[2025-05-09T15:49:38.832+0000] {processor.py:183} INFO - Processing /opt/airflow/dags/Pipeline_with_airflow.py took 0.702 seconds
[2025-05-09T15:50:09.501+0000] {processor.py:161} INFO - Started process (PID=7362) to work on /opt/airflow/dags/Pipeline_with_airflow.py
[2025-05-09T15:50:09.503+0000] {processor.py:830} INFO - Processing file /opt/airflow/dags/Pipeline_with_airflow.py for tasks to queue
[2025-05-09T15:50:09.505+0000] {logging_mixin.py:188} INFO - [2025-05-09T15:50:09.505+0000] {dagbag.py:545} INFO - Filling up the DagBag from /opt/airflow/dags/Pipeline_with_airflow.py
[2025-05-09T15:50:09.894+0000] {processor.py:840} INFO - DAG(s) 'weather_data_pipeline' retrieved from /opt/airflow/dags/Pipeline_with_airflow.py
[2025-05-09T15:50:09.917+0000] {logging_mixin.py:188} INFO - [2025-05-09T15:50:09.916+0000] {dag.py:3096} INFO - Sync 1 DAGs
[2025-05-09T15:50:10.076+0000] {logging_mixin.py:188} INFO - [2025-05-09T15:50:10.076+0000] {dag.py:3954} INFO - Setting next_dagrun for weather_data_pipeline to 2025-05-09 15:50:00+00:00, run_after=2025-05-09 15:51:00+00:00
[2025-05-09T15:50:10.113+0000] {processor.py:183} INFO - Processing /opt/airflow/dags/Pipeline_with_airflow.py took 0.620 seconds
[2025-05-09T15:50:40.378+0000] {processor.py:161} INFO - Started process (PID=7624) to work on /opt/airflow/dags/Pipeline_with_airflow.py
[2025-05-09T15:50:40.380+0000] {processor.py:830} INFO - Processing file /opt/airflow/dags/Pipeline_with_airflow.py for tasks to queue
[2025-05-09T15:50:40.383+0000] {logging_mixin.py:188} INFO - [2025-05-09T15:50:40.382+0000] {dagbag.py:545} INFO - Filling up the DagBag from /opt/airflow/dags/Pipeline_with_airflow.py
[2025-05-09T15:50:40.706+0000] {processor.py:840} INFO - DAG(s) 'weather_data_pipeline' retrieved from /opt/airflow/dags/Pipeline_with_airflow.py
[2025-05-09T15:50:40.739+0000] {logging_mixin.py:188} INFO - [2025-05-09T15:50:40.733+0000] {dag.py:3096} INFO - Sync 1 DAGs
[2025-05-09T15:50:40.769+0000] {logging_mixin.py:188} INFO - [2025-05-09T15:50:40.769+0000] {dag.py:3954} INFO - Setting next_dagrun for weather_data_pipeline to 2025-05-09 15:50:00+00:00, run_after=2025-05-09 15:51:00+00:00
[2025-05-09T15:50:40.794+0000] {processor.py:183} INFO - Processing /opt/airflow/dags/Pipeline_with_airflow.py took 0.425 seconds
[2025-05-09T15:51:10.917+0000] {processor.py:161} INFO - Started process (PID=7895) to work on /opt/airflow/dags/Pipeline_with_airflow.py
[2025-05-09T15:51:10.918+0000] {processor.py:830} INFO - Processing file /opt/airflow/dags/Pipeline_with_airflow.py for tasks to queue
[2025-05-09T15:51:10.920+0000] {logging_mixin.py:188} INFO - [2025-05-09T15:51:10.920+0000] {dagbag.py:545} INFO - Filling up the DagBag from /opt/airflow/dags/Pipeline_with_airflow.py
[2025-05-09T15:51:11.252+0000] {processor.py:840} INFO - DAG(s) 'weather_data_pipeline' retrieved from /opt/airflow/dags/Pipeline_with_airflow.py
[2025-05-09T15:51:11.441+0000] {logging_mixin.py:188} INFO - [2025-05-09T15:51:11.440+0000] {dag.py:3096} INFO - Sync 1 DAGs
[2025-05-09T15:51:11.467+0000] {logging_mixin.py:188} INFO - [2025-05-09T15:51:11.466+0000] {dag.py:3954} INFO - Setting next_dagrun for weather_data_pipeline to 2025-05-09 15:51:00+00:00, run_after=2025-05-09 15:52:00+00:00
[2025-05-09T15:51:11.510+0000] {processor.py:183} INFO - Processing /opt/airflow/dags/Pipeline_with_airflow.py took 0.600 seconds
[2025-05-09T15:51:42.282+0000] {processor.py:161} INFO - Started process (PID=8157) to work on /opt/airflow/dags/Pipeline_with_airflow.py
[2025-05-09T15:51:42.284+0000] {processor.py:830} INFO - Processing file /opt/airflow/dags/Pipeline_with_airflow.py for tasks to queue
[2025-05-09T15:51:42.287+0000] {logging_mixin.py:188} INFO - [2025-05-09T15:51:42.287+0000] {dagbag.py:545} INFO - Filling up the DagBag from /opt/airflow/dags/Pipeline_with_airflow.py
[2025-05-09T15:51:42.571+0000] {processor.py:840} INFO - DAG(s) 'weather_data_pipeline' retrieved from /opt/airflow/dags/Pipeline_with_airflow.py
[2025-05-09T15:51:42.696+0000] {logging_mixin.py:188} INFO - [2025-05-09T15:51:42.590+0000] {dag.py:3096} INFO - Sync 1 DAGs
[2025-05-09T15:51:42.716+0000] {logging_mixin.py:188} INFO - [2025-05-09T15:51:42.716+0000] {dag.py:3954} INFO - Setting next_dagrun for weather_data_pipeline to 2025-05-09 15:51:00+00:00, run_after=2025-05-09 15:52:00+00:00
[2025-05-09T15:51:42.746+0000] {processor.py:183} INFO - Processing /opt/airflow/dags/Pipeline_with_airflow.py took 0.469 seconds
[2025-05-09T15:52:12.909+0000] {processor.py:161} INFO - Started process (PID=8425) to work on /opt/airflow/dags/Pipeline_with_airflow.py
[2025-05-09T15:52:12.911+0000] {processor.py:830} INFO - Processing file /opt/airflow/dags/Pipeline_with_airflow.py for tasks to queue
[2025-05-09T15:52:12.915+0000] {logging_mixin.py:188} INFO - [2025-05-09T15:52:12.915+0000] {dagbag.py:545} INFO - Filling up the DagBag from /opt/airflow/dags/Pipeline_with_airflow.py
[2025-05-09T15:52:13.259+0000] {processor.py:840} INFO - DAG(s) 'weather_data_pipeline' retrieved from /opt/airflow/dags/Pipeline_with_airflow.py
[2025-05-09T15:52:13.299+0000] {logging_mixin.py:188} INFO - [2025-05-09T15:52:13.298+0000] {dag.py:3096} INFO - Sync 1 DAGs
[2025-05-09T15:52:13.463+0000] {logging_mixin.py:188} INFO - [2025-05-09T15:52:13.463+0000] {dag.py:3954} INFO - Setting next_dagrun for weather_data_pipeline to 2025-05-09 15:52:00+00:00, run_after=2025-05-09 15:53:00+00:00
[2025-05-09T15:52:13.486+0000] {processor.py:183} INFO - Processing /opt/airflow/dags/Pipeline_with_airflow.py took 0.585 seconds
[2025-05-09T15:52:44.028+0000] {processor.py:161} INFO - Started process (PID=8687) to work on /opt/airflow/dags/Pipeline_with_airflow.py
[2025-05-09T15:52:44.030+0000] {processor.py:830} INFO - Processing file /opt/airflow/dags/Pipeline_with_airflow.py for tasks to queue
[2025-05-09T15:52:44.033+0000] {logging_mixin.py:188} INFO - [2025-05-09T15:52:44.032+0000] {dagbag.py:545} INFO - Filling up the DagBag from /opt/airflow/dags/Pipeline_with_airflow.py
[2025-05-09T15:52:44.414+0000] {processor.py:840} INFO - DAG(s) 'weather_data_pipeline' retrieved from /opt/airflow/dags/Pipeline_with_airflow.py
[2025-05-09T15:52:44.433+0000] {logging_mixin.py:188} INFO - [2025-05-09T15:52:44.433+0000] {dag.py:3096} INFO - Sync 1 DAGs
[2025-05-09T15:52:44.452+0000] {logging_mixin.py:188} INFO - [2025-05-09T15:52:44.452+0000] {dag.py:3954} INFO - Setting next_dagrun for weather_data_pipeline to 2025-05-09 15:52:00+00:00, run_after=2025-05-09 15:53:00+00:00
[2025-05-09T15:52:44.477+0000] {processor.py:183} INFO - Processing /opt/airflow/dags/Pipeline_with_airflow.py took 0.455 seconds
[2025-05-09T15:53:14.545+0000] {processor.py:161} INFO - Started process (PID=8958) to work on /opt/airflow/dags/Pipeline_with_airflow.py
[2025-05-09T15:53:14.546+0000] {processor.py:830} INFO - Processing file /opt/airflow/dags/Pipeline_with_airflow.py for tasks to queue
[2025-05-09T15:53:14.548+0000] {logging_mixin.py:188} INFO - [2025-05-09T15:53:14.548+0000] {dagbag.py:545} INFO - Filling up the DagBag from /opt/airflow/dags/Pipeline_with_airflow.py
[2025-05-09T15:53:14.918+0000] {processor.py:840} INFO - DAG(s) 'weather_data_pipeline' retrieved from /opt/airflow/dags/Pipeline_with_airflow.py
[2025-05-09T15:53:14.934+0000] {logging_mixin.py:188} INFO - [2025-05-09T15:53:14.934+0000] {dag.py:3096} INFO - Sync 1 DAGs
[2025-05-09T15:53:14.949+0000] {logging_mixin.py:188} INFO - [2025-05-09T15:53:14.949+0000] {dag.py:3954} INFO - Setting next_dagrun for weather_data_pipeline to 2025-05-09 15:53:00+00:00, run_after=2025-05-09 15:54:00+00:00
[2025-05-09T15:53:14.970+0000] {processor.py:183} INFO - Processing /opt/airflow/dags/Pipeline_with_airflow.py took 0.431 seconds
[2025-05-09T15:53:45.210+0000] {processor.py:161} INFO - Started process (PID=9220) to work on /opt/airflow/dags/Pipeline_with_airflow.py
[2025-05-09T15:53:45.212+0000] {processor.py:830} INFO - Processing file /opt/airflow/dags/Pipeline_with_airflow.py for tasks to queue
[2025-05-09T15:53:45.215+0000] {logging_mixin.py:188} INFO - [2025-05-09T15:53:45.214+0000] {dagbag.py:545} INFO - Filling up the DagBag from /opt/airflow/dags/Pipeline_with_airflow.py
[2025-05-09T15:53:45.649+0000] {processor.py:840} INFO - DAG(s) 'weather_data_pipeline' retrieved from /opt/airflow/dags/Pipeline_with_airflow.py
[2025-05-09T15:53:45.667+0000] {logging_mixin.py:188} INFO - [2025-05-09T15:53:45.666+0000] {dag.py:3096} INFO - Sync 1 DAGs
[2025-05-09T15:53:45.690+0000] {logging_mixin.py:188} INFO - [2025-05-09T15:53:45.690+0000] {dag.py:3954} INFO - Setting next_dagrun for weather_data_pipeline to 2025-05-09 15:53:00+00:00, run_after=2025-05-09 15:54:00+00:00
[2025-05-09T15:53:45.711+0000] {processor.py:183} INFO - Processing /opt/airflow/dags/Pipeline_with_airflow.py took 0.506 seconds
[2025-05-09T15:54:16.082+0000] {processor.py:161} INFO - Started process (PID=9503) to work on /opt/airflow/dags/Pipeline_with_airflow.py
[2025-05-09T15:54:16.084+0000] {processor.py:830} INFO - Processing file /opt/airflow/dags/Pipeline_with_airflow.py for tasks to queue
[2025-05-09T15:54:16.086+0000] {logging_mixin.py:188} INFO - [2025-05-09T15:54:16.086+0000] {dagbag.py:545} INFO - Filling up the DagBag from /opt/airflow/dags/Pipeline_with_airflow.py
[2025-05-09T15:54:16.463+0000] {processor.py:840} INFO - DAG(s) 'weather_data_pipeline' retrieved from /opt/airflow/dags/Pipeline_with_airflow.py
[2025-05-09T15:54:16.481+0000] {logging_mixin.py:188} INFO - [2025-05-09T15:54:16.481+0000] {dag.py:3096} INFO - Sync 1 DAGs
[2025-05-09T15:54:16.497+0000] {logging_mixin.py:188} INFO - [2025-05-09T15:54:16.497+0000] {dag.py:3954} INFO - Setting next_dagrun for weather_data_pipeline to 2025-05-09 15:54:00+00:00, run_after=2025-05-09 15:55:00+00:00
[2025-05-09T15:54:16.530+0000] {processor.py:183} INFO - Processing /opt/airflow/dags/Pipeline_with_airflow.py took 0.454 seconds
[2025-05-09T15:54:46.743+0000] {processor.py:161} INFO - Started process (PID=9768) to work on /opt/airflow/dags/Pipeline_with_airflow.py
[2025-05-09T15:54:46.744+0000] {processor.py:830} INFO - Processing file /opt/airflow/dags/Pipeline_with_airflow.py for tasks to queue
[2025-05-09T15:54:46.747+0000] {logging_mixin.py:188} INFO - [2025-05-09T15:54:46.746+0000] {dagbag.py:545} INFO - Filling up the DagBag from /opt/airflow/dags/Pipeline_with_airflow.py
[2025-05-09T15:54:47.105+0000] {processor.py:840} INFO - DAG(s) 'weather_data_pipeline' retrieved from /opt/airflow/dags/Pipeline_with_airflow.py
[2025-05-09T15:54:47.126+0000] {logging_mixin.py:188} INFO - [2025-05-09T15:54:47.125+0000] {dag.py:3096} INFO - Sync 1 DAGs
[2025-05-09T15:54:47.145+0000] {logging_mixin.py:188} INFO - [2025-05-09T15:54:47.145+0000] {dag.py:3954} INFO - Setting next_dagrun for weather_data_pipeline to 2025-05-09 15:54:00+00:00, run_after=2025-05-09 15:55:00+00:00
[2025-05-09T15:54:47.168+0000] {processor.py:183} INFO - Processing /opt/airflow/dags/Pipeline_with_airflow.py took 0.431 seconds
[2025-05-09T15:55:17.225+0000] {processor.py:161} INFO - Started process (PID=10039) to work on /opt/airflow/dags/Pipeline_with_airflow.py
[2025-05-09T15:55:17.227+0000] {processor.py:830} INFO - Processing file /opt/airflow/dags/Pipeline_with_airflow.py for tasks to queue
[2025-05-09T15:55:17.229+0000] {logging_mixin.py:188} INFO - [2025-05-09T15:55:17.229+0000] {dagbag.py:545} INFO - Filling up the DagBag from /opt/airflow/dags/Pipeline_with_airflow.py
[2025-05-09T15:55:17.589+0000] {processor.py:840} INFO - DAG(s) 'weather_data_pipeline' retrieved from /opt/airflow/dags/Pipeline_with_airflow.py
[2025-05-09T15:55:17.606+0000] {logging_mixin.py:188} INFO - [2025-05-09T15:55:17.605+0000] {dag.py:3096} INFO - Sync 1 DAGs
[2025-05-09T15:55:17.626+0000] {logging_mixin.py:188} INFO - [2025-05-09T15:55:17.625+0000] {dag.py:3954} INFO - Setting next_dagrun for weather_data_pipeline to 2025-05-09 15:55:00+00:00, run_after=2025-05-09 15:56:00+00:00
[2025-05-09T15:55:17.645+0000] {processor.py:183} INFO - Processing /opt/airflow/dags/Pipeline_with_airflow.py took 0.425 seconds
[2025-05-09T15:55:47.907+0000] {processor.py:161} INFO - Started process (PID=10301) to work on /opt/airflow/dags/Pipeline_with_airflow.py
[2025-05-09T15:55:47.909+0000] {processor.py:830} INFO - Processing file /opt/airflow/dags/Pipeline_with_airflow.py for tasks to queue
[2025-05-09T15:55:47.911+0000] {logging_mixin.py:188} INFO - [2025-05-09T15:55:47.911+0000] {dagbag.py:545} INFO - Filling up the DagBag from /opt/airflow/dags/Pipeline_with_airflow.py
[2025-05-09T15:55:48.348+0000] {processor.py:840} INFO - DAG(s) 'weather_data_pipeline' retrieved from /opt/airflow/dags/Pipeline_with_airflow.py
[2025-05-09T15:55:48.366+0000] {logging_mixin.py:188} INFO - [2025-05-09T15:55:48.366+0000] {dag.py:3096} INFO - Sync 1 DAGs
[2025-05-09T15:55:48.384+0000] {logging_mixin.py:188} INFO - [2025-05-09T15:55:48.384+0000] {dag.py:3954} INFO - Setting next_dagrun for weather_data_pipeline to 2025-05-09 15:55:00+00:00, run_after=2025-05-09 15:56:00+00:00
[2025-05-09T15:55:48.402+0000] {processor.py:183} INFO - Processing /opt/airflow/dags/Pipeline_with_airflow.py took 0.503 seconds
[2025-05-09T15:56:18.616+0000] {processor.py:161} INFO - Started process (PID=10572) to work on /opt/airflow/dags/Pipeline_with_airflow.py
[2025-05-09T15:56:18.617+0000] {processor.py:830} INFO - Processing file /opt/airflow/dags/Pipeline_with_airflow.py for tasks to queue
[2025-05-09T15:56:18.619+0000] {logging_mixin.py:188} INFO - [2025-05-09T15:56:18.619+0000] {dagbag.py:545} INFO - Filling up the DagBag from /opt/airflow/dags/Pipeline_with_airflow.py
[2025-05-09T15:56:18.985+0000] {processor.py:840} INFO - DAG(s) 'weather_data_pipeline' retrieved from /opt/airflow/dags/Pipeline_with_airflow.py
[2025-05-09T15:56:19.000+0000] {logging_mixin.py:188} INFO - [2025-05-09T15:56:19.000+0000] {dag.py:3096} INFO - Sync 1 DAGs
[2025-05-09T15:56:19.015+0000] {logging_mixin.py:188} INFO - [2025-05-09T15:56:19.015+0000] {dag.py:3954} INFO - Setting next_dagrun for weather_data_pipeline to 2025-05-09 15:56:00+00:00, run_after=2025-05-09 15:57:00+00:00
[2025-05-09T15:56:19.036+0000] {processor.py:183} INFO - Processing /opt/airflow/dags/Pipeline_with_airflow.py took 0.426 seconds
[2025-05-09T15:56:49.148+0000] {processor.py:161} INFO - Started process (PID=10834) to work on /opt/airflow/dags/Pipeline_with_airflow.py
[2025-05-09T15:56:49.150+0000] {processor.py:830} INFO - Processing file /opt/airflow/dags/Pipeline_with_airflow.py for tasks to queue
[2025-05-09T15:56:49.152+0000] {logging_mixin.py:188} INFO - [2025-05-09T15:56:49.152+0000] {dagbag.py:545} INFO - Filling up the DagBag from /opt/airflow/dags/Pipeline_with_airflow.py
[2025-05-09T15:56:49.559+0000] {processor.py:840} INFO - DAG(s) 'weather_data_pipeline' retrieved from /opt/airflow/dags/Pipeline_with_airflow.py
[2025-05-09T15:56:49.579+0000] {logging_mixin.py:188} INFO - [2025-05-09T15:56:49.579+0000] {dag.py:3096} INFO - Sync 1 DAGs
[2025-05-09T15:56:49.596+0000] {logging_mixin.py:188} INFO - [2025-05-09T15:56:49.596+0000] {dag.py:3954} INFO - Setting next_dagrun for weather_data_pipeline to 2025-05-09 15:56:00+00:00, run_after=2025-05-09 15:57:00+00:00
[2025-05-09T15:56:49.622+0000] {processor.py:183} INFO - Processing /opt/airflow/dags/Pipeline_with_airflow.py took 0.480 seconds
[2025-05-09T15:57:19.825+0000] {processor.py:161} INFO - Started process (PID=11105) to work on /opt/airflow/dags/Pipeline_with_airflow.py
[2025-05-09T15:57:19.827+0000] {processor.py:830} INFO - Processing file /opt/airflow/dags/Pipeline_with_airflow.py for tasks to queue
[2025-05-09T15:57:19.828+0000] {logging_mixin.py:188} INFO - [2025-05-09T15:57:19.828+0000] {dagbag.py:545} INFO - Filling up the DagBag from /opt/airflow/dags/Pipeline_with_airflow.py
[2025-05-09T15:57:20.251+0000] {processor.py:840} INFO - DAG(s) 'weather_data_pipeline' retrieved from /opt/airflow/dags/Pipeline_with_airflow.py
[2025-05-09T15:57:20.273+0000] {logging_mixin.py:188} INFO - [2025-05-09T15:57:20.272+0000] {dag.py:3096} INFO - Sync 1 DAGs
[2025-05-09T15:57:20.293+0000] {logging_mixin.py:188} INFO - [2025-05-09T15:57:20.293+0000] {dag.py:3954} INFO - Setting next_dagrun for weather_data_pipeline to 2025-05-09 15:57:00+00:00, run_after=2025-05-09 15:58:00+00:00
[2025-05-09T15:57:20.317+0000] {processor.py:183} INFO - Processing /opt/airflow/dags/Pipeline_with_airflow.py took 0.498 seconds
[2025-05-09T15:57:50.730+0000] {processor.py:161} INFO - Started process (PID=11367) to work on /opt/airflow/dags/Pipeline_with_airflow.py
[2025-05-09T15:57:50.732+0000] {processor.py:830} INFO - Processing file /opt/airflow/dags/Pipeline_with_airflow.py for tasks to queue
[2025-05-09T15:57:50.734+0000] {logging_mixin.py:188} INFO - [2025-05-09T15:57:50.734+0000] {dagbag.py:545} INFO - Filling up the DagBag from /opt/airflow/dags/Pipeline_with_airflow.py
[2025-05-09T15:57:51.078+0000] {processor.py:840} INFO - DAG(s) 'weather_data_pipeline' retrieved from /opt/airflow/dags/Pipeline_with_airflow.py
[2025-05-09T15:57:51.095+0000] {logging_mixin.py:188} INFO - [2025-05-09T15:57:51.094+0000] {dag.py:3096} INFO - Sync 1 DAGs
[2025-05-09T15:57:51.114+0000] {logging_mixin.py:188} INFO - [2025-05-09T15:57:51.114+0000] {dag.py:3954} INFO - Setting next_dagrun for weather_data_pipeline to 2025-05-09 15:57:00+00:00, run_after=2025-05-09 15:58:00+00:00
[2025-05-09T15:57:51.140+0000] {processor.py:183} INFO - Processing /opt/airflow/dags/Pipeline_with_airflow.py took 0.415 seconds
[2025-05-09T15:58:21.585+0000] {processor.py:161} INFO - Started process (PID=11638) to work on /opt/airflow/dags/Pipeline_with_airflow.py
[2025-05-09T15:58:21.587+0000] {processor.py:830} INFO - Processing file /opt/airflow/dags/Pipeline_with_airflow.py for tasks to queue
[2025-05-09T15:58:21.588+0000] {logging_mixin.py:188} INFO - [2025-05-09T15:58:21.588+0000] {dagbag.py:545} INFO - Filling up the DagBag from /opt/airflow/dags/Pipeline_with_airflow.py
[2025-05-09T15:58:21.937+0000] {processor.py:840} INFO - DAG(s) 'weather_data_pipeline' retrieved from /opt/airflow/dags/Pipeline_with_airflow.py
[2025-05-09T15:58:21.953+0000] {logging_mixin.py:188} INFO - [2025-05-09T15:58:21.953+0000] {dag.py:3096} INFO - Sync 1 DAGs
[2025-05-09T15:58:21.969+0000] {logging_mixin.py:188} INFO - [2025-05-09T15:58:21.968+0000] {dag.py:3954} INFO - Setting next_dagrun for weather_data_pipeline to 2025-05-09 15:58:00+00:00, run_after=2025-05-09 15:59:00+00:00
[2025-05-09T15:58:21.991+0000] {processor.py:183} INFO - Processing /opt/airflow/dags/Pipeline_with_airflow.py took 0.411 seconds
[2025-05-09T15:58:52.585+0000] {processor.py:161} INFO - Started process (PID=11900) to work on /opt/airflow/dags/Pipeline_with_airflow.py
[2025-05-09T15:58:52.587+0000] {processor.py:830} INFO - Processing file /opt/airflow/dags/Pipeline_with_airflow.py for tasks to queue
[2025-05-09T15:58:52.588+0000] {logging_mixin.py:188} INFO - [2025-05-09T15:58:52.588+0000] {dagbag.py:545} INFO - Filling up the DagBag from /opt/airflow/dags/Pipeline_with_airflow.py
[2025-05-09T15:58:52.988+0000] {processor.py:840} INFO - DAG(s) 'weather_data_pipeline' retrieved from /opt/airflow/dags/Pipeline_with_airflow.py
[2025-05-09T15:58:53.007+0000] {logging_mixin.py:188} INFO - [2025-05-09T15:58:53.006+0000] {dag.py:3096} INFO - Sync 1 DAGs
[2025-05-09T15:58:53.025+0000] {logging_mixin.py:188} INFO - [2025-05-09T15:58:53.025+0000] {dag.py:3954} INFO - Setting next_dagrun for weather_data_pipeline to 2025-05-09 15:58:00+00:00, run_after=2025-05-09 15:59:00+00:00
[2025-05-09T15:58:53.049+0000] {processor.py:183} INFO - Processing /opt/airflow/dags/Pipeline_with_airflow.py took 0.472 seconds
[2025-05-09T15:59:23.221+0000] {processor.py:161} INFO - Started process (PID=12171) to work on /opt/airflow/dags/Pipeline_with_airflow.py
[2025-05-09T15:59:23.223+0000] {processor.py:830} INFO - Processing file /opt/airflow/dags/Pipeline_with_airflow.py for tasks to queue
[2025-05-09T15:59:23.225+0000] {logging_mixin.py:188} INFO - [2025-05-09T15:59:23.225+0000] {dagbag.py:545} INFO - Filling up the DagBag from /opt/airflow/dags/Pipeline_with_airflow.py
[2025-05-09T15:59:23.619+0000] {processor.py:840} INFO - DAG(s) 'weather_data_pipeline' retrieved from /opt/airflow/dags/Pipeline_with_airflow.py
[2025-05-09T15:59:23.643+0000] {logging_mixin.py:188} INFO - [2025-05-09T15:59:23.643+0000] {dag.py:3096} INFO - Sync 1 DAGs
[2025-05-09T15:59:23.672+0000] {logging_mixin.py:188} INFO - [2025-05-09T15:59:23.671+0000] {dag.py:3954} INFO - Setting next_dagrun for weather_data_pipeline to 2025-05-09 15:59:00+00:00, run_after=2025-05-09 16:00:00+00:00
[2025-05-09T15:59:23.693+0000] {processor.py:183} INFO - Processing /opt/airflow/dags/Pipeline_with_airflow.py took 0.478 seconds
[2025-05-09T15:59:50.182+0000] {processor.py:161} INFO - Started process (PID=12427) to work on /opt/airflow/dags/Pipeline_with_airflow.py
[2025-05-09T15:59:50.183+0000] {processor.py:830} INFO - Processing file /opt/airflow/dags/Pipeline_with_airflow.py for tasks to queue
[2025-05-09T15:59:50.185+0000] {logging_mixin.py:188} INFO - [2025-05-09T15:59:50.185+0000] {dagbag.py:545} INFO - Filling up the DagBag from /opt/airflow/dags/Pipeline_with_airflow.py
[2025-05-09T15:59:50.216+0000] {logging_mixin.py:188} INFO - [2025-05-09T15:59:50.215+0000] {dagbag.py:355} ERROR - Failed to import: /opt/airflow/dags/Pipeline_with_airflow.py
Traceback (most recent call last):
  File "/home/airflow/.local/lib/python3.10/site-packages/airflow/models/dagbag.py", line 351, in parse
    loader.exec_module(new_module)
  File "<frozen importlib._bootstrap_external>", line 879, in exec_module
  File "<frozen importlib._bootstrap_external>", line 1017, in get_code
  File "<frozen importlib._bootstrap_external>", line 947, in source_to_code
  File "<frozen importlib._bootstrap>", line 241, in _call_with_frames_removed
  File "/opt/airflow/dags/Pipeline_with_airflow.py", line 109
    )
    ^
SyntaxError: positional argument follows keyword argument
[2025-05-09T15:59:50.217+0000] {processor.py:842} WARNING - No viable dags retrieved from /opt/airflow/dags/Pipeline_with_airflow.py
[2025-05-09T15:59:50.248+0000] {processor.py:183} INFO - Processing /opt/airflow/dags/Pipeline_with_airflow.py took 0.072 seconds
[2025-05-09T15:59:53.369+0000] {processor.py:161} INFO - Started process (PID=12438) to work on /opt/airflow/dags/Pipeline_with_airflow.py
[2025-05-09T15:59:53.370+0000] {processor.py:830} INFO - Processing file /opt/airflow/dags/Pipeline_with_airflow.py for tasks to queue
[2025-05-09T15:59:53.372+0000] {logging_mixin.py:188} INFO - [2025-05-09T15:59:53.372+0000] {dagbag.py:545} INFO - Filling up the DagBag from /opt/airflow/dags/Pipeline_with_airflow.py
[2025-05-09T15:59:53.387+0000] {logging_mixin.py:188} INFO - [2025-05-09T15:59:53.386+0000] {dagbag.py:355} ERROR - Failed to import: /opt/airflow/dags/Pipeline_with_airflow.py
Traceback (most recent call last):
  File "/home/airflow/.local/lib/python3.10/site-packages/airflow/models/dagbag.py", line 351, in parse
    loader.exec_module(new_module)
  File "<frozen importlib._bootstrap_external>", line 879, in exec_module
  File "<frozen importlib._bootstrap_external>", line 1017, in get_code
  File "<frozen importlib._bootstrap_external>", line 947, in source_to_code
  File "<frozen importlib._bootstrap>", line 241, in _call_with_frames_removed
  File "/opt/airflow/dags/Pipeline_with_airflow.py", line 109
    )
    ^
SyntaxError: positional argument follows keyword argument
[2025-05-09T15:59:53.387+0000] {processor.py:842} WARNING - No viable dags retrieved from /opt/airflow/dags/Pipeline_with_airflow.py
[2025-05-09T15:59:53.403+0000] {processor.py:183} INFO - Processing /opt/airflow/dags/Pipeline_with_airflow.py took 0.040 seconds
[2025-05-09T15:59:56.596+0000] {processor.py:161} INFO - Started process (PID=12453) to work on /opt/airflow/dags/Pipeline_with_airflow.py
[2025-05-09T15:59:56.597+0000] {processor.py:830} INFO - Processing file /opt/airflow/dags/Pipeline_with_airflow.py for tasks to queue
[2025-05-09T15:59:56.599+0000] {logging_mixin.py:188} INFO - [2025-05-09T15:59:56.599+0000] {dagbag.py:545} INFO - Filling up the DagBag from /opt/airflow/dags/Pipeline_with_airflow.py
[2025-05-09T15:59:56.619+0000] {logging_mixin.py:188} INFO - [2025-05-09T15:59:56.618+0000] {dagbag.py:355} ERROR - Failed to import: /opt/airflow/dags/Pipeline_with_airflow.py
Traceback (most recent call last):
  File "/home/airflow/.local/lib/python3.10/site-packages/airflow/models/dagbag.py", line 351, in parse
    loader.exec_module(new_module)
  File "<frozen importlib._bootstrap_external>", line 879, in exec_module
  File "<frozen importlib._bootstrap_external>", line 1017, in get_code
  File "<frozen importlib._bootstrap_external>", line 947, in source_to_code
  File "<frozen importlib._bootstrap>", line 241, in _call_with_frames_removed
  File "/opt/airflow/dags/Pipeline_with_airflow.py", line 109
    )
    ^
SyntaxError: positional argument follows keyword argument
[2025-05-09T15:59:56.620+0000] {processor.py:842} WARNING - No viable dags retrieved from /opt/airflow/dags/Pipeline_with_airflow.py
[2025-05-09T15:59:56.640+0000] {processor.py:183} INFO - Processing /opt/airflow/dags/Pipeline_with_airflow.py took 0.050 seconds
[2025-05-09T15:59:57.869+0000] {processor.py:161} INFO - Started process (PID=12468) to work on /opt/airflow/dags/Pipeline_with_airflow.py
[2025-05-09T15:59:57.871+0000] {processor.py:830} INFO - Processing file /opt/airflow/dags/Pipeline_with_airflow.py for tasks to queue
[2025-05-09T15:59:57.874+0000] {logging_mixin.py:188} INFO - [2025-05-09T15:59:57.873+0000] {dagbag.py:545} INFO - Filling up the DagBag from /opt/airflow/dags/Pipeline_with_airflow.py
[2025-05-09T15:59:58.323+0000] {logging_mixin.py:188} INFO - [2025-05-09T15:59:58.315+0000] {dagbag.py:355} ERROR - Failed to import: /opt/airflow/dags/Pipeline_with_airflow.py
Traceback (most recent call last):
  File "/home/airflow/.local/lib/python3.10/site-packages/airflow/models/dagbag.py", line 351, in parse
    loader.exec_module(new_module)
  File "<frozen importlib._bootstrap_external>", line 883, in exec_module
  File "<frozen importlib._bootstrap>", line 241, in _call_with_frames_removed
  File "/opt/airflow/dags/Pipeline_with_airflow.py", line 103, in <module>
    transform_task = PythonOperator(
  File "/home/airflow/.local/lib/python3.10/site-packages/airflow/models/baseoperator.py", line 484, in apply_defaults
    result = func(self, **kwargs, default_args=default_args)
  File "/home/airflow/.local/lib/python3.10/site-packages/airflow/operators/python.py", line 220, in __init__
    super().__init__(**kwargs)
  File "/home/airflow/.local/lib/python3.10/site-packages/airflow/models/baseoperator.py", line 484, in apply_defaults
    result = func(self, **kwargs, default_args=default_args)
  File "/home/airflow/.local/lib/python3.10/site-packages/airflow/models/baseoperator.py", line 881, in __init__
    raise AirflowException(
airflow.exceptions.AirflowException: Invalid arguments were passed to PythonOperator (task_id: transform_data). Invalid arguments were:
**kwargs: {'provides_context': True}
[2025-05-09T15:59:58.325+0000] {processor.py:842} WARNING - No viable dags retrieved from /opt/airflow/dags/Pipeline_with_airflow.py
[2025-05-09T15:59:58.341+0000] {processor.py:183} INFO - Processing /opt/airflow/dags/Pipeline_with_airflow.py took 0.479 seconds
[2025-05-09T15:59:59.501+0000] {processor.py:161} INFO - Started process (PID=12504) to work on /opt/airflow/dags/Pipeline_with_airflow.py
[2025-05-09T15:59:59.502+0000] {processor.py:830} INFO - Processing file /opt/airflow/dags/Pipeline_with_airflow.py for tasks to queue
[2025-05-09T15:59:59.504+0000] {logging_mixin.py:188} INFO - [2025-05-09T15:59:59.503+0000] {dagbag.py:545} INFO - Filling up the DagBag from /opt/airflow/dags/Pipeline_with_airflow.py
[2025-05-09T15:59:59.919+0000] {logging_mixin.py:188} INFO - [2025-05-09T15:59:59.909+0000] {dagbag.py:355} ERROR - Failed to import: /opt/airflow/dags/Pipeline_with_airflow.py
Traceback (most recent call last):
  File "/home/airflow/.local/lib/python3.10/site-packages/airflow/models/dagbag.py", line 351, in parse
    loader.exec_module(new_module)
  File "<frozen importlib._bootstrap_external>", line 883, in exec_module
  File "<frozen importlib._bootstrap>", line 241, in _call_with_frames_removed
  File "/opt/airflow/dags/Pipeline_with_airflow.py", line 103, in <module>
    transform_task = PythonOperator(
  File "/home/airflow/.local/lib/python3.10/site-packages/airflow/models/baseoperator.py", line 484, in apply_defaults
    result = func(self, **kwargs, default_args=default_args)
  File "/home/airflow/.local/lib/python3.10/site-packages/airflow/operators/python.py", line 220, in __init__
    super().__init__(**kwargs)
  File "/home/airflow/.local/lib/python3.10/site-packages/airflow/models/baseoperator.py", line 484, in apply_defaults
    result = func(self, **kwargs, default_args=default_args)
  File "/home/airflow/.local/lib/python3.10/site-packages/airflow/models/baseoperator.py", line 881, in __init__
    raise AirflowException(
airflow.exceptions.AirflowException: Invalid arguments were passed to PythonOperator (task_id: transform_data). Invalid arguments were:
**kwargs: {'provides_context': True}
[2025-05-09T15:59:59.920+0000] {processor.py:842} WARNING - No viable dags retrieved from /opt/airflow/dags/Pipeline_with_airflow.py
[2025-05-09T15:59:59.943+0000] {processor.py:183} INFO - Processing /opt/airflow/dags/Pipeline_with_airflow.py took 0.448 seconds
[2025-05-09T16:00:04.049+0000] {processor.py:161} INFO - Started process (PID=12550) to work on /opt/airflow/dags/Pipeline_with_airflow.py
[2025-05-09T16:00:04.051+0000] {processor.py:830} INFO - Processing file /opt/airflow/dags/Pipeline_with_airflow.py for tasks to queue
[2025-05-09T16:00:04.056+0000] {logging_mixin.py:188} INFO - [2025-05-09T16:00:04.055+0000] {dagbag.py:545} INFO - Filling up the DagBag from /opt/airflow/dags/Pipeline_with_airflow.py
[2025-05-09T16:00:04.753+0000] {logging_mixin.py:188} INFO - [2025-05-09T16:00:04.742+0000] {dagbag.py:355} ERROR - Failed to import: /opt/airflow/dags/Pipeline_with_airflow.py
Traceback (most recent call last):
  File "/home/airflow/.local/lib/python3.10/site-packages/airflow/models/dagbag.py", line 351, in parse
    loader.exec_module(new_module)
  File "<frozen importlib._bootstrap_external>", line 883, in exec_module
  File "<frozen importlib._bootstrap>", line 241, in _call_with_frames_removed
  File "/opt/airflow/dags/Pipeline_with_airflow.py", line 103, in <module>
    transform_task = PythonOperator(
  File "/home/airflow/.local/lib/python3.10/site-packages/airflow/models/baseoperator.py", line 484, in apply_defaults
    result = func(self, **kwargs, default_args=default_args)
  File "/home/airflow/.local/lib/python3.10/site-packages/airflow/operators/python.py", line 220, in __init__
    super().__init__(**kwargs)
  File "/home/airflow/.local/lib/python3.10/site-packages/airflow/models/baseoperator.py", line 484, in apply_defaults
    result = func(self, **kwargs, default_args=default_args)
  File "/home/airflow/.local/lib/python3.10/site-packages/airflow/models/baseoperator.py", line 881, in __init__
    raise AirflowException(
airflow.exceptions.AirflowException: Invalid arguments were passed to PythonOperator (task_id: transform_data). Invalid arguments were:
**kwargs: {'provides_context': True}
[2025-05-09T16:00:04.754+0000] {processor.py:842} WARNING - No viable dags retrieved from /opt/airflow/dags/Pipeline_with_airflow.py
[2025-05-09T16:00:04.789+0000] {processor.py:183} INFO - Processing /opt/airflow/dags/Pipeline_with_airflow.py took 0.748 seconds
[2025-05-09T16:00:06.259+0000] {processor.py:161} INFO - Started process (PID=12593) to work on /opt/airflow/dags/Pipeline_with_airflow.py
[2025-05-09T16:00:06.260+0000] {processor.py:830} INFO - Processing file /opt/airflow/dags/Pipeline_with_airflow.py for tasks to queue
[2025-05-09T16:00:06.263+0000] {logging_mixin.py:188} INFO - [2025-05-09T16:00:06.262+0000] {dagbag.py:545} INFO - Filling up the DagBag from /opt/airflow/dags/Pipeline_with_airflow.py
[2025-05-09T16:00:06.691+0000] {logging_mixin.py:188} INFO - [2025-05-09T16:00:06.682+0000] {dagbag.py:355} ERROR - Failed to import: /opt/airflow/dags/Pipeline_with_airflow.py
Traceback (most recent call last):
  File "/home/airflow/.local/lib/python3.10/site-packages/airflow/models/dagbag.py", line 351, in parse
    loader.exec_module(new_module)
  File "<frozen importlib._bootstrap_external>", line 883, in exec_module
  File "<frozen importlib._bootstrap>", line 241, in _call_with_frames_removed
  File "/opt/airflow/dags/Pipeline_with_airflow.py", line 103, in <module>
    transform_task = PythonOperator(
  File "/home/airflow/.local/lib/python3.10/site-packages/airflow/models/baseoperator.py", line 484, in apply_defaults
    result = func(self, **kwargs, default_args=default_args)
  File "/home/airflow/.local/lib/python3.10/site-packages/airflow/operators/python.py", line 220, in __init__
    super().__init__(**kwargs)
  File "/home/airflow/.local/lib/python3.10/site-packages/airflow/models/baseoperator.py", line 484, in apply_defaults
    result = func(self, **kwargs, default_args=default_args)
  File "/home/airflow/.local/lib/python3.10/site-packages/airflow/models/baseoperator.py", line 881, in __init__
    raise AirflowException(
airflow.exceptions.AirflowException: Invalid arguments were passed to PythonOperator (task_id: transform_data). Invalid arguments were:
**kwargs: {'provides_context': True}
[2025-05-09T16:00:06.692+0000] {processor.py:842} WARNING - No viable dags retrieved from /opt/airflow/dags/Pipeline_with_airflow.py
[2025-05-09T16:00:06.709+0000] {processor.py:183} INFO - Processing /opt/airflow/dags/Pipeline_with_airflow.py took 0.458 seconds
[2025-05-09T16:00:22.795+0000] {processor.py:161} INFO - Started process (PID=12730) to work on /opt/airflow/dags/Pipeline_with_airflow.py
[2025-05-09T16:00:22.797+0000] {processor.py:830} INFO - Processing file /opt/airflow/dags/Pipeline_with_airflow.py for tasks to queue
[2025-05-09T16:00:22.799+0000] {logging_mixin.py:188} INFO - [2025-05-09T16:00:22.799+0000] {dagbag.py:545} INFO - Filling up the DagBag from /opt/airflow/dags/Pipeline_with_airflow.py
[2025-05-09T16:00:23.234+0000] {logging_mixin.py:188} INFO - [2025-05-09T16:00:23.223+0000] {dagbag.py:355} ERROR - Failed to import: /opt/airflow/dags/Pipeline_with_airflow.py
Traceback (most recent call last):
  File "/home/airflow/.local/lib/python3.10/site-packages/airflow/models/dagbag.py", line 351, in parse
    loader.exec_module(new_module)
  File "<frozen importlib._bootstrap_external>", line 883, in exec_module
  File "<frozen importlib._bootstrap>", line 241, in _call_with_frames_removed
  File "/opt/airflow/dags/Pipeline_with_airflow.py", line 104, in <module>
    transform_task = PythonOperator(
  File "/home/airflow/.local/lib/python3.10/site-packages/airflow/models/baseoperator.py", line 484, in apply_defaults
    result = func(self, **kwargs, default_args=default_args)
  File "/home/airflow/.local/lib/python3.10/site-packages/airflow/operators/python.py", line 220, in __init__
    super().__init__(**kwargs)
  File "/home/airflow/.local/lib/python3.10/site-packages/airflow/models/baseoperator.py", line 484, in apply_defaults
    result = func(self, **kwargs, default_args=default_args)
  File "/home/airflow/.local/lib/python3.10/site-packages/airflow/models/baseoperator.py", line 881, in __init__
    raise AirflowException(
airflow.exceptions.AirflowException: Invalid arguments were passed to PythonOperator (task_id: transform_data). Invalid arguments were:
**kwargs: {'provides_context': True}
[2025-05-09T16:00:23.235+0000] {processor.py:842} WARNING - No viable dags retrieved from /opt/airflow/dags/Pipeline_with_airflow.py
[2025-05-09T16:00:23.259+0000] {processor.py:183} INFO - Processing /opt/airflow/dags/Pipeline_with_airflow.py took 0.470 seconds
[2025-05-09T16:00:24.262+0000] {processor.py:161} INFO - Started process (PID=12736) to work on /opt/airflow/dags/Pipeline_with_airflow.py
[2025-05-09T16:00:24.264+0000] {processor.py:830} INFO - Processing file /opt/airflow/dags/Pipeline_with_airflow.py for tasks to queue
[2025-05-09T16:00:24.266+0000] {logging_mixin.py:188} INFO - [2025-05-09T16:00:24.266+0000] {dagbag.py:545} INFO - Filling up the DagBag from /opt/airflow/dags/Pipeline_with_airflow.py
[2025-05-09T16:00:24.293+0000] {logging_mixin.py:188} INFO - [2025-05-09T16:00:24.293+0000] {dagbag.py:355} ERROR - Failed to import: /opt/airflow/dags/Pipeline_with_airflow.py
Traceback (most recent call last):
  File "/home/airflow/.local/lib/python3.10/site-packages/airflow/models/dagbag.py", line 351, in parse
    loader.exec_module(new_module)
  File "<frozen importlib._bootstrap_external>", line 879, in exec_module
  File "<frozen importlib._bootstrap_external>", line 1017, in get_code
  File "<frozen importlib._bootstrap_external>", line 947, in source_to_code
  File "<frozen importlib._bootstrap>", line 241, in _call_with_frames_removed
  File "/opt/airflow/dags/Pipeline_with_airflow.py", line 32
    data = 
           ^
SyntaxError: invalid syntax
[2025-05-09T16:00:24.294+0000] {processor.py:842} WARNING - No viable dags retrieved from /opt/airflow/dags/Pipeline_with_airflow.py
[2025-05-09T16:00:24.314+0000] {processor.py:183} INFO - Processing /opt/airflow/dags/Pipeline_with_airflow.py took 0.058 seconds
[2025-05-09T16:00:26.540+0000] {processor.py:161} INFO - Started process (PID=12751) to work on /opt/airflow/dags/Pipeline_with_airflow.py
[2025-05-09T16:00:26.543+0000] {processor.py:830} INFO - Processing file /opt/airflow/dags/Pipeline_with_airflow.py for tasks to queue
[2025-05-09T16:00:26.545+0000] {logging_mixin.py:188} INFO - [2025-05-09T16:00:26.544+0000] {dagbag.py:545} INFO - Filling up the DagBag from /opt/airflow/dags/Pipeline_with_airflow.py
[2025-05-09T16:00:26.954+0000] {logging_mixin.py:188} INFO - [2025-05-09T16:00:26.945+0000] {dagbag.py:355} ERROR - Failed to import: /opt/airflow/dags/Pipeline_with_airflow.py
Traceback (most recent call last):
  File "/home/airflow/.local/lib/python3.10/site-packages/airflow/models/dagbag.py", line 351, in parse
    loader.exec_module(new_module)
  File "<frozen importlib._bootstrap_external>", line 883, in exec_module
  File "<frozen importlib._bootstrap>", line 241, in _call_with_frames_removed
  File "/opt/airflow/dags/Pipeline_with_airflow.py", line 104, in <module>
    transform_task = PythonOperator(
  File "/home/airflow/.local/lib/python3.10/site-packages/airflow/models/baseoperator.py", line 484, in apply_defaults
    result = func(self, **kwargs, default_args=default_args)
  File "/home/airflow/.local/lib/python3.10/site-packages/airflow/operators/python.py", line 220, in __init__
    super().__init__(**kwargs)
  File "/home/airflow/.local/lib/python3.10/site-packages/airflow/models/baseoperator.py", line 484, in apply_defaults
    result = func(self, **kwargs, default_args=default_args)
  File "/home/airflow/.local/lib/python3.10/site-packages/airflow/models/baseoperator.py", line 881, in __init__
    raise AirflowException(
airflow.exceptions.AirflowException: Invalid arguments were passed to PythonOperator (task_id: transform_data). Invalid arguments were:
**kwargs: {'provides_context': True}
[2025-05-09T16:00:26.955+0000] {processor.py:842} WARNING - No viable dags retrieved from /opt/airflow/dags/Pipeline_with_airflow.py
[2025-05-09T16:00:26.984+0000] {processor.py:183} INFO - Processing /opt/airflow/dags/Pipeline_with_airflow.py took 0.448 seconds
[2025-05-09T16:00:28.269+0000] {processor.py:161} INFO - Started process (PID=12767) to work on /opt/airflow/dags/Pipeline_with_airflow.py
[2025-05-09T16:00:28.270+0000] {processor.py:830} INFO - Processing file /opt/airflow/dags/Pipeline_with_airflow.py for tasks to queue
[2025-05-09T16:00:28.272+0000] {logging_mixin.py:188} INFO - [2025-05-09T16:00:28.271+0000] {dagbag.py:545} INFO - Filling up the DagBag from /opt/airflow/dags/Pipeline_with_airflow.py
[2025-05-09T16:00:28.646+0000] {logging_mixin.py:188} INFO - [2025-05-09T16:00:28.642+0000] {dagbag.py:355} ERROR - Failed to import: /opt/airflow/dags/Pipeline_with_airflow.py
Traceback (most recent call last):
  File "/home/airflow/.local/lib/python3.10/site-packages/airflow/models/dagbag.py", line 351, in parse
    loader.exec_module(new_module)
  File "<frozen importlib._bootstrap_external>", line 883, in exec_module
  File "<frozen importlib._bootstrap>", line 241, in _call_with_frames_removed
  File "/opt/airflow/dags/Pipeline_with_airflow.py", line 104, in <module>
    transform_task = PythonOperator(
  File "/home/airflow/.local/lib/python3.10/site-packages/airflow/models/baseoperator.py", line 484, in apply_defaults
    result = func(self, **kwargs, default_args=default_args)
  File "/home/airflow/.local/lib/python3.10/site-packages/airflow/operators/python.py", line 220, in __init__
    super().__init__(**kwargs)
  File "/home/airflow/.local/lib/python3.10/site-packages/airflow/models/baseoperator.py", line 484, in apply_defaults
    result = func(self, **kwargs, default_args=default_args)
  File "/home/airflow/.local/lib/python3.10/site-packages/airflow/models/baseoperator.py", line 881, in __init__
    raise AirflowException(
airflow.exceptions.AirflowException: Invalid arguments were passed to PythonOperator (task_id: transform_data). Invalid arguments were:
**kwargs: {'provides_context': True}
[2025-05-09T16:00:28.647+0000] {processor.py:842} WARNING - No viable dags retrieved from /opt/airflow/dags/Pipeline_with_airflow.py
[2025-05-09T16:00:28.660+0000] {processor.py:183} INFO - Processing /opt/airflow/dags/Pipeline_with_airflow.py took 0.397 seconds
[2025-05-09T16:00:32.021+0000] {processor.py:161} INFO - Started process (PID=12818) to work on /opt/airflow/dags/Pipeline_with_airflow.py
[2025-05-09T16:00:32.023+0000] {processor.py:830} INFO - Processing file /opt/airflow/dags/Pipeline_with_airflow.py for tasks to queue
[2025-05-09T16:00:32.025+0000] {logging_mixin.py:188} INFO - [2025-05-09T16:00:32.025+0000] {dagbag.py:545} INFO - Filling up the DagBag from /opt/airflow/dags/Pipeline_with_airflow.py
[2025-05-09T16:00:32.423+0000] {logging_mixin.py:188} INFO - [2025-05-09T16:00:32.412+0000] {dagbag.py:355} ERROR - Failed to import: /opt/airflow/dags/Pipeline_with_airflow.py
Traceback (most recent call last):
  File "/home/airflow/.local/lib/python3.10/site-packages/airflow/models/dagbag.py", line 351, in parse
    loader.exec_module(new_module)
  File "<frozen importlib._bootstrap_external>", line 883, in exec_module
  File "<frozen importlib._bootstrap>", line 241, in _call_with_frames_removed
  File "/opt/airflow/dags/Pipeline_with_airflow.py", line 104, in <module>
    transform_task = PythonOperator(
  File "/home/airflow/.local/lib/python3.10/site-packages/airflow/models/baseoperator.py", line 484, in apply_defaults
    result = func(self, **kwargs, default_args=default_args)
  File "/home/airflow/.local/lib/python3.10/site-packages/airflow/operators/python.py", line 220, in __init__
    super().__init__(**kwargs)
  File "/home/airflow/.local/lib/python3.10/site-packages/airflow/models/baseoperator.py", line 484, in apply_defaults
    result = func(self, **kwargs, default_args=default_args)
  File "/home/airflow/.local/lib/python3.10/site-packages/airflow/models/baseoperator.py", line 881, in __init__
    raise AirflowException(
airflow.exceptions.AirflowException: Invalid arguments were passed to PythonOperator (task_id: transform_data). Invalid arguments were:
**kwargs: {'provides_context': True}
[2025-05-09T16:00:32.424+0000] {processor.py:842} WARNING - No viable dags retrieved from /opt/airflow/dags/Pipeline_with_airflow.py
[2025-05-09T16:00:32.438+0000] {processor.py:183} INFO - Processing /opt/airflow/dags/Pipeline_with_airflow.py took 0.422 seconds
[2025-05-09T16:00:35.639+0000] {processor.py:161} INFO - Started process (PID=12859) to work on /opt/airflow/dags/Pipeline_with_airflow.py
[2025-05-09T16:00:35.641+0000] {processor.py:830} INFO - Processing file /opt/airflow/dags/Pipeline_with_airflow.py for tasks to queue
[2025-05-09T16:00:35.643+0000] {logging_mixin.py:188} INFO - [2025-05-09T16:00:35.643+0000] {dagbag.py:545} INFO - Filling up the DagBag from /opt/airflow/dags/Pipeline_with_airflow.py
[2025-05-09T16:00:35.665+0000] {logging_mixin.py:188} INFO - [2025-05-09T16:00:35.664+0000] {dagbag.py:355} ERROR - Failed to import: /opt/airflow/dags/Pipeline_with_airflow.py
Traceback (most recent call last):
  File "/home/airflow/.local/lib/python3.10/site-packages/airflow/models/dagbag.py", line 351, in parse
    loader.exec_module(new_module)
  File "<frozen importlib._bootstrap_external>", line 879, in exec_module
  File "<frozen importlib._bootstrap_external>", line 1017, in get_code
  File "<frozen importlib._bootstrap_external>", line 947, in source_to_code
  File "<frozen importlib._bootstrap>", line 241, in _call_with_frames_removed
  File "/opt/airflow/dags/Pipeline_with_airflow.py", line 32
    data = kwargs[].get('data', {})
                  ^
SyntaxError: invalid syntax
[2025-05-09T16:00:35.666+0000] {processor.py:842} WARNING - No viable dags retrieved from /opt/airflow/dags/Pipeline_with_airflow.py
[2025-05-09T16:00:35.687+0000] {processor.py:183} INFO - Processing /opt/airflow/dags/Pipeline_with_airflow.py took 0.054 seconds
[2025-05-09T16:00:38.149+0000] {processor.py:161} INFO - Started process (PID=12899) to work on /opt/airflow/dags/Pipeline_with_airflow.py
[2025-05-09T16:00:38.151+0000] {processor.py:830} INFO - Processing file /opt/airflow/dags/Pipeline_with_airflow.py for tasks to queue
[2025-05-09T16:00:38.154+0000] {logging_mixin.py:188} INFO - [2025-05-09T16:00:38.154+0000] {dagbag.py:545} INFO - Filling up the DagBag from /opt/airflow/dags/Pipeline_with_airflow.py
[2025-05-09T16:00:38.654+0000] {logging_mixin.py:188} INFO - [2025-05-09T16:00:38.646+0000] {dagbag.py:355} ERROR - Failed to import: /opt/airflow/dags/Pipeline_with_airflow.py
Traceback (most recent call last):
  File "/home/airflow/.local/lib/python3.10/site-packages/airflow/models/dagbag.py", line 351, in parse
    loader.exec_module(new_module)
  File "<frozen importlib._bootstrap_external>", line 883, in exec_module
  File "<frozen importlib._bootstrap>", line 241, in _call_with_frames_removed
  File "/opt/airflow/dags/Pipeline_with_airflow.py", line 104, in <module>
    transform_task = PythonOperator(
  File "/home/airflow/.local/lib/python3.10/site-packages/airflow/models/baseoperator.py", line 484, in apply_defaults
    result = func(self, **kwargs, default_args=default_args)
  File "/home/airflow/.local/lib/python3.10/site-packages/airflow/operators/python.py", line 220, in __init__
    super().__init__(**kwargs)
  File "/home/airflow/.local/lib/python3.10/site-packages/airflow/models/baseoperator.py", line 484, in apply_defaults
    result = func(self, **kwargs, default_args=default_args)
  File "/home/airflow/.local/lib/python3.10/site-packages/airflow/models/baseoperator.py", line 881, in __init__
    raise AirflowException(
airflow.exceptions.AirflowException: Invalid arguments were passed to PythonOperator (task_id: transform_data). Invalid arguments were:
**kwargs: {'provides_context': True}
[2025-05-09T16:00:38.655+0000] {processor.py:842} WARNING - No viable dags retrieved from /opt/airflow/dags/Pipeline_with_airflow.py
[2025-05-09T16:00:38.679+0000] {processor.py:183} INFO - Processing /opt/airflow/dags/Pipeline_with_airflow.py took 0.536 seconds
[2025-05-09T16:00:54.436+0000] {processor.py:161} INFO - Started process (PID=13026) to work on /opt/airflow/dags/Pipeline_with_airflow.py
[2025-05-09T16:00:54.438+0000] {processor.py:830} INFO - Processing file /opt/airflow/dags/Pipeline_with_airflow.py for tasks to queue
[2025-05-09T16:00:54.439+0000] {logging_mixin.py:188} INFO - [2025-05-09T16:00:54.439+0000] {dagbag.py:545} INFO - Filling up the DagBag from /opt/airflow/dags/Pipeline_with_airflow.py
[2025-05-09T16:00:55.006+0000] {logging_mixin.py:188} INFO - [2025-05-09T16:00:54.996+0000] {dagbag.py:355} ERROR - Failed to import: /opt/airflow/dags/Pipeline_with_airflow.py
Traceback (most recent call last):
  File "/home/airflow/.local/lib/python3.10/site-packages/airflow/models/dagbag.py", line 351, in parse
    loader.exec_module(new_module)
  File "<frozen importlib._bootstrap_external>", line 883, in exec_module
  File "<frozen importlib._bootstrap>", line 241, in _call_with_frames_removed
  File "/opt/airflow/dags/Pipeline_with_airflow.py", line 104, in <module>
    transform_task = PythonOperator(
  File "/home/airflow/.local/lib/python3.10/site-packages/airflow/models/baseoperator.py", line 484, in apply_defaults
    result = func(self, **kwargs, default_args=default_args)
  File "/home/airflow/.local/lib/python3.10/site-packages/airflow/operators/python.py", line 220, in __init__
    super().__init__(**kwargs)
  File "/home/airflow/.local/lib/python3.10/site-packages/airflow/models/baseoperator.py", line 484, in apply_defaults
    result = func(self, **kwargs, default_args=default_args)
  File "/home/airflow/.local/lib/python3.10/site-packages/airflow/models/baseoperator.py", line 881, in __init__
    raise AirflowException(
airflow.exceptions.AirflowException: Invalid arguments were passed to PythonOperator (task_id: transform_data). Invalid arguments were:
**kwargs: {'provides_context': True}
[2025-05-09T16:00:55.007+0000] {processor.py:842} WARNING - No viable dags retrieved from /opt/airflow/dags/Pipeline_with_airflow.py
[2025-05-09T16:00:55.025+0000] {processor.py:183} INFO - Processing /opt/airflow/dags/Pipeline_with_airflow.py took 0.594 seconds
[2025-05-09T16:01:00.705+0000] {processor.py:161} INFO - Started process (PID=13087) to work on /opt/airflow/dags/Pipeline_with_airflow.py
[2025-05-09T16:01:00.707+0000] {processor.py:830} INFO - Processing file /opt/airflow/dags/Pipeline_with_airflow.py for tasks to queue
[2025-05-09T16:01:00.708+0000] {logging_mixin.py:188} INFO - [2025-05-09T16:01:00.708+0000] {dagbag.py:545} INFO - Filling up the DagBag from /opt/airflow/dags/Pipeline_with_airflow.py
[2025-05-09T16:01:01.115+0000] {logging_mixin.py:188} INFO - [2025-05-09T16:01:01.110+0000] {dagbag.py:355} ERROR - Failed to import: /opt/airflow/dags/Pipeline_with_airflow.py
Traceback (most recent call last):
  File "/home/airflow/.local/lib/python3.10/site-packages/airflow/models/dagbag.py", line 351, in parse
    loader.exec_module(new_module)
  File "<frozen importlib._bootstrap_external>", line 883, in exec_module
  File "<frozen importlib._bootstrap>", line 241, in _call_with_frames_removed
  File "/opt/airflow/dags/Pipeline_with_airflow.py", line 104, in <module>
    transform_task = PythonOperator(
  File "/home/airflow/.local/lib/python3.10/site-packages/airflow/models/baseoperator.py", line 484, in apply_defaults
    result = func(self, **kwargs, default_args=default_args)
  File "/home/airflow/.local/lib/python3.10/site-packages/airflow/operators/python.py", line 220, in __init__
    super().__init__(**kwargs)
  File "/home/airflow/.local/lib/python3.10/site-packages/airflow/models/baseoperator.py", line 484, in apply_defaults
    result = func(self, **kwargs, default_args=default_args)
  File "/home/airflow/.local/lib/python3.10/site-packages/airflow/models/baseoperator.py", line 881, in __init__
    raise AirflowException(
airflow.exceptions.AirflowException: Invalid arguments were passed to PythonOperator (task_id: transform_data). Invalid arguments were:
**kwargs: {'provides_context': True}
[2025-05-09T16:01:01.116+0000] {processor.py:842} WARNING - No viable dags retrieved from /opt/airflow/dags/Pipeline_with_airflow.py
[2025-05-09T16:01:01.131+0000] {processor.py:183} INFO - Processing /opt/airflow/dags/Pipeline_with_airflow.py took 0.434 seconds
[2025-05-09T16:01:02.249+0000] {processor.py:161} INFO - Started process (PID=13103) to work on /opt/airflow/dags/Pipeline_with_airflow.py
[2025-05-09T16:01:02.250+0000] {processor.py:830} INFO - Processing file /opt/airflow/dags/Pipeline_with_airflow.py for tasks to queue
[2025-05-09T16:01:02.251+0000] {logging_mixin.py:188} INFO - [2025-05-09T16:01:02.251+0000] {dagbag.py:545} INFO - Filling up the DagBag from /opt/airflow/dags/Pipeline_with_airflow.py
[2025-05-09T16:01:02.619+0000] {logging_mixin.py:188} INFO - [2025-05-09T16:01:02.610+0000] {dagbag.py:355} ERROR - Failed to import: /opt/airflow/dags/Pipeline_with_airflow.py
Traceback (most recent call last):
  File "/home/airflow/.local/lib/python3.10/site-packages/airflow/models/dagbag.py", line 351, in parse
    loader.exec_module(new_module)
  File "<frozen importlib._bootstrap_external>", line 883, in exec_module
  File "<frozen importlib._bootstrap>", line 241, in _call_with_frames_removed
  File "/opt/airflow/dags/Pipeline_with_airflow.py", line 104, in <module>
    transform_task = PythonOperator(
  File "/home/airflow/.local/lib/python3.10/site-packages/airflow/models/baseoperator.py", line 484, in apply_defaults
    result = func(self, **kwargs, default_args=default_args)
  File "/home/airflow/.local/lib/python3.10/site-packages/airflow/operators/python.py", line 220, in __init__
    super().__init__(**kwargs)
  File "/home/airflow/.local/lib/python3.10/site-packages/airflow/models/baseoperator.py", line 484, in apply_defaults
    result = func(self, **kwargs, default_args=default_args)
  File "/home/airflow/.local/lib/python3.10/site-packages/airflow/models/baseoperator.py", line 881, in __init__
    raise AirflowException(
airflow.exceptions.AirflowException: Invalid arguments were passed to PythonOperator (task_id: transform_data). Invalid arguments were:
**kwargs: {'provides_context': True}
[2025-05-09T16:01:02.619+0000] {processor.py:842} WARNING - No viable dags retrieved from /opt/airflow/dags/Pipeline_with_airflow.py
[2025-05-09T16:01:02.632+0000] {processor.py:183} INFO - Processing /opt/airflow/dags/Pipeline_with_airflow.py took 0.390 seconds
[2025-05-09T16:01:04.858+0000] {processor.py:161} INFO - Started process (PID=13139) to work on /opt/airflow/dags/Pipeline_with_airflow.py
[2025-05-09T16:01:04.860+0000] {processor.py:830} INFO - Processing file /opt/airflow/dags/Pipeline_with_airflow.py for tasks to queue
[2025-05-09T16:01:04.861+0000] {logging_mixin.py:188} INFO - [2025-05-09T16:01:04.861+0000] {dagbag.py:545} INFO - Filling up the DagBag from /opt/airflow/dags/Pipeline_with_airflow.py
[2025-05-09T16:01:05.304+0000] {logging_mixin.py:188} INFO - [2025-05-09T16:01:05.293+0000] {dagbag.py:355} ERROR - Failed to import: /opt/airflow/dags/Pipeline_with_airflow.py
Traceback (most recent call last):
  File "/home/airflow/.local/lib/python3.10/site-packages/airflow/models/dagbag.py", line 351, in parse
    loader.exec_module(new_module)
  File "<frozen importlib._bootstrap_external>", line 883, in exec_module
  File "<frozen importlib._bootstrap>", line 241, in _call_with_frames_removed
  File "/opt/airflow/dags/Pipeline_with_airflow.py", line 104, in <module>
    transform_task = PythonOperator(
  File "/home/airflow/.local/lib/python3.10/site-packages/airflow/models/baseoperator.py", line 484, in apply_defaults
    result = func(self, **kwargs, default_args=default_args)
  File "/home/airflow/.local/lib/python3.10/site-packages/airflow/operators/python.py", line 220, in __init__
    super().__init__(**kwargs)
  File "/home/airflow/.local/lib/python3.10/site-packages/airflow/models/baseoperator.py", line 484, in apply_defaults
    result = func(self, **kwargs, default_args=default_args)
  File "/home/airflow/.local/lib/python3.10/site-packages/airflow/models/baseoperator.py", line 881, in __init__
    raise AirflowException(
airflow.exceptions.AirflowException: Invalid arguments were passed to PythonOperator (task_id: transform_data). Invalid arguments were:
**kwargs: {'provides_context': True}
[2025-05-09T16:01:05.305+0000] {processor.py:842} WARNING - No viable dags retrieved from /opt/airflow/dags/Pipeline_with_airflow.py
[2025-05-09T16:01:05.328+0000] {processor.py:183} INFO - Processing /opt/airflow/dags/Pipeline_with_airflow.py took 0.478 seconds
[2025-05-09T16:01:13.769+0000] {processor.py:161} INFO - Started process (PID=13300) to work on /opt/airflow/dags/Pipeline_with_airflow.py
[2025-05-09T16:01:13.771+0000] {processor.py:830} INFO - Processing file /opt/airflow/dags/Pipeline_with_airflow.py for tasks to queue
[2025-05-09T16:01:13.773+0000] {logging_mixin.py:188} INFO - [2025-05-09T16:01:13.772+0000] {dagbag.py:545} INFO - Filling up the DagBag from /opt/airflow/dags/Pipeline_with_airflow.py
[2025-05-09T16:01:13.804+0000] {logging_mixin.py:188} INFO - [2025-05-09T16:01:13.803+0000] {dagbag.py:355} ERROR - Failed to import: /opt/airflow/dags/Pipeline_with_airflow.py
Traceback (most recent call last):
  File "/home/airflow/.local/lib/python3.10/site-packages/airflow/models/dagbag.py", line 351, in parse
    loader.exec_module(new_module)
  File "<frozen importlib._bootstrap_external>", line 879, in exec_module
  File "<frozen importlib._bootstrap_external>", line 1017, in get_code
  File "<frozen importlib._bootstrap_external>", line 947, in source_to_code
  File "<frozen importlib._bootstrap>", line 241, in _call_with_frames_removed
  File "/opt/airflow/dags/Pipeline_with_airflow.py", line 30
    def transform_data(**):
                         ^
SyntaxError: invalid syntax
[2025-05-09T16:01:13.805+0000] {processor.py:842} WARNING - No viable dags retrieved from /opt/airflow/dags/Pipeline_with_airflow.py
[2025-05-09T16:01:13.833+0000] {processor.py:183} INFO - Processing /opt/airflow/dags/Pipeline_with_airflow.py took 0.074 seconds
[2025-05-09T16:01:14.856+0000] {processor.py:161} INFO - Started process (PID=13305) to work on /opt/airflow/dags/Pipeline_with_airflow.py
[2025-05-09T16:01:14.873+0000] {processor.py:830} INFO - Processing file /opt/airflow/dags/Pipeline_with_airflow.py for tasks to queue
[2025-05-09T16:01:14.874+0000] {logging_mixin.py:188} INFO - [2025-05-09T16:01:14.874+0000] {dagbag.py:545} INFO - Filling up the DagBag from /opt/airflow/dags/Pipeline_with_airflow.py
[2025-05-09T16:01:15.297+0000] {logging_mixin.py:188} INFO - [2025-05-09T16:01:15.292+0000] {dagbag.py:355} ERROR - Failed to import: /opt/airflow/dags/Pipeline_with_airflow.py
Traceback (most recent call last):
  File "/home/airflow/.local/lib/python3.10/site-packages/airflow/models/dagbag.py", line 351, in parse
    loader.exec_module(new_module)
  File "<frozen importlib._bootstrap_external>", line 883, in exec_module
  File "<frozen importlib._bootstrap>", line 241, in _call_with_frames_removed
  File "/opt/airflow/dags/Pipeline_with_airflow.py", line 104, in <module>
    transform_task = PythonOperator(
  File "/home/airflow/.local/lib/python3.10/site-packages/airflow/models/baseoperator.py", line 484, in apply_defaults
    result = func(self, **kwargs, default_args=default_args)
  File "/home/airflow/.local/lib/python3.10/site-packages/airflow/operators/python.py", line 220, in __init__
    super().__init__(**kwargs)
  File "/home/airflow/.local/lib/python3.10/site-packages/airflow/models/baseoperator.py", line 484, in apply_defaults
    result = func(self, **kwargs, default_args=default_args)
  File "/home/airflow/.local/lib/python3.10/site-packages/airflow/models/baseoperator.py", line 881, in __init__
    raise AirflowException(
airflow.exceptions.AirflowException: Invalid arguments were passed to PythonOperator (task_id: transform_data). Invalid arguments were:
**kwargs: {'provides_context': True}
[2025-05-09T16:01:15.297+0000] {processor.py:842} WARNING - No viable dags retrieved from /opt/airflow/dags/Pipeline_with_airflow.py
[2025-05-09T16:01:15.316+0000] {processor.py:183} INFO - Processing /opt/airflow/dags/Pipeline_with_airflow.py took 0.465 seconds
[2025-05-09T16:01:37.553+0000] {processor.py:161} INFO - Started process (PID=13432) to work on /opt/airflow/dags/Pipeline_with_airflow.py
[2025-05-09T16:01:37.555+0000] {processor.py:830} INFO - Processing file /opt/airflow/dags/Pipeline_with_airflow.py for tasks to queue
[2025-05-09T16:01:37.557+0000] {logging_mixin.py:188} INFO - [2025-05-09T16:01:37.557+0000] {dagbag.py:545} INFO - Filling up the DagBag from /opt/airflow/dags/Pipeline_with_airflow.py
[2025-05-09T16:01:38.210+0000] {logging_mixin.py:188} INFO - [2025-05-09T16:01:38.198+0000] {dagbag.py:355} ERROR - Failed to import: /opt/airflow/dags/Pipeline_with_airflow.py
Traceback (most recent call last):
  File "/home/airflow/.local/lib/python3.10/site-packages/airflow/models/dagbag.py", line 351, in parse
    loader.exec_module(new_module)
  File "<frozen importlib._bootstrap_external>", line 883, in exec_module
  File "<frozen importlib._bootstrap>", line 241, in _call_with_frames_removed
  File "/opt/airflow/dags/Pipeline_with_airflow.py", line 104, in <module>
    transform_task = PythonOperator(
  File "/home/airflow/.local/lib/python3.10/site-packages/airflow/models/baseoperator.py", line 484, in apply_defaults
    result = func(self, **kwargs, default_args=default_args)
  File "/home/airflow/.local/lib/python3.10/site-packages/airflow/operators/python.py", line 220, in __init__
    super().__init__(**kwargs)
  File "/home/airflow/.local/lib/python3.10/site-packages/airflow/models/baseoperator.py", line 484, in apply_defaults
    result = func(self, **kwargs, default_args=default_args)
  File "/home/airflow/.local/lib/python3.10/site-packages/airflow/models/baseoperator.py", line 881, in __init__
    raise AirflowException(
airflow.exceptions.AirflowException: Invalid arguments were passed to PythonOperator (task_id: transform_data). Invalid arguments were:
**kwargs: {'provides_context': True}
[2025-05-09T16:01:38.211+0000] {processor.py:842} WARNING - No viable dags retrieved from /opt/airflow/dags/Pipeline_with_airflow.py
[2025-05-09T16:01:38.236+0000] {processor.py:183} INFO - Processing /opt/airflow/dags/Pipeline_with_airflow.py took 0.691 seconds
[2025-05-09T16:01:40.424+0000] {processor.py:161} INFO - Started process (PID=13468) to work on /opt/airflow/dags/Pipeline_with_airflow.py
[2025-05-09T16:01:40.426+0000] {processor.py:830} INFO - Processing file /opt/airflow/dags/Pipeline_with_airflow.py for tasks to queue
[2025-05-09T16:01:40.427+0000] {logging_mixin.py:188} INFO - [2025-05-09T16:01:40.427+0000] {dagbag.py:545} INFO - Filling up the DagBag from /opt/airflow/dags/Pipeline_with_airflow.py
[2025-05-09T16:01:40.834+0000] {logging_mixin.py:188} INFO - [2025-05-09T16:01:40.827+0000] {dagbag.py:355} ERROR - Failed to import: /opt/airflow/dags/Pipeline_with_airflow.py
Traceback (most recent call last):
  File "/home/airflow/.local/lib/python3.10/site-packages/airflow/models/dagbag.py", line 351, in parse
    loader.exec_module(new_module)
  File "<frozen importlib._bootstrap_external>", line 883, in exec_module
  File "<frozen importlib._bootstrap>", line 241, in _call_with_frames_removed
  File "/opt/airflow/dags/Pipeline_with_airflow.py", line 104, in <module>
    transform_task = PythonOperator(
  File "/home/airflow/.local/lib/python3.10/site-packages/airflow/models/baseoperator.py", line 484, in apply_defaults
    result = func(self, **kwargs, default_args=default_args)
  File "/home/airflow/.local/lib/python3.10/site-packages/airflow/operators/python.py", line 220, in __init__
    super().__init__(**kwargs)
  File "/home/airflow/.local/lib/python3.10/site-packages/airflow/models/baseoperator.py", line 484, in apply_defaults
    result = func(self, **kwargs, default_args=default_args)
  File "/home/airflow/.local/lib/python3.10/site-packages/airflow/models/baseoperator.py", line 881, in __init__
    raise AirflowException(
airflow.exceptions.AirflowException: Invalid arguments were passed to PythonOperator (task_id: transform_data). Invalid arguments were:
**kwargs: {'provides_context': True}
[2025-05-09T16:01:40.835+0000] {processor.py:842} WARNING - No viable dags retrieved from /opt/airflow/dags/Pipeline_with_airflow.py
[2025-05-09T16:01:40.852+0000] {processor.py:183} INFO - Processing /opt/airflow/dags/Pipeline_with_airflow.py took 0.434 seconds
[2025-05-09T16:01:45.193+0000] {processor.py:161} INFO - Started process (PID=13579) to work on /opt/airflow/dags/Pipeline_with_airflow.py
[2025-05-09T16:01:45.194+0000] {processor.py:830} INFO - Processing file /opt/airflow/dags/Pipeline_with_airflow.py for tasks to queue
[2025-05-09T16:01:45.195+0000] {logging_mixin.py:188} INFO - [2025-05-09T16:01:45.195+0000] {dagbag.py:545} INFO - Filling up the DagBag from /opt/airflow/dags/Pipeline_with_airflow.py
[2025-05-09T16:01:45.595+0000] {logging_mixin.py:188} INFO - [2025-05-09T16:01:45.587+0000] {dagbag.py:355} ERROR - Failed to import: /opt/airflow/dags/Pipeline_with_airflow.py
Traceback (most recent call last):
  File "/home/airflow/.local/lib/python3.10/site-packages/airflow/models/dagbag.py", line 351, in parse
    loader.exec_module(new_module)
  File "<frozen importlib._bootstrap_external>", line 883, in exec_module
  File "<frozen importlib._bootstrap>", line 241, in _call_with_frames_removed
  File "/opt/airflow/dags/Pipeline_with_airflow.py", line 104, in <module>
    transform_task = PythonOperator(
  File "/home/airflow/.local/lib/python3.10/site-packages/airflow/models/baseoperator.py", line 484, in apply_defaults
    result = func(self, **kwargs, default_args=default_args)
  File "/home/airflow/.local/lib/python3.10/site-packages/airflow/operators/python.py", line 220, in __init__
    super().__init__(**kwargs)
  File "/home/airflow/.local/lib/python3.10/site-packages/airflow/models/baseoperator.py", line 484, in apply_defaults
    result = func(self, **kwargs, default_args=default_args)
  File "/home/airflow/.local/lib/python3.10/site-packages/airflow/models/baseoperator.py", line 881, in __init__
    raise AirflowException(
airflow.exceptions.AirflowException: Invalid arguments were passed to PythonOperator (task_id: transform_data). Invalid arguments were:
**kwargs: {'provides_context': True}
[2025-05-09T16:01:45.596+0000] {processor.py:842} WARNING - No viable dags retrieved from /opt/airflow/dags/Pipeline_with_airflow.py
[2025-05-09T16:01:45.612+0000] {processor.py:183} INFO - Processing /opt/airflow/dags/Pipeline_with_airflow.py took 0.425 seconds
[2025-05-09T16:01:48.286+0000] {processor.py:161} INFO - Started process (PID=13585) to work on /opt/airflow/dags/Pipeline_with_airflow.py
[2025-05-09T16:01:48.288+0000] {processor.py:830} INFO - Processing file /opt/airflow/dags/Pipeline_with_airflow.py for tasks to queue
[2025-05-09T16:01:48.289+0000] {logging_mixin.py:188} INFO - [2025-05-09T16:01:48.289+0000] {dagbag.py:545} INFO - Filling up the DagBag from /opt/airflow/dags/Pipeline_with_airflow.py
[2025-05-09T16:01:48.768+0000] {logging_mixin.py:188} INFO - [2025-05-09T16:01:48.758+0000] {dagbag.py:355} ERROR - Failed to import: /opt/airflow/dags/Pipeline_with_airflow.py
Traceback (most recent call last):
  File "/home/airflow/.local/lib/python3.10/site-packages/airflow/models/dagbag.py", line 351, in parse
    loader.exec_module(new_module)
  File "<frozen importlib._bootstrap_external>", line 883, in exec_module
  File "<frozen importlib._bootstrap>", line 241, in _call_with_frames_removed
  File "/opt/airflow/dags/Pipeline_with_airflow.py", line 104, in <module>
    transform_task = PythonOperator(
  File "/home/airflow/.local/lib/python3.10/site-packages/airflow/models/baseoperator.py", line 484, in apply_defaults
    result = func(self, **kwargs, default_args=default_args)
  File "/home/airflow/.local/lib/python3.10/site-packages/airflow/operators/python.py", line 220, in __init__
    super().__init__(**kwargs)
  File "/home/airflow/.local/lib/python3.10/site-packages/airflow/models/baseoperator.py", line 484, in apply_defaults
    result = func(self, **kwargs, default_args=default_args)
  File "/home/airflow/.local/lib/python3.10/site-packages/airflow/models/baseoperator.py", line 881, in __init__
    raise AirflowException(
airflow.exceptions.AirflowException: Invalid arguments were passed to PythonOperator (task_id: transform_data). Invalid arguments were:
**kwargs: {'provides_context': True}
[2025-05-09T16:01:48.769+0000] {processor.py:842} WARNING - No viable dags retrieved from /opt/airflow/dags/Pipeline_with_airflow.py
[2025-05-09T16:01:48.791+0000] {processor.py:183} INFO - Processing /opt/airflow/dags/Pipeline_with_airflow.py took 0.511 seconds
[2025-05-09T16:01:50.769+0000] {processor.py:161} INFO - Started process (PID=13591) to work on /opt/airflow/dags/Pipeline_with_airflow.py
[2025-05-09T16:01:50.771+0000] {processor.py:830} INFO - Processing file /opt/airflow/dags/Pipeline_with_airflow.py for tasks to queue
[2025-05-09T16:01:50.772+0000] {logging_mixin.py:188} INFO - [2025-05-09T16:01:50.772+0000] {dagbag.py:545} INFO - Filling up the DagBag from /opt/airflow/dags/Pipeline_with_airflow.py
[2025-05-09T16:01:50.783+0000] {logging_mixin.py:188} INFO - [2025-05-09T16:01:50.782+0000] {dagbag.py:355} ERROR - Failed to import: /opt/airflow/dags/Pipeline_with_airflow.py
Traceback (most recent call last):
  File "/home/airflow/.local/lib/python3.10/site-packages/airflow/models/dagbag.py", line 351, in parse
    loader.exec_module(new_module)
  File "<frozen importlib._bootstrap_external>", line 879, in exec_module
  File "<frozen importlib._bootstrap_external>", line 1017, in get_code
  File "<frozen importlib._bootstrap_external>", line 947, in source_to_code
  File "<frozen importlib._bootstrap>", line 241, in _call_with_frames_removed
  File "/opt/airflow/dags/Pipeline_with_airflow.py", line 32
    data = kwargs['ti'].xcom_pull(task_id = )
                                            ^
SyntaxError: invalid syntax
[2025-05-09T16:01:50.783+0000] {processor.py:842} WARNING - No viable dags retrieved from /opt/airflow/dags/Pipeline_with_airflow.py
[2025-05-09T16:01:50.806+0000] {processor.py:183} INFO - Processing /opt/airflow/dags/Pipeline_with_airflow.py took 0.042 seconds
[2025-05-09T16:01:52.859+0000] {processor.py:161} INFO - Started process (PID=13596) to work on /opt/airflow/dags/Pipeline_with_airflow.py
[2025-05-09T16:01:52.861+0000] {processor.py:830} INFO - Processing file /opt/airflow/dags/Pipeline_with_airflow.py for tasks to queue
[2025-05-09T16:01:52.862+0000] {logging_mixin.py:188} INFO - [2025-05-09T16:01:52.862+0000] {dagbag.py:545} INFO - Filling up the DagBag from /opt/airflow/dags/Pipeline_with_airflow.py
[2025-05-09T16:01:52.888+0000] {logging_mixin.py:188} INFO - [2025-05-09T16:01:52.887+0000] {dagbag.py:355} ERROR - Failed to import: /opt/airflow/dags/Pipeline_with_airflow.py
Traceback (most recent call last):
  File "/home/airflow/.local/lib/python3.10/site-packages/airflow/models/dagbag.py", line 351, in parse
    loader.exec_module(new_module)
  File "<frozen importlib._bootstrap_external>", line 879, in exec_module
  File "<frozen importlib._bootstrap_external>", line 1017, in get_code
  File "<frozen importlib._bootstrap_external>", line 947, in source_to_code
  File "<frozen importlib._bootstrap>", line 241, in _call_with_frames_removed
  File "/opt/airflow/dags/Pipeline_with_airflow.py", line 33
    )
    ^
SyntaxError: invalid syntax
[2025-05-09T16:01:52.889+0000] {processor.py:842} WARNING - No viable dags retrieved from /opt/airflow/dags/Pipeline_with_airflow.py
[2025-05-09T16:01:52.914+0000] {processor.py:183} INFO - Processing /opt/airflow/dags/Pipeline_with_airflow.py took 0.061 seconds
[2025-05-09T16:01:54.408+0000] {processor.py:161} INFO - Started process (PID=13607) to work on /opt/airflow/dags/Pipeline_with_airflow.py
[2025-05-09T16:01:54.409+0000] {processor.py:830} INFO - Processing file /opt/airflow/dags/Pipeline_with_airflow.py for tasks to queue
[2025-05-09T16:01:54.411+0000] {logging_mixin.py:188} INFO - [2025-05-09T16:01:54.410+0000] {dagbag.py:545} INFO - Filling up the DagBag from /opt/airflow/dags/Pipeline_with_airflow.py
[2025-05-09T16:01:54.460+0000] {logging_mixin.py:188} INFO - [2025-05-09T16:01:54.458+0000] {dagbag.py:355} ERROR - Failed to import: /opt/airflow/dags/Pipeline_with_airflow.py
Traceback (most recent call last):
  File "/home/airflow/.local/lib/python3.10/site-packages/airflow/models/dagbag.py", line 351, in parse
    loader.exec_module(new_module)
  File "<frozen importlib._bootstrap_external>", line 879, in exec_module
  File "<frozen importlib._bootstrap_external>", line 1017, in get_code
  File "<frozen importlib._bootstrap_external>", line 947, in source_to_code
  File "<frozen importlib._bootstrap>", line 241, in _call_with_frames_removed
  File "/opt/airflow/dags/Pipeline_with_airflow.py", line 33
    )
    ^
SyntaxError: invalid syntax
[2025-05-09T16:01:54.461+0000] {processor.py:842} WARNING - No viable dags retrieved from /opt/airflow/dags/Pipeline_with_airflow.py
[2025-05-09T16:01:54.487+0000] {processor.py:183} INFO - Processing /opt/airflow/dags/Pipeline_with_airflow.py took 0.087 seconds
[2025-05-09T16:01:55.429+0000] {processor.py:161} INFO - Started process (PID=13612) to work on /opt/airflow/dags/Pipeline_with_airflow.py
[2025-05-09T16:01:55.430+0000] {processor.py:830} INFO - Processing file /opt/airflow/dags/Pipeline_with_airflow.py for tasks to queue
[2025-05-09T16:01:55.432+0000] {logging_mixin.py:188} INFO - [2025-05-09T16:01:55.432+0000] {dagbag.py:545} INFO - Filling up the DagBag from /opt/airflow/dags/Pipeline_with_airflow.py
[2025-05-09T16:01:55.457+0000] {logging_mixin.py:188} INFO - [2025-05-09T16:01:55.456+0000] {dagbag.py:355} ERROR - Failed to import: /opt/airflow/dags/Pipeline_with_airflow.py
Traceback (most recent call last):
  File "/home/airflow/.local/lib/python3.10/site-packages/airflow/models/dagbag.py", line 351, in parse
    loader.exec_module(new_module)
  File "<frozen importlib._bootstrap_external>", line 879, in exec_module
  File "<frozen importlib._bootstrap_external>", line 1017, in get_code
  File "<frozen importlib._bootstrap_external>", line 947, in source_to_code
  File "<frozen importlib._bootstrap>", line 241, in _call_with_frames_removed
  File "/opt/airflow/dags/Pipeline_with_airflow.py", line 32
    data = kwargs['ti'].xcom_pull(task_id = )
                                            ^
SyntaxError: invalid syntax
[2025-05-09T16:01:55.457+0000] {processor.py:842} WARNING - No viable dags retrieved from /opt/airflow/dags/Pipeline_with_airflow.py
[2025-05-09T16:01:55.475+0000] {processor.py:183} INFO - Processing /opt/airflow/dags/Pipeline_with_airflow.py took 0.052 seconds
[2025-05-09T16:01:56.483+0000] {processor.py:161} INFO - Started process (PID=13617) to work on /opt/airflow/dags/Pipeline_with_airflow.py
[2025-05-09T16:01:56.484+0000] {processor.py:830} INFO - Processing file /opt/airflow/dags/Pipeline_with_airflow.py for tasks to queue
[2025-05-09T16:01:56.485+0000] {logging_mixin.py:188} INFO - [2025-05-09T16:01:56.485+0000] {dagbag.py:545} INFO - Filling up the DagBag from /opt/airflow/dags/Pipeline_with_airflow.py
[2025-05-09T16:01:56.914+0000] {logging_mixin.py:188} INFO - [2025-05-09T16:01:56.903+0000] {dagbag.py:355} ERROR - Failed to import: /opt/airflow/dags/Pipeline_with_airflow.py
Traceback (most recent call last):
  File "/home/airflow/.local/lib/python3.10/site-packages/airflow/models/dagbag.py", line 351, in parse
    loader.exec_module(new_module)
  File "<frozen importlib._bootstrap_external>", line 883, in exec_module
  File "<frozen importlib._bootstrap>", line 241, in _call_with_frames_removed
  File "/opt/airflow/dags/Pipeline_with_airflow.py", line 104, in <module>
    transform_task = PythonOperator(
  File "/home/airflow/.local/lib/python3.10/site-packages/airflow/models/baseoperator.py", line 484, in apply_defaults
    result = func(self, **kwargs, default_args=default_args)
  File "/home/airflow/.local/lib/python3.10/site-packages/airflow/operators/python.py", line 220, in __init__
    super().__init__(**kwargs)
  File "/home/airflow/.local/lib/python3.10/site-packages/airflow/models/baseoperator.py", line 484, in apply_defaults
    result = func(self, **kwargs, default_args=default_args)
  File "/home/airflow/.local/lib/python3.10/site-packages/airflow/models/baseoperator.py", line 881, in __init__
    raise AirflowException(
airflow.exceptions.AirflowException: Invalid arguments were passed to PythonOperator (task_id: transform_data). Invalid arguments were:
**kwargs: {'provides_context': True}
[2025-05-09T16:01:56.915+0000] {processor.py:842} WARNING - No viable dags retrieved from /opt/airflow/dags/Pipeline_with_airflow.py
[2025-05-09T16:01:56.930+0000] {processor.py:183} INFO - Processing /opt/airflow/dags/Pipeline_with_airflow.py took 0.454 seconds
[2025-05-09T16:02:08.035+0000] {processor.py:161} INFO - Started process (PID=13743) to work on /opt/airflow/dags/Pipeline_with_airflow.py
[2025-05-09T16:02:08.037+0000] {processor.py:830} INFO - Processing file /opt/airflow/dags/Pipeline_with_airflow.py for tasks to queue
[2025-05-09T16:02:08.038+0000] {logging_mixin.py:188} INFO - [2025-05-09T16:02:08.038+0000] {dagbag.py:545} INFO - Filling up the DagBag from /opt/airflow/dags/Pipeline_with_airflow.py
[2025-05-09T16:02:08.566+0000] {logging_mixin.py:188} INFO - [2025-05-09T16:02:08.556+0000] {dagbag.py:355} ERROR - Failed to import: /opt/airflow/dags/Pipeline_with_airflow.py
Traceback (most recent call last):
  File "/home/airflow/.local/lib/python3.10/site-packages/airflow/models/dagbag.py", line 351, in parse
    loader.exec_module(new_module)
  File "<frozen importlib._bootstrap_external>", line 883, in exec_module
  File "<frozen importlib._bootstrap>", line 241, in _call_with_frames_removed
  File "/opt/airflow/dags/Pipeline_with_airflow.py", line 105, in <module>
    transform_task = PythonOperator(
  File "/home/airflow/.local/lib/python3.10/site-packages/airflow/models/baseoperator.py", line 484, in apply_defaults
    result = func(self, **kwargs, default_args=default_args)
  File "/home/airflow/.local/lib/python3.10/site-packages/airflow/operators/python.py", line 220, in __init__
    super().__init__(**kwargs)
  File "/home/airflow/.local/lib/python3.10/site-packages/airflow/models/baseoperator.py", line 484, in apply_defaults
    result = func(self, **kwargs, default_args=default_args)
  File "/home/airflow/.local/lib/python3.10/site-packages/airflow/models/baseoperator.py", line 881, in __init__
    raise AirflowException(
airflow.exceptions.AirflowException: Invalid arguments were passed to PythonOperator (task_id: transform_data). Invalid arguments were:
**kwargs: {'provides_context': True}
[2025-05-09T16:02:08.567+0000] {processor.py:842} WARNING - No viable dags retrieved from /opt/airflow/dags/Pipeline_with_airflow.py
[2025-05-09T16:02:08.591+0000] {processor.py:183} INFO - Processing /opt/airflow/dags/Pipeline_with_airflow.py took 0.562 seconds
[2025-05-09T16:02:09.590+0000] {processor.py:161} INFO - Started process (PID=13764) to work on /opt/airflow/dags/Pipeline_with_airflow.py
[2025-05-09T16:02:09.591+0000] {processor.py:830} INFO - Processing file /opt/airflow/dags/Pipeline_with_airflow.py for tasks to queue
[2025-05-09T16:02:09.594+0000] {logging_mixin.py:188} INFO - [2025-05-09T16:02:09.593+0000] {dagbag.py:545} INFO - Filling up the DagBag from /opt/airflow/dags/Pipeline_with_airflow.py
[2025-05-09T16:02:10.050+0000] {logging_mixin.py:188} INFO - [2025-05-09T16:02:10.040+0000] {dagbag.py:355} ERROR - Failed to import: /opt/airflow/dags/Pipeline_with_airflow.py
Traceback (most recent call last):
  File "/home/airflow/.local/lib/python3.10/site-packages/airflow/models/dagbag.py", line 351, in parse
    loader.exec_module(new_module)
  File "<frozen importlib._bootstrap_external>", line 883, in exec_module
  File "<frozen importlib._bootstrap>", line 241, in _call_with_frames_removed
  File "/opt/airflow/dags/Pipeline_with_airflow.py", line 105, in <module>
    transform_task = PythonOperator(
  File "/home/airflow/.local/lib/python3.10/site-packages/airflow/models/baseoperator.py", line 484, in apply_defaults
    result = func(self, **kwargs, default_args=default_args)
  File "/home/airflow/.local/lib/python3.10/site-packages/airflow/operators/python.py", line 220, in __init__
    super().__init__(**kwargs)
  File "/home/airflow/.local/lib/python3.10/site-packages/airflow/models/baseoperator.py", line 484, in apply_defaults
    result = func(self, **kwargs, default_args=default_args)
  File "/home/airflow/.local/lib/python3.10/site-packages/airflow/models/baseoperator.py", line 881, in __init__
    raise AirflowException(
airflow.exceptions.AirflowException: Invalid arguments were passed to PythonOperator (task_id: transform_data). Invalid arguments were:
**kwargs: {'provides_context': True}
[2025-05-09T16:02:10.051+0000] {processor.py:842} WARNING - No viable dags retrieved from /opt/airflow/dags/Pipeline_with_airflow.py
[2025-05-09T16:02:10.068+0000] {processor.py:183} INFO - Processing /opt/airflow/dags/Pipeline_with_airflow.py took 0.484 seconds
[2025-05-09T16:02:13.537+0000] {processor.py:161} INFO - Started process (PID=13885) to work on /opt/airflow/dags/Pipeline_with_airflow.py
[2025-05-09T16:02:13.539+0000] {processor.py:830} INFO - Processing file /opt/airflow/dags/Pipeline_with_airflow.py for tasks to queue
[2025-05-09T16:02:13.540+0000] {logging_mixin.py:188} INFO - [2025-05-09T16:02:13.540+0000] {dagbag.py:545} INFO - Filling up the DagBag from /opt/airflow/dags/Pipeline_with_airflow.py
[2025-05-09T16:02:13.571+0000] {logging_mixin.py:188} INFO - [2025-05-09T16:02:13.570+0000] {dagbag.py:355} ERROR - Failed to import: /opt/airflow/dags/Pipeline_with_airflow.py
Traceback (most recent call last):
  File "/home/airflow/.local/lib/python3.10/site-packages/airflow/models/dagbag.py", line 351, in parse
    loader.exec_module(new_module)
  File "<frozen importlib._bootstrap_external>", line 879, in exec_module
  File "<frozen importlib._bootstrap_external>", line 1017, in get_code
  File "<frozen importlib._bootstrap_external>", line 947, in source_to_code
  File "<frozen importlib._bootstrap>", line 241, in _call_with_frames_removed
  File "/opt/airflow/dags/Pipeline_with_airflow.py", line 57
    def load_data(**, table_name):
                    ^
SyntaxError: invalid syntax
[2025-05-09T16:02:13.572+0000] {processor.py:842} WARNING - No viable dags retrieved from /opt/airflow/dags/Pipeline_with_airflow.py
[2025-05-09T16:02:13.590+0000] {processor.py:183} INFO - Processing /opt/airflow/dags/Pipeline_with_airflow.py took 0.059 seconds
[2025-05-09T16:02:17.628+0000] {processor.py:161} INFO - Started process (PID=13890) to work on /opt/airflow/dags/Pipeline_with_airflow.py
[2025-05-09T16:02:17.630+0000] {processor.py:830} INFO - Processing file /opt/airflow/dags/Pipeline_with_airflow.py for tasks to queue
[2025-05-09T16:02:17.632+0000] {logging_mixin.py:188} INFO - [2025-05-09T16:02:17.632+0000] {dagbag.py:545} INFO - Filling up the DagBag from /opt/airflow/dags/Pipeline_with_airflow.py
[2025-05-09T16:02:17.665+0000] {logging_mixin.py:188} INFO - [2025-05-09T16:02:17.664+0000] {dagbag.py:355} ERROR - Failed to import: /opt/airflow/dags/Pipeline_with_airflow.py
Traceback (most recent call last):
  File "/home/airflow/.local/lib/python3.10/site-packages/airflow/models/dagbag.py", line 351, in parse
    loader.exec_module(new_module)
  File "<frozen importlib._bootstrap_external>", line 879, in exec_module
  File "<frozen importlib._bootstrap_external>", line 1017, in get_code
  File "<frozen importlib._bootstrap_external>", line 947, in source_to_code
  File "<frozen importlib._bootstrap>", line 241, in _call_with_frames_removed
  File "/opt/airflow/dags/Pipeline_with_airflow.py", line 57
    def load_data(**kwargs, table_name):
                            ^^^^^^^^^^
SyntaxError: invalid syntax
[2025-05-09T16:02:17.666+0000] {processor.py:842} WARNING - No viable dags retrieved from /opt/airflow/dags/Pipeline_with_airflow.py
[2025-05-09T16:02:17.694+0000] {processor.py:183} INFO - Processing /opt/airflow/dags/Pipeline_with_airflow.py took 0.072 seconds
[2025-05-09T16:02:44.983+0000] {processor.py:161} INFO - Started process (PID=14151) to work on /opt/airflow/dags/Pipeline_with_airflow.py
[2025-05-09T16:02:44.984+0000] {processor.py:830} INFO - Processing file /opt/airflow/dags/Pipeline_with_airflow.py for tasks to queue
[2025-05-09T16:02:44.986+0000] {logging_mixin.py:188} INFO - [2025-05-09T16:02:44.986+0000] {dagbag.py:545} INFO - Filling up the DagBag from /opt/airflow/dags/Pipeline_with_airflow.py
[2025-05-09T16:02:45.420+0000] {logging_mixin.py:188} INFO - [2025-05-09T16:02:45.410+0000] {dagbag.py:355} ERROR - Failed to import: /opt/airflow/dags/Pipeline_with_airflow.py
Traceback (most recent call last):
  File "/home/airflow/.local/lib/python3.10/site-packages/airflow/models/dagbag.py", line 351, in parse
    loader.exec_module(new_module)
  File "<frozen importlib._bootstrap_external>", line 883, in exec_module
  File "<frozen importlib._bootstrap>", line 241, in _call_with_frames_removed
  File "/opt/airflow/dags/Pipeline_with_airflow.py", line 105, in <module>
    transform_task = PythonOperator(
  File "/home/airflow/.local/lib/python3.10/site-packages/airflow/models/baseoperator.py", line 484, in apply_defaults
    result = func(self, **kwargs, default_args=default_args)
  File "/home/airflow/.local/lib/python3.10/site-packages/airflow/operators/python.py", line 220, in __init__
    super().__init__(**kwargs)
  File "/home/airflow/.local/lib/python3.10/site-packages/airflow/models/baseoperator.py", line 484, in apply_defaults
    result = func(self, **kwargs, default_args=default_args)
  File "/home/airflow/.local/lib/python3.10/site-packages/airflow/models/baseoperator.py", line 881, in __init__
    raise AirflowException(
airflow.exceptions.AirflowException: Invalid arguments were passed to PythonOperator (task_id: transform_data). Invalid arguments were:
**kwargs: {'provides_context': True}
[2025-05-09T16:02:45.421+0000] {processor.py:842} WARNING - No viable dags retrieved from /opt/airflow/dags/Pipeline_with_airflow.py
[2025-05-09T16:02:45.436+0000] {processor.py:183} INFO - Processing /opt/airflow/dags/Pipeline_with_airflow.py took 0.460 seconds
[2025-05-09T16:02:47.550+0000] {processor.py:161} INFO - Started process (PID=14157) to work on /opt/airflow/dags/Pipeline_with_airflow.py
[2025-05-09T16:02:47.553+0000] {processor.py:830} INFO - Processing file /opt/airflow/dags/Pipeline_with_airflow.py for tasks to queue
[2025-05-09T16:02:47.555+0000] {logging_mixin.py:188} INFO - [2025-05-09T16:02:47.554+0000] {dagbag.py:545} INFO - Filling up the DagBag from /opt/airflow/dags/Pipeline_with_airflow.py
[2025-05-09T16:02:48.000+0000] {logging_mixin.py:188} INFO - [2025-05-09T16:02:47.990+0000] {dagbag.py:355} ERROR - Failed to import: /opt/airflow/dags/Pipeline_with_airflow.py
Traceback (most recent call last):
  File "/home/airflow/.local/lib/python3.10/site-packages/airflow/models/dagbag.py", line 351, in parse
    loader.exec_module(new_module)
  File "<frozen importlib._bootstrap_external>", line 883, in exec_module
  File "<frozen importlib._bootstrap>", line 241, in _call_with_frames_removed
  File "/opt/airflow/dags/Pipeline_with_airflow.py", line 105, in <module>
    transform_task = PythonOperator(
  File "/home/airflow/.local/lib/python3.10/site-packages/airflow/models/baseoperator.py", line 484, in apply_defaults
    result = func(self, **kwargs, default_args=default_args)
  File "/home/airflow/.local/lib/python3.10/site-packages/airflow/operators/python.py", line 220, in __init__
    super().__init__(**kwargs)
  File "/home/airflow/.local/lib/python3.10/site-packages/airflow/models/baseoperator.py", line 484, in apply_defaults
    result = func(self, **kwargs, default_args=default_args)
  File "/home/airflow/.local/lib/python3.10/site-packages/airflow/models/baseoperator.py", line 881, in __init__
    raise AirflowException(
airflow.exceptions.AirflowException: Invalid arguments were passed to PythonOperator (task_id: transform_data). Invalid arguments were:
**kwargs: {'provides_context': True}
[2025-05-09T16:02:48.001+0000] {processor.py:842} WARNING - No viable dags retrieved from /opt/airflow/dags/Pipeline_with_airflow.py
[2025-05-09T16:02:48.018+0000] {processor.py:183} INFO - Processing /opt/airflow/dags/Pipeline_with_airflow.py took 0.475 seconds
[2025-05-09T16:02:52.131+0000] {processor.py:161} INFO - Started process (PID=14163) to work on /opt/airflow/dags/Pipeline_with_airflow.py
[2025-05-09T16:02:52.133+0000] {processor.py:830} INFO - Processing file /opt/airflow/dags/Pipeline_with_airflow.py for tasks to queue
[2025-05-09T16:02:52.135+0000] {logging_mixin.py:188} INFO - [2025-05-09T16:02:52.134+0000] {dagbag.py:545} INFO - Filling up the DagBag from /opt/airflow/dags/Pipeline_with_airflow.py
[2025-05-09T16:02:52.527+0000] {logging_mixin.py:188} INFO - [2025-05-09T16:02:52.522+0000] {dagbag.py:355} ERROR - Failed to import: /opt/airflow/dags/Pipeline_with_airflow.py
Traceback (most recent call last):
  File "/home/airflow/.local/lib/python3.10/site-packages/airflow/models/dagbag.py", line 351, in parse
    loader.exec_module(new_module)
  File "<frozen importlib._bootstrap_external>", line 883, in exec_module
  File "<frozen importlib._bootstrap>", line 241, in _call_with_frames_removed
  File "/opt/airflow/dags/Pipeline_with_airflow.py", line 105, in <module>
    transform_task = PythonOperator(
  File "/home/airflow/.local/lib/python3.10/site-packages/airflow/models/baseoperator.py", line 484, in apply_defaults
    result = func(self, **kwargs, default_args=default_args)
  File "/home/airflow/.local/lib/python3.10/site-packages/airflow/operators/python.py", line 220, in __init__
    super().__init__(**kwargs)
  File "/home/airflow/.local/lib/python3.10/site-packages/airflow/models/baseoperator.py", line 484, in apply_defaults
    result = func(self, **kwargs, default_args=default_args)
  File "/home/airflow/.local/lib/python3.10/site-packages/airflow/models/baseoperator.py", line 881, in __init__
    raise AirflowException(
airflow.exceptions.AirflowException: Invalid arguments were passed to PythonOperator (task_id: transform_data). Invalid arguments were:
**kwargs: {'provides_context': True}
[2025-05-09T16:02:52.528+0000] {processor.py:842} WARNING - No viable dags retrieved from /opt/airflow/dags/Pipeline_with_airflow.py
[2025-05-09T16:02:52.552+0000] {processor.py:183} INFO - Processing /opt/airflow/dags/Pipeline_with_airflow.py took 0.428 seconds
[2025-05-09T16:02:54.196+0000] {processor.py:161} INFO - Started process (PID=14169) to work on /opt/airflow/dags/Pipeline_with_airflow.py
[2025-05-09T16:02:54.197+0000] {processor.py:830} INFO - Processing file /opt/airflow/dags/Pipeline_with_airflow.py for tasks to queue
[2025-05-09T16:02:54.198+0000] {logging_mixin.py:188} INFO - [2025-05-09T16:02:54.198+0000] {dagbag.py:545} INFO - Filling up the DagBag from /opt/airflow/dags/Pipeline_with_airflow.py
[2025-05-09T16:02:54.593+0000] {logging_mixin.py:188} INFO - [2025-05-09T16:02:54.588+0000] {dagbag.py:355} ERROR - Failed to import: /opt/airflow/dags/Pipeline_with_airflow.py
Traceback (most recent call last):
  File "/home/airflow/.local/lib/python3.10/site-packages/airflow/models/dagbag.py", line 351, in parse
    loader.exec_module(new_module)
  File "<frozen importlib._bootstrap_external>", line 883, in exec_module
  File "<frozen importlib._bootstrap>", line 241, in _call_with_frames_removed
  File "/opt/airflow/dags/Pipeline_with_airflow.py", line 105, in <module>
    transform_task = PythonOperator(
  File "/home/airflow/.local/lib/python3.10/site-packages/airflow/models/baseoperator.py", line 484, in apply_defaults
    result = func(self, **kwargs, default_args=default_args)
  File "/home/airflow/.local/lib/python3.10/site-packages/airflow/operators/python.py", line 220, in __init__
    super().__init__(**kwargs)
  File "/home/airflow/.local/lib/python3.10/site-packages/airflow/models/baseoperator.py", line 484, in apply_defaults
    result = func(self, **kwargs, default_args=default_args)
  File "/home/airflow/.local/lib/python3.10/site-packages/airflow/models/baseoperator.py", line 881, in __init__
    raise AirflowException(
airflow.exceptions.AirflowException: Invalid arguments were passed to PythonOperator (task_id: transform_data). Invalid arguments were:
**kwargs: {'provides_context': True}
[2025-05-09T16:02:54.594+0000] {processor.py:842} WARNING - No viable dags retrieved from /opt/airflow/dags/Pipeline_with_airflow.py
[2025-05-09T16:02:54.638+0000] {processor.py:183} INFO - Processing /opt/airflow/dags/Pipeline_with_airflow.py took 0.449 seconds
[2025-05-09T16:02:55.751+0000] {processor.py:161} INFO - Started process (PID=14181) to work on /opt/airflow/dags/Pipeline_with_airflow.py
[2025-05-09T16:02:55.752+0000] {processor.py:830} INFO - Processing file /opt/airflow/dags/Pipeline_with_airflow.py for tasks to queue
[2025-05-09T16:02:55.754+0000] {logging_mixin.py:188} INFO - [2025-05-09T16:02:55.753+0000] {dagbag.py:545} INFO - Filling up the DagBag from /opt/airflow/dags/Pipeline_with_airflow.py
[2025-05-09T16:02:56.246+0000] {logging_mixin.py:188} INFO - [2025-05-09T16:02:56.238+0000] {dagbag.py:355} ERROR - Failed to import: /opt/airflow/dags/Pipeline_with_airflow.py
Traceback (most recent call last):
  File "/home/airflow/.local/lib/python3.10/site-packages/airflow/models/dagbag.py", line 351, in parse
    loader.exec_module(new_module)
  File "<frozen importlib._bootstrap_external>", line 883, in exec_module
  File "<frozen importlib._bootstrap>", line 241, in _call_with_frames_removed
  File "/opt/airflow/dags/Pipeline_with_airflow.py", line 105, in <module>
    transform_task = PythonOperator(
  File "/home/airflow/.local/lib/python3.10/site-packages/airflow/models/baseoperator.py", line 484, in apply_defaults
    result = func(self, **kwargs, default_args=default_args)
  File "/home/airflow/.local/lib/python3.10/site-packages/airflow/operators/python.py", line 220, in __init__
    super().__init__(**kwargs)
  File "/home/airflow/.local/lib/python3.10/site-packages/airflow/models/baseoperator.py", line 484, in apply_defaults
    result = func(self, **kwargs, default_args=default_args)
  File "/home/airflow/.local/lib/python3.10/site-packages/airflow/models/baseoperator.py", line 881, in __init__
    raise AirflowException(
airflow.exceptions.AirflowException: Invalid arguments were passed to PythonOperator (task_id: transform_data). Invalid arguments were:
**kwargs: {'provides_context': True}
[2025-05-09T16:02:56.247+0000] {processor.py:842} WARNING - No viable dags retrieved from /opt/airflow/dags/Pipeline_with_airflow.py
[2025-05-09T16:02:56.266+0000] {processor.py:183} INFO - Processing /opt/airflow/dags/Pipeline_with_airflow.py took 0.520 seconds
[2025-05-09T16:02:57.354+0000] {processor.py:161} INFO - Started process (PID=14187) to work on /opt/airflow/dags/Pipeline_with_airflow.py
[2025-05-09T16:02:57.356+0000] {processor.py:830} INFO - Processing file /opt/airflow/dags/Pipeline_with_airflow.py for tasks to queue
[2025-05-09T16:02:57.357+0000] {logging_mixin.py:188} INFO - [2025-05-09T16:02:57.357+0000] {dagbag.py:545} INFO - Filling up the DagBag from /opt/airflow/dags/Pipeline_with_airflow.py
[2025-05-09T16:02:57.747+0000] {logging_mixin.py:188} INFO - [2025-05-09T16:02:57.737+0000] {dagbag.py:355} ERROR - Failed to import: /opt/airflow/dags/Pipeline_with_airflow.py
Traceback (most recent call last):
  File "/home/airflow/.local/lib/python3.10/site-packages/airflow/models/dagbag.py", line 351, in parse
    loader.exec_module(new_module)
  File "<frozen importlib._bootstrap_external>", line 883, in exec_module
  File "<frozen importlib._bootstrap>", line 241, in _call_with_frames_removed
  File "/opt/airflow/dags/Pipeline_with_airflow.py", line 105, in <module>
    transform_task = PythonOperator(
  File "/home/airflow/.local/lib/python3.10/site-packages/airflow/models/baseoperator.py", line 484, in apply_defaults
    result = func(self, **kwargs, default_args=default_args)
  File "/home/airflow/.local/lib/python3.10/site-packages/airflow/operators/python.py", line 220, in __init__
    super().__init__(**kwargs)
  File "/home/airflow/.local/lib/python3.10/site-packages/airflow/models/baseoperator.py", line 484, in apply_defaults
    result = func(self, **kwargs, default_args=default_args)
  File "/home/airflow/.local/lib/python3.10/site-packages/airflow/models/baseoperator.py", line 881, in __init__
    raise AirflowException(
airflow.exceptions.AirflowException: Invalid arguments were passed to PythonOperator (task_id: transform_data). Invalid arguments were:
**kwargs: {'provides_context': True}
[2025-05-09T16:02:57.748+0000] {processor.py:842} WARNING - No viable dags retrieved from /opt/airflow/dags/Pipeline_with_airflow.py
[2025-05-09T16:02:57.768+0000] {processor.py:183} INFO - Processing /opt/airflow/dags/Pipeline_with_airflow.py took 0.421 seconds
[2025-05-09T16:03:00.036+0000] {processor.py:161} INFO - Started process (PID=14203) to work on /opt/airflow/dags/Pipeline_with_airflow.py
[2025-05-09T16:03:00.039+0000] {processor.py:830} INFO - Processing file /opt/airflow/dags/Pipeline_with_airflow.py for tasks to queue
[2025-05-09T16:03:00.041+0000] {logging_mixin.py:188} INFO - [2025-05-09T16:03:00.040+0000] {dagbag.py:545} INFO - Filling up the DagBag from /opt/airflow/dags/Pipeline_with_airflow.py
[2025-05-09T16:03:00.081+0000] {logging_mixin.py:188} INFO - [2025-05-09T16:03:00.080+0000] {dagbag.py:355} ERROR - Failed to import: /opt/airflow/dags/Pipeline_with_airflow.py
Traceback (most recent call last):
  File "/home/airflow/.local/lib/python3.10/site-packages/airflow/models/dagbag.py", line 351, in parse
    loader.exec_module(new_module)
  File "<frozen importlib._bootstrap_external>", line 879, in exec_module
  File "<frozen importlib._bootstrap_external>", line 1017, in get_code
  File "<frozen importlib._bootstrap_external>", line 947, in source_to_code
  File "<frozen importlib._bootstrap>", line 241, in _call_with_frames_removed
  File "/opt/airflow/dags/Pipeline_with_airflow.py", line 61
    data.to_sql(weat'her_data, con=engine, if_exists='append', index=False, schema='weather_data')
                                                                                                ^
SyntaxError: unterminated string literal (detected at line 61)
[2025-05-09T16:03:00.083+0000] {processor.py:842} WARNING - No viable dags retrieved from /opt/airflow/dags/Pipeline_with_airflow.py
[2025-05-09T16:03:00.118+0000] {processor.py:183} INFO - Processing /opt/airflow/dags/Pipeline_with_airflow.py took 0.090 seconds
[2025-05-09T16:03:01.256+0000] {processor.py:161} INFO - Started process (PID=14218) to work on /opt/airflow/dags/Pipeline_with_airflow.py
[2025-05-09T16:03:01.257+0000] {processor.py:830} INFO - Processing file /opt/airflow/dags/Pipeline_with_airflow.py for tasks to queue
[2025-05-09T16:03:01.259+0000] {logging_mixin.py:188} INFO - [2025-05-09T16:03:01.258+0000] {dagbag.py:545} INFO - Filling up the DagBag from /opt/airflow/dags/Pipeline_with_airflow.py
[2025-05-09T16:03:01.668+0000] {logging_mixin.py:188} INFO - [2025-05-09T16:03:01.656+0000] {dagbag.py:355} ERROR - Failed to import: /opt/airflow/dags/Pipeline_with_airflow.py
Traceback (most recent call last):
  File "/home/airflow/.local/lib/python3.10/site-packages/airflow/models/dagbag.py", line 351, in parse
    loader.exec_module(new_module)
  File "<frozen importlib._bootstrap_external>", line 883, in exec_module
  File "<frozen importlib._bootstrap>", line 241, in _call_with_frames_removed
  File "/opt/airflow/dags/Pipeline_with_airflow.py", line 105, in <module>
    transform_task = PythonOperator(
  File "/home/airflow/.local/lib/python3.10/site-packages/airflow/models/baseoperator.py", line 484, in apply_defaults
    result = func(self, **kwargs, default_args=default_args)
  File "/home/airflow/.local/lib/python3.10/site-packages/airflow/operators/python.py", line 220, in __init__
    super().__init__(**kwargs)
  File "/home/airflow/.local/lib/python3.10/site-packages/airflow/models/baseoperator.py", line 484, in apply_defaults
    result = func(self, **kwargs, default_args=default_args)
  File "/home/airflow/.local/lib/python3.10/site-packages/airflow/models/baseoperator.py", line 881, in __init__
    raise AirflowException(
airflow.exceptions.AirflowException: Invalid arguments were passed to PythonOperator (task_id: transform_data). Invalid arguments were:
**kwargs: {'provides_context': True}
[2025-05-09T16:03:01.669+0000] {processor.py:842} WARNING - No viable dags retrieved from /opt/airflow/dags/Pipeline_with_airflow.py
[2025-05-09T16:03:01.690+0000] {processor.py:183} INFO - Processing /opt/airflow/dags/Pipeline_with_airflow.py took 0.440 seconds
[2025-05-09T16:03:02.859+0000] {processor.py:161} INFO - Started process (PID=14254) to work on /opt/airflow/dags/Pipeline_with_airflow.py
[2025-05-09T16:03:02.861+0000] {processor.py:830} INFO - Processing file /opt/airflow/dags/Pipeline_with_airflow.py for tasks to queue
[2025-05-09T16:03:02.862+0000] {logging_mixin.py:188} INFO - [2025-05-09T16:03:02.861+0000] {dagbag.py:545} INFO - Filling up the DagBag from /opt/airflow/dags/Pipeline_with_airflow.py
[2025-05-09T16:03:03.305+0000] {logging_mixin.py:188} INFO - [2025-05-09T16:03:03.297+0000] {dagbag.py:355} ERROR - Failed to import: /opt/airflow/dags/Pipeline_with_airflow.py
Traceback (most recent call last):
  File "/home/airflow/.local/lib/python3.10/site-packages/airflow/models/dagbag.py", line 351, in parse
    loader.exec_module(new_module)
  File "<frozen importlib._bootstrap_external>", line 883, in exec_module
  File "<frozen importlib._bootstrap>", line 241, in _call_with_frames_removed
  File "/opt/airflow/dags/Pipeline_with_airflow.py", line 105, in <module>
    transform_task = PythonOperator(
  File "/home/airflow/.local/lib/python3.10/site-packages/airflow/models/baseoperator.py", line 484, in apply_defaults
    result = func(self, **kwargs, default_args=default_args)
  File "/home/airflow/.local/lib/python3.10/site-packages/airflow/operators/python.py", line 220, in __init__
    super().__init__(**kwargs)
  File "/home/airflow/.local/lib/python3.10/site-packages/airflow/models/baseoperator.py", line 484, in apply_defaults
    result = func(self, **kwargs, default_args=default_args)
  File "/home/airflow/.local/lib/python3.10/site-packages/airflow/models/baseoperator.py", line 881, in __init__
    raise AirflowException(
airflow.exceptions.AirflowException: Invalid arguments were passed to PythonOperator (task_id: transform_data). Invalid arguments were:
**kwargs: {'provides_context': True}
[2025-05-09T16:03:03.306+0000] {processor.py:842} WARNING - No viable dags retrieved from /opt/airflow/dags/Pipeline_with_airflow.py
[2025-05-09T16:03:03.320+0000] {processor.py:183} INFO - Processing /opt/airflow/dags/Pipeline_with_airflow.py took 0.470 seconds
[2025-05-09T16:03:08.976+0000] {processor.py:161} INFO - Started process (PID=14325) to work on /opt/airflow/dags/Pipeline_with_airflow.py
[2025-05-09T16:03:08.978+0000] {processor.py:830} INFO - Processing file /opt/airflow/dags/Pipeline_with_airflow.py for tasks to queue
[2025-05-09T16:03:08.979+0000] {logging_mixin.py:188} INFO - [2025-05-09T16:03:08.978+0000] {dagbag.py:545} INFO - Filling up the DagBag from /opt/airflow/dags/Pipeline_with_airflow.py
[2025-05-09T16:03:09.484+0000] {logging_mixin.py:188} INFO - [2025-05-09T16:03:09.475+0000] {dagbag.py:355} ERROR - Failed to import: /opt/airflow/dags/Pipeline_with_airflow.py
Traceback (most recent call last):
  File "/home/airflow/.local/lib/python3.10/site-packages/airflow/models/dagbag.py", line 351, in parse
    loader.exec_module(new_module)
  File "<frozen importlib._bootstrap_external>", line 883, in exec_module
  File "<frozen importlib._bootstrap>", line 241, in _call_with_frames_removed
  File "/opt/airflow/dags/Pipeline_with_airflow.py", line 105, in <module>
    transform_task = PythonOperator(
  File "/home/airflow/.local/lib/python3.10/site-packages/airflow/models/baseoperator.py", line 484, in apply_defaults
    result = func(self, **kwargs, default_args=default_args)
  File "/home/airflow/.local/lib/python3.10/site-packages/airflow/operators/python.py", line 220, in __init__
    super().__init__(**kwargs)
  File "/home/airflow/.local/lib/python3.10/site-packages/airflow/models/baseoperator.py", line 484, in apply_defaults
    result = func(self, **kwargs, default_args=default_args)
  File "/home/airflow/.local/lib/python3.10/site-packages/airflow/models/baseoperator.py", line 881, in __init__
    raise AirflowException(
airflow.exceptions.AirflowException: Invalid arguments were passed to PythonOperator (task_id: transform_data). Invalid arguments were:
**kwargs: {'provides_context': True}
[2025-05-09T16:03:09.485+0000] {processor.py:842} WARNING - No viable dags retrieved from /opt/airflow/dags/Pipeline_with_airflow.py
[2025-05-09T16:03:09.513+0000] {processor.py:183} INFO - Processing /opt/airflow/dags/Pipeline_with_airflow.py took 0.544 seconds
[2025-05-09T16:03:23.430+0000] {processor.py:161} INFO - Started process (PID=14466) to work on /opt/airflow/dags/Pipeline_with_airflow.py
[2025-05-09T16:03:23.432+0000] {processor.py:830} INFO - Processing file /opt/airflow/dags/Pipeline_with_airflow.py for tasks to queue
[2025-05-09T16:03:23.433+0000] {logging_mixin.py:188} INFO - [2025-05-09T16:03:23.433+0000] {dagbag.py:545} INFO - Filling up the DagBag from /opt/airflow/dags/Pipeline_with_airflow.py
[2025-05-09T16:03:23.914+0000] {logging_mixin.py:188} INFO - [2025-05-09T16:03:23.908+0000] {dagbag.py:355} ERROR - Failed to import: /opt/airflow/dags/Pipeline_with_airflow.py
Traceback (most recent call last):
  File "/home/airflow/.local/lib/python3.10/site-packages/airflow/models/dagbag.py", line 351, in parse
    loader.exec_module(new_module)
  File "<frozen importlib._bootstrap_external>", line 883, in exec_module
  File "<frozen importlib._bootstrap>", line 241, in _call_with_frames_removed
  File "/opt/airflow/dags/Pipeline_with_airflow.py", line 105, in <module>
    transform_task = PythonOperator(
  File "/home/airflow/.local/lib/python3.10/site-packages/airflow/models/baseoperator.py", line 484, in apply_defaults
    result = func(self, **kwargs, default_args=default_args)
  File "/home/airflow/.local/lib/python3.10/site-packages/airflow/operators/python.py", line 220, in __init__
    super().__init__(**kwargs)
  File "/home/airflow/.local/lib/python3.10/site-packages/airflow/models/baseoperator.py", line 484, in apply_defaults
    result = func(self, **kwargs, default_args=default_args)
  File "/home/airflow/.local/lib/python3.10/site-packages/airflow/models/baseoperator.py", line 881, in __init__
    raise AirflowException(
airflow.exceptions.AirflowException: Invalid arguments were passed to PythonOperator (task_id: transform_data). Invalid arguments were:
**kwargs: {'provides_context': True}
[2025-05-09T16:03:23.915+0000] {processor.py:842} WARNING - No viable dags retrieved from /opt/airflow/dags/Pipeline_with_airflow.py
[2025-05-09T16:03:23.934+0000] {processor.py:183} INFO - Processing /opt/airflow/dags/Pipeline_with_airflow.py took 0.509 seconds
[2025-05-09T16:03:27.530+0000] {processor.py:161} INFO - Started process (PID=14478) to work on /opt/airflow/dags/Pipeline_with_airflow.py
[2025-05-09T16:03:27.531+0000] {processor.py:830} INFO - Processing file /opt/airflow/dags/Pipeline_with_airflow.py for tasks to queue
[2025-05-09T16:03:27.532+0000] {logging_mixin.py:188} INFO - [2025-05-09T16:03:27.532+0000] {dagbag.py:545} INFO - Filling up the DagBag from /opt/airflow/dags/Pipeline_with_airflow.py
[2025-05-09T16:03:27.936+0000] {logging_mixin.py:188} INFO - [2025-05-09T16:03:27.925+0000] {dagbag.py:355} ERROR - Failed to import: /opt/airflow/dags/Pipeline_with_airflow.py
Traceback (most recent call last):
  File "/home/airflow/.local/lib/python3.10/site-packages/airflow/models/dagbag.py", line 351, in parse
    loader.exec_module(new_module)
  File "<frozen importlib._bootstrap_external>", line 883, in exec_module
  File "<frozen importlib._bootstrap>", line 241, in _call_with_frames_removed
  File "/opt/airflow/dags/Pipeline_with_airflow.py", line 105, in <module>
    transform_task = PythonOperator(
  File "/home/airflow/.local/lib/python3.10/site-packages/airflow/models/baseoperator.py", line 484, in apply_defaults
    result = func(self, **kwargs, default_args=default_args)
  File "/home/airflow/.local/lib/python3.10/site-packages/airflow/operators/python.py", line 220, in __init__
    super().__init__(**kwargs)
  File "/home/airflow/.local/lib/python3.10/site-packages/airflow/models/baseoperator.py", line 484, in apply_defaults
    result = func(self, **kwargs, default_args=default_args)
  File "/home/airflow/.local/lib/python3.10/site-packages/airflow/models/baseoperator.py", line 881, in __init__
    raise AirflowException(
airflow.exceptions.AirflowException: Invalid arguments were passed to PythonOperator (task_id: transform_data). Invalid arguments were:
**kwargs: {'provides_context': True}
[2025-05-09T16:03:27.937+0000] {processor.py:842} WARNING - No viable dags retrieved from /opt/airflow/dags/Pipeline_with_airflow.py
[2025-05-09T16:03:27.961+0000] {processor.py:183} INFO - Processing /opt/airflow/dags/Pipeline_with_airflow.py took 0.437 seconds
[2025-05-09T16:03:58.133+0000] {processor.py:161} INFO - Started process (PID=14740) to work on /opt/airflow/dags/Pipeline_with_airflow.py
[2025-05-09T16:03:58.135+0000] {processor.py:830} INFO - Processing file /opt/airflow/dags/Pipeline_with_airflow.py for tasks to queue
[2025-05-09T16:03:58.137+0000] {logging_mixin.py:188} INFO - [2025-05-09T16:03:58.136+0000] {dagbag.py:545} INFO - Filling up the DagBag from /opt/airflow/dags/Pipeline_with_airflow.py
[2025-05-09T16:03:58.548+0000] {logging_mixin.py:188} INFO - [2025-05-09T16:03:58.542+0000] {dagbag.py:355} ERROR - Failed to import: /opt/airflow/dags/Pipeline_with_airflow.py
Traceback (most recent call last):
  File "/home/airflow/.local/lib/python3.10/site-packages/airflow/models/dagbag.py", line 351, in parse
    loader.exec_module(new_module)
  File "<frozen importlib._bootstrap_external>", line 883, in exec_module
  File "<frozen importlib._bootstrap>", line 241, in _call_with_frames_removed
  File "/opt/airflow/dags/Pipeline_with_airflow.py", line 105, in <module>
    transform_task = PythonOperator(
  File "/home/airflow/.local/lib/python3.10/site-packages/airflow/models/baseoperator.py", line 484, in apply_defaults
    result = func(self, **kwargs, default_args=default_args)
  File "/home/airflow/.local/lib/python3.10/site-packages/airflow/operators/python.py", line 220, in __init__
    super().__init__(**kwargs)
  File "/home/airflow/.local/lib/python3.10/site-packages/airflow/models/baseoperator.py", line 484, in apply_defaults
    result = func(self, **kwargs, default_args=default_args)
  File "/home/airflow/.local/lib/python3.10/site-packages/airflow/models/baseoperator.py", line 881, in __init__
    raise AirflowException(
airflow.exceptions.AirflowException: Invalid arguments were passed to PythonOperator (task_id: transform_data). Invalid arguments were:
**kwargs: {'provides_context': True}
[2025-05-09T16:03:58.549+0000] {processor.py:842} WARNING - No viable dags retrieved from /opt/airflow/dags/Pipeline_with_airflow.py
[2025-05-09T16:03:58.566+0000] {processor.py:183} INFO - Processing /opt/airflow/dags/Pipeline_with_airflow.py took 0.440 seconds
[2025-05-09T16:04:29.072+0000] {processor.py:161} INFO - Started process (PID=15002) to work on /opt/airflow/dags/Pipeline_with_airflow.py
[2025-05-09T16:04:29.075+0000] {processor.py:830} INFO - Processing file /opt/airflow/dags/Pipeline_with_airflow.py for tasks to queue
[2025-05-09T16:04:29.076+0000] {logging_mixin.py:188} INFO - [2025-05-09T16:04:29.076+0000] {dagbag.py:545} INFO - Filling up the DagBag from /opt/airflow/dags/Pipeline_with_airflow.py
[2025-05-09T16:04:29.539+0000] {logging_mixin.py:188} INFO - [2025-05-09T16:04:29.532+0000] {dagbag.py:355} ERROR - Failed to import: /opt/airflow/dags/Pipeline_with_airflow.py
Traceback (most recent call last):
  File "/home/airflow/.local/lib/python3.10/site-packages/airflow/models/dagbag.py", line 351, in parse
    loader.exec_module(new_module)
  File "<frozen importlib._bootstrap_external>", line 883, in exec_module
  File "<frozen importlib._bootstrap>", line 241, in _call_with_frames_removed
  File "/opt/airflow/dags/Pipeline_with_airflow.py", line 105, in <module>
    transform_task = PythonOperator(
  File "/home/airflow/.local/lib/python3.10/site-packages/airflow/models/baseoperator.py", line 484, in apply_defaults
    result = func(self, **kwargs, default_args=default_args)
  File "/home/airflow/.local/lib/python3.10/site-packages/airflow/operators/python.py", line 220, in __init__
    super().__init__(**kwargs)
  File "/home/airflow/.local/lib/python3.10/site-packages/airflow/models/baseoperator.py", line 484, in apply_defaults
    result = func(self, **kwargs, default_args=default_args)
  File "/home/airflow/.local/lib/python3.10/site-packages/airflow/models/baseoperator.py", line 881, in __init__
    raise AirflowException(
airflow.exceptions.AirflowException: Invalid arguments were passed to PythonOperator (task_id: transform_data). Invalid arguments were:
**kwargs: {'provides_context': True}
[2025-05-09T16:04:29.540+0000] {processor.py:842} WARNING - No viable dags retrieved from /opt/airflow/dags/Pipeline_with_airflow.py
[2025-05-09T16:04:29.561+0000] {processor.py:183} INFO - Processing /opt/airflow/dags/Pipeline_with_airflow.py took 0.499 seconds
[2025-05-09T16:05:14.396+0000] {processor.py:161} INFO - Started process (PID=168) to work on /opt/airflow/dags/Pipeline_with_airflow.py
[2025-05-09T16:05:14.399+0000] {processor.py:830} INFO - Processing file /opt/airflow/dags/Pipeline_with_airflow.py for tasks to queue
[2025-05-09T16:05:14.404+0000] {logging_mixin.py:188} INFO - [2025-05-09T16:05:14.403+0000] {dagbag.py:545} INFO - Filling up the DagBag from /opt/airflow/dags/Pipeline_with_airflow.py
[2025-05-09T16:05:14.951+0000] {logging_mixin.py:188} INFO - [2025-05-09T16:05:14.942+0000] {dagbag.py:355} ERROR - Failed to import: /opt/airflow/dags/Pipeline_with_airflow.py
Traceback (most recent call last):
  File "/home/airflow/.local/lib/python3.10/site-packages/airflow/models/dagbag.py", line 351, in parse
    loader.exec_module(new_module)
  File "<frozen importlib._bootstrap_external>", line 883, in exec_module
  File "<frozen importlib._bootstrap>", line 241, in _call_with_frames_removed
  File "/opt/airflow/dags/Pipeline_with_airflow.py", line 105, in <module>
    transform_task = PythonOperator(
  File "/home/airflow/.local/lib/python3.10/site-packages/airflow/models/baseoperator.py", line 484, in apply_defaults
    result = func(self, **kwargs, default_args=default_args)
  File "/home/airflow/.local/lib/python3.10/site-packages/airflow/operators/python.py", line 220, in __init__
    super().__init__(**kwargs)
  File "/home/airflow/.local/lib/python3.10/site-packages/airflow/models/baseoperator.py", line 484, in apply_defaults
    result = func(self, **kwargs, default_args=default_args)
  File "/home/airflow/.local/lib/python3.10/site-packages/airflow/models/baseoperator.py", line 881, in __init__
    raise AirflowException(
airflow.exceptions.AirflowException: Invalid arguments were passed to PythonOperator (task_id: transform_data). Invalid arguments were:
**kwargs: {'provides_context': True}
[2025-05-09T16:05:14.953+0000] {processor.py:842} WARNING - No viable dags retrieved from /opt/airflow/dags/Pipeline_with_airflow.py
[2025-05-09T16:05:14.984+0000] {processor.py:183} INFO - Processing /opt/airflow/dags/Pipeline_with_airflow.py took 0.605 seconds
[2025-05-09T16:05:45.264+0000] {processor.py:161} INFO - Started process (PID=430) to work on /opt/airflow/dags/Pipeline_with_airflow.py
[2025-05-09T16:05:45.267+0000] {processor.py:830} INFO - Processing file /opt/airflow/dags/Pipeline_with_airflow.py for tasks to queue
[2025-05-09T16:05:45.272+0000] {logging_mixin.py:188} INFO - [2025-05-09T16:05:45.271+0000] {dagbag.py:545} INFO - Filling up the DagBag from /opt/airflow/dags/Pipeline_with_airflow.py
[2025-05-09T16:05:45.640+0000] {logging_mixin.py:188} INFO - [2025-05-09T16:05:45.628+0000] {dagbag.py:355} ERROR - Failed to import: /opt/airflow/dags/Pipeline_with_airflow.py
Traceback (most recent call last):
  File "/home/airflow/.local/lib/python3.10/site-packages/airflow/models/dagbag.py", line 351, in parse
    loader.exec_module(new_module)
  File "<frozen importlib._bootstrap_external>", line 883, in exec_module
  File "<frozen importlib._bootstrap>", line 241, in _call_with_frames_removed
  File "/opt/airflow/dags/Pipeline_with_airflow.py", line 105, in <module>
    transform_task = PythonOperator(
  File "/home/airflow/.local/lib/python3.10/site-packages/airflow/models/baseoperator.py", line 484, in apply_defaults
    result = func(self, **kwargs, default_args=default_args)
  File "/home/airflow/.local/lib/python3.10/site-packages/airflow/operators/python.py", line 220, in __init__
    super().__init__(**kwargs)
  File "/home/airflow/.local/lib/python3.10/site-packages/airflow/models/baseoperator.py", line 484, in apply_defaults
    result = func(self, **kwargs, default_args=default_args)
  File "/home/airflow/.local/lib/python3.10/site-packages/airflow/models/baseoperator.py", line 881, in __init__
    raise AirflowException(
airflow.exceptions.AirflowException: Invalid arguments were passed to PythonOperator (task_id: transform_data). Invalid arguments were:
**kwargs: {'provides_context': True}
[2025-05-09T16:05:45.642+0000] {processor.py:842} WARNING - No viable dags retrieved from /opt/airflow/dags/Pipeline_with_airflow.py
[2025-05-09T16:05:45.666+0000] {processor.py:183} INFO - Processing /opt/airflow/dags/Pipeline_with_airflow.py took 0.412 seconds
[2025-05-09T16:06:16.185+0000] {processor.py:161} INFO - Started process (PID=692) to work on /opt/airflow/dags/Pipeline_with_airflow.py
[2025-05-09T16:06:16.187+0000] {processor.py:830} INFO - Processing file /opt/airflow/dags/Pipeline_with_airflow.py for tasks to queue
[2025-05-09T16:06:16.189+0000] {logging_mixin.py:188} INFO - [2025-05-09T16:06:16.189+0000] {dagbag.py:545} INFO - Filling up the DagBag from /opt/airflow/dags/Pipeline_with_airflow.py
[2025-05-09T16:06:16.522+0000] {logging_mixin.py:188} INFO - [2025-05-09T16:06:16.513+0000] {dagbag.py:355} ERROR - Failed to import: /opt/airflow/dags/Pipeline_with_airflow.py
Traceback (most recent call last):
  File "/home/airflow/.local/lib/python3.10/site-packages/airflow/models/dagbag.py", line 351, in parse
    loader.exec_module(new_module)
  File "<frozen importlib._bootstrap_external>", line 883, in exec_module
  File "<frozen importlib._bootstrap>", line 241, in _call_with_frames_removed
  File "/opt/airflow/dags/Pipeline_with_airflow.py", line 105, in <module>
    transform_task = PythonOperator(
  File "/home/airflow/.local/lib/python3.10/site-packages/airflow/models/baseoperator.py", line 484, in apply_defaults
    result = func(self, **kwargs, default_args=default_args)
  File "/home/airflow/.local/lib/python3.10/site-packages/airflow/operators/python.py", line 220, in __init__
    super().__init__(**kwargs)
  File "/home/airflow/.local/lib/python3.10/site-packages/airflow/models/baseoperator.py", line 484, in apply_defaults
    result = func(self, **kwargs, default_args=default_args)
  File "/home/airflow/.local/lib/python3.10/site-packages/airflow/models/baseoperator.py", line 881, in __init__
    raise AirflowException(
airflow.exceptions.AirflowException: Invalid arguments were passed to PythonOperator (task_id: transform_data). Invalid arguments were:
**kwargs: {'provides_context': True}
[2025-05-09T16:06:16.523+0000] {processor.py:842} WARNING - No viable dags retrieved from /opt/airflow/dags/Pipeline_with_airflow.py
[2025-05-09T16:06:16.548+0000] {processor.py:183} INFO - Processing /opt/airflow/dags/Pipeline_with_airflow.py took 0.369 seconds
[2025-05-09T16:06:46.783+0000] {processor.py:161} INFO - Started process (PID=964) to work on /opt/airflow/dags/Pipeline_with_airflow.py
[2025-05-09T16:06:46.785+0000] {processor.py:830} INFO - Processing file /opt/airflow/dags/Pipeline_with_airflow.py for tasks to queue
[2025-05-09T16:06:46.789+0000] {logging_mixin.py:188} INFO - [2025-05-09T16:06:46.789+0000] {dagbag.py:545} INFO - Filling up the DagBag from /opt/airflow/dags/Pipeline_with_airflow.py
[2025-05-09T16:06:47.130+0000] {logging_mixin.py:188} INFO - [2025-05-09T16:06:47.120+0000] {dagbag.py:355} ERROR - Failed to import: /opt/airflow/dags/Pipeline_with_airflow.py
Traceback (most recent call last):
  File "/home/airflow/.local/lib/python3.10/site-packages/airflow/models/dagbag.py", line 351, in parse
    loader.exec_module(new_module)
  File "<frozen importlib._bootstrap_external>", line 883, in exec_module
  File "<frozen importlib._bootstrap>", line 241, in _call_with_frames_removed
  File "/opt/airflow/dags/Pipeline_with_airflow.py", line 105, in <module>
    transform_task = PythonOperator(
  File "/home/airflow/.local/lib/python3.10/site-packages/airflow/models/baseoperator.py", line 484, in apply_defaults
    result = func(self, **kwargs, default_args=default_args)
  File "/home/airflow/.local/lib/python3.10/site-packages/airflow/operators/python.py", line 220, in __init__
    super().__init__(**kwargs)
  File "/home/airflow/.local/lib/python3.10/site-packages/airflow/models/baseoperator.py", line 484, in apply_defaults
    result = func(self, **kwargs, default_args=default_args)
  File "/home/airflow/.local/lib/python3.10/site-packages/airflow/models/baseoperator.py", line 881, in __init__
    raise AirflowException(
airflow.exceptions.AirflowException: Invalid arguments were passed to PythonOperator (task_id: transform_data). Invalid arguments were:
**kwargs: {'provides_context': True}
[2025-05-09T16:06:47.131+0000] {processor.py:842} WARNING - No viable dags retrieved from /opt/airflow/dags/Pipeline_with_airflow.py
[2025-05-09T16:06:47.156+0000] {processor.py:183} INFO - Processing /opt/airflow/dags/Pipeline_with_airflow.py took 0.380 seconds
[2025-05-09T16:06:53.987+0000] {processor.py:161} INFO - Started process (PID=1216) to work on /opt/airflow/dags/Pipeline_with_airflow.py
[2025-05-09T16:06:53.989+0000] {processor.py:830} INFO - Processing file /opt/airflow/dags/Pipeline_with_airflow.py for tasks to queue
[2025-05-09T16:06:53.992+0000] {logging_mixin.py:188} INFO - [2025-05-09T16:06:53.991+0000] {dagbag.py:545} INFO - Filling up the DagBag from /opt/airflow/dags/Pipeline_with_airflow.py
[2025-05-09T16:06:54.333+0000] {logging_mixin.py:188} INFO - [2025-05-09T16:06:54.324+0000] {dagbag.py:355} ERROR - Failed to import: /opt/airflow/dags/Pipeline_with_airflow.py
Traceback (most recent call last):
  File "/home/airflow/.local/lib/python3.10/site-packages/airflow/models/dagbag.py", line 351, in parse
    loader.exec_module(new_module)
  File "<frozen importlib._bootstrap_external>", line 883, in exec_module
  File "<frozen importlib._bootstrap>", line 241, in _call_with_frames_removed
  File "/opt/airflow/dags/Pipeline_with_airflow.py", line 113, in <module>
    load_task = PythonOperator(
  File "/home/airflow/.local/lib/python3.10/site-packages/airflow/models/baseoperator.py", line 484, in apply_defaults
    result = func(self, **kwargs, default_args=default_args)
  File "/home/airflow/.local/lib/python3.10/site-packages/airflow/operators/python.py", line 220, in __init__
    super().__init__(**kwargs)
  File "/home/airflow/.local/lib/python3.10/site-packages/airflow/models/baseoperator.py", line 484, in apply_defaults
    result = func(self, **kwargs, default_args=default_args)
  File "/home/airflow/.local/lib/python3.10/site-packages/airflow/models/baseoperator.py", line 881, in __init__
    raise AirflowException(
airflow.exceptions.AirflowException: Invalid arguments were passed to PythonOperator (task_id: load_data). Invalid arguments were:
**kwargs: {'provides_context': True}
[2025-05-09T16:06:54.334+0000] {processor.py:842} WARNING - No viable dags retrieved from /opt/airflow/dags/Pipeline_with_airflow.py
[2025-05-09T16:06:54.355+0000] {processor.py:183} INFO - Processing /opt/airflow/dags/Pipeline_with_airflow.py took 0.375 seconds
[2025-05-09T16:06:57.051+0000] {processor.py:161} INFO - Started process (PID=1222) to work on /opt/airflow/dags/Pipeline_with_airflow.py
[2025-05-09T16:06:57.053+0000] {processor.py:830} INFO - Processing file /opt/airflow/dags/Pipeline_with_airflow.py for tasks to queue
[2025-05-09T16:06:57.055+0000] {logging_mixin.py:188} INFO - [2025-05-09T16:06:57.054+0000] {dagbag.py:545} INFO - Filling up the DagBag from /opt/airflow/dags/Pipeline_with_airflow.py
[2025-05-09T16:06:57.358+0000] {processor.py:840} INFO - DAG(s) 'weather_data_pipeline' retrieved from /opt/airflow/dags/Pipeline_with_airflow.py
[2025-05-09T16:06:57.466+0000] {logging_mixin.py:188} INFO - [2025-05-09T16:06:57.465+0000] {dag.py:3096} INFO - Sync 1 DAGs
[2025-05-09T16:06:57.491+0000] {logging_mixin.py:188} INFO - [2025-05-09T16:06:57.491+0000] {dag.py:3954} INFO - Setting next_dagrun for weather_data_pipeline to 2025-05-09 16:05:00+00:00, run_after=2025-05-09 16:06:00+00:00
[2025-05-09T16:06:57.527+0000] {processor.py:183} INFO - Processing /opt/airflow/dags/Pipeline_with_airflow.py took 0.481 seconds
[2025-05-09T16:07:27.740+0000] {processor.py:161} INFO - Started process (PID=1514) to work on /opt/airflow/dags/Pipeline_with_airflow.py
[2025-05-09T16:07:27.742+0000] {processor.py:830} INFO - Processing file /opt/airflow/dags/Pipeline_with_airflow.py for tasks to queue
[2025-05-09T16:07:27.744+0000] {logging_mixin.py:188} INFO - [2025-05-09T16:07:27.744+0000] {dagbag.py:545} INFO - Filling up the DagBag from /opt/airflow/dags/Pipeline_with_airflow.py
[2025-05-09T16:07:28.039+0000] {processor.py:840} INFO - DAG(s) 'weather_data_pipeline' retrieved from /opt/airflow/dags/Pipeline_with_airflow.py
[2025-05-09T16:07:28.064+0000] {logging_mixin.py:188} INFO - [2025-05-09T16:07:28.063+0000] {dag.py:3096} INFO - Sync 1 DAGs
[2025-05-09T16:07:28.084+0000] {logging_mixin.py:188} INFO - [2025-05-09T16:07:28.084+0000] {dag.py:3954} INFO - Setting next_dagrun for weather_data_pipeline to 2025-05-09 16:07:00+00:00, run_after=2025-05-09 16:08:00+00:00
[2025-05-09T16:07:28.114+0000] {processor.py:183} INFO - Processing /opt/airflow/dags/Pipeline_with_airflow.py took 0.380 seconds
[2025-05-09T16:07:58.774+0000] {processor.py:161} INFO - Started process (PID=1776) to work on /opt/airflow/dags/Pipeline_with_airflow.py
[2025-05-09T16:07:58.776+0000] {processor.py:830} INFO - Processing file /opt/airflow/dags/Pipeline_with_airflow.py for tasks to queue
[2025-05-09T16:07:58.778+0000] {logging_mixin.py:188} INFO - [2025-05-09T16:07:58.777+0000] {dagbag.py:545} INFO - Filling up the DagBag from /opt/airflow/dags/Pipeline_with_airflow.py
[2025-05-09T16:07:59.033+0000] {processor.py:840} INFO - DAG(s) 'weather_data_pipeline' retrieved from /opt/airflow/dags/Pipeline_with_airflow.py
[2025-05-09T16:07:59.052+0000] {logging_mixin.py:188} INFO - [2025-05-09T16:07:59.052+0000] {dag.py:3096} INFO - Sync 1 DAGs
[2025-05-09T16:07:59.069+0000] {logging_mixin.py:188} INFO - [2025-05-09T16:07:59.069+0000] {dag.py:3954} INFO - Setting next_dagrun for weather_data_pipeline to 2025-05-09 16:07:00+00:00, run_after=2025-05-09 16:08:00+00:00
[2025-05-09T16:07:59.091+0000] {processor.py:183} INFO - Processing /opt/airflow/dags/Pipeline_with_airflow.py took 0.322 seconds
[2025-05-09T16:08:23.256+0000] {processor.py:161} INFO - Started process (PID=1988) to work on /opt/airflow/dags/Pipeline_with_airflow.py
[2025-05-09T16:08:23.257+0000] {processor.py:830} INFO - Processing file /opt/airflow/dags/Pipeline_with_airflow.py for tasks to queue
[2025-05-09T16:08:23.260+0000] {logging_mixin.py:188} INFO - [2025-05-09T16:08:23.260+0000] {dagbag.py:545} INFO - Filling up the DagBag from /opt/airflow/dags/Pipeline_with_airflow.py
[2025-05-09T16:08:23.629+0000] {processor.py:840} INFO - DAG(s) 'weather_data_pipeline' retrieved from /opt/airflow/dags/Pipeline_with_airflow.py
[2025-05-09T16:08:23.659+0000] {logging_mixin.py:188} INFO - [2025-05-09T16:08:23.658+0000] {dag.py:3096} INFO - Sync 1 DAGs
[2025-05-09T16:08:23.691+0000] {logging_mixin.py:188} INFO - [2025-05-09T16:08:23.691+0000] {dag.py:3954} INFO - Setting next_dagrun for weather_data_pipeline to 2025-05-09 16:08:00+00:00, run_after=2025-05-09 16:09:00+00:00
[2025-05-09T16:08:23.729+0000] {processor.py:183} INFO - Processing /opt/airflow/dags/Pipeline_with_airflow.py took 0.481 seconds
[2025-05-09T16:08:25.338+0000] {processor.py:161} INFO - Started process (PID=2050) to work on /opt/airflow/dags/Pipeline_with_airflow.py
[2025-05-09T16:08:25.340+0000] {processor.py:830} INFO - Processing file /opt/airflow/dags/Pipeline_with_airflow.py for tasks to queue
[2025-05-09T16:08:25.342+0000] {logging_mixin.py:188} INFO - [2025-05-09T16:08:25.341+0000] {dagbag.py:545} INFO - Filling up the DagBag from /opt/airflow/dags/Pipeline_with_airflow.py
[2025-05-09T16:08:25.650+0000] {processor.py:840} INFO - DAG(s) 'weather_data_pipeline' retrieved from /opt/airflow/dags/Pipeline_with_airflow.py
[2025-05-09T16:08:25.670+0000] {logging_mixin.py:188} INFO - [2025-05-09T16:08:25.669+0000] {dag.py:3096} INFO - Sync 1 DAGs
[2025-05-09T16:08:25.689+0000] {logging_mixin.py:188} INFO - [2025-05-09T16:08:25.689+0000] {dag.py:3954} INFO - Setting next_dagrun for weather_data_pipeline to 2025-05-09 16:08:00+00:00, run_after=2025-05-09 16:09:00+00:00
[2025-05-09T16:08:25.713+0000] {processor.py:183} INFO - Processing /opt/airflow/dags/Pipeline_with_airflow.py took 0.381 seconds
[2025-05-09T16:08:26.656+0000] {processor.py:161} INFO - Started process (PID=2056) to work on /opt/airflow/dags/Pipeline_with_airflow.py
[2025-05-09T16:08:26.658+0000] {processor.py:830} INFO - Processing file /opt/airflow/dags/Pipeline_with_airflow.py for tasks to queue
[2025-05-09T16:08:26.660+0000] {logging_mixin.py:188} INFO - [2025-05-09T16:08:26.659+0000] {dagbag.py:545} INFO - Filling up the DagBag from /opt/airflow/dags/Pipeline_with_airflow.py
[2025-05-09T16:08:26.966+0000] {processor.py:840} INFO - DAG(s) 'weather_data_pipeline' retrieved from /opt/airflow/dags/Pipeline_with_airflow.py
[2025-05-09T16:08:26.985+0000] {logging_mixin.py:188} INFO - [2025-05-09T16:08:26.984+0000] {dag.py:3096} INFO - Sync 1 DAGs
[2025-05-09T16:08:27.001+0000] {logging_mixin.py:188} INFO - [2025-05-09T16:08:27.001+0000] {dag.py:3954} INFO - Setting next_dagrun for weather_data_pipeline to 2025-05-09 16:08:00+00:00, run_after=2025-05-09 16:09:00+00:00
[2025-05-09T16:08:27.026+0000] {processor.py:183} INFO - Processing /opt/airflow/dags/Pipeline_with_airflow.py took 0.377 seconds
[2025-05-09T16:08:45.972+0000] {processor.py:161} INFO - Started process (PID=2062) to work on /opt/airflow/dags/Pipeline_with_airflow.py
[2025-05-09T16:08:45.975+0000] {processor.py:830} INFO - Processing file /opt/airflow/dags/Pipeline_with_airflow.py for tasks to queue
[2025-05-09T16:08:45.978+0000] {logging_mixin.py:188} INFO - [2025-05-09T16:08:45.977+0000] {dagbag.py:545} INFO - Filling up the DagBag from /opt/airflow/dags/Pipeline_with_airflow.py
[2025-05-09T16:08:46.308+0000] {processor.py:840} INFO - DAG(s) 'weather_data_pipeline' retrieved from /opt/airflow/dags/Pipeline_with_airflow.py
[2025-05-09T16:08:46.331+0000] {logging_mixin.py:188} INFO - [2025-05-09T16:08:46.330+0000] {dag.py:3096} INFO - Sync 1 DAGs
[2025-05-09T16:08:46.350+0000] {logging_mixin.py:188} INFO - [2025-05-09T16:08:46.350+0000] {dag.py:3954} INFO - Setting next_dagrun for weather_data_pipeline to 2025-05-09 16:08:00+00:00, run_after=2025-05-09 16:09:00+00:00
[2025-05-09T16:08:46.385+0000] {processor.py:183} INFO - Processing /opt/airflow/dags/Pipeline_with_airflow.py took 0.419 seconds
[2025-05-09T16:08:48.301+0000] {processor.py:161} INFO - Started process (PID=2068) to work on /opt/airflow/dags/Pipeline_with_airflow.py
[2025-05-09T16:08:48.302+0000] {processor.py:830} INFO - Processing file /opt/airflow/dags/Pipeline_with_airflow.py for tasks to queue
[2025-05-09T16:08:48.304+0000] {logging_mixin.py:188} INFO - [2025-05-09T16:08:48.304+0000] {dagbag.py:545} INFO - Filling up the DagBag from /opt/airflow/dags/Pipeline_with_airflow.py
[2025-05-09T16:08:48.660+0000] {processor.py:840} INFO - DAG(s) 'weather_data_pipeline' retrieved from /opt/airflow/dags/Pipeline_with_airflow.py
[2025-05-09T16:08:48.691+0000] {logging_mixin.py:188} INFO - [2025-05-09T16:08:48.690+0000] {dag.py:3096} INFO - Sync 1 DAGs
[2025-05-09T16:08:48.718+0000] {logging_mixin.py:188} INFO - [2025-05-09T16:08:48.718+0000] {dag.py:3954} INFO - Setting next_dagrun for weather_data_pipeline to 2025-05-09 16:08:00+00:00, run_after=2025-05-09 16:09:00+00:00
[2025-05-09T16:08:48.758+0000] {processor.py:183} INFO - Processing /opt/airflow/dags/Pipeline_with_airflow.py took 0.463 seconds
[2025-05-09T16:09:02.938+0000] {processor.py:161} INFO - Started process (PID=2333) to work on /opt/airflow/dags/Pipeline_with_airflow.py
[2025-05-09T16:09:02.939+0000] {processor.py:830} INFO - Processing file /opt/airflow/dags/Pipeline_with_airflow.py for tasks to queue
[2025-05-09T16:09:02.941+0000] {logging_mixin.py:188} INFO - [2025-05-09T16:09:02.941+0000] {dagbag.py:545} INFO - Filling up the DagBag from /opt/airflow/dags/Pipeline_with_airflow.py
[2025-05-09T16:09:03.275+0000] {processor.py:840} INFO - DAG(s) 'weather_data_pipeline' retrieved from /opt/airflow/dags/Pipeline_with_airflow.py
[2025-05-09T16:09:03.298+0000] {logging_mixin.py:188} INFO - [2025-05-09T16:09:03.298+0000] {dag.py:3096} INFO - Sync 1 DAGs
[2025-05-09T16:09:03.330+0000] {logging_mixin.py:188} INFO - [2025-05-09T16:09:03.330+0000] {dag.py:3954} INFO - Setting next_dagrun for weather_data_pipeline to 2025-05-09 16:09:00+00:00, run_after=2025-05-09 16:10:00+00:00
[2025-05-09T16:09:03.372+0000] {processor.py:183} INFO - Processing /opt/airflow/dags/Pipeline_with_airflow.py took 0.442 seconds
[2025-05-09T16:09:07.017+0000] {processor.py:161} INFO - Started process (PID=2342) to work on /opt/airflow/dags/Pipeline_with_airflow.py
[2025-05-09T16:09:07.019+0000] {processor.py:830} INFO - Processing file /opt/airflow/dags/Pipeline_with_airflow.py for tasks to queue
[2025-05-09T16:09:07.022+0000] {logging_mixin.py:188} INFO - [2025-05-09T16:09:07.022+0000] {dagbag.py:545} INFO - Filling up the DagBag from /opt/airflow/dags/Pipeline_with_airflow.py
[2025-05-09T16:09:07.322+0000] {processor.py:840} INFO - DAG(s) 'weather_data_pipeline' retrieved from /opt/airflow/dags/Pipeline_with_airflow.py
[2025-05-09T16:09:07.344+0000] {logging_mixin.py:188} INFO - [2025-05-09T16:09:07.344+0000] {dag.py:3096} INFO - Sync 1 DAGs
[2025-05-09T16:09:07.365+0000] {logging_mixin.py:188} INFO - [2025-05-09T16:09:07.364+0000] {dag.py:3954} INFO - Setting next_dagrun for weather_data_pipeline to 2025-05-09 16:09:00+00:00, run_after=2025-05-09 16:10:00+00:00
[2025-05-09T16:09:07.394+0000] {processor.py:183} INFO - Processing /opt/airflow/dags/Pipeline_with_airflow.py took 0.386 seconds
[2025-05-09T16:09:37.586+0000] {processor.py:161} INFO - Started process (PID=2604) to work on /opt/airflow/dags/Pipeline_with_airflow.py
[2025-05-09T16:09:37.588+0000] {processor.py:830} INFO - Processing file /opt/airflow/dags/Pipeline_with_airflow.py for tasks to queue
[2025-05-09T16:09:37.592+0000] {logging_mixin.py:188} INFO - [2025-05-09T16:09:37.591+0000] {dagbag.py:545} INFO - Filling up the DagBag from /opt/airflow/dags/Pipeline_with_airflow.py
[2025-05-09T16:09:37.987+0000] {processor.py:840} INFO - DAG(s) 'weather_data_pipeline' retrieved from /opt/airflow/dags/Pipeline_with_airflow.py
[2025-05-09T16:09:38.015+0000] {logging_mixin.py:188} INFO - [2025-05-09T16:09:38.015+0000] {dag.py:3096} INFO - Sync 1 DAGs
[2025-05-09T16:09:38.038+0000] {logging_mixin.py:188} INFO - [2025-05-09T16:09:38.037+0000] {dag.py:3954} INFO - Setting next_dagrun for weather_data_pipeline to 2025-05-09 16:09:00+00:00, run_after=2025-05-09 16:10:00+00:00
[2025-05-09T16:09:38.064+0000] {processor.py:183} INFO - Processing /opt/airflow/dags/Pipeline_with_airflow.py took 0.486 seconds
[2025-05-09T16:10:08.235+0000] {processor.py:161} INFO - Started process (PID=2872) to work on /opt/airflow/dags/Pipeline_with_airflow.py
[2025-05-09T16:10:08.238+0000] {processor.py:830} INFO - Processing file /opt/airflow/dags/Pipeline_with_airflow.py for tasks to queue
[2025-05-09T16:10:08.240+0000] {logging_mixin.py:188} INFO - [2025-05-09T16:10:08.240+0000] {dagbag.py:545} INFO - Filling up the DagBag from /opt/airflow/dags/Pipeline_with_airflow.py
[2025-05-09T16:10:08.529+0000] {processor.py:840} INFO - DAG(s) 'weather_data_pipeline' retrieved from /opt/airflow/dags/Pipeline_with_airflow.py
[2025-05-09T16:10:08.553+0000] {logging_mixin.py:188} INFO - [2025-05-09T16:10:08.552+0000] {dag.py:3096} INFO - Sync 1 DAGs
[2025-05-09T16:10:08.580+0000] {logging_mixin.py:188} INFO - [2025-05-09T16:10:08.579+0000] {dag.py:3954} INFO - Setting next_dagrun for weather_data_pipeline to 2025-05-09 16:10:00+00:00, run_after=2025-05-09 16:11:00+00:00
[2025-05-09T16:10:08.606+0000] {processor.py:183} INFO - Processing /opt/airflow/dags/Pipeline_with_airflow.py took 0.377 seconds
[2025-05-09T16:10:39.249+0000] {processor.py:161} INFO - Started process (PID=3140) to work on /opt/airflow/dags/Pipeline_with_airflow.py
[2025-05-09T16:10:39.250+0000] {processor.py:830} INFO - Processing file /opt/airflow/dags/Pipeline_with_airflow.py for tasks to queue
[2025-05-09T16:10:39.252+0000] {logging_mixin.py:188} INFO - [2025-05-09T16:10:39.252+0000] {dagbag.py:545} INFO - Filling up the DagBag from /opt/airflow/dags/Pipeline_with_airflow.py
[2025-05-09T16:10:39.521+0000] {processor.py:840} INFO - DAG(s) 'weather_data_pipeline' retrieved from /opt/airflow/dags/Pipeline_with_airflow.py
[2025-05-09T16:10:39.543+0000] {logging_mixin.py:188} INFO - [2025-05-09T16:10:39.542+0000] {dag.py:3096} INFO - Sync 1 DAGs
[2025-05-09T16:10:39.566+0000] {logging_mixin.py:188} INFO - [2025-05-09T16:10:39.566+0000] {dag.py:3954} INFO - Setting next_dagrun for weather_data_pipeline to 2025-05-09 16:10:00+00:00, run_after=2025-05-09 16:11:00+00:00
[2025-05-09T16:10:39.596+0000] {processor.py:183} INFO - Processing /opt/airflow/dags/Pipeline_with_airflow.py took 0.352 seconds
[2025-05-09T16:11:09.918+0000] {processor.py:161} INFO - Started process (PID=3408) to work on /opt/airflow/dags/Pipeline_with_airflow.py
[2025-05-09T16:11:09.919+0000] {processor.py:830} INFO - Processing file /opt/airflow/dags/Pipeline_with_airflow.py for tasks to queue
[2025-05-09T16:11:09.922+0000] {logging_mixin.py:188} INFO - [2025-05-09T16:11:09.921+0000] {dagbag.py:545} INFO - Filling up the DagBag from /opt/airflow/dags/Pipeline_with_airflow.py
[2025-05-09T16:11:10.172+0000] {processor.py:840} INFO - DAG(s) 'weather_data_pipeline' retrieved from /opt/airflow/dags/Pipeline_with_airflow.py
[2025-05-09T16:11:10.196+0000] {logging_mixin.py:188} INFO - [2025-05-09T16:11:10.196+0000] {dag.py:3096} INFO - Sync 1 DAGs
[2025-05-09T16:11:10.216+0000] {logging_mixin.py:188} INFO - [2025-05-09T16:11:10.215+0000] {dag.py:3954} INFO - Setting next_dagrun for weather_data_pipeline to 2025-05-09 16:11:00+00:00, run_after=2025-05-09 16:12:00+00:00
[2025-05-09T16:11:10.239+0000] {processor.py:183} INFO - Processing /opt/airflow/dags/Pipeline_with_airflow.py took 0.328 seconds
[2025-05-09T16:11:21.462+0000] {processor.py:161} INFO - Started process (PID=3439) to work on /opt/airflow/dags/Pipeline_with_airflow.py
[2025-05-09T16:11:21.463+0000] {processor.py:830} INFO - Processing file /opt/airflow/dags/Pipeline_with_airflow.py for tasks to queue
[2025-05-09T16:11:21.466+0000] {logging_mixin.py:188} INFO - [2025-05-09T16:11:21.465+0000] {dagbag.py:545} INFO - Filling up the DagBag from /opt/airflow/dags/Pipeline_with_airflow.py
[2025-05-09T16:11:21.819+0000] {processor.py:840} INFO - DAG(s) 'weather_data_pipeline' retrieved from /opt/airflow/dags/Pipeline_with_airflow.py
[2025-05-09T16:11:21.840+0000] {logging_mixin.py:188} INFO - [2025-05-09T16:11:21.839+0000] {dag.py:3096} INFO - Sync 1 DAGs
[2025-05-09T16:11:21.864+0000] {logging_mixin.py:188} INFO - [2025-05-09T16:11:21.864+0000] {dag.py:3954} INFO - Setting next_dagrun for weather_data_pipeline to 2025-05-09 16:11:00+00:00, run_after=2025-05-09 16:12:00+00:00
[2025-05-09T16:11:21.908+0000] {processor.py:183} INFO - Processing /opt/airflow/dags/Pipeline_with_airflow.py took 0.453 seconds
[2025-05-09T16:11:27.970+0000] {processor.py:161} INFO - Started process (PID=3633) to work on /opt/airflow/dags/Pipeline_with_airflow.py
[2025-05-09T16:11:27.972+0000] {processor.py:830} INFO - Processing file /opt/airflow/dags/Pipeline_with_airflow.py for tasks to queue
[2025-05-09T16:11:27.974+0000] {logging_mixin.py:188} INFO - [2025-05-09T16:11:27.974+0000] {dagbag.py:545} INFO - Filling up the DagBag from /opt/airflow/dags/Pipeline_with_airflow.py
[2025-05-09T16:11:28.322+0000] {processor.py:840} INFO - DAG(s) 'weather_data_pipeline' retrieved from /opt/airflow/dags/Pipeline_with_airflow.py
[2025-05-09T16:11:28.356+0000] {logging_mixin.py:188} INFO - [2025-05-09T16:11:28.355+0000] {dag.py:3096} INFO - Sync 1 DAGs
[2025-05-09T16:11:28.385+0000] {logging_mixin.py:188} INFO - [2025-05-09T16:11:28.384+0000] {dag.py:3954} INFO - Setting next_dagrun for weather_data_pipeline to 2025-05-09 16:11:00+00:00, run_after=2025-05-09 16:12:00+00:00
[2025-05-09T16:11:28.422+0000] {processor.py:183} INFO - Processing /opt/airflow/dags/Pipeline_with_airflow.py took 0.458 seconds
[2025-05-09T16:11:58.772+0000] {processor.py:161} INFO - Started process (PID=3906) to work on /opt/airflow/dags/Pipeline_with_airflow.py
[2025-05-09T16:11:58.774+0000] {processor.py:830} INFO - Processing file /opt/airflow/dags/Pipeline_with_airflow.py for tasks to queue
[2025-05-09T16:11:58.776+0000] {logging_mixin.py:188} INFO - [2025-05-09T16:11:58.775+0000] {dagbag.py:545} INFO - Filling up the DagBag from /opt/airflow/dags/Pipeline_with_airflow.py
[2025-05-09T16:11:59.152+0000] {processor.py:840} INFO - DAG(s) 'weather_data_pipeline' retrieved from /opt/airflow/dags/Pipeline_with_airflow.py
[2025-05-09T16:11:59.182+0000] {logging_mixin.py:188} INFO - [2025-05-09T16:11:59.181+0000] {dag.py:3096} INFO - Sync 1 DAGs
[2025-05-09T16:11:59.208+0000] {logging_mixin.py:188} INFO - [2025-05-09T16:11:59.207+0000] {dag.py:3954} INFO - Setting next_dagrun for weather_data_pipeline to 2025-05-09 16:11:00+00:00, run_after=2025-05-09 16:12:00+00:00
[2025-05-09T16:11:59.240+0000] {processor.py:183} INFO - Processing /opt/airflow/dags/Pipeline_with_airflow.py took 0.474 seconds
[2025-05-09T16:12:29.376+0000] {processor.py:161} INFO - Started process (PID=4165) to work on /opt/airflow/dags/Pipeline_with_airflow.py
[2025-05-09T16:12:29.377+0000] {processor.py:830} INFO - Processing file /opt/airflow/dags/Pipeline_with_airflow.py for tasks to queue
[2025-05-09T16:12:29.380+0000] {logging_mixin.py:188} INFO - [2025-05-09T16:12:29.379+0000] {dagbag.py:545} INFO - Filling up the DagBag from /opt/airflow/dags/Pipeline_with_airflow.py
[2025-05-09T16:12:29.728+0000] {processor.py:840} INFO - DAG(s) 'weather_data_pipeline' retrieved from /opt/airflow/dags/Pipeline_with_airflow.py
[2025-05-09T16:12:29.759+0000] {logging_mixin.py:188} INFO - [2025-05-09T16:12:29.758+0000] {dag.py:3096} INFO - Sync 1 DAGs
[2025-05-09T16:12:29.789+0000] {logging_mixin.py:188} INFO - [2025-05-09T16:12:29.789+0000] {dag.py:3954} INFO - Setting next_dagrun for weather_data_pipeline to 2025-05-09 16:12:00+00:00, run_after=2025-05-09 16:13:00+00:00
[2025-05-09T16:12:29.819+0000] {processor.py:183} INFO - Processing /opt/airflow/dags/Pipeline_with_airflow.py took 0.451 seconds
[2025-05-09T16:12:59.906+0000] {processor.py:161} INFO - Started process (PID=4420) to work on /opt/airflow/dags/Pipeline_with_airflow.py
[2025-05-09T16:12:59.908+0000] {processor.py:830} INFO - Processing file /opt/airflow/dags/Pipeline_with_airflow.py for tasks to queue
[2025-05-09T16:12:59.912+0000] {logging_mixin.py:188} INFO - [2025-05-09T16:12:59.911+0000] {dagbag.py:545} INFO - Filling up the DagBag from /opt/airflow/dags/Pipeline_with_airflow.py
[2025-05-09T16:13:00.255+0000] {processor.py:840} INFO - DAG(s) 'weather_data_pipeline' retrieved from /opt/airflow/dags/Pipeline_with_airflow.py
[2025-05-09T16:13:00.280+0000] {logging_mixin.py:188} INFO - [2025-05-09T16:13:00.280+0000] {dag.py:3096} INFO - Sync 1 DAGs
[2025-05-09T16:13:00.308+0000] {logging_mixin.py:188} INFO - [2025-05-09T16:13:00.308+0000] {dag.py:3954} INFO - Setting next_dagrun for weather_data_pipeline to 2025-05-09 16:12:00+00:00, run_after=2025-05-09 16:13:00+00:00
[2025-05-09T16:13:00.333+0000] {processor.py:183} INFO - Processing /opt/airflow/dags/Pipeline_with_airflow.py took 0.436 seconds
[2025-05-09T16:13:30.456+0000] {processor.py:161} INFO - Started process (PID=4698) to work on /opt/airflow/dags/Pipeline_with_airflow.py
[2025-05-09T16:13:30.457+0000] {processor.py:830} INFO - Processing file /opt/airflow/dags/Pipeline_with_airflow.py for tasks to queue
[2025-05-09T16:13:30.460+0000] {logging_mixin.py:188} INFO - [2025-05-09T16:13:30.459+0000] {dagbag.py:545} INFO - Filling up the DagBag from /opt/airflow/dags/Pipeline_with_airflow.py
[2025-05-09T16:13:30.791+0000] {processor.py:840} INFO - DAG(s) 'weather_data_pipeline' retrieved from /opt/airflow/dags/Pipeline_with_airflow.py
[2025-05-09T16:13:30.815+0000] {logging_mixin.py:188} INFO - [2025-05-09T16:13:30.814+0000] {dag.py:3096} INFO - Sync 1 DAGs
[2025-05-09T16:13:30.837+0000] {logging_mixin.py:188} INFO - [2025-05-09T16:13:30.836+0000] {dag.py:3954} INFO - Setting next_dagrun for weather_data_pipeline to 2025-05-09 16:13:00+00:00, run_after=2025-05-09 16:14:00+00:00
[2025-05-09T16:13:30.865+0000] {processor.py:183} INFO - Processing /opt/airflow/dags/Pipeline_with_airflow.py took 0.416 seconds
[2025-05-09T16:14:01.802+0000] {processor.py:161} INFO - Started process (PID=4973) to work on /opt/airflow/dags/Pipeline_with_airflow.py
[2025-05-09T16:14:01.805+0000] {processor.py:830} INFO - Processing file /opt/airflow/dags/Pipeline_with_airflow.py for tasks to queue
[2025-05-09T16:14:01.808+0000] {logging_mixin.py:188} INFO - [2025-05-09T16:14:01.807+0000] {dagbag.py:545} INFO - Filling up the DagBag from /opt/airflow/dags/Pipeline_with_airflow.py
[2025-05-09T16:14:02.173+0000] {processor.py:840} INFO - DAG(s) 'weather_data_pipeline' retrieved from /opt/airflow/dags/Pipeline_with_airflow.py
[2025-05-09T16:14:02.200+0000] {logging_mixin.py:188} INFO - [2025-05-09T16:14:02.200+0000] {dag.py:3096} INFO - Sync 1 DAGs
[2025-05-09T16:14:02.249+0000] {logging_mixin.py:188} INFO - [2025-05-09T16:14:02.249+0000] {dag.py:3954} INFO - Setting next_dagrun for weather_data_pipeline to 2025-05-09 16:14:00+00:00, run_after=2025-05-09 16:15:00+00:00
[2025-05-09T16:14:02.291+0000] {processor.py:183} INFO - Processing /opt/airflow/dags/Pipeline_with_airflow.py took 0.499 seconds
[2025-05-09T16:14:17.890+0000] {processor.py:161} INFO - Started process (PID=5031) to work on /opt/airflow/dags/Pipeline_with_airflow.py
[2025-05-09T16:14:17.893+0000] {processor.py:830} INFO - Processing file /opt/airflow/dags/Pipeline_with_airflow.py for tasks to queue
[2025-05-09T16:14:17.896+0000] {logging_mixin.py:188} INFO - [2025-05-09T16:14:17.895+0000] {dagbag.py:545} INFO - Filling up the DagBag from /opt/airflow/dags/Pipeline_with_airflow.py
[2025-05-09T16:14:18.257+0000] {processor.py:840} INFO - DAG(s) 'weather_data_pipeline' retrieved from /opt/airflow/dags/Pipeline_with_airflow.py
[2025-05-09T16:14:18.283+0000] {logging_mixin.py:188} INFO - [2025-05-09T16:14:18.282+0000] {dag.py:3096} INFO - Sync 1 DAGs
[2025-05-09T16:14:18.310+0000] {logging_mixin.py:188} INFO - [2025-05-09T16:14:18.310+0000] {dag.py:3954} INFO - Setting next_dagrun for weather_data_pipeline to 2025-05-09 16:14:00+00:00, run_after=2025-05-09 16:15:00+00:00
[2025-05-09T16:14:18.350+0000] {processor.py:183} INFO - Processing /opt/airflow/dags/Pipeline_with_airflow.py took 0.471 seconds
[2025-05-09T16:14:23.281+0000] {processor.py:161} INFO - Started process (PID=5037) to work on /opt/airflow/dags/Pipeline_with_airflow.py
[2025-05-09T16:14:23.283+0000] {processor.py:830} INFO - Processing file /opt/airflow/dags/Pipeline_with_airflow.py for tasks to queue
[2025-05-09T16:14:23.285+0000] {logging_mixin.py:188} INFO - [2025-05-09T16:14:23.285+0000] {dagbag.py:545} INFO - Filling up the DagBag from /opt/airflow/dags/Pipeline_with_airflow.py
[2025-05-09T16:14:23.573+0000] {processor.py:840} INFO - DAG(s) 'weather_data_pipeline' retrieved from /opt/airflow/dags/Pipeline_with_airflow.py
[2025-05-09T16:14:23.598+0000] {logging_mixin.py:188} INFO - [2025-05-09T16:14:23.597+0000] {dag.py:3096} INFO - Sync 1 DAGs
[2025-05-09T16:14:23.626+0000] {logging_mixin.py:188} INFO - [2025-05-09T16:14:23.626+0000] {dag.py:3954} INFO - Setting next_dagrun for weather_data_pipeline to 2025-05-09 16:14:00+00:00, run_after=2025-05-09 16:15:00+00:00
[2025-05-09T16:14:23.660+0000] {processor.py:183} INFO - Processing /opt/airflow/dags/Pipeline_with_airflow.py took 0.385 seconds
[2025-05-09T16:14:24.507+0000] {processor.py:161} INFO - Started process (PID=5043) to work on /opt/airflow/dags/Pipeline_with_airflow.py
[2025-05-09T16:14:24.509+0000] {processor.py:830} INFO - Processing file /opt/airflow/dags/Pipeline_with_airflow.py for tasks to queue
[2025-05-09T16:14:24.511+0000] {logging_mixin.py:188} INFO - [2025-05-09T16:14:24.511+0000] {dagbag.py:545} INFO - Filling up the DagBag from /opt/airflow/dags/Pipeline_with_airflow.py
[2025-05-09T16:14:24.884+0000] {processor.py:840} INFO - DAG(s) 'weather_data_pipeline' retrieved from /opt/airflow/dags/Pipeline_with_airflow.py
[2025-05-09T16:14:24.907+0000] {logging_mixin.py:188} INFO - [2025-05-09T16:14:24.906+0000] {dag.py:3096} INFO - Sync 1 DAGs
[2025-05-09T16:14:24.930+0000] {logging_mixin.py:188} INFO - [2025-05-09T16:14:24.930+0000] {dag.py:3954} INFO - Setting next_dagrun for weather_data_pipeline to 2025-05-09 16:14:00+00:00, run_after=2025-05-09 16:15:00+00:00
[2025-05-09T16:14:24.962+0000] {processor.py:183} INFO - Processing /opt/airflow/dags/Pipeline_with_airflow.py took 0.463 seconds
[2025-05-09T16:14:55.045+0000] {processor.py:161} INFO - Started process (PID=5321) to work on /opt/airflow/dags/Pipeline_with_airflow.py
[2025-05-09T16:14:55.046+0000] {processor.py:830} INFO - Processing file /opt/airflow/dags/Pipeline_with_airflow.py for tasks to queue
[2025-05-09T16:14:55.049+0000] {logging_mixin.py:188} INFO - [2025-05-09T16:14:55.048+0000] {dagbag.py:545} INFO - Filling up the DagBag from /opt/airflow/dags/Pipeline_with_airflow.py
[2025-05-09T16:14:55.337+0000] {processor.py:840} INFO - DAG(s) 'weather_data_pipeline' retrieved from /opt/airflow/dags/Pipeline_with_airflow.py
[2025-05-09T16:14:55.364+0000] {logging_mixin.py:188} INFO - [2025-05-09T16:14:55.364+0000] {dag.py:3096} INFO - Sync 1 DAGs
[2025-05-09T16:14:55.391+0000] {logging_mixin.py:188} INFO - [2025-05-09T16:14:55.391+0000] {dag.py:3954} INFO - Setting next_dagrun for weather_data_pipeline to 2025-05-09 16:14:00+00:00, run_after=2025-05-09 16:15:00+00:00
[2025-05-09T16:14:55.420+0000] {processor.py:183} INFO - Processing /opt/airflow/dags/Pipeline_with_airflow.py took 0.381 seconds
[2025-05-09T16:15:26.203+0000] {processor.py:161} INFO - Started process (PID=5597) to work on /opt/airflow/dags/Pipeline_with_airflow.py
[2025-05-09T16:15:26.205+0000] {processor.py:830} INFO - Processing file /opt/airflow/dags/Pipeline_with_airflow.py for tasks to queue
[2025-05-09T16:15:26.207+0000] {logging_mixin.py:188} INFO - [2025-05-09T16:15:26.207+0000] {dagbag.py:545} INFO - Filling up the DagBag from /opt/airflow/dags/Pipeline_with_airflow.py
[2025-05-09T16:15:26.489+0000] {processor.py:840} INFO - DAG(s) 'weather_data_pipeline' retrieved from /opt/airflow/dags/Pipeline_with_airflow.py
[2025-05-09T16:15:26.508+0000] {logging_mixin.py:188} INFO - [2025-05-09T16:15:26.508+0000] {dag.py:3096} INFO - Sync 1 DAGs
[2025-05-09T16:15:26.531+0000] {logging_mixin.py:188} INFO - [2025-05-09T16:15:26.531+0000] {dag.py:3954} INFO - Setting next_dagrun for weather_data_pipeline to 2025-05-09 16:15:00+00:00, run_after=2025-05-09 16:16:00+00:00
[2025-05-09T16:15:26.557+0000] {processor.py:183} INFO - Processing /opt/airflow/dags/Pipeline_with_airflow.py took 0.363 seconds
[2025-05-09T16:15:33.468+0000] {processor.py:161} INFO - Started process (PID=5801) to work on /opt/airflow/dags/Pipeline_with_airflow.py
[2025-05-09T16:15:33.470+0000] {processor.py:830} INFO - Processing file /opt/airflow/dags/Pipeline_with_airflow.py for tasks to queue
[2025-05-09T16:15:33.472+0000] {logging_mixin.py:188} INFO - [2025-05-09T16:15:33.472+0000] {dagbag.py:545} INFO - Filling up the DagBag from /opt/airflow/dags/Pipeline_with_airflow.py
[2025-05-09T16:15:33.737+0000] {processor.py:840} INFO - DAG(s) 'weather_data_pipeline' retrieved from /opt/airflow/dags/Pipeline_with_airflow.py
[2025-05-09T16:15:33.759+0000] {logging_mixin.py:188} INFO - [2025-05-09T16:15:33.759+0000] {dag.py:3096} INFO - Sync 1 DAGs
[2025-05-09T16:15:33.782+0000] {logging_mixin.py:188} INFO - [2025-05-09T16:15:33.782+0000] {dag.py:3954} INFO - Setting next_dagrun for weather_data_pipeline to 2025-05-09 16:15:00+00:00, run_after=2025-05-09 16:16:00+00:00
[2025-05-09T16:15:33.810+0000] {processor.py:183} INFO - Processing /opt/airflow/dags/Pipeline_with_airflow.py took 0.349 seconds
[2025-05-09T16:15:34.588+0000] {processor.py:161} INFO - Started process (PID=5807) to work on /opt/airflow/dags/Pipeline_with_airflow.py
[2025-05-09T16:15:34.590+0000] {processor.py:830} INFO - Processing file /opt/airflow/dags/Pipeline_with_airflow.py for tasks to queue
[2025-05-09T16:15:34.592+0000] {logging_mixin.py:188} INFO - [2025-05-09T16:15:34.592+0000] {dagbag.py:545} INFO - Filling up the DagBag from /opt/airflow/dags/Pipeline_with_airflow.py
[2025-05-09T16:15:35.004+0000] {processor.py:840} INFO - DAG(s) 'weather_data_pipeline' retrieved from /opt/airflow/dags/Pipeline_with_airflow.py
[2025-05-09T16:15:35.034+0000] {logging_mixin.py:188} INFO - [2025-05-09T16:15:35.032+0000] {dag.py:3096} INFO - Sync 1 DAGs
[2025-05-09T16:15:35.068+0000] {logging_mixin.py:188} INFO - [2025-05-09T16:15:35.067+0000] {dag.py:3954} INFO - Setting next_dagrun for weather_data_pipeline to 2025-05-09 16:15:00+00:00, run_after=2025-05-09 16:16:00+00:00
[2025-05-09T16:15:35.102+0000] {processor.py:183} INFO - Processing /opt/airflow/dags/Pipeline_with_airflow.py took 0.521 seconds
[2025-05-09T16:15:36.443+0000] {processor.py:161} INFO - Started process (PID=5853) to work on /opt/airflow/dags/Pipeline_with_airflow.py
[2025-05-09T16:15:36.445+0000] {processor.py:830} INFO - Processing file /opt/airflow/dags/Pipeline_with_airflow.py for tasks to queue
[2025-05-09T16:15:36.447+0000] {logging_mixin.py:188} INFO - [2025-05-09T16:15:36.446+0000] {dagbag.py:545} INFO - Filling up the DagBag from /opt/airflow/dags/Pipeline_with_airflow.py
[2025-05-09T16:15:36.862+0000] {processor.py:840} INFO - DAG(s) 'weather_data_pipeline' retrieved from /opt/airflow/dags/Pipeline_with_airflow.py
[2025-05-09T16:15:36.884+0000] {logging_mixin.py:188} INFO - [2025-05-09T16:15:36.883+0000] {dag.py:3096} INFO - Sync 1 DAGs
[2025-05-09T16:15:36.906+0000] {logging_mixin.py:188} INFO - [2025-05-09T16:15:36.906+0000] {dag.py:3954} INFO - Setting next_dagrun for weather_data_pipeline to 2025-05-09 16:15:00+00:00, run_after=2025-05-09 16:16:00+00:00
[2025-05-09T16:15:36.935+0000] {processor.py:183} INFO - Processing /opt/airflow/dags/Pipeline_with_airflow.py took 0.499 seconds
[2025-05-09T16:16:07.111+0000] {processor.py:161} INFO - Started process (PID=6151) to work on /opt/airflow/dags/Pipeline_with_airflow.py
[2025-05-09T16:16:07.114+0000] {processor.py:830} INFO - Processing file /opt/airflow/dags/Pipeline_with_airflow.py for tasks to queue
[2025-05-09T16:16:07.119+0000] {logging_mixin.py:188} INFO - [2025-05-09T16:16:07.119+0000] {dagbag.py:545} INFO - Filling up the DagBag from /opt/airflow/dags/Pipeline_with_airflow.py
[2025-05-09T16:16:07.564+0000] {processor.py:840} INFO - DAG(s) 'weather_data_pipeline' retrieved from /opt/airflow/dags/Pipeline_with_airflow.py
[2025-05-09T16:16:07.596+0000] {logging_mixin.py:188} INFO - [2025-05-09T16:16:07.596+0000] {dag.py:3096} INFO - Sync 1 DAGs
[2025-05-09T16:16:07.631+0000] {logging_mixin.py:188} INFO - [2025-05-09T16:16:07.630+0000] {dag.py:3954} INFO - Setting next_dagrun for weather_data_pipeline to 2025-05-09 16:16:00+00:00, run_after=2025-05-09 16:17:00+00:00
[2025-05-09T16:16:07.668+0000] {processor.py:183} INFO - Processing /opt/airflow/dags/Pipeline_with_airflow.py took 0.576 seconds
[2025-05-09T16:16:19.667+0000] {processor.py:161} INFO - Started process (PID=6187) to work on /opt/airflow/dags/Pipeline_with_airflow.py
[2025-05-09T16:16:19.669+0000] {processor.py:830} INFO - Processing file /opt/airflow/dags/Pipeline_with_airflow.py for tasks to queue
[2025-05-09T16:16:19.672+0000] {logging_mixin.py:188} INFO - [2025-05-09T16:16:19.671+0000] {dagbag.py:545} INFO - Filling up the DagBag from /opt/airflow/dags/Pipeline_with_airflow.py
[2025-05-09T16:16:19.996+0000] {processor.py:840} INFO - DAG(s) 'weather_data_pipeline' retrieved from /opt/airflow/dags/Pipeline_with_airflow.py
[2025-05-09T16:16:20.021+0000] {logging_mixin.py:188} INFO - [2025-05-09T16:16:20.019+0000] {dag.py:3096} INFO - Sync 1 DAGs
[2025-05-09T16:16:20.041+0000] {logging_mixin.py:188} INFO - [2025-05-09T16:16:20.041+0000] {dag.py:3954} INFO - Setting next_dagrun for weather_data_pipeline to 2025-05-09 16:16:00+00:00, run_after=2025-05-09 16:17:00+00:00
[2025-05-09T16:16:20.069+0000] {processor.py:183} INFO - Processing /opt/airflow/dags/Pipeline_with_airflow.py took 0.410 seconds
[2025-05-09T16:16:21.904+0000] {processor.py:161} INFO - Started process (PID=6193) to work on /opt/airflow/dags/Pipeline_with_airflow.py
[2025-05-09T16:16:21.906+0000] {processor.py:830} INFO - Processing file /opt/airflow/dags/Pipeline_with_airflow.py for tasks to queue
[2025-05-09T16:16:21.909+0000] {logging_mixin.py:188} INFO - [2025-05-09T16:16:21.909+0000] {dagbag.py:545} INFO - Filling up the DagBag from /opt/airflow/dags/Pipeline_with_airflow.py
[2025-05-09T16:16:22.348+0000] {processor.py:840} INFO - DAG(s) 'weather_data_pipeline' retrieved from /opt/airflow/dags/Pipeline_with_airflow.py
[2025-05-09T16:16:22.381+0000] {logging_mixin.py:188} INFO - [2025-05-09T16:16:22.380+0000] {dag.py:3096} INFO - Sync 1 DAGs
[2025-05-09T16:16:22.414+0000] {logging_mixin.py:188} INFO - [2025-05-09T16:16:22.413+0000] {dag.py:3954} INFO - Setting next_dagrun for weather_data_pipeline to 2025-05-09 16:16:00+00:00, run_after=2025-05-09 16:17:00+00:00
[2025-05-09T16:16:22.460+0000] {processor.py:183} INFO - Processing /opt/airflow/dags/Pipeline_with_airflow.py took 0.563 seconds
[2025-05-09T16:16:52.819+0000] {processor.py:161} INFO - Started process (PID=6494) to work on /opt/airflow/dags/Pipeline_with_airflow.py
[2025-05-09T16:16:52.821+0000] {processor.py:830} INFO - Processing file /opt/airflow/dags/Pipeline_with_airflow.py for tasks to queue
[2025-05-09T16:16:52.825+0000] {logging_mixin.py:188} INFO - [2025-05-09T16:16:52.824+0000] {dagbag.py:545} INFO - Filling up the DagBag from /opt/airflow/dags/Pipeline_with_airflow.py
[2025-05-09T16:16:53.169+0000] {processor.py:840} INFO - DAG(s) 'weather_data_pipeline' retrieved from /opt/airflow/dags/Pipeline_with_airflow.py
[2025-05-09T16:16:53.190+0000] {logging_mixin.py:188} INFO - [2025-05-09T16:16:53.190+0000] {dag.py:3096} INFO - Sync 1 DAGs
[2025-05-09T16:16:53.210+0000] {logging_mixin.py:188} INFO - [2025-05-09T16:16:53.209+0000] {dag.py:3954} INFO - Setting next_dagrun for weather_data_pipeline to 2025-05-09 16:16:00+00:00, run_after=2025-05-09 16:17:00+00:00
[2025-05-09T16:16:53.236+0000] {processor.py:183} INFO - Processing /opt/airflow/dags/Pipeline_with_airflow.py took 0.426 seconds
[2025-05-09T16:17:23.828+0000] {processor.py:161} INFO - Started process (PID=6816) to work on /opt/airflow/dags/Pipeline_with_airflow.py
[2025-05-09T16:17:23.830+0000] {processor.py:830} INFO - Processing file /opt/airflow/dags/Pipeline_with_airflow.py for tasks to queue
[2025-05-09T16:17:23.832+0000] {logging_mixin.py:188} INFO - [2025-05-09T16:17:23.831+0000] {dagbag.py:545} INFO - Filling up the DagBag from /opt/airflow/dags/Pipeline_with_airflow.py
[2025-05-09T16:17:24.084+0000] {processor.py:840} INFO - DAG(s) 'weather_data_pipeline' retrieved from /opt/airflow/dags/Pipeline_with_airflow.py
[2025-05-09T16:17:24.103+0000] {logging_mixin.py:188} INFO - [2025-05-09T16:17:24.102+0000] {dag.py:3096} INFO - Sync 1 DAGs
[2025-05-09T16:17:24.126+0000] {logging_mixin.py:188} INFO - [2025-05-09T16:17:24.126+0000] {dag.py:3954} INFO - Setting next_dagrun for weather_data_pipeline to 2025-05-09 16:17:00+00:00, run_after=2025-05-09 16:18:00+00:00
[2025-05-09T16:17:24.151+0000] {processor.py:183} INFO - Processing /opt/airflow/dags/Pipeline_with_airflow.py took 0.330 seconds
[2025-05-09T16:17:54.381+0000] {processor.py:161} INFO - Started process (PID=7078) to work on /opt/airflow/dags/Pipeline_with_airflow.py
[2025-05-09T16:17:54.382+0000] {processor.py:830} INFO - Processing file /opt/airflow/dags/Pipeline_with_airflow.py for tasks to queue
[2025-05-09T16:17:54.384+0000] {logging_mixin.py:188} INFO - [2025-05-09T16:17:54.384+0000] {dagbag.py:545} INFO - Filling up the DagBag from /opt/airflow/dags/Pipeline_with_airflow.py
[2025-05-09T16:17:54.677+0000] {processor.py:840} INFO - DAG(s) 'weather_data_pipeline' retrieved from /opt/airflow/dags/Pipeline_with_airflow.py
[2025-05-09T16:17:54.700+0000] {logging_mixin.py:188} INFO - [2025-05-09T16:17:54.699+0000] {dag.py:3096} INFO - Sync 1 DAGs
[2025-05-09T16:17:54.835+0000] {logging_mixin.py:188} INFO - [2025-05-09T16:17:54.835+0000] {dag.py:3954} INFO - Setting next_dagrun for weather_data_pipeline to 2025-05-09 16:17:00+00:00, run_after=2025-05-09 16:18:00+00:00
[2025-05-09T16:17:54.859+0000] {processor.py:183} INFO - Processing /opt/airflow/dags/Pipeline_with_airflow.py took 0.484 seconds
[2025-05-09T16:18:25.375+0000] {processor.py:161} INFO - Started process (PID=7379) to work on /opt/airflow/dags/Pipeline_with_airflow.py
[2025-05-09T16:18:25.377+0000] {processor.py:830} INFO - Processing file /opt/airflow/dags/Pipeline_with_airflow.py for tasks to queue
[2025-05-09T16:18:25.379+0000] {logging_mixin.py:188} INFO - [2025-05-09T16:18:25.379+0000] {dagbag.py:545} INFO - Filling up the DagBag from /opt/airflow/dags/Pipeline_with_airflow.py
[2025-05-09T16:18:25.636+0000] {processor.py:840} INFO - DAG(s) 'weather_data_pipeline' retrieved from /opt/airflow/dags/Pipeline_with_airflow.py
[2025-05-09T16:18:25.656+0000] {logging_mixin.py:188} INFO - [2025-05-09T16:18:25.655+0000] {dag.py:3096} INFO - Sync 1 DAGs
[2025-05-09T16:18:25.674+0000] {logging_mixin.py:188} INFO - [2025-05-09T16:18:25.674+0000] {dag.py:3954} INFO - Setting next_dagrun for weather_data_pipeline to 2025-05-09 16:18:00+00:00, run_after=2025-05-09 16:19:00+00:00
[2025-05-09T16:18:25.810+0000] {processor.py:183} INFO - Processing /opt/airflow/dags/Pipeline_with_airflow.py took 0.443 seconds
[2025-05-09T16:18:56.529+0000] {processor.py:161} INFO - Started process (PID=7641) to work on /opt/airflow/dags/Pipeline_with_airflow.py
[2025-05-09T16:18:56.531+0000] {processor.py:830} INFO - Processing file /opt/airflow/dags/Pipeline_with_airflow.py for tasks to queue
[2025-05-09T16:18:56.532+0000] {logging_mixin.py:188} INFO - [2025-05-09T16:18:56.532+0000] {dagbag.py:545} INFO - Filling up the DagBag from /opt/airflow/dags/Pipeline_with_airflow.py
[2025-05-09T16:18:56.748+0000] {processor.py:840} INFO - DAG(s) 'weather_data_pipeline' retrieved from /opt/airflow/dags/Pipeline_with_airflow.py
[2025-05-09T16:18:56.775+0000] {logging_mixin.py:188} INFO - [2025-05-09T16:18:56.775+0000] {dag.py:3096} INFO - Sync 1 DAGs
[2025-05-09T16:18:56.794+0000] {logging_mixin.py:188} INFO - [2025-05-09T16:18:56.794+0000] {dag.py:3954} INFO - Setting next_dagrun for weather_data_pipeline to 2025-05-09 16:18:00+00:00, run_after=2025-05-09 16:19:00+00:00
[2025-05-09T16:18:56.813+0000] {processor.py:183} INFO - Processing /opt/airflow/dags/Pipeline_with_airflow.py took 0.289 seconds
[2025-05-09T16:19:27.246+0000] {processor.py:161} INFO - Started process (PID=7942) to work on /opt/airflow/dags/Pipeline_with_airflow.py
[2025-05-09T16:19:27.249+0000] {processor.py:830} INFO - Processing file /opt/airflow/dags/Pipeline_with_airflow.py for tasks to queue
[2025-05-09T16:19:27.251+0000] {logging_mixin.py:188} INFO - [2025-05-09T16:19:27.251+0000] {dagbag.py:545} INFO - Filling up the DagBag from /opt/airflow/dags/Pipeline_with_airflow.py
[2025-05-09T16:19:27.510+0000] {processor.py:840} INFO - DAG(s) 'weather_data_pipeline' retrieved from /opt/airflow/dags/Pipeline_with_airflow.py
[2025-05-09T16:19:27.531+0000] {logging_mixin.py:188} INFO - [2025-05-09T16:19:27.531+0000] {dag.py:3096} INFO - Sync 1 DAGs
[2025-05-09T16:19:27.554+0000] {logging_mixin.py:188} INFO - [2025-05-09T16:19:27.554+0000] {dag.py:3954} INFO - Setting next_dagrun for weather_data_pipeline to 2025-05-09 16:19:00+00:00, run_after=2025-05-09 16:20:00+00:00
[2025-05-09T16:19:27.583+0000] {processor.py:183} INFO - Processing /opt/airflow/dags/Pipeline_with_airflow.py took 0.343 seconds
[2025-05-09T16:19:57.809+0000] {processor.py:161} INFO - Started process (PID=8222) to work on /opt/airflow/dags/Pipeline_with_airflow.py
[2025-05-09T16:19:57.811+0000] {processor.py:830} INFO - Processing file /opt/airflow/dags/Pipeline_with_airflow.py for tasks to queue
[2025-05-09T16:19:57.813+0000] {logging_mixin.py:188} INFO - [2025-05-09T16:19:57.813+0000] {dagbag.py:545} INFO - Filling up the DagBag from /opt/airflow/dags/Pipeline_with_airflow.py
[2025-05-09T16:19:58.162+0000] {processor.py:840} INFO - DAG(s) 'weather_data_pipeline' retrieved from /opt/airflow/dags/Pipeline_with_airflow.py
[2025-05-09T16:19:58.181+0000] {logging_mixin.py:188} INFO - [2025-05-09T16:19:58.181+0000] {dag.py:3096} INFO - Sync 1 DAGs
[2025-05-09T16:19:58.196+0000] {logging_mixin.py:188} INFO - [2025-05-09T16:19:58.196+0000] {dag.py:3954} INFO - Setting next_dagrun for weather_data_pipeline to 2025-05-09 16:19:00+00:00, run_after=2025-05-09 16:20:00+00:00
[2025-05-09T16:19:58.220+0000] {processor.py:183} INFO - Processing /opt/airflow/dags/Pipeline_with_airflow.py took 0.417 seconds
[2025-05-09T16:20:28.464+0000] {processor.py:161} INFO - Started process (PID=8523) to work on /opt/airflow/dags/Pipeline_with_airflow.py
[2025-05-09T16:20:28.466+0000] {processor.py:830} INFO - Processing file /opt/airflow/dags/Pipeline_with_airflow.py for tasks to queue
[2025-05-09T16:20:28.468+0000] {logging_mixin.py:188} INFO - [2025-05-09T16:20:28.467+0000] {dagbag.py:545} INFO - Filling up the DagBag from /opt/airflow/dags/Pipeline_with_airflow.py
[2025-05-09T16:20:28.856+0000] {processor.py:840} INFO - DAG(s) 'weather_data_pipeline' retrieved from /opt/airflow/dags/Pipeline_with_airflow.py
[2025-05-09T16:20:28.875+0000] {logging_mixin.py:188} INFO - [2025-05-09T16:20:28.874+0000] {dag.py:3096} INFO - Sync 1 DAGs
[2025-05-09T16:20:28.894+0000] {logging_mixin.py:188} INFO - [2025-05-09T16:20:28.894+0000] {dag.py:3954} INFO - Setting next_dagrun for weather_data_pipeline to 2025-05-09 16:20:00+00:00, run_after=2025-05-09 16:21:00+00:00
[2025-05-09T16:20:28.917+0000] {processor.py:183} INFO - Processing /opt/airflow/dags/Pipeline_with_airflow.py took 0.460 seconds
[2025-05-09T16:20:59.185+0000] {processor.py:161} INFO - Started process (PID=8785) to work on /opt/airflow/dags/Pipeline_with_airflow.py
[2025-05-09T16:20:59.187+0000] {processor.py:830} INFO - Processing file /opt/airflow/dags/Pipeline_with_airflow.py for tasks to queue
[2025-05-09T16:20:59.189+0000] {logging_mixin.py:188} INFO - [2025-05-09T16:20:59.189+0000] {dagbag.py:545} INFO - Filling up the DagBag from /opt/airflow/dags/Pipeline_with_airflow.py
[2025-05-09T16:20:59.458+0000] {processor.py:840} INFO - DAG(s) 'weather_data_pipeline' retrieved from /opt/airflow/dags/Pipeline_with_airflow.py
[2025-05-09T16:20:59.591+0000] {logging_mixin.py:188} INFO - [2025-05-09T16:20:59.479+0000] {dag.py:3096} INFO - Sync 1 DAGs
[2025-05-09T16:20:59.611+0000] {logging_mixin.py:188} INFO - [2025-05-09T16:20:59.611+0000] {dag.py:3954} INFO - Setting next_dagrun for weather_data_pipeline to 2025-05-09 16:20:00+00:00, run_after=2025-05-09 16:21:00+00:00
[2025-05-09T16:20:59.634+0000] {processor.py:183} INFO - Processing /opt/airflow/dags/Pipeline_with_airflow.py took 0.456 seconds
[2025-05-09T16:21:00.238+0000] {processor.py:161} INFO - Started process (PID=8791) to work on /opt/airflow/dags/Pipeline_with_airflow.py
[2025-05-09T16:21:00.240+0000] {processor.py:830} INFO - Processing file /opt/airflow/dags/Pipeline_with_airflow.py for tasks to queue
[2025-05-09T16:21:00.241+0000] {logging_mixin.py:188} INFO - [2025-05-09T16:21:00.241+0000] {dagbag.py:545} INFO - Filling up the DagBag from /opt/airflow/dags/Pipeline_with_airflow.py
[2025-05-09T16:21:00.657+0000] {processor.py:840} INFO - DAG(s) 'weather_data_pipeline' retrieved from /opt/airflow/dags/Pipeline_with_airflow.py
[2025-05-09T16:21:00.956+0000] {logging_mixin.py:188} INFO - [2025-05-09T16:21:00.955+0000] {dag.py:3096} INFO - Sync 1 DAGs
[2025-05-09T16:21:01.042+0000] {processor.py:183} INFO - Processing /opt/airflow/dags/Pipeline_with_airflow.py took 0.809 seconds
[2025-05-09T16:21:31.872+0000] {processor.py:161} INFO - Started process (PID=9157) to work on /opt/airflow/dags/Pipeline_with_airflow.py
[2025-05-09T16:21:31.874+0000] {processor.py:830} INFO - Processing file /opt/airflow/dags/Pipeline_with_airflow.py for tasks to queue
[2025-05-09T16:21:31.877+0000] {logging_mixin.py:188} INFO - [2025-05-09T16:21:31.877+0000] {dagbag.py:545} INFO - Filling up the DagBag from /opt/airflow/dags/Pipeline_with_airflow.py
[2025-05-09T16:21:32.382+0000] {processor.py:840} INFO - DAG(s) 'weather_data_pipeline' retrieved from /opt/airflow/dags/Pipeline_with_airflow.py
[2025-05-09T16:21:32.404+0000] {logging_mixin.py:188} INFO - [2025-05-09T16:21:32.403+0000] {dag.py:3096} INFO - Sync 1 DAGs
[2025-05-09T16:21:32.422+0000] {logging_mixin.py:188} INFO - [2025-05-09T16:21:32.422+0000] {dag.py:3954} INFO - Setting next_dagrun for weather_data_pipeline to 2025-05-09 16:21:00+00:00, run_after=2025-05-09 16:22:00+00:00
[2025-05-09T16:21:32.444+0000] {processor.py:183} INFO - Processing /opt/airflow/dags/Pipeline_with_airflow.py took 0.579 seconds
[2025-05-09T16:22:02.603+0000] {processor.py:161} INFO - Started process (PID=9460) to work on /opt/airflow/dags/Pipeline_with_airflow.py
[2025-05-09T16:22:02.605+0000] {processor.py:830} INFO - Processing file /opt/airflow/dags/Pipeline_with_airflow.py for tasks to queue
[2025-05-09T16:22:02.607+0000] {logging_mixin.py:188} INFO - [2025-05-09T16:22:02.607+0000] {dagbag.py:545} INFO - Filling up the DagBag from /opt/airflow/dags/Pipeline_with_airflow.py
[2025-05-09T16:22:03.176+0000] {processor.py:840} INFO - DAG(s) 'weather_data_pipeline' retrieved from /opt/airflow/dags/Pipeline_with_airflow.py
[2025-05-09T16:22:03.200+0000] {logging_mixin.py:188} INFO - [2025-05-09T16:22:03.199+0000] {dag.py:3096} INFO - Sync 1 DAGs
[2025-05-09T16:22:03.220+0000] {logging_mixin.py:188} INFO - [2025-05-09T16:22:03.220+0000] {dag.py:3954} INFO - Setting next_dagrun for weather_data_pipeline to 2025-05-09 16:22:00+00:00, run_after=2025-05-09 16:23:00+00:00
[2025-05-09T16:22:03.246+0000] {processor.py:183} INFO - Processing /opt/airflow/dags/Pipeline_with_airflow.py took 0.650 seconds
[2025-05-09T16:22:33.338+0000] {processor.py:161} INFO - Started process (PID=9775) to work on /opt/airflow/dags/Pipeline_with_airflow.py
[2025-05-09T16:22:33.340+0000] {processor.py:830} INFO - Processing file /opt/airflow/dags/Pipeline_with_airflow.py for tasks to queue
[2025-05-09T16:22:33.342+0000] {logging_mixin.py:188} INFO - [2025-05-09T16:22:33.342+0000] {dagbag.py:545} INFO - Filling up the DagBag from /opt/airflow/dags/Pipeline_with_airflow.py
[2025-05-09T16:22:33.714+0000] {processor.py:840} INFO - DAG(s) 'weather_data_pipeline' retrieved from /opt/airflow/dags/Pipeline_with_airflow.py
[2025-05-09T16:22:33.736+0000] {logging_mixin.py:188} INFO - [2025-05-09T16:22:33.735+0000] {dag.py:3096} INFO - Sync 1 DAGs
[2025-05-09T16:22:33.756+0000] {logging_mixin.py:188} INFO - [2025-05-09T16:22:33.755+0000] {dag.py:3954} INFO - Setting next_dagrun for weather_data_pipeline to 2025-05-09 16:22:00+00:00, run_after=2025-05-09 16:23:00+00:00
[2025-05-09T16:22:33.774+0000] {processor.py:183} INFO - Processing /opt/airflow/dags/Pipeline_with_airflow.py took 0.441 seconds
[2025-05-09T16:23:03.864+0000] {processor.py:161} INFO - Started process (PID=10052) to work on /opt/airflow/dags/Pipeline_with_airflow.py
[2025-05-09T16:23:03.866+0000] {processor.py:830} INFO - Processing file /opt/airflow/dags/Pipeline_with_airflow.py for tasks to queue
[2025-05-09T16:23:03.869+0000] {logging_mixin.py:188} INFO - [2025-05-09T16:23:03.868+0000] {dagbag.py:545} INFO - Filling up the DagBag from /opt/airflow/dags/Pipeline_with_airflow.py
[2025-05-09T16:23:04.440+0000] {processor.py:840} INFO - DAG(s) 'weather_data_pipeline' retrieved from /opt/airflow/dags/Pipeline_with_airflow.py
[2025-05-09T16:23:04.470+0000] {logging_mixin.py:188} INFO - [2025-05-09T16:23:04.469+0000] {dag.py:3096} INFO - Sync 1 DAGs
[2025-05-09T16:23:04.499+0000] {logging_mixin.py:188} INFO - [2025-05-09T16:23:04.498+0000] {dag.py:3954} INFO - Setting next_dagrun for weather_data_pipeline to 2025-05-09 16:23:00+00:00, run_after=2025-05-09 16:24:00+00:00
[2025-05-09T16:23:04.528+0000] {processor.py:183} INFO - Processing /opt/airflow/dags/Pipeline_with_airflow.py took 0.672 seconds
[2025-05-09T16:23:35.189+0000] {processor.py:161} INFO - Started process (PID=10360) to work on /opt/airflow/dags/Pipeline_with_airflow.py
[2025-05-09T16:23:35.191+0000] {processor.py:830} INFO - Processing file /opt/airflow/dags/Pipeline_with_airflow.py for tasks to queue
[2025-05-09T16:23:35.194+0000] {logging_mixin.py:188} INFO - [2025-05-09T16:23:35.194+0000] {dagbag.py:545} INFO - Filling up the DagBag from /opt/airflow/dags/Pipeline_with_airflow.py
[2025-05-09T16:23:35.577+0000] {processor.py:840} INFO - DAG(s) 'weather_data_pipeline' retrieved from /opt/airflow/dags/Pipeline_with_airflow.py
[2025-05-09T16:23:35.595+0000] {logging_mixin.py:188} INFO - [2025-05-09T16:23:35.594+0000] {dag.py:3096} INFO - Sync 1 DAGs
[2025-05-09T16:23:35.612+0000] {logging_mixin.py:188} INFO - [2025-05-09T16:23:35.612+0000] {dag.py:3954} INFO - Setting next_dagrun for weather_data_pipeline to 2025-05-09 16:23:00+00:00, run_after=2025-05-09 16:24:00+00:00
[2025-05-09T16:23:35.629+0000] {processor.py:183} INFO - Processing /opt/airflow/dags/Pipeline_with_airflow.py took 0.448 seconds
[2025-05-09T16:24:06.473+0000] {processor.py:161} INFO - Started process (PID=10637) to work on /opt/airflow/dags/Pipeline_with_airflow.py
[2025-05-09T16:24:06.476+0000] {processor.py:830} INFO - Processing file /opt/airflow/dags/Pipeline_with_airflow.py for tasks to queue
[2025-05-09T16:24:06.483+0000] {logging_mixin.py:188} INFO - [2025-05-09T16:24:06.482+0000] {dagbag.py:545} INFO - Filling up the DagBag from /opt/airflow/dags/Pipeline_with_airflow.py
[2025-05-09T16:24:07.275+0000] {processor.py:840} INFO - DAG(s) 'weather_data_pipeline' retrieved from /opt/airflow/dags/Pipeline_with_airflow.py
[2025-05-09T16:24:07.306+0000] {logging_mixin.py:188} INFO - [2025-05-09T16:24:07.305+0000] {dag.py:3096} INFO - Sync 1 DAGs
[2025-05-09T16:24:07.336+0000] {logging_mixin.py:188} INFO - [2025-05-09T16:24:07.336+0000] {dag.py:3954} INFO - Setting next_dagrun for weather_data_pipeline to 2025-05-09 16:24:00+00:00, run_after=2025-05-09 16:25:00+00:00
[2025-05-09T16:24:07.370+0000] {processor.py:183} INFO - Processing /opt/airflow/dags/Pipeline_with_airflow.py took 0.906 seconds
[2025-05-09T16:24:32.494+0000] {processor.py:161} INFO - Started process (PID=10910) to work on /opt/airflow/dags/Pipeline_with_airflow.py
[2025-05-09T16:24:32.495+0000] {processor.py:830} INFO - Processing file /opt/airflow/dags/Pipeline_with_airflow.py for tasks to queue
[2025-05-09T16:24:32.498+0000] {logging_mixin.py:188} INFO - [2025-05-09T16:24:32.497+0000] {dagbag.py:545} INFO - Filling up the DagBag from /opt/airflow/dags/Pipeline_with_airflow.py
[2025-05-09T16:24:32.971+0000] {processor.py:840} INFO - DAG(s) 'weather_data_pipeline' retrieved from /opt/airflow/dags/Pipeline_with_airflow.py
[2025-05-09T16:24:32.987+0000] {logging_mixin.py:188} INFO - [2025-05-09T16:24:32.987+0000] {dag.py:3096} INFO - Sync 1 DAGs
[2025-05-09T16:24:33.004+0000] {logging_mixin.py:188} INFO - [2025-05-09T16:24:33.004+0000] {dag.py:3954} INFO - Setting next_dagrun for weather_data_pipeline to 2025-05-09 16:24:00+00:00, run_after=2025-05-09 16:25:00+00:00
[2025-05-09T16:24:33.036+0000] {processor.py:183} INFO - Processing /opt/airflow/dags/Pipeline_with_airflow.py took 0.548 seconds
[2025-05-09T16:24:33.817+0000] {processor.py:161} INFO - Started process (PID=10926) to work on /opt/airflow/dags/Pipeline_with_airflow.py
[2025-05-09T16:24:33.818+0000] {processor.py:830} INFO - Processing file /opt/airflow/dags/Pipeline_with_airflow.py for tasks to queue
[2025-05-09T16:24:33.823+0000] {logging_mixin.py:188} INFO - [2025-05-09T16:24:33.822+0000] {dagbag.py:545} INFO - Filling up the DagBag from /opt/airflow/dags/Pipeline_with_airflow.py
[2025-05-09T16:24:34.299+0000] {processor.py:840} INFO - DAG(s) 'weather_data_pipeline' retrieved from /opt/airflow/dags/Pipeline_with_airflow.py
[2025-05-09T16:24:34.314+0000] {logging_mixin.py:188} INFO - [2025-05-09T16:24:34.314+0000] {dag.py:3096} INFO - Sync 1 DAGs
[2025-05-09T16:24:34.337+0000] {logging_mixin.py:188} INFO - [2025-05-09T16:24:34.337+0000] {dag.py:3954} INFO - Setting next_dagrun for weather_data_pipeline to 2025-05-09 16:24:00+00:00, run_after=2025-05-09 16:25:00+00:00
[2025-05-09T16:24:34.366+0000] {processor.py:183} INFO - Processing /opt/airflow/dags/Pipeline_with_airflow.py took 0.556 seconds
[2025-05-09T16:24:37.654+0000] {processor.py:161} INFO - Started process (PID=10952) to work on /opt/airflow/dags/Pipeline_with_airflow.py
[2025-05-09T16:24:37.657+0000] {processor.py:830} INFO - Processing file /opt/airflow/dags/Pipeline_with_airflow.py for tasks to queue
[2025-05-09T16:24:37.660+0000] {logging_mixin.py:188} INFO - [2025-05-09T16:24:37.659+0000] {dagbag.py:545} INFO - Filling up the DagBag from /opt/airflow/dags/Pipeline_with_airflow.py
[2025-05-09T16:24:38.203+0000] {processor.py:840} INFO - DAG(s) 'weather_data_pipeline' retrieved from /opt/airflow/dags/Pipeline_with_airflow.py
[2025-05-09T16:24:38.218+0000] {logging_mixin.py:188} INFO - [2025-05-09T16:24:38.217+0000] {dag.py:3096} INFO - Sync 1 DAGs
[2025-05-09T16:24:38.237+0000] {logging_mixin.py:188} INFO - [2025-05-09T16:24:38.236+0000] {dag.py:3954} INFO - Setting next_dagrun for weather_data_pipeline to 2025-05-09 16:24:00+00:00, run_after=2025-05-09 16:25:00+00:00
[2025-05-09T16:24:38.259+0000] {processor.py:183} INFO - Processing /opt/airflow/dags/Pipeline_with_airflow.py took 0.613 seconds
[2025-05-09T16:25:03.164+0000] {processor.py:161} INFO - Started process (PID=11225) to work on /opt/airflow/dags/Pipeline_with_airflow.py
[2025-05-09T16:25:03.165+0000] {processor.py:830} INFO - Processing file /opt/airflow/dags/Pipeline_with_airflow.py for tasks to queue
[2025-05-09T16:25:03.168+0000] {logging_mixin.py:188} INFO - [2025-05-09T16:25:03.167+0000] {dagbag.py:545} INFO - Filling up the DagBag from /opt/airflow/dags/Pipeline_with_airflow.py
[2025-05-09T16:25:03.706+0000] {processor.py:840} INFO - DAG(s) 'weather_data_pipeline' retrieved from /opt/airflow/dags/Pipeline_with_airflow.py
[2025-05-09T16:25:03.738+0000] {logging_mixin.py:188} INFO - [2025-05-09T16:25:03.737+0000] {dag.py:3096} INFO - Sync 1 DAGs
[2025-05-09T16:25:03.764+0000] {logging_mixin.py:188} INFO - [2025-05-09T16:25:03.764+0000] {dag.py:3954} INFO - Setting next_dagrun for weather_data_pipeline to 2025-05-09 16:25:00+00:00, run_after=2025-05-09 16:26:00+00:00
[2025-05-09T16:25:03.811+0000] {processor.py:183} INFO - Processing /opt/airflow/dags/Pipeline_with_airflow.py took 0.658 seconds
[2025-05-09T16:25:04.554+0000] {processor.py:161} INFO - Started process (PID=11242) to work on /opt/airflow/dags/Pipeline_with_airflow.py
[2025-05-09T16:25:04.556+0000] {processor.py:830} INFO - Processing file /opt/airflow/dags/Pipeline_with_airflow.py for tasks to queue
[2025-05-09T16:25:04.559+0000] {logging_mixin.py:188} INFO - [2025-05-09T16:25:04.558+0000] {dagbag.py:545} INFO - Filling up the DagBag from /opt/airflow/dags/Pipeline_with_airflow.py
[2025-05-09T16:25:05.180+0000] {processor.py:840} INFO - DAG(s) 'weather_data_pipeline' retrieved from /opt/airflow/dags/Pipeline_with_airflow.py
[2025-05-09T16:25:05.209+0000] {logging_mixin.py:188} INFO - [2025-05-09T16:25:05.208+0000] {dag.py:3096} INFO - Sync 1 DAGs
[2025-05-09T16:25:05.235+0000] {logging_mixin.py:188} INFO - [2025-05-09T16:25:05.235+0000] {dag.py:3954} INFO - Setting next_dagrun for weather_data_pipeline to 2025-05-09 16:25:00+00:00, run_after=2025-05-09 16:26:00+00:00
[2025-05-09T16:25:05.268+0000] {processor.py:183} INFO - Processing /opt/airflow/dags/Pipeline_with_airflow.py took 0.723 seconds
[2025-05-09T16:25:36.181+0000] {processor.py:161} INFO - Started process (PID=11559) to work on /opt/airflow/dags/Pipeline_with_airflow.py
[2025-05-09T16:25:36.183+0000] {processor.py:830} INFO - Processing file /opt/airflow/dags/Pipeline_with_airflow.py for tasks to queue
[2025-05-09T16:25:36.186+0000] {logging_mixin.py:188} INFO - [2025-05-09T16:25:36.185+0000] {dagbag.py:545} INFO - Filling up the DagBag from /opt/airflow/dags/Pipeline_with_airflow.py
[2025-05-09T16:25:36.625+0000] {processor.py:840} INFO - DAG(s) 'weather_data_pipeline' retrieved from /opt/airflow/dags/Pipeline_with_airflow.py
[2025-05-09T16:25:36.657+0000] {logging_mixin.py:188} INFO - [2025-05-09T16:25:36.656+0000] {dag.py:3096} INFO - Sync 1 DAGs
[2025-05-09T16:25:36.681+0000] {logging_mixin.py:188} INFO - [2025-05-09T16:25:36.681+0000] {dag.py:3954} INFO - Setting next_dagrun for weather_data_pipeline to 2025-05-09 16:25:00+00:00, run_after=2025-05-09 16:26:00+00:00
[2025-05-09T16:25:36.710+0000] {processor.py:183} INFO - Processing /opt/airflow/dags/Pipeline_with_airflow.py took 0.536 seconds
[2025-05-09T16:25:38.843+0000] {processor.py:161} INFO - Started process (PID=11575) to work on /opt/airflow/dags/Pipeline_with_airflow.py
[2025-05-09T16:25:38.844+0000] {processor.py:830} INFO - Processing file /opt/airflow/dags/Pipeline_with_airflow.py for tasks to queue
[2025-05-09T16:25:38.847+0000] {logging_mixin.py:188} INFO - [2025-05-09T16:25:38.847+0000] {dagbag.py:545} INFO - Filling up the DagBag from /opt/airflow/dags/Pipeline_with_airflow.py
[2025-05-09T16:25:39.413+0000] {processor.py:840} INFO - DAG(s) 'weather_data_pipeline' retrieved from /opt/airflow/dags/Pipeline_with_airflow.py
[2025-05-09T16:25:39.441+0000] {logging_mixin.py:188} INFO - [2025-05-09T16:25:39.441+0000] {dag.py:3096} INFO - Sync 1 DAGs
[2025-05-09T16:25:39.474+0000] {logging_mixin.py:188} INFO - [2025-05-09T16:25:39.474+0000] {dag.py:3954} INFO - Setting next_dagrun for weather_data_pipeline to 2025-05-09 16:25:00+00:00, run_after=2025-05-09 16:26:00+00:00
[2025-05-09T16:25:39.517+0000] {processor.py:183} INFO - Processing /opt/airflow/dags/Pipeline_with_airflow.py took 0.682 seconds
[2025-05-09T16:25:44.417+0000] {processor.py:161} INFO - Started process (PID=11719) to work on /opt/airflow/dags/Pipeline_with_airflow.py
[2025-05-09T16:25:44.419+0000] {processor.py:830} INFO - Processing file /opt/airflow/dags/Pipeline_with_airflow.py for tasks to queue
[2025-05-09T16:25:44.423+0000] {logging_mixin.py:188} INFO - [2025-05-09T16:25:44.422+0000] {dagbag.py:545} INFO - Filling up the DagBag from /opt/airflow/dags/Pipeline_with_airflow.py
[2025-05-09T16:25:44.864+0000] {processor.py:840} INFO - DAG(s) 'weather_data_pipeline' retrieved from /opt/airflow/dags/Pipeline_with_airflow.py
[2025-05-09T16:25:44.885+0000] {logging_mixin.py:188} INFO - [2025-05-09T16:25:44.885+0000] {dag.py:3096} INFO - Sync 1 DAGs
[2025-05-09T16:25:44.915+0000] {logging_mixin.py:188} INFO - [2025-05-09T16:25:44.914+0000] {dag.py:3954} INFO - Setting next_dagrun for weather_data_pipeline to 2025-05-09 16:25:00+00:00, run_after=2025-05-09 16:26:00+00:00
[2025-05-09T16:25:44.947+0000] {processor.py:183} INFO - Processing /opt/airflow/dags/Pipeline_with_airflow.py took 0.537 seconds
[2025-05-09T16:25:48.306+0000] {processor.py:161} INFO - Started process (PID=11767) to work on /opt/airflow/dags/Pipeline_with_airflow.py
[2025-05-09T16:25:48.307+0000] {processor.py:830} INFO - Processing file /opt/airflow/dags/Pipeline_with_airflow.py for tasks to queue
[2025-05-09T16:25:48.311+0000] {logging_mixin.py:188} INFO - [2025-05-09T16:25:48.310+0000] {dagbag.py:545} INFO - Filling up the DagBag from /opt/airflow/dags/Pipeline_with_airflow.py
[2025-05-09T16:25:48.787+0000] {processor.py:840} INFO - DAG(s) 'weather_data_pipeline' retrieved from /opt/airflow/dags/Pipeline_with_airflow.py
[2025-05-09T16:25:48.809+0000] {logging_mixin.py:188} INFO - [2025-05-09T16:25:48.808+0000] {dag.py:3096} INFO - Sync 1 DAGs
[2025-05-09T16:25:48.832+0000] {logging_mixin.py:188} INFO - [2025-05-09T16:25:48.832+0000] {dag.py:3954} INFO - Setting next_dagrun for weather_data_pipeline to 2025-05-09 16:25:00+00:00, run_after=2025-05-09 16:26:00+00:00
[2025-05-09T16:25:48.864+0000] {processor.py:183} INFO - Processing /opt/airflow/dags/Pipeline_with_airflow.py took 0.567 seconds
[2025-05-09T16:26:18.991+0000] {processor.py:161} INFO - Started process (PID=12098) to work on /opt/airflow/dags/Pipeline_with_airflow.py
[2025-05-09T16:26:18.993+0000] {processor.py:830} INFO - Processing file /opt/airflow/dags/Pipeline_with_airflow.py for tasks to queue
[2025-05-09T16:26:18.997+0000] {logging_mixin.py:188} INFO - [2025-05-09T16:26:18.996+0000] {dagbag.py:545} INFO - Filling up the DagBag from /opt/airflow/dags/Pipeline_with_airflow.py
[2025-05-09T16:26:19.532+0000] {processor.py:840} INFO - DAG(s) 'weather_data_pipeline' retrieved from /opt/airflow/dags/Pipeline_with_airflow.py
[2025-05-09T16:26:19.561+0000] {logging_mixin.py:188} INFO - [2025-05-09T16:26:19.560+0000] {dag.py:3096} INFO - Sync 1 DAGs
[2025-05-09T16:26:19.586+0000] {logging_mixin.py:188} INFO - [2025-05-09T16:26:19.586+0000] {dag.py:3954} INFO - Setting next_dagrun for weather_data_pipeline to 2025-05-09 16:26:00+00:00, run_after=2025-05-09 16:27:00+00:00
[2025-05-09T16:26:19.619+0000] {processor.py:183} INFO - Processing /opt/airflow/dags/Pipeline_with_airflow.py took 0.637 seconds
[2025-05-09T16:26:50.251+0000] {processor.py:161} INFO - Started process (PID=12378) to work on /opt/airflow/dags/Pipeline_with_airflow.py
[2025-05-09T16:26:50.253+0000] {processor.py:830} INFO - Processing file /opt/airflow/dags/Pipeline_with_airflow.py for tasks to queue
[2025-05-09T16:26:50.255+0000] {logging_mixin.py:188} INFO - [2025-05-09T16:26:50.255+0000] {dagbag.py:545} INFO - Filling up the DagBag from /opt/airflow/dags/Pipeline_with_airflow.py
[2025-05-09T16:26:50.683+0000] {processor.py:840} INFO - DAG(s) 'weather_data_pipeline' retrieved from /opt/airflow/dags/Pipeline_with_airflow.py
[2025-05-09T16:26:50.708+0000] {logging_mixin.py:188} INFO - [2025-05-09T16:26:50.707+0000] {dag.py:3096} INFO - Sync 1 DAGs
[2025-05-09T16:26:50.734+0000] {logging_mixin.py:188} INFO - [2025-05-09T16:26:50.733+0000] {dag.py:3954} INFO - Setting next_dagrun for weather_data_pipeline to 2025-05-09 16:26:00+00:00, run_after=2025-05-09 16:27:00+00:00
[2025-05-09T16:26:50.765+0000] {processor.py:183} INFO - Processing /opt/airflow/dags/Pipeline_with_airflow.py took 0.520 seconds
[2025-05-09T16:27:21.002+0000] {processor.py:161} INFO - Started process (PID=12697) to work on /opt/airflow/dags/Pipeline_with_airflow.py
[2025-05-09T16:27:21.004+0000] {processor.py:830} INFO - Processing file /opt/airflow/dags/Pipeline_with_airflow.py for tasks to queue
[2025-05-09T16:27:21.006+0000] {logging_mixin.py:188} INFO - [2025-05-09T16:27:21.006+0000] {dagbag.py:545} INFO - Filling up the DagBag from /opt/airflow/dags/Pipeline_with_airflow.py
[2025-05-09T16:27:21.485+0000] {processor.py:840} INFO - DAG(s) 'weather_data_pipeline' retrieved from /opt/airflow/dags/Pipeline_with_airflow.py
[2025-05-09T16:27:21.504+0000] {logging_mixin.py:188} INFO - [2025-05-09T16:27:21.504+0000] {dag.py:3096} INFO - Sync 1 DAGs
[2025-05-09T16:27:21.524+0000] {logging_mixin.py:188} INFO - [2025-05-09T16:27:21.524+0000] {dag.py:3954} INFO - Setting next_dagrun for weather_data_pipeline to 2025-05-09 16:27:00+00:00, run_after=2025-05-09 16:28:00+00:00
[2025-05-09T16:27:21.543+0000] {processor.py:183} INFO - Processing /opt/airflow/dags/Pipeline_with_airflow.py took 0.547 seconds
[2025-05-09T16:27:51.831+0000] {processor.py:161} INFO - Started process (PID=12984) to work on /opt/airflow/dags/Pipeline_with_airflow.py
[2025-05-09T16:27:51.832+0000] {processor.py:830} INFO - Processing file /opt/airflow/dags/Pipeline_with_airflow.py for tasks to queue
[2025-05-09T16:27:51.834+0000] {logging_mixin.py:188} INFO - [2025-05-09T16:27:51.834+0000] {dagbag.py:545} INFO - Filling up the DagBag from /opt/airflow/dags/Pipeline_with_airflow.py
[2025-05-09T16:27:52.235+0000] {processor.py:840} INFO - DAG(s) 'weather_data_pipeline' retrieved from /opt/airflow/dags/Pipeline_with_airflow.py
[2025-05-09T16:27:52.253+0000] {logging_mixin.py:188} INFO - [2025-05-09T16:27:52.252+0000] {dag.py:3096} INFO - Sync 1 DAGs
[2025-05-09T16:27:52.271+0000] {logging_mixin.py:188} INFO - [2025-05-09T16:27:52.270+0000] {dag.py:3954} INFO - Setting next_dagrun for weather_data_pipeline to 2025-05-09 16:27:00+00:00, run_after=2025-05-09 16:28:00+00:00
[2025-05-09T16:27:52.290+0000] {processor.py:183} INFO - Processing /opt/airflow/dags/Pipeline_with_airflow.py took 0.465 seconds
[2025-05-09T16:28:23.275+0000] {processor.py:161} INFO - Started process (PID=13282) to work on /opt/airflow/dags/Pipeline_with_airflow.py
[2025-05-09T16:28:23.278+0000] {processor.py:830} INFO - Processing file /opt/airflow/dags/Pipeline_with_airflow.py for tasks to queue
[2025-05-09T16:28:23.280+0000] {logging_mixin.py:188} INFO - [2025-05-09T16:28:23.280+0000] {dagbag.py:545} INFO - Filling up the DagBag from /opt/airflow/dags/Pipeline_with_airflow.py
[2025-05-09T16:28:23.712+0000] {processor.py:840} INFO - DAG(s) 'weather_data_pipeline' retrieved from /opt/airflow/dags/Pipeline_with_airflow.py
[2025-05-09T16:28:23.731+0000] {logging_mixin.py:188} INFO - [2025-05-09T16:28:23.730+0000] {dag.py:3096} INFO - Sync 1 DAGs
[2025-05-09T16:28:23.750+0000] {logging_mixin.py:188} INFO - [2025-05-09T16:28:23.749+0000] {dag.py:3954} INFO - Setting next_dagrun for weather_data_pipeline to 2025-05-09 16:28:00+00:00, run_after=2025-05-09 16:29:00+00:00
[2025-05-09T16:28:23.782+0000] {processor.py:183} INFO - Processing /opt/airflow/dags/Pipeline_with_airflow.py took 0.513 seconds
[2025-05-09T16:28:54.006+0000] {processor.py:161} INFO - Started process (PID=13544) to work on /opt/airflow/dags/Pipeline_with_airflow.py
[2025-05-09T16:28:54.008+0000] {processor.py:830} INFO - Processing file /opt/airflow/dags/Pipeline_with_airflow.py for tasks to queue
[2025-05-09T16:28:54.009+0000] {logging_mixin.py:188} INFO - [2025-05-09T16:28:54.009+0000] {dagbag.py:545} INFO - Filling up the DagBag from /opt/airflow/dags/Pipeline_with_airflow.py
[2025-05-09T16:28:54.426+0000] {processor.py:840} INFO - DAG(s) 'weather_data_pipeline' retrieved from /opt/airflow/dags/Pipeline_with_airflow.py
[2025-05-09T16:28:54.446+0000] {logging_mixin.py:188} INFO - [2025-05-09T16:28:54.446+0000] {dag.py:3096} INFO - Sync 1 DAGs
[2025-05-09T16:28:54.468+0000] {logging_mixin.py:188} INFO - [2025-05-09T16:28:54.467+0000] {dag.py:3954} INFO - Setting next_dagrun for weather_data_pipeline to 2025-05-09 16:28:00+00:00, run_after=2025-05-09 16:29:00+00:00
[2025-05-09T16:28:54.526+0000] {processor.py:183} INFO - Processing /opt/airflow/dags/Pipeline_with_airflow.py took 0.528 seconds
[2025-05-09T16:28:58.608+0000] {processor.py:161} INFO - Started process (PID=13556) to work on /opt/airflow/dags/Pipeline_with_airflow.py
[2025-05-09T16:28:58.609+0000] {processor.py:830} INFO - Processing file /opt/airflow/dags/Pipeline_with_airflow.py for tasks to queue
[2025-05-09T16:28:58.612+0000] {logging_mixin.py:188} INFO - [2025-05-09T16:28:58.611+0000] {dagbag.py:545} INFO - Filling up the DagBag from /opt/airflow/dags/Pipeline_with_airflow.py
[2025-05-09T16:28:59.028+0000] {processor.py:840} INFO - DAG(s) 'weather_data_pipeline' retrieved from /opt/airflow/dags/Pipeline_with_airflow.py
[2025-05-09T16:28:59.123+0000] {logging_mixin.py:188} INFO - [2025-05-09T16:28:59.122+0000] {dag.py:3096} INFO - Sync 1 DAGs
[2025-05-09T16:28:59.139+0000] {logging_mixin.py:188} INFO - [2025-05-09T16:28:59.139+0000] {dag.py:3954} INFO - Setting next_dagrun for weather_data_pipeline to 2025-05-09 16:28:00+00:00, run_after=2025-05-09 16:29:00+00:00
[2025-05-09T16:28:59.164+0000] {processor.py:183} INFO - Processing /opt/airflow/dags/Pipeline_with_airflow.py took 0.562 seconds
[2025-05-09T16:29:00.175+0000] {processor.py:161} INFO - Started process (PID=13562) to work on /opt/airflow/dags/Pipeline_with_airflow.py
[2025-05-09T16:29:00.177+0000] {processor.py:830} INFO - Processing file /opt/airflow/dags/Pipeline_with_airflow.py for tasks to queue
[2025-05-09T16:29:00.180+0000] {logging_mixin.py:188} INFO - [2025-05-09T16:29:00.179+0000] {dagbag.py:545} INFO - Filling up the DagBag from /opt/airflow/dags/Pipeline_with_airflow.py
[2025-05-09T16:29:00.700+0000] {processor.py:840} INFO - DAG(s) 'weather_data_pipeline' retrieved from /opt/airflow/dags/Pipeline_with_airflow.py
[2025-05-09T16:29:00.716+0000] {logging_mixin.py:188} INFO - [2025-05-09T16:29:00.716+0000] {dag.py:3096} INFO - Sync 1 DAGs
[2025-05-09T16:29:00.741+0000] {logging_mixin.py:188} INFO - [2025-05-09T16:29:00.741+0000] {dag.py:3954} INFO - Setting next_dagrun for weather_data_pipeline to 2025-05-09 16:29:00+00:00, run_after=2025-05-09 16:30:00+00:00
[2025-05-09T16:29:00.773+0000] {processor.py:183} INFO - Processing /opt/airflow/dags/Pipeline_with_airflow.py took 0.604 seconds
[2025-05-09T16:29:01.892+0000] {processor.py:161} INFO - Started process (PID=13571) to work on /opt/airflow/dags/Pipeline_with_airflow.py
[2025-05-09T16:29:01.894+0000] {processor.py:830} INFO - Processing file /opt/airflow/dags/Pipeline_with_airflow.py for tasks to queue
[2025-05-09T16:29:01.896+0000] {logging_mixin.py:188} INFO - [2025-05-09T16:29:01.896+0000] {dagbag.py:545} INFO - Filling up the DagBag from /opt/airflow/dags/Pipeline_with_airflow.py
[2025-05-09T16:29:02.350+0000] {processor.py:840} INFO - DAG(s) 'weather_data_pipeline' retrieved from /opt/airflow/dags/Pipeline_with_airflow.py
[2025-05-09T16:29:02.361+0000] {logging_mixin.py:188} INFO - [2025-05-09T16:29:02.361+0000] {dag.py:3096} INFO - Sync 1 DAGs
[2025-05-09T16:29:02.391+0000] {logging_mixin.py:188} INFO - [2025-05-09T16:29:02.391+0000] {dag.py:3954} INFO - Setting next_dagrun for weather_data_pipeline to 2025-05-09 16:29:00+00:00, run_after=2025-05-09 16:30:00+00:00
[2025-05-09T16:29:02.417+0000] {processor.py:183} INFO - Processing /opt/airflow/dags/Pipeline_with_airflow.py took 0.531 seconds
[2025-05-09T16:29:32.674+0000] {processor.py:161} INFO - Started process (PID=13887) to work on /opt/airflow/dags/Pipeline_with_airflow.py
[2025-05-09T16:29:32.677+0000] {processor.py:830} INFO - Processing file /opt/airflow/dags/Pipeline_with_airflow.py for tasks to queue
[2025-05-09T16:29:32.680+0000] {logging_mixin.py:188} INFO - [2025-05-09T16:29:32.680+0000] {dagbag.py:545} INFO - Filling up the DagBag from /opt/airflow/dags/Pipeline_with_airflow.py
[2025-05-09T16:29:33.127+0000] {processor.py:840} INFO - DAG(s) 'weather_data_pipeline' retrieved from /opt/airflow/dags/Pipeline_with_airflow.py
[2025-05-09T16:29:33.145+0000] {logging_mixin.py:188} INFO - [2025-05-09T16:29:33.144+0000] {dag.py:3096} INFO - Sync 1 DAGs
[2025-05-09T16:29:33.176+0000] {logging_mixin.py:188} INFO - [2025-05-09T16:29:33.175+0000] {dag.py:3954} INFO - Setting next_dagrun for weather_data_pipeline to 2025-05-09 16:29:00+00:00, run_after=2025-05-09 16:30:00+00:00
[2025-05-09T16:29:33.224+0000] {processor.py:183} INFO - Processing /opt/airflow/dags/Pipeline_with_airflow.py took 0.559 seconds
[2025-05-09T16:30:03.652+0000] {processor.py:161} INFO - Started process (PID=14169) to work on /opt/airflow/dags/Pipeline_with_airflow.py
[2025-05-09T16:30:03.654+0000] {processor.py:830} INFO - Processing file /opt/airflow/dags/Pipeline_with_airflow.py for tasks to queue
[2025-05-09T16:30:03.657+0000] {logging_mixin.py:188} INFO - [2025-05-09T16:30:03.656+0000] {dagbag.py:545} INFO - Filling up the DagBag from /opt/airflow/dags/Pipeline_with_airflow.py
[2025-05-09T16:30:04.156+0000] {processor.py:840} INFO - DAG(s) 'weather_data_pipeline' retrieved from /opt/airflow/dags/Pipeline_with_airflow.py
[2025-05-09T16:30:04.177+0000] {logging_mixin.py:188} INFO - [2025-05-09T16:30:04.177+0000] {dag.py:3096} INFO - Sync 1 DAGs
[2025-05-09T16:30:04.200+0000] {logging_mixin.py:188} INFO - [2025-05-09T16:30:04.200+0000] {dag.py:3954} INFO - Setting next_dagrun for weather_data_pipeline to 2025-05-09 16:30:00+00:00, run_after=2025-05-09 16:31:00+00:00
[2025-05-09T16:30:04.222+0000] {processor.py:183} INFO - Processing /opt/airflow/dags/Pipeline_with_airflow.py took 0.576 seconds
[2025-05-09T16:30:34.721+0000] {processor.py:161} INFO - Started process (PID=14462) to work on /opt/airflow/dags/Pipeline_with_airflow.py
[2025-05-09T16:30:34.722+0000] {processor.py:830} INFO - Processing file /opt/airflow/dags/Pipeline_with_airflow.py for tasks to queue
[2025-05-09T16:30:34.725+0000] {logging_mixin.py:188} INFO - [2025-05-09T16:30:34.724+0000] {dagbag.py:545} INFO - Filling up the DagBag from /opt/airflow/dags/Pipeline_with_airflow.py
[2025-05-09T16:30:35.094+0000] {processor.py:840} INFO - DAG(s) 'weather_data_pipeline' retrieved from /opt/airflow/dags/Pipeline_with_airflow.py
[2025-05-09T16:30:35.110+0000] {logging_mixin.py:188} INFO - [2025-05-09T16:30:35.110+0000] {dag.py:3096} INFO - Sync 1 DAGs
[2025-05-09T16:30:35.127+0000] {logging_mixin.py:188} INFO - [2025-05-09T16:30:35.127+0000] {dag.py:3954} INFO - Setting next_dagrun for weather_data_pipeline to 2025-05-09 16:30:00+00:00, run_after=2025-05-09 16:31:00+00:00
[2025-05-09T16:30:35.148+0000] {processor.py:183} INFO - Processing /opt/airflow/dags/Pipeline_with_airflow.py took 0.434 seconds
[2025-05-09T16:31:05.255+0000] {processor.py:161} INFO - Started process (PID=14746) to work on /opt/airflow/dags/Pipeline_with_airflow.py
[2025-05-09T16:31:05.257+0000] {processor.py:830} INFO - Processing file /opt/airflow/dags/Pipeline_with_airflow.py for tasks to queue
[2025-05-09T16:31:05.262+0000] {logging_mixin.py:188} INFO - [2025-05-09T16:31:05.262+0000] {dagbag.py:545} INFO - Filling up the DagBag from /opt/airflow/dags/Pipeline_with_airflow.py
[2025-05-09T16:31:05.756+0000] {processor.py:840} INFO - DAG(s) 'weather_data_pipeline' retrieved from /opt/airflow/dags/Pipeline_with_airflow.py
[2025-05-09T16:31:05.775+0000] {logging_mixin.py:188} INFO - [2025-05-09T16:31:05.775+0000] {dag.py:3096} INFO - Sync 1 DAGs
[2025-05-09T16:31:05.805+0000] {logging_mixin.py:188} INFO - [2025-05-09T16:31:05.804+0000] {dag.py:3954} INFO - Setting next_dagrun for weather_data_pipeline to 2025-05-09 16:31:00+00:00, run_after=2025-05-09 16:32:00+00:00
[2025-05-09T16:31:05.850+0000] {processor.py:183} INFO - Processing /opt/airflow/dags/Pipeline_with_airflow.py took 0.607 seconds
