[2025-05-09T12:10:23.968+0000] {processor.py:161} INFO - Started process (PID=416) to work on /home/airflow/.local/lib/python3.10/site-packages/airflow/example_dags/plugins/decreasing_priority_weight_strategy.py
[2025-05-09T12:10:23.970+0000] {processor.py:830} INFO - Processing file /home/airflow/.local/lib/python3.10/site-packages/airflow/example_dags/plugins/decreasing_priority_weight_strategy.py for tasks to queue
[2025-05-09T12:10:23.975+0000] {logging_mixin.py:188} INFO - [2025-05-09T12:10:23.974+0000] {dagbag.py:545} INFO - Filling up the DagBag from /home/airflow/.local/lib/python3.10/site-packages/airflow/example_dags/plugins/decreasing_priority_weight_strategy.py
[2025-05-09T12:10:23.979+0000] {processor.py:842} WARNING - No viable dags retrieved from /home/airflow/.local/lib/python3.10/site-packages/airflow/example_dags/plugins/decreasing_priority_weight_strategy.py
[2025-05-09T12:10:23.999+0000] {processor.py:183} INFO - Processing /home/airflow/.local/lib/python3.10/site-packages/airflow/example_dags/plugins/decreasing_priority_weight_strategy.py took 0.040 seconds
[2025-05-09T12:10:55.799+0000] {processor.py:161} INFO - Started process (PID=667) to work on /home/airflow/.local/lib/python3.10/site-packages/airflow/example_dags/plugins/decreasing_priority_weight_strategy.py
[2025-05-09T12:10:55.800+0000] {processor.py:830} INFO - Processing file /home/airflow/.local/lib/python3.10/site-packages/airflow/example_dags/plugins/decreasing_priority_weight_strategy.py for tasks to queue
[2025-05-09T12:10:55.803+0000] {logging_mixin.py:188} INFO - [2025-05-09T12:10:55.802+0000] {dagbag.py:545} INFO - Filling up the DagBag from /home/airflow/.local/lib/python3.10/site-packages/airflow/example_dags/plugins/decreasing_priority_weight_strategy.py
[2025-05-09T12:10:55.806+0000] {processor.py:842} WARNING - No viable dags retrieved from /home/airflow/.local/lib/python3.10/site-packages/airflow/example_dags/plugins/decreasing_priority_weight_strategy.py
[2025-05-09T12:10:55.824+0000] {processor.py:183} INFO - Processing /home/airflow/.local/lib/python3.10/site-packages/airflow/example_dags/plugins/decreasing_priority_weight_strategy.py took 0.034 seconds
[2025-05-09T12:11:26.787+0000] {processor.py:161} INFO - Started process (PID=929) to work on /home/airflow/.local/lib/python3.10/site-packages/airflow/example_dags/plugins/decreasing_priority_weight_strategy.py
[2025-05-09T12:11:26.788+0000] {processor.py:830} INFO - Processing file /home/airflow/.local/lib/python3.10/site-packages/airflow/example_dags/plugins/decreasing_priority_weight_strategy.py for tasks to queue
[2025-05-09T12:11:26.790+0000] {logging_mixin.py:188} INFO - [2025-05-09T12:11:26.790+0000] {dagbag.py:545} INFO - Filling up the DagBag from /home/airflow/.local/lib/python3.10/site-packages/airflow/example_dags/plugins/decreasing_priority_weight_strategy.py
[2025-05-09T12:11:26.792+0000] {processor.py:842} WARNING - No viable dags retrieved from /home/airflow/.local/lib/python3.10/site-packages/airflow/example_dags/plugins/decreasing_priority_weight_strategy.py
[2025-05-09T12:11:26.808+0000] {processor.py:183} INFO - Processing /home/airflow/.local/lib/python3.10/site-packages/airflow/example_dags/plugins/decreasing_priority_weight_strategy.py took 0.030 seconds
[2025-05-09T12:11:56.992+0000] {processor.py:161} INFO - Started process (PID=1179) to work on /home/airflow/.local/lib/python3.10/site-packages/airflow/example_dags/plugins/decreasing_priority_weight_strategy.py
[2025-05-09T12:11:56.993+0000] {processor.py:830} INFO - Processing file /home/airflow/.local/lib/python3.10/site-packages/airflow/example_dags/plugins/decreasing_priority_weight_strategy.py for tasks to queue
[2025-05-09T12:11:56.997+0000] {logging_mixin.py:188} INFO - [2025-05-09T12:11:56.996+0000] {dagbag.py:545} INFO - Filling up the DagBag from /home/airflow/.local/lib/python3.10/site-packages/airflow/example_dags/plugins/decreasing_priority_weight_strategy.py
[2025-05-09T12:11:57.000+0000] {processor.py:842} WARNING - No viable dags retrieved from /home/airflow/.local/lib/python3.10/site-packages/airflow/example_dags/plugins/decreasing_priority_weight_strategy.py
[2025-05-09T12:11:57.016+0000] {processor.py:183} INFO - Processing /home/airflow/.local/lib/python3.10/site-packages/airflow/example_dags/plugins/decreasing_priority_weight_strategy.py took 0.033 seconds
[2025-05-09T12:12:27.387+0000] {processor.py:161} INFO - Started process (PID=1435) to work on /home/airflow/.local/lib/python3.10/site-packages/airflow/example_dags/plugins/decreasing_priority_weight_strategy.py
[2025-05-09T12:12:27.389+0000] {processor.py:830} INFO - Processing file /home/airflow/.local/lib/python3.10/site-packages/airflow/example_dags/plugins/decreasing_priority_weight_strategy.py for tasks to queue
[2025-05-09T12:12:27.391+0000] {logging_mixin.py:188} INFO - [2025-05-09T12:12:27.391+0000] {dagbag.py:545} INFO - Filling up the DagBag from /home/airflow/.local/lib/python3.10/site-packages/airflow/example_dags/plugins/decreasing_priority_weight_strategy.py
[2025-05-09T12:12:27.395+0000] {processor.py:842} WARNING - No viable dags retrieved from /home/airflow/.local/lib/python3.10/site-packages/airflow/example_dags/plugins/decreasing_priority_weight_strategy.py
[2025-05-09T12:12:27.416+0000] {processor.py:183} INFO - Processing /home/airflow/.local/lib/python3.10/site-packages/airflow/example_dags/plugins/decreasing_priority_weight_strategy.py took 0.041 seconds
[2025-05-09T12:12:58.067+0000] {processor.py:161} INFO - Started process (PID=1693) to work on /home/airflow/.local/lib/python3.10/site-packages/airflow/example_dags/plugins/decreasing_priority_weight_strategy.py
[2025-05-09T12:12:58.068+0000] {processor.py:830} INFO - Processing file /home/airflow/.local/lib/python3.10/site-packages/airflow/example_dags/plugins/decreasing_priority_weight_strategy.py for tasks to queue
[2025-05-09T12:12:58.070+0000] {logging_mixin.py:188} INFO - [2025-05-09T12:12:58.070+0000] {dagbag.py:545} INFO - Filling up the DagBag from /home/airflow/.local/lib/python3.10/site-packages/airflow/example_dags/plugins/decreasing_priority_weight_strategy.py
[2025-05-09T12:12:58.072+0000] {processor.py:842} WARNING - No viable dags retrieved from /home/airflow/.local/lib/python3.10/site-packages/airflow/example_dags/plugins/decreasing_priority_weight_strategy.py
[2025-05-09T12:12:58.089+0000] {processor.py:183} INFO - Processing /home/airflow/.local/lib/python3.10/site-packages/airflow/example_dags/plugins/decreasing_priority_weight_strategy.py took 0.031 seconds
[2025-05-09T12:13:28.398+0000] {processor.py:161} INFO - Started process (PID=1949) to work on /home/airflow/.local/lib/python3.10/site-packages/airflow/example_dags/plugins/decreasing_priority_weight_strategy.py
[2025-05-09T12:13:28.400+0000] {processor.py:830} INFO - Processing file /home/airflow/.local/lib/python3.10/site-packages/airflow/example_dags/plugins/decreasing_priority_weight_strategy.py for tasks to queue
[2025-05-09T12:13:28.402+0000] {logging_mixin.py:188} INFO - [2025-05-09T12:13:28.402+0000] {dagbag.py:545} INFO - Filling up the DagBag from /home/airflow/.local/lib/python3.10/site-packages/airflow/example_dags/plugins/decreasing_priority_weight_strategy.py
[2025-05-09T12:13:28.405+0000] {processor.py:842} WARNING - No viable dags retrieved from /home/airflow/.local/lib/python3.10/site-packages/airflow/example_dags/plugins/decreasing_priority_weight_strategy.py
[2025-05-09T12:13:28.418+0000] {processor.py:183} INFO - Processing /home/airflow/.local/lib/python3.10/site-packages/airflow/example_dags/plugins/decreasing_priority_weight_strategy.py took 0.026 seconds
[2025-05-09T12:13:59.002+0000] {processor.py:161} INFO - Started process (PID=2203) to work on /home/airflow/.local/lib/python3.10/site-packages/airflow/example_dags/plugins/decreasing_priority_weight_strategy.py
[2025-05-09T12:13:59.004+0000] {processor.py:830} INFO - Processing file /home/airflow/.local/lib/python3.10/site-packages/airflow/example_dags/plugins/decreasing_priority_weight_strategy.py for tasks to queue
[2025-05-09T12:13:59.006+0000] {logging_mixin.py:188} INFO - [2025-05-09T12:13:59.005+0000] {dagbag.py:545} INFO - Filling up the DagBag from /home/airflow/.local/lib/python3.10/site-packages/airflow/example_dags/plugins/decreasing_priority_weight_strategy.py
[2025-05-09T12:13:59.009+0000] {processor.py:842} WARNING - No viable dags retrieved from /home/airflow/.local/lib/python3.10/site-packages/airflow/example_dags/plugins/decreasing_priority_weight_strategy.py
[2025-05-09T12:13:59.026+0000] {processor.py:183} INFO - Processing /home/airflow/.local/lib/python3.10/site-packages/airflow/example_dags/plugins/decreasing_priority_weight_strategy.py took 0.031 seconds
[2025-05-09T12:14:30.076+0000] {processor.py:161} INFO - Started process (PID=2459) to work on /home/airflow/.local/lib/python3.10/site-packages/airflow/example_dags/plugins/decreasing_priority_weight_strategy.py
[2025-05-09T12:14:30.078+0000] {processor.py:830} INFO - Processing file /home/airflow/.local/lib/python3.10/site-packages/airflow/example_dags/plugins/decreasing_priority_weight_strategy.py for tasks to queue
[2025-05-09T12:14:30.080+0000] {logging_mixin.py:188} INFO - [2025-05-09T12:14:30.080+0000] {dagbag.py:545} INFO - Filling up the DagBag from /home/airflow/.local/lib/python3.10/site-packages/airflow/example_dags/plugins/decreasing_priority_weight_strategy.py
[2025-05-09T12:14:30.085+0000] {processor.py:842} WARNING - No viable dags retrieved from /home/airflow/.local/lib/python3.10/site-packages/airflow/example_dags/plugins/decreasing_priority_weight_strategy.py
[2025-05-09T12:14:30.103+0000] {processor.py:183} INFO - Processing /home/airflow/.local/lib/python3.10/site-packages/airflow/example_dags/plugins/decreasing_priority_weight_strategy.py took 0.036 seconds
[2025-05-09T12:15:00.429+0000] {processor.py:161} INFO - Started process (PID=2715) to work on /home/airflow/.local/lib/python3.10/site-packages/airflow/example_dags/plugins/decreasing_priority_weight_strategy.py
[2025-05-09T12:15:00.430+0000] {processor.py:830} INFO - Processing file /home/airflow/.local/lib/python3.10/site-packages/airflow/example_dags/plugins/decreasing_priority_weight_strategy.py for tasks to queue
[2025-05-09T12:15:00.433+0000] {logging_mixin.py:188} INFO - [2025-05-09T12:15:00.432+0000] {dagbag.py:545} INFO - Filling up the DagBag from /home/airflow/.local/lib/python3.10/site-packages/airflow/example_dags/plugins/decreasing_priority_weight_strategy.py
[2025-05-09T12:15:00.435+0000] {processor.py:842} WARNING - No viable dags retrieved from /home/airflow/.local/lib/python3.10/site-packages/airflow/example_dags/plugins/decreasing_priority_weight_strategy.py
[2025-05-09T12:15:00.451+0000] {processor.py:183} INFO - Processing /home/airflow/.local/lib/python3.10/site-packages/airflow/example_dags/plugins/decreasing_priority_weight_strategy.py took 0.030 seconds
[2025-05-09T12:15:30.762+0000] {processor.py:161} INFO - Started process (PID=2977) to work on /home/airflow/.local/lib/python3.10/site-packages/airflow/example_dags/plugins/decreasing_priority_weight_strategy.py
[2025-05-09T12:15:30.763+0000] {processor.py:830} INFO - Processing file /home/airflow/.local/lib/python3.10/site-packages/airflow/example_dags/plugins/decreasing_priority_weight_strategy.py for tasks to queue
[2025-05-09T12:15:30.767+0000] {logging_mixin.py:188} INFO - [2025-05-09T12:15:30.765+0000] {dagbag.py:545} INFO - Filling up the DagBag from /home/airflow/.local/lib/python3.10/site-packages/airflow/example_dags/plugins/decreasing_priority_weight_strategy.py
[2025-05-09T12:15:30.771+0000] {processor.py:842} WARNING - No viable dags retrieved from /home/airflow/.local/lib/python3.10/site-packages/airflow/example_dags/plugins/decreasing_priority_weight_strategy.py
[2025-05-09T12:15:30.788+0000] {processor.py:183} INFO - Processing /home/airflow/.local/lib/python3.10/site-packages/airflow/example_dags/plugins/decreasing_priority_weight_strategy.py took 0.034 seconds
[2025-05-09T12:43:56.180+0000] {processor.py:161} INFO - Started process (PID=425) to work on /home/airflow/.local/lib/python3.10/site-packages/airflow/example_dags/plugins/decreasing_priority_weight_strategy.py
[2025-05-09T12:43:56.182+0000] {processor.py:830} INFO - Processing file /home/airflow/.local/lib/python3.10/site-packages/airflow/example_dags/plugins/decreasing_priority_weight_strategy.py for tasks to queue
[2025-05-09T12:43:56.185+0000] {logging_mixin.py:188} INFO - [2025-05-09T12:43:56.184+0000] {dagbag.py:545} INFO - Filling up the DagBag from /home/airflow/.local/lib/python3.10/site-packages/airflow/example_dags/plugins/decreasing_priority_weight_strategy.py
[2025-05-09T12:43:56.187+0000] {processor.py:842} WARNING - No viable dags retrieved from /home/airflow/.local/lib/python3.10/site-packages/airflow/example_dags/plugins/decreasing_priority_weight_strategy.py
[2025-05-09T12:43:56.202+0000] {processor.py:183} INFO - Processing /home/airflow/.local/lib/python3.10/site-packages/airflow/example_dags/plugins/decreasing_priority_weight_strategy.py took 0.029 seconds
[2025-05-09T12:44:28.867+0000] {processor.py:161} INFO - Started process (PID=684) to work on /home/airflow/.local/lib/python3.10/site-packages/airflow/example_dags/plugins/decreasing_priority_weight_strategy.py
[2025-05-09T12:44:28.868+0000] {processor.py:830} INFO - Processing file /home/airflow/.local/lib/python3.10/site-packages/airflow/example_dags/plugins/decreasing_priority_weight_strategy.py for tasks to queue
[2025-05-09T12:44:28.871+0000] {logging_mixin.py:188} INFO - [2025-05-09T12:44:28.870+0000] {dagbag.py:545} INFO - Filling up the DagBag from /home/airflow/.local/lib/python3.10/site-packages/airflow/example_dags/plugins/decreasing_priority_weight_strategy.py
[2025-05-09T12:44:28.873+0000] {processor.py:842} WARNING - No viable dags retrieved from /home/airflow/.local/lib/python3.10/site-packages/airflow/example_dags/plugins/decreasing_priority_weight_strategy.py
[2025-05-09T12:44:28.888+0000] {processor.py:183} INFO - Processing /home/airflow/.local/lib/python3.10/site-packages/airflow/example_dags/plugins/decreasing_priority_weight_strategy.py took 0.030 seconds
[2025-05-09T12:44:59.354+0000] {processor.py:161} INFO - Started process (PID=943) to work on /home/airflow/.local/lib/python3.10/site-packages/airflow/example_dags/plugins/decreasing_priority_weight_strategy.py
[2025-05-09T12:44:59.355+0000] {processor.py:830} INFO - Processing file /home/airflow/.local/lib/python3.10/site-packages/airflow/example_dags/plugins/decreasing_priority_weight_strategy.py for tasks to queue
[2025-05-09T12:44:59.357+0000] {logging_mixin.py:188} INFO - [2025-05-09T12:44:59.357+0000] {dagbag.py:545} INFO - Filling up the DagBag from /home/airflow/.local/lib/python3.10/site-packages/airflow/example_dags/plugins/decreasing_priority_weight_strategy.py
[2025-05-09T12:44:59.359+0000] {processor.py:842} WARNING - No viable dags retrieved from /home/airflow/.local/lib/python3.10/site-packages/airflow/example_dags/plugins/decreasing_priority_weight_strategy.py
[2025-05-09T12:44:59.373+0000] {processor.py:183} INFO - Processing /home/airflow/.local/lib/python3.10/site-packages/airflow/example_dags/plugins/decreasing_priority_weight_strategy.py took 0.026 seconds
[2025-05-09T12:45:29.585+0000] {processor.py:161} INFO - Started process (PID=1203) to work on /home/airflow/.local/lib/python3.10/site-packages/airflow/example_dags/plugins/decreasing_priority_weight_strategy.py
[2025-05-09T12:45:29.586+0000] {processor.py:830} INFO - Processing file /home/airflow/.local/lib/python3.10/site-packages/airflow/example_dags/plugins/decreasing_priority_weight_strategy.py for tasks to queue
[2025-05-09T12:45:29.589+0000] {logging_mixin.py:188} INFO - [2025-05-09T12:45:29.588+0000] {dagbag.py:545} INFO - Filling up the DagBag from /home/airflow/.local/lib/python3.10/site-packages/airflow/example_dags/plugins/decreasing_priority_weight_strategy.py
[2025-05-09T12:45:29.592+0000] {processor.py:842} WARNING - No viable dags retrieved from /home/airflow/.local/lib/python3.10/site-packages/airflow/example_dags/plugins/decreasing_priority_weight_strategy.py
[2025-05-09T12:45:29.614+0000] {processor.py:183} INFO - Processing /home/airflow/.local/lib/python3.10/site-packages/airflow/example_dags/plugins/decreasing_priority_weight_strategy.py took 0.037 seconds
[2025-05-09T12:46:00.874+0000] {processor.py:161} INFO - Started process (PID=1467) to work on /home/airflow/.local/lib/python3.10/site-packages/airflow/example_dags/plugins/decreasing_priority_weight_strategy.py
[2025-05-09T12:46:00.876+0000] {processor.py:830} INFO - Processing file /home/airflow/.local/lib/python3.10/site-packages/airflow/example_dags/plugins/decreasing_priority_weight_strategy.py for tasks to queue
[2025-05-09T12:46:00.878+0000] {logging_mixin.py:188} INFO - [2025-05-09T12:46:00.877+0000] {dagbag.py:545} INFO - Filling up the DagBag from /home/airflow/.local/lib/python3.10/site-packages/airflow/example_dags/plugins/decreasing_priority_weight_strategy.py
[2025-05-09T12:46:00.880+0000] {processor.py:842} WARNING - No viable dags retrieved from /home/airflow/.local/lib/python3.10/site-packages/airflow/example_dags/plugins/decreasing_priority_weight_strategy.py
[2025-05-09T12:46:00.892+0000] {processor.py:183} INFO - Processing /home/airflow/.local/lib/python3.10/site-packages/airflow/example_dags/plugins/decreasing_priority_weight_strategy.py took 0.024 seconds
[2025-05-09T12:46:32.343+0000] {processor.py:161} INFO - Started process (PID=1729) to work on /home/airflow/.local/lib/python3.10/site-packages/airflow/example_dags/plugins/decreasing_priority_weight_strategy.py
[2025-05-09T12:46:32.345+0000] {processor.py:830} INFO - Processing file /home/airflow/.local/lib/python3.10/site-packages/airflow/example_dags/plugins/decreasing_priority_weight_strategy.py for tasks to queue
[2025-05-09T12:46:32.348+0000] {logging_mixin.py:188} INFO - [2025-05-09T12:46:32.348+0000] {dagbag.py:545} INFO - Filling up the DagBag from /home/airflow/.local/lib/python3.10/site-packages/airflow/example_dags/plugins/decreasing_priority_weight_strategy.py
[2025-05-09T12:46:32.351+0000] {processor.py:842} WARNING - No viable dags retrieved from /home/airflow/.local/lib/python3.10/site-packages/airflow/example_dags/plugins/decreasing_priority_weight_strategy.py
[2025-05-09T12:46:32.368+0000] {processor.py:183} INFO - Processing /home/airflow/.local/lib/python3.10/site-packages/airflow/example_dags/plugins/decreasing_priority_weight_strategy.py took 0.031 seconds
[2025-05-09T12:47:03.396+0000] {processor.py:161} INFO - Started process (PID=1997) to work on /home/airflow/.local/lib/python3.10/site-packages/airflow/example_dags/plugins/decreasing_priority_weight_strategy.py
[2025-05-09T12:47:03.398+0000] {processor.py:830} INFO - Processing file /home/airflow/.local/lib/python3.10/site-packages/airflow/example_dags/plugins/decreasing_priority_weight_strategy.py for tasks to queue
[2025-05-09T12:47:03.400+0000] {logging_mixin.py:188} INFO - [2025-05-09T12:47:03.399+0000] {dagbag.py:545} INFO - Filling up the DagBag from /home/airflow/.local/lib/python3.10/site-packages/airflow/example_dags/plugins/decreasing_priority_weight_strategy.py
[2025-05-09T12:47:03.402+0000] {processor.py:842} WARNING - No viable dags retrieved from /home/airflow/.local/lib/python3.10/site-packages/airflow/example_dags/plugins/decreasing_priority_weight_strategy.py
[2025-05-09T12:47:03.416+0000] {processor.py:183} INFO - Processing /home/airflow/.local/lib/python3.10/site-packages/airflow/example_dags/plugins/decreasing_priority_weight_strategy.py took 0.025 seconds
[2025-05-09T12:47:33.892+0000] {processor.py:161} INFO - Started process (PID=2265) to work on /home/airflow/.local/lib/python3.10/site-packages/airflow/example_dags/plugins/decreasing_priority_weight_strategy.py
[2025-05-09T12:47:33.894+0000] {processor.py:830} INFO - Processing file /home/airflow/.local/lib/python3.10/site-packages/airflow/example_dags/plugins/decreasing_priority_weight_strategy.py for tasks to queue
[2025-05-09T12:47:33.897+0000] {logging_mixin.py:188} INFO - [2025-05-09T12:47:33.896+0000] {dagbag.py:545} INFO - Filling up the DagBag from /home/airflow/.local/lib/python3.10/site-packages/airflow/example_dags/plugins/decreasing_priority_weight_strategy.py
[2025-05-09T12:47:33.900+0000] {processor.py:842} WARNING - No viable dags retrieved from /home/airflow/.local/lib/python3.10/site-packages/airflow/example_dags/plugins/decreasing_priority_weight_strategy.py
[2025-05-09T12:47:33.921+0000] {processor.py:183} INFO - Processing /home/airflow/.local/lib/python3.10/site-packages/airflow/example_dags/plugins/decreasing_priority_weight_strategy.py took 0.040 seconds
[2025-05-09T12:48:05.182+0000] {processor.py:161} INFO - Started process (PID=2527) to work on /home/airflow/.local/lib/python3.10/site-packages/airflow/example_dags/plugins/decreasing_priority_weight_strategy.py
[2025-05-09T12:48:05.184+0000] {processor.py:830} INFO - Processing file /home/airflow/.local/lib/python3.10/site-packages/airflow/example_dags/plugins/decreasing_priority_weight_strategy.py for tasks to queue
[2025-05-09T12:48:05.186+0000] {logging_mixin.py:188} INFO - [2025-05-09T12:48:05.185+0000] {dagbag.py:545} INFO - Filling up the DagBag from /home/airflow/.local/lib/python3.10/site-packages/airflow/example_dags/plugins/decreasing_priority_weight_strategy.py
[2025-05-09T12:48:05.189+0000] {processor.py:842} WARNING - No viable dags retrieved from /home/airflow/.local/lib/python3.10/site-packages/airflow/example_dags/plugins/decreasing_priority_weight_strategy.py
[2025-05-09T12:48:05.206+0000] {processor.py:183} INFO - Processing /home/airflow/.local/lib/python3.10/site-packages/airflow/example_dags/plugins/decreasing_priority_weight_strategy.py took 0.030 seconds
[2025-05-09T12:48:36.078+0000] {processor.py:161} INFO - Started process (PID=2793) to work on /home/airflow/.local/lib/python3.10/site-packages/airflow/example_dags/plugins/decreasing_priority_weight_strategy.py
[2025-05-09T12:48:36.080+0000] {processor.py:830} INFO - Processing file /home/airflow/.local/lib/python3.10/site-packages/airflow/example_dags/plugins/decreasing_priority_weight_strategy.py for tasks to queue
[2025-05-09T12:48:36.083+0000] {logging_mixin.py:188} INFO - [2025-05-09T12:48:36.082+0000] {dagbag.py:545} INFO - Filling up the DagBag from /home/airflow/.local/lib/python3.10/site-packages/airflow/example_dags/plugins/decreasing_priority_weight_strategy.py
[2025-05-09T12:48:36.086+0000] {processor.py:842} WARNING - No viable dags retrieved from /home/airflow/.local/lib/python3.10/site-packages/airflow/example_dags/plugins/decreasing_priority_weight_strategy.py
[2025-05-09T12:48:36.103+0000] {processor.py:183} INFO - Processing /home/airflow/.local/lib/python3.10/site-packages/airflow/example_dags/plugins/decreasing_priority_weight_strategy.py took 0.034 seconds
[2025-05-09T12:49:06.521+0000] {processor.py:161} INFO - Started process (PID=3057) to work on /home/airflow/.local/lib/python3.10/site-packages/airflow/example_dags/plugins/decreasing_priority_weight_strategy.py
[2025-05-09T12:49:06.523+0000] {processor.py:830} INFO - Processing file /home/airflow/.local/lib/python3.10/site-packages/airflow/example_dags/plugins/decreasing_priority_weight_strategy.py for tasks to queue
[2025-05-09T12:49:06.528+0000] {logging_mixin.py:188} INFO - [2025-05-09T12:49:06.527+0000] {dagbag.py:545} INFO - Filling up the DagBag from /home/airflow/.local/lib/python3.10/site-packages/airflow/example_dags/plugins/decreasing_priority_weight_strategy.py
[2025-05-09T12:49:06.534+0000] {processor.py:842} WARNING - No viable dags retrieved from /home/airflow/.local/lib/python3.10/site-packages/airflow/example_dags/plugins/decreasing_priority_weight_strategy.py
[2025-05-09T12:49:06.555+0000] {processor.py:183} INFO - Processing /home/airflow/.local/lib/python3.10/site-packages/airflow/example_dags/plugins/decreasing_priority_weight_strategy.py took 0.045 seconds
[2025-05-09T12:49:37.349+0000] {processor.py:161} INFO - Started process (PID=3322) to work on /home/airflow/.local/lib/python3.10/site-packages/airflow/example_dags/plugins/decreasing_priority_weight_strategy.py
[2025-05-09T12:49:37.350+0000] {processor.py:830} INFO - Processing file /home/airflow/.local/lib/python3.10/site-packages/airflow/example_dags/plugins/decreasing_priority_weight_strategy.py for tasks to queue
[2025-05-09T12:49:37.353+0000] {logging_mixin.py:188} INFO - [2025-05-09T12:49:37.352+0000] {dagbag.py:545} INFO - Filling up the DagBag from /home/airflow/.local/lib/python3.10/site-packages/airflow/example_dags/plugins/decreasing_priority_weight_strategy.py
[2025-05-09T12:49:37.356+0000] {processor.py:842} WARNING - No viable dags retrieved from /home/airflow/.local/lib/python3.10/site-packages/airflow/example_dags/plugins/decreasing_priority_weight_strategy.py
[2025-05-09T12:49:37.377+0000] {processor.py:183} INFO - Processing /home/airflow/.local/lib/python3.10/site-packages/airflow/example_dags/plugins/decreasing_priority_weight_strategy.py took 0.037 seconds
[2025-05-09T12:50:07.656+0000] {processor.py:161} INFO - Started process (PID=3588) to work on /home/airflow/.local/lib/python3.10/site-packages/airflow/example_dags/plugins/decreasing_priority_weight_strategy.py
[2025-05-09T12:50:07.658+0000] {processor.py:830} INFO - Processing file /home/airflow/.local/lib/python3.10/site-packages/airflow/example_dags/plugins/decreasing_priority_weight_strategy.py for tasks to queue
[2025-05-09T12:50:07.661+0000] {logging_mixin.py:188} INFO - [2025-05-09T12:50:07.661+0000] {dagbag.py:545} INFO - Filling up the DagBag from /home/airflow/.local/lib/python3.10/site-packages/airflow/example_dags/plugins/decreasing_priority_weight_strategy.py
[2025-05-09T12:50:07.664+0000] {processor.py:842} WARNING - No viable dags retrieved from /home/airflow/.local/lib/python3.10/site-packages/airflow/example_dags/plugins/decreasing_priority_weight_strategy.py
[2025-05-09T12:50:07.682+0000] {processor.py:183} INFO - Processing /home/airflow/.local/lib/python3.10/site-packages/airflow/example_dags/plugins/decreasing_priority_weight_strategy.py took 0.034 seconds
[2025-05-09T12:50:38.609+0000] {processor.py:161} INFO - Started process (PID=3856) to work on /home/airflow/.local/lib/python3.10/site-packages/airflow/example_dags/plugins/decreasing_priority_weight_strategy.py
[2025-05-09T12:50:38.611+0000] {processor.py:830} INFO - Processing file /home/airflow/.local/lib/python3.10/site-packages/airflow/example_dags/plugins/decreasing_priority_weight_strategy.py for tasks to queue
[2025-05-09T12:50:38.613+0000] {logging_mixin.py:188} INFO - [2025-05-09T12:50:38.613+0000] {dagbag.py:545} INFO - Filling up the DagBag from /home/airflow/.local/lib/python3.10/site-packages/airflow/example_dags/plugins/decreasing_priority_weight_strategy.py
[2025-05-09T12:50:38.617+0000] {processor.py:842} WARNING - No viable dags retrieved from /home/airflow/.local/lib/python3.10/site-packages/airflow/example_dags/plugins/decreasing_priority_weight_strategy.py
[2025-05-09T12:50:38.638+0000] {processor.py:183} INFO - Processing /home/airflow/.local/lib/python3.10/site-packages/airflow/example_dags/plugins/decreasing_priority_weight_strategy.py took 0.036 seconds
[2025-05-09T12:52:25.753+0000] {processor.py:161} INFO - Started process (PID=428) to work on /home/airflow/.local/lib/python3.10/site-packages/airflow/example_dags/plugins/decreasing_priority_weight_strategy.py
[2025-05-09T12:52:25.754+0000] {processor.py:830} INFO - Processing file /home/airflow/.local/lib/python3.10/site-packages/airflow/example_dags/plugins/decreasing_priority_weight_strategy.py for tasks to queue
[2025-05-09T12:52:25.758+0000] {logging_mixin.py:188} INFO - [2025-05-09T12:52:25.757+0000] {dagbag.py:545} INFO - Filling up the DagBag from /home/airflow/.local/lib/python3.10/site-packages/airflow/example_dags/plugins/decreasing_priority_weight_strategy.py
[2025-05-09T12:52:25.760+0000] {processor.py:842} WARNING - No viable dags retrieved from /home/airflow/.local/lib/python3.10/site-packages/airflow/example_dags/plugins/decreasing_priority_weight_strategy.py
[2025-05-09T12:52:25.782+0000] {processor.py:183} INFO - Processing /home/airflow/.local/lib/python3.10/site-packages/airflow/example_dags/plugins/decreasing_priority_weight_strategy.py took 0.037 seconds
[2025-05-09T12:52:57.682+0000] {processor.py:161} INFO - Started process (PID=687) to work on /home/airflow/.local/lib/python3.10/site-packages/airflow/example_dags/plugins/decreasing_priority_weight_strategy.py
[2025-05-09T12:52:57.685+0000] {processor.py:830} INFO - Processing file /home/airflow/.local/lib/python3.10/site-packages/airflow/example_dags/plugins/decreasing_priority_weight_strategy.py for tasks to queue
[2025-05-09T12:52:57.688+0000] {logging_mixin.py:188} INFO - [2025-05-09T12:52:57.687+0000] {dagbag.py:545} INFO - Filling up the DagBag from /home/airflow/.local/lib/python3.10/site-packages/airflow/example_dags/plugins/decreasing_priority_weight_strategy.py
[2025-05-09T12:52:57.690+0000] {processor.py:842} WARNING - No viable dags retrieved from /home/airflow/.local/lib/python3.10/site-packages/airflow/example_dags/plugins/decreasing_priority_weight_strategy.py
[2025-05-09T12:52:57.712+0000] {processor.py:183} INFO - Processing /home/airflow/.local/lib/python3.10/site-packages/airflow/example_dags/plugins/decreasing_priority_weight_strategy.py took 0.038 seconds
[2025-05-09T12:53:28.319+0000] {processor.py:161} INFO - Started process (PID=953) to work on /home/airflow/.local/lib/python3.10/site-packages/airflow/example_dags/plugins/decreasing_priority_weight_strategy.py
[2025-05-09T12:53:28.322+0000] {processor.py:830} INFO - Processing file /home/airflow/.local/lib/python3.10/site-packages/airflow/example_dags/plugins/decreasing_priority_weight_strategy.py for tasks to queue
[2025-05-09T12:53:28.324+0000] {logging_mixin.py:188} INFO - [2025-05-09T12:53:28.324+0000] {dagbag.py:545} INFO - Filling up the DagBag from /home/airflow/.local/lib/python3.10/site-packages/airflow/example_dags/plugins/decreasing_priority_weight_strategy.py
[2025-05-09T12:53:28.327+0000] {processor.py:842} WARNING - No viable dags retrieved from /home/airflow/.local/lib/python3.10/site-packages/airflow/example_dags/plugins/decreasing_priority_weight_strategy.py
[2025-05-09T12:53:28.345+0000] {processor.py:183} INFO - Processing /home/airflow/.local/lib/python3.10/site-packages/airflow/example_dags/plugins/decreasing_priority_weight_strategy.py took 0.035 seconds
[2025-05-09T12:53:58.992+0000] {processor.py:161} INFO - Started process (PID=1214) to work on /home/airflow/.local/lib/python3.10/site-packages/airflow/example_dags/plugins/decreasing_priority_weight_strategy.py
[2025-05-09T12:53:58.994+0000] {processor.py:830} INFO - Processing file /home/airflow/.local/lib/python3.10/site-packages/airflow/example_dags/plugins/decreasing_priority_weight_strategy.py for tasks to queue
[2025-05-09T12:53:58.998+0000] {logging_mixin.py:188} INFO - [2025-05-09T12:53:58.997+0000] {dagbag.py:545} INFO - Filling up the DagBag from /home/airflow/.local/lib/python3.10/site-packages/airflow/example_dags/plugins/decreasing_priority_weight_strategy.py
[2025-05-09T12:53:59.002+0000] {processor.py:842} WARNING - No viable dags retrieved from /home/airflow/.local/lib/python3.10/site-packages/airflow/example_dags/plugins/decreasing_priority_weight_strategy.py
[2025-05-09T12:53:59.025+0000] {processor.py:183} INFO - Processing /home/airflow/.local/lib/python3.10/site-packages/airflow/example_dags/plugins/decreasing_priority_weight_strategy.py took 0.039 seconds
[2025-05-09T12:54:29.645+0000] {processor.py:161} INFO - Started process (PID=1476) to work on /home/airflow/.local/lib/python3.10/site-packages/airflow/example_dags/plugins/decreasing_priority_weight_strategy.py
[2025-05-09T12:54:29.647+0000] {processor.py:830} INFO - Processing file /home/airflow/.local/lib/python3.10/site-packages/airflow/example_dags/plugins/decreasing_priority_weight_strategy.py for tasks to queue
[2025-05-09T12:54:29.650+0000] {logging_mixin.py:188} INFO - [2025-05-09T12:54:29.650+0000] {dagbag.py:545} INFO - Filling up the DagBag from /home/airflow/.local/lib/python3.10/site-packages/airflow/example_dags/plugins/decreasing_priority_weight_strategy.py
[2025-05-09T12:54:29.652+0000] {processor.py:842} WARNING - No viable dags retrieved from /home/airflow/.local/lib/python3.10/site-packages/airflow/example_dags/plugins/decreasing_priority_weight_strategy.py
[2025-05-09T12:54:29.669+0000] {processor.py:183} INFO - Processing /home/airflow/.local/lib/python3.10/site-packages/airflow/example_dags/plugins/decreasing_priority_weight_strategy.py took 0.031 seconds
[2025-05-09T12:55:00.034+0000] {processor.py:161} INFO - Started process (PID=1735) to work on /home/airflow/.local/lib/python3.10/site-packages/airflow/example_dags/plugins/decreasing_priority_weight_strategy.py
[2025-05-09T12:55:00.036+0000] {processor.py:830} INFO - Processing file /home/airflow/.local/lib/python3.10/site-packages/airflow/example_dags/plugins/decreasing_priority_weight_strategy.py for tasks to queue
[2025-05-09T12:55:00.038+0000] {logging_mixin.py:188} INFO - [2025-05-09T12:55:00.038+0000] {dagbag.py:545} INFO - Filling up the DagBag from /home/airflow/.local/lib/python3.10/site-packages/airflow/example_dags/plugins/decreasing_priority_weight_strategy.py
[2025-05-09T12:55:00.040+0000] {processor.py:842} WARNING - No viable dags retrieved from /home/airflow/.local/lib/python3.10/site-packages/airflow/example_dags/plugins/decreasing_priority_weight_strategy.py
[2025-05-09T12:55:00.057+0000] {processor.py:183} INFO - Processing /home/airflow/.local/lib/python3.10/site-packages/airflow/example_dags/plugins/decreasing_priority_weight_strategy.py took 0.028 seconds
[2025-05-09T12:55:30.363+0000] {processor.py:161} INFO - Started process (PID=1998) to work on /home/airflow/.local/lib/python3.10/site-packages/airflow/example_dags/plugins/decreasing_priority_weight_strategy.py
[2025-05-09T12:55:30.365+0000] {processor.py:830} INFO - Processing file /home/airflow/.local/lib/python3.10/site-packages/airflow/example_dags/plugins/decreasing_priority_weight_strategy.py for tasks to queue
[2025-05-09T12:55:30.367+0000] {logging_mixin.py:188} INFO - [2025-05-09T12:55:30.367+0000] {dagbag.py:545} INFO - Filling up the DagBag from /home/airflow/.local/lib/python3.10/site-packages/airflow/example_dags/plugins/decreasing_priority_weight_strategy.py
[2025-05-09T12:55:30.370+0000] {processor.py:842} WARNING - No viable dags retrieved from /home/airflow/.local/lib/python3.10/site-packages/airflow/example_dags/plugins/decreasing_priority_weight_strategy.py
[2025-05-09T12:55:30.387+0000] {processor.py:183} INFO - Processing /home/airflow/.local/lib/python3.10/site-packages/airflow/example_dags/plugins/decreasing_priority_weight_strategy.py took 0.031 seconds
[2025-05-09T12:57:18.579+0000] {processor.py:161} INFO - Started process (PID=423) to work on /home/airflow/.local/lib/python3.10/site-packages/airflow/example_dags/plugins/decreasing_priority_weight_strategy.py
[2025-05-09T12:57:18.581+0000] {processor.py:830} INFO - Processing file /home/airflow/.local/lib/python3.10/site-packages/airflow/example_dags/plugins/decreasing_priority_weight_strategy.py for tasks to queue
[2025-05-09T12:57:18.585+0000] {logging_mixin.py:188} INFO - [2025-05-09T12:57:18.584+0000] {dagbag.py:545} INFO - Filling up the DagBag from /home/airflow/.local/lib/python3.10/site-packages/airflow/example_dags/plugins/decreasing_priority_weight_strategy.py
[2025-05-09T12:57:18.590+0000] {processor.py:842} WARNING - No viable dags retrieved from /home/airflow/.local/lib/python3.10/site-packages/airflow/example_dags/plugins/decreasing_priority_weight_strategy.py
[2025-05-09T12:57:18.618+0000] {processor.py:183} INFO - Processing /home/airflow/.local/lib/python3.10/site-packages/airflow/example_dags/plugins/decreasing_priority_weight_strategy.py took 0.046 seconds
[2025-05-09T12:57:50.012+0000] {processor.py:161} INFO - Started process (PID=680) to work on /home/airflow/.local/lib/python3.10/site-packages/airflow/example_dags/plugins/decreasing_priority_weight_strategy.py
[2025-05-09T12:57:50.013+0000] {processor.py:830} INFO - Processing file /home/airflow/.local/lib/python3.10/site-packages/airflow/example_dags/plugins/decreasing_priority_weight_strategy.py for tasks to queue
[2025-05-09T12:57:50.016+0000] {logging_mixin.py:188} INFO - [2025-05-09T12:57:50.015+0000] {dagbag.py:545} INFO - Filling up the DagBag from /home/airflow/.local/lib/python3.10/site-packages/airflow/example_dags/plugins/decreasing_priority_weight_strategy.py
[2025-05-09T12:57:50.018+0000] {processor.py:842} WARNING - No viable dags retrieved from /home/airflow/.local/lib/python3.10/site-packages/airflow/example_dags/plugins/decreasing_priority_weight_strategy.py
[2025-05-09T12:57:50.033+0000] {processor.py:183} INFO - Processing /home/airflow/.local/lib/python3.10/site-packages/airflow/example_dags/plugins/decreasing_priority_weight_strategy.py took 0.027 seconds
[2025-05-09T12:58:21.014+0000] {processor.py:161} INFO - Started process (PID=947) to work on /home/airflow/.local/lib/python3.10/site-packages/airflow/example_dags/plugins/decreasing_priority_weight_strategy.py
[2025-05-09T12:58:21.015+0000] {processor.py:830} INFO - Processing file /home/airflow/.local/lib/python3.10/site-packages/airflow/example_dags/plugins/decreasing_priority_weight_strategy.py for tasks to queue
[2025-05-09T12:58:21.018+0000] {logging_mixin.py:188} INFO - [2025-05-09T12:58:21.017+0000] {dagbag.py:545} INFO - Filling up the DagBag from /home/airflow/.local/lib/python3.10/site-packages/airflow/example_dags/plugins/decreasing_priority_weight_strategy.py
[2025-05-09T12:58:21.021+0000] {processor.py:842} WARNING - No viable dags retrieved from /home/airflow/.local/lib/python3.10/site-packages/airflow/example_dags/plugins/decreasing_priority_weight_strategy.py
[2025-05-09T12:58:21.037+0000] {processor.py:183} INFO - Processing /home/airflow/.local/lib/python3.10/site-packages/airflow/example_dags/plugins/decreasing_priority_weight_strategy.py took 0.028 seconds
[2025-05-09T12:58:51.443+0000] {processor.py:161} INFO - Started process (PID=1206) to work on /home/airflow/.local/lib/python3.10/site-packages/airflow/example_dags/plugins/decreasing_priority_weight_strategy.py
[2025-05-09T12:58:51.444+0000] {processor.py:830} INFO - Processing file /home/airflow/.local/lib/python3.10/site-packages/airflow/example_dags/plugins/decreasing_priority_weight_strategy.py for tasks to queue
[2025-05-09T12:58:51.446+0000] {logging_mixin.py:188} INFO - [2025-05-09T12:58:51.446+0000] {dagbag.py:545} INFO - Filling up the DagBag from /home/airflow/.local/lib/python3.10/site-packages/airflow/example_dags/plugins/decreasing_priority_weight_strategy.py
[2025-05-09T12:58:51.448+0000] {processor.py:842} WARNING - No viable dags retrieved from /home/airflow/.local/lib/python3.10/site-packages/airflow/example_dags/plugins/decreasing_priority_weight_strategy.py
[2025-05-09T12:58:51.462+0000] {processor.py:183} INFO - Processing /home/airflow/.local/lib/python3.10/site-packages/airflow/example_dags/plugins/decreasing_priority_weight_strategy.py took 0.025 seconds
[2025-05-09T12:59:21.893+0000] {processor.py:161} INFO - Started process (PID=1466) to work on /home/airflow/.local/lib/python3.10/site-packages/airflow/example_dags/plugins/decreasing_priority_weight_strategy.py
[2025-05-09T12:59:21.895+0000] {processor.py:830} INFO - Processing file /home/airflow/.local/lib/python3.10/site-packages/airflow/example_dags/plugins/decreasing_priority_weight_strategy.py for tasks to queue
[2025-05-09T12:59:21.898+0000] {logging_mixin.py:188} INFO - [2025-05-09T12:59:21.898+0000] {dagbag.py:545} INFO - Filling up the DagBag from /home/airflow/.local/lib/python3.10/site-packages/airflow/example_dags/plugins/decreasing_priority_weight_strategy.py
[2025-05-09T12:59:21.902+0000] {processor.py:842} WARNING - No viable dags retrieved from /home/airflow/.local/lib/python3.10/site-packages/airflow/example_dags/plugins/decreasing_priority_weight_strategy.py
[2025-05-09T12:59:21.931+0000] {processor.py:183} INFO - Processing /home/airflow/.local/lib/python3.10/site-packages/airflow/example_dags/plugins/decreasing_priority_weight_strategy.py took 0.044 seconds
[2025-05-09T12:59:52.042+0000] {processor.py:161} INFO - Started process (PID=1728) to work on /home/airflow/.local/lib/python3.10/site-packages/airflow/example_dags/plugins/decreasing_priority_weight_strategy.py
[2025-05-09T12:59:52.043+0000] {processor.py:830} INFO - Processing file /home/airflow/.local/lib/python3.10/site-packages/airflow/example_dags/plugins/decreasing_priority_weight_strategy.py for tasks to queue
[2025-05-09T12:59:52.045+0000] {logging_mixin.py:188} INFO - [2025-05-09T12:59:52.045+0000] {dagbag.py:545} INFO - Filling up the DagBag from /home/airflow/.local/lib/python3.10/site-packages/airflow/example_dags/plugins/decreasing_priority_weight_strategy.py
[2025-05-09T12:59:52.049+0000] {processor.py:842} WARNING - No viable dags retrieved from /home/airflow/.local/lib/python3.10/site-packages/airflow/example_dags/plugins/decreasing_priority_weight_strategy.py
[2025-05-09T12:59:52.065+0000] {processor.py:183} INFO - Processing /home/airflow/.local/lib/python3.10/site-packages/airflow/example_dags/plugins/decreasing_priority_weight_strategy.py took 0.031 seconds
[2025-05-09T13:00:22.313+0000] {processor.py:161} INFO - Started process (PID=1999) to work on /home/airflow/.local/lib/python3.10/site-packages/airflow/example_dags/plugins/decreasing_priority_weight_strategy.py
[2025-05-09T13:00:22.315+0000] {processor.py:830} INFO - Processing file /home/airflow/.local/lib/python3.10/site-packages/airflow/example_dags/plugins/decreasing_priority_weight_strategy.py for tasks to queue
[2025-05-09T13:00:22.317+0000] {logging_mixin.py:188} INFO - [2025-05-09T13:00:22.317+0000] {dagbag.py:545} INFO - Filling up the DagBag from /home/airflow/.local/lib/python3.10/site-packages/airflow/example_dags/plugins/decreasing_priority_weight_strategy.py
[2025-05-09T13:00:22.319+0000] {processor.py:842} WARNING - No viable dags retrieved from /home/airflow/.local/lib/python3.10/site-packages/airflow/example_dags/plugins/decreasing_priority_weight_strategy.py
[2025-05-09T13:00:22.335+0000] {processor.py:183} INFO - Processing /home/airflow/.local/lib/python3.10/site-packages/airflow/example_dags/plugins/decreasing_priority_weight_strategy.py took 0.030 seconds
[2025-05-09T13:00:53.142+0000] {processor.py:161} INFO - Started process (PID=2263) to work on /home/airflow/.local/lib/python3.10/site-packages/airflow/example_dags/plugins/decreasing_priority_weight_strategy.py
[2025-05-09T13:00:53.143+0000] {processor.py:830} INFO - Processing file /home/airflow/.local/lib/python3.10/site-packages/airflow/example_dags/plugins/decreasing_priority_weight_strategy.py for tasks to queue
[2025-05-09T13:00:53.145+0000] {logging_mixin.py:188} INFO - [2025-05-09T13:00:53.145+0000] {dagbag.py:545} INFO - Filling up the DagBag from /home/airflow/.local/lib/python3.10/site-packages/airflow/example_dags/plugins/decreasing_priority_weight_strategy.py
[2025-05-09T13:00:53.149+0000] {processor.py:842} WARNING - No viable dags retrieved from /home/airflow/.local/lib/python3.10/site-packages/airflow/example_dags/plugins/decreasing_priority_weight_strategy.py
[2025-05-09T13:00:53.164+0000] {processor.py:183} INFO - Processing /home/airflow/.local/lib/python3.10/site-packages/airflow/example_dags/plugins/decreasing_priority_weight_strategy.py took 0.030 seconds
[2025-05-09T13:01:23.461+0000] {processor.py:161} INFO - Started process (PID=2525) to work on /home/airflow/.local/lib/python3.10/site-packages/airflow/example_dags/plugins/decreasing_priority_weight_strategy.py
[2025-05-09T13:01:23.463+0000] {processor.py:830} INFO - Processing file /home/airflow/.local/lib/python3.10/site-packages/airflow/example_dags/plugins/decreasing_priority_weight_strategy.py for tasks to queue
[2025-05-09T13:01:23.465+0000] {logging_mixin.py:188} INFO - [2025-05-09T13:01:23.464+0000] {dagbag.py:545} INFO - Filling up the DagBag from /home/airflow/.local/lib/python3.10/site-packages/airflow/example_dags/plugins/decreasing_priority_weight_strategy.py
[2025-05-09T13:01:23.467+0000] {processor.py:842} WARNING - No viable dags retrieved from /home/airflow/.local/lib/python3.10/site-packages/airflow/example_dags/plugins/decreasing_priority_weight_strategy.py
[2025-05-09T13:01:23.481+0000] {processor.py:183} INFO - Processing /home/airflow/.local/lib/python3.10/site-packages/airflow/example_dags/plugins/decreasing_priority_weight_strategy.py took 0.026 seconds
[2025-05-09T13:01:53.841+0000] {processor.py:161} INFO - Started process (PID=2785) to work on /home/airflow/.local/lib/python3.10/site-packages/airflow/example_dags/plugins/decreasing_priority_weight_strategy.py
[2025-05-09T13:01:53.843+0000] {processor.py:830} INFO - Processing file /home/airflow/.local/lib/python3.10/site-packages/airflow/example_dags/plugins/decreasing_priority_weight_strategy.py for tasks to queue
[2025-05-09T13:01:53.845+0000] {logging_mixin.py:188} INFO - [2025-05-09T13:01:53.845+0000] {dagbag.py:545} INFO - Filling up the DagBag from /home/airflow/.local/lib/python3.10/site-packages/airflow/example_dags/plugins/decreasing_priority_weight_strategy.py
[2025-05-09T13:01:53.848+0000] {processor.py:842} WARNING - No viable dags retrieved from /home/airflow/.local/lib/python3.10/site-packages/airflow/example_dags/plugins/decreasing_priority_weight_strategy.py
[2025-05-09T13:01:53.867+0000] {processor.py:183} INFO - Processing /home/airflow/.local/lib/python3.10/site-packages/airflow/example_dags/plugins/decreasing_priority_weight_strategy.py took 0.032 seconds
[2025-05-09T13:02:24.299+0000] {processor.py:161} INFO - Started process (PID=3047) to work on /home/airflow/.local/lib/python3.10/site-packages/airflow/example_dags/plugins/decreasing_priority_weight_strategy.py
[2025-05-09T13:02:24.300+0000] {processor.py:830} INFO - Processing file /home/airflow/.local/lib/python3.10/site-packages/airflow/example_dags/plugins/decreasing_priority_weight_strategy.py for tasks to queue
[2025-05-09T13:02:24.302+0000] {logging_mixin.py:188} INFO - [2025-05-09T13:02:24.301+0000] {dagbag.py:545} INFO - Filling up the DagBag from /home/airflow/.local/lib/python3.10/site-packages/airflow/example_dags/plugins/decreasing_priority_weight_strategy.py
[2025-05-09T13:02:24.304+0000] {processor.py:842} WARNING - No viable dags retrieved from /home/airflow/.local/lib/python3.10/site-packages/airflow/example_dags/plugins/decreasing_priority_weight_strategy.py
[2025-05-09T13:02:24.320+0000] {processor.py:183} INFO - Processing /home/airflow/.local/lib/python3.10/site-packages/airflow/example_dags/plugins/decreasing_priority_weight_strategy.py took 0.028 seconds
[2025-05-09T13:02:54.914+0000] {processor.py:161} INFO - Started process (PID=3309) to work on /home/airflow/.local/lib/python3.10/site-packages/airflow/example_dags/plugins/decreasing_priority_weight_strategy.py
[2025-05-09T13:02:54.916+0000] {processor.py:830} INFO - Processing file /home/airflow/.local/lib/python3.10/site-packages/airflow/example_dags/plugins/decreasing_priority_weight_strategy.py for tasks to queue
[2025-05-09T13:02:54.919+0000] {logging_mixin.py:188} INFO - [2025-05-09T13:02:54.918+0000] {dagbag.py:545} INFO - Filling up the DagBag from /home/airflow/.local/lib/python3.10/site-packages/airflow/example_dags/plugins/decreasing_priority_weight_strategy.py
[2025-05-09T13:02:54.922+0000] {processor.py:842} WARNING - No viable dags retrieved from /home/airflow/.local/lib/python3.10/site-packages/airflow/example_dags/plugins/decreasing_priority_weight_strategy.py
[2025-05-09T13:02:54.938+0000] {processor.py:183} INFO - Processing /home/airflow/.local/lib/python3.10/site-packages/airflow/example_dags/plugins/decreasing_priority_weight_strategy.py took 0.034 seconds
[2025-05-09T13:03:26.539+0000] {processor.py:161} INFO - Started process (PID=3573) to work on /home/airflow/.local/lib/python3.10/site-packages/airflow/example_dags/plugins/decreasing_priority_weight_strategy.py
[2025-05-09T13:03:26.540+0000] {processor.py:830} INFO - Processing file /home/airflow/.local/lib/python3.10/site-packages/airflow/example_dags/plugins/decreasing_priority_weight_strategy.py for tasks to queue
[2025-05-09T13:03:26.543+0000] {logging_mixin.py:188} INFO - [2025-05-09T13:03:26.542+0000] {dagbag.py:545} INFO - Filling up the DagBag from /home/airflow/.local/lib/python3.10/site-packages/airflow/example_dags/plugins/decreasing_priority_weight_strategy.py
[2025-05-09T13:03:26.546+0000] {processor.py:842} WARNING - No viable dags retrieved from /home/airflow/.local/lib/python3.10/site-packages/airflow/example_dags/plugins/decreasing_priority_weight_strategy.py
[2025-05-09T13:03:26.561+0000] {processor.py:183} INFO - Processing /home/airflow/.local/lib/python3.10/site-packages/airflow/example_dags/plugins/decreasing_priority_weight_strategy.py took 0.032 seconds
[2025-05-09T13:03:57.394+0000] {processor.py:161} INFO - Started process (PID=3833) to work on /home/airflow/.local/lib/python3.10/site-packages/airflow/example_dags/plugins/decreasing_priority_weight_strategy.py
[2025-05-09T13:03:57.396+0000] {processor.py:830} INFO - Processing file /home/airflow/.local/lib/python3.10/site-packages/airflow/example_dags/plugins/decreasing_priority_weight_strategy.py for tasks to queue
[2025-05-09T13:03:57.399+0000] {logging_mixin.py:188} INFO - [2025-05-09T13:03:57.399+0000] {dagbag.py:545} INFO - Filling up the DagBag from /home/airflow/.local/lib/python3.10/site-packages/airflow/example_dags/plugins/decreasing_priority_weight_strategy.py
[2025-05-09T13:03:57.404+0000] {processor.py:842} WARNING - No viable dags retrieved from /home/airflow/.local/lib/python3.10/site-packages/airflow/example_dags/plugins/decreasing_priority_weight_strategy.py
[2025-05-09T13:03:57.432+0000] {processor.py:183} INFO - Processing /home/airflow/.local/lib/python3.10/site-packages/airflow/example_dags/plugins/decreasing_priority_weight_strategy.py took 0.049 seconds
[2025-05-09T15:43:52.078+0000] {processor.py:161} INFO - Started process (PID=4115) to work on /home/airflow/.local/lib/python3.10/site-packages/airflow/example_dags/plugins/decreasing_priority_weight_strategy.py
[2025-05-09T15:43:52.081+0000] {processor.py:830} INFO - Processing file /home/airflow/.local/lib/python3.10/site-packages/airflow/example_dags/plugins/decreasing_priority_weight_strategy.py for tasks to queue
[2025-05-09T15:43:52.085+0000] {logging_mixin.py:188} INFO - [2025-05-09T15:43:52.085+0000] {dagbag.py:545} INFO - Filling up the DagBag from /home/airflow/.local/lib/python3.10/site-packages/airflow/example_dags/plugins/decreasing_priority_weight_strategy.py
[2025-05-09T15:43:52.089+0000] {processor.py:842} WARNING - No viable dags retrieved from /home/airflow/.local/lib/python3.10/site-packages/airflow/example_dags/plugins/decreasing_priority_weight_strategy.py
[2025-05-09T15:43:52.114+0000] {processor.py:183} INFO - Processing /home/airflow/.local/lib/python3.10/site-packages/airflow/example_dags/plugins/decreasing_priority_weight_strategy.py took 0.047 seconds
[2025-05-09T15:44:22.225+0000] {processor.py:161} INFO - Started process (PID=4374) to work on /home/airflow/.local/lib/python3.10/site-packages/airflow/example_dags/plugins/decreasing_priority_weight_strategy.py
[2025-05-09T15:44:22.227+0000] {processor.py:830} INFO - Processing file /home/airflow/.local/lib/python3.10/site-packages/airflow/example_dags/plugins/decreasing_priority_weight_strategy.py for tasks to queue
[2025-05-09T15:44:22.229+0000] {logging_mixin.py:188} INFO - [2025-05-09T15:44:22.229+0000] {dagbag.py:545} INFO - Filling up the DagBag from /home/airflow/.local/lib/python3.10/site-packages/airflow/example_dags/plugins/decreasing_priority_weight_strategy.py
[2025-05-09T15:44:22.232+0000] {processor.py:842} WARNING - No viable dags retrieved from /home/airflow/.local/lib/python3.10/site-packages/airflow/example_dags/plugins/decreasing_priority_weight_strategy.py
[2025-05-09T15:44:22.247+0000] {processor.py:183} INFO - Processing /home/airflow/.local/lib/python3.10/site-packages/airflow/example_dags/plugins/decreasing_priority_weight_strategy.py took 0.029 seconds
[2025-05-09T15:44:53.015+0000] {processor.py:161} INFO - Started process (PID=4648) to work on /home/airflow/.local/lib/python3.10/site-packages/airflow/example_dags/plugins/decreasing_priority_weight_strategy.py
[2025-05-09T15:44:53.017+0000] {processor.py:830} INFO - Processing file /home/airflow/.local/lib/python3.10/site-packages/airflow/example_dags/plugins/decreasing_priority_weight_strategy.py for tasks to queue
[2025-05-09T15:44:53.020+0000] {logging_mixin.py:188} INFO - [2025-05-09T15:44:53.019+0000] {dagbag.py:545} INFO - Filling up the DagBag from /home/airflow/.local/lib/python3.10/site-packages/airflow/example_dags/plugins/decreasing_priority_weight_strategy.py
[2025-05-09T15:44:53.022+0000] {processor.py:842} WARNING - No viable dags retrieved from /home/airflow/.local/lib/python3.10/site-packages/airflow/example_dags/plugins/decreasing_priority_weight_strategy.py
[2025-05-09T15:44:53.039+0000] {processor.py:183} INFO - Processing /home/airflow/.local/lib/python3.10/site-packages/airflow/example_dags/plugins/decreasing_priority_weight_strategy.py took 0.032 seconds
[2025-05-09T15:45:23.669+0000] {processor.py:161} INFO - Started process (PID=4916) to work on /home/airflow/.local/lib/python3.10/site-packages/airflow/example_dags/plugins/decreasing_priority_weight_strategy.py
[2025-05-09T15:45:23.670+0000] {processor.py:830} INFO - Processing file /home/airflow/.local/lib/python3.10/site-packages/airflow/example_dags/plugins/decreasing_priority_weight_strategy.py for tasks to queue
[2025-05-09T15:45:23.672+0000] {logging_mixin.py:188} INFO - [2025-05-09T15:45:23.672+0000] {dagbag.py:545} INFO - Filling up the DagBag from /home/airflow/.local/lib/python3.10/site-packages/airflow/example_dags/plugins/decreasing_priority_weight_strategy.py
[2025-05-09T15:45:23.674+0000] {processor.py:842} WARNING - No viable dags retrieved from /home/airflow/.local/lib/python3.10/site-packages/airflow/example_dags/plugins/decreasing_priority_weight_strategy.py
[2025-05-09T15:45:23.691+0000] {processor.py:183} INFO - Processing /home/airflow/.local/lib/python3.10/site-packages/airflow/example_dags/plugins/decreasing_priority_weight_strategy.py took 0.032 seconds
[2025-05-09T15:45:54.762+0000] {processor.py:161} INFO - Started process (PID=5181) to work on /home/airflow/.local/lib/python3.10/site-packages/airflow/example_dags/plugins/decreasing_priority_weight_strategy.py
[2025-05-09T15:45:54.763+0000] {processor.py:830} INFO - Processing file /home/airflow/.local/lib/python3.10/site-packages/airflow/example_dags/plugins/decreasing_priority_weight_strategy.py for tasks to queue
[2025-05-09T15:45:54.767+0000] {logging_mixin.py:188} INFO - [2025-05-09T15:45:54.766+0000] {dagbag.py:545} INFO - Filling up the DagBag from /home/airflow/.local/lib/python3.10/site-packages/airflow/example_dags/plugins/decreasing_priority_weight_strategy.py
[2025-05-09T15:45:54.770+0000] {processor.py:842} WARNING - No viable dags retrieved from /home/airflow/.local/lib/python3.10/site-packages/airflow/example_dags/plugins/decreasing_priority_weight_strategy.py
[2025-05-09T15:45:54.788+0000] {processor.py:183} INFO - Processing /home/airflow/.local/lib/python3.10/site-packages/airflow/example_dags/plugins/decreasing_priority_weight_strategy.py took 0.036 seconds
[2025-05-09T15:46:24.914+0000] {processor.py:161} INFO - Started process (PID=5449) to work on /home/airflow/.local/lib/python3.10/site-packages/airflow/example_dags/plugins/decreasing_priority_weight_strategy.py
[2025-05-09T15:46:24.916+0000] {processor.py:830} INFO - Processing file /home/airflow/.local/lib/python3.10/site-packages/airflow/example_dags/plugins/decreasing_priority_weight_strategy.py for tasks to queue
[2025-05-09T15:46:24.918+0000] {logging_mixin.py:188} INFO - [2025-05-09T15:46:24.917+0000] {dagbag.py:545} INFO - Filling up the DagBag from /home/airflow/.local/lib/python3.10/site-packages/airflow/example_dags/plugins/decreasing_priority_weight_strategy.py
[2025-05-09T15:46:24.920+0000] {processor.py:842} WARNING - No viable dags retrieved from /home/airflow/.local/lib/python3.10/site-packages/airflow/example_dags/plugins/decreasing_priority_weight_strategy.py
[2025-05-09T15:46:24.935+0000] {processor.py:183} INFO - Processing /home/airflow/.local/lib/python3.10/site-packages/airflow/example_dags/plugins/decreasing_priority_weight_strategy.py took 0.028 seconds
[2025-05-09T15:46:55.740+0000] {processor.py:161} INFO - Started process (PID=5709) to work on /home/airflow/.local/lib/python3.10/site-packages/airflow/example_dags/plugins/decreasing_priority_weight_strategy.py
[2025-05-09T15:46:55.741+0000] {processor.py:830} INFO - Processing file /home/airflow/.local/lib/python3.10/site-packages/airflow/example_dags/plugins/decreasing_priority_weight_strategy.py for tasks to queue
[2025-05-09T15:46:55.743+0000] {logging_mixin.py:188} INFO - [2025-05-09T15:46:55.743+0000] {dagbag.py:545} INFO - Filling up the DagBag from /home/airflow/.local/lib/python3.10/site-packages/airflow/example_dags/plugins/decreasing_priority_weight_strategy.py
[2025-05-09T15:46:55.746+0000] {processor.py:842} WARNING - No viable dags retrieved from /home/airflow/.local/lib/python3.10/site-packages/airflow/example_dags/plugins/decreasing_priority_weight_strategy.py
[2025-05-09T15:46:55.764+0000] {processor.py:183} INFO - Processing /home/airflow/.local/lib/python3.10/site-packages/airflow/example_dags/plugins/decreasing_priority_weight_strategy.py took 0.031 seconds
[2025-05-09T15:47:26.578+0000] {processor.py:161} INFO - Started process (PID=5972) to work on /home/airflow/.local/lib/python3.10/site-packages/airflow/example_dags/plugins/decreasing_priority_weight_strategy.py
[2025-05-09T15:47:26.579+0000] {processor.py:830} INFO - Processing file /home/airflow/.local/lib/python3.10/site-packages/airflow/example_dags/plugins/decreasing_priority_weight_strategy.py for tasks to queue
[2025-05-09T15:47:26.582+0000] {logging_mixin.py:188} INFO - [2025-05-09T15:47:26.581+0000] {dagbag.py:545} INFO - Filling up the DagBag from /home/airflow/.local/lib/python3.10/site-packages/airflow/example_dags/plugins/decreasing_priority_weight_strategy.py
[2025-05-09T15:47:26.584+0000] {processor.py:842} WARNING - No viable dags retrieved from /home/airflow/.local/lib/python3.10/site-packages/airflow/example_dags/plugins/decreasing_priority_weight_strategy.py
[2025-05-09T15:47:26.596+0000] {processor.py:183} INFO - Processing /home/airflow/.local/lib/python3.10/site-packages/airflow/example_dags/plugins/decreasing_priority_weight_strategy.py took 0.025 seconds
[2025-05-09T15:47:56.963+0000] {processor.py:161} INFO - Started process (PID=6233) to work on /home/airflow/.local/lib/python3.10/site-packages/airflow/example_dags/plugins/decreasing_priority_weight_strategy.py
[2025-05-09T15:47:56.966+0000] {processor.py:830} INFO - Processing file /home/airflow/.local/lib/python3.10/site-packages/airflow/example_dags/plugins/decreasing_priority_weight_strategy.py for tasks to queue
[2025-05-09T15:47:56.969+0000] {logging_mixin.py:188} INFO - [2025-05-09T15:47:56.969+0000] {dagbag.py:545} INFO - Filling up the DagBag from /home/airflow/.local/lib/python3.10/site-packages/airflow/example_dags/plugins/decreasing_priority_weight_strategy.py
[2025-05-09T15:47:56.973+0000] {processor.py:842} WARNING - No viable dags retrieved from /home/airflow/.local/lib/python3.10/site-packages/airflow/example_dags/plugins/decreasing_priority_weight_strategy.py
[2025-05-09T15:47:56.988+0000] {processor.py:183} INFO - Processing /home/airflow/.local/lib/python3.10/site-packages/airflow/example_dags/plugins/decreasing_priority_weight_strategy.py took 0.032 seconds
[2025-05-09T15:48:27.449+0000] {processor.py:161} INFO - Started process (PID=6506) to work on /home/airflow/.local/lib/python3.10/site-packages/airflow/example_dags/plugins/decreasing_priority_weight_strategy.py
[2025-05-09T15:48:27.451+0000] {processor.py:830} INFO - Processing file /home/airflow/.local/lib/python3.10/site-packages/airflow/example_dags/plugins/decreasing_priority_weight_strategy.py for tasks to queue
[2025-05-09T15:48:27.456+0000] {logging_mixin.py:188} INFO - [2025-05-09T15:48:27.456+0000] {dagbag.py:545} INFO - Filling up the DagBag from /home/airflow/.local/lib/python3.10/site-packages/airflow/example_dags/plugins/decreasing_priority_weight_strategy.py
[2025-05-09T15:48:27.462+0000] {processor.py:842} WARNING - No viable dags retrieved from /home/airflow/.local/lib/python3.10/site-packages/airflow/example_dags/plugins/decreasing_priority_weight_strategy.py
[2025-05-09T15:48:27.479+0000] {processor.py:183} INFO - Processing /home/airflow/.local/lib/python3.10/site-packages/airflow/example_dags/plugins/decreasing_priority_weight_strategy.py took 0.044 seconds
[2025-05-09T15:48:58.097+0000] {processor.py:161} INFO - Started process (PID=6792) to work on /home/airflow/.local/lib/python3.10/site-packages/airflow/example_dags/plugins/decreasing_priority_weight_strategy.py
[2025-05-09T15:48:58.099+0000] {processor.py:830} INFO - Processing file /home/airflow/.local/lib/python3.10/site-packages/airflow/example_dags/plugins/decreasing_priority_weight_strategy.py for tasks to queue
[2025-05-09T15:48:58.101+0000] {logging_mixin.py:188} INFO - [2025-05-09T15:48:58.101+0000] {dagbag.py:545} INFO - Filling up the DagBag from /home/airflow/.local/lib/python3.10/site-packages/airflow/example_dags/plugins/decreasing_priority_weight_strategy.py
[2025-05-09T15:48:58.104+0000] {processor.py:842} WARNING - No viable dags retrieved from /home/airflow/.local/lib/python3.10/site-packages/airflow/example_dags/plugins/decreasing_priority_weight_strategy.py
[2025-05-09T15:48:58.119+0000] {processor.py:183} INFO - Processing /home/airflow/.local/lib/python3.10/site-packages/airflow/example_dags/plugins/decreasing_priority_weight_strategy.py took 0.032 seconds
[2025-05-09T15:49:28.674+0000] {processor.py:161} INFO - Started process (PID=7066) to work on /home/airflow/.local/lib/python3.10/site-packages/airflow/example_dags/plugins/decreasing_priority_weight_strategy.py
[2025-05-09T15:49:28.675+0000] {processor.py:830} INFO - Processing file /home/airflow/.local/lib/python3.10/site-packages/airflow/example_dags/plugins/decreasing_priority_weight_strategy.py for tasks to queue
[2025-05-09T15:49:28.678+0000] {logging_mixin.py:188} INFO - [2025-05-09T15:49:28.677+0000] {dagbag.py:545} INFO - Filling up the DagBag from /home/airflow/.local/lib/python3.10/site-packages/airflow/example_dags/plugins/decreasing_priority_weight_strategy.py
[2025-05-09T15:49:28.680+0000] {processor.py:842} WARNING - No viable dags retrieved from /home/airflow/.local/lib/python3.10/site-packages/airflow/example_dags/plugins/decreasing_priority_weight_strategy.py
[2025-05-09T15:49:28.697+0000] {processor.py:183} INFO - Processing /home/airflow/.local/lib/python3.10/site-packages/airflow/example_dags/plugins/decreasing_priority_weight_strategy.py took 0.031 seconds
[2025-05-09T15:49:59.063+0000] {processor.py:161} INFO - Started process (PID=7330) to work on /home/airflow/.local/lib/python3.10/site-packages/airflow/example_dags/plugins/decreasing_priority_weight_strategy.py
[2025-05-09T15:49:59.065+0000] {processor.py:830} INFO - Processing file /home/airflow/.local/lib/python3.10/site-packages/airflow/example_dags/plugins/decreasing_priority_weight_strategy.py for tasks to queue
[2025-05-09T15:49:59.067+0000] {logging_mixin.py:188} INFO - [2025-05-09T15:49:59.066+0000] {dagbag.py:545} INFO - Filling up the DagBag from /home/airflow/.local/lib/python3.10/site-packages/airflow/example_dags/plugins/decreasing_priority_weight_strategy.py
[2025-05-09T15:49:59.069+0000] {processor.py:842} WARNING - No viable dags retrieved from /home/airflow/.local/lib/python3.10/site-packages/airflow/example_dags/plugins/decreasing_priority_weight_strategy.py
[2025-05-09T15:49:59.083+0000] {processor.py:183} INFO - Processing /home/airflow/.local/lib/python3.10/site-packages/airflow/example_dags/plugins/decreasing_priority_weight_strategy.py took 0.027 seconds
[2025-05-09T15:50:29.563+0000] {processor.py:161} INFO - Started process (PID=7596) to work on /home/airflow/.local/lib/python3.10/site-packages/airflow/example_dags/plugins/decreasing_priority_weight_strategy.py
[2025-05-09T15:50:29.565+0000] {processor.py:830} INFO - Processing file /home/airflow/.local/lib/python3.10/site-packages/airflow/example_dags/plugins/decreasing_priority_weight_strategy.py for tasks to queue
[2025-05-09T15:50:29.567+0000] {logging_mixin.py:188} INFO - [2025-05-09T15:50:29.567+0000] {dagbag.py:545} INFO - Filling up the DagBag from /home/airflow/.local/lib/python3.10/site-packages/airflow/example_dags/plugins/decreasing_priority_weight_strategy.py
[2025-05-09T15:50:29.571+0000] {processor.py:842} WARNING - No viable dags retrieved from /home/airflow/.local/lib/python3.10/site-packages/airflow/example_dags/plugins/decreasing_priority_weight_strategy.py
[2025-05-09T15:50:29.587+0000] {processor.py:183} INFO - Processing /home/airflow/.local/lib/python3.10/site-packages/airflow/example_dags/plugins/decreasing_priority_weight_strategy.py took 0.030 seconds
[2025-05-09T15:50:59.813+0000] {processor.py:161} INFO - Started process (PID=7858) to work on /home/airflow/.local/lib/python3.10/site-packages/airflow/example_dags/plugins/decreasing_priority_weight_strategy.py
[2025-05-09T15:50:59.815+0000] {processor.py:830} INFO - Processing file /home/airflow/.local/lib/python3.10/site-packages/airflow/example_dags/plugins/decreasing_priority_weight_strategy.py for tasks to queue
[2025-05-09T15:50:59.817+0000] {logging_mixin.py:188} INFO - [2025-05-09T15:50:59.817+0000] {dagbag.py:545} INFO - Filling up the DagBag from /home/airflow/.local/lib/python3.10/site-packages/airflow/example_dags/plugins/decreasing_priority_weight_strategy.py
[2025-05-09T15:50:59.819+0000] {processor.py:842} WARNING - No viable dags retrieved from /home/airflow/.local/lib/python3.10/site-packages/airflow/example_dags/plugins/decreasing_priority_weight_strategy.py
[2025-05-09T15:50:59.836+0000] {processor.py:183} INFO - Processing /home/airflow/.local/lib/python3.10/site-packages/airflow/example_dags/plugins/decreasing_priority_weight_strategy.py took 0.030 seconds
[2025-05-09T15:51:30.842+0000] {processor.py:161} INFO - Started process (PID=8129) to work on /home/airflow/.local/lib/python3.10/site-packages/airflow/example_dags/plugins/decreasing_priority_weight_strategy.py
[2025-05-09T15:51:30.844+0000] {processor.py:830} INFO - Processing file /home/airflow/.local/lib/python3.10/site-packages/airflow/example_dags/plugins/decreasing_priority_weight_strategy.py for tasks to queue
[2025-05-09T15:51:30.848+0000] {logging_mixin.py:188} INFO - [2025-05-09T15:51:30.847+0000] {dagbag.py:545} INFO - Filling up the DagBag from /home/airflow/.local/lib/python3.10/site-packages/airflow/example_dags/plugins/decreasing_priority_weight_strategy.py
[2025-05-09T15:51:30.851+0000] {processor.py:842} WARNING - No viable dags retrieved from /home/airflow/.local/lib/python3.10/site-packages/airflow/example_dags/plugins/decreasing_priority_weight_strategy.py
[2025-05-09T15:51:30.879+0000] {processor.py:183} INFO - Processing /home/airflow/.local/lib/python3.10/site-packages/airflow/example_dags/plugins/decreasing_priority_weight_strategy.py took 0.046 seconds
[2025-05-09T15:52:01.307+0000] {processor.py:161} INFO - Started process (PID=8392) to work on /home/airflow/.local/lib/python3.10/site-packages/airflow/example_dags/plugins/decreasing_priority_weight_strategy.py
[2025-05-09T15:52:01.309+0000] {processor.py:830} INFO - Processing file /home/airflow/.local/lib/python3.10/site-packages/airflow/example_dags/plugins/decreasing_priority_weight_strategy.py for tasks to queue
[2025-05-09T15:52:01.313+0000] {logging_mixin.py:188} INFO - [2025-05-09T15:52:01.313+0000] {dagbag.py:545} INFO - Filling up the DagBag from /home/airflow/.local/lib/python3.10/site-packages/airflow/example_dags/plugins/decreasing_priority_weight_strategy.py
[2025-05-09T15:52:01.317+0000] {processor.py:842} WARNING - No viable dags retrieved from /home/airflow/.local/lib/python3.10/site-packages/airflow/example_dags/plugins/decreasing_priority_weight_strategy.py
[2025-05-09T15:52:01.340+0000] {processor.py:183} INFO - Processing /home/airflow/.local/lib/python3.10/site-packages/airflow/example_dags/plugins/decreasing_priority_weight_strategy.py took 0.044 seconds
[2025-05-09T15:52:31.634+0000] {processor.py:161} INFO - Started process (PID=8661) to work on /home/airflow/.local/lib/python3.10/site-packages/airflow/example_dags/plugins/decreasing_priority_weight_strategy.py
[2025-05-09T15:52:31.636+0000] {processor.py:830} INFO - Processing file /home/airflow/.local/lib/python3.10/site-packages/airflow/example_dags/plugins/decreasing_priority_weight_strategy.py for tasks to queue
[2025-05-09T15:52:31.639+0000] {logging_mixin.py:188} INFO - [2025-05-09T15:52:31.639+0000] {dagbag.py:545} INFO - Filling up the DagBag from /home/airflow/.local/lib/python3.10/site-packages/airflow/example_dags/plugins/decreasing_priority_weight_strategy.py
[2025-05-09T15:52:31.642+0000] {processor.py:842} WARNING - No viable dags retrieved from /home/airflow/.local/lib/python3.10/site-packages/airflow/example_dags/plugins/decreasing_priority_weight_strategy.py
[2025-05-09T15:52:31.658+0000] {processor.py:183} INFO - Processing /home/airflow/.local/lib/python3.10/site-packages/airflow/example_dags/plugins/decreasing_priority_weight_strategy.py took 0.030 seconds
[2025-05-09T15:53:02.766+0000] {processor.py:161} INFO - Started process (PID=8928) to work on /home/airflow/.local/lib/python3.10/site-packages/airflow/example_dags/plugins/decreasing_priority_weight_strategy.py
[2025-05-09T15:53:02.768+0000] {processor.py:830} INFO - Processing file /home/airflow/.local/lib/python3.10/site-packages/airflow/example_dags/plugins/decreasing_priority_weight_strategy.py for tasks to queue
[2025-05-09T15:53:02.770+0000] {logging_mixin.py:188} INFO - [2025-05-09T15:53:02.770+0000] {dagbag.py:545} INFO - Filling up the DagBag from /home/airflow/.local/lib/python3.10/site-packages/airflow/example_dags/plugins/decreasing_priority_weight_strategy.py
[2025-05-09T15:53:02.773+0000] {processor.py:842} WARNING - No viable dags retrieved from /home/airflow/.local/lib/python3.10/site-packages/airflow/example_dags/plugins/decreasing_priority_weight_strategy.py
[2025-05-09T15:53:02.788+0000] {processor.py:183} INFO - Processing /home/airflow/.local/lib/python3.10/site-packages/airflow/example_dags/plugins/decreasing_priority_weight_strategy.py took 0.028 seconds
[2025-05-09T15:53:33.186+0000] {processor.py:161} INFO - Started process (PID=9192) to work on /home/airflow/.local/lib/python3.10/site-packages/airflow/example_dags/plugins/decreasing_priority_weight_strategy.py
[2025-05-09T15:53:33.189+0000] {processor.py:830} INFO - Processing file /home/airflow/.local/lib/python3.10/site-packages/airflow/example_dags/plugins/decreasing_priority_weight_strategy.py for tasks to queue
[2025-05-09T15:53:33.193+0000] {logging_mixin.py:188} INFO - [2025-05-09T15:53:33.193+0000] {dagbag.py:545} INFO - Filling up the DagBag from /home/airflow/.local/lib/python3.10/site-packages/airflow/example_dags/plugins/decreasing_priority_weight_strategy.py
[2025-05-09T15:53:33.197+0000] {processor.py:842} WARNING - No viable dags retrieved from /home/airflow/.local/lib/python3.10/site-packages/airflow/example_dags/plugins/decreasing_priority_weight_strategy.py
[2025-05-09T15:53:33.223+0000] {processor.py:183} INFO - Processing /home/airflow/.local/lib/python3.10/site-packages/airflow/example_dags/plugins/decreasing_priority_weight_strategy.py took 0.048 seconds
[2025-05-09T15:54:03.444+0000] {processor.py:161} INFO - Started process (PID=9472) to work on /home/airflow/.local/lib/python3.10/site-packages/airflow/example_dags/plugins/decreasing_priority_weight_strategy.py
[2025-05-09T15:54:03.450+0000] {processor.py:830} INFO - Processing file /home/airflow/.local/lib/python3.10/site-packages/airflow/example_dags/plugins/decreasing_priority_weight_strategy.py for tasks to queue
[2025-05-09T15:54:03.454+0000] {logging_mixin.py:188} INFO - [2025-05-09T15:54:03.453+0000] {dagbag.py:545} INFO - Filling up the DagBag from /home/airflow/.local/lib/python3.10/site-packages/airflow/example_dags/plugins/decreasing_priority_weight_strategy.py
[2025-05-09T15:54:03.458+0000] {processor.py:842} WARNING - No viable dags retrieved from /home/airflow/.local/lib/python3.10/site-packages/airflow/example_dags/plugins/decreasing_priority_weight_strategy.py
[2025-05-09T15:54:03.482+0000] {processor.py:183} INFO - Processing /home/airflow/.local/lib/python3.10/site-packages/airflow/example_dags/plugins/decreasing_priority_weight_strategy.py took 0.049 seconds
[2025-05-09T15:54:33.964+0000] {processor.py:161} INFO - Started process (PID=9745) to work on /home/airflow/.local/lib/python3.10/site-packages/airflow/example_dags/plugins/decreasing_priority_weight_strategy.py
[2025-05-09T15:54:33.966+0000] {processor.py:830} INFO - Processing file /home/airflow/.local/lib/python3.10/site-packages/airflow/example_dags/plugins/decreasing_priority_weight_strategy.py for tasks to queue
[2025-05-09T15:54:33.968+0000] {logging_mixin.py:188} INFO - [2025-05-09T15:54:33.968+0000] {dagbag.py:545} INFO - Filling up the DagBag from /home/airflow/.local/lib/python3.10/site-packages/airflow/example_dags/plugins/decreasing_priority_weight_strategy.py
[2025-05-09T15:54:33.971+0000] {processor.py:842} WARNING - No viable dags retrieved from /home/airflow/.local/lib/python3.10/site-packages/airflow/example_dags/plugins/decreasing_priority_weight_strategy.py
[2025-05-09T15:54:33.993+0000] {processor.py:183} INFO - Processing /home/airflow/.local/lib/python3.10/site-packages/airflow/example_dags/plugins/decreasing_priority_weight_strategy.py took 0.037 seconds
[2025-05-09T15:55:04.571+0000] {processor.py:161} INFO - Started process (PID=10018) to work on /home/airflow/.local/lib/python3.10/site-packages/airflow/example_dags/plugins/decreasing_priority_weight_strategy.py
[2025-05-09T15:55:04.572+0000] {processor.py:830} INFO - Processing file /home/airflow/.local/lib/python3.10/site-packages/airflow/example_dags/plugins/decreasing_priority_weight_strategy.py for tasks to queue
[2025-05-09T15:55:04.574+0000] {logging_mixin.py:188} INFO - [2025-05-09T15:55:04.574+0000] {dagbag.py:545} INFO - Filling up the DagBag from /home/airflow/.local/lib/python3.10/site-packages/airflow/example_dags/plugins/decreasing_priority_weight_strategy.py
[2025-05-09T15:55:04.577+0000] {processor.py:842} WARNING - No viable dags retrieved from /home/airflow/.local/lib/python3.10/site-packages/airflow/example_dags/plugins/decreasing_priority_weight_strategy.py
[2025-05-09T15:55:04.593+0000] {processor.py:183} INFO - Processing /home/airflow/.local/lib/python3.10/site-packages/airflow/example_dags/plugins/decreasing_priority_weight_strategy.py took 0.029 seconds
[2025-05-09T15:55:35.699+0000] {processor.py:161} INFO - Started process (PID=10288) to work on /home/airflow/.local/lib/python3.10/site-packages/airflow/example_dags/plugins/decreasing_priority_weight_strategy.py
[2025-05-09T15:55:35.701+0000] {processor.py:830} INFO - Processing file /home/airflow/.local/lib/python3.10/site-packages/airflow/example_dags/plugins/decreasing_priority_weight_strategy.py for tasks to queue
[2025-05-09T15:55:35.703+0000] {logging_mixin.py:188} INFO - [2025-05-09T15:55:35.703+0000] {dagbag.py:545} INFO - Filling up the DagBag from /home/airflow/.local/lib/python3.10/site-packages/airflow/example_dags/plugins/decreasing_priority_weight_strategy.py
[2025-05-09T15:55:35.706+0000] {processor.py:842} WARNING - No viable dags retrieved from /home/airflow/.local/lib/python3.10/site-packages/airflow/example_dags/plugins/decreasing_priority_weight_strategy.py
[2025-05-09T15:55:35.722+0000] {processor.py:183} INFO - Processing /home/airflow/.local/lib/python3.10/site-packages/airflow/example_dags/plugins/decreasing_priority_weight_strategy.py took 0.029 seconds
[2025-05-09T15:56:06.891+0000] {processor.py:161} INFO - Started process (PID=10558) to work on /home/airflow/.local/lib/python3.10/site-packages/airflow/example_dags/plugins/decreasing_priority_weight_strategy.py
[2025-05-09T15:56:06.893+0000] {processor.py:830} INFO - Processing file /home/airflow/.local/lib/python3.10/site-packages/airflow/example_dags/plugins/decreasing_priority_weight_strategy.py for tasks to queue
[2025-05-09T15:56:06.897+0000] {logging_mixin.py:188} INFO - [2025-05-09T15:56:06.896+0000] {dagbag.py:545} INFO - Filling up the DagBag from /home/airflow/.local/lib/python3.10/site-packages/airflow/example_dags/plugins/decreasing_priority_weight_strategy.py
[2025-05-09T15:56:06.901+0000] {processor.py:842} WARNING - No viable dags retrieved from /home/airflow/.local/lib/python3.10/site-packages/airflow/example_dags/plugins/decreasing_priority_weight_strategy.py
[2025-05-09T15:56:06.930+0000] {processor.py:183} INFO - Processing /home/airflow/.local/lib/python3.10/site-packages/airflow/example_dags/plugins/decreasing_priority_weight_strategy.py took 0.050 seconds
[2025-05-09T15:56:37.573+0000] {processor.py:161} INFO - Started process (PID=10818) to work on /home/airflow/.local/lib/python3.10/site-packages/airflow/example_dags/plugins/decreasing_priority_weight_strategy.py
[2025-05-09T15:56:37.575+0000] {processor.py:830} INFO - Processing file /home/airflow/.local/lib/python3.10/site-packages/airflow/example_dags/plugins/decreasing_priority_weight_strategy.py for tasks to queue
[2025-05-09T15:56:37.577+0000] {logging_mixin.py:188} INFO - [2025-05-09T15:56:37.577+0000] {dagbag.py:545} INFO - Filling up the DagBag from /home/airflow/.local/lib/python3.10/site-packages/airflow/example_dags/plugins/decreasing_priority_weight_strategy.py
[2025-05-09T15:56:37.580+0000] {processor.py:842} WARNING - No viable dags retrieved from /home/airflow/.local/lib/python3.10/site-packages/airflow/example_dags/plugins/decreasing_priority_weight_strategy.py
[2025-05-09T15:56:37.595+0000] {processor.py:183} INFO - Processing /home/airflow/.local/lib/python3.10/site-packages/airflow/example_dags/plugins/decreasing_priority_weight_strategy.py took 0.033 seconds
[2025-05-09T15:57:08.211+0000] {processor.py:161} INFO - Started process (PID=11092) to work on /home/airflow/.local/lib/python3.10/site-packages/airflow/example_dags/plugins/decreasing_priority_weight_strategy.py
[2025-05-09T15:57:08.213+0000] {processor.py:830} INFO - Processing file /home/airflow/.local/lib/python3.10/site-packages/airflow/example_dags/plugins/decreasing_priority_weight_strategy.py for tasks to queue
[2025-05-09T15:57:08.215+0000] {logging_mixin.py:188} INFO - [2025-05-09T15:57:08.215+0000] {dagbag.py:545} INFO - Filling up the DagBag from /home/airflow/.local/lib/python3.10/site-packages/airflow/example_dags/plugins/decreasing_priority_weight_strategy.py
[2025-05-09T15:57:08.218+0000] {processor.py:842} WARNING - No viable dags retrieved from /home/airflow/.local/lib/python3.10/site-packages/airflow/example_dags/plugins/decreasing_priority_weight_strategy.py
[2025-05-09T15:57:08.236+0000] {processor.py:183} INFO - Processing /home/airflow/.local/lib/python3.10/site-packages/airflow/example_dags/plugins/decreasing_priority_weight_strategy.py took 0.032 seconds
[2025-05-09T15:57:38.487+0000] {processor.py:161} INFO - Started process (PID=11354) to work on /home/airflow/.local/lib/python3.10/site-packages/airflow/example_dags/plugins/decreasing_priority_weight_strategy.py
[2025-05-09T15:57:38.488+0000] {processor.py:830} INFO - Processing file /home/airflow/.local/lib/python3.10/site-packages/airflow/example_dags/plugins/decreasing_priority_weight_strategy.py for tasks to queue
[2025-05-09T15:57:38.490+0000] {logging_mixin.py:188} INFO - [2025-05-09T15:57:38.490+0000] {dagbag.py:545} INFO - Filling up the DagBag from /home/airflow/.local/lib/python3.10/site-packages/airflow/example_dags/plugins/decreasing_priority_weight_strategy.py
[2025-05-09T15:57:38.493+0000] {processor.py:842} WARNING - No viable dags retrieved from /home/airflow/.local/lib/python3.10/site-packages/airflow/example_dags/plugins/decreasing_priority_weight_strategy.py
[2025-05-09T15:57:38.511+0000] {processor.py:183} INFO - Processing /home/airflow/.local/lib/python3.10/site-packages/airflow/example_dags/plugins/decreasing_priority_weight_strategy.py took 0.031 seconds
[2025-05-09T15:58:08.926+0000] {processor.py:161} INFO - Started process (PID=11625) to work on /home/airflow/.local/lib/python3.10/site-packages/airflow/example_dags/plugins/decreasing_priority_weight_strategy.py
[2025-05-09T15:58:08.928+0000] {processor.py:830} INFO - Processing file /home/airflow/.local/lib/python3.10/site-packages/airflow/example_dags/plugins/decreasing_priority_weight_strategy.py for tasks to queue
[2025-05-09T15:58:08.930+0000] {logging_mixin.py:188} INFO - [2025-05-09T15:58:08.930+0000] {dagbag.py:545} INFO - Filling up the DagBag from /home/airflow/.local/lib/python3.10/site-packages/airflow/example_dags/plugins/decreasing_priority_weight_strategy.py
[2025-05-09T15:58:08.933+0000] {processor.py:842} WARNING - No viable dags retrieved from /home/airflow/.local/lib/python3.10/site-packages/airflow/example_dags/plugins/decreasing_priority_weight_strategy.py
[2025-05-09T15:58:08.956+0000] {processor.py:183} INFO - Processing /home/airflow/.local/lib/python3.10/site-packages/airflow/example_dags/plugins/decreasing_priority_weight_strategy.py took 0.039 seconds
[2025-05-09T15:58:39.378+0000] {processor.py:161} INFO - Started process (PID=11887) to work on /home/airflow/.local/lib/python3.10/site-packages/airflow/example_dags/plugins/decreasing_priority_weight_strategy.py
[2025-05-09T15:58:39.379+0000] {processor.py:830} INFO - Processing file /home/airflow/.local/lib/python3.10/site-packages/airflow/example_dags/plugins/decreasing_priority_weight_strategy.py for tasks to queue
[2025-05-09T15:58:39.382+0000] {logging_mixin.py:188} INFO - [2025-05-09T15:58:39.381+0000] {dagbag.py:545} INFO - Filling up the DagBag from /home/airflow/.local/lib/python3.10/site-packages/airflow/example_dags/plugins/decreasing_priority_weight_strategy.py
[2025-05-09T15:58:39.384+0000] {processor.py:842} WARNING - No viable dags retrieved from /home/airflow/.local/lib/python3.10/site-packages/airflow/example_dags/plugins/decreasing_priority_weight_strategy.py
[2025-05-09T15:58:39.400+0000] {processor.py:183} INFO - Processing /home/airflow/.local/lib/python3.10/site-packages/airflow/example_dags/plugins/decreasing_priority_weight_strategy.py took 0.027 seconds
[2025-05-09T15:59:09.606+0000] {processor.py:161} INFO - Started process (PID=12158) to work on /home/airflow/.local/lib/python3.10/site-packages/airflow/example_dags/plugins/decreasing_priority_weight_strategy.py
[2025-05-09T15:59:09.607+0000] {processor.py:830} INFO - Processing file /home/airflow/.local/lib/python3.10/site-packages/airflow/example_dags/plugins/decreasing_priority_weight_strategy.py for tasks to queue
[2025-05-09T15:59:09.610+0000] {logging_mixin.py:188} INFO - [2025-05-09T15:59:09.610+0000] {dagbag.py:545} INFO - Filling up the DagBag from /home/airflow/.local/lib/python3.10/site-packages/airflow/example_dags/plugins/decreasing_priority_weight_strategy.py
[2025-05-09T15:59:09.615+0000] {processor.py:842} WARNING - No viable dags retrieved from /home/airflow/.local/lib/python3.10/site-packages/airflow/example_dags/plugins/decreasing_priority_weight_strategy.py
[2025-05-09T15:59:09.638+0000] {processor.py:183} INFO - Processing /home/airflow/.local/lib/python3.10/site-packages/airflow/example_dags/plugins/decreasing_priority_weight_strategy.py took 0.041 seconds
[2025-05-09T15:59:39.997+0000] {processor.py:161} INFO - Started process (PID=12420) to work on /home/airflow/.local/lib/python3.10/site-packages/airflow/example_dags/plugins/decreasing_priority_weight_strategy.py
[2025-05-09T15:59:39.999+0000] {processor.py:830} INFO - Processing file /home/airflow/.local/lib/python3.10/site-packages/airflow/example_dags/plugins/decreasing_priority_weight_strategy.py for tasks to queue
[2025-05-09T15:59:40.000+0000] {logging_mixin.py:188} INFO - [2025-05-09T15:59:40.000+0000] {dagbag.py:545} INFO - Filling up the DagBag from /home/airflow/.local/lib/python3.10/site-packages/airflow/example_dags/plugins/decreasing_priority_weight_strategy.py
[2025-05-09T15:59:40.002+0000] {processor.py:842} WARNING - No viable dags retrieved from /home/airflow/.local/lib/python3.10/site-packages/airflow/example_dags/plugins/decreasing_priority_weight_strategy.py
[2025-05-09T15:59:40.017+0000] {processor.py:183} INFO - Processing /home/airflow/.local/lib/python3.10/site-packages/airflow/example_dags/plugins/decreasing_priority_weight_strategy.py took 0.026 seconds
[2025-05-09T16:00:10.578+0000] {processor.py:161} INFO - Started process (PID=12717) to work on /home/airflow/.local/lib/python3.10/site-packages/airflow/example_dags/plugins/decreasing_priority_weight_strategy.py
[2025-05-09T16:00:10.580+0000] {processor.py:830} INFO - Processing file /home/airflow/.local/lib/python3.10/site-packages/airflow/example_dags/plugins/decreasing_priority_weight_strategy.py for tasks to queue
[2025-05-09T16:00:10.583+0000] {logging_mixin.py:188} INFO - [2025-05-09T16:00:10.583+0000] {dagbag.py:545} INFO - Filling up the DagBag from /home/airflow/.local/lib/python3.10/site-packages/airflow/example_dags/plugins/decreasing_priority_weight_strategy.py
[2025-05-09T16:00:10.586+0000] {processor.py:842} WARNING - No viable dags retrieved from /home/airflow/.local/lib/python3.10/site-packages/airflow/example_dags/plugins/decreasing_priority_weight_strategy.py
[2025-05-09T16:00:10.602+0000] {processor.py:183} INFO - Processing /home/airflow/.local/lib/python3.10/site-packages/airflow/example_dags/plugins/decreasing_priority_weight_strategy.py took 0.030 seconds
[2025-05-09T16:00:41.226+0000] {processor.py:161} INFO - Started process (PID=13015) to work on /home/airflow/.local/lib/python3.10/site-packages/airflow/example_dags/plugins/decreasing_priority_weight_strategy.py
[2025-05-09T16:00:41.228+0000] {processor.py:830} INFO - Processing file /home/airflow/.local/lib/python3.10/site-packages/airflow/example_dags/plugins/decreasing_priority_weight_strategy.py for tasks to queue
[2025-05-09T16:00:41.230+0000] {logging_mixin.py:188} INFO - [2025-05-09T16:00:41.229+0000] {dagbag.py:545} INFO - Filling up the DagBag from /home/airflow/.local/lib/python3.10/site-packages/airflow/example_dags/plugins/decreasing_priority_weight_strategy.py
[2025-05-09T16:00:41.233+0000] {processor.py:842} WARNING - No viable dags retrieved from /home/airflow/.local/lib/python3.10/site-packages/airflow/example_dags/plugins/decreasing_priority_weight_strategy.py
[2025-05-09T16:00:41.248+0000] {processor.py:183} INFO - Processing /home/airflow/.local/lib/python3.10/site-packages/airflow/example_dags/plugins/decreasing_priority_weight_strategy.py took 0.027 seconds
[2025-05-09T16:01:11.704+0000] {processor.py:161} INFO - Started process (PID=13295) to work on /home/airflow/.local/lib/python3.10/site-packages/airflow/example_dags/plugins/decreasing_priority_weight_strategy.py
[2025-05-09T16:01:11.707+0000] {processor.py:830} INFO - Processing file /home/airflow/.local/lib/python3.10/site-packages/airflow/example_dags/plugins/decreasing_priority_weight_strategy.py for tasks to queue
[2025-05-09T16:01:11.709+0000] {logging_mixin.py:188} INFO - [2025-05-09T16:01:11.708+0000] {dagbag.py:545} INFO - Filling up the DagBag from /home/airflow/.local/lib/python3.10/site-packages/airflow/example_dags/plugins/decreasing_priority_weight_strategy.py
[2025-05-09T16:01:11.716+0000] {processor.py:842} WARNING - No viable dags retrieved from /home/airflow/.local/lib/python3.10/site-packages/airflow/example_dags/plugins/decreasing_priority_weight_strategy.py
[2025-05-09T16:01:11.747+0000] {processor.py:183} INFO - Processing /home/airflow/.local/lib/python3.10/site-packages/airflow/example_dags/plugins/decreasing_priority_weight_strategy.py took 0.050 seconds
[2025-05-09T16:01:42.126+0000] {processor.py:161} INFO - Started process (PID=13574) to work on /home/airflow/.local/lib/python3.10/site-packages/airflow/example_dags/plugins/decreasing_priority_weight_strategy.py
[2025-05-09T16:01:42.128+0000] {processor.py:830} INFO - Processing file /home/airflow/.local/lib/python3.10/site-packages/airflow/example_dags/plugins/decreasing_priority_weight_strategy.py for tasks to queue
[2025-05-09T16:01:42.129+0000] {logging_mixin.py:188} INFO - [2025-05-09T16:01:42.129+0000] {dagbag.py:545} INFO - Filling up the DagBag from /home/airflow/.local/lib/python3.10/site-packages/airflow/example_dags/plugins/decreasing_priority_weight_strategy.py
[2025-05-09T16:01:42.131+0000] {processor.py:842} WARNING - No viable dags retrieved from /home/airflow/.local/lib/python3.10/site-packages/airflow/example_dags/plugins/decreasing_priority_weight_strategy.py
[2025-05-09T16:01:42.145+0000] {processor.py:183} INFO - Processing /home/airflow/.local/lib/python3.10/site-packages/airflow/example_dags/plugins/decreasing_priority_weight_strategy.py took 0.024 seconds
[2025-05-09T16:02:12.440+0000] {processor.py:161} INFO - Started process (PID=13878) to work on /home/airflow/.local/lib/python3.10/site-packages/airflow/example_dags/plugins/decreasing_priority_weight_strategy.py
[2025-05-09T16:02:12.442+0000] {processor.py:830} INFO - Processing file /home/airflow/.local/lib/python3.10/site-packages/airflow/example_dags/plugins/decreasing_priority_weight_strategy.py for tasks to queue
[2025-05-09T16:02:12.443+0000] {logging_mixin.py:188} INFO - [2025-05-09T16:02:12.443+0000] {dagbag.py:545} INFO - Filling up the DagBag from /home/airflow/.local/lib/python3.10/site-packages/airflow/example_dags/plugins/decreasing_priority_weight_strategy.py
[2025-05-09T16:02:12.446+0000] {processor.py:842} WARNING - No viable dags retrieved from /home/airflow/.local/lib/python3.10/site-packages/airflow/example_dags/plugins/decreasing_priority_weight_strategy.py
[2025-05-09T16:02:12.465+0000] {processor.py:183} INFO - Processing /home/airflow/.local/lib/python3.10/site-packages/airflow/example_dags/plugins/decreasing_priority_weight_strategy.py took 0.030 seconds
[2025-05-09T16:02:42.916+0000] {processor.py:161} INFO - Started process (PID=14144) to work on /home/airflow/.local/lib/python3.10/site-packages/airflow/example_dags/plugins/decreasing_priority_weight_strategy.py
[2025-05-09T16:02:42.917+0000] {processor.py:830} INFO - Processing file /home/airflow/.local/lib/python3.10/site-packages/airflow/example_dags/plugins/decreasing_priority_weight_strategy.py for tasks to queue
[2025-05-09T16:02:42.919+0000] {logging_mixin.py:188} INFO - [2025-05-09T16:02:42.919+0000] {dagbag.py:545} INFO - Filling up the DagBag from /home/airflow/.local/lib/python3.10/site-packages/airflow/example_dags/plugins/decreasing_priority_weight_strategy.py
[2025-05-09T16:02:42.921+0000] {processor.py:842} WARNING - No viable dags retrieved from /home/airflow/.local/lib/python3.10/site-packages/airflow/example_dags/plugins/decreasing_priority_weight_strategy.py
[2025-05-09T16:02:42.938+0000] {processor.py:183} INFO - Processing /home/airflow/.local/lib/python3.10/site-packages/airflow/example_dags/plugins/decreasing_priority_weight_strategy.py took 0.028 seconds
[2025-05-09T16:03:14.256+0000] {processor.py:161} INFO - Started process (PID=14461) to work on /home/airflow/.local/lib/python3.10/site-packages/airflow/example_dags/plugins/decreasing_priority_weight_strategy.py
[2025-05-09T16:03:14.258+0000] {processor.py:830} INFO - Processing file /home/airflow/.local/lib/python3.10/site-packages/airflow/example_dags/plugins/decreasing_priority_weight_strategy.py for tasks to queue
[2025-05-09T16:03:14.260+0000] {logging_mixin.py:188} INFO - [2025-05-09T16:03:14.259+0000] {dagbag.py:545} INFO - Filling up the DagBag from /home/airflow/.local/lib/python3.10/site-packages/airflow/example_dags/plugins/decreasing_priority_weight_strategy.py
[2025-05-09T16:03:14.263+0000] {processor.py:842} WARNING - No viable dags retrieved from /home/airflow/.local/lib/python3.10/site-packages/airflow/example_dags/plugins/decreasing_priority_weight_strategy.py
[2025-05-09T16:03:14.281+0000] {processor.py:183} INFO - Processing /home/airflow/.local/lib/python3.10/site-packages/airflow/example_dags/plugins/decreasing_priority_weight_strategy.py took 0.033 seconds
[2025-05-09T16:03:44.476+0000] {processor.py:161} INFO - Started process (PID=14727) to work on /home/airflow/.local/lib/python3.10/site-packages/airflow/example_dags/plugins/decreasing_priority_weight_strategy.py
[2025-05-09T16:03:44.479+0000] {processor.py:830} INFO - Processing file /home/airflow/.local/lib/python3.10/site-packages/airflow/example_dags/plugins/decreasing_priority_weight_strategy.py for tasks to queue
[2025-05-09T16:03:44.480+0000] {logging_mixin.py:188} INFO - [2025-05-09T16:03:44.480+0000] {dagbag.py:545} INFO - Filling up the DagBag from /home/airflow/.local/lib/python3.10/site-packages/airflow/example_dags/plugins/decreasing_priority_weight_strategy.py
[2025-05-09T16:03:44.483+0000] {processor.py:842} WARNING - No viable dags retrieved from /home/airflow/.local/lib/python3.10/site-packages/airflow/example_dags/plugins/decreasing_priority_weight_strategy.py
[2025-05-09T16:03:44.498+0000] {processor.py:183} INFO - Processing /home/airflow/.local/lib/python3.10/site-packages/airflow/example_dags/plugins/decreasing_priority_weight_strategy.py took 0.029 seconds
[2025-05-09T16:04:15.392+0000] {processor.py:161} INFO - Started process (PID=14989) to work on /home/airflow/.local/lib/python3.10/site-packages/airflow/example_dags/plugins/decreasing_priority_weight_strategy.py
[2025-05-09T16:04:15.394+0000] {processor.py:830} INFO - Processing file /home/airflow/.local/lib/python3.10/site-packages/airflow/example_dags/plugins/decreasing_priority_weight_strategy.py for tasks to queue
[2025-05-09T16:04:15.395+0000] {logging_mixin.py:188} INFO - [2025-05-09T16:04:15.395+0000] {dagbag.py:545} INFO - Filling up the DagBag from /home/airflow/.local/lib/python3.10/site-packages/airflow/example_dags/plugins/decreasing_priority_weight_strategy.py
[2025-05-09T16:04:15.397+0000] {processor.py:842} WARNING - No viable dags retrieved from /home/airflow/.local/lib/python3.10/site-packages/airflow/example_dags/plugins/decreasing_priority_weight_strategy.py
[2025-05-09T16:04:15.411+0000] {processor.py:183} INFO - Processing /home/airflow/.local/lib/python3.10/site-packages/airflow/example_dags/plugins/decreasing_priority_weight_strategy.py took 0.024 seconds
[2025-05-09T16:05:19.950+0000] {processor.py:161} INFO - Started process (PID=423) to work on /home/airflow/.local/lib/python3.10/site-packages/airflow/example_dags/plugins/decreasing_priority_weight_strategy.py
[2025-05-09T16:05:19.952+0000] {processor.py:830} INFO - Processing file /home/airflow/.local/lib/python3.10/site-packages/airflow/example_dags/plugins/decreasing_priority_weight_strategy.py for tasks to queue
[2025-05-09T16:05:19.956+0000] {logging_mixin.py:188} INFO - [2025-05-09T16:05:19.955+0000] {dagbag.py:545} INFO - Filling up the DagBag from /home/airflow/.local/lib/python3.10/site-packages/airflow/example_dags/plugins/decreasing_priority_weight_strategy.py
[2025-05-09T16:05:19.960+0000] {processor.py:842} WARNING - No viable dags retrieved from /home/airflow/.local/lib/python3.10/site-packages/airflow/example_dags/plugins/decreasing_priority_weight_strategy.py
[2025-05-09T16:05:19.990+0000] {processor.py:183} INFO - Processing /home/airflow/.local/lib/python3.10/site-packages/airflow/example_dags/plugins/decreasing_priority_weight_strategy.py took 0.054 seconds
[2025-05-09T16:05:51.924+0000] {processor.py:161} INFO - Started process (PID=687) to work on /home/airflow/.local/lib/python3.10/site-packages/airflow/example_dags/plugins/decreasing_priority_weight_strategy.py
[2025-05-09T16:05:51.925+0000] {processor.py:830} INFO - Processing file /home/airflow/.local/lib/python3.10/site-packages/airflow/example_dags/plugins/decreasing_priority_weight_strategy.py for tasks to queue
[2025-05-09T16:05:51.928+0000] {logging_mixin.py:188} INFO - [2025-05-09T16:05:51.927+0000] {dagbag.py:545} INFO - Filling up the DagBag from /home/airflow/.local/lib/python3.10/site-packages/airflow/example_dags/plugins/decreasing_priority_weight_strategy.py
[2025-05-09T16:05:51.930+0000] {processor.py:842} WARNING - No viable dags retrieved from /home/airflow/.local/lib/python3.10/site-packages/airflow/example_dags/plugins/decreasing_priority_weight_strategy.py
[2025-05-09T16:05:51.943+0000] {processor.py:183} INFO - Processing /home/airflow/.local/lib/python3.10/site-packages/airflow/example_dags/plugins/decreasing_priority_weight_strategy.py took 0.025 seconds
[2025-05-09T16:06:22.249+0000] {processor.py:161} INFO - Started process (PID=946) to work on /home/airflow/.local/lib/python3.10/site-packages/airflow/example_dags/plugins/decreasing_priority_weight_strategy.py
[2025-05-09T16:06:22.251+0000] {processor.py:830} INFO - Processing file /home/airflow/.local/lib/python3.10/site-packages/airflow/example_dags/plugins/decreasing_priority_weight_strategy.py for tasks to queue
[2025-05-09T16:06:22.252+0000] {logging_mixin.py:188} INFO - [2025-05-09T16:06:22.252+0000] {dagbag.py:545} INFO - Filling up the DagBag from /home/airflow/.local/lib/python3.10/site-packages/airflow/example_dags/plugins/decreasing_priority_weight_strategy.py
[2025-05-09T16:06:22.255+0000] {processor.py:842} WARNING - No viable dags retrieved from /home/airflow/.local/lib/python3.10/site-packages/airflow/example_dags/plugins/decreasing_priority_weight_strategy.py
[2025-05-09T16:06:22.271+0000] {processor.py:183} INFO - Processing /home/airflow/.local/lib/python3.10/site-packages/airflow/example_dags/plugins/decreasing_priority_weight_strategy.py took 0.028 seconds
[2025-05-09T16:06:52.572+0000] {processor.py:161} INFO - Started process (PID=1203) to work on /home/airflow/.local/lib/python3.10/site-packages/airflow/example_dags/plugins/decreasing_priority_weight_strategy.py
[2025-05-09T16:06:52.573+0000] {processor.py:830} INFO - Processing file /home/airflow/.local/lib/python3.10/site-packages/airflow/example_dags/plugins/decreasing_priority_weight_strategy.py for tasks to queue
[2025-05-09T16:06:52.575+0000] {logging_mixin.py:188} INFO - [2025-05-09T16:06:52.575+0000] {dagbag.py:545} INFO - Filling up the DagBag from /home/airflow/.local/lib/python3.10/site-packages/airflow/example_dags/plugins/decreasing_priority_weight_strategy.py
[2025-05-09T16:06:52.578+0000] {processor.py:842} WARNING - No viable dags retrieved from /home/airflow/.local/lib/python3.10/site-packages/airflow/example_dags/plugins/decreasing_priority_weight_strategy.py
[2025-05-09T16:06:52.595+0000] {processor.py:183} INFO - Processing /home/airflow/.local/lib/python3.10/site-packages/airflow/example_dags/plugins/decreasing_priority_weight_strategy.py took 0.031 seconds
[2025-05-09T16:07:23.397+0000] {processor.py:161} INFO - Started process (PID=1506) to work on /home/airflow/.local/lib/python3.10/site-packages/airflow/example_dags/plugins/decreasing_priority_weight_strategy.py
[2025-05-09T16:07:23.399+0000] {processor.py:830} INFO - Processing file /home/airflow/.local/lib/python3.10/site-packages/airflow/example_dags/plugins/decreasing_priority_weight_strategy.py for tasks to queue
[2025-05-09T16:07:23.401+0000] {logging_mixin.py:188} INFO - [2025-05-09T16:07:23.400+0000] {dagbag.py:545} INFO - Filling up the DagBag from /home/airflow/.local/lib/python3.10/site-packages/airflow/example_dags/plugins/decreasing_priority_weight_strategy.py
[2025-05-09T16:07:23.407+0000] {processor.py:842} WARNING - No viable dags retrieved from /home/airflow/.local/lib/python3.10/site-packages/airflow/example_dags/plugins/decreasing_priority_weight_strategy.py
[2025-05-09T16:07:23.430+0000] {processor.py:183} INFO - Processing /home/airflow/.local/lib/python3.10/site-packages/airflow/example_dags/plugins/decreasing_priority_weight_strategy.py took 0.041 seconds
[2025-05-09T16:07:53.654+0000] {processor.py:161} INFO - Started process (PID=1763) to work on /home/airflow/.local/lib/python3.10/site-packages/airflow/example_dags/plugins/decreasing_priority_weight_strategy.py
[2025-05-09T16:07:53.655+0000] {processor.py:830} INFO - Processing file /home/airflow/.local/lib/python3.10/site-packages/airflow/example_dags/plugins/decreasing_priority_weight_strategy.py for tasks to queue
[2025-05-09T16:07:53.657+0000] {logging_mixin.py:188} INFO - [2025-05-09T16:07:53.657+0000] {dagbag.py:545} INFO - Filling up the DagBag from /home/airflow/.local/lib/python3.10/site-packages/airflow/example_dags/plugins/decreasing_priority_weight_strategy.py
[2025-05-09T16:07:53.660+0000] {processor.py:842} WARNING - No viable dags retrieved from /home/airflow/.local/lib/python3.10/site-packages/airflow/example_dags/plugins/decreasing_priority_weight_strategy.py
[2025-05-09T16:07:53.676+0000] {processor.py:183} INFO - Processing /home/airflow/.local/lib/python3.10/site-packages/airflow/example_dags/plugins/decreasing_priority_weight_strategy.py took 0.028 seconds
[2025-05-09T16:08:24.205+0000] {processor.py:161} INFO - Started process (PID=2039) to work on /home/airflow/.local/lib/python3.10/site-packages/airflow/example_dags/plugins/decreasing_priority_weight_strategy.py
[2025-05-09T16:08:24.207+0000] {processor.py:830} INFO - Processing file /home/airflow/.local/lib/python3.10/site-packages/airflow/example_dags/plugins/decreasing_priority_weight_strategy.py for tasks to queue
[2025-05-09T16:08:24.209+0000] {logging_mixin.py:188} INFO - [2025-05-09T16:08:24.209+0000] {dagbag.py:545} INFO - Filling up the DagBag from /home/airflow/.local/lib/python3.10/site-packages/airflow/example_dags/plugins/decreasing_priority_weight_strategy.py
[2025-05-09T16:08:24.212+0000] {processor.py:842} WARNING - No viable dags retrieved from /home/airflow/.local/lib/python3.10/site-packages/airflow/example_dags/plugins/decreasing_priority_weight_strategy.py
[2025-05-09T16:08:24.231+0000] {processor.py:183} INFO - Processing /home/airflow/.local/lib/python3.10/site-packages/airflow/example_dags/plugins/decreasing_priority_weight_strategy.py took 0.034 seconds
[2025-05-09T16:08:54.429+0000] {processor.py:161} INFO - Started process (PID=2317) to work on /home/airflow/.local/lib/python3.10/site-packages/airflow/example_dags/plugins/decreasing_priority_weight_strategy.py
[2025-05-09T16:08:54.431+0000] {processor.py:830} INFO - Processing file /home/airflow/.local/lib/python3.10/site-packages/airflow/example_dags/plugins/decreasing_priority_weight_strategy.py for tasks to queue
[2025-05-09T16:08:54.436+0000] {logging_mixin.py:188} INFO - [2025-05-09T16:08:54.435+0000] {dagbag.py:545} INFO - Filling up the DagBag from /home/airflow/.local/lib/python3.10/site-packages/airflow/example_dags/plugins/decreasing_priority_weight_strategy.py
[2025-05-09T16:08:54.439+0000] {processor.py:842} WARNING - No viable dags retrieved from /home/airflow/.local/lib/python3.10/site-packages/airflow/example_dags/plugins/decreasing_priority_weight_strategy.py
[2025-05-09T16:08:54.458+0000] {processor.py:183} INFO - Processing /home/airflow/.local/lib/python3.10/site-packages/airflow/example_dags/plugins/decreasing_priority_weight_strategy.py took 0.038 seconds
[2025-05-09T16:09:25.119+0000] {processor.py:161} INFO - Started process (PID=2591) to work on /home/airflow/.local/lib/python3.10/site-packages/airflow/example_dags/plugins/decreasing_priority_weight_strategy.py
[2025-05-09T16:09:25.121+0000] {processor.py:830} INFO - Processing file /home/airflow/.local/lib/python3.10/site-packages/airflow/example_dags/plugins/decreasing_priority_weight_strategy.py for tasks to queue
[2025-05-09T16:09:25.123+0000] {logging_mixin.py:188} INFO - [2025-05-09T16:09:25.123+0000] {dagbag.py:545} INFO - Filling up the DagBag from /home/airflow/.local/lib/python3.10/site-packages/airflow/example_dags/plugins/decreasing_priority_weight_strategy.py
[2025-05-09T16:09:25.125+0000] {processor.py:842} WARNING - No viable dags retrieved from /home/airflow/.local/lib/python3.10/site-packages/airflow/example_dags/plugins/decreasing_priority_weight_strategy.py
[2025-05-09T16:09:25.143+0000] {processor.py:183} INFO - Processing /home/airflow/.local/lib/python3.10/site-packages/airflow/example_dags/plugins/decreasing_priority_weight_strategy.py took 0.033 seconds
[2025-05-09T16:09:55.813+0000] {processor.py:161} INFO - Started process (PID=2855) to work on /home/airflow/.local/lib/python3.10/site-packages/airflow/example_dags/plugins/decreasing_priority_weight_strategy.py
[2025-05-09T16:09:55.815+0000] {processor.py:830} INFO - Processing file /home/airflow/.local/lib/python3.10/site-packages/airflow/example_dags/plugins/decreasing_priority_weight_strategy.py for tasks to queue
[2025-05-09T16:09:55.816+0000] {logging_mixin.py:188} INFO - [2025-05-09T16:09:55.816+0000] {dagbag.py:545} INFO - Filling up the DagBag from /home/airflow/.local/lib/python3.10/site-packages/airflow/example_dags/plugins/decreasing_priority_weight_strategy.py
[2025-05-09T16:09:55.818+0000] {processor.py:842} WARNING - No viable dags retrieved from /home/airflow/.local/lib/python3.10/site-packages/airflow/example_dags/plugins/decreasing_priority_weight_strategy.py
[2025-05-09T16:09:55.833+0000] {processor.py:183} INFO - Processing /home/airflow/.local/lib/python3.10/site-packages/airflow/example_dags/plugins/decreasing_priority_weight_strategy.py took 0.026 seconds
[2025-05-09T16:10:27.065+0000] {processor.py:161} INFO - Started process (PID=3124) to work on /home/airflow/.local/lib/python3.10/site-packages/airflow/example_dags/plugins/decreasing_priority_weight_strategy.py
[2025-05-09T16:10:27.067+0000] {processor.py:830} INFO - Processing file /home/airflow/.local/lib/python3.10/site-packages/airflow/example_dags/plugins/decreasing_priority_weight_strategy.py for tasks to queue
[2025-05-09T16:10:27.070+0000] {logging_mixin.py:188} INFO - [2025-05-09T16:10:27.070+0000] {dagbag.py:545} INFO - Filling up the DagBag from /home/airflow/.local/lib/python3.10/site-packages/airflow/example_dags/plugins/decreasing_priority_weight_strategy.py
[2025-05-09T16:10:27.073+0000] {processor.py:842} WARNING - No viable dags retrieved from /home/airflow/.local/lib/python3.10/site-packages/airflow/example_dags/plugins/decreasing_priority_weight_strategy.py
[2025-05-09T16:10:27.095+0000] {processor.py:183} INFO - Processing /home/airflow/.local/lib/python3.10/site-packages/airflow/example_dags/plugins/decreasing_priority_weight_strategy.py took 0.039 seconds
[2025-05-09T16:10:57.426+0000] {processor.py:161} INFO - Started process (PID=3391) to work on /home/airflow/.local/lib/python3.10/site-packages/airflow/example_dags/plugins/decreasing_priority_weight_strategy.py
[2025-05-09T16:10:57.428+0000] {processor.py:830} INFO - Processing file /home/airflow/.local/lib/python3.10/site-packages/airflow/example_dags/plugins/decreasing_priority_weight_strategy.py for tasks to queue
[2025-05-09T16:10:57.430+0000] {logging_mixin.py:188} INFO - [2025-05-09T16:10:57.430+0000] {dagbag.py:545} INFO - Filling up the DagBag from /home/airflow/.local/lib/python3.10/site-packages/airflow/example_dags/plugins/decreasing_priority_weight_strategy.py
[2025-05-09T16:10:57.434+0000] {processor.py:842} WARNING - No viable dags retrieved from /home/airflow/.local/lib/python3.10/site-packages/airflow/example_dags/plugins/decreasing_priority_weight_strategy.py
[2025-05-09T16:10:57.450+0000] {processor.py:183} INFO - Processing /home/airflow/.local/lib/python3.10/site-packages/airflow/example_dags/plugins/decreasing_priority_weight_strategy.py took 0.030 seconds
[2025-05-09T16:11:28.627+0000] {processor.py:161} INFO - Started process (PID=3669) to work on /home/airflow/.local/lib/python3.10/site-packages/airflow/example_dags/plugins/decreasing_priority_weight_strategy.py
[2025-05-09T16:11:28.628+0000] {processor.py:830} INFO - Processing file /home/airflow/.local/lib/python3.10/site-packages/airflow/example_dags/plugins/decreasing_priority_weight_strategy.py for tasks to queue
[2025-05-09T16:11:28.631+0000] {logging_mixin.py:188} INFO - [2025-05-09T16:11:28.630+0000] {dagbag.py:545} INFO - Filling up the DagBag from /home/airflow/.local/lib/python3.10/site-packages/airflow/example_dags/plugins/decreasing_priority_weight_strategy.py
[2025-05-09T16:11:28.633+0000] {processor.py:842} WARNING - No viable dags retrieved from /home/airflow/.local/lib/python3.10/site-packages/airflow/example_dags/plugins/decreasing_priority_weight_strategy.py
[2025-05-09T16:11:28.647+0000] {processor.py:183} INFO - Processing /home/airflow/.local/lib/python3.10/site-packages/airflow/example_dags/plugins/decreasing_priority_weight_strategy.py took 0.026 seconds
[2025-05-09T16:11:59.401+0000] {processor.py:161} INFO - Started process (PID=3937) to work on /home/airflow/.local/lib/python3.10/site-packages/airflow/example_dags/plugins/decreasing_priority_weight_strategy.py
[2025-05-09T16:11:59.403+0000] {processor.py:830} INFO - Processing file /home/airflow/.local/lib/python3.10/site-packages/airflow/example_dags/plugins/decreasing_priority_weight_strategy.py for tasks to queue
[2025-05-09T16:11:59.406+0000] {logging_mixin.py:188} INFO - [2025-05-09T16:11:59.405+0000] {dagbag.py:545} INFO - Filling up the DagBag from /home/airflow/.local/lib/python3.10/site-packages/airflow/example_dags/plugins/decreasing_priority_weight_strategy.py
[2025-05-09T16:11:59.409+0000] {processor.py:842} WARNING - No viable dags retrieved from /home/airflow/.local/lib/python3.10/site-packages/airflow/example_dags/plugins/decreasing_priority_weight_strategy.py
[2025-05-09T16:11:59.430+0000] {processor.py:183} INFO - Processing /home/airflow/.local/lib/python3.10/site-packages/airflow/example_dags/plugins/decreasing_priority_weight_strategy.py took 0.035 seconds
[2025-05-09T16:12:30.294+0000] {processor.py:161} INFO - Started process (PID=4214) to work on /home/airflow/.local/lib/python3.10/site-packages/airflow/example_dags/plugins/decreasing_priority_weight_strategy.py
[2025-05-09T16:12:30.295+0000] {processor.py:830} INFO - Processing file /home/airflow/.local/lib/python3.10/site-packages/airflow/example_dags/plugins/decreasing_priority_weight_strategy.py for tasks to queue
[2025-05-09T16:12:30.298+0000] {logging_mixin.py:188} INFO - [2025-05-09T16:12:30.298+0000] {dagbag.py:545} INFO - Filling up the DagBag from /home/airflow/.local/lib/python3.10/site-packages/airflow/example_dags/plugins/decreasing_priority_weight_strategy.py
[2025-05-09T16:12:30.301+0000] {processor.py:842} WARNING - No viable dags retrieved from /home/airflow/.local/lib/python3.10/site-packages/airflow/example_dags/plugins/decreasing_priority_weight_strategy.py
[2025-05-09T16:12:30.318+0000] {processor.py:183} INFO - Processing /home/airflow/.local/lib/python3.10/site-packages/airflow/example_dags/plugins/decreasing_priority_weight_strategy.py took 0.034 seconds
[2025-05-09T16:13:00.891+0000] {processor.py:161} INFO - Started process (PID=4476) to work on /home/airflow/.local/lib/python3.10/site-packages/airflow/example_dags/plugins/decreasing_priority_weight_strategy.py
[2025-05-09T16:13:00.893+0000] {processor.py:830} INFO - Processing file /home/airflow/.local/lib/python3.10/site-packages/airflow/example_dags/plugins/decreasing_priority_weight_strategy.py for tasks to queue
[2025-05-09T16:13:00.896+0000] {logging_mixin.py:188} INFO - [2025-05-09T16:13:00.895+0000] {dagbag.py:545} INFO - Filling up the DagBag from /home/airflow/.local/lib/python3.10/site-packages/airflow/example_dags/plugins/decreasing_priority_weight_strategy.py
[2025-05-09T16:13:00.900+0000] {processor.py:842} WARNING - No viable dags retrieved from /home/airflow/.local/lib/python3.10/site-packages/airflow/example_dags/plugins/decreasing_priority_weight_strategy.py
[2025-05-09T16:13:00.921+0000] {processor.py:183} INFO - Processing /home/airflow/.local/lib/python3.10/site-packages/airflow/example_dags/plugins/decreasing_priority_weight_strategy.py took 0.038 seconds
[2025-05-09T16:13:31.350+0000] {processor.py:161} INFO - Started process (PID=4747) to work on /home/airflow/.local/lib/python3.10/site-packages/airflow/example_dags/plugins/decreasing_priority_weight_strategy.py
[2025-05-09T16:13:31.351+0000] {processor.py:830} INFO - Processing file /home/airflow/.local/lib/python3.10/site-packages/airflow/example_dags/plugins/decreasing_priority_weight_strategy.py for tasks to queue
[2025-05-09T16:13:31.354+0000] {logging_mixin.py:188} INFO - [2025-05-09T16:13:31.354+0000] {dagbag.py:545} INFO - Filling up the DagBag from /home/airflow/.local/lib/python3.10/site-packages/airflow/example_dags/plugins/decreasing_priority_weight_strategy.py
[2025-05-09T16:13:31.357+0000] {processor.py:842} WARNING - No viable dags retrieved from /home/airflow/.local/lib/python3.10/site-packages/airflow/example_dags/plugins/decreasing_priority_weight_strategy.py
[2025-05-09T16:13:31.373+0000] {processor.py:183} INFO - Processing /home/airflow/.local/lib/python3.10/site-packages/airflow/example_dags/plugins/decreasing_priority_weight_strategy.py took 0.029 seconds
[2025-05-09T16:14:02.628+0000] {processor.py:161} INFO - Started process (PID=5014) to work on /home/airflow/.local/lib/python3.10/site-packages/airflow/example_dags/plugins/decreasing_priority_weight_strategy.py
[2025-05-09T16:14:02.630+0000] {processor.py:830} INFO - Processing file /home/airflow/.local/lib/python3.10/site-packages/airflow/example_dags/plugins/decreasing_priority_weight_strategy.py for tasks to queue
[2025-05-09T16:14:02.633+0000] {logging_mixin.py:188} INFO - [2025-05-09T16:14:02.633+0000] {dagbag.py:545} INFO - Filling up the DagBag from /home/airflow/.local/lib/python3.10/site-packages/airflow/example_dags/plugins/decreasing_priority_weight_strategy.py
[2025-05-09T16:14:02.637+0000] {processor.py:842} WARNING - No viable dags retrieved from /home/airflow/.local/lib/python3.10/site-packages/airflow/example_dags/plugins/decreasing_priority_weight_strategy.py
[2025-05-09T16:14:02.657+0000] {processor.py:183} INFO - Processing /home/airflow/.local/lib/python3.10/site-packages/airflow/example_dags/plugins/decreasing_priority_weight_strategy.py took 0.035 seconds
[2025-05-09T16:14:33.478+0000] {processor.py:161} INFO - Started process (PID=5292) to work on /home/airflow/.local/lib/python3.10/site-packages/airflow/example_dags/plugins/decreasing_priority_weight_strategy.py
[2025-05-09T16:14:33.480+0000] {processor.py:830} INFO - Processing file /home/airflow/.local/lib/python3.10/site-packages/airflow/example_dags/plugins/decreasing_priority_weight_strategy.py for tasks to queue
[2025-05-09T16:14:33.482+0000] {logging_mixin.py:188} INFO - [2025-05-09T16:14:33.482+0000] {dagbag.py:545} INFO - Filling up the DagBag from /home/airflow/.local/lib/python3.10/site-packages/airflow/example_dags/plugins/decreasing_priority_weight_strategy.py
[2025-05-09T16:14:33.486+0000] {processor.py:842} WARNING - No viable dags retrieved from /home/airflow/.local/lib/python3.10/site-packages/airflow/example_dags/plugins/decreasing_priority_weight_strategy.py
[2025-05-09T16:14:33.503+0000] {processor.py:183} INFO - Processing /home/airflow/.local/lib/python3.10/site-packages/airflow/example_dags/plugins/decreasing_priority_weight_strategy.py took 0.032 seconds
[2025-05-09T16:15:04.309+0000] {processor.py:161} INFO - Started process (PID=5568) to work on /home/airflow/.local/lib/python3.10/site-packages/airflow/example_dags/plugins/decreasing_priority_weight_strategy.py
[2025-05-09T16:15:04.311+0000] {processor.py:830} INFO - Processing file /home/airflow/.local/lib/python3.10/site-packages/airflow/example_dags/plugins/decreasing_priority_weight_strategy.py for tasks to queue
[2025-05-09T16:15:04.314+0000] {logging_mixin.py:188} INFO - [2025-05-09T16:15:04.313+0000] {dagbag.py:545} INFO - Filling up the DagBag from /home/airflow/.local/lib/python3.10/site-packages/airflow/example_dags/plugins/decreasing_priority_weight_strategy.py
[2025-05-09T16:15:04.317+0000] {processor.py:842} WARNING - No viable dags retrieved from /home/airflow/.local/lib/python3.10/site-packages/airflow/example_dags/plugins/decreasing_priority_weight_strategy.py
[2025-05-09T16:15:04.333+0000] {processor.py:183} INFO - Processing /home/airflow/.local/lib/python3.10/site-packages/airflow/example_dags/plugins/decreasing_priority_weight_strategy.py took 0.032 seconds
[2025-05-09T16:15:35.370+0000] {processor.py:161} INFO - Started process (PID=5846) to work on /home/airflow/.local/lib/python3.10/site-packages/airflow/example_dags/plugins/decreasing_priority_weight_strategy.py
[2025-05-09T16:15:35.372+0000] {processor.py:830} INFO - Processing file /home/airflow/.local/lib/python3.10/site-packages/airflow/example_dags/plugins/decreasing_priority_weight_strategy.py for tasks to queue
[2025-05-09T16:15:35.376+0000] {logging_mixin.py:188} INFO - [2025-05-09T16:15:35.374+0000] {dagbag.py:545} INFO - Filling up the DagBag from /home/airflow/.local/lib/python3.10/site-packages/airflow/example_dags/plugins/decreasing_priority_weight_strategy.py
[2025-05-09T16:15:35.379+0000] {processor.py:842} WARNING - No viable dags retrieved from /home/airflow/.local/lib/python3.10/site-packages/airflow/example_dags/plugins/decreasing_priority_weight_strategy.py
[2025-05-09T16:15:35.400+0000] {processor.py:183} INFO - Processing /home/airflow/.local/lib/python3.10/site-packages/airflow/example_dags/plugins/decreasing_priority_weight_strategy.py took 0.038 seconds
[2025-05-09T16:16:05.952+0000] {processor.py:161} INFO - Started process (PID=6138) to work on /home/airflow/.local/lib/python3.10/site-packages/airflow/example_dags/plugins/decreasing_priority_weight_strategy.py
[2025-05-09T16:16:05.962+0000] {processor.py:830} INFO - Processing file /home/airflow/.local/lib/python3.10/site-packages/airflow/example_dags/plugins/decreasing_priority_weight_strategy.py for tasks to queue
[2025-05-09T16:16:05.969+0000] {logging_mixin.py:188} INFO - [2025-05-09T16:16:05.969+0000] {dagbag.py:545} INFO - Filling up the DagBag from /home/airflow/.local/lib/python3.10/site-packages/airflow/example_dags/plugins/decreasing_priority_weight_strategy.py
[2025-05-09T16:16:05.973+0000] {processor.py:842} WARNING - No viable dags retrieved from /home/airflow/.local/lib/python3.10/site-packages/airflow/example_dags/plugins/decreasing_priority_weight_strategy.py
[2025-05-09T16:16:05.996+0000] {processor.py:183} INFO - Processing /home/airflow/.local/lib/python3.10/site-packages/airflow/example_dags/plugins/decreasing_priority_weight_strategy.py took 0.067 seconds
[2025-05-09T16:16:36.576+0000] {processor.py:161} INFO - Started process (PID=6465) to work on /home/airflow/.local/lib/python3.10/site-packages/airflow/example_dags/plugins/decreasing_priority_weight_strategy.py
[2025-05-09T16:16:36.578+0000] {processor.py:830} INFO - Processing file /home/airflow/.local/lib/python3.10/site-packages/airflow/example_dags/plugins/decreasing_priority_weight_strategy.py for tasks to queue
[2025-05-09T16:16:36.581+0000] {logging_mixin.py:188} INFO - [2025-05-09T16:16:36.580+0000] {dagbag.py:545} INFO - Filling up the DagBag from /home/airflow/.local/lib/python3.10/site-packages/airflow/example_dags/plugins/decreasing_priority_weight_strategy.py
[2025-05-09T16:16:36.585+0000] {processor.py:842} WARNING - No viable dags retrieved from /home/airflow/.local/lib/python3.10/site-packages/airflow/example_dags/plugins/decreasing_priority_weight_strategy.py
[2025-05-09T16:16:36.601+0000] {processor.py:183} INFO - Processing /home/airflow/.local/lib/python3.10/site-packages/airflow/example_dags/plugins/decreasing_priority_weight_strategy.py took 0.031 seconds
[2025-05-09T16:17:07.601+0000] {processor.py:161} INFO - Started process (PID=6788) to work on /home/airflow/.local/lib/python3.10/site-packages/airflow/example_dags/plugins/decreasing_priority_weight_strategy.py
[2025-05-09T16:17:07.603+0000] {processor.py:830} INFO - Processing file /home/airflow/.local/lib/python3.10/site-packages/airflow/example_dags/plugins/decreasing_priority_weight_strategy.py for tasks to queue
[2025-05-09T16:17:07.605+0000] {logging_mixin.py:188} INFO - [2025-05-09T16:17:07.605+0000] {dagbag.py:545} INFO - Filling up the DagBag from /home/airflow/.local/lib/python3.10/site-packages/airflow/example_dags/plugins/decreasing_priority_weight_strategy.py
[2025-05-09T16:17:07.609+0000] {processor.py:842} WARNING - No viable dags retrieved from /home/airflow/.local/lib/python3.10/site-packages/airflow/example_dags/plugins/decreasing_priority_weight_strategy.py
[2025-05-09T16:17:07.625+0000] {processor.py:183} INFO - Processing /home/airflow/.local/lib/python3.10/site-packages/airflow/example_dags/plugins/decreasing_priority_weight_strategy.py took 0.031 seconds
[2025-05-09T16:17:38.152+0000] {processor.py:161} INFO - Started process (PID=7065) to work on /home/airflow/.local/lib/python3.10/site-packages/airflow/example_dags/plugins/decreasing_priority_weight_strategy.py
[2025-05-09T16:17:38.154+0000] {processor.py:830} INFO - Processing file /home/airflow/.local/lib/python3.10/site-packages/airflow/example_dags/plugins/decreasing_priority_weight_strategy.py for tasks to queue
[2025-05-09T16:17:38.156+0000] {logging_mixin.py:188} INFO - [2025-05-09T16:17:38.156+0000] {dagbag.py:545} INFO - Filling up the DagBag from /home/airflow/.local/lib/python3.10/site-packages/airflow/example_dags/plugins/decreasing_priority_weight_strategy.py
[2025-05-09T16:17:38.159+0000] {processor.py:842} WARNING - No viable dags retrieved from /home/airflow/.local/lib/python3.10/site-packages/airflow/example_dags/plugins/decreasing_priority_weight_strategy.py
[2025-05-09T16:17:38.171+0000] {processor.py:183} INFO - Processing /home/airflow/.local/lib/python3.10/site-packages/airflow/example_dags/plugins/decreasing_priority_weight_strategy.py took 0.024 seconds
[2025-05-09T16:18:09.114+0000] {processor.py:161} INFO - Started process (PID=7355) to work on /home/airflow/.local/lib/python3.10/site-packages/airflow/example_dags/plugins/decreasing_priority_weight_strategy.py
[2025-05-09T16:18:09.116+0000] {processor.py:830} INFO - Processing file /home/airflow/.local/lib/python3.10/site-packages/airflow/example_dags/plugins/decreasing_priority_weight_strategy.py for tasks to queue
[2025-05-09T16:18:09.122+0000] {logging_mixin.py:188} INFO - [2025-05-09T16:18:09.121+0000] {dagbag.py:545} INFO - Filling up the DagBag from /home/airflow/.local/lib/python3.10/site-packages/airflow/example_dags/plugins/decreasing_priority_weight_strategy.py
[2025-05-09T16:18:09.125+0000] {processor.py:842} WARNING - No viable dags retrieved from /home/airflow/.local/lib/python3.10/site-packages/airflow/example_dags/plugins/decreasing_priority_weight_strategy.py
[2025-05-09T16:18:09.148+0000] {processor.py:183} INFO - Processing /home/airflow/.local/lib/python3.10/site-packages/airflow/example_dags/plugins/decreasing_priority_weight_strategy.py took 0.044 seconds
[2025-05-09T16:18:39.285+0000] {processor.py:161} INFO - Started process (PID=7630) to work on /home/airflow/.local/lib/python3.10/site-packages/airflow/example_dags/plugins/decreasing_priority_weight_strategy.py
[2025-05-09T16:18:39.286+0000] {processor.py:830} INFO - Processing file /home/airflow/.local/lib/python3.10/site-packages/airflow/example_dags/plugins/decreasing_priority_weight_strategy.py for tasks to queue
[2025-05-09T16:18:39.288+0000] {logging_mixin.py:188} INFO - [2025-05-09T16:18:39.288+0000] {dagbag.py:545} INFO - Filling up the DagBag from /home/airflow/.local/lib/python3.10/site-packages/airflow/example_dags/plugins/decreasing_priority_weight_strategy.py
[2025-05-09T16:18:39.291+0000] {processor.py:842} WARNING - No viable dags retrieved from /home/airflow/.local/lib/python3.10/site-packages/airflow/example_dags/plugins/decreasing_priority_weight_strategy.py
[2025-05-09T16:18:39.305+0000] {processor.py:183} INFO - Processing /home/airflow/.local/lib/python3.10/site-packages/airflow/example_dags/plugins/decreasing_priority_weight_strategy.py took 0.026 seconds
[2025-05-09T16:19:09.998+0000] {processor.py:161} INFO - Started process (PID=7929) to work on /home/airflow/.local/lib/python3.10/site-packages/airflow/example_dags/plugins/decreasing_priority_weight_strategy.py
[2025-05-09T16:19:10.000+0000] {processor.py:830} INFO - Processing file /home/airflow/.local/lib/python3.10/site-packages/airflow/example_dags/plugins/decreasing_priority_weight_strategy.py for tasks to queue
[2025-05-09T16:19:10.002+0000] {logging_mixin.py:188} INFO - [2025-05-09T16:19:10.001+0000] {dagbag.py:545} INFO - Filling up the DagBag from /home/airflow/.local/lib/python3.10/site-packages/airflow/example_dags/plugins/decreasing_priority_weight_strategy.py
[2025-05-09T16:19:10.005+0000] {processor.py:842} WARNING - No viable dags retrieved from /home/airflow/.local/lib/python3.10/site-packages/airflow/example_dags/plugins/decreasing_priority_weight_strategy.py
[2025-05-09T16:19:10.017+0000] {processor.py:183} INFO - Processing /home/airflow/.local/lib/python3.10/site-packages/airflow/example_dags/plugins/decreasing_priority_weight_strategy.py took 0.025 seconds
[2025-05-09T16:19:40.294+0000] {processor.py:161} INFO - Started process (PID=8193) to work on /home/airflow/.local/lib/python3.10/site-packages/airflow/example_dags/plugins/decreasing_priority_weight_strategy.py
[2025-05-09T16:19:40.295+0000] {processor.py:830} INFO - Processing file /home/airflow/.local/lib/python3.10/site-packages/airflow/example_dags/plugins/decreasing_priority_weight_strategy.py for tasks to queue
[2025-05-09T16:19:40.298+0000] {logging_mixin.py:188} INFO - [2025-05-09T16:19:40.297+0000] {dagbag.py:545} INFO - Filling up the DagBag from /home/airflow/.local/lib/python3.10/site-packages/airflow/example_dags/plugins/decreasing_priority_weight_strategy.py
[2025-05-09T16:19:40.300+0000] {processor.py:842} WARNING - No viable dags retrieved from /home/airflow/.local/lib/python3.10/site-packages/airflow/example_dags/plugins/decreasing_priority_weight_strategy.py
[2025-05-09T16:19:40.318+0000] {processor.py:183} INFO - Processing /home/airflow/.local/lib/python3.10/site-packages/airflow/example_dags/plugins/decreasing_priority_weight_strategy.py took 0.031 seconds
[2025-05-09T16:20:10.929+0000] {processor.py:161} INFO - Started process (PID=8510) to work on /home/airflow/.local/lib/python3.10/site-packages/airflow/example_dags/plugins/decreasing_priority_weight_strategy.py
[2025-05-09T16:20:10.930+0000] {processor.py:830} INFO - Processing file /home/airflow/.local/lib/python3.10/site-packages/airflow/example_dags/plugins/decreasing_priority_weight_strategy.py for tasks to queue
[2025-05-09T16:20:10.933+0000] {logging_mixin.py:188} INFO - [2025-05-09T16:20:10.932+0000] {dagbag.py:545} INFO - Filling up the DagBag from /home/airflow/.local/lib/python3.10/site-packages/airflow/example_dags/plugins/decreasing_priority_weight_strategy.py
[2025-05-09T16:20:10.935+0000] {processor.py:842} WARNING - No viable dags retrieved from /home/airflow/.local/lib/python3.10/site-packages/airflow/example_dags/plugins/decreasing_priority_weight_strategy.py
[2025-05-09T16:20:10.948+0000] {processor.py:183} INFO - Processing /home/airflow/.local/lib/python3.10/site-packages/airflow/example_dags/plugins/decreasing_priority_weight_strategy.py took 0.024 seconds
[2025-05-09T16:20:41.696+0000] {processor.py:161} INFO - Started process (PID=8774) to work on /home/airflow/.local/lib/python3.10/site-packages/airflow/example_dags/plugins/decreasing_priority_weight_strategy.py
[2025-05-09T16:20:41.698+0000] {processor.py:830} INFO - Processing file /home/airflow/.local/lib/python3.10/site-packages/airflow/example_dags/plugins/decreasing_priority_weight_strategy.py for tasks to queue
[2025-05-09T16:20:41.701+0000] {logging_mixin.py:188} INFO - [2025-05-09T16:20:41.701+0000] {dagbag.py:545} INFO - Filling up the DagBag from /home/airflow/.local/lib/python3.10/site-packages/airflow/example_dags/plugins/decreasing_priority_weight_strategy.py
[2025-05-09T16:20:41.704+0000] {processor.py:842} WARNING - No viable dags retrieved from /home/airflow/.local/lib/python3.10/site-packages/airflow/example_dags/plugins/decreasing_priority_weight_strategy.py
[2025-05-09T16:20:41.723+0000] {processor.py:183} INFO - Processing /home/airflow/.local/lib/python3.10/site-packages/airflow/example_dags/plugins/decreasing_priority_weight_strategy.py took 0.034 seconds
[2025-05-09T16:21:11.974+0000] {processor.py:161} INFO - Started process (PID=9108) to work on /home/airflow/.local/lib/python3.10/site-packages/airflow/example_dags/plugins/decreasing_priority_weight_strategy.py
[2025-05-09T16:21:11.975+0000] {processor.py:830} INFO - Processing file /home/airflow/.local/lib/python3.10/site-packages/airflow/example_dags/plugins/decreasing_priority_weight_strategy.py for tasks to queue
[2025-05-09T16:21:11.979+0000] {logging_mixin.py:188} INFO - [2025-05-09T16:21:11.978+0000] {dagbag.py:545} INFO - Filling up the DagBag from /home/airflow/.local/lib/python3.10/site-packages/airflow/example_dags/plugins/decreasing_priority_weight_strategy.py
[2025-05-09T16:21:11.981+0000] {processor.py:842} WARNING - No viable dags retrieved from /home/airflow/.local/lib/python3.10/site-packages/airflow/example_dags/plugins/decreasing_priority_weight_strategy.py
[2025-05-09T16:21:12.001+0000] {processor.py:183} INFO - Processing /home/airflow/.local/lib/python3.10/site-packages/airflow/example_dags/plugins/decreasing_priority_weight_strategy.py took 0.035 seconds
[2025-05-09T16:21:42.846+0000] {processor.py:161} INFO - Started process (PID=9406) to work on /home/airflow/.local/lib/python3.10/site-packages/airflow/example_dags/plugins/decreasing_priority_weight_strategy.py
[2025-05-09T16:21:42.848+0000] {processor.py:830} INFO - Processing file /home/airflow/.local/lib/python3.10/site-packages/airflow/example_dags/plugins/decreasing_priority_weight_strategy.py for tasks to queue
[2025-05-09T16:21:42.850+0000] {logging_mixin.py:188} INFO - [2025-05-09T16:21:42.850+0000] {dagbag.py:545} INFO - Filling up the DagBag from /home/airflow/.local/lib/python3.10/site-packages/airflow/example_dags/plugins/decreasing_priority_weight_strategy.py
[2025-05-09T16:21:42.853+0000] {processor.py:842} WARNING - No viable dags retrieved from /home/airflow/.local/lib/python3.10/site-packages/airflow/example_dags/plugins/decreasing_priority_weight_strategy.py
[2025-05-09T16:21:42.868+0000] {processor.py:183} INFO - Processing /home/airflow/.local/lib/python3.10/site-packages/airflow/example_dags/plugins/decreasing_priority_weight_strategy.py took 0.030 seconds
[2025-05-09T16:22:13.699+0000] {processor.py:161} INFO - Started process (PID=9747) to work on /home/airflow/.local/lib/python3.10/site-packages/airflow/example_dags/plugins/decreasing_priority_weight_strategy.py
[2025-05-09T16:22:13.701+0000] {processor.py:830} INFO - Processing file /home/airflow/.local/lib/python3.10/site-packages/airflow/example_dags/plugins/decreasing_priority_weight_strategy.py for tasks to queue
[2025-05-09T16:22:13.706+0000] {logging_mixin.py:188} INFO - [2025-05-09T16:22:13.704+0000] {dagbag.py:545} INFO - Filling up the DagBag from /home/airflow/.local/lib/python3.10/site-packages/airflow/example_dags/plugins/decreasing_priority_weight_strategy.py
[2025-05-09T16:22:13.710+0000] {processor.py:842} WARNING - No viable dags retrieved from /home/airflow/.local/lib/python3.10/site-packages/airflow/example_dags/plugins/decreasing_priority_weight_strategy.py
[2025-05-09T16:22:13.745+0000] {processor.py:183} INFO - Processing /home/airflow/.local/lib/python3.10/site-packages/airflow/example_dags/plugins/decreasing_priority_weight_strategy.py took 0.056 seconds
[2025-05-09T16:22:43.895+0000] {processor.py:161} INFO - Started process (PID=10009) to work on /home/airflow/.local/lib/python3.10/site-packages/airflow/example_dags/plugins/decreasing_priority_weight_strategy.py
[2025-05-09T16:22:43.898+0000] {processor.py:830} INFO - Processing file /home/airflow/.local/lib/python3.10/site-packages/airflow/example_dags/plugins/decreasing_priority_weight_strategy.py for tasks to queue
[2025-05-09T16:22:43.900+0000] {logging_mixin.py:188} INFO - [2025-05-09T16:22:43.900+0000] {dagbag.py:545} INFO - Filling up the DagBag from /home/airflow/.local/lib/python3.10/site-packages/airflow/example_dags/plugins/decreasing_priority_weight_strategy.py
[2025-05-09T16:22:43.902+0000] {processor.py:842} WARNING - No viable dags retrieved from /home/airflow/.local/lib/python3.10/site-packages/airflow/example_dags/plugins/decreasing_priority_weight_strategy.py
[2025-05-09T16:22:43.915+0000] {processor.py:183} INFO - Processing /home/airflow/.local/lib/python3.10/site-packages/airflow/example_dags/plugins/decreasing_priority_weight_strategy.py took 0.026 seconds
[2025-05-09T16:23:14.192+0000] {processor.py:161} INFO - Started process (PID=10322) to work on /home/airflow/.local/lib/python3.10/site-packages/airflow/example_dags/plugins/decreasing_priority_weight_strategy.py
[2025-05-09T16:23:14.194+0000] {processor.py:830} INFO - Processing file /home/airflow/.local/lib/python3.10/site-packages/airflow/example_dags/plugins/decreasing_priority_weight_strategy.py for tasks to queue
[2025-05-09T16:23:14.196+0000] {logging_mixin.py:188} INFO - [2025-05-09T16:23:14.196+0000] {dagbag.py:545} INFO - Filling up the DagBag from /home/airflow/.local/lib/python3.10/site-packages/airflow/example_dags/plugins/decreasing_priority_weight_strategy.py
[2025-05-09T16:23:14.198+0000] {processor.py:842} WARNING - No viable dags retrieved from /home/airflow/.local/lib/python3.10/site-packages/airflow/example_dags/plugins/decreasing_priority_weight_strategy.py
[2025-05-09T16:23:14.212+0000] {processor.py:183} INFO - Processing /home/airflow/.local/lib/python3.10/site-packages/airflow/example_dags/plugins/decreasing_priority_weight_strategy.py took 0.027 seconds
[2025-05-09T16:23:45.367+0000] {processor.py:161} INFO - Started process (PID=10584) to work on /home/airflow/.local/lib/python3.10/site-packages/airflow/example_dags/plugins/decreasing_priority_weight_strategy.py
[2025-05-09T16:23:45.368+0000] {processor.py:830} INFO - Processing file /home/airflow/.local/lib/python3.10/site-packages/airflow/example_dags/plugins/decreasing_priority_weight_strategy.py for tasks to queue
[2025-05-09T16:23:45.370+0000] {logging_mixin.py:188} INFO - [2025-05-09T16:23:45.370+0000] {dagbag.py:545} INFO - Filling up the DagBag from /home/airflow/.local/lib/python3.10/site-packages/airflow/example_dags/plugins/decreasing_priority_weight_strategy.py
[2025-05-09T16:23:45.373+0000] {processor.py:842} WARNING - No viable dags retrieved from /home/airflow/.local/lib/python3.10/site-packages/airflow/example_dags/plugins/decreasing_priority_weight_strategy.py
[2025-05-09T16:23:45.386+0000] {processor.py:183} INFO - Processing /home/airflow/.local/lib/python3.10/site-packages/airflow/example_dags/plugins/decreasing_priority_weight_strategy.py took 0.026 seconds
[2025-05-09T16:24:16.226+0000] {processor.py:161} INFO - Started process (PID=10897) to work on /home/airflow/.local/lib/python3.10/site-packages/airflow/example_dags/plugins/decreasing_priority_weight_strategy.py
[2025-05-09T16:24:16.228+0000] {processor.py:830} INFO - Processing file /home/airflow/.local/lib/python3.10/site-packages/airflow/example_dags/plugins/decreasing_priority_weight_strategy.py for tasks to queue
[2025-05-09T16:24:16.232+0000] {logging_mixin.py:188} INFO - [2025-05-09T16:24:16.231+0000] {dagbag.py:545} INFO - Filling up the DagBag from /home/airflow/.local/lib/python3.10/site-packages/airflow/example_dags/plugins/decreasing_priority_weight_strategy.py
[2025-05-09T16:24:16.236+0000] {processor.py:842} WARNING - No viable dags retrieved from /home/airflow/.local/lib/python3.10/site-packages/airflow/example_dags/plugins/decreasing_priority_weight_strategy.py
[2025-05-09T16:24:16.255+0000] {processor.py:183} INFO - Processing /home/airflow/.local/lib/python3.10/site-packages/airflow/example_dags/plugins/decreasing_priority_weight_strategy.py took 0.036 seconds
[2025-05-09T16:24:46.907+0000] {processor.py:161} INFO - Started process (PID=11174) to work on /home/airflow/.local/lib/python3.10/site-packages/airflow/example_dags/plugins/decreasing_priority_weight_strategy.py
[2025-05-09T16:24:46.909+0000] {processor.py:830} INFO - Processing file /home/airflow/.local/lib/python3.10/site-packages/airflow/example_dags/plugins/decreasing_priority_weight_strategy.py for tasks to queue
[2025-05-09T16:24:46.913+0000] {logging_mixin.py:188} INFO - [2025-05-09T16:24:46.912+0000] {dagbag.py:545} INFO - Filling up the DagBag from /home/airflow/.local/lib/python3.10/site-packages/airflow/example_dags/plugins/decreasing_priority_weight_strategy.py
[2025-05-09T16:24:46.917+0000] {processor.py:842} WARNING - No viable dags retrieved from /home/airflow/.local/lib/python3.10/site-packages/airflow/example_dags/plugins/decreasing_priority_weight_strategy.py
[2025-05-09T16:24:46.947+0000] {processor.py:183} INFO - Processing /home/airflow/.local/lib/python3.10/site-packages/airflow/example_dags/plugins/decreasing_priority_weight_strategy.py took 0.051 seconds
[2025-05-09T16:25:17.704+0000] {processor.py:161} INFO - Started process (PID=11526) to work on /home/airflow/.local/lib/python3.10/site-packages/airflow/example_dags/plugins/decreasing_priority_weight_strategy.py
[2025-05-09T16:25:17.706+0000] {processor.py:830} INFO - Processing file /home/airflow/.local/lib/python3.10/site-packages/airflow/example_dags/plugins/decreasing_priority_weight_strategy.py for tasks to queue
[2025-05-09T16:25:17.708+0000] {logging_mixin.py:188} INFO - [2025-05-09T16:25:17.708+0000] {dagbag.py:545} INFO - Filling up the DagBag from /home/airflow/.local/lib/python3.10/site-packages/airflow/example_dags/plugins/decreasing_priority_weight_strategy.py
[2025-05-09T16:25:17.711+0000] {processor.py:842} WARNING - No viable dags retrieved from /home/airflow/.local/lib/python3.10/site-packages/airflow/example_dags/plugins/decreasing_priority_weight_strategy.py
[2025-05-09T16:25:17.727+0000] {processor.py:183} INFO - Processing /home/airflow/.local/lib/python3.10/site-packages/airflow/example_dags/plugins/decreasing_priority_weight_strategy.py took 0.028 seconds
[2025-05-09T16:25:49.083+0000] {processor.py:161} INFO - Started process (PID=11806) to work on /home/airflow/.local/lib/python3.10/site-packages/airflow/example_dags/plugins/decreasing_priority_weight_strategy.py
[2025-05-09T16:25:49.086+0000] {processor.py:830} INFO - Processing file /home/airflow/.local/lib/python3.10/site-packages/airflow/example_dags/plugins/decreasing_priority_weight_strategy.py for tasks to queue
[2025-05-09T16:25:49.089+0000] {logging_mixin.py:188} INFO - [2025-05-09T16:25:49.088+0000] {dagbag.py:545} INFO - Filling up the DagBag from /home/airflow/.local/lib/python3.10/site-packages/airflow/example_dags/plugins/decreasing_priority_weight_strategy.py
[2025-05-09T16:25:49.092+0000] {processor.py:842} WARNING - No viable dags retrieved from /home/airflow/.local/lib/python3.10/site-packages/airflow/example_dags/plugins/decreasing_priority_weight_strategy.py
[2025-05-09T16:25:49.108+0000] {processor.py:183} INFO - Processing /home/airflow/.local/lib/python3.10/site-packages/airflow/example_dags/plugins/decreasing_priority_weight_strategy.py took 0.032 seconds
[2025-05-09T16:26:19.721+0000] {processor.py:161} INFO - Started process (PID=12130) to work on /home/airflow/.local/lib/python3.10/site-packages/airflow/example_dags/plugins/decreasing_priority_weight_strategy.py
[2025-05-09T16:26:19.723+0000] {processor.py:830} INFO - Processing file /home/airflow/.local/lib/python3.10/site-packages/airflow/example_dags/plugins/decreasing_priority_weight_strategy.py for tasks to queue
[2025-05-09T16:26:19.727+0000] {logging_mixin.py:188} INFO - [2025-05-09T16:26:19.727+0000] {dagbag.py:545} INFO - Filling up the DagBag from /home/airflow/.local/lib/python3.10/site-packages/airflow/example_dags/plugins/decreasing_priority_weight_strategy.py
[2025-05-09T16:26:19.730+0000] {processor.py:842} WARNING - No viable dags retrieved from /home/airflow/.local/lib/python3.10/site-packages/airflow/example_dags/plugins/decreasing_priority_weight_strategy.py
[2025-05-09T16:26:19.765+0000] {processor.py:183} INFO - Processing /home/airflow/.local/lib/python3.10/site-packages/airflow/example_dags/plugins/decreasing_priority_weight_strategy.py took 0.054 seconds
[2025-05-09T16:26:50.667+0000] {processor.py:161} INFO - Started process (PID=12402) to work on /home/airflow/.local/lib/python3.10/site-packages/airflow/example_dags/plugins/decreasing_priority_weight_strategy.py
[2025-05-09T16:26:50.669+0000] {processor.py:830} INFO - Processing file /home/airflow/.local/lib/python3.10/site-packages/airflow/example_dags/plugins/decreasing_priority_weight_strategy.py for tasks to queue
[2025-05-09T16:26:50.673+0000] {logging_mixin.py:188} INFO - [2025-05-09T16:26:50.672+0000] {dagbag.py:545} INFO - Filling up the DagBag from /home/airflow/.local/lib/python3.10/site-packages/airflow/example_dags/plugins/decreasing_priority_weight_strategy.py
[2025-05-09T16:26:50.676+0000] {processor.py:842} WARNING - No viable dags retrieved from /home/airflow/.local/lib/python3.10/site-packages/airflow/example_dags/plugins/decreasing_priority_weight_strategy.py
[2025-05-09T16:26:50.706+0000] {processor.py:183} INFO - Processing /home/airflow/.local/lib/python3.10/site-packages/airflow/example_dags/plugins/decreasing_priority_weight_strategy.py took 0.044 seconds
[2025-05-09T16:27:21.458+0000] {processor.py:161} INFO - Started process (PID=12721) to work on /home/airflow/.local/lib/python3.10/site-packages/airflow/example_dags/plugins/decreasing_priority_weight_strategy.py
[2025-05-09T16:27:21.459+0000] {processor.py:830} INFO - Processing file /home/airflow/.local/lib/python3.10/site-packages/airflow/example_dags/plugins/decreasing_priority_weight_strategy.py for tasks to queue
[2025-05-09T16:27:21.462+0000] {logging_mixin.py:188} INFO - [2025-05-09T16:27:21.461+0000] {dagbag.py:545} INFO - Filling up the DagBag from /home/airflow/.local/lib/python3.10/site-packages/airflow/example_dags/plugins/decreasing_priority_weight_strategy.py
[2025-05-09T16:27:21.466+0000] {processor.py:842} WARNING - No viable dags retrieved from /home/airflow/.local/lib/python3.10/site-packages/airflow/example_dags/plugins/decreasing_priority_weight_strategy.py
[2025-05-09T16:27:21.484+0000] {processor.py:183} INFO - Processing /home/airflow/.local/lib/python3.10/site-packages/airflow/example_dags/plugins/decreasing_priority_weight_strategy.py took 0.033 seconds
[2025-05-09T16:27:51.769+0000] {processor.py:161} INFO - Started process (PID=12977) to work on /home/airflow/.local/lib/python3.10/site-packages/airflow/example_dags/plugins/decreasing_priority_weight_strategy.py
[2025-05-09T16:27:51.771+0000] {processor.py:830} INFO - Processing file /home/airflow/.local/lib/python3.10/site-packages/airflow/example_dags/plugins/decreasing_priority_weight_strategy.py for tasks to queue
[2025-05-09T16:27:51.774+0000] {logging_mixin.py:188} INFO - [2025-05-09T16:27:51.773+0000] {dagbag.py:545} INFO - Filling up the DagBag from /home/airflow/.local/lib/python3.10/site-packages/airflow/example_dags/plugins/decreasing_priority_weight_strategy.py
[2025-05-09T16:27:51.777+0000] {processor.py:842} WARNING - No viable dags retrieved from /home/airflow/.local/lib/python3.10/site-packages/airflow/example_dags/plugins/decreasing_priority_weight_strategy.py
[2025-05-09T16:27:51.793+0000] {processor.py:183} INFO - Processing /home/airflow/.local/lib/python3.10/site-packages/airflow/example_dags/plugins/decreasing_priority_weight_strategy.py took 0.031 seconds
[2025-05-09T16:28:22.239+0000] {processor.py:161} INFO - Started process (PID=13275) to work on /home/airflow/.local/lib/python3.10/site-packages/airflow/example_dags/plugins/decreasing_priority_weight_strategy.py
[2025-05-09T16:28:22.241+0000] {processor.py:830} INFO - Processing file /home/airflow/.local/lib/python3.10/site-packages/airflow/example_dags/plugins/decreasing_priority_weight_strategy.py for tasks to queue
[2025-05-09T16:28:22.243+0000] {logging_mixin.py:188} INFO - [2025-05-09T16:28:22.243+0000] {dagbag.py:545} INFO - Filling up the DagBag from /home/airflow/.local/lib/python3.10/site-packages/airflow/example_dags/plugins/decreasing_priority_weight_strategy.py
[2025-05-09T16:28:22.245+0000] {processor.py:842} WARNING - No viable dags retrieved from /home/airflow/.local/lib/python3.10/site-packages/airflow/example_dags/plugins/decreasing_priority_weight_strategy.py
[2025-05-09T16:28:22.266+0000] {processor.py:183} INFO - Processing /home/airflow/.local/lib/python3.10/site-packages/airflow/example_dags/plugins/decreasing_priority_weight_strategy.py took 0.033 seconds
[2025-05-09T16:28:52.978+0000] {processor.py:161} INFO - Started process (PID=13537) to work on /home/airflow/.local/lib/python3.10/site-packages/airflow/example_dags/plugins/decreasing_priority_weight_strategy.py
[2025-05-09T16:28:52.980+0000] {processor.py:830} INFO - Processing file /home/airflow/.local/lib/python3.10/site-packages/airflow/example_dags/plugins/decreasing_priority_weight_strategy.py for tasks to queue
[2025-05-09T16:28:52.982+0000] {logging_mixin.py:188} INFO - [2025-05-09T16:28:52.982+0000] {dagbag.py:545} INFO - Filling up the DagBag from /home/airflow/.local/lib/python3.10/site-packages/airflow/example_dags/plugins/decreasing_priority_weight_strategy.py
[2025-05-09T16:28:52.985+0000] {processor.py:842} WARNING - No viable dags retrieved from /home/airflow/.local/lib/python3.10/site-packages/airflow/example_dags/plugins/decreasing_priority_weight_strategy.py
[2025-05-09T16:28:53.004+0000] {processor.py:183} INFO - Processing /home/airflow/.local/lib/python3.10/site-packages/airflow/example_dags/plugins/decreasing_priority_weight_strategy.py took 0.032 seconds
[2025-05-09T16:29:23.460+0000] {processor.py:161} INFO - Started process (PID=13874) to work on /home/airflow/.local/lib/python3.10/site-packages/airflow/example_dags/plugins/decreasing_priority_weight_strategy.py
[2025-05-09T16:29:23.462+0000] {processor.py:830} INFO - Processing file /home/airflow/.local/lib/python3.10/site-packages/airflow/example_dags/plugins/decreasing_priority_weight_strategy.py for tasks to queue
[2025-05-09T16:29:23.466+0000] {logging_mixin.py:188} INFO - [2025-05-09T16:29:23.465+0000] {dagbag.py:545} INFO - Filling up the DagBag from /home/airflow/.local/lib/python3.10/site-packages/airflow/example_dags/plugins/decreasing_priority_weight_strategy.py
[2025-05-09T16:29:23.470+0000] {processor.py:842} WARNING - No viable dags retrieved from /home/airflow/.local/lib/python3.10/site-packages/airflow/example_dags/plugins/decreasing_priority_weight_strategy.py
[2025-05-09T16:29:23.503+0000] {processor.py:183} INFO - Processing /home/airflow/.local/lib/python3.10/site-packages/airflow/example_dags/plugins/decreasing_priority_weight_strategy.py took 0.056 seconds
[2025-05-09T16:29:54.499+0000] {processor.py:161} INFO - Started process (PID=14153) to work on /home/airflow/.local/lib/python3.10/site-packages/airflow/example_dags/plugins/decreasing_priority_weight_strategy.py
[2025-05-09T16:29:54.501+0000] {processor.py:830} INFO - Processing file /home/airflow/.local/lib/python3.10/site-packages/airflow/example_dags/plugins/decreasing_priority_weight_strategy.py for tasks to queue
[2025-05-09T16:29:54.503+0000] {logging_mixin.py:188} INFO - [2025-05-09T16:29:54.503+0000] {dagbag.py:545} INFO - Filling up the DagBag from /home/airflow/.local/lib/python3.10/site-packages/airflow/example_dags/plugins/decreasing_priority_weight_strategy.py
[2025-05-09T16:29:54.505+0000] {processor.py:842} WARNING - No viable dags retrieved from /home/airflow/.local/lib/python3.10/site-packages/airflow/example_dags/plugins/decreasing_priority_weight_strategy.py
[2025-05-09T16:29:54.520+0000] {processor.py:183} INFO - Processing /home/airflow/.local/lib/python3.10/site-packages/airflow/example_dags/plugins/decreasing_priority_weight_strategy.py took 0.027 seconds
[2025-05-09T16:30:25.106+0000] {processor.py:161} INFO - Started process (PID=14451) to work on /home/airflow/.local/lib/python3.10/site-packages/airflow/example_dags/plugins/decreasing_priority_weight_strategy.py
[2025-05-09T16:30:25.108+0000] {processor.py:830} INFO - Processing file /home/airflow/.local/lib/python3.10/site-packages/airflow/example_dags/plugins/decreasing_priority_weight_strategy.py for tasks to queue
[2025-05-09T16:30:25.110+0000] {logging_mixin.py:188} INFO - [2025-05-09T16:30:25.109+0000] {dagbag.py:545} INFO - Filling up the DagBag from /home/airflow/.local/lib/python3.10/site-packages/airflow/example_dags/plugins/decreasing_priority_weight_strategy.py
[2025-05-09T16:30:25.112+0000] {processor.py:842} WARNING - No viable dags retrieved from /home/airflow/.local/lib/python3.10/site-packages/airflow/example_dags/plugins/decreasing_priority_weight_strategy.py
[2025-05-09T16:30:25.125+0000] {processor.py:183} INFO - Processing /home/airflow/.local/lib/python3.10/site-packages/airflow/example_dags/plugins/decreasing_priority_weight_strategy.py took 0.025 seconds
[2025-05-09T16:30:55.622+0000] {processor.py:161} INFO - Started process (PID=14713) to work on /home/airflow/.local/lib/python3.10/site-packages/airflow/example_dags/plugins/decreasing_priority_weight_strategy.py
[2025-05-09T16:30:55.623+0000] {processor.py:830} INFO - Processing file /home/airflow/.local/lib/python3.10/site-packages/airflow/example_dags/plugins/decreasing_priority_weight_strategy.py for tasks to queue
[2025-05-09T16:30:55.625+0000] {logging_mixin.py:188} INFO - [2025-05-09T16:30:55.625+0000] {dagbag.py:545} INFO - Filling up the DagBag from /home/airflow/.local/lib/python3.10/site-packages/airflow/example_dags/plugins/decreasing_priority_weight_strategy.py
[2025-05-09T16:30:55.629+0000] {processor.py:842} WARNING - No viable dags retrieved from /home/airflow/.local/lib/python3.10/site-packages/airflow/example_dags/plugins/decreasing_priority_weight_strategy.py
[2025-05-09T16:30:55.643+0000] {processor.py:183} INFO - Processing /home/airflow/.local/lib/python3.10/site-packages/airflow/example_dags/plugins/decreasing_priority_weight_strategy.py took 0.028 seconds
