[2025-05-09T12:10:20.467+0000] {processor.py:161} INFO - Started process (PID=246) to work on /home/airflow/.local/lib/python3.10/site-packages/airflow/example_dags/example_short_circuit_operator.py
[2025-05-09T12:10:20.469+0000] {processor.py:830} INFO - Processing file /home/airflow/.local/lib/python3.10/site-packages/airflow/example_dags/example_short_circuit_operator.py for tasks to queue
[2025-05-09T12:10:20.472+0000] {logging_mixin.py:188} INFO - [2025-05-09T12:10:20.471+0000] {dagbag.py:545} INFO - Filling up the DagBag from /home/airflow/.local/lib/python3.10/site-packages/airflow/example_dags/example_short_circuit_operator.py
[2025-05-09T12:10:20.481+0000] {processor.py:840} INFO - DAG(s) 'example_short_circuit_operator' retrieved from /home/airflow/.local/lib/python3.10/site-packages/airflow/example_dags/example_short_circuit_operator.py
[2025-05-09T12:10:20.497+0000] {logging_mixin.py:188} INFO - [2025-05-09T12:10:20.496+0000] {dag.py:3096} INFO - Sync 1 DAGs
[2025-05-09T12:10:20.539+0000] {logging_mixin.py:188} INFO - [2025-05-09T12:10:20.539+0000] {dag.py:3954} INFO - Setting next_dagrun for example_short_circuit_operator to 2025-05-08 00:00:00+00:00, run_after=2025-05-09 00:00:00+00:00
[2025-05-09T12:10:20.572+0000] {processor.py:183} INFO - Processing /home/airflow/.local/lib/python3.10/site-packages/airflow/example_dags/example_short_circuit_operator.py took 0.112 seconds
[2025-05-09T12:10:51.329+0000] {processor.py:161} INFO - Started process (PID=504) to work on /home/airflow/.local/lib/python3.10/site-packages/airflow/example_dags/example_short_circuit_operator.py
[2025-05-09T12:10:51.330+0000] {processor.py:830} INFO - Processing file /home/airflow/.local/lib/python3.10/site-packages/airflow/example_dags/example_short_circuit_operator.py for tasks to queue
[2025-05-09T12:10:51.332+0000] {logging_mixin.py:188} INFO - [2025-05-09T12:10:51.332+0000] {dagbag.py:545} INFO - Filling up the DagBag from /home/airflow/.local/lib/python3.10/site-packages/airflow/example_dags/example_short_circuit_operator.py
[2025-05-09T12:10:51.341+0000] {processor.py:840} INFO - DAG(s) 'example_short_circuit_operator' retrieved from /home/airflow/.local/lib/python3.10/site-packages/airflow/example_dags/example_short_circuit_operator.py
[2025-05-09T12:10:51.506+0000] {logging_mixin.py:188} INFO - [2025-05-09T12:10:51.505+0000] {dag.py:3096} INFO - Sync 1 DAGs
[2025-05-09T12:10:51.529+0000] {logging_mixin.py:188} INFO - [2025-05-09T12:10:51.529+0000] {dag.py:3954} INFO - Setting next_dagrun for example_short_circuit_operator to 2025-05-08 00:00:00+00:00, run_after=2025-05-09 00:00:00+00:00
[2025-05-09T12:10:51.562+0000] {processor.py:183} INFO - Processing /home/airflow/.local/lib/python3.10/site-packages/airflow/example_dags/example_short_circuit_operator.py took 0.241 seconds
[2025-05-09T12:11:22.369+0000] {processor.py:161} INFO - Started process (PID=758) to work on /home/airflow/.local/lib/python3.10/site-packages/airflow/example_dags/example_short_circuit_operator.py
[2025-05-09T12:11:22.370+0000] {processor.py:830} INFO - Processing file /home/airflow/.local/lib/python3.10/site-packages/airflow/example_dags/example_short_circuit_operator.py for tasks to queue
[2025-05-09T12:11:22.373+0000] {logging_mixin.py:188} INFO - [2025-05-09T12:11:22.373+0000] {dagbag.py:545} INFO - Filling up the DagBag from /home/airflow/.local/lib/python3.10/site-packages/airflow/example_dags/example_short_circuit_operator.py
[2025-05-09T12:11:22.383+0000] {processor.py:840} INFO - DAG(s) 'example_short_circuit_operator' retrieved from /home/airflow/.local/lib/python3.10/site-packages/airflow/example_dags/example_short_circuit_operator.py
[2025-05-09T12:11:22.410+0000] {logging_mixin.py:188} INFO - [2025-05-09T12:11:22.409+0000] {dag.py:3096} INFO - Sync 1 DAGs
[2025-05-09T12:11:22.447+0000] {logging_mixin.py:188} INFO - [2025-05-09T12:11:22.446+0000] {dag.py:3954} INFO - Setting next_dagrun for example_short_circuit_operator to 2025-05-08 00:00:00+00:00, run_after=2025-05-09 00:00:00+00:00
[2025-05-09T12:11:22.526+0000] {processor.py:183} INFO - Processing /home/airflow/.local/lib/python3.10/site-packages/airflow/example_dags/example_short_circuit_operator.py took 0.166 seconds
[2025-05-09T12:11:52.568+0000] {processor.py:161} INFO - Started process (PID=1014) to work on /home/airflow/.local/lib/python3.10/site-packages/airflow/example_dags/example_short_circuit_operator.py
[2025-05-09T12:11:52.572+0000] {processor.py:830} INFO - Processing file /home/airflow/.local/lib/python3.10/site-packages/airflow/example_dags/example_short_circuit_operator.py for tasks to queue
[2025-05-09T12:11:52.574+0000] {logging_mixin.py:188} INFO - [2025-05-09T12:11:52.573+0000] {dagbag.py:545} INFO - Filling up the DagBag from /home/airflow/.local/lib/python3.10/site-packages/airflow/example_dags/example_short_circuit_operator.py
[2025-05-09T12:11:52.582+0000] {processor.py:840} INFO - DAG(s) 'example_short_circuit_operator' retrieved from /home/airflow/.local/lib/python3.10/site-packages/airflow/example_dags/example_short_circuit_operator.py
[2025-05-09T12:11:52.615+0000] {logging_mixin.py:188} INFO - [2025-05-09T12:11:52.615+0000] {dag.py:3096} INFO - Sync 1 DAGs
[2025-05-09T12:11:52.647+0000] {logging_mixin.py:188} INFO - [2025-05-09T12:11:52.647+0000] {dag.py:3954} INFO - Setting next_dagrun for example_short_circuit_operator to 2025-05-08 00:00:00+00:00, run_after=2025-05-09 00:00:00+00:00
[2025-05-09T12:11:52.674+0000] {processor.py:183} INFO - Processing /home/airflow/.local/lib/python3.10/site-packages/airflow/example_dags/example_short_circuit_operator.py took 0.113 seconds
[2025-05-09T12:12:23.146+0000] {processor.py:161} INFO - Started process (PID=1272) to work on /home/airflow/.local/lib/python3.10/site-packages/airflow/example_dags/example_short_circuit_operator.py
[2025-05-09T12:12:23.148+0000] {processor.py:830} INFO - Processing file /home/airflow/.local/lib/python3.10/site-packages/airflow/example_dags/example_short_circuit_operator.py for tasks to queue
[2025-05-09T12:12:23.150+0000] {logging_mixin.py:188} INFO - [2025-05-09T12:12:23.149+0000] {dagbag.py:545} INFO - Filling up the DagBag from /home/airflow/.local/lib/python3.10/site-packages/airflow/example_dags/example_short_circuit_operator.py
[2025-05-09T12:12:23.160+0000] {processor.py:840} INFO - DAG(s) 'example_short_circuit_operator' retrieved from /home/airflow/.local/lib/python3.10/site-packages/airflow/example_dags/example_short_circuit_operator.py
[2025-05-09T12:12:23.190+0000] {logging_mixin.py:188} INFO - [2025-05-09T12:12:23.190+0000] {dag.py:3096} INFO - Sync 1 DAGs
[2025-05-09T12:12:23.216+0000] {logging_mixin.py:188} INFO - [2025-05-09T12:12:23.215+0000] {dag.py:3954} INFO - Setting next_dagrun for example_short_circuit_operator to 2025-05-08 00:00:00+00:00, run_after=2025-05-09 00:00:00+00:00
[2025-05-09T12:12:23.249+0000] {processor.py:183} INFO - Processing /home/airflow/.local/lib/python3.10/site-packages/airflow/example_dags/example_short_circuit_operator.py took 0.109 seconds
[2025-05-09T12:12:53.462+0000] {processor.py:161} INFO - Started process (PID=1528) to work on /home/airflow/.local/lib/python3.10/site-packages/airflow/example_dags/example_short_circuit_operator.py
[2025-05-09T12:12:53.464+0000] {processor.py:830} INFO - Processing file /home/airflow/.local/lib/python3.10/site-packages/airflow/example_dags/example_short_circuit_operator.py for tasks to queue
[2025-05-09T12:12:53.466+0000] {logging_mixin.py:188} INFO - [2025-05-09T12:12:53.466+0000] {dagbag.py:545} INFO - Filling up the DagBag from /home/airflow/.local/lib/python3.10/site-packages/airflow/example_dags/example_short_circuit_operator.py
[2025-05-09T12:12:53.476+0000] {processor.py:840} INFO - DAG(s) 'example_short_circuit_operator' retrieved from /home/airflow/.local/lib/python3.10/site-packages/airflow/example_dags/example_short_circuit_operator.py
[2025-05-09T12:12:53.505+0000] {logging_mixin.py:188} INFO - [2025-05-09T12:12:53.504+0000] {dag.py:3096} INFO - Sync 1 DAGs
[2025-05-09T12:12:53.531+0000] {logging_mixin.py:188} INFO - [2025-05-09T12:12:53.530+0000] {dag.py:3954} INFO - Setting next_dagrun for example_short_circuit_operator to 2025-05-08 00:00:00+00:00, run_after=2025-05-09 00:00:00+00:00
[2025-05-09T12:12:53.567+0000] {processor.py:183} INFO - Processing /home/airflow/.local/lib/python3.10/site-packages/airflow/example_dags/example_short_circuit_operator.py took 0.111 seconds
[2025-05-09T12:13:23.695+0000] {processor.py:161} INFO - Started process (PID=1784) to work on /home/airflow/.local/lib/python3.10/site-packages/airflow/example_dags/example_short_circuit_operator.py
[2025-05-09T12:13:23.696+0000] {processor.py:830} INFO - Processing file /home/airflow/.local/lib/python3.10/site-packages/airflow/example_dags/example_short_circuit_operator.py for tasks to queue
[2025-05-09T12:13:23.699+0000] {logging_mixin.py:188} INFO - [2025-05-09T12:13:23.698+0000] {dagbag.py:545} INFO - Filling up the DagBag from /home/airflow/.local/lib/python3.10/site-packages/airflow/example_dags/example_short_circuit_operator.py
[2025-05-09T12:13:23.707+0000] {processor.py:840} INFO - DAG(s) 'example_short_circuit_operator' retrieved from /home/airflow/.local/lib/python3.10/site-packages/airflow/example_dags/example_short_circuit_operator.py
[2025-05-09T12:13:23.737+0000] {logging_mixin.py:188} INFO - [2025-05-09T12:13:23.737+0000] {dag.py:3096} INFO - Sync 1 DAGs
[2025-05-09T12:13:23.767+0000] {logging_mixin.py:188} INFO - [2025-05-09T12:13:23.766+0000] {dag.py:3954} INFO - Setting next_dagrun for example_short_circuit_operator to 2025-05-08 00:00:00+00:00, run_after=2025-05-09 00:00:00+00:00
[2025-05-09T12:13:23.807+0000] {processor.py:183} INFO - Processing /home/airflow/.local/lib/python3.10/site-packages/airflow/example_dags/example_short_circuit_operator.py took 0.119 seconds
[2025-05-09T12:13:54.214+0000] {processor.py:161} INFO - Started process (PID=2040) to work on /home/airflow/.local/lib/python3.10/site-packages/airflow/example_dags/example_short_circuit_operator.py
[2025-05-09T12:13:54.215+0000] {processor.py:830} INFO - Processing file /home/airflow/.local/lib/python3.10/site-packages/airflow/example_dags/example_short_circuit_operator.py for tasks to queue
[2025-05-09T12:13:54.217+0000] {logging_mixin.py:188} INFO - [2025-05-09T12:13:54.217+0000] {dagbag.py:545} INFO - Filling up the DagBag from /home/airflow/.local/lib/python3.10/site-packages/airflow/example_dags/example_short_circuit_operator.py
[2025-05-09T12:13:54.225+0000] {processor.py:840} INFO - DAG(s) 'example_short_circuit_operator' retrieved from /home/airflow/.local/lib/python3.10/site-packages/airflow/example_dags/example_short_circuit_operator.py
[2025-05-09T12:13:54.255+0000] {logging_mixin.py:188} INFO - [2025-05-09T12:13:54.255+0000] {dag.py:3096} INFO - Sync 1 DAGs
[2025-05-09T12:13:54.280+0000] {logging_mixin.py:188} INFO - [2025-05-09T12:13:54.280+0000] {dag.py:3954} INFO - Setting next_dagrun for example_short_circuit_operator to 2025-05-08 00:00:00+00:00, run_after=2025-05-09 00:00:00+00:00
[2025-05-09T12:13:54.304+0000] {processor.py:183} INFO - Processing /home/airflow/.local/lib/python3.10/site-packages/airflow/example_dags/example_short_circuit_operator.py took 0.097 seconds
[2025-05-09T12:14:24.759+0000] {processor.py:161} INFO - Started process (PID=2296) to work on /home/airflow/.local/lib/python3.10/site-packages/airflow/example_dags/example_short_circuit_operator.py
[2025-05-09T12:14:24.762+0000] {processor.py:830} INFO - Processing file /home/airflow/.local/lib/python3.10/site-packages/airflow/example_dags/example_short_circuit_operator.py for tasks to queue
[2025-05-09T12:14:24.764+0000] {logging_mixin.py:188} INFO - [2025-05-09T12:14:24.763+0000] {dagbag.py:545} INFO - Filling up the DagBag from /home/airflow/.local/lib/python3.10/site-packages/airflow/example_dags/example_short_circuit_operator.py
[2025-05-09T12:14:24.773+0000] {processor.py:840} INFO - DAG(s) 'example_short_circuit_operator' retrieved from /home/airflow/.local/lib/python3.10/site-packages/airflow/example_dags/example_short_circuit_operator.py
[2025-05-09T12:14:24.806+0000] {logging_mixin.py:188} INFO - [2025-05-09T12:14:24.805+0000] {dag.py:3096} INFO - Sync 1 DAGs
[2025-05-09T12:14:24.832+0000] {logging_mixin.py:188} INFO - [2025-05-09T12:14:24.832+0000] {dag.py:3954} INFO - Setting next_dagrun for example_short_circuit_operator to 2025-05-08 00:00:00+00:00, run_after=2025-05-09 00:00:00+00:00
[2025-05-09T12:14:24.865+0000] {processor.py:183} INFO - Processing /home/airflow/.local/lib/python3.10/site-packages/airflow/example_dags/example_short_circuit_operator.py took 0.116 seconds
[2025-05-09T12:14:55.125+0000] {processor.py:161} INFO - Started process (PID=2552) to work on /home/airflow/.local/lib/python3.10/site-packages/airflow/example_dags/example_short_circuit_operator.py
[2025-05-09T12:14:55.127+0000] {processor.py:830} INFO - Processing file /home/airflow/.local/lib/python3.10/site-packages/airflow/example_dags/example_short_circuit_operator.py for tasks to queue
[2025-05-09T12:14:55.128+0000] {logging_mixin.py:188} INFO - [2025-05-09T12:14:55.128+0000] {dagbag.py:545} INFO - Filling up the DagBag from /home/airflow/.local/lib/python3.10/site-packages/airflow/example_dags/example_short_circuit_operator.py
[2025-05-09T12:14:55.138+0000] {processor.py:840} INFO - DAG(s) 'example_short_circuit_operator' retrieved from /home/airflow/.local/lib/python3.10/site-packages/airflow/example_dags/example_short_circuit_operator.py
[2025-05-09T12:14:55.163+0000] {logging_mixin.py:188} INFO - [2025-05-09T12:14:55.163+0000] {dag.py:3096} INFO - Sync 1 DAGs
[2025-05-09T12:14:55.187+0000] {logging_mixin.py:188} INFO - [2025-05-09T12:14:55.187+0000] {dag.py:3954} INFO - Setting next_dagrun for example_short_circuit_operator to 2025-05-08 00:00:00+00:00, run_after=2025-05-09 00:00:00+00:00
[2025-05-09T12:14:55.209+0000] {processor.py:183} INFO - Processing /home/airflow/.local/lib/python3.10/site-packages/airflow/example_dags/example_short_circuit_operator.py took 0.091 seconds
[2025-05-09T12:15:25.380+0000] {processor.py:161} INFO - Started process (PID=2812) to work on /home/airflow/.local/lib/python3.10/site-packages/airflow/example_dags/example_short_circuit_operator.py
[2025-05-09T12:15:25.381+0000] {processor.py:830} INFO - Processing file /home/airflow/.local/lib/python3.10/site-packages/airflow/example_dags/example_short_circuit_operator.py for tasks to queue
[2025-05-09T12:15:25.384+0000] {logging_mixin.py:188} INFO - [2025-05-09T12:15:25.384+0000] {dagbag.py:545} INFO - Filling up the DagBag from /home/airflow/.local/lib/python3.10/site-packages/airflow/example_dags/example_short_circuit_operator.py
[2025-05-09T12:15:25.395+0000] {processor.py:840} INFO - DAG(s) 'example_short_circuit_operator' retrieved from /home/airflow/.local/lib/python3.10/site-packages/airflow/example_dags/example_short_circuit_operator.py
[2025-05-09T12:15:25.429+0000] {logging_mixin.py:188} INFO - [2025-05-09T12:15:25.428+0000] {dag.py:3096} INFO - Sync 1 DAGs
[2025-05-09T12:15:25.459+0000] {logging_mixin.py:188} INFO - [2025-05-09T12:15:25.459+0000] {dag.py:3954} INFO - Setting next_dagrun for example_short_circuit_operator to 2025-05-08 00:00:00+00:00, run_after=2025-05-09 00:00:00+00:00
[2025-05-09T12:15:25.488+0000] {processor.py:183} INFO - Processing /home/airflow/.local/lib/python3.10/site-packages/airflow/example_dags/example_short_circuit_operator.py took 0.116 seconds
[2025-05-09T12:43:52.818+0000] {processor.py:161} INFO - Started process (PID=254) to work on /home/airflow/.local/lib/python3.10/site-packages/airflow/example_dags/example_short_circuit_operator.py
[2025-05-09T12:43:52.819+0000] {processor.py:830} INFO - Processing file /home/airflow/.local/lib/python3.10/site-packages/airflow/example_dags/example_short_circuit_operator.py for tasks to queue
[2025-05-09T12:43:52.822+0000] {logging_mixin.py:188} INFO - [2025-05-09T12:43:52.821+0000] {dagbag.py:545} INFO - Filling up the DagBag from /home/airflow/.local/lib/python3.10/site-packages/airflow/example_dags/example_short_circuit_operator.py
[2025-05-09T12:43:52.830+0000] {processor.py:840} INFO - DAG(s) 'example_short_circuit_operator' retrieved from /home/airflow/.local/lib/python3.10/site-packages/airflow/example_dags/example_short_circuit_operator.py
[2025-05-09T12:43:52.846+0000] {logging_mixin.py:188} INFO - [2025-05-09T12:43:52.846+0000] {dag.py:3096} INFO - Sync 1 DAGs
[2025-05-09T12:43:52.871+0000] {logging_mixin.py:188} INFO - [2025-05-09T12:43:52.871+0000] {dag.py:3954} INFO - Setting next_dagrun for example_short_circuit_operator to 2025-05-08 00:00:00+00:00, run_after=2025-05-09 00:00:00+00:00
[2025-05-09T12:43:52.894+0000] {processor.py:183} INFO - Processing /home/airflow/.local/lib/python3.10/site-packages/airflow/example_dags/example_short_circuit_operator.py took 0.084 seconds
[2025-05-09T12:44:24.012+0000] {processor.py:161} INFO - Started process (PID=514) to work on /home/airflow/.local/lib/python3.10/site-packages/airflow/example_dags/example_short_circuit_operator.py
[2025-05-09T12:44:24.014+0000] {processor.py:830} INFO - Processing file /home/airflow/.local/lib/python3.10/site-packages/airflow/example_dags/example_short_circuit_operator.py for tasks to queue
[2025-05-09T12:44:24.017+0000] {logging_mixin.py:188} INFO - [2025-05-09T12:44:24.016+0000] {dagbag.py:545} INFO - Filling up the DagBag from /home/airflow/.local/lib/python3.10/site-packages/airflow/example_dags/example_short_circuit_operator.py
[2025-05-09T12:44:24.030+0000] {processor.py:840} INFO - DAG(s) 'example_short_circuit_operator' retrieved from /home/airflow/.local/lib/python3.10/site-packages/airflow/example_dags/example_short_circuit_operator.py
[2025-05-09T12:44:24.186+0000] {logging_mixin.py:188} INFO - [2025-05-09T12:44:24.186+0000] {dag.py:3096} INFO - Sync 1 DAGs
[2025-05-09T12:44:24.229+0000] {logging_mixin.py:188} INFO - [2025-05-09T12:44:24.229+0000] {dag.py:3954} INFO - Setting next_dagrun for example_short_circuit_operator to 2025-05-08 00:00:00+00:00, run_after=2025-05-09 00:00:00+00:00
[2025-05-09T12:44:24.300+0000] {processor.py:183} INFO - Processing /home/airflow/.local/lib/python3.10/site-packages/airflow/example_dags/example_short_circuit_operator.py took 0.296 seconds
[2025-05-09T12:44:55.020+0000] {processor.py:161} INFO - Started process (PID=776) to work on /home/airflow/.local/lib/python3.10/site-packages/airflow/example_dags/example_short_circuit_operator.py
[2025-05-09T12:44:55.021+0000] {processor.py:830} INFO - Processing file /home/airflow/.local/lib/python3.10/site-packages/airflow/example_dags/example_short_circuit_operator.py for tasks to queue
[2025-05-09T12:44:55.023+0000] {logging_mixin.py:188} INFO - [2025-05-09T12:44:55.023+0000] {dagbag.py:545} INFO - Filling up the DagBag from /home/airflow/.local/lib/python3.10/site-packages/airflow/example_dags/example_short_circuit_operator.py
[2025-05-09T12:44:55.033+0000] {processor.py:840} INFO - DAG(s) 'example_short_circuit_operator' retrieved from /home/airflow/.local/lib/python3.10/site-packages/airflow/example_dags/example_short_circuit_operator.py
[2025-05-09T12:44:55.062+0000] {logging_mixin.py:188} INFO - [2025-05-09T12:44:55.061+0000] {dag.py:3096} INFO - Sync 1 DAGs
[2025-05-09T12:44:55.087+0000] {logging_mixin.py:188} INFO - [2025-05-09T12:44:55.086+0000] {dag.py:3954} INFO - Setting next_dagrun for example_short_circuit_operator to 2025-05-08 00:00:00+00:00, run_after=2025-05-09 00:00:00+00:00
[2025-05-09T12:44:55.121+0000] {processor.py:183} INFO - Processing /home/airflow/.local/lib/python3.10/site-packages/airflow/example_dags/example_short_circuit_operator.py took 0.109 seconds
[2025-05-09T12:45:25.752+0000] {processor.py:161} INFO - Started process (PID=1038) to work on /home/airflow/.local/lib/python3.10/site-packages/airflow/example_dags/example_short_circuit_operator.py
[2025-05-09T12:45:25.754+0000] {processor.py:830} INFO - Processing file /home/airflow/.local/lib/python3.10/site-packages/airflow/example_dags/example_short_circuit_operator.py for tasks to queue
[2025-05-09T12:45:25.757+0000] {logging_mixin.py:188} INFO - [2025-05-09T12:45:25.757+0000] {dagbag.py:545} INFO - Filling up the DagBag from /home/airflow/.local/lib/python3.10/site-packages/airflow/example_dags/example_short_circuit_operator.py
[2025-05-09T12:45:25.770+0000] {processor.py:840} INFO - DAG(s) 'example_short_circuit_operator' retrieved from /home/airflow/.local/lib/python3.10/site-packages/airflow/example_dags/example_short_circuit_operator.py
[2025-05-09T12:45:25.805+0000] {logging_mixin.py:188} INFO - [2025-05-09T12:45:25.805+0000] {dag.py:3096} INFO - Sync 1 DAGs
[2025-05-09T12:45:25.837+0000] {logging_mixin.py:188} INFO - [2025-05-09T12:45:25.836+0000] {dag.py:3954} INFO - Setting next_dagrun for example_short_circuit_operator to 2025-05-08 00:00:00+00:00, run_after=2025-05-09 00:00:00+00:00
[2025-05-09T12:45:25.868+0000] {processor.py:183} INFO - Processing /home/airflow/.local/lib/python3.10/site-packages/airflow/example_dags/example_short_circuit_operator.py took 0.124 seconds
[2025-05-09T12:45:56.656+0000] {processor.py:161} INFO - Started process (PID=1300) to work on /home/airflow/.local/lib/python3.10/site-packages/airflow/example_dags/example_short_circuit_operator.py
[2025-05-09T12:45:56.657+0000] {processor.py:830} INFO - Processing file /home/airflow/.local/lib/python3.10/site-packages/airflow/example_dags/example_short_circuit_operator.py for tasks to queue
[2025-05-09T12:45:56.660+0000] {logging_mixin.py:188} INFO - [2025-05-09T12:45:56.660+0000] {dagbag.py:545} INFO - Filling up the DagBag from /home/airflow/.local/lib/python3.10/site-packages/airflow/example_dags/example_short_circuit_operator.py
[2025-05-09T12:45:56.667+0000] {processor.py:840} INFO - DAG(s) 'example_short_circuit_operator' retrieved from /home/airflow/.local/lib/python3.10/site-packages/airflow/example_dags/example_short_circuit_operator.py
[2025-05-09T12:45:56.703+0000] {logging_mixin.py:188} INFO - [2025-05-09T12:45:56.703+0000] {dag.py:3096} INFO - Sync 1 DAGs
[2025-05-09T12:45:56.731+0000] {logging_mixin.py:188} INFO - [2025-05-09T12:45:56.730+0000] {dag.py:3954} INFO - Setting next_dagrun for example_short_circuit_operator to 2025-05-08 00:00:00+00:00, run_after=2025-05-09 00:00:00+00:00
[2025-05-09T12:45:56.758+0000] {processor.py:183} INFO - Processing /home/airflow/.local/lib/python3.10/site-packages/airflow/example_dags/example_short_circuit_operator.py took 0.108 seconds
[2025-05-09T12:46:27.266+0000] {processor.py:161} INFO - Started process (PID=1562) to work on /home/airflow/.local/lib/python3.10/site-packages/airflow/example_dags/example_short_circuit_operator.py
[2025-05-09T12:46:27.268+0000] {processor.py:830} INFO - Processing file /home/airflow/.local/lib/python3.10/site-packages/airflow/example_dags/example_short_circuit_operator.py for tasks to queue
[2025-05-09T12:46:27.271+0000] {logging_mixin.py:188} INFO - [2025-05-09T12:46:27.270+0000] {dagbag.py:545} INFO - Filling up the DagBag from /home/airflow/.local/lib/python3.10/site-packages/airflow/example_dags/example_short_circuit_operator.py
[2025-05-09T12:46:27.277+0000] {processor.py:840} INFO - DAG(s) 'example_short_circuit_operator' retrieved from /home/airflow/.local/lib/python3.10/site-packages/airflow/example_dags/example_short_circuit_operator.py
[2025-05-09T12:46:27.303+0000] {logging_mixin.py:188} INFO - [2025-05-09T12:46:27.303+0000] {dag.py:3096} INFO - Sync 1 DAGs
[2025-05-09T12:46:27.325+0000] {logging_mixin.py:188} INFO - [2025-05-09T12:46:27.325+0000] {dag.py:3954} INFO - Setting next_dagrun for example_short_circuit_operator to 2025-05-08 00:00:00+00:00, run_after=2025-05-09 00:00:00+00:00
[2025-05-09T12:46:27.346+0000] {processor.py:183} INFO - Processing /home/airflow/.local/lib/python3.10/site-packages/airflow/example_dags/example_short_circuit_operator.py took 0.086 seconds
[2025-05-09T12:46:57.831+0000] {processor.py:161} INFO - Started process (PID=1824) to work on /home/airflow/.local/lib/python3.10/site-packages/airflow/example_dags/example_short_circuit_operator.py
[2025-05-09T12:46:57.833+0000] {processor.py:830} INFO - Processing file /home/airflow/.local/lib/python3.10/site-packages/airflow/example_dags/example_short_circuit_operator.py for tasks to queue
[2025-05-09T12:46:57.836+0000] {logging_mixin.py:188} INFO - [2025-05-09T12:46:57.836+0000] {dagbag.py:545} INFO - Filling up the DagBag from /home/airflow/.local/lib/python3.10/site-packages/airflow/example_dags/example_short_circuit_operator.py
[2025-05-09T12:46:57.843+0000] {processor.py:840} INFO - DAG(s) 'example_short_circuit_operator' retrieved from /home/airflow/.local/lib/python3.10/site-packages/airflow/example_dags/example_short_circuit_operator.py
[2025-05-09T12:46:57.874+0000] {logging_mixin.py:188} INFO - [2025-05-09T12:46:57.874+0000] {dag.py:3096} INFO - Sync 1 DAGs
[2025-05-09T12:46:57.904+0000] {logging_mixin.py:188} INFO - [2025-05-09T12:46:57.903+0000] {dag.py:3954} INFO - Setting next_dagrun for example_short_circuit_operator to 2025-05-08 00:00:00+00:00, run_after=2025-05-09 00:00:00+00:00
[2025-05-09T12:46:57.930+0000] {processor.py:183} INFO - Processing /home/airflow/.local/lib/python3.10/site-packages/airflow/example_dags/example_short_circuit_operator.py took 0.105 seconds
[2025-05-09T12:47:28.029+0000] {processor.py:161} INFO - Started process (PID=2095) to work on /home/airflow/.local/lib/python3.10/site-packages/airflow/example_dags/example_short_circuit_operator.py
[2025-05-09T12:47:28.030+0000] {processor.py:830} INFO - Processing file /home/airflow/.local/lib/python3.10/site-packages/airflow/example_dags/example_short_circuit_operator.py for tasks to queue
[2025-05-09T12:47:28.033+0000] {logging_mixin.py:188} INFO - [2025-05-09T12:47:28.032+0000] {dagbag.py:545} INFO - Filling up the DagBag from /home/airflow/.local/lib/python3.10/site-packages/airflow/example_dags/example_short_circuit_operator.py
[2025-05-09T12:47:28.042+0000] {processor.py:840} INFO - DAG(s) 'example_short_circuit_operator' retrieved from /home/airflow/.local/lib/python3.10/site-packages/airflow/example_dags/example_short_circuit_operator.py
[2025-05-09T12:47:28.084+0000] {logging_mixin.py:188} INFO - [2025-05-09T12:47:28.083+0000] {dag.py:3096} INFO - Sync 1 DAGs
[2025-05-09T12:47:28.129+0000] {logging_mixin.py:188} INFO - [2025-05-09T12:47:28.128+0000] {dag.py:3954} INFO - Setting next_dagrun for example_short_circuit_operator to 2025-05-08 00:00:00+00:00, run_after=2025-05-09 00:00:00+00:00
[2025-05-09T12:47:28.161+0000] {processor.py:183} INFO - Processing /home/airflow/.local/lib/python3.10/site-packages/airflow/example_dags/example_short_circuit_operator.py took 0.139 seconds
[2025-05-09T12:47:58.598+0000] {processor.py:161} INFO - Started process (PID=2357) to work on /home/airflow/.local/lib/python3.10/site-packages/airflow/example_dags/example_short_circuit_operator.py
[2025-05-09T12:47:58.600+0000] {processor.py:830} INFO - Processing file /home/airflow/.local/lib/python3.10/site-packages/airflow/example_dags/example_short_circuit_operator.py for tasks to queue
[2025-05-09T12:47:58.601+0000] {logging_mixin.py:188} INFO - [2025-05-09T12:47:58.601+0000] {dagbag.py:545} INFO - Filling up the DagBag from /home/airflow/.local/lib/python3.10/site-packages/airflow/example_dags/example_short_circuit_operator.py
[2025-05-09T12:47:58.608+0000] {processor.py:840} INFO - DAG(s) 'example_short_circuit_operator' retrieved from /home/airflow/.local/lib/python3.10/site-packages/airflow/example_dags/example_short_circuit_operator.py
[2025-05-09T12:47:58.631+0000] {logging_mixin.py:188} INFO - [2025-05-09T12:47:58.630+0000] {dag.py:3096} INFO - Sync 1 DAGs
[2025-05-09T12:47:58.652+0000] {logging_mixin.py:188} INFO - [2025-05-09T12:47:58.652+0000] {dag.py:3954} INFO - Setting next_dagrun for example_short_circuit_operator to 2025-05-08 00:00:00+00:00, run_after=2025-05-09 00:00:00+00:00
[2025-05-09T12:47:58.673+0000] {processor.py:183} INFO - Processing /home/airflow/.local/lib/python3.10/site-packages/airflow/example_dags/example_short_circuit_operator.py took 0.080 seconds
[2025-05-09T12:48:29.057+0000] {processor.py:161} INFO - Started process (PID=2628) to work on /home/airflow/.local/lib/python3.10/site-packages/airflow/example_dags/example_short_circuit_operator.py
[2025-05-09T12:48:29.058+0000] {processor.py:830} INFO - Processing file /home/airflow/.local/lib/python3.10/site-packages/airflow/example_dags/example_short_circuit_operator.py for tasks to queue
[2025-05-09T12:48:29.062+0000] {logging_mixin.py:188} INFO - [2025-05-09T12:48:29.061+0000] {dagbag.py:545} INFO - Filling up the DagBag from /home/airflow/.local/lib/python3.10/site-packages/airflow/example_dags/example_short_circuit_operator.py
[2025-05-09T12:48:29.072+0000] {processor.py:840} INFO - DAG(s) 'example_short_circuit_operator' retrieved from /home/airflow/.local/lib/python3.10/site-packages/airflow/example_dags/example_short_circuit_operator.py
[2025-05-09T12:48:29.103+0000] {logging_mixin.py:188} INFO - [2025-05-09T12:48:29.102+0000] {dag.py:3096} INFO - Sync 1 DAGs
[2025-05-09T12:48:29.129+0000] {logging_mixin.py:188} INFO - [2025-05-09T12:48:29.129+0000] {dag.py:3954} INFO - Setting next_dagrun for example_short_circuit_operator to 2025-05-08 00:00:00+00:00, run_after=2025-05-09 00:00:00+00:00
[2025-05-09T12:48:29.153+0000] {processor.py:183} INFO - Processing /home/airflow/.local/lib/python3.10/site-packages/airflow/example_dags/example_short_circuit_operator.py took 0.103 seconds
[2025-05-09T12:48:59.735+0000] {processor.py:161} INFO - Started process (PID=2892) to work on /home/airflow/.local/lib/python3.10/site-packages/airflow/example_dags/example_short_circuit_operator.py
[2025-05-09T12:48:59.737+0000] {processor.py:830} INFO - Processing file /home/airflow/.local/lib/python3.10/site-packages/airflow/example_dags/example_short_circuit_operator.py for tasks to queue
[2025-05-09T12:48:59.739+0000] {logging_mixin.py:188} INFO - [2025-05-09T12:48:59.738+0000] {dagbag.py:545} INFO - Filling up the DagBag from /home/airflow/.local/lib/python3.10/site-packages/airflow/example_dags/example_short_circuit_operator.py
[2025-05-09T12:48:59.748+0000] {processor.py:840} INFO - DAG(s) 'example_short_circuit_operator' retrieved from /home/airflow/.local/lib/python3.10/site-packages/airflow/example_dags/example_short_circuit_operator.py
[2025-05-09T12:48:59.773+0000] {logging_mixin.py:188} INFO - [2025-05-09T12:48:59.773+0000] {dag.py:3096} INFO - Sync 1 DAGs
[2025-05-09T12:48:59.796+0000] {logging_mixin.py:188} INFO - [2025-05-09T12:48:59.796+0000] {dag.py:3954} INFO - Setting next_dagrun for example_short_circuit_operator to 2025-05-08 00:00:00+00:00, run_after=2025-05-09 00:00:00+00:00
[2025-05-09T12:48:59.816+0000] {processor.py:183} INFO - Processing /home/airflow/.local/lib/python3.10/site-packages/airflow/example_dags/example_short_circuit_operator.py took 0.087 seconds
[2025-05-09T12:49:31.093+0000] {processor.py:161} INFO - Started process (PID=3152) to work on /home/airflow/.local/lib/python3.10/site-packages/airflow/example_dags/example_short_circuit_operator.py
[2025-05-09T12:49:31.096+0000] {processor.py:830} INFO - Processing file /home/airflow/.local/lib/python3.10/site-packages/airflow/example_dags/example_short_circuit_operator.py for tasks to queue
[2025-05-09T12:49:31.100+0000] {logging_mixin.py:188} INFO - [2025-05-09T12:49:31.099+0000] {dagbag.py:545} INFO - Filling up the DagBag from /home/airflow/.local/lib/python3.10/site-packages/airflow/example_dags/example_short_circuit_operator.py
[2025-05-09T12:49:31.137+0000] {processor.py:840} INFO - DAG(s) 'example_short_circuit_operator' retrieved from /home/airflow/.local/lib/python3.10/site-packages/airflow/example_dags/example_short_circuit_operator.py
[2025-05-09T12:49:31.191+0000] {logging_mixin.py:188} INFO - [2025-05-09T12:49:31.191+0000] {dag.py:3096} INFO - Sync 1 DAGs
[2025-05-09T12:49:31.213+0000] {logging_mixin.py:188} INFO - [2025-05-09T12:49:31.212+0000] {dag.py:3954} INFO - Setting next_dagrun for example_short_circuit_operator to 2025-05-08 00:00:00+00:00, run_after=2025-05-09 00:00:00+00:00
[2025-05-09T12:49:31.236+0000] {processor.py:183} INFO - Processing /home/airflow/.local/lib/python3.10/site-packages/airflow/example_dags/example_short_circuit_operator.py took 0.151 seconds
[2025-05-09T12:50:01.598+0000] {processor.py:161} INFO - Started process (PID=3416) to work on /home/airflow/.local/lib/python3.10/site-packages/airflow/example_dags/example_short_circuit_operator.py
[2025-05-09T12:50:01.600+0000] {processor.py:830} INFO - Processing file /home/airflow/.local/lib/python3.10/site-packages/airflow/example_dags/example_short_circuit_operator.py for tasks to queue
[2025-05-09T12:50:01.604+0000] {logging_mixin.py:188} INFO - [2025-05-09T12:50:01.603+0000] {dagbag.py:545} INFO - Filling up the DagBag from /home/airflow/.local/lib/python3.10/site-packages/airflow/example_dags/example_short_circuit_operator.py
[2025-05-09T12:50:01.615+0000] {processor.py:840} INFO - DAG(s) 'example_short_circuit_operator' retrieved from /home/airflow/.local/lib/python3.10/site-packages/airflow/example_dags/example_short_circuit_operator.py
[2025-05-09T12:50:01.649+0000] {logging_mixin.py:188} INFO - [2025-05-09T12:50:01.649+0000] {dag.py:3096} INFO - Sync 1 DAGs
[2025-05-09T12:50:01.692+0000] {logging_mixin.py:188} INFO - [2025-05-09T12:50:01.692+0000] {dag.py:3954} INFO - Setting next_dagrun for example_short_circuit_operator to 2025-05-08 00:00:00+00:00, run_after=2025-05-09 00:00:00+00:00
[2025-05-09T12:50:01.735+0000] {processor.py:183} INFO - Processing /home/airflow/.local/lib/python3.10/site-packages/airflow/example_dags/example_short_circuit_operator.py took 0.146 seconds
[2025-05-09T12:50:32.794+0000] {processor.py:161} INFO - Started process (PID=3687) to work on /home/airflow/.local/lib/python3.10/site-packages/airflow/example_dags/example_short_circuit_operator.py
[2025-05-09T12:50:32.795+0000] {processor.py:830} INFO - Processing file /home/airflow/.local/lib/python3.10/site-packages/airflow/example_dags/example_short_circuit_operator.py for tasks to queue
[2025-05-09T12:50:32.798+0000] {logging_mixin.py:188} INFO - [2025-05-09T12:50:32.797+0000] {dagbag.py:545} INFO - Filling up the DagBag from /home/airflow/.local/lib/python3.10/site-packages/airflow/example_dags/example_short_circuit_operator.py
[2025-05-09T12:50:32.805+0000] {processor.py:840} INFO - DAG(s) 'example_short_circuit_operator' retrieved from /home/airflow/.local/lib/python3.10/site-packages/airflow/example_dags/example_short_circuit_operator.py
[2025-05-09T12:50:32.831+0000] {logging_mixin.py:188} INFO - [2025-05-09T12:50:32.830+0000] {dag.py:3096} INFO - Sync 1 DAGs
[2025-05-09T12:50:32.850+0000] {logging_mixin.py:188} INFO - [2025-05-09T12:50:32.850+0000] {dag.py:3954} INFO - Setting next_dagrun for example_short_circuit_operator to 2025-05-08 00:00:00+00:00, run_after=2025-05-09 00:00:00+00:00
[2025-05-09T12:50:32.871+0000] {processor.py:183} INFO - Processing /home/airflow/.local/lib/python3.10/site-packages/airflow/example_dags/example_short_circuit_operator.py took 0.087 seconds
[2025-05-09T12:51:03.595+0000] {processor.py:161} INFO - Started process (PID=3949) to work on /home/airflow/.local/lib/python3.10/site-packages/airflow/example_dags/example_short_circuit_operator.py
[2025-05-09T12:51:03.597+0000] {processor.py:830} INFO - Processing file /home/airflow/.local/lib/python3.10/site-packages/airflow/example_dags/example_short_circuit_operator.py for tasks to queue
[2025-05-09T12:51:03.600+0000] {logging_mixin.py:188} INFO - [2025-05-09T12:51:03.599+0000] {dagbag.py:545} INFO - Filling up the DagBag from /home/airflow/.local/lib/python3.10/site-packages/airflow/example_dags/example_short_circuit_operator.py
[2025-05-09T12:51:03.610+0000] {processor.py:840} INFO - DAG(s) 'example_short_circuit_operator' retrieved from /home/airflow/.local/lib/python3.10/site-packages/airflow/example_dags/example_short_circuit_operator.py
[2025-05-09T12:51:03.645+0000] {logging_mixin.py:188} INFO - [2025-05-09T12:51:03.644+0000] {dag.py:3096} INFO - Sync 1 DAGs
[2025-05-09T12:51:03.679+0000] {logging_mixin.py:188} INFO - [2025-05-09T12:51:03.679+0000] {dag.py:3954} INFO - Setting next_dagrun for example_short_circuit_operator to 2025-05-08 00:00:00+00:00, run_after=2025-05-09 00:00:00+00:00
[2025-05-09T12:51:03.716+0000] {processor.py:183} INFO - Processing /home/airflow/.local/lib/python3.10/site-packages/airflow/example_dags/example_short_circuit_operator.py took 0.128 seconds
[2025-05-09T12:52:22.410+0000] {processor.py:161} INFO - Started process (PID=256) to work on /home/airflow/.local/lib/python3.10/site-packages/airflow/example_dags/example_short_circuit_operator.py
[2025-05-09T12:52:22.417+0000] {processor.py:830} INFO - Processing file /home/airflow/.local/lib/python3.10/site-packages/airflow/example_dags/example_short_circuit_operator.py for tasks to queue
[2025-05-09T12:52:22.422+0000] {logging_mixin.py:188} INFO - [2025-05-09T12:52:22.421+0000] {dagbag.py:545} INFO - Filling up the DagBag from /home/airflow/.local/lib/python3.10/site-packages/airflow/example_dags/example_short_circuit_operator.py
[2025-05-09T12:52:22.435+0000] {processor.py:840} INFO - DAG(s) 'example_short_circuit_operator' retrieved from /home/airflow/.local/lib/python3.10/site-packages/airflow/example_dags/example_short_circuit_operator.py
[2025-05-09T12:52:22.459+0000] {logging_mixin.py:188} INFO - [2025-05-09T12:52:22.459+0000] {dag.py:3096} INFO - Sync 1 DAGs
[2025-05-09T12:52:22.495+0000] {logging_mixin.py:188} INFO - [2025-05-09T12:52:22.495+0000] {dag.py:3954} INFO - Setting next_dagrun for example_short_circuit_operator to 2025-05-08 00:00:00+00:00, run_after=2025-05-09 00:00:00+00:00
[2025-05-09T12:52:22.530+0000] {processor.py:183} INFO - Processing /home/airflow/.local/lib/python3.10/site-packages/airflow/example_dags/example_short_circuit_operator.py took 0.132 seconds
[2025-05-09T12:52:53.714+0000] {processor.py:161} INFO - Started process (PID=519) to work on /home/airflow/.local/lib/python3.10/site-packages/airflow/example_dags/example_short_circuit_operator.py
[2025-05-09T12:52:53.716+0000] {processor.py:830} INFO - Processing file /home/airflow/.local/lib/python3.10/site-packages/airflow/example_dags/example_short_circuit_operator.py for tasks to queue
[2025-05-09T12:52:53.718+0000] {logging_mixin.py:188} INFO - [2025-05-09T12:52:53.718+0000] {dagbag.py:545} INFO - Filling up the DagBag from /home/airflow/.local/lib/python3.10/site-packages/airflow/example_dags/example_short_circuit_operator.py
[2025-05-09T12:52:53.727+0000] {processor.py:840} INFO - DAG(s) 'example_short_circuit_operator' retrieved from /home/airflow/.local/lib/python3.10/site-packages/airflow/example_dags/example_short_circuit_operator.py
[2025-05-09T12:52:53.824+0000] {logging_mixin.py:188} INFO - [2025-05-09T12:52:53.824+0000] {dag.py:3096} INFO - Sync 1 DAGs
[2025-05-09T12:52:53.842+0000] {logging_mixin.py:188} INFO - [2025-05-09T12:52:53.842+0000] {dag.py:3954} INFO - Setting next_dagrun for example_short_circuit_operator to 2025-05-08 00:00:00+00:00, run_after=2025-05-09 00:00:00+00:00
[2025-05-09T12:52:53.864+0000] {processor.py:183} INFO - Processing /home/airflow/.local/lib/python3.10/site-packages/airflow/example_dags/example_short_circuit_operator.py took 0.156 seconds
[2025-05-09T12:53:24.353+0000] {processor.py:161} INFO - Started process (PID=779) to work on /home/airflow/.local/lib/python3.10/site-packages/airflow/example_dags/example_short_circuit_operator.py
[2025-05-09T12:53:24.354+0000] {processor.py:830} INFO - Processing file /home/airflow/.local/lib/python3.10/site-packages/airflow/example_dags/example_short_circuit_operator.py for tasks to queue
[2025-05-09T12:53:24.357+0000] {logging_mixin.py:188} INFO - [2025-05-09T12:53:24.356+0000] {dagbag.py:545} INFO - Filling up the DagBag from /home/airflow/.local/lib/python3.10/site-packages/airflow/example_dags/example_short_circuit_operator.py
[2025-05-09T12:53:24.365+0000] {processor.py:840} INFO - DAG(s) 'example_short_circuit_operator' retrieved from /home/airflow/.local/lib/python3.10/site-packages/airflow/example_dags/example_short_circuit_operator.py
[2025-05-09T12:53:24.398+0000] {logging_mixin.py:188} INFO - [2025-05-09T12:53:24.397+0000] {dag.py:3096} INFO - Sync 1 DAGs
[2025-05-09T12:53:24.423+0000] {logging_mixin.py:188} INFO - [2025-05-09T12:53:24.423+0000] {dag.py:3954} INFO - Setting next_dagrun for example_short_circuit_operator to 2025-05-08 00:00:00+00:00, run_after=2025-05-09 00:00:00+00:00
[2025-05-09T12:53:24.448+0000] {processor.py:183} INFO - Processing /home/airflow/.local/lib/python3.10/site-packages/airflow/example_dags/example_short_circuit_operator.py took 0.101 seconds
[2025-05-09T12:53:55.229+0000] {processor.py:161} INFO - Started process (PID=1044) to work on /home/airflow/.local/lib/python3.10/site-packages/airflow/example_dags/example_short_circuit_operator.py
[2025-05-09T12:53:55.231+0000] {processor.py:830} INFO - Processing file /home/airflow/.local/lib/python3.10/site-packages/airflow/example_dags/example_short_circuit_operator.py for tasks to queue
[2025-05-09T12:53:55.234+0000] {logging_mixin.py:188} INFO - [2025-05-09T12:53:55.233+0000] {dagbag.py:545} INFO - Filling up the DagBag from /home/airflow/.local/lib/python3.10/site-packages/airflow/example_dags/example_short_circuit_operator.py
[2025-05-09T12:53:55.243+0000] {processor.py:840} INFO - DAG(s) 'example_short_circuit_operator' retrieved from /home/airflow/.local/lib/python3.10/site-packages/airflow/example_dags/example_short_circuit_operator.py
[2025-05-09T12:53:55.272+0000] {logging_mixin.py:188} INFO - [2025-05-09T12:53:55.272+0000] {dag.py:3096} INFO - Sync 1 DAGs
[2025-05-09T12:53:55.296+0000] {logging_mixin.py:188} INFO - [2025-05-09T12:53:55.296+0000] {dag.py:3954} INFO - Setting next_dagrun for example_short_circuit_operator to 2025-05-08 00:00:00+00:00, run_after=2025-05-09 00:00:00+00:00
[2025-05-09T12:53:55.322+0000] {processor.py:183} INFO - Processing /home/airflow/.local/lib/python3.10/site-packages/airflow/example_dags/example_short_circuit_operator.py took 0.101 seconds
[2025-05-09T12:54:26.072+0000] {processor.py:161} INFO - Started process (PID=1306) to work on /home/airflow/.local/lib/python3.10/site-packages/airflow/example_dags/example_short_circuit_operator.py
[2025-05-09T12:54:26.073+0000] {processor.py:830} INFO - Processing file /home/airflow/.local/lib/python3.10/site-packages/airflow/example_dags/example_short_circuit_operator.py for tasks to queue
[2025-05-09T12:54:26.076+0000] {logging_mixin.py:188} INFO - [2025-05-09T12:54:26.076+0000] {dagbag.py:545} INFO - Filling up the DagBag from /home/airflow/.local/lib/python3.10/site-packages/airflow/example_dags/example_short_circuit_operator.py
[2025-05-09T12:54:26.086+0000] {processor.py:840} INFO - DAG(s) 'example_short_circuit_operator' retrieved from /home/airflow/.local/lib/python3.10/site-packages/airflow/example_dags/example_short_circuit_operator.py
[2025-05-09T12:54:26.117+0000] {logging_mixin.py:188} INFO - [2025-05-09T12:54:26.117+0000] {dag.py:3096} INFO - Sync 1 DAGs
[2025-05-09T12:54:26.145+0000] {logging_mixin.py:188} INFO - [2025-05-09T12:54:26.144+0000] {dag.py:3954} INFO - Setting next_dagrun for example_short_circuit_operator to 2025-05-08 00:00:00+00:00, run_after=2025-05-09 00:00:00+00:00
[2025-05-09T12:54:26.171+0000] {processor.py:183} INFO - Processing /home/airflow/.local/lib/python3.10/site-packages/airflow/example_dags/example_short_circuit_operator.py took 0.107 seconds
[2025-05-09T12:54:56.427+0000] {processor.py:161} INFO - Started process (PID=1568) to work on /home/airflow/.local/lib/python3.10/site-packages/airflow/example_dags/example_short_circuit_operator.py
[2025-05-09T12:54:56.429+0000] {processor.py:830} INFO - Processing file /home/airflow/.local/lib/python3.10/site-packages/airflow/example_dags/example_short_circuit_operator.py for tasks to queue
[2025-05-09T12:54:56.432+0000] {logging_mixin.py:188} INFO - [2025-05-09T12:54:56.432+0000] {dagbag.py:545} INFO - Filling up the DagBag from /home/airflow/.local/lib/python3.10/site-packages/airflow/example_dags/example_short_circuit_operator.py
[2025-05-09T12:54:56.443+0000] {processor.py:840} INFO - DAG(s) 'example_short_circuit_operator' retrieved from /home/airflow/.local/lib/python3.10/site-packages/airflow/example_dags/example_short_circuit_operator.py
[2025-05-09T12:54:56.473+0000] {logging_mixin.py:188} INFO - [2025-05-09T12:54:56.472+0000] {dag.py:3096} INFO - Sync 1 DAGs
[2025-05-09T12:54:56.497+0000] {logging_mixin.py:188} INFO - [2025-05-09T12:54:56.497+0000] {dag.py:3954} INFO - Setting next_dagrun for example_short_circuit_operator to 2025-05-08 00:00:00+00:00, run_after=2025-05-09 00:00:00+00:00
[2025-05-09T12:54:56.525+0000] {processor.py:183} INFO - Processing /home/airflow/.local/lib/python3.10/site-packages/airflow/example_dags/example_short_circuit_operator.py took 0.106 seconds
[2025-05-09T12:55:26.905+0000] {processor.py:161} INFO - Started process (PID=1833) to work on /home/airflow/.local/lib/python3.10/site-packages/airflow/example_dags/example_short_circuit_operator.py
[2025-05-09T12:55:26.907+0000] {processor.py:830} INFO - Processing file /home/airflow/.local/lib/python3.10/site-packages/airflow/example_dags/example_short_circuit_operator.py for tasks to queue
[2025-05-09T12:55:26.909+0000] {logging_mixin.py:188} INFO - [2025-05-09T12:55:26.909+0000] {dagbag.py:545} INFO - Filling up the DagBag from /home/airflow/.local/lib/python3.10/site-packages/airflow/example_dags/example_short_circuit_operator.py
[2025-05-09T12:55:26.919+0000] {processor.py:840} INFO - DAG(s) 'example_short_circuit_operator' retrieved from /home/airflow/.local/lib/python3.10/site-packages/airflow/example_dags/example_short_circuit_operator.py
[2025-05-09T12:55:26.946+0000] {logging_mixin.py:188} INFO - [2025-05-09T12:55:26.946+0000] {dag.py:3096} INFO - Sync 1 DAGs
[2025-05-09T12:55:26.968+0000] {logging_mixin.py:188} INFO - [2025-05-09T12:55:26.968+0000] {dag.py:3954} INFO - Setting next_dagrun for example_short_circuit_operator to 2025-05-08 00:00:00+00:00, run_after=2025-05-09 00:00:00+00:00
[2025-05-09T12:55:26.992+0000] {processor.py:183} INFO - Processing /home/airflow/.local/lib/python3.10/site-packages/airflow/example_dags/example_short_circuit_operator.py took 0.093 seconds
[2025-05-09T12:57:15.404+0000] {processor.py:161} INFO - Started process (PID=255) to work on /home/airflow/.local/lib/python3.10/site-packages/airflow/example_dags/example_short_circuit_operator.py
[2025-05-09T12:57:15.406+0000] {processor.py:830} INFO - Processing file /home/airflow/.local/lib/python3.10/site-packages/airflow/example_dags/example_short_circuit_operator.py for tasks to queue
[2025-05-09T12:57:15.408+0000] {logging_mixin.py:188} INFO - [2025-05-09T12:57:15.408+0000] {dagbag.py:545} INFO - Filling up the DagBag from /home/airflow/.local/lib/python3.10/site-packages/airflow/example_dags/example_short_circuit_operator.py
[2025-05-09T12:57:15.419+0000] {processor.py:840} INFO - DAG(s) 'example_short_circuit_operator' retrieved from /home/airflow/.local/lib/python3.10/site-packages/airflow/example_dags/example_short_circuit_operator.py
[2025-05-09T12:57:15.436+0000] {logging_mixin.py:188} INFO - [2025-05-09T12:57:15.436+0000] {dag.py:3096} INFO - Sync 1 DAGs
[2025-05-09T12:57:15.462+0000] {logging_mixin.py:188} INFO - [2025-05-09T12:57:15.462+0000] {dag.py:3954} INFO - Setting next_dagrun for example_short_circuit_operator to 2025-05-08 00:00:00+00:00, run_after=2025-05-09 00:00:00+00:00
[2025-05-09T12:57:15.495+0000] {processor.py:183} INFO - Processing /home/airflow/.local/lib/python3.10/site-packages/airflow/example_dags/example_short_circuit_operator.py took 0.098 seconds
[2025-05-09T12:57:45.696+0000] {processor.py:161} INFO - Started process (PID=517) to work on /home/airflow/.local/lib/python3.10/site-packages/airflow/example_dags/example_short_circuit_operator.py
[2025-05-09T12:57:45.698+0000] {processor.py:830} INFO - Processing file /home/airflow/.local/lib/python3.10/site-packages/airflow/example_dags/example_short_circuit_operator.py for tasks to queue
[2025-05-09T12:57:45.700+0000] {logging_mixin.py:188} INFO - [2025-05-09T12:57:45.699+0000] {dagbag.py:545} INFO - Filling up the DagBag from /home/airflow/.local/lib/python3.10/site-packages/airflow/example_dags/example_short_circuit_operator.py
[2025-05-09T12:57:45.706+0000] {processor.py:840} INFO - DAG(s) 'example_short_circuit_operator' retrieved from /home/airflow/.local/lib/python3.10/site-packages/airflow/example_dags/example_short_circuit_operator.py
[2025-05-09T12:57:45.789+0000] {logging_mixin.py:188} INFO - [2025-05-09T12:57:45.789+0000] {dag.py:3096} INFO - Sync 1 DAGs
[2025-05-09T12:57:45.807+0000] {logging_mixin.py:188} INFO - [2025-05-09T12:57:45.807+0000] {dag.py:3954} INFO - Setting next_dagrun for example_short_circuit_operator to 2025-05-08 00:00:00+00:00, run_after=2025-05-09 00:00:00+00:00
[2025-05-09T12:57:45.838+0000] {processor.py:183} INFO - Processing /home/airflow/.local/lib/python3.10/site-packages/airflow/example_dags/example_short_circuit_operator.py took 0.147 seconds
[2025-05-09T12:58:16.675+0000] {processor.py:161} INFO - Started process (PID=779) to work on /home/airflow/.local/lib/python3.10/site-packages/airflow/example_dags/example_short_circuit_operator.py
[2025-05-09T12:58:16.676+0000] {processor.py:830} INFO - Processing file /home/airflow/.local/lib/python3.10/site-packages/airflow/example_dags/example_short_circuit_operator.py for tasks to queue
[2025-05-09T12:58:16.678+0000] {logging_mixin.py:188} INFO - [2025-05-09T12:58:16.678+0000] {dagbag.py:545} INFO - Filling up the DagBag from /home/airflow/.local/lib/python3.10/site-packages/airflow/example_dags/example_short_circuit_operator.py
[2025-05-09T12:58:16.685+0000] {processor.py:840} INFO - DAG(s) 'example_short_circuit_operator' retrieved from /home/airflow/.local/lib/python3.10/site-packages/airflow/example_dags/example_short_circuit_operator.py
[2025-05-09T12:58:16.709+0000] {logging_mixin.py:188} INFO - [2025-05-09T12:58:16.709+0000] {dag.py:3096} INFO - Sync 1 DAGs
[2025-05-09T12:58:16.729+0000] {logging_mixin.py:188} INFO - [2025-05-09T12:58:16.729+0000] {dag.py:3954} INFO - Setting next_dagrun for example_short_circuit_operator to 2025-05-08 00:00:00+00:00, run_after=2025-05-09 00:00:00+00:00
[2025-05-09T12:58:16.749+0000] {processor.py:183} INFO - Processing /home/airflow/.local/lib/python3.10/site-packages/airflow/example_dags/example_short_circuit_operator.py took 0.081 seconds
[2025-05-09T12:58:47.131+0000] {processor.py:161} INFO - Started process (PID=1041) to work on /home/airflow/.local/lib/python3.10/site-packages/airflow/example_dags/example_short_circuit_operator.py
[2025-05-09T12:58:47.133+0000] {processor.py:830} INFO - Processing file /home/airflow/.local/lib/python3.10/site-packages/airflow/example_dags/example_short_circuit_operator.py for tasks to queue
[2025-05-09T12:58:47.136+0000] {logging_mixin.py:188} INFO - [2025-05-09T12:58:47.135+0000] {dagbag.py:545} INFO - Filling up the DagBag from /home/airflow/.local/lib/python3.10/site-packages/airflow/example_dags/example_short_circuit_operator.py
[2025-05-09T12:58:47.143+0000] {processor.py:840} INFO - DAG(s) 'example_short_circuit_operator' retrieved from /home/airflow/.local/lib/python3.10/site-packages/airflow/example_dags/example_short_circuit_operator.py
[2025-05-09T12:58:47.167+0000] {logging_mixin.py:188} INFO - [2025-05-09T12:58:47.167+0000] {dag.py:3096} INFO - Sync 1 DAGs
[2025-05-09T12:58:47.190+0000] {logging_mixin.py:188} INFO - [2025-05-09T12:58:47.190+0000] {dag.py:3954} INFO - Setting next_dagrun for example_short_circuit_operator to 2025-05-08 00:00:00+00:00, run_after=2025-05-09 00:00:00+00:00
[2025-05-09T12:58:47.209+0000] {processor.py:183} INFO - Processing /home/airflow/.local/lib/python3.10/site-packages/airflow/example_dags/example_short_circuit_operator.py took 0.083 seconds
[2025-05-09T12:59:17.568+0000] {processor.py:161} INFO - Started process (PID=1301) to work on /home/airflow/.local/lib/python3.10/site-packages/airflow/example_dags/example_short_circuit_operator.py
[2025-05-09T12:59:17.570+0000] {processor.py:830} INFO - Processing file /home/airflow/.local/lib/python3.10/site-packages/airflow/example_dags/example_short_circuit_operator.py for tasks to queue
[2025-05-09T12:59:17.572+0000] {logging_mixin.py:188} INFO - [2025-05-09T12:59:17.572+0000] {dagbag.py:545} INFO - Filling up the DagBag from /home/airflow/.local/lib/python3.10/site-packages/airflow/example_dags/example_short_circuit_operator.py
[2025-05-09T12:59:17.580+0000] {processor.py:840} INFO - DAG(s) 'example_short_circuit_operator' retrieved from /home/airflow/.local/lib/python3.10/site-packages/airflow/example_dags/example_short_circuit_operator.py
[2025-05-09T12:59:17.605+0000] {logging_mixin.py:188} INFO - [2025-05-09T12:59:17.605+0000] {dag.py:3096} INFO - Sync 1 DAGs
[2025-05-09T12:59:17.626+0000] {logging_mixin.py:188} INFO - [2025-05-09T12:59:17.626+0000] {dag.py:3954} INFO - Setting next_dagrun for example_short_circuit_operator to 2025-05-08 00:00:00+00:00, run_after=2025-05-09 00:00:00+00:00
[2025-05-09T12:59:17.649+0000] {processor.py:183} INFO - Processing /home/airflow/.local/lib/python3.10/site-packages/airflow/example_dags/example_short_circuit_operator.py took 0.087 seconds
[2025-05-09T12:59:48.627+0000] {processor.py:161} INFO - Started process (PID=1565) to work on /home/airflow/.local/lib/python3.10/site-packages/airflow/example_dags/example_short_circuit_operator.py
[2025-05-09T12:59:48.628+0000] {processor.py:830} INFO - Processing file /home/airflow/.local/lib/python3.10/site-packages/airflow/example_dags/example_short_circuit_operator.py for tasks to queue
[2025-05-09T12:59:48.630+0000] {logging_mixin.py:188} INFO - [2025-05-09T12:59:48.630+0000] {dagbag.py:545} INFO - Filling up the DagBag from /home/airflow/.local/lib/python3.10/site-packages/airflow/example_dags/example_short_circuit_operator.py
[2025-05-09T12:59:48.638+0000] {processor.py:840} INFO - DAG(s) 'example_short_circuit_operator' retrieved from /home/airflow/.local/lib/python3.10/site-packages/airflow/example_dags/example_short_circuit_operator.py
[2025-05-09T12:59:48.662+0000] {logging_mixin.py:188} INFO - [2025-05-09T12:59:48.662+0000] {dag.py:3096} INFO - Sync 1 DAGs
[2025-05-09T12:59:48.682+0000] {logging_mixin.py:188} INFO - [2025-05-09T12:59:48.682+0000] {dag.py:3954} INFO - Setting next_dagrun for example_short_circuit_operator to 2025-05-08 00:00:00+00:00, run_after=2025-05-09 00:00:00+00:00
[2025-05-09T12:59:48.702+0000] {processor.py:183} INFO - Processing /home/airflow/.local/lib/python3.10/site-packages/airflow/example_dags/example_short_circuit_operator.py took 0.081 seconds
[2025-05-09T13:00:18.931+0000] {processor.py:161} INFO - Started process (PID=1834) to work on /home/airflow/.local/lib/python3.10/site-packages/airflow/example_dags/example_short_circuit_operator.py
[2025-05-09T13:00:18.932+0000] {processor.py:830} INFO - Processing file /home/airflow/.local/lib/python3.10/site-packages/airflow/example_dags/example_short_circuit_operator.py for tasks to queue
[2025-05-09T13:00:18.935+0000] {logging_mixin.py:188} INFO - [2025-05-09T13:00:18.934+0000] {dagbag.py:545} INFO - Filling up the DagBag from /home/airflow/.local/lib/python3.10/site-packages/airflow/example_dags/example_short_circuit_operator.py
[2025-05-09T13:00:18.943+0000] {processor.py:840} INFO - DAG(s) 'example_short_circuit_operator' retrieved from /home/airflow/.local/lib/python3.10/site-packages/airflow/example_dags/example_short_circuit_operator.py
[2025-05-09T13:00:18.977+0000] {logging_mixin.py:188} INFO - [2025-05-09T13:00:18.976+0000] {dag.py:3096} INFO - Sync 1 DAGs
[2025-05-09T13:00:19.001+0000] {logging_mixin.py:188} INFO - [2025-05-09T13:00:19.001+0000] {dag.py:3954} INFO - Setting next_dagrun for example_short_circuit_operator to 2025-05-08 00:00:00+00:00, run_after=2025-05-09 00:00:00+00:00
[2025-05-09T13:00:19.023+0000] {processor.py:183} INFO - Processing /home/airflow/.local/lib/python3.10/site-packages/airflow/example_dags/example_short_circuit_operator.py took 0.098 seconds
[2025-05-09T13:00:49.703+0000] {processor.py:161} INFO - Started process (PID=2096) to work on /home/airflow/.local/lib/python3.10/site-packages/airflow/example_dags/example_short_circuit_operator.py
[2025-05-09T13:00:49.705+0000] {processor.py:830} INFO - Processing file /home/airflow/.local/lib/python3.10/site-packages/airflow/example_dags/example_short_circuit_operator.py for tasks to queue
[2025-05-09T13:00:49.708+0000] {logging_mixin.py:188} INFO - [2025-05-09T13:00:49.707+0000] {dagbag.py:545} INFO - Filling up the DagBag from /home/airflow/.local/lib/python3.10/site-packages/airflow/example_dags/example_short_circuit_operator.py
[2025-05-09T13:00:49.715+0000] {processor.py:840} INFO - DAG(s) 'example_short_circuit_operator' retrieved from /home/airflow/.local/lib/python3.10/site-packages/airflow/example_dags/example_short_circuit_operator.py
[2025-05-09T13:00:49.740+0000] {logging_mixin.py:188} INFO - [2025-05-09T13:00:49.740+0000] {dag.py:3096} INFO - Sync 1 DAGs
[2025-05-09T13:00:49.761+0000] {logging_mixin.py:188} INFO - [2025-05-09T13:00:49.761+0000] {dag.py:3954} INFO - Setting next_dagrun for example_short_circuit_operator to 2025-05-08 00:00:00+00:00, run_after=2025-05-09 00:00:00+00:00
[2025-05-09T13:00:49.781+0000] {processor.py:183} INFO - Processing /home/airflow/.local/lib/python3.10/site-packages/airflow/example_dags/example_short_circuit_operator.py took 0.083 seconds
[2025-05-09T13:01:20.950+0000] {processor.py:161} INFO - Started process (PID=2358) to work on /home/airflow/.local/lib/python3.10/site-packages/airflow/example_dags/example_short_circuit_operator.py
[2025-05-09T13:01:20.952+0000] {processor.py:830} INFO - Processing file /home/airflow/.local/lib/python3.10/site-packages/airflow/example_dags/example_short_circuit_operator.py for tasks to queue
[2025-05-09T13:01:20.954+0000] {logging_mixin.py:188} INFO - [2025-05-09T13:01:20.953+0000] {dagbag.py:545} INFO - Filling up the DagBag from /home/airflow/.local/lib/python3.10/site-packages/airflow/example_dags/example_short_circuit_operator.py
[2025-05-09T13:01:20.962+0000] {processor.py:840} INFO - DAG(s) 'example_short_circuit_operator' retrieved from /home/airflow/.local/lib/python3.10/site-packages/airflow/example_dags/example_short_circuit_operator.py
[2025-05-09T13:01:20.994+0000] {logging_mixin.py:188} INFO - [2025-05-09T13:01:20.994+0000] {dag.py:3096} INFO - Sync 1 DAGs
[2025-05-09T13:01:21.035+0000] {logging_mixin.py:188} INFO - [2025-05-09T13:01:21.034+0000] {dag.py:3954} INFO - Setting next_dagrun for example_short_circuit_operator to 2025-05-08 00:00:00+00:00, run_after=2025-05-09 00:00:00+00:00
[2025-05-09T13:01:21.061+0000] {processor.py:183} INFO - Processing /home/airflow/.local/lib/python3.10/site-packages/airflow/example_dags/example_short_circuit_operator.py took 0.118 seconds
[2025-05-09T13:01:51.224+0000] {processor.py:161} INFO - Started process (PID=2620) to work on /home/airflow/.local/lib/python3.10/site-packages/airflow/example_dags/example_short_circuit_operator.py
[2025-05-09T13:01:51.225+0000] {processor.py:830} INFO - Processing file /home/airflow/.local/lib/python3.10/site-packages/airflow/example_dags/example_short_circuit_operator.py for tasks to queue
[2025-05-09T13:01:51.229+0000] {logging_mixin.py:188} INFO - [2025-05-09T13:01:51.228+0000] {dagbag.py:545} INFO - Filling up the DagBag from /home/airflow/.local/lib/python3.10/site-packages/airflow/example_dags/example_short_circuit_operator.py
[2025-05-09T13:01:51.238+0000] {processor.py:840} INFO - DAG(s) 'example_short_circuit_operator' retrieved from /home/airflow/.local/lib/python3.10/site-packages/airflow/example_dags/example_short_circuit_operator.py
[2025-05-09T13:01:51.268+0000] {logging_mixin.py:188} INFO - [2025-05-09T13:01:51.268+0000] {dag.py:3096} INFO - Sync 1 DAGs
[2025-05-09T13:01:51.293+0000] {logging_mixin.py:188} INFO - [2025-05-09T13:01:51.293+0000] {dag.py:3954} INFO - Setting next_dagrun for example_short_circuit_operator to 2025-05-08 00:00:00+00:00, run_after=2025-05-09 00:00:00+00:00
[2025-05-09T13:01:51.314+0000] {processor.py:183} INFO - Processing /home/airflow/.local/lib/python3.10/site-packages/airflow/example_dags/example_short_circuit_operator.py took 0.098 seconds
[2025-05-09T13:02:21.666+0000] {processor.py:161} INFO - Started process (PID=2882) to work on /home/airflow/.local/lib/python3.10/site-packages/airflow/example_dags/example_short_circuit_operator.py
[2025-05-09T13:02:21.667+0000] {processor.py:830} INFO - Processing file /home/airflow/.local/lib/python3.10/site-packages/airflow/example_dags/example_short_circuit_operator.py for tasks to queue
[2025-05-09T13:02:21.669+0000] {logging_mixin.py:188} INFO - [2025-05-09T13:02:21.669+0000] {dagbag.py:545} INFO - Filling up the DagBag from /home/airflow/.local/lib/python3.10/site-packages/airflow/example_dags/example_short_circuit_operator.py
[2025-05-09T13:02:21.679+0000] {processor.py:840} INFO - DAG(s) 'example_short_circuit_operator' retrieved from /home/airflow/.local/lib/python3.10/site-packages/airflow/example_dags/example_short_circuit_operator.py
[2025-05-09T13:02:21.715+0000] {logging_mixin.py:188} INFO - [2025-05-09T13:02:21.715+0000] {dag.py:3096} INFO - Sync 1 DAGs
[2025-05-09T13:02:21.748+0000] {logging_mixin.py:188} INFO - [2025-05-09T13:02:21.748+0000] {dag.py:3954} INFO - Setting next_dagrun for example_short_circuit_operator to 2025-05-08 00:00:00+00:00, run_after=2025-05-09 00:00:00+00:00
[2025-05-09T13:02:21.773+0000] {processor.py:183} INFO - Processing /home/airflow/.local/lib/python3.10/site-packages/airflow/example_dags/example_short_circuit_operator.py took 0.115 seconds
[2025-05-09T13:02:52.446+0000] {processor.py:161} INFO - Started process (PID=3144) to work on /home/airflow/.local/lib/python3.10/site-packages/airflow/example_dags/example_short_circuit_operator.py
[2025-05-09T13:02:52.448+0000] {processor.py:830} INFO - Processing file /home/airflow/.local/lib/python3.10/site-packages/airflow/example_dags/example_short_circuit_operator.py for tasks to queue
[2025-05-09T13:02:52.451+0000] {logging_mixin.py:188} INFO - [2025-05-09T13:02:52.450+0000] {dagbag.py:545} INFO - Filling up the DagBag from /home/airflow/.local/lib/python3.10/site-packages/airflow/example_dags/example_short_circuit_operator.py
[2025-05-09T13:02:52.459+0000] {processor.py:840} INFO - DAG(s) 'example_short_circuit_operator' retrieved from /home/airflow/.local/lib/python3.10/site-packages/airflow/example_dags/example_short_circuit_operator.py
[2025-05-09T13:02:52.490+0000] {logging_mixin.py:188} INFO - [2025-05-09T13:02:52.490+0000] {dag.py:3096} INFO - Sync 1 DAGs
[2025-05-09T13:02:52.521+0000] {logging_mixin.py:188} INFO - [2025-05-09T13:02:52.521+0000] {dag.py:3954} INFO - Setting next_dagrun for example_short_circuit_operator to 2025-05-08 00:00:00+00:00, run_after=2025-05-09 00:00:00+00:00
[2025-05-09T13:02:52.549+0000] {processor.py:183} INFO - Processing /home/airflow/.local/lib/python3.10/site-packages/airflow/example_dags/example_short_circuit_operator.py took 0.111 seconds
[2025-05-09T13:03:23.584+0000] {processor.py:161} INFO - Started process (PID=3406) to work on /home/airflow/.local/lib/python3.10/site-packages/airflow/example_dags/example_short_circuit_operator.py
[2025-05-09T13:03:23.585+0000] {processor.py:830} INFO - Processing file /home/airflow/.local/lib/python3.10/site-packages/airflow/example_dags/example_short_circuit_operator.py for tasks to queue
[2025-05-09T13:03:23.588+0000] {logging_mixin.py:188} INFO - [2025-05-09T13:03:23.587+0000] {dagbag.py:545} INFO - Filling up the DagBag from /home/airflow/.local/lib/python3.10/site-packages/airflow/example_dags/example_short_circuit_operator.py
[2025-05-09T13:03:23.597+0000] {processor.py:840} INFO - DAG(s) 'example_short_circuit_operator' retrieved from /home/airflow/.local/lib/python3.10/site-packages/airflow/example_dags/example_short_circuit_operator.py
[2025-05-09T13:03:23.628+0000] {logging_mixin.py:188} INFO - [2025-05-09T13:03:23.627+0000] {dag.py:3096} INFO - Sync 1 DAGs
[2025-05-09T13:03:23.653+0000] {logging_mixin.py:188} INFO - [2025-05-09T13:03:23.653+0000] {dag.py:3954} INFO - Setting next_dagrun for example_short_circuit_operator to 2025-05-08 00:00:00+00:00, run_after=2025-05-09 00:00:00+00:00
[2025-05-09T13:03:23.678+0000] {processor.py:183} INFO - Processing /home/airflow/.local/lib/python3.10/site-packages/airflow/example_dags/example_short_circuit_operator.py took 0.104 seconds
[2025-05-09T13:03:54.285+0000] {processor.py:161} INFO - Started process (PID=3668) to work on /home/airflow/.local/lib/python3.10/site-packages/airflow/example_dags/example_short_circuit_operator.py
[2025-05-09T13:03:54.287+0000] {processor.py:830} INFO - Processing file /home/airflow/.local/lib/python3.10/site-packages/airflow/example_dags/example_short_circuit_operator.py for tasks to queue
[2025-05-09T13:03:54.290+0000] {logging_mixin.py:188} INFO - [2025-05-09T13:03:54.289+0000] {dagbag.py:545} INFO - Filling up the DagBag from /home/airflow/.local/lib/python3.10/site-packages/airflow/example_dags/example_short_circuit_operator.py
[2025-05-09T13:03:54.300+0000] {processor.py:840} INFO - DAG(s) 'example_short_circuit_operator' retrieved from /home/airflow/.local/lib/python3.10/site-packages/airflow/example_dags/example_short_circuit_operator.py
[2025-05-09T13:03:54.332+0000] {logging_mixin.py:188} INFO - [2025-05-09T13:03:54.332+0000] {dag.py:3096} INFO - Sync 1 DAGs
[2025-05-09T13:03:54.363+0000] {logging_mixin.py:188} INFO - [2025-05-09T13:03:54.363+0000] {dag.py:3954} INFO - Setting next_dagrun for example_short_circuit_operator to 2025-05-08 00:00:00+00:00, run_after=2025-05-09 00:00:00+00:00
[2025-05-09T13:03:54.391+0000] {processor.py:183} INFO - Processing /home/airflow/.local/lib/python3.10/site-packages/airflow/example_dags/example_short_circuit_operator.py took 0.114 seconds
[2025-05-09T15:43:45.319+0000] {processor.py:161} INFO - Started process (PID=3943) to work on /home/airflow/.local/lib/python3.10/site-packages/airflow/example_dags/example_short_circuit_operator.py
[2025-05-09T15:43:45.323+0000] {processor.py:830} INFO - Processing file /home/airflow/.local/lib/python3.10/site-packages/airflow/example_dags/example_short_circuit_operator.py for tasks to queue
[2025-05-09T15:43:45.328+0000] {logging_mixin.py:188} INFO - [2025-05-09T15:43:45.327+0000] {dagbag.py:545} INFO - Filling up the DagBag from /home/airflow/.local/lib/python3.10/site-packages/airflow/example_dags/example_short_circuit_operator.py
[2025-05-09T15:43:45.381+0000] {processor.py:840} INFO - DAG(s) 'example_short_circuit_operator' retrieved from /home/airflow/.local/lib/python3.10/site-packages/airflow/example_dags/example_short_circuit_operator.py
[2025-05-09T15:43:45.548+0000] {logging_mixin.py:188} INFO - [2025-05-09T15:43:45.547+0000] {dag.py:3096} INFO - Sync 1 DAGs
[2025-05-09T15:43:45.788+0000] {logging_mixin.py:188} INFO - [2025-05-09T15:43:45.787+0000] {dag.py:3954} INFO - Setting next_dagrun for example_short_circuit_operator to 2025-05-08 00:00:00+00:00, run_after=2025-05-09 00:00:00+00:00
[2025-05-09T15:43:45.961+0000] {processor.py:183} INFO - Processing /home/airflow/.local/lib/python3.10/site-packages/airflow/example_dags/example_short_circuit_operator.py took 0.697 seconds
[2025-05-09T15:44:16.245+0000] {processor.py:161} INFO - Started process (PID=4209) to work on /home/airflow/.local/lib/python3.10/site-packages/airflow/example_dags/example_short_circuit_operator.py
[2025-05-09T15:44:16.246+0000] {processor.py:830} INFO - Processing file /home/airflow/.local/lib/python3.10/site-packages/airflow/example_dags/example_short_circuit_operator.py for tasks to queue
[2025-05-09T15:44:16.249+0000] {logging_mixin.py:188} INFO - [2025-05-09T15:44:16.248+0000] {dagbag.py:545} INFO - Filling up the DagBag from /home/airflow/.local/lib/python3.10/site-packages/airflow/example_dags/example_short_circuit_operator.py
[2025-05-09T15:44:16.258+0000] {processor.py:840} INFO - DAG(s) 'example_short_circuit_operator' retrieved from /home/airflow/.local/lib/python3.10/site-packages/airflow/example_dags/example_short_circuit_operator.py
[2025-05-09T15:44:16.286+0000] {logging_mixin.py:188} INFO - [2025-05-09T15:44:16.286+0000] {dag.py:3096} INFO - Sync 1 DAGs
[2025-05-09T15:44:16.314+0000] {logging_mixin.py:188} INFO - [2025-05-09T15:44:16.313+0000] {dag.py:3954} INFO - Setting next_dagrun for example_short_circuit_operator to 2025-05-08 00:00:00+00:00, run_after=2025-05-09 00:00:00+00:00
[2025-05-09T15:44:16.336+0000] {processor.py:183} INFO - Processing /home/airflow/.local/lib/python3.10/site-packages/airflow/example_dags/example_short_circuit_operator.py took 0.098 seconds
[2025-05-09T15:44:46.878+0000] {processor.py:161} INFO - Started process (PID=4483) to work on /home/airflow/.local/lib/python3.10/site-packages/airflow/example_dags/example_short_circuit_operator.py
[2025-05-09T15:44:46.880+0000] {processor.py:830} INFO - Processing file /home/airflow/.local/lib/python3.10/site-packages/airflow/example_dags/example_short_circuit_operator.py for tasks to queue
[2025-05-09T15:44:46.882+0000] {logging_mixin.py:188} INFO - [2025-05-09T15:44:46.882+0000] {dagbag.py:545} INFO - Filling up the DagBag from /home/airflow/.local/lib/python3.10/site-packages/airflow/example_dags/example_short_circuit_operator.py
[2025-05-09T15:44:46.891+0000] {processor.py:840} INFO - DAG(s) 'example_short_circuit_operator' retrieved from /home/airflow/.local/lib/python3.10/site-packages/airflow/example_dags/example_short_circuit_operator.py
[2025-05-09T15:44:46.924+0000] {logging_mixin.py:188} INFO - [2025-05-09T15:44:46.923+0000] {dag.py:3096} INFO - Sync 1 DAGs
[2025-05-09T15:44:46.949+0000] {logging_mixin.py:188} INFO - [2025-05-09T15:44:46.949+0000] {dag.py:3954} INFO - Setting next_dagrun for example_short_circuit_operator to 2025-05-08 00:00:00+00:00, run_after=2025-05-09 00:00:00+00:00
[2025-05-09T15:44:46.973+0000] {processor.py:183} INFO - Processing /home/airflow/.local/lib/python3.10/site-packages/airflow/example_dags/example_short_circuit_operator.py took 0.103 seconds
[2025-05-09T15:45:17.293+0000] {processor.py:161} INFO - Started process (PID=4749) to work on /home/airflow/.local/lib/python3.10/site-packages/airflow/example_dags/example_short_circuit_operator.py
[2025-05-09T15:45:17.295+0000] {processor.py:830} INFO - Processing file /home/airflow/.local/lib/python3.10/site-packages/airflow/example_dags/example_short_circuit_operator.py for tasks to queue
[2025-05-09T15:45:17.297+0000] {logging_mixin.py:188} INFO - [2025-05-09T15:45:17.297+0000] {dagbag.py:545} INFO - Filling up the DagBag from /home/airflow/.local/lib/python3.10/site-packages/airflow/example_dags/example_short_circuit_operator.py
[2025-05-09T15:45:17.307+0000] {processor.py:840} INFO - DAG(s) 'example_short_circuit_operator' retrieved from /home/airflow/.local/lib/python3.10/site-packages/airflow/example_dags/example_short_circuit_operator.py
[2025-05-09T15:45:17.339+0000] {logging_mixin.py:188} INFO - [2025-05-09T15:45:17.339+0000] {dag.py:3096} INFO - Sync 1 DAGs
[2025-05-09T15:45:17.371+0000] {logging_mixin.py:188} INFO - [2025-05-09T15:45:17.370+0000] {dag.py:3954} INFO - Setting next_dagrun for example_short_circuit_operator to 2025-05-08 00:00:00+00:00, run_after=2025-05-09 00:00:00+00:00
[2025-05-09T15:45:17.404+0000] {processor.py:183} INFO - Processing /home/airflow/.local/lib/python3.10/site-packages/airflow/example_dags/example_short_circuit_operator.py took 0.118 seconds
[2025-05-09T15:45:47.583+0000] {processor.py:161} INFO - Started process (PID=5010) to work on /home/airflow/.local/lib/python3.10/site-packages/airflow/example_dags/example_short_circuit_operator.py
[2025-05-09T15:45:47.584+0000] {processor.py:830} INFO - Processing file /home/airflow/.local/lib/python3.10/site-packages/airflow/example_dags/example_short_circuit_operator.py for tasks to queue
[2025-05-09T15:45:47.586+0000] {logging_mixin.py:188} INFO - [2025-05-09T15:45:47.586+0000] {dagbag.py:545} INFO - Filling up the DagBag from /home/airflow/.local/lib/python3.10/site-packages/airflow/example_dags/example_short_circuit_operator.py
[2025-05-09T15:45:47.594+0000] {processor.py:840} INFO - DAG(s) 'example_short_circuit_operator' retrieved from /home/airflow/.local/lib/python3.10/site-packages/airflow/example_dags/example_short_circuit_operator.py
[2025-05-09T15:45:47.620+0000] {logging_mixin.py:188} INFO - [2025-05-09T15:45:47.619+0000] {dag.py:3096} INFO - Sync 1 DAGs
[2025-05-09T15:45:47.655+0000] {logging_mixin.py:188} INFO - [2025-05-09T15:45:47.654+0000] {dag.py:3954} INFO - Setting next_dagrun for example_short_circuit_operator to 2025-05-08 00:00:00+00:00, run_after=2025-05-09 00:00:00+00:00
[2025-05-09T15:45:47.694+0000] {processor.py:183} INFO - Processing /home/airflow/.local/lib/python3.10/site-packages/airflow/example_dags/example_short_circuit_operator.py took 0.119 seconds
[2025-05-09T15:46:17.785+0000] {processor.py:161} INFO - Started process (PID=5278) to work on /home/airflow/.local/lib/python3.10/site-packages/airflow/example_dags/example_short_circuit_operator.py
[2025-05-09T15:46:17.786+0000] {processor.py:830} INFO - Processing file /home/airflow/.local/lib/python3.10/site-packages/airflow/example_dags/example_short_circuit_operator.py for tasks to queue
[2025-05-09T15:46:17.788+0000] {logging_mixin.py:188} INFO - [2025-05-09T15:46:17.788+0000] {dagbag.py:545} INFO - Filling up the DagBag from /home/airflow/.local/lib/python3.10/site-packages/airflow/example_dags/example_short_circuit_operator.py
[2025-05-09T15:46:17.797+0000] {processor.py:840} INFO - DAG(s) 'example_short_circuit_operator' retrieved from /home/airflow/.local/lib/python3.10/site-packages/airflow/example_dags/example_short_circuit_operator.py
[2025-05-09T15:46:17.824+0000] {logging_mixin.py:188} INFO - [2025-05-09T15:46:17.823+0000] {dag.py:3096} INFO - Sync 1 DAGs
[2025-05-09T15:46:17.851+0000] {logging_mixin.py:188} INFO - [2025-05-09T15:46:17.851+0000] {dag.py:3954} INFO - Setting next_dagrun for example_short_circuit_operator to 2025-05-08 00:00:00+00:00, run_after=2025-05-09 00:00:00+00:00
[2025-05-09T15:46:17.885+0000] {processor.py:183} INFO - Processing /home/airflow/.local/lib/python3.10/site-packages/airflow/example_dags/example_short_circuit_operator.py took 0.107 seconds
[2025-05-09T15:46:48.575+0000] {processor.py:161} INFO - Started process (PID=5540) to work on /home/airflow/.local/lib/python3.10/site-packages/airflow/example_dags/example_short_circuit_operator.py
[2025-05-09T15:46:48.577+0000] {processor.py:830} INFO - Processing file /home/airflow/.local/lib/python3.10/site-packages/airflow/example_dags/example_short_circuit_operator.py for tasks to queue
[2025-05-09T15:46:48.579+0000] {logging_mixin.py:188} INFO - [2025-05-09T15:46:48.579+0000] {dagbag.py:545} INFO - Filling up the DagBag from /home/airflow/.local/lib/python3.10/site-packages/airflow/example_dags/example_short_circuit_operator.py
[2025-05-09T15:46:48.591+0000] {processor.py:840} INFO - DAG(s) 'example_short_circuit_operator' retrieved from /home/airflow/.local/lib/python3.10/site-packages/airflow/example_dags/example_short_circuit_operator.py
[2025-05-09T15:46:48.626+0000] {logging_mixin.py:188} INFO - [2025-05-09T15:46:48.626+0000] {dag.py:3096} INFO - Sync 1 DAGs
[2025-05-09T15:46:48.703+0000] {logging_mixin.py:188} INFO - [2025-05-09T15:46:48.703+0000] {dag.py:3954} INFO - Setting next_dagrun for example_short_circuit_operator to 2025-05-08 00:00:00+00:00, run_after=2025-05-09 00:00:00+00:00
[2025-05-09T15:46:48.775+0000] {processor.py:183} INFO - Processing /home/airflow/.local/lib/python3.10/site-packages/airflow/example_dags/example_short_circuit_operator.py took 0.209 seconds
[2025-05-09T15:47:19.350+0000] {processor.py:161} INFO - Started process (PID=5802) to work on /home/airflow/.local/lib/python3.10/site-packages/airflow/example_dags/example_short_circuit_operator.py
[2025-05-09T15:47:19.352+0000] {processor.py:830} INFO - Processing file /home/airflow/.local/lib/python3.10/site-packages/airflow/example_dags/example_short_circuit_operator.py for tasks to queue
[2025-05-09T15:47:19.354+0000] {logging_mixin.py:188} INFO - [2025-05-09T15:47:19.353+0000] {dagbag.py:545} INFO - Filling up the DagBag from /home/airflow/.local/lib/python3.10/site-packages/airflow/example_dags/example_short_circuit_operator.py
[2025-05-09T15:47:19.361+0000] {processor.py:840} INFO - DAG(s) 'example_short_circuit_operator' retrieved from /home/airflow/.local/lib/python3.10/site-packages/airflow/example_dags/example_short_circuit_operator.py
[2025-05-09T15:47:19.386+0000] {logging_mixin.py:188} INFO - [2025-05-09T15:47:19.386+0000] {dag.py:3096} INFO - Sync 1 DAGs
[2025-05-09T15:47:19.409+0000] {logging_mixin.py:188} INFO - [2025-05-09T15:47:19.409+0000] {dag.py:3954} INFO - Setting next_dagrun for example_short_circuit_operator to 2025-05-08 00:00:00+00:00, run_after=2025-05-09 00:00:00+00:00
[2025-05-09T15:47:19.432+0000] {processor.py:183} INFO - Processing /home/airflow/.local/lib/python3.10/site-packages/airflow/example_dags/example_short_circuit_operator.py took 0.088 seconds
[2025-05-09T15:47:50.010+0000] {processor.py:161} INFO - Started process (PID=6064) to work on /home/airflow/.local/lib/python3.10/site-packages/airflow/example_dags/example_short_circuit_operator.py
[2025-05-09T15:47:50.012+0000] {processor.py:830} INFO - Processing file /home/airflow/.local/lib/python3.10/site-packages/airflow/example_dags/example_short_circuit_operator.py for tasks to queue
[2025-05-09T15:47:50.014+0000] {logging_mixin.py:188} INFO - [2025-05-09T15:47:50.014+0000] {dagbag.py:545} INFO - Filling up the DagBag from /home/airflow/.local/lib/python3.10/site-packages/airflow/example_dags/example_short_circuit_operator.py
[2025-05-09T15:47:50.023+0000] {processor.py:840} INFO - DAG(s) 'example_short_circuit_operator' retrieved from /home/airflow/.local/lib/python3.10/site-packages/airflow/example_dags/example_short_circuit_operator.py
[2025-05-09T15:47:50.048+0000] {logging_mixin.py:188} INFO - [2025-05-09T15:47:50.048+0000] {dag.py:3096} INFO - Sync 1 DAGs
[2025-05-09T15:47:50.075+0000] {logging_mixin.py:188} INFO - [2025-05-09T15:47:50.075+0000] {dag.py:3954} INFO - Setting next_dagrun for example_short_circuit_operator to 2025-05-08 00:00:00+00:00, run_after=2025-05-09 00:00:00+00:00
[2025-05-09T15:47:50.095+0000] {processor.py:183} INFO - Processing /home/airflow/.local/lib/python3.10/site-packages/airflow/example_dags/example_short_circuit_operator.py took 0.093 seconds
[2025-05-09T15:48:20.324+0000] {processor.py:161} INFO - Started process (PID=6343) to work on /home/airflow/.local/lib/python3.10/site-packages/airflow/example_dags/example_short_circuit_operator.py
[2025-05-09T15:48:20.325+0000] {processor.py:830} INFO - Processing file /home/airflow/.local/lib/python3.10/site-packages/airflow/example_dags/example_short_circuit_operator.py for tasks to queue
[2025-05-09T15:48:20.327+0000] {logging_mixin.py:188} INFO - [2025-05-09T15:48:20.326+0000] {dagbag.py:545} INFO - Filling up the DagBag from /home/airflow/.local/lib/python3.10/site-packages/airflow/example_dags/example_short_circuit_operator.py
[2025-05-09T15:48:20.337+0000] {processor.py:840} INFO - DAG(s) 'example_short_circuit_operator' retrieved from /home/airflow/.local/lib/python3.10/site-packages/airflow/example_dags/example_short_circuit_operator.py
[2025-05-09T15:48:20.362+0000] {logging_mixin.py:188} INFO - [2025-05-09T15:48:20.361+0000] {dag.py:3096} INFO - Sync 1 DAGs
[2025-05-09T15:48:20.398+0000] {logging_mixin.py:188} INFO - [2025-05-09T15:48:20.398+0000] {dag.py:3954} INFO - Setting next_dagrun for example_short_circuit_operator to 2025-05-08 00:00:00+00:00, run_after=2025-05-09 00:00:00+00:00
[2025-05-09T15:48:20.434+0000] {processor.py:183} INFO - Processing /home/airflow/.local/lib/python3.10/site-packages/airflow/example_dags/example_short_circuit_operator.py took 0.117 seconds
[2025-05-09T15:48:51.292+0000] {processor.py:161} INFO - Started process (PID=6623) to work on /home/airflow/.local/lib/python3.10/site-packages/airflow/example_dags/example_short_circuit_operator.py
[2025-05-09T15:48:51.294+0000] {processor.py:830} INFO - Processing file /home/airflow/.local/lib/python3.10/site-packages/airflow/example_dags/example_short_circuit_operator.py for tasks to queue
[2025-05-09T15:48:51.297+0000] {logging_mixin.py:188} INFO - [2025-05-09T15:48:51.297+0000] {dagbag.py:545} INFO - Filling up the DagBag from /home/airflow/.local/lib/python3.10/site-packages/airflow/example_dags/example_short_circuit_operator.py
[2025-05-09T15:48:51.306+0000] {processor.py:840} INFO - DAG(s) 'example_short_circuit_operator' retrieved from /home/airflow/.local/lib/python3.10/site-packages/airflow/example_dags/example_short_circuit_operator.py
[2025-05-09T15:48:51.334+0000] {logging_mixin.py:188} INFO - [2025-05-09T15:48:51.334+0000] {dag.py:3096} INFO - Sync 1 DAGs
[2025-05-09T15:48:51.363+0000] {logging_mixin.py:188} INFO - [2025-05-09T15:48:51.362+0000] {dag.py:3954} INFO - Setting next_dagrun for example_short_circuit_operator to 2025-05-08 00:00:00+00:00, run_after=2025-05-09 00:00:00+00:00
[2025-05-09T15:48:51.393+0000] {processor.py:183} INFO - Processing /home/airflow/.local/lib/python3.10/site-packages/airflow/example_dags/example_short_circuit_operator.py took 0.110 seconds
[2025-05-09T15:49:21.574+0000] {processor.py:161} INFO - Started process (PID=6902) to work on /home/airflow/.local/lib/python3.10/site-packages/airflow/example_dags/example_short_circuit_operator.py
[2025-05-09T15:49:21.576+0000] {processor.py:830} INFO - Processing file /home/airflow/.local/lib/python3.10/site-packages/airflow/example_dags/example_short_circuit_operator.py for tasks to queue
[2025-05-09T15:49:21.578+0000] {logging_mixin.py:188} INFO - [2025-05-09T15:49:21.578+0000] {dagbag.py:545} INFO - Filling up the DagBag from /home/airflow/.local/lib/python3.10/site-packages/airflow/example_dags/example_short_circuit_operator.py
[2025-05-09T15:49:21.588+0000] {processor.py:840} INFO - DAG(s) 'example_short_circuit_operator' retrieved from /home/airflow/.local/lib/python3.10/site-packages/airflow/example_dags/example_short_circuit_operator.py
[2025-05-09T15:49:21.619+0000] {logging_mixin.py:188} INFO - [2025-05-09T15:49:21.618+0000] {dag.py:3096} INFO - Sync 1 DAGs
[2025-05-09T15:49:21.644+0000] {logging_mixin.py:188} INFO - [2025-05-09T15:49:21.644+0000] {dag.py:3954} INFO - Setting next_dagrun for example_short_circuit_operator to 2025-05-08 00:00:00+00:00, run_after=2025-05-09 00:00:00+00:00
[2025-05-09T15:49:21.666+0000] {processor.py:183} INFO - Processing /home/airflow/.local/lib/python3.10/site-packages/airflow/example_dags/example_short_circuit_operator.py took 0.100 seconds
[2025-05-09T15:49:51.796+0000] {processor.py:161} INFO - Started process (PID=7165) to work on /home/airflow/.local/lib/python3.10/site-packages/airflow/example_dags/example_short_circuit_operator.py
[2025-05-09T15:49:51.797+0000] {processor.py:830} INFO - Processing file /home/airflow/.local/lib/python3.10/site-packages/airflow/example_dags/example_short_circuit_operator.py for tasks to queue
[2025-05-09T15:49:51.800+0000] {logging_mixin.py:188} INFO - [2025-05-09T15:49:51.799+0000] {dagbag.py:545} INFO - Filling up the DagBag from /home/airflow/.local/lib/python3.10/site-packages/airflow/example_dags/example_short_circuit_operator.py
[2025-05-09T15:49:51.808+0000] {processor.py:840} INFO - DAG(s) 'example_short_circuit_operator' retrieved from /home/airflow/.local/lib/python3.10/site-packages/airflow/example_dags/example_short_circuit_operator.py
[2025-05-09T15:49:51.834+0000] {logging_mixin.py:188} INFO - [2025-05-09T15:49:51.834+0000] {dag.py:3096} INFO - Sync 1 DAGs
[2025-05-09T15:49:51.856+0000] {logging_mixin.py:188} INFO - [2025-05-09T15:49:51.856+0000] {dag.py:3954} INFO - Setting next_dagrun for example_short_circuit_operator to 2025-05-08 00:00:00+00:00, run_after=2025-05-09 00:00:00+00:00
[2025-05-09T15:49:51.891+0000] {processor.py:183} INFO - Processing /home/airflow/.local/lib/python3.10/site-packages/airflow/example_dags/example_short_circuit_operator.py took 0.103 seconds
[2025-05-09T15:50:22.404+0000] {processor.py:161} INFO - Started process (PID=7433) to work on /home/airflow/.local/lib/python3.10/site-packages/airflow/example_dags/example_short_circuit_operator.py
[2025-05-09T15:50:22.405+0000] {processor.py:830} INFO - Processing file /home/airflow/.local/lib/python3.10/site-packages/airflow/example_dags/example_short_circuit_operator.py for tasks to queue
[2025-05-09T15:50:22.408+0000] {logging_mixin.py:188} INFO - [2025-05-09T15:50:22.407+0000] {dagbag.py:545} INFO - Filling up the DagBag from /home/airflow/.local/lib/python3.10/site-packages/airflow/example_dags/example_short_circuit_operator.py
[2025-05-09T15:50:22.417+0000] {processor.py:840} INFO - DAG(s) 'example_short_circuit_operator' retrieved from /home/airflow/.local/lib/python3.10/site-packages/airflow/example_dags/example_short_circuit_operator.py
[2025-05-09T15:50:22.442+0000] {logging_mixin.py:188} INFO - [2025-05-09T15:50:22.442+0000] {dag.py:3096} INFO - Sync 1 DAGs
[2025-05-09T15:50:22.464+0000] {logging_mixin.py:188} INFO - [2025-05-09T15:50:22.464+0000] {dag.py:3954} INFO - Setting next_dagrun for example_short_circuit_operator to 2025-05-08 00:00:00+00:00, run_after=2025-05-09 00:00:00+00:00
[2025-05-09T15:50:22.486+0000] {processor.py:183} INFO - Processing /home/airflow/.local/lib/python3.10/site-packages/airflow/example_dags/example_short_circuit_operator.py took 0.088 seconds
[2025-05-09T15:50:52.735+0000] {processor.py:161} INFO - Started process (PID=7695) to work on /home/airflow/.local/lib/python3.10/site-packages/airflow/example_dags/example_short_circuit_operator.py
[2025-05-09T15:50:52.736+0000] {processor.py:830} INFO - Processing file /home/airflow/.local/lib/python3.10/site-packages/airflow/example_dags/example_short_circuit_operator.py for tasks to queue
[2025-05-09T15:50:52.738+0000] {logging_mixin.py:188} INFO - [2025-05-09T15:50:52.738+0000] {dagbag.py:545} INFO - Filling up the DagBag from /home/airflow/.local/lib/python3.10/site-packages/airflow/example_dags/example_short_circuit_operator.py
[2025-05-09T15:50:52.754+0000] {processor.py:840} INFO - DAG(s) 'example_short_circuit_operator' retrieved from /home/airflow/.local/lib/python3.10/site-packages/airflow/example_dags/example_short_circuit_operator.py
[2025-05-09T15:50:52.794+0000] {logging_mixin.py:188} INFO - [2025-05-09T15:50:52.794+0000] {dag.py:3096} INFO - Sync 1 DAGs
[2025-05-09T15:50:52.826+0000] {logging_mixin.py:188} INFO - [2025-05-09T15:50:52.825+0000] {dag.py:3954} INFO - Setting next_dagrun for example_short_circuit_operator to 2025-05-08 00:00:00+00:00, run_after=2025-05-09 00:00:00+00:00
[2025-05-09T15:50:52.847+0000] {processor.py:183} INFO - Processing /home/airflow/.local/lib/python3.10/site-packages/airflow/example_dags/example_short_circuit_operator.py took 0.119 seconds
[2025-05-09T15:51:23.241+0000] {processor.py:161} INFO - Started process (PID=7966) to work on /home/airflow/.local/lib/python3.10/site-packages/airflow/example_dags/example_short_circuit_operator.py
[2025-05-09T15:51:23.243+0000] {processor.py:830} INFO - Processing file /home/airflow/.local/lib/python3.10/site-packages/airflow/example_dags/example_short_circuit_operator.py for tasks to queue
[2025-05-09T15:51:23.247+0000] {logging_mixin.py:188} INFO - [2025-05-09T15:51:23.246+0000] {dagbag.py:545} INFO - Filling up the DagBag from /home/airflow/.local/lib/python3.10/site-packages/airflow/example_dags/example_short_circuit_operator.py
[2025-05-09T15:51:23.267+0000] {processor.py:840} INFO - DAG(s) 'example_short_circuit_operator' retrieved from /home/airflow/.local/lib/python3.10/site-packages/airflow/example_dags/example_short_circuit_operator.py
[2025-05-09T15:51:23.314+0000] {logging_mixin.py:188} INFO - [2025-05-09T15:51:23.313+0000] {dag.py:3096} INFO - Sync 1 DAGs
[2025-05-09T15:51:23.348+0000] {logging_mixin.py:188} INFO - [2025-05-09T15:51:23.348+0000] {dag.py:3954} INFO - Setting next_dagrun for example_short_circuit_operator to 2025-05-08 00:00:00+00:00, run_after=2025-05-09 00:00:00+00:00
[2025-05-09T15:51:23.381+0000] {processor.py:183} INFO - Processing /home/airflow/.local/lib/python3.10/site-packages/airflow/example_dags/example_short_circuit_operator.py took 0.154 seconds
[2025-05-09T15:51:53.811+0000] {processor.py:161} INFO - Started process (PID=8228) to work on /home/airflow/.local/lib/python3.10/site-packages/airflow/example_dags/example_short_circuit_operator.py
[2025-05-09T15:51:53.813+0000] {processor.py:830} INFO - Processing file /home/airflow/.local/lib/python3.10/site-packages/airflow/example_dags/example_short_circuit_operator.py for tasks to queue
[2025-05-09T15:51:53.815+0000] {logging_mixin.py:188} INFO - [2025-05-09T15:51:53.815+0000] {dagbag.py:545} INFO - Filling up the DagBag from /home/airflow/.local/lib/python3.10/site-packages/airflow/example_dags/example_short_circuit_operator.py
[2025-05-09T15:51:53.823+0000] {processor.py:840} INFO - DAG(s) 'example_short_circuit_operator' retrieved from /home/airflow/.local/lib/python3.10/site-packages/airflow/example_dags/example_short_circuit_operator.py
[2025-05-09T15:51:53.846+0000] {logging_mixin.py:188} INFO - [2025-05-09T15:51:53.846+0000] {dag.py:3096} INFO - Sync 1 DAGs
[2025-05-09T15:51:53.876+0000] {logging_mixin.py:188} INFO - [2025-05-09T15:51:53.875+0000] {dag.py:3954} INFO - Setting next_dagrun for example_short_circuit_operator to 2025-05-08 00:00:00+00:00, run_after=2025-05-09 00:00:00+00:00
[2025-05-09T15:51:53.907+0000] {processor.py:183} INFO - Processing /home/airflow/.local/lib/python3.10/site-packages/airflow/example_dags/example_short_circuit_operator.py took 0.102 seconds
[2025-05-09T15:52:24.564+0000] {processor.py:161} INFO - Started process (PID=8496) to work on /home/airflow/.local/lib/python3.10/site-packages/airflow/example_dags/example_short_circuit_operator.py
[2025-05-09T15:52:24.566+0000] {processor.py:830} INFO - Processing file /home/airflow/.local/lib/python3.10/site-packages/airflow/example_dags/example_short_circuit_operator.py for tasks to queue
[2025-05-09T15:52:24.568+0000] {logging_mixin.py:188} INFO - [2025-05-09T15:52:24.568+0000] {dagbag.py:545} INFO - Filling up the DagBag from /home/airflow/.local/lib/python3.10/site-packages/airflow/example_dags/example_short_circuit_operator.py
[2025-05-09T15:52:24.576+0000] {processor.py:840} INFO - DAG(s) 'example_short_circuit_operator' retrieved from /home/airflow/.local/lib/python3.10/site-packages/airflow/example_dags/example_short_circuit_operator.py
[2025-05-09T15:52:24.604+0000] {logging_mixin.py:188} INFO - [2025-05-09T15:52:24.604+0000] {dag.py:3096} INFO - Sync 1 DAGs
[2025-05-09T15:52:24.648+0000] {logging_mixin.py:188} INFO - [2025-05-09T15:52:24.648+0000] {dag.py:3954} INFO - Setting next_dagrun for example_short_circuit_operator to 2025-05-08 00:00:00+00:00, run_after=2025-05-09 00:00:00+00:00
[2025-05-09T15:52:24.697+0000] {processor.py:183} INFO - Processing /home/airflow/.local/lib/python3.10/site-packages/airflow/example_dags/example_short_circuit_operator.py took 0.140 seconds
[2025-05-09T15:52:54.840+0000] {processor.py:161} INFO - Started process (PID=8758) to work on /home/airflow/.local/lib/python3.10/site-packages/airflow/example_dags/example_short_circuit_operator.py
[2025-05-09T15:52:54.842+0000] {processor.py:830} INFO - Processing file /home/airflow/.local/lib/python3.10/site-packages/airflow/example_dags/example_short_circuit_operator.py for tasks to queue
[2025-05-09T15:52:54.844+0000] {logging_mixin.py:188} INFO - [2025-05-09T15:52:54.844+0000] {dagbag.py:545} INFO - Filling up the DagBag from /home/airflow/.local/lib/python3.10/site-packages/airflow/example_dags/example_short_circuit_operator.py
[2025-05-09T15:52:54.853+0000] {processor.py:840} INFO - DAG(s) 'example_short_circuit_operator' retrieved from /home/airflow/.local/lib/python3.10/site-packages/airflow/example_dags/example_short_circuit_operator.py
[2025-05-09T15:52:54.879+0000] {logging_mixin.py:188} INFO - [2025-05-09T15:52:54.878+0000] {dag.py:3096} INFO - Sync 1 DAGs
[2025-05-09T15:52:54.900+0000] {logging_mixin.py:188} INFO - [2025-05-09T15:52:54.900+0000] {dag.py:3954} INFO - Setting next_dagrun for example_short_circuit_operator to 2025-05-08 00:00:00+00:00, run_after=2025-05-09 00:00:00+00:00
[2025-05-09T15:52:54.919+0000] {processor.py:183} INFO - Processing /home/airflow/.local/lib/python3.10/site-packages/airflow/example_dags/example_short_circuit_operator.py took 0.085 seconds
[2025-05-09T15:53:25.225+0000] {processor.py:161} INFO - Started process (PID=9029) to work on /home/airflow/.local/lib/python3.10/site-packages/airflow/example_dags/example_short_circuit_operator.py
[2025-05-09T15:53:25.226+0000] {processor.py:830} INFO - Processing file /home/airflow/.local/lib/python3.10/site-packages/airflow/example_dags/example_short_circuit_operator.py for tasks to queue
[2025-05-09T15:53:25.228+0000] {logging_mixin.py:188} INFO - [2025-05-09T15:53:25.228+0000] {dagbag.py:545} INFO - Filling up the DagBag from /home/airflow/.local/lib/python3.10/site-packages/airflow/example_dags/example_short_circuit_operator.py
[2025-05-09T15:53:25.235+0000] {processor.py:840} INFO - DAG(s) 'example_short_circuit_operator' retrieved from /home/airflow/.local/lib/python3.10/site-packages/airflow/example_dags/example_short_circuit_operator.py
[2025-05-09T15:53:25.264+0000] {logging_mixin.py:188} INFO - [2025-05-09T15:53:25.264+0000] {dag.py:3096} INFO - Sync 1 DAGs
[2025-05-09T15:53:25.286+0000] {logging_mixin.py:188} INFO - [2025-05-09T15:53:25.285+0000] {dag.py:3954} INFO - Setting next_dagrun for example_short_circuit_operator to 2025-05-08 00:00:00+00:00, run_after=2025-05-09 00:00:00+00:00
[2025-05-09T15:53:25.314+0000] {processor.py:183} INFO - Processing /home/airflow/.local/lib/python3.10/site-packages/airflow/example_dags/example_short_circuit_operator.py took 0.096 seconds
[2025-05-09T15:53:55.581+0000] {processor.py:161} INFO - Started process (PID=9300) to work on /home/airflow/.local/lib/python3.10/site-packages/airflow/example_dags/example_short_circuit_operator.py
[2025-05-09T15:53:55.583+0000] {processor.py:830} INFO - Processing file /home/airflow/.local/lib/python3.10/site-packages/airflow/example_dags/example_short_circuit_operator.py for tasks to queue
[2025-05-09T15:53:55.586+0000] {logging_mixin.py:188} INFO - [2025-05-09T15:53:55.585+0000] {dagbag.py:545} INFO - Filling up the DagBag from /home/airflow/.local/lib/python3.10/site-packages/airflow/example_dags/example_short_circuit_operator.py
[2025-05-09T15:53:55.596+0000] {processor.py:840} INFO - DAG(s) 'example_short_circuit_operator' retrieved from /home/airflow/.local/lib/python3.10/site-packages/airflow/example_dags/example_short_circuit_operator.py
[2025-05-09T15:53:55.633+0000] {logging_mixin.py:188} INFO - [2025-05-09T15:53:55.633+0000] {dag.py:3096} INFO - Sync 1 DAGs
[2025-05-09T15:53:55.666+0000] {logging_mixin.py:188} INFO - [2025-05-09T15:53:55.666+0000] {dag.py:3954} INFO - Setting next_dagrun for example_short_circuit_operator to 2025-05-08 00:00:00+00:00, run_after=2025-05-09 00:00:00+00:00
[2025-05-09T15:53:55.704+0000] {processor.py:183} INFO - Processing /home/airflow/.local/lib/python3.10/site-packages/airflow/example_dags/example_short_circuit_operator.py took 0.134 seconds
[2025-05-09T15:54:26.630+0000] {processor.py:161} INFO - Started process (PID=9577) to work on /home/airflow/.local/lib/python3.10/site-packages/airflow/example_dags/example_short_circuit_operator.py
[2025-05-09T15:54:26.631+0000] {processor.py:830} INFO - Processing file /home/airflow/.local/lib/python3.10/site-packages/airflow/example_dags/example_short_circuit_operator.py for tasks to queue
[2025-05-09T15:54:26.633+0000] {logging_mixin.py:188} INFO - [2025-05-09T15:54:26.633+0000] {dagbag.py:545} INFO - Filling up the DagBag from /home/airflow/.local/lib/python3.10/site-packages/airflow/example_dags/example_short_circuit_operator.py
[2025-05-09T15:54:26.639+0000] {processor.py:840} INFO - DAG(s) 'example_short_circuit_operator' retrieved from /home/airflow/.local/lib/python3.10/site-packages/airflow/example_dags/example_short_circuit_operator.py
[2025-05-09T15:54:26.662+0000] {logging_mixin.py:188} INFO - [2025-05-09T15:54:26.662+0000] {dag.py:3096} INFO - Sync 1 DAGs
[2025-05-09T15:54:26.681+0000] {logging_mixin.py:188} INFO - [2025-05-09T15:54:26.681+0000] {dag.py:3954} INFO - Setting next_dagrun for example_short_circuit_operator to 2025-05-08 00:00:00+00:00, run_after=2025-05-09 00:00:00+00:00
[2025-05-09T15:54:26.706+0000] {processor.py:183} INFO - Processing /home/airflow/.local/lib/python3.10/site-packages/airflow/example_dags/example_short_circuit_operator.py took 0.083 seconds
[2025-05-09T15:54:57.128+0000] {processor.py:161} INFO - Started process (PID=9839) to work on /home/airflow/.local/lib/python3.10/site-packages/airflow/example_dags/example_short_circuit_operator.py
[2025-05-09T15:54:57.129+0000] {processor.py:830} INFO - Processing file /home/airflow/.local/lib/python3.10/site-packages/airflow/example_dags/example_short_circuit_operator.py for tasks to queue
[2025-05-09T15:54:57.132+0000] {logging_mixin.py:188} INFO - [2025-05-09T15:54:57.131+0000] {dagbag.py:545} INFO - Filling up the DagBag from /home/airflow/.local/lib/python3.10/site-packages/airflow/example_dags/example_short_circuit_operator.py
[2025-05-09T15:54:57.139+0000] {processor.py:840} INFO - DAG(s) 'example_short_circuit_operator' retrieved from /home/airflow/.local/lib/python3.10/site-packages/airflow/example_dags/example_short_circuit_operator.py
[2025-05-09T15:54:57.161+0000] {logging_mixin.py:188} INFO - [2025-05-09T15:54:57.161+0000] {dag.py:3096} INFO - Sync 1 DAGs
[2025-05-09T15:54:57.181+0000] {logging_mixin.py:188} INFO - [2025-05-09T15:54:57.181+0000] {dag.py:3954} INFO - Setting next_dagrun for example_short_circuit_operator to 2025-05-08 00:00:00+00:00, run_after=2025-05-09 00:00:00+00:00
[2025-05-09T15:54:57.209+0000] {processor.py:183} INFO - Processing /home/airflow/.local/lib/python3.10/site-packages/airflow/example_dags/example_short_circuit_operator.py took 0.086 seconds
[2025-05-09T15:55:27.307+0000] {processor.py:161} INFO - Started process (PID=10110) to work on /home/airflow/.local/lib/python3.10/site-packages/airflow/example_dags/example_short_circuit_operator.py
[2025-05-09T15:55:27.308+0000] {processor.py:830} INFO - Processing file /home/airflow/.local/lib/python3.10/site-packages/airflow/example_dags/example_short_circuit_operator.py for tasks to queue
[2025-05-09T15:55:27.310+0000] {logging_mixin.py:188} INFO - [2025-05-09T15:55:27.310+0000] {dagbag.py:545} INFO - Filling up the DagBag from /home/airflow/.local/lib/python3.10/site-packages/airflow/example_dags/example_short_circuit_operator.py
[2025-05-09T15:55:27.317+0000] {processor.py:840} INFO - DAG(s) 'example_short_circuit_operator' retrieved from /home/airflow/.local/lib/python3.10/site-packages/airflow/example_dags/example_short_circuit_operator.py
[2025-05-09T15:55:27.339+0000] {logging_mixin.py:188} INFO - [2025-05-09T15:55:27.339+0000] {dag.py:3096} INFO - Sync 1 DAGs
[2025-05-09T15:55:27.357+0000] {logging_mixin.py:188} INFO - [2025-05-09T15:55:27.356+0000] {dag.py:3954} INFO - Setting next_dagrun for example_short_circuit_operator to 2025-05-08 00:00:00+00:00, run_after=2025-05-09 00:00:00+00:00
[2025-05-09T15:55:27.375+0000] {processor.py:183} INFO - Processing /home/airflow/.local/lib/python3.10/site-packages/airflow/example_dags/example_short_circuit_operator.py took 0.073 seconds
[2025-05-09T15:55:57.728+0000] {processor.py:161} INFO - Started process (PID=10372) to work on /home/airflow/.local/lib/python3.10/site-packages/airflow/example_dags/example_short_circuit_operator.py
[2025-05-09T15:55:57.730+0000] {processor.py:830} INFO - Processing file /home/airflow/.local/lib/python3.10/site-packages/airflow/example_dags/example_short_circuit_operator.py for tasks to queue
[2025-05-09T15:55:57.732+0000] {logging_mixin.py:188} INFO - [2025-05-09T15:55:57.732+0000] {dagbag.py:545} INFO - Filling up the DagBag from /home/airflow/.local/lib/python3.10/site-packages/airflow/example_dags/example_short_circuit_operator.py
[2025-05-09T15:55:57.740+0000] {processor.py:840} INFO - DAG(s) 'example_short_circuit_operator' retrieved from /home/airflow/.local/lib/python3.10/site-packages/airflow/example_dags/example_short_circuit_operator.py
[2025-05-09T15:55:57.764+0000] {logging_mixin.py:188} INFO - [2025-05-09T15:55:57.763+0000] {dag.py:3096} INFO - Sync 1 DAGs
[2025-05-09T15:55:57.784+0000] {logging_mixin.py:188} INFO - [2025-05-09T15:55:57.783+0000] {dag.py:3954} INFO - Setting next_dagrun for example_short_circuit_operator to 2025-05-08 00:00:00+00:00, run_after=2025-05-09 00:00:00+00:00
[2025-05-09T15:55:57.817+0000] {processor.py:183} INFO - Processing /home/airflow/.local/lib/python3.10/site-packages/airflow/example_dags/example_short_circuit_operator.py took 0.093 seconds
[2025-05-09T15:56:28.078+0000] {processor.py:161} INFO - Started process (PID=10643) to work on /home/airflow/.local/lib/python3.10/site-packages/airflow/example_dags/example_short_circuit_operator.py
[2025-05-09T15:56:28.080+0000] {processor.py:830} INFO - Processing file /home/airflow/.local/lib/python3.10/site-packages/airflow/example_dags/example_short_circuit_operator.py for tasks to queue
[2025-05-09T15:56:28.082+0000] {logging_mixin.py:188} INFO - [2025-05-09T15:56:28.081+0000] {dagbag.py:545} INFO - Filling up the DagBag from /home/airflow/.local/lib/python3.10/site-packages/airflow/example_dags/example_short_circuit_operator.py
[2025-05-09T15:56:28.090+0000] {processor.py:840} INFO - DAG(s) 'example_short_circuit_operator' retrieved from /home/airflow/.local/lib/python3.10/site-packages/airflow/example_dags/example_short_circuit_operator.py
[2025-05-09T15:56:28.112+0000] {logging_mixin.py:188} INFO - [2025-05-09T15:56:28.111+0000] {dag.py:3096} INFO - Sync 1 DAGs
[2025-05-09T15:56:28.131+0000] {logging_mixin.py:188} INFO - [2025-05-09T15:56:28.131+0000] {dag.py:3954} INFO - Setting next_dagrun for example_short_circuit_operator to 2025-05-08 00:00:00+00:00, run_after=2025-05-09 00:00:00+00:00
[2025-05-09T15:56:28.148+0000] {processor.py:183} INFO - Processing /home/airflow/.local/lib/python3.10/site-packages/airflow/example_dags/example_short_circuit_operator.py took 0.075 seconds
[2025-05-09T15:56:58.206+0000] {processor.py:161} INFO - Started process (PID=10905) to work on /home/airflow/.local/lib/python3.10/site-packages/airflow/example_dags/example_short_circuit_operator.py
[2025-05-09T15:56:58.207+0000] {processor.py:830} INFO - Processing file /home/airflow/.local/lib/python3.10/site-packages/airflow/example_dags/example_short_circuit_operator.py for tasks to queue
[2025-05-09T15:56:58.209+0000] {logging_mixin.py:188} INFO - [2025-05-09T15:56:58.209+0000] {dagbag.py:545} INFO - Filling up the DagBag from /home/airflow/.local/lib/python3.10/site-packages/airflow/example_dags/example_short_circuit_operator.py
[2025-05-09T15:56:58.218+0000] {processor.py:840} INFO - DAG(s) 'example_short_circuit_operator' retrieved from /home/airflow/.local/lib/python3.10/site-packages/airflow/example_dags/example_short_circuit_operator.py
[2025-05-09T15:56:58.241+0000] {logging_mixin.py:188} INFO - [2025-05-09T15:56:58.241+0000] {dag.py:3096} INFO - Sync 1 DAGs
[2025-05-09T15:56:58.260+0000] {logging_mixin.py:188} INFO - [2025-05-09T15:56:58.260+0000] {dag.py:3954} INFO - Setting next_dagrun for example_short_circuit_operator to 2025-05-08 00:00:00+00:00, run_after=2025-05-09 00:00:00+00:00
[2025-05-09T15:56:58.284+0000] {processor.py:183} INFO - Processing /home/airflow/.local/lib/python3.10/site-packages/airflow/example_dags/example_short_circuit_operator.py took 0.084 seconds
[2025-05-09T15:57:28.399+0000] {processor.py:161} INFO - Started process (PID=11176) to work on /home/airflow/.local/lib/python3.10/site-packages/airflow/example_dags/example_short_circuit_operator.py
[2025-05-09T15:57:28.401+0000] {processor.py:830} INFO - Processing file /home/airflow/.local/lib/python3.10/site-packages/airflow/example_dags/example_short_circuit_operator.py for tasks to queue
[2025-05-09T15:57:28.404+0000] {logging_mixin.py:188} INFO - [2025-05-09T15:57:28.403+0000] {dagbag.py:545} INFO - Filling up the DagBag from /home/airflow/.local/lib/python3.10/site-packages/airflow/example_dags/example_short_circuit_operator.py
[2025-05-09T15:57:28.413+0000] {processor.py:840} INFO - DAG(s) 'example_short_circuit_operator' retrieved from /home/airflow/.local/lib/python3.10/site-packages/airflow/example_dags/example_short_circuit_operator.py
[2025-05-09T15:57:28.439+0000] {logging_mixin.py:188} INFO - [2025-05-09T15:57:28.438+0000] {dag.py:3096} INFO - Sync 1 DAGs
[2025-05-09T15:57:28.462+0000] {logging_mixin.py:188} INFO - [2025-05-09T15:57:28.462+0000] {dag.py:3954} INFO - Setting next_dagrun for example_short_circuit_operator to 2025-05-08 00:00:00+00:00, run_after=2025-05-09 00:00:00+00:00
[2025-05-09T15:57:28.487+0000] {processor.py:183} INFO - Processing /home/airflow/.local/lib/python3.10/site-packages/airflow/example_dags/example_short_circuit_operator.py took 0.095 seconds
[2025-05-09T15:57:59.166+0000] {processor.py:161} INFO - Started process (PID=11438) to work on /home/airflow/.local/lib/python3.10/site-packages/airflow/example_dags/example_short_circuit_operator.py
[2025-05-09T15:57:59.167+0000] {processor.py:830} INFO - Processing file /home/airflow/.local/lib/python3.10/site-packages/airflow/example_dags/example_short_circuit_operator.py for tasks to queue
[2025-05-09T15:57:59.169+0000] {logging_mixin.py:188} INFO - [2025-05-09T15:57:59.169+0000] {dagbag.py:545} INFO - Filling up the DagBag from /home/airflow/.local/lib/python3.10/site-packages/airflow/example_dags/example_short_circuit_operator.py
[2025-05-09T15:57:59.176+0000] {processor.py:840} INFO - DAG(s) 'example_short_circuit_operator' retrieved from /home/airflow/.local/lib/python3.10/site-packages/airflow/example_dags/example_short_circuit_operator.py
[2025-05-09T15:57:59.198+0000] {logging_mixin.py:188} INFO - [2025-05-09T15:57:59.197+0000] {dag.py:3096} INFO - Sync 1 DAGs
[2025-05-09T15:57:59.216+0000] {logging_mixin.py:188} INFO - [2025-05-09T15:57:59.216+0000] {dag.py:3954} INFO - Setting next_dagrun for example_short_circuit_operator to 2025-05-08 00:00:00+00:00, run_after=2025-05-09 00:00:00+00:00
[2025-05-09T15:57:59.240+0000] {processor.py:183} INFO - Processing /home/airflow/.local/lib/python3.10/site-packages/airflow/example_dags/example_short_circuit_operator.py took 0.081 seconds
[2025-05-09T15:58:29.649+0000] {processor.py:161} INFO - Started process (PID=11709) to work on /home/airflow/.local/lib/python3.10/site-packages/airflow/example_dags/example_short_circuit_operator.py
[2025-05-09T15:58:29.651+0000] {processor.py:830} INFO - Processing file /home/airflow/.local/lib/python3.10/site-packages/airflow/example_dags/example_short_circuit_operator.py for tasks to queue
[2025-05-09T15:58:29.654+0000] {logging_mixin.py:188} INFO - [2025-05-09T15:58:29.654+0000] {dagbag.py:545} INFO - Filling up the DagBag from /home/airflow/.local/lib/python3.10/site-packages/airflow/example_dags/example_short_circuit_operator.py
[2025-05-09T15:58:29.663+0000] {processor.py:840} INFO - DAG(s) 'example_short_circuit_operator' retrieved from /home/airflow/.local/lib/python3.10/site-packages/airflow/example_dags/example_short_circuit_operator.py
[2025-05-09T15:58:29.692+0000] {logging_mixin.py:188} INFO - [2025-05-09T15:58:29.692+0000] {dag.py:3096} INFO - Sync 1 DAGs
[2025-05-09T15:58:29.713+0000] {logging_mixin.py:188} INFO - [2025-05-09T15:58:29.713+0000] {dag.py:3954} INFO - Setting next_dagrun for example_short_circuit_operator to 2025-05-08 00:00:00+00:00, run_after=2025-05-09 00:00:00+00:00
[2025-05-09T15:58:29.737+0000] {processor.py:183} INFO - Processing /home/airflow/.local/lib/python3.10/site-packages/airflow/example_dags/example_short_circuit_operator.py took 0.094 seconds
[2025-05-09T15:59:00.151+0000] {processor.py:161} INFO - Started process (PID=11971) to work on /home/airflow/.local/lib/python3.10/site-packages/airflow/example_dags/example_short_circuit_operator.py
[2025-05-09T15:59:00.153+0000] {processor.py:830} INFO - Processing file /home/airflow/.local/lib/python3.10/site-packages/airflow/example_dags/example_short_circuit_operator.py for tasks to queue
[2025-05-09T15:59:00.155+0000] {logging_mixin.py:188} INFO - [2025-05-09T15:59:00.155+0000] {dagbag.py:545} INFO - Filling up the DagBag from /home/airflow/.local/lib/python3.10/site-packages/airflow/example_dags/example_short_circuit_operator.py
[2025-05-09T15:59:00.166+0000] {processor.py:840} INFO - DAG(s) 'example_short_circuit_operator' retrieved from /home/airflow/.local/lib/python3.10/site-packages/airflow/example_dags/example_short_circuit_operator.py
[2025-05-09T15:59:00.197+0000] {logging_mixin.py:188} INFO - [2025-05-09T15:59:00.197+0000] {dag.py:3096} INFO - Sync 1 DAGs
[2025-05-09T15:59:00.223+0000] {logging_mixin.py:188} INFO - [2025-05-09T15:59:00.223+0000] {dag.py:3954} INFO - Setting next_dagrun for example_short_circuit_operator to 2025-05-08 00:00:00+00:00, run_after=2025-05-09 00:00:00+00:00
[2025-05-09T15:59:00.253+0000] {processor.py:183} INFO - Processing /home/airflow/.local/lib/python3.10/site-packages/airflow/example_dags/example_short_circuit_operator.py took 0.109 seconds
[2025-05-09T15:59:31.255+0000] {processor.py:161} INFO - Started process (PID=12242) to work on /home/airflow/.local/lib/python3.10/site-packages/airflow/example_dags/example_short_circuit_operator.py
[2025-05-09T15:59:31.257+0000] {processor.py:830} INFO - Processing file /home/airflow/.local/lib/python3.10/site-packages/airflow/example_dags/example_short_circuit_operator.py for tasks to queue
[2025-05-09T15:59:31.259+0000] {logging_mixin.py:188} INFO - [2025-05-09T15:59:31.258+0000] {dagbag.py:545} INFO - Filling up the DagBag from /home/airflow/.local/lib/python3.10/site-packages/airflow/example_dags/example_short_circuit_operator.py
[2025-05-09T15:59:31.266+0000] {processor.py:840} INFO - DAG(s) 'example_short_circuit_operator' retrieved from /home/airflow/.local/lib/python3.10/site-packages/airflow/example_dags/example_short_circuit_operator.py
[2025-05-09T15:59:31.290+0000] {logging_mixin.py:188} INFO - [2025-05-09T15:59:31.290+0000] {dag.py:3096} INFO - Sync 1 DAGs
[2025-05-09T15:59:31.309+0000] {logging_mixin.py:188} INFO - [2025-05-09T15:59:31.309+0000] {dag.py:3954} INFO - Setting next_dagrun for example_short_circuit_operator to 2025-05-08 00:00:00+00:00, run_after=2025-05-09 00:00:00+00:00
[2025-05-09T15:59:31.329+0000] {processor.py:183} INFO - Processing /home/airflow/.local/lib/python3.10/site-packages/airflow/example_dags/example_short_circuit_operator.py took 0.079 seconds
[2025-05-09T16:00:01.669+0000] {processor.py:161} INFO - Started process (PID=12525) to work on /home/airflow/.local/lib/python3.10/site-packages/airflow/example_dags/example_short_circuit_operator.py
[2025-05-09T16:00:01.671+0000] {processor.py:830} INFO - Processing file /home/airflow/.local/lib/python3.10/site-packages/airflow/example_dags/example_short_circuit_operator.py for tasks to queue
[2025-05-09T16:00:01.672+0000] {logging_mixin.py:188} INFO - [2025-05-09T16:00:01.672+0000] {dagbag.py:545} INFO - Filling up the DagBag from /home/airflow/.local/lib/python3.10/site-packages/airflow/example_dags/example_short_circuit_operator.py
[2025-05-09T16:00:01.679+0000] {processor.py:840} INFO - DAG(s) 'example_short_circuit_operator' retrieved from /home/airflow/.local/lib/python3.10/site-packages/airflow/example_dags/example_short_circuit_operator.py
[2025-05-09T16:00:01.702+0000] {logging_mixin.py:188} INFO - [2025-05-09T16:00:01.701+0000] {dag.py:3096} INFO - Sync 1 DAGs
[2025-05-09T16:00:01.720+0000] {logging_mixin.py:188} INFO - [2025-05-09T16:00:01.720+0000] {dag.py:3954} INFO - Setting next_dagrun for example_short_circuit_operator to 2025-05-08 00:00:00+00:00, run_after=2025-05-09 00:00:00+00:00
[2025-05-09T16:00:01.747+0000] {processor.py:183} INFO - Processing /home/airflow/.local/lib/python3.10/site-packages/airflow/example_dags/example_short_circuit_operator.py took 0.084 seconds
[2025-05-09T16:00:32.024+0000] {processor.py:161} INFO - Started process (PID=12821) to work on /home/airflow/.local/lib/python3.10/site-packages/airflow/example_dags/example_short_circuit_operator.py
[2025-05-09T16:00:32.026+0000] {processor.py:830} INFO - Processing file /home/airflow/.local/lib/python3.10/site-packages/airflow/example_dags/example_short_circuit_operator.py for tasks to queue
[2025-05-09T16:00:32.027+0000] {logging_mixin.py:188} INFO - [2025-05-09T16:00:32.027+0000] {dagbag.py:545} INFO - Filling up the DagBag from /home/airflow/.local/lib/python3.10/site-packages/airflow/example_dags/example_short_circuit_operator.py
[2025-05-09T16:00:32.037+0000] {processor.py:840} INFO - DAG(s) 'example_short_circuit_operator' retrieved from /home/airflow/.local/lib/python3.10/site-packages/airflow/example_dags/example_short_circuit_operator.py
[2025-05-09T16:00:32.066+0000] {logging_mixin.py:188} INFO - [2025-05-09T16:00:32.066+0000] {dag.py:3096} INFO - Sync 1 DAGs
[2025-05-09T16:00:32.092+0000] {logging_mixin.py:188} INFO - [2025-05-09T16:00:32.092+0000] {dag.py:3954} INFO - Setting next_dagrun for example_short_circuit_operator to 2025-05-08 00:00:00+00:00, run_after=2025-05-09 00:00:00+00:00
[2025-05-09T16:00:32.117+0000] {processor.py:183} INFO - Processing /home/airflow/.local/lib/python3.10/site-packages/airflow/example_dags/example_short_circuit_operator.py took 0.098 seconds
[2025-05-09T16:01:02.255+0000] {processor.py:161} INFO - Started process (PID=13106) to work on /home/airflow/.local/lib/python3.10/site-packages/airflow/example_dags/example_short_circuit_operator.py
[2025-05-09T16:01:02.256+0000] {processor.py:830} INFO - Processing file /home/airflow/.local/lib/python3.10/site-packages/airflow/example_dags/example_short_circuit_operator.py for tasks to queue
[2025-05-09T16:01:02.258+0000] {logging_mixin.py:188} INFO - [2025-05-09T16:01:02.257+0000] {dagbag.py:545} INFO - Filling up the DagBag from /home/airflow/.local/lib/python3.10/site-packages/airflow/example_dags/example_short_circuit_operator.py
[2025-05-09T16:01:02.268+0000] {processor.py:840} INFO - DAG(s) 'example_short_circuit_operator' retrieved from /home/airflow/.local/lib/python3.10/site-packages/airflow/example_dags/example_short_circuit_operator.py
[2025-05-09T16:01:02.292+0000] {logging_mixin.py:188} INFO - [2025-05-09T16:01:02.291+0000] {dag.py:3096} INFO - Sync 1 DAGs
[2025-05-09T16:01:02.313+0000] {logging_mixin.py:188} INFO - [2025-05-09T16:01:02.312+0000] {dag.py:3954} INFO - Setting next_dagrun for example_short_circuit_operator to 2025-05-08 00:00:00+00:00, run_after=2025-05-09 00:00:00+00:00
[2025-05-09T16:01:02.341+0000] {processor.py:183} INFO - Processing /home/airflow/.local/lib/python3.10/site-packages/airflow/example_dags/example_short_circuit_operator.py took 0.093 seconds
[2025-05-09T16:01:32.551+0000] {processor.py:161} INFO - Started process (PID=13382) to work on /home/airflow/.local/lib/python3.10/site-packages/airflow/example_dags/example_short_circuit_operator.py
[2025-05-09T16:01:32.553+0000] {processor.py:830} INFO - Processing file /home/airflow/.local/lib/python3.10/site-packages/airflow/example_dags/example_short_circuit_operator.py for tasks to queue
[2025-05-09T16:01:32.554+0000] {logging_mixin.py:188} INFO - [2025-05-09T16:01:32.554+0000] {dagbag.py:545} INFO - Filling up the DagBag from /home/airflow/.local/lib/python3.10/site-packages/airflow/example_dags/example_short_circuit_operator.py
[2025-05-09T16:01:32.562+0000] {processor.py:840} INFO - DAG(s) 'example_short_circuit_operator' retrieved from /home/airflow/.local/lib/python3.10/site-packages/airflow/example_dags/example_short_circuit_operator.py
[2025-05-09T16:01:32.587+0000] {logging_mixin.py:188} INFO - [2025-05-09T16:01:32.587+0000] {dag.py:3096} INFO - Sync 1 DAGs
[2025-05-09T16:01:32.606+0000] {logging_mixin.py:188} INFO - [2025-05-09T16:01:32.605+0000] {dag.py:3954} INFO - Setting next_dagrun for example_short_circuit_operator to 2025-05-08 00:00:00+00:00, run_after=2025-05-09 00:00:00+00:00
[2025-05-09T16:01:32.626+0000] {processor.py:183} INFO - Processing /home/airflow/.local/lib/python3.10/site-packages/airflow/example_dags/example_short_circuit_operator.py took 0.080 seconds
[2025-05-09T16:02:03.058+0000] {processor.py:161} INFO - Started process (PID=13688) to work on /home/airflow/.local/lib/python3.10/site-packages/airflow/example_dags/example_short_circuit_operator.py
[2025-05-09T16:02:03.060+0000] {processor.py:830} INFO - Processing file /home/airflow/.local/lib/python3.10/site-packages/airflow/example_dags/example_short_circuit_operator.py for tasks to queue
[2025-05-09T16:02:03.061+0000] {logging_mixin.py:188} INFO - [2025-05-09T16:02:03.061+0000] {dagbag.py:545} INFO - Filling up the DagBag from /home/airflow/.local/lib/python3.10/site-packages/airflow/example_dags/example_short_circuit_operator.py
[2025-05-09T16:02:03.073+0000] {processor.py:840} INFO - DAG(s) 'example_short_circuit_operator' retrieved from /home/airflow/.local/lib/python3.10/site-packages/airflow/example_dags/example_short_circuit_operator.py
[2025-05-09T16:02:03.106+0000] {logging_mixin.py:188} INFO - [2025-05-09T16:02:03.105+0000] {dag.py:3096} INFO - Sync 1 DAGs
[2025-05-09T16:02:03.125+0000] {logging_mixin.py:188} INFO - [2025-05-09T16:02:03.125+0000] {dag.py:3954} INFO - Setting next_dagrun for example_short_circuit_operator to 2025-05-08 00:00:00+00:00, run_after=2025-05-09 00:00:00+00:00
[2025-05-09T16:02:03.148+0000] {processor.py:183} INFO - Processing /home/airflow/.local/lib/python3.10/site-packages/airflow/example_dags/example_short_circuit_operator.py took 0.097 seconds
[2025-05-09T16:02:33.366+0000] {processor.py:161} INFO - Started process (PID=13966) to work on /home/airflow/.local/lib/python3.10/site-packages/airflow/example_dags/example_short_circuit_operator.py
[2025-05-09T16:02:33.368+0000] {processor.py:830} INFO - Processing file /home/airflow/.local/lib/python3.10/site-packages/airflow/example_dags/example_short_circuit_operator.py for tasks to queue
[2025-05-09T16:02:33.369+0000] {logging_mixin.py:188} INFO - [2025-05-09T16:02:33.369+0000] {dagbag.py:545} INFO - Filling up the DagBag from /home/airflow/.local/lib/python3.10/site-packages/airflow/example_dags/example_short_circuit_operator.py
[2025-05-09T16:02:33.376+0000] {processor.py:840} INFO - DAG(s) 'example_short_circuit_operator' retrieved from /home/airflow/.local/lib/python3.10/site-packages/airflow/example_dags/example_short_circuit_operator.py
[2025-05-09T16:02:33.403+0000] {logging_mixin.py:188} INFO - [2025-05-09T16:02:33.402+0000] {dag.py:3096} INFO - Sync 1 DAGs
[2025-05-09T16:02:33.420+0000] {logging_mixin.py:188} INFO - [2025-05-09T16:02:33.420+0000] {dag.py:3954} INFO - Setting next_dagrun for example_short_circuit_operator to 2025-05-08 00:00:00+00:00, run_after=2025-05-09 00:00:00+00:00
[2025-05-09T16:02:33.442+0000] {processor.py:183} INFO - Processing /home/airflow/.local/lib/python3.10/site-packages/airflow/example_dags/example_short_circuit_operator.py took 0.081 seconds
[2025-05-09T16:03:04.352+0000] {processor.py:161} INFO - Started process (PID=14275) to work on /home/airflow/.local/lib/python3.10/site-packages/airflow/example_dags/example_short_circuit_operator.py
[2025-05-09T16:03:04.353+0000] {processor.py:830} INFO - Processing file /home/airflow/.local/lib/python3.10/site-packages/airflow/example_dags/example_short_circuit_operator.py for tasks to queue
[2025-05-09T16:03:04.357+0000] {logging_mixin.py:188} INFO - [2025-05-09T16:03:04.356+0000] {dagbag.py:545} INFO - Filling up the DagBag from /home/airflow/.local/lib/python3.10/site-packages/airflow/example_dags/example_short_circuit_operator.py
[2025-05-09T16:03:04.365+0000] {processor.py:840} INFO - DAG(s) 'example_short_circuit_operator' retrieved from /home/airflow/.local/lib/python3.10/site-packages/airflow/example_dags/example_short_circuit_operator.py
[2025-05-09T16:03:04.388+0000] {logging_mixin.py:188} INFO - [2025-05-09T16:03:04.388+0000] {dag.py:3096} INFO - Sync 1 DAGs
[2025-05-09T16:03:04.408+0000] {logging_mixin.py:188} INFO - [2025-05-09T16:03:04.408+0000] {dag.py:3954} INFO - Setting next_dagrun for example_short_circuit_operator to 2025-05-08 00:00:00+00:00, run_after=2025-05-09 00:00:00+00:00
[2025-05-09T16:03:04.432+0000] {processor.py:183} INFO - Processing /home/airflow/.local/lib/python3.10/site-packages/airflow/example_dags/example_short_circuit_operator.py took 0.087 seconds
[2025-05-09T16:03:35.281+0000] {processor.py:161} INFO - Started process (PID=14549) to work on /home/airflow/.local/lib/python3.10/site-packages/airflow/example_dags/example_short_circuit_operator.py
[2025-05-09T16:03:35.283+0000] {processor.py:830} INFO - Processing file /home/airflow/.local/lib/python3.10/site-packages/airflow/example_dags/example_short_circuit_operator.py for tasks to queue
[2025-05-09T16:03:35.284+0000] {logging_mixin.py:188} INFO - [2025-05-09T16:03:35.284+0000] {dagbag.py:545} INFO - Filling up the DagBag from /home/airflow/.local/lib/python3.10/site-packages/airflow/example_dags/example_short_circuit_operator.py
[2025-05-09T16:03:35.292+0000] {processor.py:840} INFO - DAG(s) 'example_short_circuit_operator' retrieved from /home/airflow/.local/lib/python3.10/site-packages/airflow/example_dags/example_short_circuit_operator.py
[2025-05-09T16:03:35.314+0000] {logging_mixin.py:188} INFO - [2025-05-09T16:03:35.314+0000] {dag.py:3096} INFO - Sync 1 DAGs
[2025-05-09T16:03:35.334+0000] {logging_mixin.py:188} INFO - [2025-05-09T16:03:35.334+0000] {dag.py:3954} INFO - Setting next_dagrun for example_short_circuit_operator to 2025-05-08 00:00:00+00:00, run_after=2025-05-09 00:00:00+00:00
[2025-05-09T16:03:35.357+0000] {processor.py:183} INFO - Processing /home/airflow/.local/lib/python3.10/site-packages/airflow/example_dags/example_short_circuit_operator.py took 0.082 seconds
[2025-05-09T16:04:05.765+0000] {processor.py:161} INFO - Started process (PID=14811) to work on /home/airflow/.local/lib/python3.10/site-packages/airflow/example_dags/example_short_circuit_operator.py
[2025-05-09T16:04:05.766+0000] {processor.py:830} INFO - Processing file /home/airflow/.local/lib/python3.10/site-packages/airflow/example_dags/example_short_circuit_operator.py for tasks to queue
[2025-05-09T16:04:05.768+0000] {logging_mixin.py:188} INFO - [2025-05-09T16:04:05.767+0000] {dagbag.py:545} INFO - Filling up the DagBag from /home/airflow/.local/lib/python3.10/site-packages/airflow/example_dags/example_short_circuit_operator.py
[2025-05-09T16:04:05.775+0000] {processor.py:840} INFO - DAG(s) 'example_short_circuit_operator' retrieved from /home/airflow/.local/lib/python3.10/site-packages/airflow/example_dags/example_short_circuit_operator.py
[2025-05-09T16:04:05.797+0000] {logging_mixin.py:188} INFO - [2025-05-09T16:04:05.797+0000] {dag.py:3096} INFO - Sync 1 DAGs
[2025-05-09T16:04:05.816+0000] {logging_mixin.py:188} INFO - [2025-05-09T16:04:05.815+0000] {dag.py:3954} INFO - Setting next_dagrun for example_short_circuit_operator to 2025-05-08 00:00:00+00:00, run_after=2025-05-09 00:00:00+00:00
[2025-05-09T16:04:05.838+0000] {processor.py:183} INFO - Processing /home/airflow/.local/lib/python3.10/site-packages/airflow/example_dags/example_short_circuit_operator.py took 0.079 seconds
[2025-05-09T16:05:16.637+0000] {processor.py:161} INFO - Started process (PID=252) to work on /home/airflow/.local/lib/python3.10/site-packages/airflow/example_dags/example_short_circuit_operator.py
[2025-05-09T16:05:16.639+0000] {processor.py:830} INFO - Processing file /home/airflow/.local/lib/python3.10/site-packages/airflow/example_dags/example_short_circuit_operator.py for tasks to queue
[2025-05-09T16:05:16.642+0000] {logging_mixin.py:188} INFO - [2025-05-09T16:05:16.642+0000] {dagbag.py:545} INFO - Filling up the DagBag from /home/airflow/.local/lib/python3.10/site-packages/airflow/example_dags/example_short_circuit_operator.py
[2025-05-09T16:05:16.655+0000] {processor.py:840} INFO - DAG(s) 'example_short_circuit_operator' retrieved from /home/airflow/.local/lib/python3.10/site-packages/airflow/example_dags/example_short_circuit_operator.py
[2025-05-09T16:05:16.678+0000] {logging_mixin.py:188} INFO - [2025-05-09T16:05:16.678+0000] {dag.py:3096} INFO - Sync 1 DAGs
[2025-05-09T16:05:16.723+0000] {logging_mixin.py:188} INFO - [2025-05-09T16:05:16.722+0000] {dag.py:3954} INFO - Setting next_dagrun for example_short_circuit_operator to 2025-05-08 00:00:00+00:00, run_after=2025-05-09 00:00:00+00:00
[2025-05-09T16:05:16.763+0000] {processor.py:183} INFO - Processing /home/airflow/.local/lib/python3.10/site-packages/airflow/example_dags/example_short_circuit_operator.py took 0.134 seconds
[2025-05-09T16:05:47.203+0000] {processor.py:161} INFO - Started process (PID=514) to work on /home/airflow/.local/lib/python3.10/site-packages/airflow/example_dags/example_short_circuit_operator.py
[2025-05-09T16:05:47.205+0000] {processor.py:830} INFO - Processing file /home/airflow/.local/lib/python3.10/site-packages/airflow/example_dags/example_short_circuit_operator.py for tasks to queue
[2025-05-09T16:05:47.207+0000] {logging_mixin.py:188} INFO - [2025-05-09T16:05:47.207+0000] {dagbag.py:545} INFO - Filling up the DagBag from /home/airflow/.local/lib/python3.10/site-packages/airflow/example_dags/example_short_circuit_operator.py
[2025-05-09T16:05:47.217+0000] {processor.py:840} INFO - DAG(s) 'example_short_circuit_operator' retrieved from /home/airflow/.local/lib/python3.10/site-packages/airflow/example_dags/example_short_circuit_operator.py
[2025-05-09T16:05:47.368+0000] {logging_mixin.py:188} INFO - [2025-05-09T16:05:47.368+0000] {dag.py:3096} INFO - Sync 1 DAGs
[2025-05-09T16:05:47.396+0000] {logging_mixin.py:188} INFO - [2025-05-09T16:05:47.395+0000] {dag.py:3954} INFO - Setting next_dagrun for example_short_circuit_operator to 2025-05-08 00:00:00+00:00, run_after=2025-05-09 00:00:00+00:00
[2025-05-09T16:05:47.430+0000] {processor.py:183} INFO - Processing /home/airflow/.local/lib/python3.10/site-packages/airflow/example_dags/example_short_circuit_operator.py took 0.235 seconds
[2025-05-09T16:06:17.565+0000] {processor.py:161} INFO - Started process (PID=776) to work on /home/airflow/.local/lib/python3.10/site-packages/airflow/example_dags/example_short_circuit_operator.py
[2025-05-09T16:06:17.567+0000] {processor.py:830} INFO - Processing file /home/airflow/.local/lib/python3.10/site-packages/airflow/example_dags/example_short_circuit_operator.py for tasks to queue
[2025-05-09T16:06:17.570+0000] {logging_mixin.py:188} INFO - [2025-05-09T16:06:17.570+0000] {dagbag.py:545} INFO - Filling up the DagBag from /home/airflow/.local/lib/python3.10/site-packages/airflow/example_dags/example_short_circuit_operator.py
[2025-05-09T16:06:17.579+0000] {processor.py:840} INFO - DAG(s) 'example_short_circuit_operator' retrieved from /home/airflow/.local/lib/python3.10/site-packages/airflow/example_dags/example_short_circuit_operator.py
[2025-05-09T16:06:17.610+0000] {logging_mixin.py:188} INFO - [2025-05-09T16:06:17.609+0000] {dag.py:3096} INFO - Sync 1 DAGs
[2025-05-09T16:06:17.632+0000] {logging_mixin.py:188} INFO - [2025-05-09T16:06:17.632+0000] {dag.py:3954} INFO - Setting next_dagrun for example_short_circuit_operator to 2025-05-08 00:00:00+00:00, run_after=2025-05-09 00:00:00+00:00
[2025-05-09T16:06:17.659+0000] {processor.py:183} INFO - Processing /home/airflow/.local/lib/python3.10/site-packages/airflow/example_dags/example_short_circuit_operator.py took 0.101 seconds
[2025-05-09T16:06:48.050+0000] {processor.py:161} INFO - Started process (PID=1038) to work on /home/airflow/.local/lib/python3.10/site-packages/airflow/example_dags/example_short_circuit_operator.py
[2025-05-09T16:06:48.051+0000] {processor.py:830} INFO - Processing file /home/airflow/.local/lib/python3.10/site-packages/airflow/example_dags/example_short_circuit_operator.py for tasks to queue
[2025-05-09T16:06:48.053+0000] {logging_mixin.py:188} INFO - [2025-05-09T16:06:48.053+0000] {dagbag.py:545} INFO - Filling up the DagBag from /home/airflow/.local/lib/python3.10/site-packages/airflow/example_dags/example_short_circuit_operator.py
[2025-05-09T16:06:48.061+0000] {processor.py:840} INFO - DAG(s) 'example_short_circuit_operator' retrieved from /home/airflow/.local/lib/python3.10/site-packages/airflow/example_dags/example_short_circuit_operator.py
[2025-05-09T16:06:48.086+0000] {logging_mixin.py:188} INFO - [2025-05-09T16:06:48.085+0000] {dag.py:3096} INFO - Sync 1 DAGs
[2025-05-09T16:06:48.113+0000] {logging_mixin.py:188} INFO - [2025-05-09T16:06:48.113+0000] {dag.py:3954} INFO - Setting next_dagrun for example_short_circuit_operator to 2025-05-08 00:00:00+00:00, run_after=2025-05-09 00:00:00+00:00
[2025-05-09T16:06:48.138+0000] {processor.py:183} INFO - Processing /home/airflow/.local/lib/python3.10/site-packages/airflow/example_dags/example_short_circuit_operator.py took 0.094 seconds
[2025-05-09T16:07:19.451+0000] {processor.py:161} INFO - Started process (PID=1335) to work on /home/airflow/.local/lib/python3.10/site-packages/airflow/example_dags/example_short_circuit_operator.py
[2025-05-09T16:07:19.452+0000] {processor.py:830} INFO - Processing file /home/airflow/.local/lib/python3.10/site-packages/airflow/example_dags/example_short_circuit_operator.py for tasks to queue
[2025-05-09T16:07:19.457+0000] {logging_mixin.py:188} INFO - [2025-05-09T16:07:19.457+0000] {dagbag.py:545} INFO - Filling up the DagBag from /home/airflow/.local/lib/python3.10/site-packages/airflow/example_dags/example_short_circuit_operator.py
[2025-05-09T16:07:19.473+0000] {processor.py:840} INFO - DAG(s) 'example_short_circuit_operator' retrieved from /home/airflow/.local/lib/python3.10/site-packages/airflow/example_dags/example_short_circuit_operator.py
[2025-05-09T16:07:19.515+0000] {logging_mixin.py:188} INFO - [2025-05-09T16:07:19.514+0000] {dag.py:3096} INFO - Sync 1 DAGs
[2025-05-09T16:07:19.556+0000] {logging_mixin.py:188} INFO - [2025-05-09T16:07:19.555+0000] {dag.py:3954} INFO - Setting next_dagrun for example_short_circuit_operator to 2025-05-08 00:00:00+00:00, run_after=2025-05-09 00:00:00+00:00
[2025-05-09T16:07:19.595+0000] {processor.py:183} INFO - Processing /home/airflow/.local/lib/python3.10/site-packages/airflow/example_dags/example_short_circuit_operator.py took 0.159 seconds
[2025-05-09T16:07:50.147+0000] {processor.py:161} INFO - Started process (PID=1600) to work on /home/airflow/.local/lib/python3.10/site-packages/airflow/example_dags/example_short_circuit_operator.py
[2025-05-09T16:07:50.149+0000] {processor.py:830} INFO - Processing file /home/airflow/.local/lib/python3.10/site-packages/airflow/example_dags/example_short_circuit_operator.py for tasks to queue
[2025-05-09T16:07:50.151+0000] {logging_mixin.py:188} INFO - [2025-05-09T16:07:50.151+0000] {dagbag.py:545} INFO - Filling up the DagBag from /home/airflow/.local/lib/python3.10/site-packages/airflow/example_dags/example_short_circuit_operator.py
[2025-05-09T16:07:50.158+0000] {processor.py:840} INFO - DAG(s) 'example_short_circuit_operator' retrieved from /home/airflow/.local/lib/python3.10/site-packages/airflow/example_dags/example_short_circuit_operator.py
[2025-05-09T16:07:50.179+0000] {logging_mixin.py:188} INFO - [2025-05-09T16:07:50.178+0000] {dag.py:3096} INFO - Sync 1 DAGs
[2025-05-09T16:07:50.196+0000] {logging_mixin.py:188} INFO - [2025-05-09T16:07:50.196+0000] {dag.py:3954} INFO - Setting next_dagrun for example_short_circuit_operator to 2025-05-08 00:00:00+00:00, run_after=2025-05-09 00:00:00+00:00
[2025-05-09T16:07:50.211+0000] {processor.py:183} INFO - Processing /home/airflow/.local/lib/python3.10/site-packages/airflow/example_dags/example_short_circuit_operator.py took 0.070 seconds
[2025-05-09T16:08:21.299+0000] {processor.py:161} INFO - Started process (PID=1866) to work on /home/airflow/.local/lib/python3.10/site-packages/airflow/example_dags/example_short_circuit_operator.py
[2025-05-09T16:08:21.300+0000] {processor.py:830} INFO - Processing file /home/airflow/.local/lib/python3.10/site-packages/airflow/example_dags/example_short_circuit_operator.py for tasks to queue
[2025-05-09T16:08:21.303+0000] {logging_mixin.py:188} INFO - [2025-05-09T16:08:21.302+0000] {dagbag.py:545} INFO - Filling up the DagBag from /home/airflow/.local/lib/python3.10/site-packages/airflow/example_dags/example_short_circuit_operator.py
[2025-05-09T16:08:21.311+0000] {processor.py:840} INFO - DAG(s) 'example_short_circuit_operator' retrieved from /home/airflow/.local/lib/python3.10/site-packages/airflow/example_dags/example_short_circuit_operator.py
[2025-05-09T16:08:21.335+0000] {logging_mixin.py:188} INFO - [2025-05-09T16:08:21.335+0000] {dag.py:3096} INFO - Sync 1 DAGs
[2025-05-09T16:08:21.358+0000] {logging_mixin.py:188} INFO - [2025-05-09T16:08:21.358+0000] {dag.py:3954} INFO - Setting next_dagrun for example_short_circuit_operator to 2025-05-08 00:00:00+00:00, run_after=2025-05-09 00:00:00+00:00
[2025-05-09T16:08:21.378+0000] {processor.py:183} INFO - Processing /home/airflow/.local/lib/python3.10/site-packages/airflow/example_dags/example_short_circuit_operator.py took 0.085 seconds
[2025-05-09T16:08:51.851+0000] {processor.py:161} INFO - Started process (PID=2152) to work on /home/airflow/.local/lib/python3.10/site-packages/airflow/example_dags/example_short_circuit_operator.py
[2025-05-09T16:08:51.853+0000] {processor.py:830} INFO - Processing file /home/airflow/.local/lib/python3.10/site-packages/airflow/example_dags/example_short_circuit_operator.py for tasks to queue
[2025-05-09T16:08:51.855+0000] {logging_mixin.py:188} INFO - [2025-05-09T16:08:51.855+0000] {dagbag.py:545} INFO - Filling up the DagBag from /home/airflow/.local/lib/python3.10/site-packages/airflow/example_dags/example_short_circuit_operator.py
[2025-05-09T16:08:51.864+0000] {processor.py:840} INFO - DAG(s) 'example_short_circuit_operator' retrieved from /home/airflow/.local/lib/python3.10/site-packages/airflow/example_dags/example_short_circuit_operator.py
[2025-05-09T16:08:51.893+0000] {logging_mixin.py:188} INFO - [2025-05-09T16:08:51.893+0000] {dag.py:3096} INFO - Sync 1 DAGs
[2025-05-09T16:08:51.916+0000] {logging_mixin.py:188} INFO - [2025-05-09T16:08:51.916+0000] {dag.py:3954} INFO - Setting next_dagrun for example_short_circuit_operator to 2025-05-08 00:00:00+00:00, run_after=2025-05-09 00:00:00+00:00
[2025-05-09T16:08:51.943+0000] {processor.py:183} INFO - Processing /home/airflow/.local/lib/python3.10/site-packages/airflow/example_dags/example_short_circuit_operator.py took 0.098 seconds
[2025-05-09T16:09:22.358+0000] {processor.py:161} INFO - Started process (PID=2426) to work on /home/airflow/.local/lib/python3.10/site-packages/airflow/example_dags/example_short_circuit_operator.py
[2025-05-09T16:09:22.360+0000] {processor.py:830} INFO - Processing file /home/airflow/.local/lib/python3.10/site-packages/airflow/example_dags/example_short_circuit_operator.py for tasks to queue
[2025-05-09T16:09:22.362+0000] {logging_mixin.py:188} INFO - [2025-05-09T16:09:22.362+0000] {dagbag.py:545} INFO - Filling up the DagBag from /home/airflow/.local/lib/python3.10/site-packages/airflow/example_dags/example_short_circuit_operator.py
[2025-05-09T16:09:22.371+0000] {processor.py:840} INFO - DAG(s) 'example_short_circuit_operator' retrieved from /home/airflow/.local/lib/python3.10/site-packages/airflow/example_dags/example_short_circuit_operator.py
[2025-05-09T16:09:22.400+0000] {logging_mixin.py:188} INFO - [2025-05-09T16:09:22.400+0000] {dag.py:3096} INFO - Sync 1 DAGs
[2025-05-09T16:09:22.423+0000] {logging_mixin.py:188} INFO - [2025-05-09T16:09:22.423+0000] {dag.py:3954} INFO - Setting next_dagrun for example_short_circuit_operator to 2025-05-08 00:00:00+00:00, run_after=2025-05-09 00:00:00+00:00
[2025-05-09T16:09:22.447+0000] {processor.py:183} INFO - Processing /home/airflow/.local/lib/python3.10/site-packages/airflow/example_dags/example_short_circuit_operator.py took 0.097 seconds
[2025-05-09T16:09:53.157+0000] {processor.py:161} INFO - Started process (PID=2688) to work on /home/airflow/.local/lib/python3.10/site-packages/airflow/example_dags/example_short_circuit_operator.py
[2025-05-09T16:09:53.159+0000] {processor.py:830} INFO - Processing file /home/airflow/.local/lib/python3.10/site-packages/airflow/example_dags/example_short_circuit_operator.py for tasks to queue
[2025-05-09T16:09:53.161+0000] {logging_mixin.py:188} INFO - [2025-05-09T16:09:53.161+0000] {dagbag.py:545} INFO - Filling up the DagBag from /home/airflow/.local/lib/python3.10/site-packages/airflow/example_dags/example_short_circuit_operator.py
[2025-05-09T16:09:53.171+0000] {processor.py:840} INFO - DAG(s) 'example_short_circuit_operator' retrieved from /home/airflow/.local/lib/python3.10/site-packages/airflow/example_dags/example_short_circuit_operator.py
[2025-05-09T16:09:53.203+0000] {logging_mixin.py:188} INFO - [2025-05-09T16:09:53.202+0000] {dag.py:3096} INFO - Sync 1 DAGs
[2025-05-09T16:09:53.227+0000] {logging_mixin.py:188} INFO - [2025-05-09T16:09:53.227+0000] {dag.py:3954} INFO - Setting next_dagrun for example_short_circuit_operator to 2025-05-08 00:00:00+00:00, run_after=2025-05-09 00:00:00+00:00
[2025-05-09T16:09:53.256+0000] {processor.py:183} INFO - Processing /home/airflow/.local/lib/python3.10/site-packages/airflow/example_dags/example_short_circuit_operator.py took 0.107 seconds
[2025-05-09T16:10:23.733+0000] {processor.py:161} INFO - Started process (PID=2956) to work on /home/airflow/.local/lib/python3.10/site-packages/airflow/example_dags/example_short_circuit_operator.py
[2025-05-09T16:10:23.734+0000] {processor.py:830} INFO - Processing file /home/airflow/.local/lib/python3.10/site-packages/airflow/example_dags/example_short_circuit_operator.py for tasks to queue
[2025-05-09T16:10:23.737+0000] {logging_mixin.py:188} INFO - [2025-05-09T16:10:23.737+0000] {dagbag.py:545} INFO - Filling up the DagBag from /home/airflow/.local/lib/python3.10/site-packages/airflow/example_dags/example_short_circuit_operator.py
[2025-05-09T16:10:23.745+0000] {processor.py:840} INFO - DAG(s) 'example_short_circuit_operator' retrieved from /home/airflow/.local/lib/python3.10/site-packages/airflow/example_dags/example_short_circuit_operator.py
[2025-05-09T16:10:23.774+0000] {logging_mixin.py:188} INFO - [2025-05-09T16:10:23.774+0000] {dag.py:3096} INFO - Sync 1 DAGs
[2025-05-09T16:10:23.798+0000] {logging_mixin.py:188} INFO - [2025-05-09T16:10:23.798+0000] {dag.py:3954} INFO - Setting next_dagrun for example_short_circuit_operator to 2025-05-08 00:00:00+00:00, run_after=2025-05-09 00:00:00+00:00
[2025-05-09T16:10:23.828+0000] {processor.py:183} INFO - Processing /home/airflow/.local/lib/python3.10/site-packages/airflow/example_dags/example_short_circuit_operator.py took 0.104 seconds
[2025-05-09T16:10:53.976+0000] {processor.py:161} INFO - Started process (PID=3224) to work on /home/airflow/.local/lib/python3.10/site-packages/airflow/example_dags/example_short_circuit_operator.py
[2025-05-09T16:10:53.978+0000] {processor.py:830} INFO - Processing file /home/airflow/.local/lib/python3.10/site-packages/airflow/example_dags/example_short_circuit_operator.py for tasks to queue
[2025-05-09T16:10:53.981+0000] {logging_mixin.py:188} INFO - [2025-05-09T16:10:53.980+0000] {dagbag.py:545} INFO - Filling up the DagBag from /home/airflow/.local/lib/python3.10/site-packages/airflow/example_dags/example_short_circuit_operator.py
[2025-05-09T16:10:53.993+0000] {processor.py:840} INFO - DAG(s) 'example_short_circuit_operator' retrieved from /home/airflow/.local/lib/python3.10/site-packages/airflow/example_dags/example_short_circuit_operator.py
[2025-05-09T16:10:54.026+0000] {logging_mixin.py:188} INFO - [2025-05-09T16:10:54.026+0000] {dag.py:3096} INFO - Sync 1 DAGs
[2025-05-09T16:10:54.056+0000] {logging_mixin.py:188} INFO - [2025-05-09T16:10:54.055+0000] {dag.py:3954} INFO - Setting next_dagrun for example_short_circuit_operator to 2025-05-08 00:00:00+00:00, run_after=2025-05-09 00:00:00+00:00
[2025-05-09T16:10:54.091+0000] {processor.py:183} INFO - Processing /home/airflow/.local/lib/python3.10/site-packages/airflow/example_dags/example_short_circuit_operator.py took 0.123 seconds
[2025-05-09T16:11:24.818+0000] {processor.py:161} INFO - Started process (PID=3498) to work on /home/airflow/.local/lib/python3.10/site-packages/airflow/example_dags/example_short_circuit_operator.py
[2025-05-09T16:11:24.819+0000] {processor.py:830} INFO - Processing file /home/airflow/.local/lib/python3.10/site-packages/airflow/example_dags/example_short_circuit_operator.py for tasks to queue
[2025-05-09T16:11:24.822+0000] {logging_mixin.py:188} INFO - [2025-05-09T16:11:24.821+0000] {dagbag.py:545} INFO - Filling up the DagBag from /home/airflow/.local/lib/python3.10/site-packages/airflow/example_dags/example_short_circuit_operator.py
[2025-05-09T16:11:24.829+0000] {processor.py:840} INFO - DAG(s) 'example_short_circuit_operator' retrieved from /home/airflow/.local/lib/python3.10/site-packages/airflow/example_dags/example_short_circuit_operator.py
[2025-05-09T16:11:24.858+0000] {logging_mixin.py:188} INFO - [2025-05-09T16:11:24.857+0000] {dag.py:3096} INFO - Sync 1 DAGs
[2025-05-09T16:11:24.887+0000] {logging_mixin.py:188} INFO - [2025-05-09T16:11:24.886+0000] {dag.py:3954} INFO - Setting next_dagrun for example_short_circuit_operator to 2025-05-08 00:00:00+00:00, run_after=2025-05-09 00:00:00+00:00
[2025-05-09T16:11:24.914+0000] {processor.py:183} INFO - Processing /home/airflow/.local/lib/python3.10/site-packages/airflow/example_dags/example_short_circuit_operator.py took 0.104 seconds
[2025-05-09T16:11:55.451+0000] {processor.py:161} INFO - Started process (PID=3766) to work on /home/airflow/.local/lib/python3.10/site-packages/airflow/example_dags/example_short_circuit_operator.py
[2025-05-09T16:11:55.453+0000] {processor.py:830} INFO - Processing file /home/airflow/.local/lib/python3.10/site-packages/airflow/example_dags/example_short_circuit_operator.py for tasks to queue
[2025-05-09T16:11:55.455+0000] {logging_mixin.py:188} INFO - [2025-05-09T16:11:55.455+0000] {dagbag.py:545} INFO - Filling up the DagBag from /home/airflow/.local/lib/python3.10/site-packages/airflow/example_dags/example_short_circuit_operator.py
[2025-05-09T16:11:55.463+0000] {processor.py:840} INFO - DAG(s) 'example_short_circuit_operator' retrieved from /home/airflow/.local/lib/python3.10/site-packages/airflow/example_dags/example_short_circuit_operator.py
[2025-05-09T16:11:55.490+0000] {logging_mixin.py:188} INFO - [2025-05-09T16:11:55.490+0000] {dag.py:3096} INFO - Sync 1 DAGs
[2025-05-09T16:11:55.513+0000] {logging_mixin.py:188} INFO - [2025-05-09T16:11:55.513+0000] {dag.py:3954} INFO - Setting next_dagrun for example_short_circuit_operator to 2025-05-08 00:00:00+00:00, run_after=2025-05-09 00:00:00+00:00
[2025-05-09T16:11:55.541+0000] {processor.py:183} INFO - Processing /home/airflow/.local/lib/python3.10/site-packages/airflow/example_dags/example_short_circuit_operator.py took 0.097 seconds
[2025-05-09T16:12:26.182+0000] {processor.py:161} INFO - Started process (PID=4043) to work on /home/airflow/.local/lib/python3.10/site-packages/airflow/example_dags/example_short_circuit_operator.py
[2025-05-09T16:12:26.184+0000] {processor.py:830} INFO - Processing file /home/airflow/.local/lib/python3.10/site-packages/airflow/example_dags/example_short_circuit_operator.py for tasks to queue
[2025-05-09T16:12:26.188+0000] {logging_mixin.py:188} INFO - [2025-05-09T16:12:26.187+0000] {dagbag.py:545} INFO - Filling up the DagBag from /home/airflow/.local/lib/python3.10/site-packages/airflow/example_dags/example_short_circuit_operator.py
[2025-05-09T16:12:26.197+0000] {processor.py:840} INFO - DAG(s) 'example_short_circuit_operator' retrieved from /home/airflow/.local/lib/python3.10/site-packages/airflow/example_dags/example_short_circuit_operator.py
[2025-05-09T16:12:26.230+0000] {logging_mixin.py:188} INFO - [2025-05-09T16:12:26.230+0000] {dag.py:3096} INFO - Sync 1 DAGs
[2025-05-09T16:12:26.259+0000] {logging_mixin.py:188} INFO - [2025-05-09T16:12:26.259+0000] {dag.py:3954} INFO - Setting next_dagrun for example_short_circuit_operator to 2025-05-08 00:00:00+00:00, run_after=2025-05-09 00:00:00+00:00
[2025-05-09T16:12:26.294+0000] {processor.py:183} INFO - Processing /home/airflow/.local/lib/python3.10/site-packages/airflow/example_dags/example_short_circuit_operator.py took 0.119 seconds
[2025-05-09T16:12:56.908+0000] {processor.py:161} INFO - Started process (PID=4305) to work on /home/airflow/.local/lib/python3.10/site-packages/airflow/example_dags/example_short_circuit_operator.py
[2025-05-09T16:12:56.910+0000] {processor.py:830} INFO - Processing file /home/airflow/.local/lib/python3.10/site-packages/airflow/example_dags/example_short_circuit_operator.py for tasks to queue
[2025-05-09T16:12:56.915+0000] {logging_mixin.py:188} INFO - [2025-05-09T16:12:56.915+0000] {dagbag.py:545} INFO - Filling up the DagBag from /home/airflow/.local/lib/python3.10/site-packages/airflow/example_dags/example_short_circuit_operator.py
[2025-05-09T16:12:56.924+0000] {processor.py:840} INFO - DAG(s) 'example_short_circuit_operator' retrieved from /home/airflow/.local/lib/python3.10/site-packages/airflow/example_dags/example_short_circuit_operator.py
[2025-05-09T16:12:56.967+0000] {logging_mixin.py:188} INFO - [2025-05-09T16:12:56.966+0000] {dag.py:3096} INFO - Sync 1 DAGs
[2025-05-09T16:12:57.007+0000] {logging_mixin.py:188} INFO - [2025-05-09T16:12:57.006+0000] {dag.py:3954} INFO - Setting next_dagrun for example_short_circuit_operator to 2025-05-08 00:00:00+00:00, run_after=2025-05-09 00:00:00+00:00
[2025-05-09T16:12:57.040+0000] {processor.py:183} INFO - Processing /home/airflow/.local/lib/python3.10/site-packages/airflow/example_dags/example_short_circuit_operator.py took 0.140 seconds
[2025-05-09T16:13:27.299+0000] {processor.py:161} INFO - Started process (PID=4576) to work on /home/airflow/.local/lib/python3.10/site-packages/airflow/example_dags/example_short_circuit_operator.py
[2025-05-09T16:13:27.301+0000] {processor.py:830} INFO - Processing file /home/airflow/.local/lib/python3.10/site-packages/airflow/example_dags/example_short_circuit_operator.py for tasks to queue
[2025-05-09T16:13:27.304+0000] {logging_mixin.py:188} INFO - [2025-05-09T16:13:27.303+0000] {dagbag.py:545} INFO - Filling up the DagBag from /home/airflow/.local/lib/python3.10/site-packages/airflow/example_dags/example_short_circuit_operator.py
[2025-05-09T16:13:27.312+0000] {processor.py:840} INFO - DAG(s) 'example_short_circuit_operator' retrieved from /home/airflow/.local/lib/python3.10/site-packages/airflow/example_dags/example_short_circuit_operator.py
[2025-05-09T16:13:27.347+0000] {logging_mixin.py:188} INFO - [2025-05-09T16:13:27.347+0000] {dag.py:3096} INFO - Sync 1 DAGs
[2025-05-09T16:13:27.376+0000] {logging_mixin.py:188} INFO - [2025-05-09T16:13:27.376+0000] {dag.py:3954} INFO - Setting next_dagrun for example_short_circuit_operator to 2025-05-08 00:00:00+00:00, run_after=2025-05-09 00:00:00+00:00
[2025-05-09T16:13:27.404+0000] {processor.py:183} INFO - Processing /home/airflow/.local/lib/python3.10/site-packages/airflow/example_dags/example_short_circuit_operator.py took 0.113 seconds
[2025-05-09T16:13:57.763+0000] {processor.py:161} INFO - Started process (PID=4840) to work on /home/airflow/.local/lib/python3.10/site-packages/airflow/example_dags/example_short_circuit_operator.py
[2025-05-09T16:13:57.765+0000] {processor.py:830} INFO - Processing file /home/airflow/.local/lib/python3.10/site-packages/airflow/example_dags/example_short_circuit_operator.py for tasks to queue
[2025-05-09T16:13:57.766+0000] {logging_mixin.py:188} INFO - [2025-05-09T16:13:57.766+0000] {dagbag.py:545} INFO - Filling up the DagBag from /home/airflow/.local/lib/python3.10/site-packages/airflow/example_dags/example_short_circuit_operator.py
[2025-05-09T16:13:57.773+0000] {processor.py:840} INFO - DAG(s) 'example_short_circuit_operator' retrieved from /home/airflow/.local/lib/python3.10/site-packages/airflow/example_dags/example_short_circuit_operator.py
[2025-05-09T16:13:57.795+0000] {logging_mixin.py:188} INFO - [2025-05-09T16:13:57.795+0000] {dag.py:3096} INFO - Sync 1 DAGs
[2025-05-09T16:13:57.814+0000] {logging_mixin.py:188} INFO - [2025-05-09T16:13:57.813+0000] {dag.py:3954} INFO - Setting next_dagrun for example_short_circuit_operator to 2025-05-08 00:00:00+00:00, run_after=2025-05-09 00:00:00+00:00
[2025-05-09T16:13:57.832+0000] {processor.py:183} INFO - Processing /home/airflow/.local/lib/python3.10/site-packages/airflow/example_dags/example_short_circuit_operator.py took 0.075 seconds
[2025-05-09T16:14:28.057+0000] {processor.py:161} INFO - Started process (PID=5129) to work on /home/airflow/.local/lib/python3.10/site-packages/airflow/example_dags/example_short_circuit_operator.py
[2025-05-09T16:14:28.058+0000] {processor.py:830} INFO - Processing file /home/airflow/.local/lib/python3.10/site-packages/airflow/example_dags/example_short_circuit_operator.py for tasks to queue
[2025-05-09T16:14:28.060+0000] {logging_mixin.py:188} INFO - [2025-05-09T16:14:28.060+0000] {dagbag.py:545} INFO - Filling up the DagBag from /home/airflow/.local/lib/python3.10/site-packages/airflow/example_dags/example_short_circuit_operator.py
[2025-05-09T16:14:28.067+0000] {processor.py:840} INFO - DAG(s) 'example_short_circuit_operator' retrieved from /home/airflow/.local/lib/python3.10/site-packages/airflow/example_dags/example_short_circuit_operator.py
[2025-05-09T16:14:28.090+0000] {logging_mixin.py:188} INFO - [2025-05-09T16:14:28.090+0000] {dag.py:3096} INFO - Sync 1 DAGs
[2025-05-09T16:14:28.113+0000] {logging_mixin.py:188} INFO - [2025-05-09T16:14:28.113+0000] {dag.py:3954} INFO - Setting next_dagrun for example_short_circuit_operator to 2025-05-08 00:00:00+00:00, run_after=2025-05-09 00:00:00+00:00
[2025-05-09T16:14:28.134+0000] {processor.py:183} INFO - Processing /home/airflow/.local/lib/python3.10/site-packages/airflow/example_dags/example_short_circuit_operator.py took 0.083 seconds
[2025-05-09T16:14:58.296+0000] {processor.py:161} INFO - Started process (PID=5395) to work on /home/airflow/.local/lib/python3.10/site-packages/airflow/example_dags/example_short_circuit_operator.py
[2025-05-09T16:14:58.298+0000] {processor.py:830} INFO - Processing file /home/airflow/.local/lib/python3.10/site-packages/airflow/example_dags/example_short_circuit_operator.py for tasks to queue
[2025-05-09T16:14:58.303+0000] {logging_mixin.py:188} INFO - [2025-05-09T16:14:58.301+0000] {dagbag.py:545} INFO - Filling up the DagBag from /home/airflow/.local/lib/python3.10/site-packages/airflow/example_dags/example_short_circuit_operator.py
[2025-05-09T16:14:58.313+0000] {processor.py:840} INFO - DAG(s) 'example_short_circuit_operator' retrieved from /home/airflow/.local/lib/python3.10/site-packages/airflow/example_dags/example_short_circuit_operator.py
[2025-05-09T16:14:58.348+0000] {logging_mixin.py:188} INFO - [2025-05-09T16:14:58.347+0000] {dag.py:3096} INFO - Sync 1 DAGs
[2025-05-09T16:14:58.374+0000] {logging_mixin.py:188} INFO - [2025-05-09T16:14:58.373+0000] {dag.py:3954} INFO - Setting next_dagrun for example_short_circuit_operator to 2025-05-08 00:00:00+00:00, run_after=2025-05-09 00:00:00+00:00
[2025-05-09T16:14:58.403+0000] {processor.py:183} INFO - Processing /home/airflow/.local/lib/python3.10/site-packages/airflow/example_dags/example_short_circuit_operator.py took 0.114 seconds
[2025-05-09T16:15:29.241+0000] {processor.py:161} INFO - Started process (PID=5666) to work on /home/airflow/.local/lib/python3.10/site-packages/airflow/example_dags/example_short_circuit_operator.py
[2025-05-09T16:15:29.243+0000] {processor.py:830} INFO - Processing file /home/airflow/.local/lib/python3.10/site-packages/airflow/example_dags/example_short_circuit_operator.py for tasks to queue
[2025-05-09T16:15:29.246+0000] {logging_mixin.py:188} INFO - [2025-05-09T16:15:29.245+0000] {dagbag.py:545} INFO - Filling up the DagBag from /home/airflow/.local/lib/python3.10/site-packages/airflow/example_dags/example_short_circuit_operator.py
[2025-05-09T16:15:29.254+0000] {processor.py:840} INFO - DAG(s) 'example_short_circuit_operator' retrieved from /home/airflow/.local/lib/python3.10/site-packages/airflow/example_dags/example_short_circuit_operator.py
[2025-05-09T16:15:29.281+0000] {logging_mixin.py:188} INFO - [2025-05-09T16:15:29.280+0000] {dag.py:3096} INFO - Sync 1 DAGs
[2025-05-09T16:15:29.302+0000] {logging_mixin.py:188} INFO - [2025-05-09T16:15:29.302+0000] {dag.py:3954} INFO - Setting next_dagrun for example_short_circuit_operator to 2025-05-08 00:00:00+00:00, run_after=2025-05-09 00:00:00+00:00
[2025-05-09T16:15:29.323+0000] {processor.py:183} INFO - Processing /home/airflow/.local/lib/python3.10/site-packages/airflow/example_dags/example_short_circuit_operator.py took 0.088 seconds
[2025-05-09T16:16:00.097+0000] {processor.py:161} INFO - Started process (PID=5948) to work on /home/airflow/.local/lib/python3.10/site-packages/airflow/example_dags/example_short_circuit_operator.py
[2025-05-09T16:16:00.099+0000] {processor.py:830} INFO - Processing file /home/airflow/.local/lib/python3.10/site-packages/airflow/example_dags/example_short_circuit_operator.py for tasks to queue
[2025-05-09T16:16:00.102+0000] {logging_mixin.py:188} INFO - [2025-05-09T16:16:00.102+0000] {dagbag.py:545} INFO - Filling up the DagBag from /home/airflow/.local/lib/python3.10/site-packages/airflow/example_dags/example_short_circuit_operator.py
[2025-05-09T16:16:00.111+0000] {processor.py:840} INFO - DAG(s) 'example_short_circuit_operator' retrieved from /home/airflow/.local/lib/python3.10/site-packages/airflow/example_dags/example_short_circuit_operator.py
[2025-05-09T16:16:00.147+0000] {logging_mixin.py:188} INFO - [2025-05-09T16:16:00.147+0000] {dag.py:3096} INFO - Sync 1 DAGs
[2025-05-09T16:16:00.179+0000] {logging_mixin.py:188} INFO - [2025-05-09T16:16:00.178+0000] {dag.py:3954} INFO - Setting next_dagrun for example_short_circuit_operator to 2025-05-08 00:00:00+00:00, run_after=2025-05-09 00:00:00+00:00
[2025-05-09T16:16:00.208+0000] {processor.py:183} INFO - Processing /home/airflow/.local/lib/python3.10/site-packages/airflow/example_dags/example_short_circuit_operator.py took 0.118 seconds
[2025-05-09T16:16:30.764+0000] {processor.py:161} INFO - Started process (PID=6298) to work on /home/airflow/.local/lib/python3.10/site-packages/airflow/example_dags/example_short_circuit_operator.py
[2025-05-09T16:16:30.765+0000] {processor.py:830} INFO - Processing file /home/airflow/.local/lib/python3.10/site-packages/airflow/example_dags/example_short_circuit_operator.py for tasks to queue
[2025-05-09T16:16:30.768+0000] {logging_mixin.py:188} INFO - [2025-05-09T16:16:30.768+0000] {dagbag.py:545} INFO - Filling up the DagBag from /home/airflow/.local/lib/python3.10/site-packages/airflow/example_dags/example_short_circuit_operator.py
[2025-05-09T16:16:30.777+0000] {processor.py:840} INFO - DAG(s) 'example_short_circuit_operator' retrieved from /home/airflow/.local/lib/python3.10/site-packages/airflow/example_dags/example_short_circuit_operator.py
[2025-05-09T16:16:30.803+0000] {logging_mixin.py:188} INFO - [2025-05-09T16:16:30.802+0000] {dag.py:3096} INFO - Sync 1 DAGs
[2025-05-09T16:16:30.825+0000] {logging_mixin.py:188} INFO - [2025-05-09T16:16:30.825+0000] {dag.py:3954} INFO - Setting next_dagrun for example_short_circuit_operator to 2025-05-08 00:00:00+00:00, run_after=2025-05-09 00:00:00+00:00
[2025-05-09T16:16:30.851+0000] {processor.py:183} INFO - Processing /home/airflow/.local/lib/python3.10/site-packages/airflow/example_dags/example_short_circuit_operator.py took 0.093 seconds
[2025-05-09T16:17:01.615+0000] {processor.py:161} INFO - Started process (PID=6585) to work on /home/airflow/.local/lib/python3.10/site-packages/airflow/example_dags/example_short_circuit_operator.py
[2025-05-09T16:17:01.617+0000] {processor.py:830} INFO - Processing file /home/airflow/.local/lib/python3.10/site-packages/airflow/example_dags/example_short_circuit_operator.py for tasks to queue
[2025-05-09T16:17:01.620+0000] {logging_mixin.py:188} INFO - [2025-05-09T16:17:01.620+0000] {dagbag.py:545} INFO - Filling up the DagBag from /home/airflow/.local/lib/python3.10/site-packages/airflow/example_dags/example_short_circuit_operator.py
[2025-05-09T16:17:01.631+0000] {processor.py:840} INFO - DAG(s) 'example_short_circuit_operator' retrieved from /home/airflow/.local/lib/python3.10/site-packages/airflow/example_dags/example_short_circuit_operator.py
[2025-05-09T16:17:01.671+0000] {logging_mixin.py:188} INFO - [2025-05-09T16:17:01.671+0000] {dag.py:3096} INFO - Sync 1 DAGs
[2025-05-09T16:17:01.710+0000] {logging_mixin.py:188} INFO - [2025-05-09T16:17:01.710+0000] {dag.py:3954} INFO - Setting next_dagrun for example_short_circuit_operator to 2025-05-08 00:00:00+00:00, run_after=2025-05-09 00:00:00+00:00
[2025-05-09T16:17:01.748+0000] {processor.py:183} INFO - Processing /home/airflow/.local/lib/python3.10/site-packages/airflow/example_dags/example_short_circuit_operator.py took 0.143 seconds
[2025-05-09T16:17:32.112+0000] {processor.py:161} INFO - Started process (PID=6900) to work on /home/airflow/.local/lib/python3.10/site-packages/airflow/example_dags/example_short_circuit_operator.py
[2025-05-09T16:17:32.115+0000] {processor.py:830} INFO - Processing file /home/airflow/.local/lib/python3.10/site-packages/airflow/example_dags/example_short_circuit_operator.py for tasks to queue
[2025-05-09T16:17:32.122+0000] {logging_mixin.py:188} INFO - [2025-05-09T16:17:32.121+0000] {dagbag.py:545} INFO - Filling up the DagBag from /home/airflow/.local/lib/python3.10/site-packages/airflow/example_dags/example_short_circuit_operator.py
[2025-05-09T16:17:32.130+0000] {processor.py:840} INFO - DAG(s) 'example_short_circuit_operator' retrieved from /home/airflow/.local/lib/python3.10/site-packages/airflow/example_dags/example_short_circuit_operator.py
[2025-05-09T16:17:32.159+0000] {logging_mixin.py:188} INFO - [2025-05-09T16:17:32.158+0000] {dag.py:3096} INFO - Sync 1 DAGs
[2025-05-09T16:17:32.179+0000] {logging_mixin.py:188} INFO - [2025-05-09T16:17:32.179+0000] {dag.py:3954} INFO - Setting next_dagrun for example_short_circuit_operator to 2025-05-08 00:00:00+00:00, run_after=2025-05-09 00:00:00+00:00
[2025-05-09T16:17:32.206+0000] {processor.py:183} INFO - Processing /home/airflow/.local/lib/python3.10/site-packages/airflow/example_dags/example_short_circuit_operator.py took 0.103 seconds
[2025-05-09T16:18:02.942+0000] {processor.py:161} INFO - Started process (PID=7167) to work on /home/airflow/.local/lib/python3.10/site-packages/airflow/example_dags/example_short_circuit_operator.py
[2025-05-09T16:18:02.944+0000] {processor.py:830} INFO - Processing file /home/airflow/.local/lib/python3.10/site-packages/airflow/example_dags/example_short_circuit_operator.py for tasks to queue
[2025-05-09T16:18:02.947+0000] {logging_mixin.py:188} INFO - [2025-05-09T16:18:02.947+0000] {dagbag.py:545} INFO - Filling up the DagBag from /home/airflow/.local/lib/python3.10/site-packages/airflow/example_dags/example_short_circuit_operator.py
[2025-05-09T16:18:02.956+0000] {processor.py:840} INFO - DAG(s) 'example_short_circuit_operator' retrieved from /home/airflow/.local/lib/python3.10/site-packages/airflow/example_dags/example_short_circuit_operator.py
[2025-05-09T16:18:02.993+0000] {logging_mixin.py:188} INFO - [2025-05-09T16:18:02.993+0000] {dag.py:3096} INFO - Sync 1 DAGs
[2025-05-09T16:18:03.016+0000] {logging_mixin.py:188} INFO - [2025-05-09T16:18:03.016+0000] {dag.py:3954} INFO - Setting next_dagrun for example_short_circuit_operator to 2025-05-08 00:00:00+00:00, run_after=2025-05-09 00:00:00+00:00
[2025-05-09T16:18:03.044+0000] {processor.py:183} INFO - Processing /home/airflow/.local/lib/python3.10/site-packages/airflow/example_dags/example_short_circuit_operator.py took 0.110 seconds
[2025-05-09T16:18:33.169+0000] {processor.py:161} INFO - Started process (PID=7463) to work on /home/airflow/.local/lib/python3.10/site-packages/airflow/example_dags/example_short_circuit_operator.py
[2025-05-09T16:18:33.171+0000] {processor.py:830} INFO - Processing file /home/airflow/.local/lib/python3.10/site-packages/airflow/example_dags/example_short_circuit_operator.py for tasks to queue
[2025-05-09T16:18:33.174+0000] {logging_mixin.py:188} INFO - [2025-05-09T16:18:33.173+0000] {dagbag.py:545} INFO - Filling up the DagBag from /home/airflow/.local/lib/python3.10/site-packages/airflow/example_dags/example_short_circuit_operator.py
[2025-05-09T16:18:33.183+0000] {processor.py:840} INFO - DAG(s) 'example_short_circuit_operator' retrieved from /home/airflow/.local/lib/python3.10/site-packages/airflow/example_dags/example_short_circuit_operator.py
[2025-05-09T16:18:33.215+0000] {logging_mixin.py:188} INFO - [2025-05-09T16:18:33.215+0000] {dag.py:3096} INFO - Sync 1 DAGs
[2025-05-09T16:18:33.241+0000] {logging_mixin.py:188} INFO - [2025-05-09T16:18:33.240+0000] {dag.py:3954} INFO - Setting next_dagrun for example_short_circuit_operator to 2025-05-08 00:00:00+00:00, run_after=2025-05-09 00:00:00+00:00
[2025-05-09T16:18:33.270+0000] {processor.py:183} INFO - Processing /home/airflow/.local/lib/python3.10/site-packages/airflow/example_dags/example_short_circuit_operator.py took 0.110 seconds
[2025-05-09T16:19:03.964+0000] {processor.py:161} INFO - Started process (PID=7733) to work on /home/airflow/.local/lib/python3.10/site-packages/airflow/example_dags/example_short_circuit_operator.py
[2025-05-09T16:19:03.966+0000] {processor.py:830} INFO - Processing file /home/airflow/.local/lib/python3.10/site-packages/airflow/example_dags/example_short_circuit_operator.py for tasks to queue
[2025-05-09T16:19:03.970+0000] {logging_mixin.py:188} INFO - [2025-05-09T16:19:03.970+0000] {dagbag.py:545} INFO - Filling up the DagBag from /home/airflow/.local/lib/python3.10/site-packages/airflow/example_dags/example_short_circuit_operator.py
[2025-05-09T16:19:03.982+0000] {processor.py:840} INFO - DAG(s) 'example_short_circuit_operator' retrieved from /home/airflow/.local/lib/python3.10/site-packages/airflow/example_dags/example_short_circuit_operator.py
[2025-05-09T16:19:04.030+0000] {logging_mixin.py:188} INFO - [2025-05-09T16:19:04.030+0000] {dag.py:3096} INFO - Sync 1 DAGs
[2025-05-09T16:19:04.065+0000] {logging_mixin.py:188} INFO - [2025-05-09T16:19:04.064+0000] {dag.py:3954} INFO - Setting next_dagrun for example_short_circuit_operator to 2025-05-08 00:00:00+00:00, run_after=2025-05-09 00:00:00+00:00
[2025-05-09T16:19:04.102+0000] {processor.py:183} INFO - Processing /home/airflow/.local/lib/python3.10/site-packages/airflow/example_dags/example_short_circuit_operator.py took 0.147 seconds
[2025-05-09T16:19:34.628+0000] {processor.py:161} INFO - Started process (PID=8026) to work on /home/airflow/.local/lib/python3.10/site-packages/airflow/example_dags/example_short_circuit_operator.py
[2025-05-09T16:19:34.631+0000] {processor.py:830} INFO - Processing file /home/airflow/.local/lib/python3.10/site-packages/airflow/example_dags/example_short_circuit_operator.py for tasks to queue
[2025-05-09T16:19:34.635+0000] {logging_mixin.py:188} INFO - [2025-05-09T16:19:34.635+0000] {dagbag.py:545} INFO - Filling up the DagBag from /home/airflow/.local/lib/python3.10/site-packages/airflow/example_dags/example_short_circuit_operator.py
[2025-05-09T16:19:34.647+0000] {processor.py:840} INFO - DAG(s) 'example_short_circuit_operator' retrieved from /home/airflow/.local/lib/python3.10/site-packages/airflow/example_dags/example_short_circuit_operator.py
[2025-05-09T16:19:34.681+0000] {logging_mixin.py:188} INFO - [2025-05-09T16:19:34.681+0000] {dag.py:3096} INFO - Sync 1 DAGs
[2025-05-09T16:19:34.727+0000] {logging_mixin.py:188} INFO - [2025-05-09T16:19:34.726+0000] {dag.py:3954} INFO - Setting next_dagrun for example_short_circuit_operator to 2025-05-08 00:00:00+00:00, run_after=2025-05-09 00:00:00+00:00
[2025-05-09T16:19:34.768+0000] {processor.py:183} INFO - Processing /home/airflow/.local/lib/python3.10/site-packages/airflow/example_dags/example_short_circuit_operator.py took 0.149 seconds
[2025-05-09T16:20:05.229+0000] {processor.py:161} INFO - Started process (PID=8316) to work on /home/airflow/.local/lib/python3.10/site-packages/airflow/example_dags/example_short_circuit_operator.py
[2025-05-09T16:20:05.232+0000] {processor.py:830} INFO - Processing file /home/airflow/.local/lib/python3.10/site-packages/airflow/example_dags/example_short_circuit_operator.py for tasks to queue
[2025-05-09T16:20:05.236+0000] {logging_mixin.py:188} INFO - [2025-05-09T16:20:05.235+0000] {dagbag.py:545} INFO - Filling up the DagBag from /home/airflow/.local/lib/python3.10/site-packages/airflow/example_dags/example_short_circuit_operator.py
[2025-05-09T16:20:05.251+0000] {processor.py:840} INFO - DAG(s) 'example_short_circuit_operator' retrieved from /home/airflow/.local/lib/python3.10/site-packages/airflow/example_dags/example_short_circuit_operator.py
[2025-05-09T16:20:05.295+0000] {logging_mixin.py:188} INFO - [2025-05-09T16:20:05.294+0000] {dag.py:3096} INFO - Sync 1 DAGs
[2025-05-09T16:20:05.337+0000] {logging_mixin.py:188} INFO - [2025-05-09T16:20:05.337+0000] {dag.py:3954} INFO - Setting next_dagrun for example_short_circuit_operator to 2025-05-08 00:00:00+00:00, run_after=2025-05-09 00:00:00+00:00
[2025-05-09T16:20:05.378+0000] {processor.py:183} INFO - Processing /home/airflow/.local/lib/python3.10/site-packages/airflow/example_dags/example_short_circuit_operator.py took 0.157 seconds
[2025-05-09T16:20:36.133+0000] {processor.py:161} INFO - Started process (PID=8609) to work on /home/airflow/.local/lib/python3.10/site-packages/airflow/example_dags/example_short_circuit_operator.py
[2025-05-09T16:20:36.134+0000] {processor.py:830} INFO - Processing file /home/airflow/.local/lib/python3.10/site-packages/airflow/example_dags/example_short_circuit_operator.py for tasks to queue
[2025-05-09T16:20:36.137+0000] {logging_mixin.py:188} INFO - [2025-05-09T16:20:36.136+0000] {dagbag.py:545} INFO - Filling up the DagBag from /home/airflow/.local/lib/python3.10/site-packages/airflow/example_dags/example_short_circuit_operator.py
[2025-05-09T16:20:36.144+0000] {processor.py:840} INFO - DAG(s) 'example_short_circuit_operator' retrieved from /home/airflow/.local/lib/python3.10/site-packages/airflow/example_dags/example_short_circuit_operator.py
[2025-05-09T16:20:36.171+0000] {logging_mixin.py:188} INFO - [2025-05-09T16:20:36.171+0000] {dag.py:3096} INFO - Sync 1 DAGs
[2025-05-09T16:20:36.194+0000] {logging_mixin.py:188} INFO - [2025-05-09T16:20:36.194+0000] {dag.py:3954} INFO - Setting next_dagrun for example_short_circuit_operator to 2025-05-08 00:00:00+00:00, run_after=2025-05-09 00:00:00+00:00
[2025-05-09T16:20:36.215+0000] {processor.py:183} INFO - Processing /home/airflow/.local/lib/python3.10/site-packages/airflow/example_dags/example_short_circuit_operator.py took 0.089 seconds
[2025-05-09T16:21:06.859+0000] {processor.py:161} INFO - Started process (PID=8900) to work on /home/airflow/.local/lib/python3.10/site-packages/airflow/example_dags/example_short_circuit_operator.py
[2025-05-09T16:21:06.861+0000] {processor.py:830} INFO - Processing file /home/airflow/.local/lib/python3.10/site-packages/airflow/example_dags/example_short_circuit_operator.py for tasks to queue
[2025-05-09T16:21:06.863+0000] {logging_mixin.py:188} INFO - [2025-05-09T16:21:06.863+0000] {dagbag.py:545} INFO - Filling up the DagBag from /home/airflow/.local/lib/python3.10/site-packages/airflow/example_dags/example_short_circuit_operator.py
[2025-05-09T16:21:06.873+0000] {processor.py:840} INFO - DAG(s) 'example_short_circuit_operator' retrieved from /home/airflow/.local/lib/python3.10/site-packages/airflow/example_dags/example_short_circuit_operator.py
[2025-05-09T16:21:06.907+0000] {logging_mixin.py:188} INFO - [2025-05-09T16:21:06.906+0000] {dag.py:3096} INFO - Sync 1 DAGs
[2025-05-09T16:21:06.932+0000] {logging_mixin.py:188} INFO - [2025-05-09T16:21:06.932+0000] {dag.py:3954} INFO - Setting next_dagrun for example_short_circuit_operator to 2025-05-08 00:00:00+00:00, run_after=2025-05-09 00:00:00+00:00
[2025-05-09T16:21:06.966+0000] {processor.py:183} INFO - Processing /home/airflow/.local/lib/python3.10/site-packages/airflow/example_dags/example_short_circuit_operator.py took 0.115 seconds
[2025-05-09T16:21:37.143+0000] {processor.py:161} INFO - Started process (PID=9239) to work on /home/airflow/.local/lib/python3.10/site-packages/airflow/example_dags/example_short_circuit_operator.py
[2025-05-09T16:21:37.145+0000] {processor.py:830} INFO - Processing file /home/airflow/.local/lib/python3.10/site-packages/airflow/example_dags/example_short_circuit_operator.py for tasks to queue
[2025-05-09T16:21:37.148+0000] {logging_mixin.py:188} INFO - [2025-05-09T16:21:37.147+0000] {dagbag.py:545} INFO - Filling up the DagBag from /home/airflow/.local/lib/python3.10/site-packages/airflow/example_dags/example_short_circuit_operator.py
[2025-05-09T16:21:37.156+0000] {processor.py:840} INFO - DAG(s) 'example_short_circuit_operator' retrieved from /home/airflow/.local/lib/python3.10/site-packages/airflow/example_dags/example_short_circuit_operator.py
[2025-05-09T16:21:37.188+0000] {logging_mixin.py:188} INFO - [2025-05-09T16:21:37.187+0000] {dag.py:3096} INFO - Sync 1 DAGs
[2025-05-09T16:21:37.210+0000] {logging_mixin.py:188} INFO - [2025-05-09T16:21:37.210+0000] {dag.py:3954} INFO - Setting next_dagrun for example_short_circuit_operator to 2025-05-08 00:00:00+00:00, run_after=2025-05-09 00:00:00+00:00
[2025-05-09T16:21:37.238+0000] {processor.py:183} INFO - Processing /home/airflow/.local/lib/python3.10/site-packages/airflow/example_dags/example_short_circuit_operator.py took 0.101 seconds
[2025-05-09T16:22:07.484+0000] {processor.py:161} INFO - Started process (PID=9554) to work on /home/airflow/.local/lib/python3.10/site-packages/airflow/example_dags/example_short_circuit_operator.py
[2025-05-09T16:22:07.486+0000] {processor.py:830} INFO - Processing file /home/airflow/.local/lib/python3.10/site-packages/airflow/example_dags/example_short_circuit_operator.py for tasks to queue
[2025-05-09T16:22:07.488+0000] {logging_mixin.py:188} INFO - [2025-05-09T16:22:07.488+0000] {dagbag.py:545} INFO - Filling up the DagBag from /home/airflow/.local/lib/python3.10/site-packages/airflow/example_dags/example_short_circuit_operator.py
[2025-05-09T16:22:07.495+0000] {processor.py:840} INFO - DAG(s) 'example_short_circuit_operator' retrieved from /home/airflow/.local/lib/python3.10/site-packages/airflow/example_dags/example_short_circuit_operator.py
[2025-05-09T16:22:07.519+0000] {logging_mixin.py:188} INFO - [2025-05-09T16:22:07.519+0000] {dag.py:3096} INFO - Sync 1 DAGs
[2025-05-09T16:22:07.539+0000] {logging_mixin.py:188} INFO - [2025-05-09T16:22:07.538+0000] {dag.py:3954} INFO - Setting next_dagrun for example_short_circuit_operator to 2025-05-08 00:00:00+00:00, run_after=2025-05-09 00:00:00+00:00
[2025-05-09T16:22:07.561+0000] {processor.py:183} INFO - Processing /home/airflow/.local/lib/python3.10/site-packages/airflow/example_dags/example_short_circuit_operator.py took 0.083 seconds
[2025-05-09T16:22:38.477+0000] {processor.py:161} INFO - Started process (PID=9846) to work on /home/airflow/.local/lib/python3.10/site-packages/airflow/example_dags/example_short_circuit_operator.py
[2025-05-09T16:22:38.478+0000] {processor.py:830} INFO - Processing file /home/airflow/.local/lib/python3.10/site-packages/airflow/example_dags/example_short_circuit_operator.py for tasks to queue
[2025-05-09T16:22:38.480+0000] {logging_mixin.py:188} INFO - [2025-05-09T16:22:38.480+0000] {dagbag.py:545} INFO - Filling up the DagBag from /home/airflow/.local/lib/python3.10/site-packages/airflow/example_dags/example_short_circuit_operator.py
[2025-05-09T16:22:38.487+0000] {processor.py:840} INFO - DAG(s) 'example_short_circuit_operator' retrieved from /home/airflow/.local/lib/python3.10/site-packages/airflow/example_dags/example_short_circuit_operator.py
[2025-05-09T16:22:38.509+0000] {logging_mixin.py:188} INFO - [2025-05-09T16:22:38.509+0000] {dag.py:3096} INFO - Sync 1 DAGs
[2025-05-09T16:22:38.528+0000] {logging_mixin.py:188} INFO - [2025-05-09T16:22:38.528+0000] {dag.py:3954} INFO - Setting next_dagrun for example_short_circuit_operator to 2025-05-08 00:00:00+00:00, run_after=2025-05-09 00:00:00+00:00
[2025-05-09T16:22:38.547+0000] {processor.py:183} INFO - Processing /home/airflow/.local/lib/python3.10/site-packages/airflow/example_dags/example_short_circuit_operator.py took 0.076 seconds
[2025-05-09T16:23:09.363+0000] {processor.py:161} INFO - Started process (PID=10144) to work on /home/airflow/.local/lib/python3.10/site-packages/airflow/example_dags/example_short_circuit_operator.py
[2025-05-09T16:23:09.364+0000] {processor.py:830} INFO - Processing file /home/airflow/.local/lib/python3.10/site-packages/airflow/example_dags/example_short_circuit_operator.py for tasks to queue
[2025-05-09T16:23:09.367+0000] {logging_mixin.py:188} INFO - [2025-05-09T16:23:09.366+0000] {dagbag.py:545} INFO - Filling up the DagBag from /home/airflow/.local/lib/python3.10/site-packages/airflow/example_dags/example_short_circuit_operator.py
[2025-05-09T16:23:09.376+0000] {processor.py:840} INFO - DAG(s) 'example_short_circuit_operator' retrieved from /home/airflow/.local/lib/python3.10/site-packages/airflow/example_dags/example_short_circuit_operator.py
[2025-05-09T16:23:09.405+0000] {logging_mixin.py:188} INFO - [2025-05-09T16:23:09.403+0000] {dag.py:3096} INFO - Sync 1 DAGs
[2025-05-09T16:23:09.428+0000] {logging_mixin.py:188} INFO - [2025-05-09T16:23:09.428+0000] {dag.py:3954} INFO - Setting next_dagrun for example_short_circuit_operator to 2025-05-08 00:00:00+00:00, run_after=2025-05-09 00:00:00+00:00
[2025-05-09T16:23:09.448+0000] {processor.py:183} INFO - Processing /home/airflow/.local/lib/python3.10/site-packages/airflow/example_dags/example_short_circuit_operator.py took 0.092 seconds
[2025-05-09T16:23:39.915+0000] {processor.py:161} INFO - Started process (PID=10419) to work on /home/airflow/.local/lib/python3.10/site-packages/airflow/example_dags/example_short_circuit_operator.py
[2025-05-09T16:23:39.916+0000] {processor.py:830} INFO - Processing file /home/airflow/.local/lib/python3.10/site-packages/airflow/example_dags/example_short_circuit_operator.py for tasks to queue
[2025-05-09T16:23:39.918+0000] {logging_mixin.py:188} INFO - [2025-05-09T16:23:39.918+0000] {dagbag.py:545} INFO - Filling up the DagBag from /home/airflow/.local/lib/python3.10/site-packages/airflow/example_dags/example_short_circuit_operator.py
[2025-05-09T16:23:39.926+0000] {processor.py:840} INFO - DAG(s) 'example_short_circuit_operator' retrieved from /home/airflow/.local/lib/python3.10/site-packages/airflow/example_dags/example_short_circuit_operator.py
[2025-05-09T16:23:39.950+0000] {logging_mixin.py:188} INFO - [2025-05-09T16:23:39.949+0000] {dag.py:3096} INFO - Sync 1 DAGs
[2025-05-09T16:23:39.971+0000] {logging_mixin.py:188} INFO - [2025-05-09T16:23:39.971+0000] {dag.py:3954} INFO - Setting next_dagrun for example_short_circuit_operator to 2025-05-08 00:00:00+00:00, run_after=2025-05-09 00:00:00+00:00
[2025-05-09T16:23:39.991+0000] {processor.py:183} INFO - Processing /home/airflow/.local/lib/python3.10/site-packages/airflow/example_dags/example_short_circuit_operator.py took 0.082 seconds
[2025-05-09T16:24:10.670+0000] {processor.py:161} INFO - Started process (PID=10734) to work on /home/airflow/.local/lib/python3.10/site-packages/airflow/example_dags/example_short_circuit_operator.py
[2025-05-09T16:24:10.672+0000] {processor.py:830} INFO - Processing file /home/airflow/.local/lib/python3.10/site-packages/airflow/example_dags/example_short_circuit_operator.py for tasks to queue
[2025-05-09T16:24:10.674+0000] {logging_mixin.py:188} INFO - [2025-05-09T16:24:10.674+0000] {dagbag.py:545} INFO - Filling up the DagBag from /home/airflow/.local/lib/python3.10/site-packages/airflow/example_dags/example_short_circuit_operator.py
[2025-05-09T16:24:10.683+0000] {processor.py:840} INFO - DAG(s) 'example_short_circuit_operator' retrieved from /home/airflow/.local/lib/python3.10/site-packages/airflow/example_dags/example_short_circuit_operator.py
[2025-05-09T16:24:10.707+0000] {logging_mixin.py:188} INFO - [2025-05-09T16:24:10.707+0000] {dag.py:3096} INFO - Sync 1 DAGs
[2025-05-09T16:24:10.735+0000] {logging_mixin.py:188} INFO - [2025-05-09T16:24:10.734+0000] {dag.py:3954} INFO - Setting next_dagrun for example_short_circuit_operator to 2025-05-08 00:00:00+00:00, run_after=2025-05-09 00:00:00+00:00
[2025-05-09T16:24:10.756+0000] {processor.py:183} INFO - Processing /home/airflow/.local/lib/python3.10/site-packages/airflow/example_dags/example_short_circuit_operator.py took 0.094 seconds
[2025-05-09T16:24:40.987+0000] {processor.py:161} INFO - Started process (PID=11008) to work on /home/airflow/.local/lib/python3.10/site-packages/airflow/example_dags/example_short_circuit_operator.py
[2025-05-09T16:24:40.989+0000] {processor.py:830} INFO - Processing file /home/airflow/.local/lib/python3.10/site-packages/airflow/example_dags/example_short_circuit_operator.py for tasks to queue
[2025-05-09T16:24:40.991+0000] {logging_mixin.py:188} INFO - [2025-05-09T16:24:40.991+0000] {dagbag.py:545} INFO - Filling up the DagBag from /home/airflow/.local/lib/python3.10/site-packages/airflow/example_dags/example_short_circuit_operator.py
[2025-05-09T16:24:41.001+0000] {processor.py:840} INFO - DAG(s) 'example_short_circuit_operator' retrieved from /home/airflow/.local/lib/python3.10/site-packages/airflow/example_dags/example_short_circuit_operator.py
[2025-05-09T16:24:41.025+0000] {logging_mixin.py:188} INFO - [2025-05-09T16:24:41.025+0000] {dag.py:3096} INFO - Sync 1 DAGs
[2025-05-09T16:24:41.045+0000] {logging_mixin.py:188} INFO - [2025-05-09T16:24:41.045+0000] {dag.py:3954} INFO - Setting next_dagrun for example_short_circuit_operator to 2025-05-08 00:00:00+00:00, run_after=2025-05-09 00:00:00+00:00
[2025-05-09T16:24:41.067+0000] {processor.py:183} INFO - Processing /home/airflow/.local/lib/python3.10/site-packages/airflow/example_dags/example_short_circuit_operator.py took 0.088 seconds
[2025-05-09T16:25:11.217+0000] {processor.py:161} INFO - Started process (PID=11363) to work on /home/airflow/.local/lib/python3.10/site-packages/airflow/example_dags/example_short_circuit_operator.py
[2025-05-09T16:25:11.218+0000] {processor.py:830} INFO - Processing file /home/airflow/.local/lib/python3.10/site-packages/airflow/example_dags/example_short_circuit_operator.py for tasks to queue
[2025-05-09T16:25:11.221+0000] {logging_mixin.py:188} INFO - [2025-05-09T16:25:11.220+0000] {dagbag.py:545} INFO - Filling up the DagBag from /home/airflow/.local/lib/python3.10/site-packages/airflow/example_dags/example_short_circuit_operator.py
[2025-05-09T16:25:11.228+0000] {processor.py:840} INFO - DAG(s) 'example_short_circuit_operator' retrieved from /home/airflow/.local/lib/python3.10/site-packages/airflow/example_dags/example_short_circuit_operator.py
[2025-05-09T16:25:11.255+0000] {logging_mixin.py:188} INFO - [2025-05-09T16:25:11.255+0000] {dag.py:3096} INFO - Sync 1 DAGs
[2025-05-09T16:25:11.275+0000] {logging_mixin.py:188} INFO - [2025-05-09T16:25:11.275+0000] {dag.py:3954} INFO - Setting next_dagrun for example_short_circuit_operator to 2025-05-08 00:00:00+00:00, run_after=2025-05-09 00:00:00+00:00
[2025-05-09T16:25:11.296+0000] {processor.py:183} INFO - Processing /home/airflow/.local/lib/python3.10/site-packages/airflow/example_dags/example_short_circuit_operator.py took 0.085 seconds
[2025-05-09T16:25:41.930+0000] {processor.py:161} INFO - Started process (PID=11631) to work on /home/airflow/.local/lib/python3.10/site-packages/airflow/example_dags/example_short_circuit_operator.py
[2025-05-09T16:25:41.932+0000] {processor.py:830} INFO - Processing file /home/airflow/.local/lib/python3.10/site-packages/airflow/example_dags/example_short_circuit_operator.py for tasks to queue
[2025-05-09T16:25:41.936+0000] {logging_mixin.py:188} INFO - [2025-05-09T16:25:41.935+0000] {dagbag.py:545} INFO - Filling up the DagBag from /home/airflow/.local/lib/python3.10/site-packages/airflow/example_dags/example_short_circuit_operator.py
[2025-05-09T16:25:41.946+0000] {processor.py:840} INFO - DAG(s) 'example_short_circuit_operator' retrieved from /home/airflow/.local/lib/python3.10/site-packages/airflow/example_dags/example_short_circuit_operator.py
[2025-05-09T16:25:41.987+0000] {logging_mixin.py:188} INFO - [2025-05-09T16:25:41.986+0000] {dag.py:3096} INFO - Sync 1 DAGs
[2025-05-09T16:25:42.016+0000] {logging_mixin.py:188} INFO - [2025-05-09T16:25:42.016+0000] {dag.py:3954} INFO - Setting next_dagrun for example_short_circuit_operator to 2025-05-08 00:00:00+00:00, run_after=2025-05-09 00:00:00+00:00
[2025-05-09T16:25:42.040+0000] {processor.py:183} INFO - Processing /home/airflow/.local/lib/python3.10/site-packages/airflow/example_dags/example_short_circuit_operator.py took 0.118 seconds
[2025-05-09T16:26:12.459+0000] {processor.py:161} INFO - Started process (PID=11956) to work on /home/airflow/.local/lib/python3.10/site-packages/airflow/example_dags/example_short_circuit_operator.py
[2025-05-09T16:26:12.461+0000] {processor.py:830} INFO - Processing file /home/airflow/.local/lib/python3.10/site-packages/airflow/example_dags/example_short_circuit_operator.py for tasks to queue
[2025-05-09T16:26:12.464+0000] {logging_mixin.py:188} INFO - [2025-05-09T16:26:12.463+0000] {dagbag.py:545} INFO - Filling up the DagBag from /home/airflow/.local/lib/python3.10/site-packages/airflow/example_dags/example_short_circuit_operator.py
[2025-05-09T16:26:12.471+0000] {processor.py:840} INFO - DAG(s) 'example_short_circuit_operator' retrieved from /home/airflow/.local/lib/python3.10/site-packages/airflow/example_dags/example_short_circuit_operator.py
[2025-05-09T16:26:12.496+0000] {logging_mixin.py:188} INFO - [2025-05-09T16:26:12.495+0000] {dag.py:3096} INFO - Sync 1 DAGs
[2025-05-09T16:26:12.520+0000] {logging_mixin.py:188} INFO - [2025-05-09T16:26:12.519+0000] {dag.py:3954} INFO - Setting next_dagrun for example_short_circuit_operator to 2025-05-08 00:00:00+00:00, run_after=2025-05-09 00:00:00+00:00
[2025-05-09T16:26:12.542+0000] {processor.py:183} INFO - Processing /home/airflow/.local/lib/python3.10/site-packages/airflow/example_dags/example_short_circuit_operator.py took 0.089 seconds
[2025-05-09T16:26:42.926+0000] {processor.py:161} INFO - Started process (PID=12231) to work on /home/airflow/.local/lib/python3.10/site-packages/airflow/example_dags/example_short_circuit_operator.py
[2025-05-09T16:26:42.928+0000] {processor.py:830} INFO - Processing file /home/airflow/.local/lib/python3.10/site-packages/airflow/example_dags/example_short_circuit_operator.py for tasks to queue
[2025-05-09T16:26:42.929+0000] {logging_mixin.py:188} INFO - [2025-05-09T16:26:42.929+0000] {dagbag.py:545} INFO - Filling up the DagBag from /home/airflow/.local/lib/python3.10/site-packages/airflow/example_dags/example_short_circuit_operator.py
[2025-05-09T16:26:42.936+0000] {processor.py:840} INFO - DAG(s) 'example_short_circuit_operator' retrieved from /home/airflow/.local/lib/python3.10/site-packages/airflow/example_dags/example_short_circuit_operator.py
[2025-05-09T16:26:42.960+0000] {logging_mixin.py:188} INFO - [2025-05-09T16:26:42.960+0000] {dag.py:3096} INFO - Sync 1 DAGs
[2025-05-09T16:26:42.980+0000] {logging_mixin.py:188} INFO - [2025-05-09T16:26:42.980+0000] {dag.py:3954} INFO - Setting next_dagrun for example_short_circuit_operator to 2025-05-08 00:00:00+00:00, run_after=2025-05-09 00:00:00+00:00
[2025-05-09T16:26:43.002+0000] {processor.py:183} INFO - Processing /home/airflow/.local/lib/python3.10/site-packages/airflow/example_dags/example_short_circuit_operator.py took 0.082 seconds
[2025-05-09T16:27:13.510+0000] {processor.py:161} INFO - Started process (PID=12552) to work on /home/airflow/.local/lib/python3.10/site-packages/airflow/example_dags/example_short_circuit_operator.py
[2025-05-09T16:27:13.511+0000] {processor.py:830} INFO - Processing file /home/airflow/.local/lib/python3.10/site-packages/airflow/example_dags/example_short_circuit_operator.py for tasks to queue
[2025-05-09T16:27:13.514+0000] {logging_mixin.py:188} INFO - [2025-05-09T16:27:13.514+0000] {dagbag.py:545} INFO - Filling up the DagBag from /home/airflow/.local/lib/python3.10/site-packages/airflow/example_dags/example_short_circuit_operator.py
[2025-05-09T16:27:13.521+0000] {processor.py:840} INFO - DAG(s) 'example_short_circuit_operator' retrieved from /home/airflow/.local/lib/python3.10/site-packages/airflow/example_dags/example_short_circuit_operator.py
[2025-05-09T16:27:13.545+0000] {logging_mixin.py:188} INFO - [2025-05-09T16:27:13.545+0000] {dag.py:3096} INFO - Sync 1 DAGs
[2025-05-09T16:27:13.568+0000] {logging_mixin.py:188} INFO - [2025-05-09T16:27:13.567+0000] {dag.py:3954} INFO - Setting next_dagrun for example_short_circuit_operator to 2025-05-08 00:00:00+00:00, run_after=2025-05-09 00:00:00+00:00
[2025-05-09T16:27:13.593+0000] {processor.py:183} INFO - Processing /home/airflow/.local/lib/python3.10/site-packages/airflow/example_dags/example_short_circuit_operator.py took 0.090 seconds
[2025-05-09T16:27:43.946+0000] {processor.py:161} INFO - Started process (PID=12814) to work on /home/airflow/.local/lib/python3.10/site-packages/airflow/example_dags/example_short_circuit_operator.py
[2025-05-09T16:27:43.948+0000] {processor.py:830} INFO - Processing file /home/airflow/.local/lib/python3.10/site-packages/airflow/example_dags/example_short_circuit_operator.py for tasks to queue
[2025-05-09T16:27:43.950+0000] {logging_mixin.py:188} INFO - [2025-05-09T16:27:43.949+0000] {dagbag.py:545} INFO - Filling up the DagBag from /home/airflow/.local/lib/python3.10/site-packages/airflow/example_dags/example_short_circuit_operator.py
[2025-05-09T16:27:43.957+0000] {processor.py:840} INFO - DAG(s) 'example_short_circuit_operator' retrieved from /home/airflow/.local/lib/python3.10/site-packages/airflow/example_dags/example_short_circuit_operator.py
[2025-05-09T16:27:43.985+0000] {logging_mixin.py:188} INFO - [2025-05-09T16:27:43.984+0000] {dag.py:3096} INFO - Sync 1 DAGs
[2025-05-09T16:27:44.008+0000] {logging_mixin.py:188} INFO - [2025-05-09T16:27:44.007+0000] {dag.py:3954} INFO - Setting next_dagrun for example_short_circuit_operator to 2025-05-08 00:00:00+00:00, run_after=2025-05-09 00:00:00+00:00
[2025-05-09T16:27:44.036+0000] {processor.py:183} INFO - Processing /home/airflow/.local/lib/python3.10/site-packages/airflow/example_dags/example_short_circuit_operator.py took 0.097 seconds
[2025-05-09T16:28:14.126+0000] {processor.py:161} INFO - Started process (PID=13110) to work on /home/airflow/.local/lib/python3.10/site-packages/airflow/example_dags/example_short_circuit_operator.py
[2025-05-09T16:28:14.128+0000] {processor.py:830} INFO - Processing file /home/airflow/.local/lib/python3.10/site-packages/airflow/example_dags/example_short_circuit_operator.py for tasks to queue
[2025-05-09T16:28:14.132+0000] {logging_mixin.py:188} INFO - [2025-05-09T16:28:14.131+0000] {dagbag.py:545} INFO - Filling up the DagBag from /home/airflow/.local/lib/python3.10/site-packages/airflow/example_dags/example_short_circuit_operator.py
[2025-05-09T16:28:14.140+0000] {processor.py:840} INFO - DAG(s) 'example_short_circuit_operator' retrieved from /home/airflow/.local/lib/python3.10/site-packages/airflow/example_dags/example_short_circuit_operator.py
[2025-05-09T16:28:14.166+0000] {logging_mixin.py:188} INFO - [2025-05-09T16:28:14.166+0000] {dag.py:3096} INFO - Sync 1 DAGs
[2025-05-09T16:28:14.190+0000] {logging_mixin.py:188} INFO - [2025-05-09T16:28:14.190+0000] {dag.py:3954} INFO - Setting next_dagrun for example_short_circuit_operator to 2025-05-08 00:00:00+00:00, run_after=2025-05-09 00:00:00+00:00
[2025-05-09T16:28:14.215+0000] {processor.py:183} INFO - Processing /home/airflow/.local/lib/python3.10/site-packages/airflow/example_dags/example_short_circuit_operator.py took 0.094 seconds
[2025-05-09T16:28:45.210+0000] {processor.py:161} INFO - Started process (PID=13374) to work on /home/airflow/.local/lib/python3.10/site-packages/airflow/example_dags/example_short_circuit_operator.py
[2025-05-09T16:28:45.212+0000] {processor.py:830} INFO - Processing file /home/airflow/.local/lib/python3.10/site-packages/airflow/example_dags/example_short_circuit_operator.py for tasks to queue
[2025-05-09T16:28:45.215+0000] {logging_mixin.py:188} INFO - [2025-05-09T16:28:45.215+0000] {dagbag.py:545} INFO - Filling up the DagBag from /home/airflow/.local/lib/python3.10/site-packages/airflow/example_dags/example_short_circuit_operator.py
[2025-05-09T16:28:45.225+0000] {processor.py:840} INFO - DAG(s) 'example_short_circuit_operator' retrieved from /home/airflow/.local/lib/python3.10/site-packages/airflow/example_dags/example_short_circuit_operator.py
[2025-05-09T16:28:45.258+0000] {logging_mixin.py:188} INFO - [2025-05-09T16:28:45.258+0000] {dag.py:3096} INFO - Sync 1 DAGs
[2025-05-09T16:28:45.285+0000] {logging_mixin.py:188} INFO - [2025-05-09T16:28:45.284+0000] {dag.py:3954} INFO - Setting next_dagrun for example_short_circuit_operator to 2025-05-08 00:00:00+00:00, run_after=2025-05-09 00:00:00+00:00
[2025-05-09T16:28:45.313+0000] {processor.py:183} INFO - Processing /home/airflow/.local/lib/python3.10/site-packages/airflow/example_dags/example_short_circuit_operator.py took 0.111 seconds
[2025-05-09T16:29:15.580+0000] {processor.py:161} INFO - Started process (PID=13710) to work on /home/airflow/.local/lib/python3.10/site-packages/airflow/example_dags/example_short_circuit_operator.py
[2025-05-09T16:29:15.582+0000] {processor.py:830} INFO - Processing file /home/airflow/.local/lib/python3.10/site-packages/airflow/example_dags/example_short_circuit_operator.py for tasks to queue
[2025-05-09T16:29:15.584+0000] {logging_mixin.py:188} INFO - [2025-05-09T16:29:15.584+0000] {dagbag.py:545} INFO - Filling up the DagBag from /home/airflow/.local/lib/python3.10/site-packages/airflow/example_dags/example_short_circuit_operator.py
[2025-05-09T16:29:15.594+0000] {processor.py:840} INFO - DAG(s) 'example_short_circuit_operator' retrieved from /home/airflow/.local/lib/python3.10/site-packages/airflow/example_dags/example_short_circuit_operator.py
[2025-05-09T16:29:15.631+0000] {logging_mixin.py:188} INFO - [2025-05-09T16:29:15.630+0000] {dag.py:3096} INFO - Sync 1 DAGs
[2025-05-09T16:29:15.653+0000] {logging_mixin.py:188} INFO - [2025-05-09T16:29:15.653+0000] {dag.py:3954} INFO - Setting next_dagrun for example_short_circuit_operator to 2025-05-08 00:00:00+00:00, run_after=2025-05-09 00:00:00+00:00
[2025-05-09T16:29:15.677+0000] {processor.py:183} INFO - Processing /home/airflow/.local/lib/python3.10/site-packages/airflow/example_dags/example_short_circuit_operator.py took 0.104 seconds
[2025-05-09T16:29:46.034+0000] {processor.py:161} INFO - Started process (PID=13973) to work on /home/airflow/.local/lib/python3.10/site-packages/airflow/example_dags/example_short_circuit_operator.py
[2025-05-09T16:29:46.035+0000] {processor.py:830} INFO - Processing file /home/airflow/.local/lib/python3.10/site-packages/airflow/example_dags/example_short_circuit_operator.py for tasks to queue
[2025-05-09T16:29:46.038+0000] {logging_mixin.py:188} INFO - [2025-05-09T16:29:46.037+0000] {dagbag.py:545} INFO - Filling up the DagBag from /home/airflow/.local/lib/python3.10/site-packages/airflow/example_dags/example_short_circuit_operator.py
[2025-05-09T16:29:46.044+0000] {processor.py:840} INFO - DAG(s) 'example_short_circuit_operator' retrieved from /home/airflow/.local/lib/python3.10/site-packages/airflow/example_dags/example_short_circuit_operator.py
[2025-05-09T16:29:46.068+0000] {logging_mixin.py:188} INFO - [2025-05-09T16:29:46.067+0000] {dag.py:3096} INFO - Sync 1 DAGs
[2025-05-09T16:29:46.085+0000] {logging_mixin.py:188} INFO - [2025-05-09T16:29:46.085+0000] {dag.py:3954} INFO - Setting next_dagrun for example_short_circuit_operator to 2025-05-08 00:00:00+00:00, run_after=2025-05-09 00:00:00+00:00
[2025-05-09T16:29:46.101+0000] {processor.py:183} INFO - Processing /home/airflow/.local/lib/python3.10/site-packages/airflow/example_dags/example_short_circuit_operator.py took 0.073 seconds
[2025-05-09T16:30:16.437+0000] {processor.py:161} INFO - Started process (PID=14284) to work on /home/airflow/.local/lib/python3.10/site-packages/airflow/example_dags/example_short_circuit_operator.py
[2025-05-09T16:30:16.439+0000] {processor.py:830} INFO - Processing file /home/airflow/.local/lib/python3.10/site-packages/airflow/example_dags/example_short_circuit_operator.py for tasks to queue
[2025-05-09T16:30:16.442+0000] {logging_mixin.py:188} INFO - [2025-05-09T16:30:16.442+0000] {dagbag.py:545} INFO - Filling up the DagBag from /home/airflow/.local/lib/python3.10/site-packages/airflow/example_dags/example_short_circuit_operator.py
[2025-05-09T16:30:16.454+0000] {processor.py:840} INFO - DAG(s) 'example_short_circuit_operator' retrieved from /home/airflow/.local/lib/python3.10/site-packages/airflow/example_dags/example_short_circuit_operator.py
[2025-05-09T16:30:16.491+0000] {logging_mixin.py:188} INFO - [2025-05-09T16:30:16.491+0000] {dag.py:3096} INFO - Sync 1 DAGs
[2025-05-09T16:30:16.519+0000] {logging_mixin.py:188} INFO - [2025-05-09T16:30:16.519+0000] {dag.py:3954} INFO - Setting next_dagrun for example_short_circuit_operator to 2025-05-08 00:00:00+00:00, run_after=2025-05-09 00:00:00+00:00
[2025-05-09T16:30:16.551+0000] {processor.py:183} INFO - Processing /home/airflow/.local/lib/python3.10/site-packages/airflow/example_dags/example_short_circuit_operator.py took 0.125 seconds
[2025-05-09T16:30:46.843+0000] {processor.py:161} INFO - Started process (PID=14546) to work on /home/airflow/.local/lib/python3.10/site-packages/airflow/example_dags/example_short_circuit_operator.py
[2025-05-09T16:30:46.844+0000] {processor.py:830} INFO - Processing file /home/airflow/.local/lib/python3.10/site-packages/airflow/example_dags/example_short_circuit_operator.py for tasks to queue
[2025-05-09T16:30:46.847+0000] {logging_mixin.py:188} INFO - [2025-05-09T16:30:46.847+0000] {dagbag.py:545} INFO - Filling up the DagBag from /home/airflow/.local/lib/python3.10/site-packages/airflow/example_dags/example_short_circuit_operator.py
[2025-05-09T16:30:46.856+0000] {processor.py:840} INFO - DAG(s) 'example_short_circuit_operator' retrieved from /home/airflow/.local/lib/python3.10/site-packages/airflow/example_dags/example_short_circuit_operator.py
[2025-05-09T16:30:46.890+0000] {logging_mixin.py:188} INFO - [2025-05-09T16:30:46.889+0000] {dag.py:3096} INFO - Sync 1 DAGs
[2025-05-09T16:30:46.918+0000] {logging_mixin.py:188} INFO - [2025-05-09T16:30:46.918+0000] {dag.py:3954} INFO - Setting next_dagrun for example_short_circuit_operator to 2025-05-08 00:00:00+00:00, run_after=2025-05-09 00:00:00+00:00
[2025-05-09T16:30:46.950+0000] {processor.py:183} INFO - Processing /home/airflow/.local/lib/python3.10/site-packages/airflow/example_dags/example_short_circuit_operator.py took 0.116 seconds
