[2025-05-09T12:10:22.473+0000] {processor.py:161} INFO - Started process (PID=351) to work on /home/airflow/.local/lib/python3.10/site-packages/airflow/example_dags/example_xcomargs.py
[2025-05-09T12:10:22.476+0000] {processor.py:830} INFO - Processing file /home/airflow/.local/lib/python3.10/site-packages/airflow/example_dags/example_xcomargs.py for tasks to queue
[2025-05-09T12:10:22.480+0000] {logging_mixin.py:188} INFO - [2025-05-09T12:10:22.479+0000] {dagbag.py:545} INFO - Filling up the DagBag from /home/airflow/.local/lib/python3.10/site-packages/airflow/example_dags/example_xcomargs.py
[2025-05-09T12:10:22.504+0000] {processor.py:840} INFO - DAG(s) 'example_xcom_args', 'example_xcom_args_with_operators' retrieved from /home/airflow/.local/lib/python3.10/site-packages/airflow/example_dags/example_xcomargs.py
[2025-05-09T12:10:22.537+0000] {logging_mixin.py:188} INFO - [2025-05-09T12:10:22.536+0000] {dag.py:3096} INFO - Sync 2 DAGs
[2025-05-09T12:10:22.571+0000] {logging_mixin.py:188} INFO - [2025-05-09T12:10:22.570+0000] {dag.py:3954} INFO - Setting next_dagrun for example_xcom_args to None, run_after=None
[2025-05-09T12:10:22.583+0000] {logging_mixin.py:188} INFO - [2025-05-09T12:10:22.582+0000] {dag.py:3954} INFO - Setting next_dagrun for example_xcom_args_with_operators to None, run_after=None
[2025-05-09T12:10:22.630+0000] {processor.py:183} INFO - Processing /home/airflow/.local/lib/python3.10/site-packages/airflow/example_dags/example_xcomargs.py took 0.168 seconds
[2025-05-09T12:10:54.370+0000] {processor.py:161} INFO - Started process (PID=607) to work on /home/airflow/.local/lib/python3.10/site-packages/airflow/example_dags/example_xcomargs.py
[2025-05-09T12:10:54.372+0000] {processor.py:830} INFO - Processing file /home/airflow/.local/lib/python3.10/site-packages/airflow/example_dags/example_xcomargs.py for tasks to queue
[2025-05-09T12:10:54.375+0000] {logging_mixin.py:188} INFO - [2025-05-09T12:10:54.374+0000] {dagbag.py:545} INFO - Filling up the DagBag from /home/airflow/.local/lib/python3.10/site-packages/airflow/example_dags/example_xcomargs.py
[2025-05-09T12:10:54.390+0000] {processor.py:840} INFO - DAG(s) 'example_xcom_args', 'example_xcom_args_with_operators' retrieved from /home/airflow/.local/lib/python3.10/site-packages/airflow/example_dags/example_xcomargs.py
[2025-05-09T12:10:54.542+0000] {logging_mixin.py:188} INFO - [2025-05-09T12:10:54.542+0000] {dag.py:3096} INFO - Sync 2 DAGs
[2025-05-09T12:10:54.556+0000] {logging_mixin.py:188} INFO - [2025-05-09T12:10:54.556+0000] {dag.py:3954} INFO - Setting next_dagrun for example_xcom_args to None, run_after=None
[2025-05-09T12:10:54.560+0000] {logging_mixin.py:188} INFO - [2025-05-09T12:10:54.560+0000] {dag.py:3954} INFO - Setting next_dagrun for example_xcom_args_with_operators to None, run_after=None
[2025-05-09T12:10:54.585+0000] {processor.py:183} INFO - Processing /home/airflow/.local/lib/python3.10/site-packages/airflow/example_dags/example_xcomargs.py took 0.224 seconds
[2025-05-09T12:11:24.792+0000] {processor.py:161} INFO - Started process (PID=865) to work on /home/airflow/.local/lib/python3.10/site-packages/airflow/example_dags/example_xcomargs.py
[2025-05-09T12:11:24.797+0000] {processor.py:830} INFO - Processing file /home/airflow/.local/lib/python3.10/site-packages/airflow/example_dags/example_xcomargs.py for tasks to queue
[2025-05-09T12:11:24.800+0000] {logging_mixin.py:188} INFO - [2025-05-09T12:11:24.800+0000] {dagbag.py:545} INFO - Filling up the DagBag from /home/airflow/.local/lib/python3.10/site-packages/airflow/example_dags/example_xcomargs.py
[2025-05-09T12:11:24.816+0000] {processor.py:840} INFO - DAG(s) 'example_xcom_args', 'example_xcom_args_with_operators' retrieved from /home/airflow/.local/lib/python3.10/site-packages/airflow/example_dags/example_xcomargs.py
[2025-05-09T12:11:24.856+0000] {logging_mixin.py:188} INFO - [2025-05-09T12:11:24.856+0000] {dag.py:3096} INFO - Sync 2 DAGs
[2025-05-09T12:11:24.874+0000] {logging_mixin.py:188} INFO - [2025-05-09T12:11:24.873+0000] {dag.py:3954} INFO - Setting next_dagrun for example_xcom_args to None, run_after=None
[2025-05-09T12:11:24.879+0000] {logging_mixin.py:188} INFO - [2025-05-09T12:11:24.879+0000] {dag.py:3954} INFO - Setting next_dagrun for example_xcom_args_with_operators to None, run_after=None
[2025-05-09T12:11:24.900+0000] {processor.py:183} INFO - Processing /home/airflow/.local/lib/python3.10/site-packages/airflow/example_dags/example_xcomargs.py took 0.119 seconds
[2025-05-09T12:11:55.055+0000] {processor.py:161} INFO - Started process (PID=1121) to work on /home/airflow/.local/lib/python3.10/site-packages/airflow/example_dags/example_xcomargs.py
[2025-05-09T12:11:55.058+0000] {processor.py:830} INFO - Processing file /home/airflow/.local/lib/python3.10/site-packages/airflow/example_dags/example_xcomargs.py for tasks to queue
[2025-05-09T12:11:55.060+0000] {logging_mixin.py:188} INFO - [2025-05-09T12:11:55.060+0000] {dagbag.py:545} INFO - Filling up the DagBag from /home/airflow/.local/lib/python3.10/site-packages/airflow/example_dags/example_xcomargs.py
[2025-05-09T12:11:55.069+0000] {processor.py:840} INFO - DAG(s) 'example_xcom_args_with_operators', 'example_xcom_args' retrieved from /home/airflow/.local/lib/python3.10/site-packages/airflow/example_dags/example_xcomargs.py
[2025-05-09T12:11:55.097+0000] {logging_mixin.py:188} INFO - [2025-05-09T12:11:55.097+0000] {dag.py:3096} INFO - Sync 2 DAGs
[2025-05-09T12:11:55.111+0000] {logging_mixin.py:188} INFO - [2025-05-09T12:11:55.111+0000] {dag.py:3954} INFO - Setting next_dagrun for example_xcom_args to None, run_after=None
[2025-05-09T12:11:55.116+0000] {logging_mixin.py:188} INFO - [2025-05-09T12:11:55.116+0000] {dag.py:3954} INFO - Setting next_dagrun for example_xcom_args_with_operators to None, run_after=None
[2025-05-09T12:11:55.149+0000] {processor.py:183} INFO - Processing /home/airflow/.local/lib/python3.10/site-packages/airflow/example_dags/example_xcomargs.py took 0.104 seconds
[2025-05-09T12:12:25.210+0000] {processor.py:161} INFO - Started process (PID=1375) to work on /home/airflow/.local/lib/python3.10/site-packages/airflow/example_dags/example_xcomargs.py
[2025-05-09T12:12:25.211+0000] {processor.py:830} INFO - Processing file /home/airflow/.local/lib/python3.10/site-packages/airflow/example_dags/example_xcomargs.py for tasks to queue
[2025-05-09T12:12:25.214+0000] {logging_mixin.py:188} INFO - [2025-05-09T12:12:25.213+0000] {dagbag.py:545} INFO - Filling up the DagBag from /home/airflow/.local/lib/python3.10/site-packages/airflow/example_dags/example_xcomargs.py
[2025-05-09T12:12:25.225+0000] {processor.py:840} INFO - DAG(s) 'example_xcom_args_with_operators', 'example_xcom_args' retrieved from /home/airflow/.local/lib/python3.10/site-packages/airflow/example_dags/example_xcomargs.py
[2025-05-09T12:12:25.263+0000] {logging_mixin.py:188} INFO - [2025-05-09T12:12:25.262+0000] {dag.py:3096} INFO - Sync 2 DAGs
[2025-05-09T12:12:25.281+0000] {logging_mixin.py:188} INFO - [2025-05-09T12:12:25.281+0000] {dag.py:3954} INFO - Setting next_dagrun for example_xcom_args to None, run_after=None
[2025-05-09T12:12:25.287+0000] {logging_mixin.py:188} INFO - [2025-05-09T12:12:25.287+0000] {dag.py:3954} INFO - Setting next_dagrun for example_xcom_args_with_operators to None, run_after=None
[2025-05-09T12:12:25.323+0000] {processor.py:183} INFO - Processing /home/airflow/.local/lib/python3.10/site-packages/airflow/example_dags/example_xcomargs.py took 0.121 seconds
[2025-05-09T12:12:56.064+0000] {processor.py:161} INFO - Started process (PID=1631) to work on /home/airflow/.local/lib/python3.10/site-packages/airflow/example_dags/example_xcomargs.py
[2025-05-09T12:12:56.066+0000] {processor.py:830} INFO - Processing file /home/airflow/.local/lib/python3.10/site-packages/airflow/example_dags/example_xcomargs.py for tasks to queue
[2025-05-09T12:12:56.070+0000] {logging_mixin.py:188} INFO - [2025-05-09T12:12:56.070+0000] {dagbag.py:545} INFO - Filling up the DagBag from /home/airflow/.local/lib/python3.10/site-packages/airflow/example_dags/example_xcomargs.py
[2025-05-09T12:12:56.082+0000] {processor.py:840} INFO - DAG(s) 'example_xcom_args_with_operators', 'example_xcom_args' retrieved from /home/airflow/.local/lib/python3.10/site-packages/airflow/example_dags/example_xcomargs.py
[2025-05-09T12:12:56.112+0000] {logging_mixin.py:188} INFO - [2025-05-09T12:12:56.112+0000] {dag.py:3096} INFO - Sync 2 DAGs
[2025-05-09T12:12:56.127+0000] {logging_mixin.py:188} INFO - [2025-05-09T12:12:56.127+0000] {dag.py:3954} INFO - Setting next_dagrun for example_xcom_args to None, run_after=None
[2025-05-09T12:12:56.133+0000] {logging_mixin.py:188} INFO - [2025-05-09T12:12:56.132+0000] {dag.py:3954} INFO - Setting next_dagrun for example_xcom_args_with_operators to None, run_after=None
[2025-05-09T12:12:56.155+0000] {processor.py:183} INFO - Processing /home/airflow/.local/lib/python3.10/site-packages/airflow/example_dags/example_xcomargs.py took 0.102 seconds
[2025-05-09T12:13:26.474+0000] {processor.py:161} INFO - Started process (PID=1887) to work on /home/airflow/.local/lib/python3.10/site-packages/airflow/example_dags/example_xcomargs.py
[2025-05-09T12:13:26.476+0000] {processor.py:830} INFO - Processing file /home/airflow/.local/lib/python3.10/site-packages/airflow/example_dags/example_xcomargs.py for tasks to queue
[2025-05-09T12:13:26.478+0000] {logging_mixin.py:188} INFO - [2025-05-09T12:13:26.477+0000] {dagbag.py:545} INFO - Filling up the DagBag from /home/airflow/.local/lib/python3.10/site-packages/airflow/example_dags/example_xcomargs.py
[2025-05-09T12:13:26.488+0000] {processor.py:840} INFO - DAG(s) 'example_xcom_args', 'example_xcom_args_with_operators' retrieved from /home/airflow/.local/lib/python3.10/site-packages/airflow/example_dags/example_xcomargs.py
[2025-05-09T12:13:26.517+0000] {logging_mixin.py:188} INFO - [2025-05-09T12:13:26.516+0000] {dag.py:3096} INFO - Sync 2 DAGs
[2025-05-09T12:13:26.533+0000] {logging_mixin.py:188} INFO - [2025-05-09T12:13:26.532+0000] {dag.py:3954} INFO - Setting next_dagrun for example_xcom_args to None, run_after=None
[2025-05-09T12:13:26.537+0000] {logging_mixin.py:188} INFO - [2025-05-09T12:13:26.537+0000] {dag.py:3954} INFO - Setting next_dagrun for example_xcom_args_with_operators to None, run_after=None
[2025-05-09T12:13:26.561+0000] {processor.py:183} INFO - Processing /home/airflow/.local/lib/python3.10/site-packages/airflow/example_dags/example_xcomargs.py took 0.095 seconds
[2025-05-09T12:13:57.080+0000] {processor.py:161} INFO - Started process (PID=2145) to work on /home/airflow/.local/lib/python3.10/site-packages/airflow/example_dags/example_xcomargs.py
[2025-05-09T12:13:57.082+0000] {processor.py:830} INFO - Processing file /home/airflow/.local/lib/python3.10/site-packages/airflow/example_dags/example_xcomargs.py for tasks to queue
[2025-05-09T12:13:57.084+0000] {logging_mixin.py:188} INFO - [2025-05-09T12:13:57.083+0000] {dagbag.py:545} INFO - Filling up the DagBag from /home/airflow/.local/lib/python3.10/site-packages/airflow/example_dags/example_xcomargs.py
[2025-05-09T12:13:57.093+0000] {processor.py:840} INFO - DAG(s) 'example_xcom_args', 'example_xcom_args_with_operators' retrieved from /home/airflow/.local/lib/python3.10/site-packages/airflow/example_dags/example_xcomargs.py
[2025-05-09T12:13:57.119+0000] {logging_mixin.py:188} INFO - [2025-05-09T12:13:57.118+0000] {dag.py:3096} INFO - Sync 2 DAGs
[2025-05-09T12:13:57.132+0000] {logging_mixin.py:188} INFO - [2025-05-09T12:13:57.132+0000] {dag.py:3954} INFO - Setting next_dagrun for example_xcom_args to None, run_after=None
[2025-05-09T12:13:57.137+0000] {logging_mixin.py:188} INFO - [2025-05-09T12:13:57.136+0000] {dag.py:3954} INFO - Setting next_dagrun for example_xcom_args_with_operators to None, run_after=None
[2025-05-09T12:13:57.170+0000] {processor.py:183} INFO - Processing /home/airflow/.local/lib/python3.10/site-packages/airflow/example_dags/example_xcomargs.py took 0.097 seconds
[2025-05-09T12:14:28.219+0000] {processor.py:161} INFO - Started process (PID=2401) to work on /home/airflow/.local/lib/python3.10/site-packages/airflow/example_dags/example_xcomargs.py
[2025-05-09T12:14:28.221+0000] {processor.py:830} INFO - Processing file /home/airflow/.local/lib/python3.10/site-packages/airflow/example_dags/example_xcomargs.py for tasks to queue
[2025-05-09T12:14:28.224+0000] {logging_mixin.py:188} INFO - [2025-05-09T12:14:28.223+0000] {dagbag.py:545} INFO - Filling up the DagBag from /home/airflow/.local/lib/python3.10/site-packages/airflow/example_dags/example_xcomargs.py
[2025-05-09T12:14:28.234+0000] {processor.py:840} INFO - DAG(s) 'example_xcom_args', 'example_xcom_args_with_operators' retrieved from /home/airflow/.local/lib/python3.10/site-packages/airflow/example_dags/example_xcomargs.py
[2025-05-09T12:14:28.284+0000] {logging_mixin.py:188} INFO - [2025-05-09T12:14:28.284+0000] {dag.py:3096} INFO - Sync 2 DAGs
[2025-05-09T12:14:28.304+0000] {logging_mixin.py:188} INFO - [2025-05-09T12:14:28.304+0000] {dag.py:3954} INFO - Setting next_dagrun for example_xcom_args to None, run_after=None
[2025-05-09T12:14:28.309+0000] {logging_mixin.py:188} INFO - [2025-05-09T12:14:28.309+0000] {dag.py:3954} INFO - Setting next_dagrun for example_xcom_args_with_operators to None, run_after=None
[2025-05-09T12:14:28.336+0000] {processor.py:183} INFO - Processing /home/airflow/.local/lib/python3.10/site-packages/airflow/example_dags/example_xcomargs.py took 0.126 seconds
[2025-05-09T12:14:58.461+0000] {processor.py:161} INFO - Started process (PID=2657) to work on /home/airflow/.local/lib/python3.10/site-packages/airflow/example_dags/example_xcomargs.py
[2025-05-09T12:14:58.462+0000] {processor.py:830} INFO - Processing file /home/airflow/.local/lib/python3.10/site-packages/airflow/example_dags/example_xcomargs.py for tasks to queue
[2025-05-09T12:14:58.466+0000] {logging_mixin.py:188} INFO - [2025-05-09T12:14:58.465+0000] {dagbag.py:545} INFO - Filling up the DagBag from /home/airflow/.local/lib/python3.10/site-packages/airflow/example_dags/example_xcomargs.py
[2025-05-09T12:14:58.479+0000] {processor.py:840} INFO - DAG(s) 'example_xcom_args', 'example_xcom_args_with_operators' retrieved from /home/airflow/.local/lib/python3.10/site-packages/airflow/example_dags/example_xcomargs.py
[2025-05-09T12:14:58.515+0000] {logging_mixin.py:188} INFO - [2025-05-09T12:14:58.515+0000] {dag.py:3096} INFO - Sync 2 DAGs
[2025-05-09T12:14:58.533+0000] {logging_mixin.py:188} INFO - [2025-05-09T12:14:58.532+0000] {dag.py:3954} INFO - Setting next_dagrun for example_xcom_args to None, run_after=None
[2025-05-09T12:14:58.539+0000] {logging_mixin.py:188} INFO - [2025-05-09T12:14:58.538+0000] {dag.py:3954} INFO - Setting next_dagrun for example_xcom_args_with_operators to None, run_after=None
[2025-05-09T12:14:58.579+0000] {processor.py:183} INFO - Processing /home/airflow/.local/lib/python3.10/site-packages/airflow/example_dags/example_xcomargs.py took 0.128 seconds
[2025-05-09T12:15:28.703+0000] {processor.py:161} INFO - Started process (PID=2917) to work on /home/airflow/.local/lib/python3.10/site-packages/airflow/example_dags/example_xcomargs.py
[2025-05-09T12:15:28.704+0000] {processor.py:830} INFO - Processing file /home/airflow/.local/lib/python3.10/site-packages/airflow/example_dags/example_xcomargs.py for tasks to queue
[2025-05-09T12:15:28.706+0000] {logging_mixin.py:188} INFO - [2025-05-09T12:15:28.706+0000] {dagbag.py:545} INFO - Filling up the DagBag from /home/airflow/.local/lib/python3.10/site-packages/airflow/example_dags/example_xcomargs.py
[2025-05-09T12:15:28.721+0000] {processor.py:840} INFO - DAG(s) 'example_xcom_args', 'example_xcom_args_with_operators' retrieved from /home/airflow/.local/lib/python3.10/site-packages/airflow/example_dags/example_xcomargs.py
[2025-05-09T12:15:28.770+0000] {logging_mixin.py:188} INFO - [2025-05-09T12:15:28.770+0000] {dag.py:3096} INFO - Sync 2 DAGs
[2025-05-09T12:15:28.787+0000] {logging_mixin.py:188} INFO - [2025-05-09T12:15:28.787+0000] {dag.py:3954} INFO - Setting next_dagrun for example_xcom_args to None, run_after=None
[2025-05-09T12:15:28.792+0000] {logging_mixin.py:188} INFO - [2025-05-09T12:15:28.792+0000] {dag.py:3954} INFO - Setting next_dagrun for example_xcom_args_with_operators to None, run_after=None
[2025-05-09T12:15:28.854+0000] {processor.py:183} INFO - Processing /home/airflow/.local/lib/python3.10/site-packages/airflow/example_dags/example_xcomargs.py took 0.159 seconds
[2025-05-09T12:43:54.764+0000] {processor.py:161} INFO - Started process (PID=357) to work on /home/airflow/.local/lib/python3.10/site-packages/airflow/example_dags/example_xcomargs.py
[2025-05-09T12:43:54.766+0000] {processor.py:830} INFO - Processing file /home/airflow/.local/lib/python3.10/site-packages/airflow/example_dags/example_xcomargs.py for tasks to queue
[2025-05-09T12:43:54.769+0000] {logging_mixin.py:188} INFO - [2025-05-09T12:43:54.768+0000] {dagbag.py:545} INFO - Filling up the DagBag from /home/airflow/.local/lib/python3.10/site-packages/airflow/example_dags/example_xcomargs.py
[2025-05-09T12:43:54.779+0000] {processor.py:840} INFO - DAG(s) 'example_xcom_args_with_operators', 'example_xcom_args' retrieved from /home/airflow/.local/lib/python3.10/site-packages/airflow/example_dags/example_xcomargs.py
[2025-05-09T12:43:54.798+0000] {logging_mixin.py:188} INFO - [2025-05-09T12:43:54.798+0000] {dag.py:3096} INFO - Sync 2 DAGs
[2025-05-09T12:43:54.821+0000] {logging_mixin.py:188} INFO - [2025-05-09T12:43:54.820+0000] {dag.py:3954} INFO - Setting next_dagrun for example_xcom_args to None, run_after=None
[2025-05-09T12:43:54.827+0000] {logging_mixin.py:188} INFO - [2025-05-09T12:43:54.826+0000] {dag.py:3954} INFO - Setting next_dagrun for example_xcom_args_with_operators to None, run_after=None
[2025-05-09T12:43:54.851+0000] {processor.py:183} INFO - Processing /home/airflow/.local/lib/python3.10/site-packages/airflow/example_dags/example_xcomargs.py took 0.094 seconds
[2025-05-09T12:44:27.320+0000] {processor.py:161} INFO - Started process (PID=621) to work on /home/airflow/.local/lib/python3.10/site-packages/airflow/example_dags/example_xcomargs.py
[2025-05-09T12:44:27.321+0000] {processor.py:830} INFO - Processing file /home/airflow/.local/lib/python3.10/site-packages/airflow/example_dags/example_xcomargs.py for tasks to queue
[2025-05-09T12:44:27.323+0000] {logging_mixin.py:188} INFO - [2025-05-09T12:44:27.323+0000] {dagbag.py:545} INFO - Filling up the DagBag from /home/airflow/.local/lib/python3.10/site-packages/airflow/example_dags/example_xcomargs.py
[2025-05-09T12:44:27.332+0000] {processor.py:840} INFO - DAG(s) 'example_xcom_args_with_operators', 'example_xcom_args' retrieved from /home/airflow/.local/lib/python3.10/site-packages/airflow/example_dags/example_xcomargs.py
[2025-05-09T12:44:27.473+0000] {logging_mixin.py:188} INFO - [2025-05-09T12:44:27.472+0000] {dag.py:3096} INFO - Sync 2 DAGs
[2025-05-09T12:44:27.486+0000] {logging_mixin.py:188} INFO - [2025-05-09T12:44:27.485+0000] {dag.py:3954} INFO - Setting next_dagrun for example_xcom_args to None, run_after=None
[2025-05-09T12:44:27.489+0000] {logging_mixin.py:188} INFO - [2025-05-09T12:44:27.489+0000] {dag.py:3954} INFO - Setting next_dagrun for example_xcom_args_with_operators to None, run_after=None
[2025-05-09T12:44:27.509+0000] {processor.py:183} INFO - Processing /home/airflow/.local/lib/python3.10/site-packages/airflow/example_dags/example_xcomargs.py took 0.196 seconds
[2025-05-09T12:44:58.135+0000] {processor.py:161} INFO - Started process (PID=883) to work on /home/airflow/.local/lib/python3.10/site-packages/airflow/example_dags/example_xcomargs.py
[2025-05-09T12:44:58.139+0000] {processor.py:830} INFO - Processing file /home/airflow/.local/lib/python3.10/site-packages/airflow/example_dags/example_xcomargs.py for tasks to queue
[2025-05-09T12:44:58.142+0000] {logging_mixin.py:188} INFO - [2025-05-09T12:44:58.142+0000] {dagbag.py:545} INFO - Filling up the DagBag from /home/airflow/.local/lib/python3.10/site-packages/airflow/example_dags/example_xcomargs.py
[2025-05-09T12:44:58.155+0000] {processor.py:840} INFO - DAG(s) 'example_xcom_args', 'example_xcom_args_with_operators' retrieved from /home/airflow/.local/lib/python3.10/site-packages/airflow/example_dags/example_xcomargs.py
[2025-05-09T12:44:58.189+0000] {logging_mixin.py:188} INFO - [2025-05-09T12:44:58.189+0000] {dag.py:3096} INFO - Sync 2 DAGs
[2025-05-09T12:44:58.207+0000] {logging_mixin.py:188} INFO - [2025-05-09T12:44:58.207+0000] {dag.py:3954} INFO - Setting next_dagrun for example_xcom_args to None, run_after=None
[2025-05-09T12:44:58.213+0000] {logging_mixin.py:188} INFO - [2025-05-09T12:44:58.213+0000] {dag.py:3954} INFO - Setting next_dagrun for example_xcom_args_with_operators to None, run_after=None
[2025-05-09T12:44:58.245+0000] {processor.py:183} INFO - Processing /home/airflow/.local/lib/python3.10/site-packages/airflow/example_dags/example_xcomargs.py took 0.118 seconds
[2025-05-09T12:45:28.485+0000] {processor.py:161} INFO - Started process (PID=1143) to work on /home/airflow/.local/lib/python3.10/site-packages/airflow/example_dags/example_xcomargs.py
[2025-05-09T12:45:28.487+0000] {processor.py:830} INFO - Processing file /home/airflow/.local/lib/python3.10/site-packages/airflow/example_dags/example_xcomargs.py for tasks to queue
[2025-05-09T12:45:28.490+0000] {logging_mixin.py:188} INFO - [2025-05-09T12:45:28.489+0000] {dagbag.py:545} INFO - Filling up the DagBag from /home/airflow/.local/lib/python3.10/site-packages/airflow/example_dags/example_xcomargs.py
[2025-05-09T12:45:28.503+0000] {processor.py:840} INFO - DAG(s) 'example_xcom_args', 'example_xcom_args_with_operators' retrieved from /home/airflow/.local/lib/python3.10/site-packages/airflow/example_dags/example_xcomargs.py
[2025-05-09T12:45:28.538+0000] {logging_mixin.py:188} INFO - [2025-05-09T12:45:28.537+0000] {dag.py:3096} INFO - Sync 2 DAGs
[2025-05-09T12:45:28.556+0000] {logging_mixin.py:188} INFO - [2025-05-09T12:45:28.556+0000] {dag.py:3954} INFO - Setting next_dagrun for example_xcom_args to None, run_after=None
[2025-05-09T12:45:28.562+0000] {logging_mixin.py:188} INFO - [2025-05-09T12:45:28.561+0000] {dag.py:3954} INFO - Setting next_dagrun for example_xcom_args_with_operators to None, run_after=None
[2025-05-09T12:45:28.592+0000] {processor.py:183} INFO - Processing /home/airflow/.local/lib/python3.10/site-packages/airflow/example_dags/example_xcomargs.py took 0.118 seconds
[2025-05-09T12:45:59.580+0000] {processor.py:161} INFO - Started process (PID=1407) to work on /home/airflow/.local/lib/python3.10/site-packages/airflow/example_dags/example_xcomargs.py
[2025-05-09T12:45:59.582+0000] {processor.py:830} INFO - Processing file /home/airflow/.local/lib/python3.10/site-packages/airflow/example_dags/example_xcomargs.py for tasks to queue
[2025-05-09T12:45:59.583+0000] {logging_mixin.py:188} INFO - [2025-05-09T12:45:59.583+0000] {dagbag.py:545} INFO - Filling up the DagBag from /home/airflow/.local/lib/python3.10/site-packages/airflow/example_dags/example_xcomargs.py
[2025-05-09T12:45:59.591+0000] {processor.py:840} INFO - DAG(s) 'example_xcom_args', 'example_xcom_args_with_operators' retrieved from /home/airflow/.local/lib/python3.10/site-packages/airflow/example_dags/example_xcomargs.py
[2025-05-09T12:45:59.613+0000] {logging_mixin.py:188} INFO - [2025-05-09T12:45:59.613+0000] {dag.py:3096} INFO - Sync 2 DAGs
[2025-05-09T12:45:59.624+0000] {logging_mixin.py:188} INFO - [2025-05-09T12:45:59.624+0000] {dag.py:3954} INFO - Setting next_dagrun for example_xcom_args to None, run_after=None
[2025-05-09T12:45:59.627+0000] {logging_mixin.py:188} INFO - [2025-05-09T12:45:59.627+0000] {dag.py:3954} INFO - Setting next_dagrun for example_xcom_args_with_operators to None, run_after=None
[2025-05-09T12:45:59.642+0000] {processor.py:183} INFO - Processing /home/airflow/.local/lib/python3.10/site-packages/airflow/example_dags/example_xcomargs.py took 0.067 seconds
[2025-05-09T12:46:29.862+0000] {processor.py:161} INFO - Started process (PID=1667) to work on /home/airflow/.local/lib/python3.10/site-packages/airflow/example_dags/example_xcomargs.py
[2025-05-09T12:46:29.863+0000] {processor.py:830} INFO - Processing file /home/airflow/.local/lib/python3.10/site-packages/airflow/example_dags/example_xcomargs.py for tasks to queue
[2025-05-09T12:46:29.865+0000] {logging_mixin.py:188} INFO - [2025-05-09T12:46:29.865+0000] {dagbag.py:545} INFO - Filling up the DagBag from /home/airflow/.local/lib/python3.10/site-packages/airflow/example_dags/example_xcomargs.py
[2025-05-09T12:46:29.874+0000] {processor.py:840} INFO - DAG(s) 'example_xcom_args_with_operators', 'example_xcom_args' retrieved from /home/airflow/.local/lib/python3.10/site-packages/airflow/example_dags/example_xcomargs.py
[2025-05-09T12:46:29.962+0000] {logging_mixin.py:188} INFO - [2025-05-09T12:46:29.962+0000] {dag.py:3096} INFO - Sync 2 DAGs
[2025-05-09T12:46:29.979+0000] {logging_mixin.py:188} INFO - [2025-05-09T12:46:29.979+0000] {dag.py:3954} INFO - Setting next_dagrun for example_xcom_args to None, run_after=None
[2025-05-09T12:46:29.984+0000] {logging_mixin.py:188} INFO - [2025-05-09T12:46:29.983+0000] {dag.py:3954} INFO - Setting next_dagrun for example_xcom_args_with_operators to None, run_after=None
[2025-05-09T12:46:30.001+0000] {processor.py:183} INFO - Processing /home/airflow/.local/lib/python3.10/site-packages/airflow/example_dags/example_xcomargs.py took 0.088 seconds
[2025-05-09T12:47:01.065+0000] {processor.py:161} INFO - Started process (PID=1929) to work on /home/airflow/.local/lib/python3.10/site-packages/airflow/example_dags/example_xcomargs.py
[2025-05-09T12:47:01.067+0000] {processor.py:830} INFO - Processing file /home/airflow/.local/lib/python3.10/site-packages/airflow/example_dags/example_xcomargs.py for tasks to queue
[2025-05-09T12:47:01.069+0000] {logging_mixin.py:188} INFO - [2025-05-09T12:47:01.069+0000] {dagbag.py:545} INFO - Filling up the DagBag from /home/airflow/.local/lib/python3.10/site-packages/airflow/example_dags/example_xcomargs.py
[2025-05-09T12:47:01.080+0000] {processor.py:840} INFO - DAG(s) 'example_xcom_args_with_operators', 'example_xcom_args' retrieved from /home/airflow/.local/lib/python3.10/site-packages/airflow/example_dags/example_xcomargs.py
[2025-05-09T12:47:01.104+0000] {logging_mixin.py:188} INFO - [2025-05-09T12:47:01.104+0000] {dag.py:3096} INFO - Sync 2 DAGs
[2025-05-09T12:47:01.116+0000] {logging_mixin.py:188} INFO - [2025-05-09T12:47:01.116+0000] {dag.py:3954} INFO - Setting next_dagrun for example_xcom_args to None, run_after=None
[2025-05-09T12:47:01.120+0000] {logging_mixin.py:188} INFO - [2025-05-09T12:47:01.120+0000] {dag.py:3954} INFO - Setting next_dagrun for example_xcom_args_with_operators to None, run_after=None
[2025-05-09T12:47:01.140+0000] {processor.py:183} INFO - Processing /home/airflow/.local/lib/python3.10/site-packages/airflow/example_dags/example_xcomargs.py took 0.082 seconds
[2025-05-09T12:47:32.063+0000] {processor.py:161} INFO - Started process (PID=2202) to work on /home/airflow/.local/lib/python3.10/site-packages/airflow/example_dags/example_xcomargs.py
[2025-05-09T12:47:32.065+0000] {processor.py:830} INFO - Processing file /home/airflow/.local/lib/python3.10/site-packages/airflow/example_dags/example_xcomargs.py for tasks to queue
[2025-05-09T12:47:32.068+0000] {logging_mixin.py:188} INFO - [2025-05-09T12:47:32.068+0000] {dagbag.py:545} INFO - Filling up the DagBag from /home/airflow/.local/lib/python3.10/site-packages/airflow/example_dags/example_xcomargs.py
[2025-05-09T12:47:32.076+0000] {processor.py:840} INFO - DAG(s) 'example_xcom_args', 'example_xcom_args_with_operators' retrieved from /home/airflow/.local/lib/python3.10/site-packages/airflow/example_dags/example_xcomargs.py
[2025-05-09T12:47:32.104+0000] {logging_mixin.py:188} INFO - [2025-05-09T12:47:32.103+0000] {dag.py:3096} INFO - Sync 2 DAGs
[2025-05-09T12:47:32.117+0000] {logging_mixin.py:188} INFO - [2025-05-09T12:47:32.117+0000] {dag.py:3954} INFO - Setting next_dagrun for example_xcom_args to None, run_after=None
[2025-05-09T12:47:32.123+0000] {logging_mixin.py:188} INFO - [2025-05-09T12:47:32.123+0000] {dag.py:3954} INFO - Setting next_dagrun for example_xcom_args_with_operators to None, run_after=None
[2025-05-09T12:47:32.147+0000] {processor.py:183} INFO - Processing /home/airflow/.local/lib/python3.10/site-packages/airflow/example_dags/example_xcomargs.py took 0.090 seconds
[2025-05-09T12:48:02.407+0000] {processor.py:161} INFO - Started process (PID=2464) to work on /home/airflow/.local/lib/python3.10/site-packages/airflow/example_dags/example_xcomargs.py
[2025-05-09T12:48:02.408+0000] {processor.py:830} INFO - Processing file /home/airflow/.local/lib/python3.10/site-packages/airflow/example_dags/example_xcomargs.py for tasks to queue
[2025-05-09T12:48:02.410+0000] {logging_mixin.py:188} INFO - [2025-05-09T12:48:02.410+0000] {dagbag.py:545} INFO - Filling up the DagBag from /home/airflow/.local/lib/python3.10/site-packages/airflow/example_dags/example_xcomargs.py
[2025-05-09T12:48:02.419+0000] {processor.py:840} INFO - DAG(s) 'example_xcom_args', 'example_xcom_args_with_operators' retrieved from /home/airflow/.local/lib/python3.10/site-packages/airflow/example_dags/example_xcomargs.py
[2025-05-09T12:48:02.442+0000] {logging_mixin.py:188} INFO - [2025-05-09T12:48:02.442+0000] {dag.py:3096} INFO - Sync 2 DAGs
[2025-05-09T12:48:02.457+0000] {logging_mixin.py:188} INFO - [2025-05-09T12:48:02.457+0000] {dag.py:3954} INFO - Setting next_dagrun for example_xcom_args to None, run_after=None
[2025-05-09T12:48:02.462+0000] {logging_mixin.py:188} INFO - [2025-05-09T12:48:02.462+0000] {dag.py:3954} INFO - Setting next_dagrun for example_xcom_args_with_operators to None, run_after=None
[2025-05-09T12:48:02.482+0000] {processor.py:183} INFO - Processing /home/airflow/.local/lib/python3.10/site-packages/airflow/example_dags/example_xcomargs.py took 0.083 seconds
[2025-05-09T12:48:33.167+0000] {processor.py:161} INFO - Started process (PID=2735) to work on /home/airflow/.local/lib/python3.10/site-packages/airflow/example_dags/example_xcomargs.py
[2025-05-09T12:48:33.168+0000] {processor.py:830} INFO - Processing file /home/airflow/.local/lib/python3.10/site-packages/airflow/example_dags/example_xcomargs.py for tasks to queue
[2025-05-09T12:48:33.170+0000] {logging_mixin.py:188} INFO - [2025-05-09T12:48:33.170+0000] {dagbag.py:545} INFO - Filling up the DagBag from /home/airflow/.local/lib/python3.10/site-packages/airflow/example_dags/example_xcomargs.py
[2025-05-09T12:48:33.177+0000] {processor.py:840} INFO - DAG(s) 'example_xcom_args', 'example_xcom_args_with_operators' retrieved from /home/airflow/.local/lib/python3.10/site-packages/airflow/example_dags/example_xcomargs.py
[2025-05-09T12:48:33.199+0000] {logging_mixin.py:188} INFO - [2025-05-09T12:48:33.199+0000] {dag.py:3096} INFO - Sync 2 DAGs
[2025-05-09T12:48:33.210+0000] {logging_mixin.py:188} INFO - [2025-05-09T12:48:33.210+0000] {dag.py:3954} INFO - Setting next_dagrun for example_xcom_args to None, run_after=None
[2025-05-09T12:48:33.213+0000] {logging_mixin.py:188} INFO - [2025-05-09T12:48:33.213+0000] {dag.py:3954} INFO - Setting next_dagrun for example_xcom_args_with_operators to None, run_after=None
[2025-05-09T12:48:33.229+0000] {processor.py:183} INFO - Processing /home/airflow/.local/lib/python3.10/site-packages/airflow/example_dags/example_xcomargs.py took 0.067 seconds
[2025-05-09T12:49:03.883+0000] {processor.py:161} INFO - Started process (PID=2997) to work on /home/airflow/.local/lib/python3.10/site-packages/airflow/example_dags/example_xcomargs.py
[2025-05-09T12:49:03.885+0000] {processor.py:830} INFO - Processing file /home/airflow/.local/lib/python3.10/site-packages/airflow/example_dags/example_xcomargs.py for tasks to queue
[2025-05-09T12:49:03.887+0000] {logging_mixin.py:188} INFO - [2025-05-09T12:49:03.886+0000] {dagbag.py:545} INFO - Filling up the DagBag from /home/airflow/.local/lib/python3.10/site-packages/airflow/example_dags/example_xcomargs.py
[2025-05-09T12:49:03.897+0000] {processor.py:840} INFO - DAG(s) 'example_xcom_args_with_operators', 'example_xcom_args' retrieved from /home/airflow/.local/lib/python3.10/site-packages/airflow/example_dags/example_xcomargs.py
[2025-05-09T12:49:03.924+0000] {logging_mixin.py:188} INFO - [2025-05-09T12:49:03.924+0000] {dag.py:3096} INFO - Sync 2 DAGs
[2025-05-09T12:49:03.939+0000] {logging_mixin.py:188} INFO - [2025-05-09T12:49:03.938+0000] {dag.py:3954} INFO - Setting next_dagrun for example_xcom_args to None, run_after=None
[2025-05-09T12:49:03.943+0000] {logging_mixin.py:188} INFO - [2025-05-09T12:49:03.943+0000] {dag.py:3954} INFO - Setting next_dagrun for example_xcom_args_with_operators to None, run_after=None
[2025-05-09T12:49:03.962+0000] {processor.py:183} INFO - Processing /home/airflow/.local/lib/python3.10/site-packages/airflow/example_dags/example_xcomargs.py took 0.084 seconds
[2025-05-09T12:49:34.380+0000] {processor.py:161} INFO - Started process (PID=3259) to work on /home/airflow/.local/lib/python3.10/site-packages/airflow/example_dags/example_xcomargs.py
[2025-05-09T12:49:34.381+0000] {processor.py:830} INFO - Processing file /home/airflow/.local/lib/python3.10/site-packages/airflow/example_dags/example_xcomargs.py for tasks to queue
[2025-05-09T12:49:34.383+0000] {logging_mixin.py:188} INFO - [2025-05-09T12:49:34.383+0000] {dagbag.py:545} INFO - Filling up the DagBag from /home/airflow/.local/lib/python3.10/site-packages/airflow/example_dags/example_xcomargs.py
[2025-05-09T12:49:34.392+0000] {processor.py:840} INFO - DAG(s) 'example_xcom_args_with_operators', 'example_xcom_args' retrieved from /home/airflow/.local/lib/python3.10/site-packages/airflow/example_dags/example_xcomargs.py
[2025-05-09T12:49:34.420+0000] {logging_mixin.py:188} INFO - [2025-05-09T12:49:34.420+0000] {dag.py:3096} INFO - Sync 2 DAGs
[2025-05-09T12:49:34.434+0000] {logging_mixin.py:188} INFO - [2025-05-09T12:49:34.434+0000] {dag.py:3954} INFO - Setting next_dagrun for example_xcom_args to None, run_after=None
[2025-05-09T12:49:34.438+0000] {logging_mixin.py:188} INFO - [2025-05-09T12:49:34.438+0000] {dag.py:3954} INFO - Setting next_dagrun for example_xcom_args_with_operators to None, run_after=None
[2025-05-09T12:49:34.455+0000] {processor.py:183} INFO - Processing /home/airflow/.local/lib/python3.10/site-packages/airflow/example_dags/example_xcomargs.py took 0.083 seconds
[2025-05-09T12:50:04.861+0000] {processor.py:161} INFO - Started process (PID=3526) to work on /home/airflow/.local/lib/python3.10/site-packages/airflow/example_dags/example_xcomargs.py
[2025-05-09T12:50:04.866+0000] {processor.py:830} INFO - Processing file /home/airflow/.local/lib/python3.10/site-packages/airflow/example_dags/example_xcomargs.py for tasks to queue
[2025-05-09T12:50:04.870+0000] {logging_mixin.py:188} INFO - [2025-05-09T12:50:04.869+0000] {dagbag.py:545} INFO - Filling up the DagBag from /home/airflow/.local/lib/python3.10/site-packages/airflow/example_dags/example_xcomargs.py
[2025-05-09T12:50:04.885+0000] {processor.py:840} INFO - DAG(s) 'example_xcom_args', 'example_xcom_args_with_operators' retrieved from /home/airflow/.local/lib/python3.10/site-packages/airflow/example_dags/example_xcomargs.py
[2025-05-09T12:50:04.928+0000] {logging_mixin.py:188} INFO - [2025-05-09T12:50:04.928+0000] {dag.py:3096} INFO - Sync 2 DAGs
[2025-05-09T12:50:04.950+0000] {logging_mixin.py:188} INFO - [2025-05-09T12:50:04.950+0000] {dag.py:3954} INFO - Setting next_dagrun for example_xcom_args to None, run_after=None
[2025-05-09T12:50:04.956+0000] {logging_mixin.py:188} INFO - [2025-05-09T12:50:04.956+0000] {dag.py:3954} INFO - Setting next_dagrun for example_xcom_args_with_operators to None, run_after=None
[2025-05-09T12:50:04.989+0000] {processor.py:183} INFO - Processing /home/airflow/.local/lib/python3.10/site-packages/airflow/example_dags/example_xcomargs.py took 0.140 seconds
[2025-05-09T12:50:35.650+0000] {processor.py:161} INFO - Started process (PID=3792) to work on /home/airflow/.local/lib/python3.10/site-packages/airflow/example_dags/example_xcomargs.py
[2025-05-09T12:50:35.654+0000] {processor.py:830} INFO - Processing file /home/airflow/.local/lib/python3.10/site-packages/airflow/example_dags/example_xcomargs.py for tasks to queue
[2025-05-09T12:50:35.661+0000] {logging_mixin.py:188} INFO - [2025-05-09T12:50:35.660+0000] {dagbag.py:545} INFO - Filling up the DagBag from /home/airflow/.local/lib/python3.10/site-packages/airflow/example_dags/example_xcomargs.py
[2025-05-09T12:50:35.676+0000] {processor.py:840} INFO - DAG(s) 'example_xcom_args', 'example_xcom_args_with_operators' retrieved from /home/airflow/.local/lib/python3.10/site-packages/airflow/example_dags/example_xcomargs.py
[2025-05-09T12:50:35.738+0000] {logging_mixin.py:188} INFO - [2025-05-09T12:50:35.737+0000] {dag.py:3096} INFO - Sync 2 DAGs
[2025-05-09T12:50:35.762+0000] {logging_mixin.py:188} INFO - [2025-05-09T12:50:35.761+0000] {dag.py:3954} INFO - Setting next_dagrun for example_xcom_args to None, run_after=None
[2025-05-09T12:50:35.768+0000] {logging_mixin.py:188} INFO - [2025-05-09T12:50:35.767+0000] {dag.py:3954} INFO - Setting next_dagrun for example_xcom_args_with_operators to None, run_after=None
[2025-05-09T12:50:35.802+0000] {processor.py:183} INFO - Processing /home/airflow/.local/lib/python3.10/site-packages/airflow/example_dags/example_xcomargs.py took 0.171 seconds
[2025-05-09T12:52:24.388+0000] {processor.py:161} INFO - Started process (PID=360) to work on /home/airflow/.local/lib/python3.10/site-packages/airflow/example_dags/example_xcomargs.py
[2025-05-09T12:52:24.390+0000] {processor.py:830} INFO - Processing file /home/airflow/.local/lib/python3.10/site-packages/airflow/example_dags/example_xcomargs.py for tasks to queue
[2025-05-09T12:52:24.393+0000] {logging_mixin.py:188} INFO - [2025-05-09T12:52:24.392+0000] {dagbag.py:545} INFO - Filling up the DagBag from /home/airflow/.local/lib/python3.10/site-packages/airflow/example_dags/example_xcomargs.py
[2025-05-09T12:52:24.412+0000] {processor.py:840} INFO - DAG(s) 'example_xcom_args_with_operators', 'example_xcom_args' retrieved from /home/airflow/.local/lib/python3.10/site-packages/airflow/example_dags/example_xcomargs.py
[2025-05-09T12:52:24.436+0000] {logging_mixin.py:188} INFO - [2025-05-09T12:52:24.435+0000] {dag.py:3096} INFO - Sync 2 DAGs
[2025-05-09T12:52:24.459+0000] {logging_mixin.py:188} INFO - [2025-05-09T12:52:24.459+0000] {dag.py:3954} INFO - Setting next_dagrun for example_xcom_args to None, run_after=None
[2025-05-09T12:52:24.465+0000] {logging_mixin.py:188} INFO - [2025-05-09T12:52:24.464+0000] {dag.py:3954} INFO - Setting next_dagrun for example_xcom_args_with_operators to None, run_after=None
[2025-05-09T12:52:24.494+0000] {processor.py:183} INFO - Processing /home/airflow/.local/lib/python3.10/site-packages/airflow/example_dags/example_xcomargs.py took 0.120 seconds
[2025-05-09T12:52:56.397+0000] {processor.py:161} INFO - Started process (PID=624) to work on /home/airflow/.local/lib/python3.10/site-packages/airflow/example_dags/example_xcomargs.py
[2025-05-09T12:52:56.399+0000] {processor.py:830} INFO - Processing file /home/airflow/.local/lib/python3.10/site-packages/airflow/example_dags/example_xcomargs.py for tasks to queue
[2025-05-09T12:52:56.404+0000] {logging_mixin.py:188} INFO - [2025-05-09T12:52:56.403+0000] {dagbag.py:545} INFO - Filling up the DagBag from /home/airflow/.local/lib/python3.10/site-packages/airflow/example_dags/example_xcomargs.py
[2025-05-09T12:52:56.415+0000] {processor.py:840} INFO - DAG(s) 'example_xcom_args_with_operators', 'example_xcom_args' retrieved from /home/airflow/.local/lib/python3.10/site-packages/airflow/example_dags/example_xcomargs.py
[2025-05-09T12:52:56.528+0000] {logging_mixin.py:188} INFO - [2025-05-09T12:52:56.528+0000] {dag.py:3096} INFO - Sync 2 DAGs
[2025-05-09T12:52:56.540+0000] {logging_mixin.py:188} INFO - [2025-05-09T12:52:56.540+0000] {dag.py:3954} INFO - Setting next_dagrun for example_xcom_args to None, run_after=None
[2025-05-09T12:52:56.544+0000] {logging_mixin.py:188} INFO - [2025-05-09T12:52:56.544+0000] {dag.py:3954} INFO - Setting next_dagrun for example_xcom_args_with_operators to None, run_after=None
[2025-05-09T12:52:56.565+0000] {processor.py:183} INFO - Processing /home/airflow/.local/lib/python3.10/site-packages/airflow/example_dags/example_xcomargs.py took 0.176 seconds
[2025-05-09T12:53:27.261+0000] {processor.py:161} INFO - Started process (PID=887) to work on /home/airflow/.local/lib/python3.10/site-packages/airflow/example_dags/example_xcomargs.py
[2025-05-09T12:53:27.263+0000] {processor.py:830} INFO - Processing file /home/airflow/.local/lib/python3.10/site-packages/airflow/example_dags/example_xcomargs.py for tasks to queue
[2025-05-09T12:53:27.265+0000] {logging_mixin.py:188} INFO - [2025-05-09T12:53:27.265+0000] {dagbag.py:545} INFO - Filling up the DagBag from /home/airflow/.local/lib/python3.10/site-packages/airflow/example_dags/example_xcomargs.py
[2025-05-09T12:53:27.273+0000] {processor.py:840} INFO - DAG(s) 'example_xcom_args', 'example_xcom_args_with_operators' retrieved from /home/airflow/.local/lib/python3.10/site-packages/airflow/example_dags/example_xcomargs.py
[2025-05-09T12:53:27.300+0000] {logging_mixin.py:188} INFO - [2025-05-09T12:53:27.300+0000] {dag.py:3096} INFO - Sync 2 DAGs
[2025-05-09T12:53:27.314+0000] {logging_mixin.py:188} INFO - [2025-05-09T12:53:27.313+0000] {dag.py:3954} INFO - Setting next_dagrun for example_xcom_args to None, run_after=None
[2025-05-09T12:53:27.317+0000] {logging_mixin.py:188} INFO - [2025-05-09T12:53:27.317+0000] {dag.py:3954} INFO - Setting next_dagrun for example_xcom_args_with_operators to None, run_after=None
[2025-05-09T12:53:27.337+0000] {processor.py:183} INFO - Processing /home/airflow/.local/lib/python3.10/site-packages/airflow/example_dags/example_xcomargs.py took 0.082 seconds
[2025-05-09T12:53:57.963+0000] {processor.py:161} INFO - Started process (PID=1151) to work on /home/airflow/.local/lib/python3.10/site-packages/airflow/example_dags/example_xcomargs.py
[2025-05-09T12:53:57.965+0000] {processor.py:830} INFO - Processing file /home/airflow/.local/lib/python3.10/site-packages/airflow/example_dags/example_xcomargs.py for tasks to queue
[2025-05-09T12:53:57.967+0000] {logging_mixin.py:188} INFO - [2025-05-09T12:53:57.967+0000] {dagbag.py:545} INFO - Filling up the DagBag from /home/airflow/.local/lib/python3.10/site-packages/airflow/example_dags/example_xcomargs.py
[2025-05-09T12:53:57.976+0000] {processor.py:840} INFO - DAG(s) 'example_xcom_args', 'example_xcom_args_with_operators' retrieved from /home/airflow/.local/lib/python3.10/site-packages/airflow/example_dags/example_xcomargs.py
[2025-05-09T12:53:58.002+0000] {logging_mixin.py:188} INFO - [2025-05-09T12:53:58.002+0000] {dag.py:3096} INFO - Sync 2 DAGs
[2025-05-09T12:53:58.019+0000] {logging_mixin.py:188} INFO - [2025-05-09T12:53:58.019+0000] {dag.py:3954} INFO - Setting next_dagrun for example_xcom_args to None, run_after=None
[2025-05-09T12:53:58.023+0000] {logging_mixin.py:188} INFO - [2025-05-09T12:53:58.023+0000] {dag.py:3954} INFO - Setting next_dagrun for example_xcom_args_with_operators to None, run_after=None
[2025-05-09T12:53:58.044+0000] {processor.py:183} INFO - Processing /home/airflow/.local/lib/python3.10/site-packages/airflow/example_dags/example_xcomargs.py took 0.088 seconds
[2025-05-09T12:54:28.790+0000] {processor.py:161} INFO - Started process (PID=1411) to work on /home/airflow/.local/lib/python3.10/site-packages/airflow/example_dags/example_xcomargs.py
[2025-05-09T12:54:28.792+0000] {processor.py:830} INFO - Processing file /home/airflow/.local/lib/python3.10/site-packages/airflow/example_dags/example_xcomargs.py for tasks to queue
[2025-05-09T12:54:28.795+0000] {logging_mixin.py:188} INFO - [2025-05-09T12:54:28.794+0000] {dagbag.py:545} INFO - Filling up the DagBag from /home/airflow/.local/lib/python3.10/site-packages/airflow/example_dags/example_xcomargs.py
[2025-05-09T12:54:28.807+0000] {processor.py:840} INFO - DAG(s) 'example_xcom_args', 'example_xcom_args_with_operators' retrieved from /home/airflow/.local/lib/python3.10/site-packages/airflow/example_dags/example_xcomargs.py
[2025-05-09T12:54:28.841+0000] {logging_mixin.py:188} INFO - [2025-05-09T12:54:28.840+0000] {dag.py:3096} INFO - Sync 2 DAGs
[2025-05-09T12:54:28.856+0000] {logging_mixin.py:188} INFO - [2025-05-09T12:54:28.856+0000] {dag.py:3954} INFO - Setting next_dagrun for example_xcom_args to None, run_after=None
[2025-05-09T12:54:28.860+0000] {logging_mixin.py:188} INFO - [2025-05-09T12:54:28.860+0000] {dag.py:3954} INFO - Setting next_dagrun for example_xcom_args_with_operators to None, run_after=None
[2025-05-09T12:54:28.887+0000] {processor.py:183} INFO - Processing /home/airflow/.local/lib/python3.10/site-packages/airflow/example_dags/example_xcomargs.py took 0.103 seconds
[2025-05-09T12:54:59.117+0000] {processor.py:161} INFO - Started process (PID=1673) to work on /home/airflow/.local/lib/python3.10/site-packages/airflow/example_dags/example_xcomargs.py
[2025-05-09T12:54:59.118+0000] {processor.py:830} INFO - Processing file /home/airflow/.local/lib/python3.10/site-packages/airflow/example_dags/example_xcomargs.py for tasks to queue
[2025-05-09T12:54:59.121+0000] {logging_mixin.py:188} INFO - [2025-05-09T12:54:59.120+0000] {dagbag.py:545} INFO - Filling up the DagBag from /home/airflow/.local/lib/python3.10/site-packages/airflow/example_dags/example_xcomargs.py
[2025-05-09T12:54:59.133+0000] {processor.py:840} INFO - DAG(s) 'example_xcom_args_with_operators', 'example_xcom_args' retrieved from /home/airflow/.local/lib/python3.10/site-packages/airflow/example_dags/example_xcomargs.py
[2025-05-09T12:54:59.164+0000] {logging_mixin.py:188} INFO - [2025-05-09T12:54:59.164+0000] {dag.py:3096} INFO - Sync 2 DAGs
[2025-05-09T12:54:59.178+0000] {logging_mixin.py:188} INFO - [2025-05-09T12:54:59.178+0000] {dag.py:3954} INFO - Setting next_dagrun for example_xcom_args to None, run_after=None
[2025-05-09T12:54:59.182+0000] {logging_mixin.py:188} INFO - [2025-05-09T12:54:59.182+0000] {dag.py:3954} INFO - Setting next_dagrun for example_xcom_args_with_operators to None, run_after=None
[2025-05-09T12:54:59.208+0000] {processor.py:183} INFO - Processing /home/airflow/.local/lib/python3.10/site-packages/airflow/example_dags/example_xcomargs.py took 0.098 seconds
[2025-05-09T12:55:29.503+0000] {processor.py:161} INFO - Started process (PID=1938) to work on /home/airflow/.local/lib/python3.10/site-packages/airflow/example_dags/example_xcomargs.py
[2025-05-09T12:55:29.505+0000] {processor.py:830} INFO - Processing file /home/airflow/.local/lib/python3.10/site-packages/airflow/example_dags/example_xcomargs.py for tasks to queue
[2025-05-09T12:55:29.507+0000] {logging_mixin.py:188} INFO - [2025-05-09T12:55:29.507+0000] {dagbag.py:545} INFO - Filling up the DagBag from /home/airflow/.local/lib/python3.10/site-packages/airflow/example_dags/example_xcomargs.py
[2025-05-09T12:55:29.515+0000] {processor.py:840} INFO - DAG(s) 'example_xcom_args', 'example_xcom_args_with_operators' retrieved from /home/airflow/.local/lib/python3.10/site-packages/airflow/example_dags/example_xcomargs.py
[2025-05-09T12:55:29.542+0000] {logging_mixin.py:188} INFO - [2025-05-09T12:55:29.542+0000] {dag.py:3096} INFO - Sync 2 DAGs
[2025-05-09T12:55:29.555+0000] {logging_mixin.py:188} INFO - [2025-05-09T12:55:29.555+0000] {dag.py:3954} INFO - Setting next_dagrun for example_xcom_args to None, run_after=None
[2025-05-09T12:55:29.560+0000] {logging_mixin.py:188} INFO - [2025-05-09T12:55:29.559+0000] {dag.py:3954} INFO - Setting next_dagrun for example_xcom_args_with_operators to None, run_after=None
[2025-05-09T12:55:29.582+0000] {processor.py:183} INFO - Processing /home/airflow/.local/lib/python3.10/site-packages/airflow/example_dags/example_xcomargs.py took 0.085 seconds
[2025-05-09T12:57:17.460+0000] {processor.py:161} INFO - Started process (PID=358) to work on /home/airflow/.local/lib/python3.10/site-packages/airflow/example_dags/example_xcomargs.py
[2025-05-09T12:57:17.462+0000] {processor.py:830} INFO - Processing file /home/airflow/.local/lib/python3.10/site-packages/airflow/example_dags/example_xcomargs.py for tasks to queue
[2025-05-09T12:57:17.465+0000] {logging_mixin.py:188} INFO - [2025-05-09T12:57:17.465+0000] {dagbag.py:545} INFO - Filling up the DagBag from /home/airflow/.local/lib/python3.10/site-packages/airflow/example_dags/example_xcomargs.py
[2025-05-09T12:57:17.476+0000] {processor.py:840} INFO - DAG(s) 'example_xcom_args', 'example_xcom_args_with_operators' retrieved from /home/airflow/.local/lib/python3.10/site-packages/airflow/example_dags/example_xcomargs.py
[2025-05-09T12:57:17.496+0000] {logging_mixin.py:188} INFO - [2025-05-09T12:57:17.496+0000] {dag.py:3096} INFO - Sync 2 DAGs
[2025-05-09T12:57:17.514+0000] {logging_mixin.py:188} INFO - [2025-05-09T12:57:17.514+0000] {dag.py:3954} INFO - Setting next_dagrun for example_xcom_args to None, run_after=None
[2025-05-09T12:57:17.520+0000] {logging_mixin.py:188} INFO - [2025-05-09T12:57:17.519+0000] {dag.py:3954} INFO - Setting next_dagrun for example_xcom_args_with_operators to None, run_after=None
[2025-05-09T12:57:17.544+0000] {processor.py:183} INFO - Processing /home/airflow/.local/lib/python3.10/site-packages/airflow/example_dags/example_xcomargs.py took 0.090 seconds
[2025-05-09T12:57:48.425+0000] {processor.py:161} INFO - Started process (PID=620) to work on /home/airflow/.local/lib/python3.10/site-packages/airflow/example_dags/example_xcomargs.py
[2025-05-09T12:57:48.427+0000] {processor.py:830} INFO - Processing file /home/airflow/.local/lib/python3.10/site-packages/airflow/example_dags/example_xcomargs.py for tasks to queue
[2025-05-09T12:57:48.430+0000] {logging_mixin.py:188} INFO - [2025-05-09T12:57:48.429+0000] {dagbag.py:545} INFO - Filling up the DagBag from /home/airflow/.local/lib/python3.10/site-packages/airflow/example_dags/example_xcomargs.py
[2025-05-09T12:57:48.440+0000] {processor.py:840} INFO - DAG(s) 'example_xcom_args_with_operators', 'example_xcom_args' retrieved from /home/airflow/.local/lib/python3.10/site-packages/airflow/example_dags/example_xcomargs.py
[2025-05-09T12:57:48.565+0000] {logging_mixin.py:188} INFO - [2025-05-09T12:57:48.564+0000] {dag.py:3096} INFO - Sync 2 DAGs
[2025-05-09T12:57:48.577+0000] {logging_mixin.py:188} INFO - [2025-05-09T12:57:48.576+0000] {dag.py:3954} INFO - Setting next_dagrun for example_xcom_args to None, run_after=None
[2025-05-09T12:57:48.580+0000] {logging_mixin.py:188} INFO - [2025-05-09T12:57:48.580+0000] {dag.py:3954} INFO - Setting next_dagrun for example_xcom_args_with_operators to None, run_after=None
[2025-05-09T12:57:48.611+0000] {processor.py:183} INFO - Processing /home/airflow/.local/lib/python3.10/site-packages/airflow/example_dags/example_xcomargs.py took 0.193 seconds
[2025-05-09T12:58:19.108+0000] {processor.py:161} INFO - Started process (PID=882) to work on /home/airflow/.local/lib/python3.10/site-packages/airflow/example_dags/example_xcomargs.py
[2025-05-09T12:58:19.110+0000] {processor.py:830} INFO - Processing file /home/airflow/.local/lib/python3.10/site-packages/airflow/example_dags/example_xcomargs.py for tasks to queue
[2025-05-09T12:58:19.112+0000] {logging_mixin.py:188} INFO - [2025-05-09T12:58:19.111+0000] {dagbag.py:545} INFO - Filling up the DagBag from /home/airflow/.local/lib/python3.10/site-packages/airflow/example_dags/example_xcomargs.py
[2025-05-09T12:58:19.119+0000] {processor.py:840} INFO - DAG(s) 'example_xcom_args', 'example_xcom_args_with_operators' retrieved from /home/airflow/.local/lib/python3.10/site-packages/airflow/example_dags/example_xcomargs.py
[2025-05-09T12:58:19.148+0000] {logging_mixin.py:188} INFO - [2025-05-09T12:58:19.148+0000] {dag.py:3096} INFO - Sync 2 DAGs
[2025-05-09T12:58:19.161+0000] {logging_mixin.py:188} INFO - [2025-05-09T12:58:19.160+0000] {dag.py:3954} INFO - Setting next_dagrun for example_xcom_args to None, run_after=None
[2025-05-09T12:58:19.165+0000] {logging_mixin.py:188} INFO - [2025-05-09T12:58:19.165+0000] {dag.py:3954} INFO - Setting next_dagrun for example_xcom_args_with_operators to None, run_after=None
[2025-05-09T12:58:19.184+0000] {processor.py:183} INFO - Processing /home/airflow/.local/lib/python3.10/site-packages/airflow/example_dags/example_xcomargs.py took 0.083 seconds
[2025-05-09T12:58:49.624+0000] {processor.py:161} INFO - Started process (PID=1144) to work on /home/airflow/.local/lib/python3.10/site-packages/airflow/example_dags/example_xcomargs.py
[2025-05-09T12:58:49.625+0000] {processor.py:830} INFO - Processing file /home/airflow/.local/lib/python3.10/site-packages/airflow/example_dags/example_xcomargs.py for tasks to queue
[2025-05-09T12:58:49.628+0000] {logging_mixin.py:188} INFO - [2025-05-09T12:58:49.627+0000] {dagbag.py:545} INFO - Filling up the DagBag from /home/airflow/.local/lib/python3.10/site-packages/airflow/example_dags/example_xcomargs.py
[2025-05-09T12:58:49.636+0000] {processor.py:840} INFO - DAG(s) 'example_xcom_args', 'example_xcom_args_with_operators' retrieved from /home/airflow/.local/lib/python3.10/site-packages/airflow/example_dags/example_xcomargs.py
[2025-05-09T12:58:49.664+0000] {logging_mixin.py:188} INFO - [2025-05-09T12:58:49.663+0000] {dag.py:3096} INFO - Sync 2 DAGs
[2025-05-09T12:58:49.677+0000] {logging_mixin.py:188} INFO - [2025-05-09T12:58:49.677+0000] {dag.py:3954} INFO - Setting next_dagrun for example_xcom_args to None, run_after=None
[2025-05-09T12:58:49.681+0000] {logging_mixin.py:188} INFO - [2025-05-09T12:58:49.681+0000] {dag.py:3954} INFO - Setting next_dagrun for example_xcom_args_with_operators to None, run_after=None
[2025-05-09T12:58:49.705+0000] {processor.py:183} INFO - Processing /home/airflow/.local/lib/python3.10/site-packages/airflow/example_dags/example_xcomargs.py took 0.087 seconds
[2025-05-09T12:59:20.095+0000] {processor.py:161} INFO - Started process (PID=1406) to work on /home/airflow/.local/lib/python3.10/site-packages/airflow/example_dags/example_xcomargs.py
[2025-05-09T12:59:20.096+0000] {processor.py:830} INFO - Processing file /home/airflow/.local/lib/python3.10/site-packages/airflow/example_dags/example_xcomargs.py for tasks to queue
[2025-05-09T12:59:20.099+0000] {logging_mixin.py:188} INFO - [2025-05-09T12:59:20.098+0000] {dagbag.py:545} INFO - Filling up the DagBag from /home/airflow/.local/lib/python3.10/site-packages/airflow/example_dags/example_xcomargs.py
[2025-05-09T12:59:20.106+0000] {processor.py:840} INFO - DAG(s) 'example_xcom_args_with_operators', 'example_xcom_args' retrieved from /home/airflow/.local/lib/python3.10/site-packages/airflow/example_dags/example_xcomargs.py
[2025-05-09T12:59:20.132+0000] {logging_mixin.py:188} INFO - [2025-05-09T12:59:20.131+0000] {dag.py:3096} INFO - Sync 2 DAGs
[2025-05-09T12:59:20.144+0000] {logging_mixin.py:188} INFO - [2025-05-09T12:59:20.144+0000] {dag.py:3954} INFO - Setting next_dagrun for example_xcom_args to None, run_after=None
[2025-05-09T12:59:20.148+0000] {logging_mixin.py:188} INFO - [2025-05-09T12:59:20.147+0000] {dag.py:3954} INFO - Setting next_dagrun for example_xcom_args_with_operators to None, run_after=None
[2025-05-09T12:59:20.168+0000] {processor.py:183} INFO - Processing /home/airflow/.local/lib/python3.10/site-packages/airflow/example_dags/example_xcomargs.py took 0.079 seconds
[2025-05-09T12:59:51.188+0000] {processor.py:161} INFO - Started process (PID=1668) to work on /home/airflow/.local/lib/python3.10/site-packages/airflow/example_dags/example_xcomargs.py
[2025-05-09T12:59:51.190+0000] {processor.py:830} INFO - Processing file /home/airflow/.local/lib/python3.10/site-packages/airflow/example_dags/example_xcomargs.py for tasks to queue
[2025-05-09T12:59:51.192+0000] {logging_mixin.py:188} INFO - [2025-05-09T12:59:51.191+0000] {dagbag.py:545} INFO - Filling up the DagBag from /home/airflow/.local/lib/python3.10/site-packages/airflow/example_dags/example_xcomargs.py
[2025-05-09T12:59:51.207+0000] {processor.py:840} INFO - DAG(s) 'example_xcom_args_with_operators', 'example_xcom_args' retrieved from /home/airflow/.local/lib/python3.10/site-packages/airflow/example_dags/example_xcomargs.py
[2025-05-09T12:59:51.245+0000] {logging_mixin.py:188} INFO - [2025-05-09T12:59:51.245+0000] {dag.py:3096} INFO - Sync 2 DAGs
[2025-05-09T12:59:51.265+0000] {logging_mixin.py:188} INFO - [2025-05-09T12:59:51.264+0000] {dag.py:3954} INFO - Setting next_dagrun for example_xcom_args to None, run_after=None
[2025-05-09T12:59:51.272+0000] {logging_mixin.py:188} INFO - [2025-05-09T12:59:51.271+0000] {dag.py:3954} INFO - Setting next_dagrun for example_xcom_args_with_operators to None, run_after=None
[2025-05-09T12:59:51.293+0000] {processor.py:183} INFO - Processing /home/airflow/.local/lib/python3.10/site-packages/airflow/example_dags/example_xcomargs.py took 0.114 seconds
[2025-05-09T13:00:21.518+0000] {processor.py:161} INFO - Started process (PID=1939) to work on /home/airflow/.local/lib/python3.10/site-packages/airflow/example_dags/example_xcomargs.py
[2025-05-09T13:00:21.519+0000] {processor.py:830} INFO - Processing file /home/airflow/.local/lib/python3.10/site-packages/airflow/example_dags/example_xcomargs.py for tasks to queue
[2025-05-09T13:00:21.521+0000] {logging_mixin.py:188} INFO - [2025-05-09T13:00:21.521+0000] {dagbag.py:545} INFO - Filling up the DagBag from /home/airflow/.local/lib/python3.10/site-packages/airflow/example_dags/example_xcomargs.py
[2025-05-09T13:00:21.530+0000] {processor.py:840} INFO - DAG(s) 'example_xcom_args', 'example_xcom_args_with_operators' retrieved from /home/airflow/.local/lib/python3.10/site-packages/airflow/example_dags/example_xcomargs.py
[2025-05-09T13:00:21.555+0000] {logging_mixin.py:188} INFO - [2025-05-09T13:00:21.555+0000] {dag.py:3096} INFO - Sync 2 DAGs
[2025-05-09T13:00:21.569+0000] {logging_mixin.py:188} INFO - [2025-05-09T13:00:21.569+0000] {dag.py:3954} INFO - Setting next_dagrun for example_xcom_args to None, run_after=None
[2025-05-09T13:00:21.574+0000] {logging_mixin.py:188} INFO - [2025-05-09T13:00:21.574+0000] {dag.py:3954} INFO - Setting next_dagrun for example_xcom_args_with_operators to None, run_after=None
[2025-05-09T13:00:21.596+0000] {processor.py:183} INFO - Processing /home/airflow/.local/lib/python3.10/site-packages/airflow/example_dags/example_xcomargs.py took 0.086 seconds
[2025-05-09T13:00:52.195+0000] {processor.py:161} INFO - Started process (PID=2203) to work on /home/airflow/.local/lib/python3.10/site-packages/airflow/example_dags/example_xcomargs.py
[2025-05-09T13:00:52.196+0000] {processor.py:830} INFO - Processing file /home/airflow/.local/lib/python3.10/site-packages/airflow/example_dags/example_xcomargs.py for tasks to queue
[2025-05-09T13:00:52.198+0000] {logging_mixin.py:188} INFO - [2025-05-09T13:00:52.198+0000] {dagbag.py:545} INFO - Filling up the DagBag from /home/airflow/.local/lib/python3.10/site-packages/airflow/example_dags/example_xcomargs.py
[2025-05-09T13:00:52.207+0000] {processor.py:840} INFO - DAG(s) 'example_xcom_args', 'example_xcom_args_with_operators' retrieved from /home/airflow/.local/lib/python3.10/site-packages/airflow/example_dags/example_xcomargs.py
[2025-05-09T13:00:52.237+0000] {logging_mixin.py:188} INFO - [2025-05-09T13:00:52.237+0000] {dag.py:3096} INFO - Sync 2 DAGs
[2025-05-09T13:00:52.250+0000] {logging_mixin.py:188} INFO - [2025-05-09T13:00:52.250+0000] {dag.py:3954} INFO - Setting next_dagrun for example_xcom_args to None, run_after=None
[2025-05-09T13:00:52.255+0000] {logging_mixin.py:188} INFO - [2025-05-09T13:00:52.255+0000] {dag.py:3954} INFO - Setting next_dagrun for example_xcom_args_with_operators to None, run_after=None
[2025-05-09T13:00:52.275+0000] {processor.py:183} INFO - Processing /home/airflow/.local/lib/python3.10/site-packages/airflow/example_dags/example_xcomargs.py took 0.086 seconds
[2025-05-09T13:01:22.554+0000] {processor.py:161} INFO - Started process (PID=2463) to work on /home/airflow/.local/lib/python3.10/site-packages/airflow/example_dags/example_xcomargs.py
[2025-05-09T13:01:22.555+0000] {processor.py:830} INFO - Processing file /home/airflow/.local/lib/python3.10/site-packages/airflow/example_dags/example_xcomargs.py for tasks to queue
[2025-05-09T13:01:22.558+0000] {logging_mixin.py:188} INFO - [2025-05-09T13:01:22.557+0000] {dagbag.py:545} INFO - Filling up the DagBag from /home/airflow/.local/lib/python3.10/site-packages/airflow/example_dags/example_xcomargs.py
[2025-05-09T13:01:22.566+0000] {processor.py:840} INFO - DAG(s) 'example_xcom_args', 'example_xcom_args_with_operators' retrieved from /home/airflow/.local/lib/python3.10/site-packages/airflow/example_dags/example_xcomargs.py
[2025-05-09T13:01:22.596+0000] {logging_mixin.py:188} INFO - [2025-05-09T13:01:22.596+0000] {dag.py:3096} INFO - Sync 2 DAGs
[2025-05-09T13:01:22.622+0000] {logging_mixin.py:188} INFO - [2025-05-09T13:01:22.622+0000] {dag.py:3954} INFO - Setting next_dagrun for example_xcom_args to None, run_after=None
[2025-05-09T13:01:22.629+0000] {logging_mixin.py:188} INFO - [2025-05-09T13:01:22.629+0000] {dag.py:3954} INFO - Setting next_dagrun for example_xcom_args_with_operators to None, run_after=None
[2025-05-09T13:01:22.648+0000] {processor.py:183} INFO - Processing /home/airflow/.local/lib/python3.10/site-packages/airflow/example_dags/example_xcomargs.py took 0.102 seconds
[2025-05-09T13:01:53.111+0000] {processor.py:161} INFO - Started process (PID=2725) to work on /home/airflow/.local/lib/python3.10/site-packages/airflow/example_dags/example_xcomargs.py
[2025-05-09T13:01:53.112+0000] {processor.py:830} INFO - Processing file /home/airflow/.local/lib/python3.10/site-packages/airflow/example_dags/example_xcomargs.py for tasks to queue
[2025-05-09T13:01:53.114+0000] {logging_mixin.py:188} INFO - [2025-05-09T13:01:53.114+0000] {dagbag.py:545} INFO - Filling up the DagBag from /home/airflow/.local/lib/python3.10/site-packages/airflow/example_dags/example_xcomargs.py
[2025-05-09T13:01:53.124+0000] {processor.py:840} INFO - DAG(s) 'example_xcom_args_with_operators', 'example_xcom_args' retrieved from /home/airflow/.local/lib/python3.10/site-packages/airflow/example_dags/example_xcomargs.py
[2025-05-09T13:01:53.155+0000] {logging_mixin.py:188} INFO - [2025-05-09T13:01:53.155+0000] {dag.py:3096} INFO - Sync 2 DAGs
[2025-05-09T13:01:53.169+0000] {logging_mixin.py:188} INFO - [2025-05-09T13:01:53.169+0000] {dag.py:3954} INFO - Setting next_dagrun for example_xcom_args to None, run_after=None
[2025-05-09T13:01:53.174+0000] {logging_mixin.py:188} INFO - [2025-05-09T13:01:53.174+0000] {dag.py:3954} INFO - Setting next_dagrun for example_xcom_args_with_operators to None, run_after=None
[2025-05-09T13:01:53.195+0000] {processor.py:183} INFO - Processing /home/airflow/.local/lib/python3.10/site-packages/airflow/example_dags/example_xcomargs.py took 0.091 seconds
[2025-05-09T13:02:23.508+0000] {processor.py:161} INFO - Started process (PID=2987) to work on /home/airflow/.local/lib/python3.10/site-packages/airflow/example_dags/example_xcomargs.py
[2025-05-09T13:02:23.509+0000] {processor.py:830} INFO - Processing file /home/airflow/.local/lib/python3.10/site-packages/airflow/example_dags/example_xcomargs.py for tasks to queue
[2025-05-09T13:02:23.512+0000] {logging_mixin.py:188} INFO - [2025-05-09T13:02:23.511+0000] {dagbag.py:545} INFO - Filling up the DagBag from /home/airflow/.local/lib/python3.10/site-packages/airflow/example_dags/example_xcomargs.py
[2025-05-09T13:02:23.524+0000] {processor.py:840} INFO - DAG(s) 'example_xcom_args_with_operators', 'example_xcom_args' retrieved from /home/airflow/.local/lib/python3.10/site-packages/airflow/example_dags/example_xcomargs.py
[2025-05-09T13:02:23.569+0000] {logging_mixin.py:188} INFO - [2025-05-09T13:02:23.568+0000] {dag.py:3096} INFO - Sync 2 DAGs
[2025-05-09T13:02:23.586+0000] {logging_mixin.py:188} INFO - [2025-05-09T13:02:23.586+0000] {dag.py:3954} INFO - Setting next_dagrun for example_xcom_args to None, run_after=None
[2025-05-09T13:02:23.591+0000] {logging_mixin.py:188} INFO - [2025-05-09T13:02:23.591+0000] {dag.py:3954} INFO - Setting next_dagrun for example_xcom_args_with_operators to None, run_after=None
[2025-05-09T13:02:23.618+0000] {processor.py:183} INFO - Processing /home/airflow/.local/lib/python3.10/site-packages/airflow/example_dags/example_xcomargs.py took 0.119 seconds
[2025-05-09T13:02:54.091+0000] {processor.py:161} INFO - Started process (PID=3249) to work on /home/airflow/.local/lib/python3.10/site-packages/airflow/example_dags/example_xcomargs.py
[2025-05-09T13:02:54.093+0000] {processor.py:830} INFO - Processing file /home/airflow/.local/lib/python3.10/site-packages/airflow/example_dags/example_xcomargs.py for tasks to queue
[2025-05-09T13:02:54.095+0000] {logging_mixin.py:188} INFO - [2025-05-09T13:02:54.095+0000] {dagbag.py:545} INFO - Filling up the DagBag from /home/airflow/.local/lib/python3.10/site-packages/airflow/example_dags/example_xcomargs.py
[2025-05-09T13:02:54.104+0000] {processor.py:840} INFO - DAG(s) 'example_xcom_args', 'example_xcom_args_with_operators' retrieved from /home/airflow/.local/lib/python3.10/site-packages/airflow/example_dags/example_xcomargs.py
[2025-05-09T13:02:54.144+0000] {logging_mixin.py:188} INFO - [2025-05-09T13:02:54.144+0000] {dag.py:3096} INFO - Sync 2 DAGs
[2025-05-09T13:02:54.161+0000] {logging_mixin.py:188} INFO - [2025-05-09T13:02:54.161+0000] {dag.py:3954} INFO - Setting next_dagrun for example_xcom_args to None, run_after=None
[2025-05-09T13:02:54.166+0000] {logging_mixin.py:188} INFO - [2025-05-09T13:02:54.166+0000] {dag.py:3954} INFO - Setting next_dagrun for example_xcom_args_with_operators to None, run_after=None
[2025-05-09T13:02:54.195+0000] {processor.py:183} INFO - Processing /home/airflow/.local/lib/python3.10/site-packages/airflow/example_dags/example_xcomargs.py took 0.117 seconds
[2025-05-09T13:03:25.580+0000] {processor.py:161} INFO - Started process (PID=3513) to work on /home/airflow/.local/lib/python3.10/site-packages/airflow/example_dags/example_xcomargs.py
[2025-05-09T13:03:25.582+0000] {processor.py:830} INFO - Processing file /home/airflow/.local/lib/python3.10/site-packages/airflow/example_dags/example_xcomargs.py for tasks to queue
[2025-05-09T13:03:25.585+0000] {logging_mixin.py:188} INFO - [2025-05-09T13:03:25.584+0000] {dagbag.py:545} INFO - Filling up the DagBag from /home/airflow/.local/lib/python3.10/site-packages/airflow/example_dags/example_xcomargs.py
[2025-05-09T13:03:25.595+0000] {processor.py:840} INFO - DAG(s) 'example_xcom_args_with_operators', 'example_xcom_args' retrieved from /home/airflow/.local/lib/python3.10/site-packages/airflow/example_dags/example_xcomargs.py
[2025-05-09T13:03:25.621+0000] {logging_mixin.py:188} INFO - [2025-05-09T13:03:25.621+0000] {dag.py:3096} INFO - Sync 2 DAGs
[2025-05-09T13:03:25.635+0000] {logging_mixin.py:188} INFO - [2025-05-09T13:03:25.635+0000] {dag.py:3954} INFO - Setting next_dagrun for example_xcom_args to None, run_after=None
[2025-05-09T13:03:25.640+0000] {logging_mixin.py:188} INFO - [2025-05-09T13:03:25.639+0000] {dag.py:3954} INFO - Setting next_dagrun for example_xcom_args_with_operators to None, run_after=None
[2025-05-09T13:03:25.658+0000] {processor.py:183} INFO - Processing /home/airflow/.local/lib/python3.10/site-packages/airflow/example_dags/example_xcomargs.py took 0.085 seconds
[2025-05-09T13:03:56.102+0000] {processor.py:161} INFO - Started process (PID=3773) to work on /home/airflow/.local/lib/python3.10/site-packages/airflow/example_dags/example_xcomargs.py
[2025-05-09T13:03:56.104+0000] {processor.py:830} INFO - Processing file /home/airflow/.local/lib/python3.10/site-packages/airflow/example_dags/example_xcomargs.py for tasks to queue
[2025-05-09T13:03:56.107+0000] {logging_mixin.py:188} INFO - [2025-05-09T13:03:56.107+0000] {dagbag.py:545} INFO - Filling up the DagBag from /home/airflow/.local/lib/python3.10/site-packages/airflow/example_dags/example_xcomargs.py
[2025-05-09T13:03:56.117+0000] {processor.py:840} INFO - DAG(s) 'example_xcom_args_with_operators', 'example_xcom_args' retrieved from /home/airflow/.local/lib/python3.10/site-packages/airflow/example_dags/example_xcomargs.py
[2025-05-09T13:03:56.160+0000] {logging_mixin.py:188} INFO - [2025-05-09T13:03:56.159+0000] {dag.py:3096} INFO - Sync 2 DAGs
[2025-05-09T13:03:56.183+0000] {logging_mixin.py:188} INFO - [2025-05-09T13:03:56.182+0000] {dag.py:3954} INFO - Setting next_dagrun for example_xcom_args to None, run_after=None
[2025-05-09T13:03:56.190+0000] {logging_mixin.py:188} INFO - [2025-05-09T13:03:56.189+0000] {dag.py:3954} INFO - Setting next_dagrun for example_xcom_args_with_operators to None, run_after=None
[2025-05-09T13:03:56.223+0000] {processor.py:183} INFO - Processing /home/airflow/.local/lib/python3.10/site-packages/airflow/example_dags/example_xcomargs.py took 0.130 seconds
[2025-05-09T15:43:50.558+0000] {processor.py:161} INFO - Started process (PID=4050) to work on /home/airflow/.local/lib/python3.10/site-packages/airflow/example_dags/example_xcomargs.py
[2025-05-09T15:43:50.568+0000] {processor.py:830} INFO - Processing file /home/airflow/.local/lib/python3.10/site-packages/airflow/example_dags/example_xcomargs.py for tasks to queue
[2025-05-09T15:43:50.572+0000] {logging_mixin.py:188} INFO - [2025-05-09T15:43:50.571+0000] {dagbag.py:545} INFO - Filling up the DagBag from /home/airflow/.local/lib/python3.10/site-packages/airflow/example_dags/example_xcomargs.py
[2025-05-09T15:43:50.588+0000] {processor.py:840} INFO - DAG(s) 'example_xcom_args_with_operators', 'example_xcom_args' retrieved from /home/airflow/.local/lib/python3.10/site-packages/airflow/example_dags/example_xcomargs.py
[2025-05-09T15:43:50.633+0000] {logging_mixin.py:188} INFO - [2025-05-09T15:43:50.633+0000] {dag.py:3096} INFO - Sync 2 DAGs
[2025-05-09T15:43:50.658+0000] {logging_mixin.py:188} INFO - [2025-05-09T15:43:50.658+0000] {dag.py:3954} INFO - Setting next_dagrun for example_xcom_args to None, run_after=None
[2025-05-09T15:43:50.666+0000] {logging_mixin.py:188} INFO - [2025-05-09T15:43:50.666+0000] {dag.py:3954} INFO - Setting next_dagrun for example_xcom_args_with_operators to None, run_after=None
[2025-05-09T15:43:50.746+0000] {processor.py:183} INFO - Processing /home/airflow/.local/lib/python3.10/site-packages/airflow/example_dags/example_xcomargs.py took 0.202 seconds
[2025-05-09T15:44:21.124+0000] {processor.py:161} INFO - Started process (PID=4312) to work on /home/airflow/.local/lib/python3.10/site-packages/airflow/example_dags/example_xcomargs.py
[2025-05-09T15:44:21.126+0000] {processor.py:830} INFO - Processing file /home/airflow/.local/lib/python3.10/site-packages/airflow/example_dags/example_xcomargs.py for tasks to queue
[2025-05-09T15:44:21.129+0000] {logging_mixin.py:188} INFO - [2025-05-09T15:44:21.129+0000] {dagbag.py:545} INFO - Filling up the DagBag from /home/airflow/.local/lib/python3.10/site-packages/airflow/example_dags/example_xcomargs.py
[2025-05-09T15:44:21.140+0000] {processor.py:840} INFO - DAG(s) 'example_xcom_args_with_operators', 'example_xcom_args' retrieved from /home/airflow/.local/lib/python3.10/site-packages/airflow/example_dags/example_xcomargs.py
[2025-05-09T15:44:21.175+0000] {logging_mixin.py:188} INFO - [2025-05-09T15:44:21.175+0000] {dag.py:3096} INFO - Sync 2 DAGs
[2025-05-09T15:44:21.195+0000] {logging_mixin.py:188} INFO - [2025-05-09T15:44:21.195+0000] {dag.py:3954} INFO - Setting next_dagrun for example_xcom_args to None, run_after=None
[2025-05-09T15:44:21.199+0000] {logging_mixin.py:188} INFO - [2025-05-09T15:44:21.199+0000] {dag.py:3954} INFO - Setting next_dagrun for example_xcom_args_with_operators to None, run_after=None
[2025-05-09T15:44:21.239+0000] {processor.py:183} INFO - Processing /home/airflow/.local/lib/python3.10/site-packages/airflow/example_dags/example_xcomargs.py took 0.126 seconds
[2025-05-09T15:44:51.874+0000] {processor.py:161} INFO - Started process (PID=4586) to work on /home/airflow/.local/lib/python3.10/site-packages/airflow/example_dags/example_xcomargs.py
[2025-05-09T15:44:51.876+0000] {processor.py:830} INFO - Processing file /home/airflow/.local/lib/python3.10/site-packages/airflow/example_dags/example_xcomargs.py for tasks to queue
[2025-05-09T15:44:51.879+0000] {logging_mixin.py:188} INFO - [2025-05-09T15:44:51.879+0000] {dagbag.py:545} INFO - Filling up the DagBag from /home/airflow/.local/lib/python3.10/site-packages/airflow/example_dags/example_xcomargs.py
[2025-05-09T15:44:51.891+0000] {processor.py:840} INFO - DAG(s) 'example_xcom_args', 'example_xcom_args_with_operators' retrieved from /home/airflow/.local/lib/python3.10/site-packages/airflow/example_dags/example_xcomargs.py
[2025-05-09T15:44:51.926+0000] {logging_mixin.py:188} INFO - [2025-05-09T15:44:51.925+0000] {dag.py:3096} INFO - Sync 2 DAGs
[2025-05-09T15:44:51.944+0000] {logging_mixin.py:188} INFO - [2025-05-09T15:44:51.944+0000] {dag.py:3954} INFO - Setting next_dagrun for example_xcom_args to None, run_after=None
[2025-05-09T15:44:51.950+0000] {logging_mixin.py:188} INFO - [2025-05-09T15:44:51.950+0000] {dag.py:3954} INFO - Setting next_dagrun for example_xcom_args_with_operators to None, run_after=None
[2025-05-09T15:44:51.976+0000] {processor.py:183} INFO - Processing /home/airflow/.local/lib/python3.10/site-packages/airflow/example_dags/example_xcomargs.py took 0.112 seconds
[2025-05-09T15:45:22.547+0000] {processor.py:161} INFO - Started process (PID=4854) to work on /home/airflow/.local/lib/python3.10/site-packages/airflow/example_dags/example_xcomargs.py
[2025-05-09T15:45:22.550+0000] {processor.py:830} INFO - Processing file /home/airflow/.local/lib/python3.10/site-packages/airflow/example_dags/example_xcomargs.py for tasks to queue
[2025-05-09T15:45:22.553+0000] {logging_mixin.py:188} INFO - [2025-05-09T15:45:22.553+0000] {dagbag.py:545} INFO - Filling up the DagBag from /home/airflow/.local/lib/python3.10/site-packages/airflow/example_dags/example_xcomargs.py
[2025-05-09T15:45:22.572+0000] {processor.py:840} INFO - DAG(s) 'example_xcom_args_with_operators', 'example_xcom_args' retrieved from /home/airflow/.local/lib/python3.10/site-packages/airflow/example_dags/example_xcomargs.py
[2025-05-09T15:45:22.610+0000] {logging_mixin.py:188} INFO - [2025-05-09T15:45:22.610+0000] {dag.py:3096} INFO - Sync 2 DAGs
[2025-05-09T15:45:22.630+0000] {logging_mixin.py:188} INFO - [2025-05-09T15:45:22.629+0000] {dag.py:3954} INFO - Setting next_dagrun for example_xcom_args to None, run_after=None
[2025-05-09T15:45:22.636+0000] {logging_mixin.py:188} INFO - [2025-05-09T15:45:22.635+0000] {dag.py:3954} INFO - Setting next_dagrun for example_xcom_args_with_operators to None, run_after=None
[2025-05-09T15:45:22.660+0000] {processor.py:183} INFO - Processing /home/airflow/.local/lib/python3.10/site-packages/airflow/example_dags/example_xcomargs.py took 0.127 seconds
[2025-05-09T15:45:53.381+0000] {processor.py:161} INFO - Started process (PID=5118) to work on /home/airflow/.local/lib/python3.10/site-packages/airflow/example_dags/example_xcomargs.py
[2025-05-09T15:45:53.383+0000] {processor.py:830} INFO - Processing file /home/airflow/.local/lib/python3.10/site-packages/airflow/example_dags/example_xcomargs.py for tasks to queue
[2025-05-09T15:45:53.387+0000] {logging_mixin.py:188} INFO - [2025-05-09T15:45:53.386+0000] {dagbag.py:545} INFO - Filling up the DagBag from /home/airflow/.local/lib/python3.10/site-packages/airflow/example_dags/example_xcomargs.py
[2025-05-09T15:45:53.411+0000] {processor.py:840} INFO - DAG(s) 'example_xcom_args_with_operators', 'example_xcom_args' retrieved from /home/airflow/.local/lib/python3.10/site-packages/airflow/example_dags/example_xcomargs.py
[2025-05-09T15:45:53.462+0000] {logging_mixin.py:188} INFO - [2025-05-09T15:45:53.461+0000] {dag.py:3096} INFO - Sync 2 DAGs
[2025-05-09T15:45:53.484+0000] {logging_mixin.py:188} INFO - [2025-05-09T15:45:53.484+0000] {dag.py:3954} INFO - Setting next_dagrun for example_xcom_args to None, run_after=None
[2025-05-09T15:45:53.491+0000] {logging_mixin.py:188} INFO - [2025-05-09T15:45:53.490+0000] {dag.py:3954} INFO - Setting next_dagrun for example_xcom_args_with_operators to None, run_after=None
[2025-05-09T15:45:53.524+0000] {processor.py:183} INFO - Processing /home/airflow/.local/lib/python3.10/site-packages/airflow/example_dags/example_xcomargs.py took 0.159 seconds
[2025-05-09T15:46:24.103+0000] {processor.py:161} INFO - Started process (PID=5387) to work on /home/airflow/.local/lib/python3.10/site-packages/airflow/example_dags/example_xcomargs.py
[2025-05-09T15:46:24.105+0000] {processor.py:830} INFO - Processing file /home/airflow/.local/lib/python3.10/site-packages/airflow/example_dags/example_xcomargs.py for tasks to queue
[2025-05-09T15:46:24.108+0000] {logging_mixin.py:188} INFO - [2025-05-09T15:46:24.107+0000] {dagbag.py:545} INFO - Filling up the DagBag from /home/airflow/.local/lib/python3.10/site-packages/airflow/example_dags/example_xcomargs.py
[2025-05-09T15:46:24.117+0000] {processor.py:840} INFO - DAG(s) 'example_xcom_args_with_operators', 'example_xcom_args' retrieved from /home/airflow/.local/lib/python3.10/site-packages/airflow/example_dags/example_xcomargs.py
[2025-05-09T15:46:24.144+0000] {logging_mixin.py:188} INFO - [2025-05-09T15:46:24.144+0000] {dag.py:3096} INFO - Sync 2 DAGs
[2025-05-09T15:46:24.162+0000] {logging_mixin.py:188} INFO - [2025-05-09T15:46:24.161+0000] {dag.py:3954} INFO - Setting next_dagrun for example_xcom_args to None, run_after=None
[2025-05-09T15:46:24.168+0000] {logging_mixin.py:188} INFO - [2025-05-09T15:46:24.167+0000] {dag.py:3954} INFO - Setting next_dagrun for example_xcom_args_with_operators to None, run_after=None
[2025-05-09T15:46:24.189+0000] {processor.py:183} INFO - Processing /home/airflow/.local/lib/python3.10/site-packages/airflow/example_dags/example_xcomargs.py took 0.095 seconds
[2025-05-09T15:46:54.851+0000] {processor.py:161} INFO - Started process (PID=5649) to work on /home/airflow/.local/lib/python3.10/site-packages/airflow/example_dags/example_xcomargs.py
[2025-05-09T15:46:54.852+0000] {processor.py:830} INFO - Processing file /home/airflow/.local/lib/python3.10/site-packages/airflow/example_dags/example_xcomargs.py for tasks to queue
[2025-05-09T15:46:54.855+0000] {logging_mixin.py:188} INFO - [2025-05-09T15:46:54.855+0000] {dagbag.py:545} INFO - Filling up the DagBag from /home/airflow/.local/lib/python3.10/site-packages/airflow/example_dags/example_xcomargs.py
[2025-05-09T15:46:54.867+0000] {processor.py:840} INFO - DAG(s) 'example_xcom_args', 'example_xcom_args_with_operators' retrieved from /home/airflow/.local/lib/python3.10/site-packages/airflow/example_dags/example_xcomargs.py
[2025-05-09T15:46:54.921+0000] {logging_mixin.py:188} INFO - [2025-05-09T15:46:54.921+0000] {dag.py:3096} INFO - Sync 2 DAGs
[2025-05-09T15:46:54.937+0000] {logging_mixin.py:188} INFO - [2025-05-09T15:46:54.936+0000] {dag.py:3954} INFO - Setting next_dagrun for example_xcom_args to None, run_after=None
[2025-05-09T15:46:54.941+0000] {logging_mixin.py:188} INFO - [2025-05-09T15:46:54.941+0000] {dag.py:3954} INFO - Setting next_dagrun for example_xcom_args_with_operators to None, run_after=None
[2025-05-09T15:46:54.961+0000] {processor.py:183} INFO - Processing /home/airflow/.local/lib/python3.10/site-packages/airflow/example_dags/example_xcomargs.py took 0.119 seconds
[2025-05-09T15:47:25.567+0000] {processor.py:161} INFO - Started process (PID=5911) to work on /home/airflow/.local/lib/python3.10/site-packages/airflow/example_dags/example_xcomargs.py
[2025-05-09T15:47:25.573+0000] {processor.py:830} INFO - Processing file /home/airflow/.local/lib/python3.10/site-packages/airflow/example_dags/example_xcomargs.py for tasks to queue
[2025-05-09T15:47:25.577+0000] {logging_mixin.py:188} INFO - [2025-05-09T15:47:25.576+0000] {dagbag.py:545} INFO - Filling up the DagBag from /home/airflow/.local/lib/python3.10/site-packages/airflow/example_dags/example_xcomargs.py
[2025-05-09T15:47:25.594+0000] {processor.py:840} INFO - DAG(s) 'example_xcom_args_with_operators', 'example_xcom_args' retrieved from /home/airflow/.local/lib/python3.10/site-packages/airflow/example_dags/example_xcomargs.py
[2025-05-09T15:47:25.621+0000] {logging_mixin.py:188} INFO - [2025-05-09T15:47:25.621+0000] {dag.py:3096} INFO - Sync 2 DAGs
[2025-05-09T15:47:25.638+0000] {logging_mixin.py:188} INFO - [2025-05-09T15:47:25.637+0000] {dag.py:3954} INFO - Setting next_dagrun for example_xcom_args to None, run_after=None
[2025-05-09T15:47:25.643+0000] {logging_mixin.py:188} INFO - [2025-05-09T15:47:25.642+0000] {dag.py:3954} INFO - Setting next_dagrun for example_xcom_args_with_operators to None, run_after=None
[2025-05-09T15:47:25.669+0000] {processor.py:183} INFO - Processing /home/airflow/.local/lib/python3.10/site-packages/airflow/example_dags/example_xcomargs.py took 0.110 seconds
[2025-05-09T15:47:55.968+0000] {processor.py:161} INFO - Started process (PID=6173) to work on /home/airflow/.local/lib/python3.10/site-packages/airflow/example_dags/example_xcomargs.py
[2025-05-09T15:47:55.969+0000] {processor.py:830} INFO - Processing file /home/airflow/.local/lib/python3.10/site-packages/airflow/example_dags/example_xcomargs.py for tasks to queue
[2025-05-09T15:47:55.972+0000] {logging_mixin.py:188} INFO - [2025-05-09T15:47:55.972+0000] {dagbag.py:545} INFO - Filling up the DagBag from /home/airflow/.local/lib/python3.10/site-packages/airflow/example_dags/example_xcomargs.py
[2025-05-09T15:47:55.982+0000] {processor.py:840} INFO - DAG(s) 'example_xcom_args', 'example_xcom_args_with_operators' retrieved from /home/airflow/.local/lib/python3.10/site-packages/airflow/example_dags/example_xcomargs.py
[2025-05-09T15:47:56.020+0000] {logging_mixin.py:188} INFO - [2025-05-09T15:47:56.020+0000] {dag.py:3096} INFO - Sync 2 DAGs
[2025-05-09T15:47:56.035+0000] {logging_mixin.py:188} INFO - [2025-05-09T15:47:56.035+0000] {dag.py:3954} INFO - Setting next_dagrun for example_xcom_args to None, run_after=None
[2025-05-09T15:47:56.040+0000] {logging_mixin.py:188} INFO - [2025-05-09T15:47:56.039+0000] {dag.py:3954} INFO - Setting next_dagrun for example_xcom_args_with_operators to None, run_after=None
[2025-05-09T15:47:56.062+0000] {processor.py:183} INFO - Processing /home/airflow/.local/lib/python3.10/site-packages/airflow/example_dags/example_xcomargs.py took 0.102 seconds
[2025-05-09T15:48:26.411+0000] {processor.py:161} INFO - Started process (PID=6448) to work on /home/airflow/.local/lib/python3.10/site-packages/airflow/example_dags/example_xcomargs.py
[2025-05-09T15:48:26.413+0000] {processor.py:830} INFO - Processing file /home/airflow/.local/lib/python3.10/site-packages/airflow/example_dags/example_xcomargs.py for tasks to queue
[2025-05-09T15:48:26.415+0000] {logging_mixin.py:188} INFO - [2025-05-09T15:48:26.414+0000] {dagbag.py:545} INFO - Filling up the DagBag from /home/airflow/.local/lib/python3.10/site-packages/airflow/example_dags/example_xcomargs.py
[2025-05-09T15:48:26.424+0000] {processor.py:840} INFO - DAG(s) 'example_xcom_args', 'example_xcom_args_with_operators' retrieved from /home/airflow/.local/lib/python3.10/site-packages/airflow/example_dags/example_xcomargs.py
[2025-05-09T15:48:26.451+0000] {logging_mixin.py:188} INFO - [2025-05-09T15:48:26.451+0000] {dag.py:3096} INFO - Sync 2 DAGs
[2025-05-09T15:48:26.464+0000] {logging_mixin.py:188} INFO - [2025-05-09T15:48:26.464+0000] {dag.py:3954} INFO - Setting next_dagrun for example_xcom_args to None, run_after=None
[2025-05-09T15:48:26.468+0000] {logging_mixin.py:188} INFO - [2025-05-09T15:48:26.468+0000] {dag.py:3954} INFO - Setting next_dagrun for example_xcom_args_with_operators to None, run_after=None
[2025-05-09T15:48:26.500+0000] {processor.py:183} INFO - Processing /home/airflow/.local/lib/python3.10/site-packages/airflow/example_dags/example_xcomargs.py took 0.096 seconds
[2025-05-09T15:48:57.301+0000] {processor.py:161} INFO - Started process (PID=6732) to work on /home/airflow/.local/lib/python3.10/site-packages/airflow/example_dags/example_xcomargs.py
[2025-05-09T15:48:57.302+0000] {processor.py:830} INFO - Processing file /home/airflow/.local/lib/python3.10/site-packages/airflow/example_dags/example_xcomargs.py for tasks to queue
[2025-05-09T15:48:57.304+0000] {logging_mixin.py:188} INFO - [2025-05-09T15:48:57.304+0000] {dagbag.py:545} INFO - Filling up the DagBag from /home/airflow/.local/lib/python3.10/site-packages/airflow/example_dags/example_xcomargs.py
[2025-05-09T15:48:57.315+0000] {processor.py:840} INFO - DAG(s) 'example_xcom_args_with_operators', 'example_xcom_args' retrieved from /home/airflow/.local/lib/python3.10/site-packages/airflow/example_dags/example_xcomargs.py
[2025-05-09T15:48:57.346+0000] {logging_mixin.py:188} INFO - [2025-05-09T15:48:57.346+0000] {dag.py:3096} INFO - Sync 2 DAGs
[2025-05-09T15:48:57.362+0000] {logging_mixin.py:188} INFO - [2025-05-09T15:48:57.362+0000] {dag.py:3954} INFO - Setting next_dagrun for example_xcom_args to None, run_after=None
[2025-05-09T15:48:57.367+0000] {logging_mixin.py:188} INFO - [2025-05-09T15:48:57.367+0000] {dag.py:3954} INFO - Setting next_dagrun for example_xcom_args_with_operators to None, run_after=None
[2025-05-09T15:48:57.392+0000] {processor.py:183} INFO - Processing /home/airflow/.local/lib/python3.10/site-packages/airflow/example_dags/example_xcomargs.py took 0.100 seconds
[2025-05-09T15:49:27.739+0000] {processor.py:161} INFO - Started process (PID=7006) to work on /home/airflow/.local/lib/python3.10/site-packages/airflow/example_dags/example_xcomargs.py
[2025-05-09T15:49:27.740+0000] {processor.py:830} INFO - Processing file /home/airflow/.local/lib/python3.10/site-packages/airflow/example_dags/example_xcomargs.py for tasks to queue
[2025-05-09T15:49:27.742+0000] {logging_mixin.py:188} INFO - [2025-05-09T15:49:27.742+0000] {dagbag.py:545} INFO - Filling up the DagBag from /home/airflow/.local/lib/python3.10/site-packages/airflow/example_dags/example_xcomargs.py
[2025-05-09T15:49:27.754+0000] {processor.py:840} INFO - DAG(s) 'example_xcom_args', 'example_xcom_args_with_operators' retrieved from /home/airflow/.local/lib/python3.10/site-packages/airflow/example_dags/example_xcomargs.py
[2025-05-09T15:49:27.789+0000] {logging_mixin.py:188} INFO - [2025-05-09T15:49:27.789+0000] {dag.py:3096} INFO - Sync 2 DAGs
[2025-05-09T15:49:27.810+0000] {logging_mixin.py:188} INFO - [2025-05-09T15:49:27.810+0000] {dag.py:3954} INFO - Setting next_dagrun for example_xcom_args to None, run_after=None
[2025-05-09T15:49:27.817+0000] {logging_mixin.py:188} INFO - [2025-05-09T15:49:27.816+0000] {dag.py:3954} INFO - Setting next_dagrun for example_xcom_args_with_operators to None, run_after=None
[2025-05-09T15:49:27.849+0000] {processor.py:183} INFO - Processing /home/airflow/.local/lib/python3.10/site-packages/airflow/example_dags/example_xcomargs.py took 0.118 seconds
[2025-05-09T15:49:58.071+0000] {processor.py:161} INFO - Started process (PID=7268) to work on /home/airflow/.local/lib/python3.10/site-packages/airflow/example_dags/example_xcomargs.py
[2025-05-09T15:49:58.073+0000] {processor.py:830} INFO - Processing file /home/airflow/.local/lib/python3.10/site-packages/airflow/example_dags/example_xcomargs.py for tasks to queue
[2025-05-09T15:49:58.076+0000] {logging_mixin.py:188} INFO - [2025-05-09T15:49:58.076+0000] {dagbag.py:545} INFO - Filling up the DagBag from /home/airflow/.local/lib/python3.10/site-packages/airflow/example_dags/example_xcomargs.py
[2025-05-09T15:49:58.090+0000] {processor.py:840} INFO - DAG(s) 'example_xcom_args', 'example_xcom_args_with_operators' retrieved from /home/airflow/.local/lib/python3.10/site-packages/airflow/example_dags/example_xcomargs.py
[2025-05-09T15:49:58.119+0000] {logging_mixin.py:188} INFO - [2025-05-09T15:49:58.119+0000] {dag.py:3096} INFO - Sync 2 DAGs
[2025-05-09T15:49:58.145+0000] {logging_mixin.py:188} INFO - [2025-05-09T15:49:58.144+0000] {dag.py:3954} INFO - Setting next_dagrun for example_xcom_args to None, run_after=None
[2025-05-09T15:49:58.152+0000] {logging_mixin.py:188} INFO - [2025-05-09T15:49:58.151+0000] {dag.py:3954} INFO - Setting next_dagrun for example_xcom_args_with_operators to None, run_after=None
[2025-05-09T15:49:58.192+0000] {processor.py:183} INFO - Processing /home/airflow/.local/lib/python3.10/site-packages/airflow/example_dags/example_xcomargs.py took 0.128 seconds
[2025-05-09T15:50:28.515+0000] {processor.py:161} INFO - Started process (PID=7538) to work on /home/airflow/.local/lib/python3.10/site-packages/airflow/example_dags/example_xcomargs.py
[2025-05-09T15:50:28.517+0000] {processor.py:830} INFO - Processing file /home/airflow/.local/lib/python3.10/site-packages/airflow/example_dags/example_xcomargs.py for tasks to queue
[2025-05-09T15:50:28.519+0000] {logging_mixin.py:188} INFO - [2025-05-09T15:50:28.518+0000] {dagbag.py:545} INFO - Filling up the DagBag from /home/airflow/.local/lib/python3.10/site-packages/airflow/example_dags/example_xcomargs.py
[2025-05-09T15:50:28.529+0000] {processor.py:840} INFO - DAG(s) 'example_xcom_args_with_operators', 'example_xcom_args' retrieved from /home/airflow/.local/lib/python3.10/site-packages/airflow/example_dags/example_xcomargs.py
[2025-05-09T15:50:28.558+0000] {logging_mixin.py:188} INFO - [2025-05-09T15:50:28.557+0000] {dag.py:3096} INFO - Sync 2 DAGs
[2025-05-09T15:50:28.572+0000] {logging_mixin.py:188} INFO - [2025-05-09T15:50:28.572+0000] {dag.py:3954} INFO - Setting next_dagrun for example_xcom_args to None, run_after=None
[2025-05-09T15:50:28.577+0000] {logging_mixin.py:188} INFO - [2025-05-09T15:50:28.577+0000] {dag.py:3954} INFO - Setting next_dagrun for example_xcom_args_with_operators to None, run_after=None
[2025-05-09T15:50:28.610+0000] {processor.py:183} INFO - Processing /home/airflow/.local/lib/python3.10/site-packages/airflow/example_dags/example_xcomargs.py took 0.104 seconds
[2025-05-09T15:50:58.749+0000] {processor.py:161} INFO - Started process (PID=7800) to work on /home/airflow/.local/lib/python3.10/site-packages/airflow/example_dags/example_xcomargs.py
[2025-05-09T15:50:58.755+0000] {processor.py:830} INFO - Processing file /home/airflow/.local/lib/python3.10/site-packages/airflow/example_dags/example_xcomargs.py for tasks to queue
[2025-05-09T15:50:58.763+0000] {logging_mixin.py:188} INFO - [2025-05-09T15:50:58.757+0000] {dagbag.py:545} INFO - Filling up the DagBag from /home/airflow/.local/lib/python3.10/site-packages/airflow/example_dags/example_xcomargs.py
[2025-05-09T15:50:58.777+0000] {processor.py:840} INFO - DAG(s) 'example_xcom_args', 'example_xcom_args_with_operators' retrieved from /home/airflow/.local/lib/python3.10/site-packages/airflow/example_dags/example_xcomargs.py
[2025-05-09T15:50:58.805+0000] {logging_mixin.py:188} INFO - [2025-05-09T15:50:58.805+0000] {dag.py:3096} INFO - Sync 2 DAGs
[2025-05-09T15:50:58.819+0000] {logging_mixin.py:188} INFO - [2025-05-09T15:50:58.819+0000] {dag.py:3954} INFO - Setting next_dagrun for example_xcom_args to None, run_after=None
[2025-05-09T15:50:58.823+0000] {logging_mixin.py:188} INFO - [2025-05-09T15:50:58.823+0000] {dag.py:3954} INFO - Setting next_dagrun for example_xcom_args_with_operators to None, run_after=None
[2025-05-09T15:50:58.839+0000] {processor.py:183} INFO - Processing /home/airflow/.local/lib/python3.10/site-packages/airflow/example_dags/example_xcomargs.py took 0.111 seconds
[2025-05-09T15:51:29.040+0000] {processor.py:161} INFO - Started process (PID=8069) to work on /home/airflow/.local/lib/python3.10/site-packages/airflow/example_dags/example_xcomargs.py
[2025-05-09T15:51:29.042+0000] {processor.py:830} INFO - Processing file /home/airflow/.local/lib/python3.10/site-packages/airflow/example_dags/example_xcomargs.py for tasks to queue
[2025-05-09T15:51:29.045+0000] {logging_mixin.py:188} INFO - [2025-05-09T15:51:29.044+0000] {dagbag.py:545} INFO - Filling up the DagBag from /home/airflow/.local/lib/python3.10/site-packages/airflow/example_dags/example_xcomargs.py
[2025-05-09T15:51:29.055+0000] {processor.py:840} INFO - DAG(s) 'example_xcom_args', 'example_xcom_args_with_operators' retrieved from /home/airflow/.local/lib/python3.10/site-packages/airflow/example_dags/example_xcomargs.py
[2025-05-09T15:51:29.085+0000] {logging_mixin.py:188} INFO - [2025-05-09T15:51:29.085+0000] {dag.py:3096} INFO - Sync 2 DAGs
[2025-05-09T15:51:29.104+0000] {logging_mixin.py:188} INFO - [2025-05-09T15:51:29.103+0000] {dag.py:3954} INFO - Setting next_dagrun for example_xcom_args to None, run_after=None
[2025-05-09T15:51:29.112+0000] {logging_mixin.py:188} INFO - [2025-05-09T15:51:29.111+0000] {dag.py:3954} INFO - Setting next_dagrun for example_xcom_args_with_operators to None, run_after=None
[2025-05-09T15:51:29.142+0000] {processor.py:183} INFO - Processing /home/airflow/.local/lib/python3.10/site-packages/airflow/example_dags/example_xcomargs.py took 0.109 seconds
[2025-05-09T15:51:59.250+0000] {processor.py:161} INFO - Started process (PID=8331) to work on /home/airflow/.local/lib/python3.10/site-packages/airflow/example_dags/example_xcomargs.py
[2025-05-09T15:51:59.251+0000] {processor.py:830} INFO - Processing file /home/airflow/.local/lib/python3.10/site-packages/airflow/example_dags/example_xcomargs.py for tasks to queue
[2025-05-09T15:51:59.254+0000] {logging_mixin.py:188} INFO - [2025-05-09T15:51:59.253+0000] {dagbag.py:545} INFO - Filling up the DagBag from /home/airflow/.local/lib/python3.10/site-packages/airflow/example_dags/example_xcomargs.py
[2025-05-09T15:51:59.264+0000] {processor.py:840} INFO - DAG(s) 'example_xcom_args_with_operators', 'example_xcom_args' retrieved from /home/airflow/.local/lib/python3.10/site-packages/airflow/example_dags/example_xcomargs.py
[2025-05-09T15:51:59.295+0000] {logging_mixin.py:188} INFO - [2025-05-09T15:51:59.295+0000] {dag.py:3096} INFO - Sync 2 DAGs
[2025-05-09T15:51:59.310+0000] {logging_mixin.py:188} INFO - [2025-05-09T15:51:59.310+0000] {dag.py:3954} INFO - Setting next_dagrun for example_xcom_args to None, run_after=None
[2025-05-09T15:51:59.315+0000] {logging_mixin.py:188} INFO - [2025-05-09T15:51:59.315+0000] {dag.py:3954} INFO - Setting next_dagrun for example_xcom_args_with_operators to None, run_after=None
[2025-05-09T15:51:59.346+0000] {processor.py:183} INFO - Processing /home/airflow/.local/lib/python3.10/site-packages/airflow/example_dags/example_xcomargs.py took 0.102 seconds
[2025-05-09T15:52:30.336+0000] {processor.py:161} INFO - Started process (PID=8596) to work on /home/airflow/.local/lib/python3.10/site-packages/airflow/example_dags/example_xcomargs.py
[2025-05-09T15:52:30.338+0000] {processor.py:830} INFO - Processing file /home/airflow/.local/lib/python3.10/site-packages/airflow/example_dags/example_xcomargs.py for tasks to queue
[2025-05-09T15:52:30.340+0000] {logging_mixin.py:188} INFO - [2025-05-09T15:52:30.340+0000] {dagbag.py:545} INFO - Filling up the DagBag from /home/airflow/.local/lib/python3.10/site-packages/airflow/example_dags/example_xcomargs.py
[2025-05-09T15:52:30.347+0000] {processor.py:840} INFO - DAG(s) 'example_xcom_args', 'example_xcom_args_with_operators' retrieved from /home/airflow/.local/lib/python3.10/site-packages/airflow/example_dags/example_xcomargs.py
[2025-05-09T15:52:30.372+0000] {logging_mixin.py:188} INFO - [2025-05-09T15:52:30.372+0000] {dag.py:3096} INFO - Sync 2 DAGs
[2025-05-09T15:52:30.387+0000] {logging_mixin.py:188} INFO - [2025-05-09T15:52:30.387+0000] {dag.py:3954} INFO - Setting next_dagrun for example_xcom_args to None, run_after=None
[2025-05-09T15:52:30.393+0000] {logging_mixin.py:188} INFO - [2025-05-09T15:52:30.393+0000] {dag.py:3954} INFO - Setting next_dagrun for example_xcom_args_with_operators to None, run_after=None
[2025-05-09T15:52:30.416+0000] {processor.py:183} INFO - Processing /home/airflow/.local/lib/python3.10/site-packages/airflow/example_dags/example_xcomargs.py took 0.086 seconds
[2025-05-09T15:53:01.201+0000] {processor.py:161} INFO - Started process (PID=8858) to work on /home/airflow/.local/lib/python3.10/site-packages/airflow/example_dags/example_xcomargs.py
[2025-05-09T15:53:01.203+0000] {processor.py:830} INFO - Processing file /home/airflow/.local/lib/python3.10/site-packages/airflow/example_dags/example_xcomargs.py for tasks to queue
[2025-05-09T15:53:01.206+0000] {logging_mixin.py:188} INFO - [2025-05-09T15:53:01.205+0000] {dagbag.py:545} INFO - Filling up the DagBag from /home/airflow/.local/lib/python3.10/site-packages/airflow/example_dags/example_xcomargs.py
[2025-05-09T15:53:01.215+0000] {processor.py:840} INFO - DAG(s) 'example_xcom_args', 'example_xcom_args_with_operators' retrieved from /home/airflow/.local/lib/python3.10/site-packages/airflow/example_dags/example_xcomargs.py
[2025-05-09T15:53:01.248+0000] {logging_mixin.py:188} INFO - [2025-05-09T15:53:01.248+0000] {dag.py:3096} INFO - Sync 2 DAGs
[2025-05-09T15:53:01.266+0000] {logging_mixin.py:188} INFO - [2025-05-09T15:53:01.266+0000] {dag.py:3954} INFO - Setting next_dagrun for example_xcom_args to None, run_after=None
[2025-05-09T15:53:01.273+0000] {logging_mixin.py:188} INFO - [2025-05-09T15:53:01.273+0000] {dag.py:3954} INFO - Setting next_dagrun for example_xcom_args_with_operators to None, run_after=None
[2025-05-09T15:53:01.305+0000] {processor.py:183} INFO - Processing /home/airflow/.local/lib/python3.10/site-packages/airflow/example_dags/example_xcomargs.py took 0.112 seconds
[2025-05-09T15:53:32.136+0000] {processor.py:161} INFO - Started process (PID=9132) to work on /home/airflow/.local/lib/python3.10/site-packages/airflow/example_dags/example_xcomargs.py
[2025-05-09T15:53:32.138+0000] {processor.py:830} INFO - Processing file /home/airflow/.local/lib/python3.10/site-packages/airflow/example_dags/example_xcomargs.py for tasks to queue
[2025-05-09T15:53:32.141+0000] {logging_mixin.py:188} INFO - [2025-05-09T15:53:32.141+0000] {dagbag.py:545} INFO - Filling up the DagBag from /home/airflow/.local/lib/python3.10/site-packages/airflow/example_dags/example_xcomargs.py
[2025-05-09T15:53:32.150+0000] {processor.py:840} INFO - DAG(s) 'example_xcom_args_with_operators', 'example_xcom_args' retrieved from /home/airflow/.local/lib/python3.10/site-packages/airflow/example_dags/example_xcomargs.py
[2025-05-09T15:53:32.190+0000] {logging_mixin.py:188} INFO - [2025-05-09T15:53:32.190+0000] {dag.py:3096} INFO - Sync 2 DAGs
[2025-05-09T15:53:32.207+0000] {logging_mixin.py:188} INFO - [2025-05-09T15:53:32.207+0000] {dag.py:3954} INFO - Setting next_dagrun for example_xcom_args to None, run_after=None
[2025-05-09T15:53:32.212+0000] {logging_mixin.py:188} INFO - [2025-05-09T15:53:32.212+0000] {dag.py:3954} INFO - Setting next_dagrun for example_xcom_args_with_operators to None, run_after=None
[2025-05-09T15:53:32.245+0000] {processor.py:183} INFO - Processing /home/airflow/.local/lib/python3.10/site-packages/airflow/example_dags/example_xcomargs.py took 0.117 seconds
[2025-05-09T15:54:02.481+0000] {processor.py:161} INFO - Started process (PID=9411) to work on /home/airflow/.local/lib/python3.10/site-packages/airflow/example_dags/example_xcomargs.py
[2025-05-09T15:54:02.483+0000] {processor.py:830} INFO - Processing file /home/airflow/.local/lib/python3.10/site-packages/airflow/example_dags/example_xcomargs.py for tasks to queue
[2025-05-09T15:54:02.486+0000] {logging_mixin.py:188} INFO - [2025-05-09T15:54:02.486+0000] {dagbag.py:545} INFO - Filling up the DagBag from /home/airflow/.local/lib/python3.10/site-packages/airflow/example_dags/example_xcomargs.py
[2025-05-09T15:54:02.496+0000] {processor.py:840} INFO - DAG(s) 'example_xcom_args_with_operators', 'example_xcom_args' retrieved from /home/airflow/.local/lib/python3.10/site-packages/airflow/example_dags/example_xcomargs.py
[2025-05-09T15:54:02.526+0000] {logging_mixin.py:188} INFO - [2025-05-09T15:54:02.526+0000] {dag.py:3096} INFO - Sync 2 DAGs
[2025-05-09T15:54:02.541+0000] {logging_mixin.py:188} INFO - [2025-05-09T15:54:02.541+0000] {dag.py:3954} INFO - Setting next_dagrun for example_xcom_args to None, run_after=None
[2025-05-09T15:54:02.546+0000] {logging_mixin.py:188} INFO - [2025-05-09T15:54:02.546+0000] {dag.py:3954} INFO - Setting next_dagrun for example_xcom_args_with_operators to None, run_after=None
[2025-05-09T15:54:02.573+0000] {processor.py:183} INFO - Processing /home/airflow/.local/lib/python3.10/site-packages/airflow/example_dags/example_xcomargs.py took 0.098 seconds
[2025-05-09T15:54:33.078+0000] {processor.py:161} INFO - Started process (PID=9680) to work on /home/airflow/.local/lib/python3.10/site-packages/airflow/example_dags/example_xcomargs.py
[2025-05-09T15:54:33.080+0000] {processor.py:830} INFO - Processing file /home/airflow/.local/lib/python3.10/site-packages/airflow/example_dags/example_xcomargs.py for tasks to queue
[2025-05-09T15:54:33.082+0000] {logging_mixin.py:188} INFO - [2025-05-09T15:54:33.082+0000] {dagbag.py:545} INFO - Filling up the DagBag from /home/airflow/.local/lib/python3.10/site-packages/airflow/example_dags/example_xcomargs.py
[2025-05-09T15:54:33.095+0000] {processor.py:840} INFO - DAG(s) 'example_xcom_args', 'example_xcom_args_with_operators' retrieved from /home/airflow/.local/lib/python3.10/site-packages/airflow/example_dags/example_xcomargs.py
[2025-05-09T15:54:33.125+0000] {logging_mixin.py:188} INFO - [2025-05-09T15:54:33.124+0000] {dag.py:3096} INFO - Sync 2 DAGs
[2025-05-09T15:54:33.139+0000] {logging_mixin.py:188} INFO - [2025-05-09T15:54:33.139+0000] {dag.py:3954} INFO - Setting next_dagrun for example_xcom_args to None, run_after=None
[2025-05-09T15:54:33.144+0000] {logging_mixin.py:188} INFO - [2025-05-09T15:54:33.144+0000] {dag.py:3954} INFO - Setting next_dagrun for example_xcom_args_with_operators to None, run_after=None
[2025-05-09T15:54:33.177+0000] {processor.py:183} INFO - Processing /home/airflow/.local/lib/python3.10/site-packages/airflow/example_dags/example_xcomargs.py took 0.105 seconds
[2025-05-09T15:55:03.723+0000] {processor.py:161} INFO - Started process (PID=9948) to work on /home/airflow/.local/lib/python3.10/site-packages/airflow/example_dags/example_xcomargs.py
[2025-05-09T15:55:03.725+0000] {processor.py:830} INFO - Processing file /home/airflow/.local/lib/python3.10/site-packages/airflow/example_dags/example_xcomargs.py for tasks to queue
[2025-05-09T15:55:03.727+0000] {logging_mixin.py:188} INFO - [2025-05-09T15:55:03.726+0000] {dagbag.py:545} INFO - Filling up the DagBag from /home/airflow/.local/lib/python3.10/site-packages/airflow/example_dags/example_xcomargs.py
[2025-05-09T15:55:03.735+0000] {processor.py:840} INFO - DAG(s) 'example_xcom_args', 'example_xcom_args_with_operators' retrieved from /home/airflow/.local/lib/python3.10/site-packages/airflow/example_dags/example_xcomargs.py
[2025-05-09T15:55:03.758+0000] {logging_mixin.py:188} INFO - [2025-05-09T15:55:03.758+0000] {dag.py:3096} INFO - Sync 2 DAGs
[2025-05-09T15:55:03.771+0000] {logging_mixin.py:188} INFO - [2025-05-09T15:55:03.770+0000] {dag.py:3954} INFO - Setting next_dagrun for example_xcom_args to None, run_after=None
[2025-05-09T15:55:03.776+0000] {logging_mixin.py:188} INFO - [2025-05-09T15:55:03.775+0000] {dag.py:3954} INFO - Setting next_dagrun for example_xcom_args_with_operators to None, run_after=None
[2025-05-09T15:55:03.796+0000] {processor.py:183} INFO - Processing /home/airflow/.local/lib/python3.10/site-packages/airflow/example_dags/example_xcomargs.py took 0.079 seconds
[2025-05-09T15:55:34.912+0000] {processor.py:161} INFO - Started process (PID=10223) to work on /home/airflow/.local/lib/python3.10/site-packages/airflow/example_dags/example_xcomargs.py
[2025-05-09T15:55:34.914+0000] {processor.py:830} INFO - Processing file /home/airflow/.local/lib/python3.10/site-packages/airflow/example_dags/example_xcomargs.py for tasks to queue
[2025-05-09T15:55:34.916+0000] {logging_mixin.py:188} INFO - [2025-05-09T15:55:34.916+0000] {dagbag.py:545} INFO - Filling up the DagBag from /home/airflow/.local/lib/python3.10/site-packages/airflow/example_dags/example_xcomargs.py
[2025-05-09T15:55:34.925+0000] {processor.py:840} INFO - DAG(s) 'example_xcom_args', 'example_xcom_args_with_operators' retrieved from /home/airflow/.local/lib/python3.10/site-packages/airflow/example_dags/example_xcomargs.py
[2025-05-09T15:55:34.950+0000] {logging_mixin.py:188} INFO - [2025-05-09T15:55:34.950+0000] {dag.py:3096} INFO - Sync 2 DAGs
[2025-05-09T15:55:34.967+0000] {logging_mixin.py:188} INFO - [2025-05-09T15:55:34.967+0000] {dag.py:3954} INFO - Setting next_dagrun for example_xcom_args to None, run_after=None
[2025-05-09T15:55:34.972+0000] {logging_mixin.py:188} INFO - [2025-05-09T15:55:34.972+0000] {dag.py:3954} INFO - Setting next_dagrun for example_xcom_args_with_operators to None, run_after=None
[2025-05-09T15:55:34.991+0000] {processor.py:183} INFO - Processing /home/airflow/.local/lib/python3.10/site-packages/airflow/example_dags/example_xcomargs.py took 0.086 seconds
[2025-05-09T15:56:05.840+0000] {processor.py:161} INFO - Started process (PID=10499) to work on /home/airflow/.local/lib/python3.10/site-packages/airflow/example_dags/example_xcomargs.py
[2025-05-09T15:56:05.841+0000] {processor.py:830} INFO - Processing file /home/airflow/.local/lib/python3.10/site-packages/airflow/example_dags/example_xcomargs.py for tasks to queue
[2025-05-09T15:56:05.844+0000] {logging_mixin.py:188} INFO - [2025-05-09T15:56:05.844+0000] {dagbag.py:545} INFO - Filling up the DagBag from /home/airflow/.local/lib/python3.10/site-packages/airflow/example_dags/example_xcomargs.py
[2025-05-09T15:56:05.855+0000] {processor.py:840} INFO - DAG(s) 'example_xcom_args', 'example_xcom_args_with_operators' retrieved from /home/airflow/.local/lib/python3.10/site-packages/airflow/example_dags/example_xcomargs.py
[2025-05-09T15:56:05.894+0000] {logging_mixin.py:188} INFO - [2025-05-09T15:56:05.894+0000] {dag.py:3096} INFO - Sync 2 DAGs
[2025-05-09T15:56:05.915+0000] {logging_mixin.py:188} INFO - [2025-05-09T15:56:05.914+0000] {dag.py:3954} INFO - Setting next_dagrun for example_xcom_args to None, run_after=None
[2025-05-09T15:56:05.921+0000] {logging_mixin.py:188} INFO - [2025-05-09T15:56:05.921+0000] {dag.py:3954} INFO - Setting next_dagrun for example_xcom_args_with_operators to None, run_after=None
[2025-05-09T15:56:05.954+0000] {processor.py:183} INFO - Processing /home/airflow/.local/lib/python3.10/site-packages/airflow/example_dags/example_xcomargs.py took 0.122 seconds
[2025-05-09T15:56:36.769+0000] {processor.py:161} INFO - Started process (PID=10763) to work on /home/airflow/.local/lib/python3.10/site-packages/airflow/example_dags/example_xcomargs.py
[2025-05-09T15:56:36.771+0000] {processor.py:830} INFO - Processing file /home/airflow/.local/lib/python3.10/site-packages/airflow/example_dags/example_xcomargs.py for tasks to queue
[2025-05-09T15:56:36.773+0000] {logging_mixin.py:188} INFO - [2025-05-09T15:56:36.772+0000] {dagbag.py:545} INFO - Filling up the DagBag from /home/airflow/.local/lib/python3.10/site-packages/airflow/example_dags/example_xcomargs.py
[2025-05-09T15:56:36.780+0000] {processor.py:840} INFO - DAG(s) 'example_xcom_args', 'example_xcom_args_with_operators' retrieved from /home/airflow/.local/lib/python3.10/site-packages/airflow/example_dags/example_xcomargs.py
[2025-05-09T15:56:36.807+0000] {logging_mixin.py:188} INFO - [2025-05-09T15:56:36.807+0000] {dag.py:3096} INFO - Sync 2 DAGs
[2025-05-09T15:56:36.819+0000] {logging_mixin.py:188} INFO - [2025-05-09T15:56:36.818+0000] {dag.py:3954} INFO - Setting next_dagrun for example_xcom_args to None, run_after=None
[2025-05-09T15:56:36.823+0000] {logging_mixin.py:188} INFO - [2025-05-09T15:56:36.823+0000] {dag.py:3954} INFO - Setting next_dagrun for example_xcom_args_with_operators to None, run_after=None
[2025-05-09T15:56:36.844+0000] {processor.py:183} INFO - Processing /home/airflow/.local/lib/python3.10/site-packages/airflow/example_dags/example_xcomargs.py took 0.080 seconds
[2025-05-09T15:57:07.232+0000] {processor.py:161} INFO - Started process (PID=11034) to work on /home/airflow/.local/lib/python3.10/site-packages/airflow/example_dags/example_xcomargs.py
[2025-05-09T15:57:07.234+0000] {processor.py:830} INFO - Processing file /home/airflow/.local/lib/python3.10/site-packages/airflow/example_dags/example_xcomargs.py for tasks to queue
[2025-05-09T15:57:07.235+0000] {logging_mixin.py:188} INFO - [2025-05-09T15:57:07.235+0000] {dagbag.py:545} INFO - Filling up the DagBag from /home/airflow/.local/lib/python3.10/site-packages/airflow/example_dags/example_xcomargs.py
[2025-05-09T15:57:07.246+0000] {processor.py:840} INFO - DAG(s) 'example_xcom_args_with_operators', 'example_xcom_args' retrieved from /home/airflow/.local/lib/python3.10/site-packages/airflow/example_dags/example_xcomargs.py
[2025-05-09T15:57:07.281+0000] {logging_mixin.py:188} INFO - [2025-05-09T15:57:07.281+0000] {dag.py:3096} INFO - Sync 2 DAGs
[2025-05-09T15:57:07.296+0000] {logging_mixin.py:188} INFO - [2025-05-09T15:57:07.296+0000] {dag.py:3954} INFO - Setting next_dagrun for example_xcom_args to None, run_after=None
[2025-05-09T15:57:07.302+0000] {logging_mixin.py:188} INFO - [2025-05-09T15:57:07.301+0000] {dag.py:3954} INFO - Setting next_dagrun for example_xcom_args_with_operators to None, run_after=None
[2025-05-09T15:57:07.328+0000] {processor.py:183} INFO - Processing /home/airflow/.local/lib/python3.10/site-packages/airflow/example_dags/example_xcomargs.py took 0.103 seconds
[2025-05-09T15:57:37.497+0000] {processor.py:161} INFO - Started process (PID=11301) to work on /home/airflow/.local/lib/python3.10/site-packages/airflow/example_dags/example_xcomargs.py
[2025-05-09T15:57:37.498+0000] {processor.py:830} INFO - Processing file /home/airflow/.local/lib/python3.10/site-packages/airflow/example_dags/example_xcomargs.py for tasks to queue
[2025-05-09T15:57:37.501+0000] {logging_mixin.py:188} INFO - [2025-05-09T15:57:37.501+0000] {dagbag.py:545} INFO - Filling up the DagBag from /home/airflow/.local/lib/python3.10/site-packages/airflow/example_dags/example_xcomargs.py
[2025-05-09T15:57:37.511+0000] {processor.py:840} INFO - DAG(s) 'example_xcom_args_with_operators', 'example_xcom_args' retrieved from /home/airflow/.local/lib/python3.10/site-packages/airflow/example_dags/example_xcomargs.py
[2025-05-09T15:57:37.535+0000] {logging_mixin.py:188} INFO - [2025-05-09T15:57:37.534+0000] {dag.py:3096} INFO - Sync 2 DAGs
[2025-05-09T15:57:37.548+0000] {logging_mixin.py:188} INFO - [2025-05-09T15:57:37.547+0000] {dag.py:3954} INFO - Setting next_dagrun for example_xcom_args to None, run_after=None
[2025-05-09T15:57:37.554+0000] {logging_mixin.py:188} INFO - [2025-05-09T15:57:37.554+0000] {dag.py:3954} INFO - Setting next_dagrun for example_xcom_args_with_operators to None, run_after=None
[2025-05-09T15:57:37.575+0000] {processor.py:183} INFO - Processing /home/airflow/.local/lib/python3.10/site-packages/airflow/example_dags/example_xcomargs.py took 0.083 seconds
[2025-05-09T15:58:07.802+0000] {processor.py:161} INFO - Started process (PID=11565) to work on /home/airflow/.local/lib/python3.10/site-packages/airflow/example_dags/example_xcomargs.py
[2025-05-09T15:58:07.805+0000] {processor.py:830} INFO - Processing file /home/airflow/.local/lib/python3.10/site-packages/airflow/example_dags/example_xcomargs.py for tasks to queue
[2025-05-09T15:58:07.809+0000] {logging_mixin.py:188} INFO - [2025-05-09T15:58:07.808+0000] {dagbag.py:545} INFO - Filling up the DagBag from /home/airflow/.local/lib/python3.10/site-packages/airflow/example_dags/example_xcomargs.py
[2025-05-09T15:58:07.819+0000] {processor.py:840} INFO - DAG(s) 'example_xcom_args_with_operators', 'example_xcom_args' retrieved from /home/airflow/.local/lib/python3.10/site-packages/airflow/example_dags/example_xcomargs.py
[2025-05-09T15:58:07.853+0000] {logging_mixin.py:188} INFO - [2025-05-09T15:58:07.853+0000] {dag.py:3096} INFO - Sync 2 DAGs
[2025-05-09T15:58:07.870+0000] {logging_mixin.py:188} INFO - [2025-05-09T15:58:07.869+0000] {dag.py:3954} INFO - Setting next_dagrun for example_xcom_args to None, run_after=None
[2025-05-09T15:58:07.877+0000] {logging_mixin.py:188} INFO - [2025-05-09T15:58:07.876+0000] {dag.py:3954} INFO - Setting next_dagrun for example_xcom_args_with_operators to None, run_after=None
[2025-05-09T15:58:07.899+0000] {processor.py:183} INFO - Processing /home/airflow/.local/lib/python3.10/site-packages/airflow/example_dags/example_xcomargs.py took 0.105 seconds
[2025-05-09T15:58:38.254+0000] {processor.py:161} INFO - Started process (PID=11827) to work on /home/airflow/.local/lib/python3.10/site-packages/airflow/example_dags/example_xcomargs.py
[2025-05-09T15:58:38.257+0000] {processor.py:830} INFO - Processing file /home/airflow/.local/lib/python3.10/site-packages/airflow/example_dags/example_xcomargs.py for tasks to queue
[2025-05-09T15:58:38.260+0000] {logging_mixin.py:188} INFO - [2025-05-09T15:58:38.259+0000] {dagbag.py:545} INFO - Filling up the DagBag from /home/airflow/.local/lib/python3.10/site-packages/airflow/example_dags/example_xcomargs.py
[2025-05-09T15:58:38.270+0000] {processor.py:840} INFO - DAG(s) 'example_xcom_args_with_operators', 'example_xcom_args' retrieved from /home/airflow/.local/lib/python3.10/site-packages/airflow/example_dags/example_xcomargs.py
[2025-05-09T15:58:38.307+0000] {logging_mixin.py:188} INFO - [2025-05-09T15:58:38.306+0000] {dag.py:3096} INFO - Sync 2 DAGs
[2025-05-09T15:58:38.321+0000] {logging_mixin.py:188} INFO - [2025-05-09T15:58:38.320+0000] {dag.py:3954} INFO - Setting next_dagrun for example_xcom_args to None, run_after=None
[2025-05-09T15:58:38.325+0000] {logging_mixin.py:188} INFO - [2025-05-09T15:58:38.325+0000] {dag.py:3954} INFO - Setting next_dagrun for example_xcom_args_with_operators to None, run_after=None
[2025-05-09T15:58:38.351+0000] {processor.py:183} INFO - Processing /home/airflow/.local/lib/python3.10/site-packages/airflow/example_dags/example_xcomargs.py took 0.106 seconds
[2025-05-09T15:59:08.690+0000] {processor.py:161} INFO - Started process (PID=12098) to work on /home/airflow/.local/lib/python3.10/site-packages/airflow/example_dags/example_xcomargs.py
[2025-05-09T15:59:08.692+0000] {processor.py:830} INFO - Processing file /home/airflow/.local/lib/python3.10/site-packages/airflow/example_dags/example_xcomargs.py for tasks to queue
[2025-05-09T15:59:08.694+0000] {logging_mixin.py:188} INFO - [2025-05-09T15:59:08.694+0000] {dagbag.py:545} INFO - Filling up the DagBag from /home/airflow/.local/lib/python3.10/site-packages/airflow/example_dags/example_xcomargs.py
[2025-05-09T15:59:08.704+0000] {processor.py:840} INFO - DAG(s) 'example_xcom_args_with_operators', 'example_xcom_args' retrieved from /home/airflow/.local/lib/python3.10/site-packages/airflow/example_dags/example_xcomargs.py
[2025-05-09T15:59:08.740+0000] {logging_mixin.py:188} INFO - [2025-05-09T15:59:08.739+0000] {dag.py:3096} INFO - Sync 2 DAGs
[2025-05-09T15:59:08.755+0000] {logging_mixin.py:188} INFO - [2025-05-09T15:59:08.754+0000] {dag.py:3954} INFO - Setting next_dagrun for example_xcom_args to None, run_after=None
[2025-05-09T15:59:08.763+0000] {logging_mixin.py:188} INFO - [2025-05-09T15:59:08.762+0000] {dag.py:3954} INFO - Setting next_dagrun for example_xcom_args_with_operators to None, run_after=None
[2025-05-09T15:59:08.797+0000] {processor.py:183} INFO - Processing /home/airflow/.local/lib/python3.10/site-packages/airflow/example_dags/example_xcomargs.py took 0.113 seconds
[2025-05-09T15:59:38.985+0000] {processor.py:161} INFO - Started process (PID=12360) to work on /home/airflow/.local/lib/python3.10/site-packages/airflow/example_dags/example_xcomargs.py
[2025-05-09T15:59:38.987+0000] {processor.py:830} INFO - Processing file /home/airflow/.local/lib/python3.10/site-packages/airflow/example_dags/example_xcomargs.py for tasks to queue
[2025-05-09T15:59:38.988+0000] {logging_mixin.py:188} INFO - [2025-05-09T15:59:38.988+0000] {dagbag.py:545} INFO - Filling up the DagBag from /home/airflow/.local/lib/python3.10/site-packages/airflow/example_dags/example_xcomargs.py
[2025-05-09T15:59:39.000+0000] {processor.py:840} INFO - DAG(s) 'example_xcom_args_with_operators', 'example_xcom_args' retrieved from /home/airflow/.local/lib/python3.10/site-packages/airflow/example_dags/example_xcomargs.py
[2025-05-09T15:59:39.029+0000] {logging_mixin.py:188} INFO - [2025-05-09T15:59:39.028+0000] {dag.py:3096} INFO - Sync 2 DAGs
[2025-05-09T15:59:39.041+0000] {logging_mixin.py:188} INFO - [2025-05-09T15:59:39.041+0000] {dag.py:3954} INFO - Setting next_dagrun for example_xcom_args to None, run_after=None
[2025-05-09T15:59:39.047+0000] {logging_mixin.py:188} INFO - [2025-05-09T15:59:39.046+0000] {dag.py:3954} INFO - Setting next_dagrun for example_xcom_args_with_operators to None, run_after=None
[2025-05-09T15:59:39.068+0000] {processor.py:183} INFO - Processing /home/airflow/.local/lib/python3.10/site-packages/airflow/example_dags/example_xcomargs.py took 0.089 seconds
[2025-05-09T16:00:09.560+0000] {processor.py:161} INFO - Started process (PID=12657) to work on /home/airflow/.local/lib/python3.10/site-packages/airflow/example_dags/example_xcomargs.py
[2025-05-09T16:00:09.562+0000] {processor.py:830} INFO - Processing file /home/airflow/.local/lib/python3.10/site-packages/airflow/example_dags/example_xcomargs.py for tasks to queue
[2025-05-09T16:00:09.564+0000] {logging_mixin.py:188} INFO - [2025-05-09T16:00:09.564+0000] {dagbag.py:545} INFO - Filling up the DagBag from /home/airflow/.local/lib/python3.10/site-packages/airflow/example_dags/example_xcomargs.py
[2025-05-09T16:00:09.573+0000] {processor.py:840} INFO - DAG(s) 'example_xcom_args', 'example_xcom_args_with_operators' retrieved from /home/airflow/.local/lib/python3.10/site-packages/airflow/example_dags/example_xcomargs.py
[2025-05-09T16:00:09.608+0000] {logging_mixin.py:188} INFO - [2025-05-09T16:00:09.608+0000] {dag.py:3096} INFO - Sync 2 DAGs
[2025-05-09T16:00:09.625+0000] {logging_mixin.py:188} INFO - [2025-05-09T16:00:09.625+0000] {dag.py:3954} INFO - Setting next_dagrun for example_xcom_args to None, run_after=None
[2025-05-09T16:00:09.629+0000] {logging_mixin.py:188} INFO - [2025-05-09T16:00:09.629+0000] {dag.py:3954} INFO - Setting next_dagrun for example_xcom_args_with_operators to None, run_after=None
[2025-05-09T16:00:09.652+0000] {processor.py:183} INFO - Processing /home/airflow/.local/lib/python3.10/site-packages/airflow/example_dags/example_xcomargs.py took 0.098 seconds
[2025-05-09T16:00:40.266+0000] {processor.py:161} INFO - Started process (PID=12953) to work on /home/airflow/.local/lib/python3.10/site-packages/airflow/example_dags/example_xcomargs.py
[2025-05-09T16:00:40.268+0000] {processor.py:830} INFO - Processing file /home/airflow/.local/lib/python3.10/site-packages/airflow/example_dags/example_xcomargs.py for tasks to queue
[2025-05-09T16:00:40.271+0000] {logging_mixin.py:188} INFO - [2025-05-09T16:00:40.270+0000] {dagbag.py:545} INFO - Filling up the DagBag from /home/airflow/.local/lib/python3.10/site-packages/airflow/example_dags/example_xcomargs.py
[2025-05-09T16:00:40.278+0000] {processor.py:840} INFO - DAG(s) 'example_xcom_args', 'example_xcom_args_with_operators' retrieved from /home/airflow/.local/lib/python3.10/site-packages/airflow/example_dags/example_xcomargs.py
[2025-05-09T16:00:40.306+0000] {logging_mixin.py:188} INFO - [2025-05-09T16:00:40.305+0000] {dag.py:3096} INFO - Sync 2 DAGs
[2025-05-09T16:00:40.321+0000] {logging_mixin.py:188} INFO - [2025-05-09T16:00:40.321+0000] {dag.py:3954} INFO - Setting next_dagrun for example_xcom_args to None, run_after=None
[2025-05-09T16:00:40.327+0000] {logging_mixin.py:188} INFO - [2025-05-09T16:00:40.327+0000] {dag.py:3954} INFO - Setting next_dagrun for example_xcom_args_with_operators to None, run_after=None
[2025-05-09T16:00:40.349+0000] {processor.py:183} INFO - Processing /home/airflow/.local/lib/python3.10/site-packages/airflow/example_dags/example_xcomargs.py took 0.089 seconds
[2025-05-09T16:01:10.432+0000] {processor.py:161} INFO - Started process (PID=13228) to work on /home/airflow/.local/lib/python3.10/site-packages/airflow/example_dags/example_xcomargs.py
[2025-05-09T16:01:10.435+0000] {processor.py:830} INFO - Processing file /home/airflow/.local/lib/python3.10/site-packages/airflow/example_dags/example_xcomargs.py for tasks to queue
[2025-05-09T16:01:10.436+0000] {logging_mixin.py:188} INFO - [2025-05-09T16:01:10.436+0000] {dagbag.py:545} INFO - Filling up the DagBag from /home/airflow/.local/lib/python3.10/site-packages/airflow/example_dags/example_xcomargs.py
[2025-05-09T16:01:10.451+0000] {processor.py:840} INFO - DAG(s) 'example_xcom_args', 'example_xcom_args_with_operators' retrieved from /home/airflow/.local/lib/python3.10/site-packages/airflow/example_dags/example_xcomargs.py
[2025-05-09T16:01:10.486+0000] {logging_mixin.py:188} INFO - [2025-05-09T16:01:10.485+0000] {dag.py:3096} INFO - Sync 2 DAGs
[2025-05-09T16:01:10.500+0000] {logging_mixin.py:188} INFO - [2025-05-09T16:01:10.500+0000] {dag.py:3954} INFO - Setting next_dagrun for example_xcom_args to None, run_after=None
[2025-05-09T16:01:10.508+0000] {logging_mixin.py:188} INFO - [2025-05-09T16:01:10.507+0000] {dag.py:3954} INFO - Setting next_dagrun for example_xcom_args_with_operators to None, run_after=None
[2025-05-09T16:01:10.535+0000] {processor.py:183} INFO - Processing /home/airflow/.local/lib/python3.10/site-packages/airflow/example_dags/example_xcomargs.py took 0.112 seconds
[2025-05-09T16:01:41.221+0000] {processor.py:161} INFO - Started process (PID=13512) to work on /home/airflow/.local/lib/python3.10/site-packages/airflow/example_dags/example_xcomargs.py
[2025-05-09T16:01:41.223+0000] {processor.py:830} INFO - Processing file /home/airflow/.local/lib/python3.10/site-packages/airflow/example_dags/example_xcomargs.py for tasks to queue
[2025-05-09T16:01:41.224+0000] {logging_mixin.py:188} INFO - [2025-05-09T16:01:41.223+0000] {dagbag.py:545} INFO - Filling up the DagBag from /home/airflow/.local/lib/python3.10/site-packages/airflow/example_dags/example_xcomargs.py
[2025-05-09T16:01:41.233+0000] {processor.py:840} INFO - DAG(s) 'example_xcom_args', 'example_xcom_args_with_operators' retrieved from /home/airflow/.local/lib/python3.10/site-packages/airflow/example_dags/example_xcomargs.py
[2025-05-09T16:01:41.266+0000] {logging_mixin.py:188} INFO - [2025-05-09T16:01:41.265+0000] {dag.py:3096} INFO - Sync 2 DAGs
[2025-05-09T16:01:41.280+0000] {logging_mixin.py:188} INFO - [2025-05-09T16:01:41.280+0000] {dag.py:3954} INFO - Setting next_dagrun for example_xcom_args to None, run_after=None
[2025-05-09T16:01:41.285+0000] {logging_mixin.py:188} INFO - [2025-05-09T16:01:41.285+0000] {dag.py:3954} INFO - Setting next_dagrun for example_xcom_args_with_operators to None, run_after=None
[2025-05-09T16:01:41.311+0000] {processor.py:183} INFO - Processing /home/airflow/.local/lib/python3.10/site-packages/airflow/example_dags/example_xcomargs.py took 0.096 seconds
[2025-05-09T16:02:11.510+0000] {processor.py:161} INFO - Started process (PID=13818) to work on /home/airflow/.local/lib/python3.10/site-packages/airflow/example_dags/example_xcomargs.py
[2025-05-09T16:02:11.511+0000] {processor.py:830} INFO - Processing file /home/airflow/.local/lib/python3.10/site-packages/airflow/example_dags/example_xcomargs.py for tasks to queue
[2025-05-09T16:02:11.514+0000] {logging_mixin.py:188} INFO - [2025-05-09T16:02:11.514+0000] {dagbag.py:545} INFO - Filling up the DagBag from /home/airflow/.local/lib/python3.10/site-packages/airflow/example_dags/example_xcomargs.py
[2025-05-09T16:02:11.523+0000] {processor.py:840} INFO - DAG(s) 'example_xcom_args_with_operators', 'example_xcom_args' retrieved from /home/airflow/.local/lib/python3.10/site-packages/airflow/example_dags/example_xcomargs.py
[2025-05-09T16:02:11.551+0000] {logging_mixin.py:188} INFO - [2025-05-09T16:02:11.551+0000] {dag.py:3096} INFO - Sync 2 DAGs
[2025-05-09T16:02:11.563+0000] {logging_mixin.py:188} INFO - [2025-05-09T16:02:11.563+0000] {dag.py:3954} INFO - Setting next_dagrun for example_xcom_args to None, run_after=None
[2025-05-09T16:02:11.567+0000] {logging_mixin.py:188} INFO - [2025-05-09T16:02:11.567+0000] {dag.py:3954} INFO - Setting next_dagrun for example_xcom_args_with_operators to None, run_after=None
[2025-05-09T16:02:11.589+0000] {processor.py:183} INFO - Processing /home/airflow/.local/lib/python3.10/site-packages/airflow/example_dags/example_xcomargs.py took 0.085 seconds
[2025-05-09T16:02:42.012+0000] {processor.py:161} INFO - Started process (PID=14084) to work on /home/airflow/.local/lib/python3.10/site-packages/airflow/example_dags/example_xcomargs.py
[2025-05-09T16:02:42.014+0000] {processor.py:830} INFO - Processing file /home/airflow/.local/lib/python3.10/site-packages/airflow/example_dags/example_xcomargs.py for tasks to queue
[2025-05-09T16:02:42.016+0000] {logging_mixin.py:188} INFO - [2025-05-09T16:02:42.015+0000] {dagbag.py:545} INFO - Filling up the DagBag from /home/airflow/.local/lib/python3.10/site-packages/airflow/example_dags/example_xcomargs.py
[2025-05-09T16:02:42.024+0000] {processor.py:840} INFO - DAG(s) 'example_xcom_args_with_operators', 'example_xcom_args' retrieved from /home/airflow/.local/lib/python3.10/site-packages/airflow/example_dags/example_xcomargs.py
[2025-05-09T16:02:42.058+0000] {logging_mixin.py:188} INFO - [2025-05-09T16:02:42.058+0000] {dag.py:3096} INFO - Sync 2 DAGs
[2025-05-09T16:02:42.072+0000] {logging_mixin.py:188} INFO - [2025-05-09T16:02:42.072+0000] {dag.py:3954} INFO - Setting next_dagrun for example_xcom_args to None, run_after=None
[2025-05-09T16:02:42.079+0000] {logging_mixin.py:188} INFO - [2025-05-09T16:02:42.078+0000] {dag.py:3954} INFO - Setting next_dagrun for example_xcom_args_with_operators to None, run_after=None
[2025-05-09T16:02:42.107+0000] {processor.py:183} INFO - Processing /home/airflow/.local/lib/python3.10/site-packages/airflow/example_dags/example_xcomargs.py took 0.103 seconds
[2025-05-09T16:03:12.969+0000] {processor.py:161} INFO - Started process (PID=14401) to work on /home/airflow/.local/lib/python3.10/site-packages/airflow/example_dags/example_xcomargs.py
[2025-05-09T16:03:12.971+0000] {processor.py:830} INFO - Processing file /home/airflow/.local/lib/python3.10/site-packages/airflow/example_dags/example_xcomargs.py for tasks to queue
[2025-05-09T16:03:12.973+0000] {logging_mixin.py:188} INFO - [2025-05-09T16:03:12.972+0000] {dagbag.py:545} INFO - Filling up the DagBag from /home/airflow/.local/lib/python3.10/site-packages/airflow/example_dags/example_xcomargs.py
[2025-05-09T16:03:12.984+0000] {processor.py:840} INFO - DAG(s) 'example_xcom_args', 'example_xcom_args_with_operators' retrieved from /home/airflow/.local/lib/python3.10/site-packages/airflow/example_dags/example_xcomargs.py
[2025-05-09T16:03:13.022+0000] {logging_mixin.py:188} INFO - [2025-05-09T16:03:13.021+0000] {dag.py:3096} INFO - Sync 2 DAGs
[2025-05-09T16:03:13.039+0000] {logging_mixin.py:188} INFO - [2025-05-09T16:03:13.038+0000] {dag.py:3954} INFO - Setting next_dagrun for example_xcom_args to None, run_after=None
[2025-05-09T16:03:13.046+0000] {logging_mixin.py:188} INFO - [2025-05-09T16:03:13.045+0000] {dag.py:3954} INFO - Setting next_dagrun for example_xcom_args_with_operators to None, run_after=None
[2025-05-09T16:03:13.072+0000] {processor.py:183} INFO - Processing /home/airflow/.local/lib/python3.10/site-packages/airflow/example_dags/example_xcomargs.py took 0.116 seconds
[2025-05-09T16:03:43.521+0000] {processor.py:161} INFO - Started process (PID=14669) to work on /home/airflow/.local/lib/python3.10/site-packages/airflow/example_dags/example_xcomargs.py
[2025-05-09T16:03:43.522+0000] {processor.py:830} INFO - Processing file /home/airflow/.local/lib/python3.10/site-packages/airflow/example_dags/example_xcomargs.py for tasks to queue
[2025-05-09T16:03:43.523+0000] {logging_mixin.py:188} INFO - [2025-05-09T16:03:43.523+0000] {dagbag.py:545} INFO - Filling up the DagBag from /home/airflow/.local/lib/python3.10/site-packages/airflow/example_dags/example_xcomargs.py
[2025-05-09T16:03:43.535+0000] {processor.py:840} INFO - DAG(s) 'example_xcom_args', 'example_xcom_args_with_operators' retrieved from /home/airflow/.local/lib/python3.10/site-packages/airflow/example_dags/example_xcomargs.py
[2025-05-09T16:03:43.565+0000] {logging_mixin.py:188} INFO - [2025-05-09T16:03:43.565+0000] {dag.py:3096} INFO - Sync 2 DAGs
[2025-05-09T16:03:43.580+0000] {logging_mixin.py:188} INFO - [2025-05-09T16:03:43.580+0000] {dag.py:3954} INFO - Setting next_dagrun for example_xcom_args to None, run_after=None
[2025-05-09T16:03:43.585+0000] {logging_mixin.py:188} INFO - [2025-05-09T16:03:43.585+0000] {dag.py:3954} INFO - Setting next_dagrun for example_xcom_args_with_operators to None, run_after=None
[2025-05-09T16:03:43.608+0000] {processor.py:183} INFO - Processing /home/airflow/.local/lib/python3.10/site-packages/airflow/example_dags/example_xcomargs.py took 0.097 seconds
[2025-05-09T16:04:14.479+0000] {processor.py:161} INFO - Started process (PID=14929) to work on /home/airflow/.local/lib/python3.10/site-packages/airflow/example_dags/example_xcomargs.py
[2025-05-09T16:04:14.480+0000] {processor.py:830} INFO - Processing file /home/airflow/.local/lib/python3.10/site-packages/airflow/example_dags/example_xcomargs.py for tasks to queue
[2025-05-09T16:04:14.482+0000] {logging_mixin.py:188} INFO - [2025-05-09T16:04:14.482+0000] {dagbag.py:545} INFO - Filling up the DagBag from /home/airflow/.local/lib/python3.10/site-packages/airflow/example_dags/example_xcomargs.py
[2025-05-09T16:04:14.496+0000] {processor.py:840} INFO - DAG(s) 'example_xcom_args_with_operators', 'example_xcom_args' retrieved from /home/airflow/.local/lib/python3.10/site-packages/airflow/example_dags/example_xcomargs.py
[2025-05-09T16:04:14.531+0000] {logging_mixin.py:188} INFO - [2025-05-09T16:04:14.530+0000] {dag.py:3096} INFO - Sync 2 DAGs
[2025-05-09T16:04:14.545+0000] {logging_mixin.py:188} INFO - [2025-05-09T16:04:14.545+0000] {dag.py:3954} INFO - Setting next_dagrun for example_xcom_args to None, run_after=None
[2025-05-09T16:04:14.550+0000] {logging_mixin.py:188} INFO - [2025-05-09T16:04:14.549+0000] {dag.py:3954} INFO - Setting next_dagrun for example_xcom_args_with_operators to None, run_after=None
[2025-05-09T16:04:14.573+0000] {processor.py:183} INFO - Processing /home/airflow/.local/lib/python3.10/site-packages/airflow/example_dags/example_xcomargs.py took 0.100 seconds
[2025-05-09T16:05:18.640+0000] {processor.py:161} INFO - Started process (PID=359) to work on /home/airflow/.local/lib/python3.10/site-packages/airflow/example_dags/example_xcomargs.py
[2025-05-09T16:05:18.642+0000] {processor.py:830} INFO - Processing file /home/airflow/.local/lib/python3.10/site-packages/airflow/example_dags/example_xcomargs.py for tasks to queue
[2025-05-09T16:05:18.645+0000] {logging_mixin.py:188} INFO - [2025-05-09T16:05:18.644+0000] {dagbag.py:545} INFO - Filling up the DagBag from /home/airflow/.local/lib/python3.10/site-packages/airflow/example_dags/example_xcomargs.py
[2025-05-09T16:05:18.668+0000] {processor.py:840} INFO - DAG(s) 'example_xcom_args_with_operators', 'example_xcom_args' retrieved from /home/airflow/.local/lib/python3.10/site-packages/airflow/example_dags/example_xcomargs.py
[2025-05-09T16:05:18.699+0000] {logging_mixin.py:188} INFO - [2025-05-09T16:05:18.699+0000] {dag.py:3096} INFO - Sync 2 DAGs
[2025-05-09T16:05:18.728+0000] {logging_mixin.py:188} INFO - [2025-05-09T16:05:18.728+0000] {dag.py:3954} INFO - Setting next_dagrun for example_xcom_args to None, run_after=None
[2025-05-09T16:05:18.736+0000] {logging_mixin.py:188} INFO - [2025-05-09T16:05:18.736+0000] {dag.py:3954} INFO - Setting next_dagrun for example_xcom_args_with_operators to None, run_after=None
[2025-05-09T16:05:18.773+0000] {processor.py:183} INFO - Processing /home/airflow/.local/lib/python3.10/site-packages/airflow/example_dags/example_xcomargs.py took 0.143 seconds
[2025-05-09T16:05:50.303+0000] {processor.py:161} INFO - Started process (PID=619) to work on /home/airflow/.local/lib/python3.10/site-packages/airflow/example_dags/example_xcomargs.py
[2025-05-09T16:05:50.304+0000] {processor.py:830} INFO - Processing file /home/airflow/.local/lib/python3.10/site-packages/airflow/example_dags/example_xcomargs.py for tasks to queue
[2025-05-09T16:05:50.306+0000] {logging_mixin.py:188} INFO - [2025-05-09T16:05:50.306+0000] {dagbag.py:545} INFO - Filling up the DagBag from /home/airflow/.local/lib/python3.10/site-packages/airflow/example_dags/example_xcomargs.py
[2025-05-09T16:05:50.316+0000] {processor.py:840} INFO - DAG(s) 'example_xcom_args', 'example_xcom_args_with_operators' retrieved from /home/airflow/.local/lib/python3.10/site-packages/airflow/example_dags/example_xcomargs.py
[2025-05-09T16:05:50.478+0000] {logging_mixin.py:188} INFO - [2025-05-09T16:05:50.478+0000] {dag.py:3096} INFO - Sync 2 DAGs
[2025-05-09T16:05:50.489+0000] {logging_mixin.py:188} INFO - [2025-05-09T16:05:50.489+0000] {dag.py:3954} INFO - Setting next_dagrun for example_xcom_args to None, run_after=None
[2025-05-09T16:05:50.493+0000] {logging_mixin.py:188} INFO - [2025-05-09T16:05:50.493+0000] {dag.py:3954} INFO - Setting next_dagrun for example_xcom_args_with_operators to None, run_after=None
[2025-05-09T16:05:50.520+0000] {processor.py:183} INFO - Processing /home/airflow/.local/lib/python3.10/site-packages/airflow/example_dags/example_xcomargs.py took 0.224 seconds
[2025-05-09T16:06:21.283+0000] {processor.py:161} INFO - Started process (PID=883) to work on /home/airflow/.local/lib/python3.10/site-packages/airflow/example_dags/example_xcomargs.py
[2025-05-09T16:06:21.285+0000] {processor.py:830} INFO - Processing file /home/airflow/.local/lib/python3.10/site-packages/airflow/example_dags/example_xcomargs.py for tasks to queue
[2025-05-09T16:06:21.287+0000] {logging_mixin.py:188} INFO - [2025-05-09T16:06:21.287+0000] {dagbag.py:545} INFO - Filling up the DagBag from /home/airflow/.local/lib/python3.10/site-packages/airflow/example_dags/example_xcomargs.py
[2025-05-09T16:06:21.295+0000] {processor.py:840} INFO - DAG(s) 'example_xcom_args', 'example_xcom_args_with_operators' retrieved from /home/airflow/.local/lib/python3.10/site-packages/airflow/example_dags/example_xcomargs.py
[2025-05-09T16:06:21.317+0000] {logging_mixin.py:188} INFO - [2025-05-09T16:06:21.317+0000] {dag.py:3096} INFO - Sync 2 DAGs
[2025-05-09T16:06:21.329+0000] {logging_mixin.py:188} INFO - [2025-05-09T16:06:21.329+0000] {dag.py:3954} INFO - Setting next_dagrun for example_xcom_args to None, run_after=None
[2025-05-09T16:06:21.333+0000] {logging_mixin.py:188} INFO - [2025-05-09T16:06:21.333+0000] {dag.py:3954} INFO - Setting next_dagrun for example_xcom_args_with_operators to None, run_after=None
[2025-05-09T16:06:21.352+0000] {processor.py:183} INFO - Processing /home/airflow/.local/lib/python3.10/site-packages/airflow/example_dags/example_xcomargs.py took 0.075 seconds
[2025-05-09T16:06:51.718+0000] {processor.py:161} INFO - Started process (PID=1145) to work on /home/airflow/.local/lib/python3.10/site-packages/airflow/example_dags/example_xcomargs.py
[2025-05-09T16:06:51.720+0000] {processor.py:830} INFO - Processing file /home/airflow/.local/lib/python3.10/site-packages/airflow/example_dags/example_xcomargs.py for tasks to queue
[2025-05-09T16:06:51.722+0000] {logging_mixin.py:188} INFO - [2025-05-09T16:06:51.721+0000] {dagbag.py:545} INFO - Filling up the DagBag from /home/airflow/.local/lib/python3.10/site-packages/airflow/example_dags/example_xcomargs.py
[2025-05-09T16:06:51.729+0000] {processor.py:840} INFO - DAG(s) 'example_xcom_args_with_operators', 'example_xcom_args' retrieved from /home/airflow/.local/lib/python3.10/site-packages/airflow/example_dags/example_xcomargs.py
[2025-05-09T16:06:51.756+0000] {logging_mixin.py:188} INFO - [2025-05-09T16:06:51.756+0000] {dag.py:3096} INFO - Sync 2 DAGs
[2025-05-09T16:06:51.771+0000] {logging_mixin.py:188} INFO - [2025-05-09T16:06:51.770+0000] {dag.py:3954} INFO - Setting next_dagrun for example_xcom_args to None, run_after=None
[2025-05-09T16:06:51.775+0000] {logging_mixin.py:188} INFO - [2025-05-09T16:06:51.775+0000] {dag.py:3954} INFO - Setting next_dagrun for example_xcom_args_with_operators to None, run_after=None
[2025-05-09T16:06:51.795+0000] {processor.py:183} INFO - Processing /home/airflow/.local/lib/python3.10/site-packages/airflow/example_dags/example_xcomargs.py took 0.084 seconds
[2025-05-09T16:07:22.262+0000] {processor.py:161} INFO - Started process (PID=1443) to work on /home/airflow/.local/lib/python3.10/site-packages/airflow/example_dags/example_xcomargs.py
[2025-05-09T16:07:22.264+0000] {processor.py:830} INFO - Processing file /home/airflow/.local/lib/python3.10/site-packages/airflow/example_dags/example_xcomargs.py for tasks to queue
[2025-05-09T16:07:22.266+0000] {logging_mixin.py:188} INFO - [2025-05-09T16:07:22.265+0000] {dagbag.py:545} INFO - Filling up the DagBag from /home/airflow/.local/lib/python3.10/site-packages/airflow/example_dags/example_xcomargs.py
[2025-05-09T16:07:22.275+0000] {processor.py:840} INFO - DAG(s) 'example_xcom_args_with_operators', 'example_xcom_args' retrieved from /home/airflow/.local/lib/python3.10/site-packages/airflow/example_dags/example_xcomargs.py
[2025-05-09T16:07:22.301+0000] {logging_mixin.py:188} INFO - [2025-05-09T16:07:22.300+0000] {dag.py:3096} INFO - Sync 2 DAGs
[2025-05-09T16:07:22.314+0000] {logging_mixin.py:188} INFO - [2025-05-09T16:07:22.314+0000] {dag.py:3954} INFO - Setting next_dagrun for example_xcom_args to None, run_after=None
[2025-05-09T16:07:22.319+0000] {logging_mixin.py:188} INFO - [2025-05-09T16:07:22.318+0000] {dag.py:3954} INFO - Setting next_dagrun for example_xcom_args_with_operators to None, run_after=None
[2025-05-09T16:07:22.342+0000] {processor.py:183} INFO - Processing /home/airflow/.local/lib/python3.10/site-packages/airflow/example_dags/example_xcomargs.py took 0.086 seconds
[2025-05-09T16:07:52.763+0000] {processor.py:161} INFO - Started process (PID=1705) to work on /home/airflow/.local/lib/python3.10/site-packages/airflow/example_dags/example_xcomargs.py
[2025-05-09T16:07:52.764+0000] {processor.py:830} INFO - Processing file /home/airflow/.local/lib/python3.10/site-packages/airflow/example_dags/example_xcomargs.py for tasks to queue
[2025-05-09T16:07:52.766+0000] {logging_mixin.py:188} INFO - [2025-05-09T16:07:52.766+0000] {dagbag.py:545} INFO - Filling up the DagBag from /home/airflow/.local/lib/python3.10/site-packages/airflow/example_dags/example_xcomargs.py
[2025-05-09T16:07:52.773+0000] {processor.py:840} INFO - DAG(s) 'example_xcom_args_with_operators', 'example_xcom_args' retrieved from /home/airflow/.local/lib/python3.10/site-packages/airflow/example_dags/example_xcomargs.py
[2025-05-09T16:07:52.796+0000] {logging_mixin.py:188} INFO - [2025-05-09T16:07:52.795+0000] {dag.py:3096} INFO - Sync 2 DAGs
[2025-05-09T16:07:52.807+0000] {logging_mixin.py:188} INFO - [2025-05-09T16:07:52.806+0000] {dag.py:3954} INFO - Setting next_dagrun for example_xcom_args to None, run_after=None
[2025-05-09T16:07:52.810+0000] {logging_mixin.py:188} INFO - [2025-05-09T16:07:52.810+0000] {dag.py:3954} INFO - Setting next_dagrun for example_xcom_args_with_operators to None, run_after=None
[2025-05-09T16:07:52.824+0000] {processor.py:183} INFO - Processing /home/airflow/.local/lib/python3.10/site-packages/airflow/example_dags/example_xcomargs.py took 0.068 seconds
[2025-05-09T16:08:22.961+0000] {processor.py:161} INFO - Started process (PID=1971) to work on /home/airflow/.local/lib/python3.10/site-packages/airflow/example_dags/example_xcomargs.py
[2025-05-09T16:08:22.963+0000] {processor.py:830} INFO - Processing file /home/airflow/.local/lib/python3.10/site-packages/airflow/example_dags/example_xcomargs.py for tasks to queue
[2025-05-09T16:08:22.965+0000] {logging_mixin.py:188} INFO - [2025-05-09T16:08:22.965+0000] {dagbag.py:545} INFO - Filling up the DagBag from /home/airflow/.local/lib/python3.10/site-packages/airflow/example_dags/example_xcomargs.py
[2025-05-09T16:08:22.974+0000] {processor.py:840} INFO - DAG(s) 'example_xcom_args', 'example_xcom_args_with_operators' retrieved from /home/airflow/.local/lib/python3.10/site-packages/airflow/example_dags/example_xcomargs.py
[2025-05-09T16:08:22.998+0000] {logging_mixin.py:188} INFO - [2025-05-09T16:08:22.998+0000] {dag.py:3096} INFO - Sync 2 DAGs
[2025-05-09T16:08:23.010+0000] {logging_mixin.py:188} INFO - [2025-05-09T16:08:23.009+0000] {dag.py:3954} INFO - Setting next_dagrun for example_xcom_args to None, run_after=None
[2025-05-09T16:08:23.014+0000] {logging_mixin.py:188} INFO - [2025-05-09T16:08:23.013+0000] {dag.py:3954} INFO - Setting next_dagrun for example_xcom_args_with_operators to None, run_after=None
[2025-05-09T16:08:23.030+0000] {processor.py:183} INFO - Processing /home/airflow/.local/lib/python3.10/site-packages/airflow/example_dags/example_xcomargs.py took 0.075 seconds
[2025-05-09T16:08:53.563+0000] {processor.py:161} INFO - Started process (PID=2257) to work on /home/airflow/.local/lib/python3.10/site-packages/airflow/example_dags/example_xcomargs.py
[2025-05-09T16:08:53.565+0000] {processor.py:830} INFO - Processing file /home/airflow/.local/lib/python3.10/site-packages/airflow/example_dags/example_xcomargs.py for tasks to queue
[2025-05-09T16:08:53.568+0000] {logging_mixin.py:188} INFO - [2025-05-09T16:08:53.567+0000] {dagbag.py:545} INFO - Filling up the DagBag from /home/airflow/.local/lib/python3.10/site-packages/airflow/example_dags/example_xcomargs.py
[2025-05-09T16:08:53.577+0000] {processor.py:840} INFO - DAG(s) 'example_xcom_args', 'example_xcom_args_with_operators' retrieved from /home/airflow/.local/lib/python3.10/site-packages/airflow/example_dags/example_xcomargs.py
[2025-05-09T16:08:53.606+0000] {logging_mixin.py:188} INFO - [2025-05-09T16:08:53.605+0000] {dag.py:3096} INFO - Sync 2 DAGs
[2025-05-09T16:08:53.619+0000] {logging_mixin.py:188} INFO - [2025-05-09T16:08:53.619+0000] {dag.py:3954} INFO - Setting next_dagrun for example_xcom_args to None, run_after=None
[2025-05-09T16:08:53.625+0000] {logging_mixin.py:188} INFO - [2025-05-09T16:08:53.624+0000] {dag.py:3954} INFO - Setting next_dagrun for example_xcom_args_with_operators to None, run_after=None
[2025-05-09T16:08:53.647+0000] {processor.py:183} INFO - Processing /home/airflow/.local/lib/python3.10/site-packages/airflow/example_dags/example_xcomargs.py took 0.090 seconds
[2025-05-09T16:09:24.140+0000] {processor.py:161} INFO - Started process (PID=2531) to work on /home/airflow/.local/lib/python3.10/site-packages/airflow/example_dags/example_xcomargs.py
[2025-05-09T16:09:24.142+0000] {processor.py:830} INFO - Processing file /home/airflow/.local/lib/python3.10/site-packages/airflow/example_dags/example_xcomargs.py for tasks to queue
[2025-05-09T16:09:24.145+0000] {logging_mixin.py:188} INFO - [2025-05-09T16:09:24.145+0000] {dagbag.py:545} INFO - Filling up the DagBag from /home/airflow/.local/lib/python3.10/site-packages/airflow/example_dags/example_xcomargs.py
[2025-05-09T16:09:24.156+0000] {processor.py:840} INFO - DAG(s) 'example_xcom_args', 'example_xcom_args_with_operators' retrieved from /home/airflow/.local/lib/python3.10/site-packages/airflow/example_dags/example_xcomargs.py
[2025-05-09T16:09:24.199+0000] {logging_mixin.py:188} INFO - [2025-05-09T16:09:24.199+0000] {dag.py:3096} INFO - Sync 2 DAGs
[2025-05-09T16:09:24.220+0000] {logging_mixin.py:188} INFO - [2025-05-09T16:09:24.220+0000] {dag.py:3954} INFO - Setting next_dagrun for example_xcom_args to None, run_after=None
[2025-05-09T16:09:24.227+0000] {logging_mixin.py:188} INFO - [2025-05-09T16:09:24.227+0000] {dag.py:3954} INFO - Setting next_dagrun for example_xcom_args_with_operators to None, run_after=None
[2025-05-09T16:09:24.261+0000] {processor.py:183} INFO - Processing /home/airflow/.local/lib/python3.10/site-packages/airflow/example_dags/example_xcomargs.py took 0.130 seconds
[2025-05-09T16:09:54.917+0000] {processor.py:161} INFO - Started process (PID=2793) to work on /home/airflow/.local/lib/python3.10/site-packages/airflow/example_dags/example_xcomargs.py
[2025-05-09T16:09:54.919+0000] {processor.py:830} INFO - Processing file /home/airflow/.local/lib/python3.10/site-packages/airflow/example_dags/example_xcomargs.py for tasks to queue
[2025-05-09T16:09:54.922+0000] {logging_mixin.py:188} INFO - [2025-05-09T16:09:54.921+0000] {dagbag.py:545} INFO - Filling up the DagBag from /home/airflow/.local/lib/python3.10/site-packages/airflow/example_dags/example_xcomargs.py
[2025-05-09T16:09:54.929+0000] {processor.py:840} INFO - DAG(s) 'example_xcom_args', 'example_xcom_args_with_operators' retrieved from /home/airflow/.local/lib/python3.10/site-packages/airflow/example_dags/example_xcomargs.py
[2025-05-09T16:09:54.958+0000] {logging_mixin.py:188} INFO - [2025-05-09T16:09:54.958+0000] {dag.py:3096} INFO - Sync 2 DAGs
[2025-05-09T16:09:54.971+0000] {logging_mixin.py:188} INFO - [2025-05-09T16:09:54.970+0000] {dag.py:3954} INFO - Setting next_dagrun for example_xcom_args to None, run_after=None
[2025-05-09T16:09:54.975+0000] {logging_mixin.py:188} INFO - [2025-05-09T16:09:54.975+0000] {dag.py:3954} INFO - Setting next_dagrun for example_xcom_args_with_operators to None, run_after=None
[2025-05-09T16:09:54.993+0000] {processor.py:183} INFO - Processing /home/airflow/.local/lib/python3.10/site-packages/airflow/example_dags/example_xcomargs.py took 0.081 seconds
[2025-05-09T16:10:26.051+0000] {processor.py:161} INFO - Started process (PID=3063) to work on /home/airflow/.local/lib/python3.10/site-packages/airflow/example_dags/example_xcomargs.py
[2025-05-09T16:10:26.053+0000] {processor.py:830} INFO - Processing file /home/airflow/.local/lib/python3.10/site-packages/airflow/example_dags/example_xcomargs.py for tasks to queue
[2025-05-09T16:10:26.057+0000] {logging_mixin.py:188} INFO - [2025-05-09T16:10:26.057+0000] {dagbag.py:545} INFO - Filling up the DagBag from /home/airflow/.local/lib/python3.10/site-packages/airflow/example_dags/example_xcomargs.py
[2025-05-09T16:10:26.071+0000] {processor.py:840} INFO - DAG(s) 'example_xcom_args_with_operators', 'example_xcom_args' retrieved from /home/airflow/.local/lib/python3.10/site-packages/airflow/example_dags/example_xcomargs.py
[2025-05-09T16:10:26.113+0000] {logging_mixin.py:188} INFO - [2025-05-09T16:10:26.113+0000] {dag.py:3096} INFO - Sync 2 DAGs
[2025-05-09T16:10:26.135+0000] {logging_mixin.py:188} INFO - [2025-05-09T16:10:26.135+0000] {dag.py:3954} INFO - Setting next_dagrun for example_xcom_args to None, run_after=None
[2025-05-09T16:10:26.142+0000] {logging_mixin.py:188} INFO - [2025-05-09T16:10:26.141+0000] {dag.py:3954} INFO - Setting next_dagrun for example_xcom_args_with_operators to None, run_after=None
[2025-05-09T16:10:26.172+0000] {processor.py:183} INFO - Processing /home/airflow/.local/lib/python3.10/site-packages/airflow/example_dags/example_xcomargs.py took 0.129 seconds
[2025-05-09T16:10:56.438+0000] {processor.py:161} INFO - Started process (PID=3329) to work on /home/airflow/.local/lib/python3.10/site-packages/airflow/example_dags/example_xcomargs.py
[2025-05-09T16:10:56.441+0000] {processor.py:830} INFO - Processing file /home/airflow/.local/lib/python3.10/site-packages/airflow/example_dags/example_xcomargs.py for tasks to queue
[2025-05-09T16:10:56.444+0000] {logging_mixin.py:188} INFO - [2025-05-09T16:10:56.443+0000] {dagbag.py:545} INFO - Filling up the DagBag from /home/airflow/.local/lib/python3.10/site-packages/airflow/example_dags/example_xcomargs.py
[2025-05-09T16:10:56.454+0000] {processor.py:840} INFO - DAG(s) 'example_xcom_args', 'example_xcom_args_with_operators' retrieved from /home/airflow/.local/lib/python3.10/site-packages/airflow/example_dags/example_xcomargs.py
[2025-05-09T16:10:56.486+0000] {logging_mixin.py:188} INFO - [2025-05-09T16:10:56.486+0000] {dag.py:3096} INFO - Sync 2 DAGs
[2025-05-09T16:10:56.500+0000] {logging_mixin.py:188} INFO - [2025-05-09T16:10:56.500+0000] {dag.py:3954} INFO - Setting next_dagrun for example_xcom_args to None, run_after=None
[2025-05-09T16:10:56.505+0000] {logging_mixin.py:188} INFO - [2025-05-09T16:10:56.505+0000] {dag.py:3954} INFO - Setting next_dagrun for example_xcom_args_with_operators to None, run_after=None
[2025-05-09T16:10:56.531+0000] {processor.py:183} INFO - Processing /home/airflow/.local/lib/python3.10/site-packages/airflow/example_dags/example_xcomargs.py took 0.102 seconds
[2025-05-09T16:11:27.452+0000] {processor.py:161} INFO - Started process (PID=3603) to work on /home/airflow/.local/lib/python3.10/site-packages/airflow/example_dags/example_xcomargs.py
[2025-05-09T16:11:27.453+0000] {processor.py:830} INFO - Processing file /home/airflow/.local/lib/python3.10/site-packages/airflow/example_dags/example_xcomargs.py for tasks to queue
[2025-05-09T16:11:27.456+0000] {logging_mixin.py:188} INFO - [2025-05-09T16:11:27.455+0000] {dagbag.py:545} INFO - Filling up the DagBag from /home/airflow/.local/lib/python3.10/site-packages/airflow/example_dags/example_xcomargs.py
[2025-05-09T16:11:27.464+0000] {processor.py:840} INFO - DAG(s) 'example_xcom_args_with_operators', 'example_xcom_args' retrieved from /home/airflow/.local/lib/python3.10/site-packages/airflow/example_dags/example_xcomargs.py
[2025-05-09T16:11:27.494+0000] {logging_mixin.py:188} INFO - [2025-05-09T16:11:27.494+0000] {dag.py:3096} INFO - Sync 2 DAGs
[2025-05-09T16:11:27.509+0000] {logging_mixin.py:188} INFO - [2025-05-09T16:11:27.508+0000] {dag.py:3954} INFO - Setting next_dagrun for example_xcom_args to None, run_after=None
[2025-05-09T16:11:27.513+0000] {logging_mixin.py:188} INFO - [2025-05-09T16:11:27.513+0000] {dag.py:3954} INFO - Setting next_dagrun for example_xcom_args_with_operators to None, run_after=None
[2025-05-09T16:11:27.534+0000] {processor.py:183} INFO - Processing /home/airflow/.local/lib/python3.10/site-packages/airflow/example_dags/example_xcomargs.py took 0.088 seconds
[2025-05-09T16:11:58.226+0000] {processor.py:161} INFO - Started process (PID=3871) to work on /home/airflow/.local/lib/python3.10/site-packages/airflow/example_dags/example_xcomargs.py
[2025-05-09T16:11:58.229+0000] {processor.py:830} INFO - Processing file /home/airflow/.local/lib/python3.10/site-packages/airflow/example_dags/example_xcomargs.py for tasks to queue
[2025-05-09T16:11:58.231+0000] {logging_mixin.py:188} INFO - [2025-05-09T16:11:58.231+0000] {dagbag.py:545} INFO - Filling up the DagBag from /home/airflow/.local/lib/python3.10/site-packages/airflow/example_dags/example_xcomargs.py
[2025-05-09T16:11:58.238+0000] {processor.py:840} INFO - DAG(s) 'example_xcom_args', 'example_xcom_args_with_operators' retrieved from /home/airflow/.local/lib/python3.10/site-packages/airflow/example_dags/example_xcomargs.py
[2025-05-09T16:11:58.267+0000] {logging_mixin.py:188} INFO - [2025-05-09T16:11:58.266+0000] {dag.py:3096} INFO - Sync 2 DAGs
[2025-05-09T16:11:58.282+0000] {logging_mixin.py:188} INFO - [2025-05-09T16:11:58.281+0000] {dag.py:3954} INFO - Setting next_dagrun for example_xcom_args to None, run_after=None
[2025-05-09T16:11:58.286+0000] {logging_mixin.py:188} INFO - [2025-05-09T16:11:58.286+0000] {dag.py:3954} INFO - Setting next_dagrun for example_xcom_args_with_operators to None, run_after=None
[2025-05-09T16:11:58.307+0000] {processor.py:183} INFO - Processing /home/airflow/.local/lib/python3.10/site-packages/airflow/example_dags/example_xcomargs.py took 0.086 seconds
[2025-05-09T16:12:29.071+0000] {processor.py:161} INFO - Started process (PID=4150) to work on /home/airflow/.local/lib/python3.10/site-packages/airflow/example_dags/example_xcomargs.py
[2025-05-09T16:12:29.072+0000] {processor.py:830} INFO - Processing file /home/airflow/.local/lib/python3.10/site-packages/airflow/example_dags/example_xcomargs.py for tasks to queue
[2025-05-09T16:12:29.076+0000] {logging_mixin.py:188} INFO - [2025-05-09T16:12:29.075+0000] {dagbag.py:545} INFO - Filling up the DagBag from /home/airflow/.local/lib/python3.10/site-packages/airflow/example_dags/example_xcomargs.py
[2025-05-09T16:12:29.085+0000] {processor.py:840} INFO - DAG(s) 'example_xcom_args', 'example_xcom_args_with_operators' retrieved from /home/airflow/.local/lib/python3.10/site-packages/airflow/example_dags/example_xcomargs.py
[2025-05-09T16:12:29.118+0000] {logging_mixin.py:188} INFO - [2025-05-09T16:12:29.118+0000] {dag.py:3096} INFO - Sync 2 DAGs
[2025-05-09T16:12:29.133+0000] {logging_mixin.py:188} INFO - [2025-05-09T16:12:29.132+0000] {dag.py:3954} INFO - Setting next_dagrun for example_xcom_args to None, run_after=None
[2025-05-09T16:12:29.138+0000] {logging_mixin.py:188} INFO - [2025-05-09T16:12:29.138+0000] {dag.py:3954} INFO - Setting next_dagrun for example_xcom_args_with_operators to None, run_after=None
[2025-05-09T16:12:29.160+0000] {processor.py:183} INFO - Processing /home/airflow/.local/lib/python3.10/site-packages/airflow/example_dags/example_xcomargs.py took 0.096 seconds
[2025-05-09T16:12:59.708+0000] {processor.py:161} INFO - Started process (PID=4410) to work on /home/airflow/.local/lib/python3.10/site-packages/airflow/example_dags/example_xcomargs.py
[2025-05-09T16:12:59.710+0000] {processor.py:830} INFO - Processing file /home/airflow/.local/lib/python3.10/site-packages/airflow/example_dags/example_xcomargs.py for tasks to queue
[2025-05-09T16:12:59.713+0000] {logging_mixin.py:188} INFO - [2025-05-09T16:12:59.712+0000] {dagbag.py:545} INFO - Filling up the DagBag from /home/airflow/.local/lib/python3.10/site-packages/airflow/example_dags/example_xcomargs.py
[2025-05-09T16:12:59.722+0000] {processor.py:840} INFO - DAG(s) 'example_xcom_args', 'example_xcom_args_with_operators' retrieved from /home/airflow/.local/lib/python3.10/site-packages/airflow/example_dags/example_xcomargs.py
[2025-05-09T16:12:59.753+0000] {logging_mixin.py:188} INFO - [2025-05-09T16:12:59.752+0000] {dag.py:3096} INFO - Sync 2 DAGs
[2025-05-09T16:12:59.767+0000] {logging_mixin.py:188} INFO - [2025-05-09T16:12:59.767+0000] {dag.py:3954} INFO - Setting next_dagrun for example_xcom_args to None, run_after=None
[2025-05-09T16:12:59.772+0000] {logging_mixin.py:188} INFO - [2025-05-09T16:12:59.772+0000] {dag.py:3954} INFO - Setting next_dagrun for example_xcom_args_with_operators to None, run_after=None
[2025-05-09T16:12:59.799+0000] {processor.py:183} INFO - Processing /home/airflow/.local/lib/python3.10/site-packages/airflow/example_dags/example_xcomargs.py took 0.100 seconds
[2025-05-09T16:13:30.012+0000] {processor.py:161} INFO - Started process (PID=4681) to work on /home/airflow/.local/lib/python3.10/site-packages/airflow/example_dags/example_xcomargs.py
[2025-05-09T16:13:30.014+0000] {processor.py:830} INFO - Processing file /home/airflow/.local/lib/python3.10/site-packages/airflow/example_dags/example_xcomargs.py for tasks to queue
[2025-05-09T16:13:30.017+0000] {logging_mixin.py:188} INFO - [2025-05-09T16:13:30.017+0000] {dagbag.py:545} INFO - Filling up the DagBag from /home/airflow/.local/lib/python3.10/site-packages/airflow/example_dags/example_xcomargs.py
[2025-05-09T16:13:30.028+0000] {processor.py:840} INFO - DAG(s) 'example_xcom_args', 'example_xcom_args_with_operators' retrieved from /home/airflow/.local/lib/python3.10/site-packages/airflow/example_dags/example_xcomargs.py
[2025-05-09T16:13:30.060+0000] {logging_mixin.py:188} INFO - [2025-05-09T16:13:30.060+0000] {dag.py:3096} INFO - Sync 2 DAGs
[2025-05-09T16:13:30.076+0000] {logging_mixin.py:188} INFO - [2025-05-09T16:13:30.075+0000] {dag.py:3954} INFO - Setting next_dagrun for example_xcom_args to None, run_after=None
[2025-05-09T16:13:30.081+0000] {logging_mixin.py:188} INFO - [2025-05-09T16:13:30.081+0000] {dag.py:3954} INFO - Setting next_dagrun for example_xcom_args_with_operators to None, run_after=None
[2025-05-09T16:13:30.108+0000] {processor.py:183} INFO - Processing /home/airflow/.local/lib/python3.10/site-packages/airflow/example_dags/example_xcomargs.py took 0.103 seconds
[2025-05-09T16:14:00.279+0000] {processor.py:161} INFO - Started process (PID=4943) to work on /home/airflow/.local/lib/python3.10/site-packages/airflow/example_dags/example_xcomargs.py
[2025-05-09T16:14:00.281+0000] {processor.py:830} INFO - Processing file /home/airflow/.local/lib/python3.10/site-packages/airflow/example_dags/example_xcomargs.py for tasks to queue
[2025-05-09T16:14:00.284+0000] {logging_mixin.py:188} INFO - [2025-05-09T16:14:00.283+0000] {dagbag.py:545} INFO - Filling up the DagBag from /home/airflow/.local/lib/python3.10/site-packages/airflow/example_dags/example_xcomargs.py
[2025-05-09T16:14:00.292+0000] {processor.py:840} INFO - DAG(s) 'example_xcom_args', 'example_xcom_args_with_operators' retrieved from /home/airflow/.local/lib/python3.10/site-packages/airflow/example_dags/example_xcomargs.py
[2025-05-09T16:14:00.331+0000] {logging_mixin.py:188} INFO - [2025-05-09T16:14:00.331+0000] {dag.py:3096} INFO - Sync 2 DAGs
[2025-05-09T16:14:00.357+0000] {logging_mixin.py:188} INFO - [2025-05-09T16:14:00.356+0000] {dag.py:3954} INFO - Setting next_dagrun for example_xcom_args to None, run_after=None
[2025-05-09T16:14:00.365+0000] {logging_mixin.py:188} INFO - [2025-05-09T16:14:00.365+0000] {dag.py:3954} INFO - Setting next_dagrun for example_xcom_args_with_operators to None, run_after=None
[2025-05-09T16:14:00.401+0000] {processor.py:183} INFO - Processing /home/airflow/.local/lib/python3.10/site-packages/airflow/example_dags/example_xcomargs.py took 0.130 seconds
[2025-05-09T16:14:30.585+0000] {processor.py:161} INFO - Started process (PID=5232) to work on /home/airflow/.local/lib/python3.10/site-packages/airflow/example_dags/example_xcomargs.py
[2025-05-09T16:14:30.587+0000] {processor.py:830} INFO - Processing file /home/airflow/.local/lib/python3.10/site-packages/airflow/example_dags/example_xcomargs.py for tasks to queue
[2025-05-09T16:14:30.589+0000] {logging_mixin.py:188} INFO - [2025-05-09T16:14:30.589+0000] {dagbag.py:545} INFO - Filling up the DagBag from /home/airflow/.local/lib/python3.10/site-packages/airflow/example_dags/example_xcomargs.py
[2025-05-09T16:14:30.596+0000] {processor.py:840} INFO - DAG(s) 'example_xcom_args', 'example_xcom_args_with_operators' retrieved from /home/airflow/.local/lib/python3.10/site-packages/airflow/example_dags/example_xcomargs.py
[2025-05-09T16:14:30.625+0000] {logging_mixin.py:188} INFO - [2025-05-09T16:14:30.625+0000] {dag.py:3096} INFO - Sync 2 DAGs
[2025-05-09T16:14:30.638+0000] {logging_mixin.py:188} INFO - [2025-05-09T16:14:30.638+0000] {dag.py:3954} INFO - Setting next_dagrun for example_xcom_args to None, run_after=None
[2025-05-09T16:14:30.645+0000] {logging_mixin.py:188} INFO - [2025-05-09T16:14:30.644+0000] {dag.py:3954} INFO - Setting next_dagrun for example_xcom_args_with_operators to None, run_after=None
[2025-05-09T16:14:30.667+0000] {processor.py:183} INFO - Processing /home/airflow/.local/lib/python3.10/site-packages/airflow/example_dags/example_xcomargs.py took 0.088 seconds
[2025-05-09T16:15:01.290+0000] {processor.py:161} INFO - Started process (PID=5504) to work on /home/airflow/.local/lib/python3.10/site-packages/airflow/example_dags/example_xcomargs.py
[2025-05-09T16:15:01.292+0000] {processor.py:830} INFO - Processing file /home/airflow/.local/lib/python3.10/site-packages/airflow/example_dags/example_xcomargs.py for tasks to queue
[2025-05-09T16:15:01.294+0000] {logging_mixin.py:188} INFO - [2025-05-09T16:15:01.293+0000] {dagbag.py:545} INFO - Filling up the DagBag from /home/airflow/.local/lib/python3.10/site-packages/airflow/example_dags/example_xcomargs.py
[2025-05-09T16:15:01.301+0000] {processor.py:840} INFO - DAG(s) 'example_xcom_args_with_operators', 'example_xcom_args' retrieved from /home/airflow/.local/lib/python3.10/site-packages/airflow/example_dags/example_xcomargs.py
[2025-05-09T16:15:01.328+0000] {logging_mixin.py:188} INFO - [2025-05-09T16:15:01.327+0000] {dag.py:3096} INFO - Sync 2 DAGs
[2025-05-09T16:15:01.339+0000] {logging_mixin.py:188} INFO - [2025-05-09T16:15:01.339+0000] {dag.py:3954} INFO - Setting next_dagrun for example_xcom_args to None, run_after=None
[2025-05-09T16:15:01.344+0000] {logging_mixin.py:188} INFO - [2025-05-09T16:15:01.343+0000] {dag.py:3954} INFO - Setting next_dagrun for example_xcom_args_with_operators to None, run_after=None
[2025-05-09T16:15:01.367+0000] {processor.py:183} INFO - Processing /home/airflow/.local/lib/python3.10/site-packages/airflow/example_dags/example_xcomargs.py took 0.082 seconds
[2025-05-09T16:15:32.020+0000] {processor.py:161} INFO - Started process (PID=5774) to work on /home/airflow/.local/lib/python3.10/site-packages/airflow/example_dags/example_xcomargs.py
[2025-05-09T16:15:32.021+0000] {processor.py:830} INFO - Processing file /home/airflow/.local/lib/python3.10/site-packages/airflow/example_dags/example_xcomargs.py for tasks to queue
[2025-05-09T16:15:32.023+0000] {logging_mixin.py:188} INFO - [2025-05-09T16:15:32.023+0000] {dagbag.py:545} INFO - Filling up the DagBag from /home/airflow/.local/lib/python3.10/site-packages/airflow/example_dags/example_xcomargs.py
[2025-05-09T16:15:32.031+0000] {processor.py:840} INFO - DAG(s) 'example_xcom_args', 'example_xcom_args_with_operators' retrieved from /home/airflow/.local/lib/python3.10/site-packages/airflow/example_dags/example_xcomargs.py
[2025-05-09T16:15:32.060+0000] {logging_mixin.py:188} INFO - [2025-05-09T16:15:32.060+0000] {dag.py:3096} INFO - Sync 2 DAGs
[2025-05-09T16:15:32.074+0000] {logging_mixin.py:188} INFO - [2025-05-09T16:15:32.073+0000] {dag.py:3954} INFO - Setting next_dagrun for example_xcom_args to None, run_after=None
[2025-05-09T16:15:32.082+0000] {logging_mixin.py:188} INFO - [2025-05-09T16:15:32.081+0000] {dag.py:3954} INFO - Setting next_dagrun for example_xcom_args_with_operators to None, run_after=None
[2025-05-09T16:15:32.110+0000] {processor.py:183} INFO - Processing /home/airflow/.local/lib/python3.10/site-packages/airflow/example_dags/example_xcomargs.py took 0.098 seconds
[2025-05-09T16:16:02.757+0000] {processor.py:161} INFO - Started process (PID=6058) to work on /home/airflow/.local/lib/python3.10/site-packages/airflow/example_dags/example_xcomargs.py
[2025-05-09T16:16:02.760+0000] {processor.py:830} INFO - Processing file /home/airflow/.local/lib/python3.10/site-packages/airflow/example_dags/example_xcomargs.py for tasks to queue
[2025-05-09T16:16:02.767+0000] {logging_mixin.py:188} INFO - [2025-05-09T16:16:02.766+0000] {dagbag.py:545} INFO - Filling up the DagBag from /home/airflow/.local/lib/python3.10/site-packages/airflow/example_dags/example_xcomargs.py
[2025-05-09T16:16:02.783+0000] {processor.py:840} INFO - DAG(s) 'example_xcom_args_with_operators', 'example_xcom_args' retrieved from /home/airflow/.local/lib/python3.10/site-packages/airflow/example_dags/example_xcomargs.py
[2025-05-09T16:16:02.832+0000] {logging_mixin.py:188} INFO - [2025-05-09T16:16:02.831+0000] {dag.py:3096} INFO - Sync 2 DAGs
[2025-05-09T16:16:02.855+0000] {logging_mixin.py:188} INFO - [2025-05-09T16:16:02.855+0000] {dag.py:3954} INFO - Setting next_dagrun for example_xcom_args to None, run_after=None
[2025-05-09T16:16:02.865+0000] {logging_mixin.py:188} INFO - [2025-05-09T16:16:02.864+0000] {dag.py:3954} INFO - Setting next_dagrun for example_xcom_args_with_operators to None, run_after=None
[2025-05-09T16:16:02.899+0000] {processor.py:183} INFO - Processing /home/airflow/.local/lib/python3.10/site-packages/airflow/example_dags/example_xcomargs.py took 0.154 seconds
[2025-05-09T16:16:33.670+0000] {processor.py:161} INFO - Started process (PID=6405) to work on /home/airflow/.local/lib/python3.10/site-packages/airflow/example_dags/example_xcomargs.py
[2025-05-09T16:16:33.671+0000] {processor.py:830} INFO - Processing file /home/airflow/.local/lib/python3.10/site-packages/airflow/example_dags/example_xcomargs.py for tasks to queue
[2025-05-09T16:16:33.673+0000] {logging_mixin.py:188} INFO - [2025-05-09T16:16:33.673+0000] {dagbag.py:545} INFO - Filling up the DagBag from /home/airflow/.local/lib/python3.10/site-packages/airflow/example_dags/example_xcomargs.py
[2025-05-09T16:16:33.684+0000] {processor.py:840} INFO - DAG(s) 'example_xcom_args', 'example_xcom_args_with_operators' retrieved from /home/airflow/.local/lib/python3.10/site-packages/airflow/example_dags/example_xcomargs.py
[2025-05-09T16:16:33.714+0000] {logging_mixin.py:188} INFO - [2025-05-09T16:16:33.714+0000] {dag.py:3096} INFO - Sync 2 DAGs
[2025-05-09T16:16:33.731+0000] {logging_mixin.py:188} INFO - [2025-05-09T16:16:33.731+0000] {dag.py:3954} INFO - Setting next_dagrun for example_xcom_args to None, run_after=None
[2025-05-09T16:16:33.737+0000] {logging_mixin.py:188} INFO - [2025-05-09T16:16:33.737+0000] {dag.py:3954} INFO - Setting next_dagrun for example_xcom_args_with_operators to None, run_after=None
[2025-05-09T16:16:33.758+0000] {processor.py:183} INFO - Processing /home/airflow/.local/lib/python3.10/site-packages/airflow/example_dags/example_xcomargs.py took 0.095 seconds
[2025-05-09T16:17:04.652+0000] {processor.py:161} INFO - Started process (PID=6712) to work on /home/airflow/.local/lib/python3.10/site-packages/airflow/example_dags/example_xcomargs.py
[2025-05-09T16:17:04.654+0000] {processor.py:830} INFO - Processing file /home/airflow/.local/lib/python3.10/site-packages/airflow/example_dags/example_xcomargs.py for tasks to queue
[2025-05-09T16:17:04.657+0000] {logging_mixin.py:188} INFO - [2025-05-09T16:17:04.656+0000] {dagbag.py:545} INFO - Filling up the DagBag from /home/airflow/.local/lib/python3.10/site-packages/airflow/example_dags/example_xcomargs.py
[2025-05-09T16:17:04.672+0000] {processor.py:840} INFO - DAG(s) 'example_xcom_args_with_operators', 'example_xcom_args' retrieved from /home/airflow/.local/lib/python3.10/site-packages/airflow/example_dags/example_xcomargs.py
[2025-05-09T16:17:04.716+0000] {logging_mixin.py:188} INFO - [2025-05-09T16:17:04.716+0000] {dag.py:3096} INFO - Sync 2 DAGs
[2025-05-09T16:17:04.740+0000] {logging_mixin.py:188} INFO - [2025-05-09T16:17:04.739+0000] {dag.py:3954} INFO - Setting next_dagrun for example_xcom_args to None, run_after=None
[2025-05-09T16:17:04.747+0000] {logging_mixin.py:188} INFO - [2025-05-09T16:17:04.747+0000] {dag.py:3954} INFO - Setting next_dagrun for example_xcom_args_with_operators to None, run_after=None
[2025-05-09T16:17:04.774+0000] {processor.py:183} INFO - Processing /home/airflow/.local/lib/python3.10/site-packages/airflow/example_dags/example_xcomargs.py took 0.133 seconds
[2025-05-09T16:17:35.171+0000] {processor.py:161} INFO - Started process (PID=7007) to work on /home/airflow/.local/lib/python3.10/site-packages/airflow/example_dags/example_xcomargs.py
[2025-05-09T16:17:35.172+0000] {processor.py:830} INFO - Processing file /home/airflow/.local/lib/python3.10/site-packages/airflow/example_dags/example_xcomargs.py for tasks to queue
[2025-05-09T16:17:35.175+0000] {logging_mixin.py:188} INFO - [2025-05-09T16:17:35.175+0000] {dagbag.py:545} INFO - Filling up the DagBag from /home/airflow/.local/lib/python3.10/site-packages/airflow/example_dags/example_xcomargs.py
[2025-05-09T16:17:35.187+0000] {processor.py:840} INFO - DAG(s) 'example_xcom_args_with_operators', 'example_xcom_args' retrieved from /home/airflow/.local/lib/python3.10/site-packages/airflow/example_dags/example_xcomargs.py
[2025-05-09T16:17:35.215+0000] {logging_mixin.py:188} INFO - [2025-05-09T16:17:35.215+0000] {dag.py:3096} INFO - Sync 2 DAGs
[2025-05-09T16:17:35.230+0000] {logging_mixin.py:188} INFO - [2025-05-09T16:17:35.230+0000] {dag.py:3954} INFO - Setting next_dagrun for example_xcom_args to None, run_after=None
[2025-05-09T16:17:35.235+0000] {logging_mixin.py:188} INFO - [2025-05-09T16:17:35.234+0000] {dag.py:3954} INFO - Setting next_dagrun for example_xcom_args_with_operators to None, run_after=None
[2025-05-09T16:17:35.255+0000] {processor.py:183} INFO - Processing /home/airflow/.local/lib/python3.10/site-packages/airflow/example_dags/example_xcomargs.py took 0.092 seconds
[2025-05-09T16:18:06.042+0000] {processor.py:161} INFO - Started process (PID=7290) to work on /home/airflow/.local/lib/python3.10/site-packages/airflow/example_dags/example_xcomargs.py
[2025-05-09T16:18:06.043+0000] {processor.py:830} INFO - Processing file /home/airflow/.local/lib/python3.10/site-packages/airflow/example_dags/example_xcomargs.py for tasks to queue
[2025-05-09T16:18:06.046+0000] {logging_mixin.py:188} INFO - [2025-05-09T16:18:06.045+0000] {dagbag.py:545} INFO - Filling up the DagBag from /home/airflow/.local/lib/python3.10/site-packages/airflow/example_dags/example_xcomargs.py
[2025-05-09T16:18:06.057+0000] {processor.py:840} INFO - DAG(s) 'example_xcom_args', 'example_xcom_args_with_operators' retrieved from /home/airflow/.local/lib/python3.10/site-packages/airflow/example_dags/example_xcomargs.py
[2025-05-09T16:18:06.096+0000] {logging_mixin.py:188} INFO - [2025-05-09T16:18:06.096+0000] {dag.py:3096} INFO - Sync 2 DAGs
[2025-05-09T16:18:06.118+0000] {logging_mixin.py:188} INFO - [2025-05-09T16:18:06.118+0000] {dag.py:3954} INFO - Setting next_dagrun for example_xcom_args to None, run_after=None
[2025-05-09T16:18:06.125+0000] {logging_mixin.py:188} INFO - [2025-05-09T16:18:06.125+0000] {dag.py:3954} INFO - Setting next_dagrun for example_xcom_args_with_operators to None, run_after=None
[2025-05-09T16:18:06.158+0000] {processor.py:183} INFO - Processing /home/airflow/.local/lib/python3.10/site-packages/airflow/example_dags/example_xcomargs.py took 0.124 seconds
[2025-05-09T16:18:36.382+0000] {processor.py:161} INFO - Started process (PID=7570) to work on /home/airflow/.local/lib/python3.10/site-packages/airflow/example_dags/example_xcomargs.py
[2025-05-09T16:18:36.383+0000] {processor.py:830} INFO - Processing file /home/airflow/.local/lib/python3.10/site-packages/airflow/example_dags/example_xcomargs.py for tasks to queue
[2025-05-09T16:18:36.386+0000] {logging_mixin.py:188} INFO - [2025-05-09T16:18:36.385+0000] {dagbag.py:545} INFO - Filling up the DagBag from /home/airflow/.local/lib/python3.10/site-packages/airflow/example_dags/example_xcomargs.py
[2025-05-09T16:18:36.394+0000] {processor.py:840} INFO - DAG(s) 'example_xcom_args_with_operators', 'example_xcom_args' retrieved from /home/airflow/.local/lib/python3.10/site-packages/airflow/example_dags/example_xcomargs.py
[2025-05-09T16:18:36.417+0000] {logging_mixin.py:188} INFO - [2025-05-09T16:18:36.417+0000] {dag.py:3096} INFO - Sync 2 DAGs
[2025-05-09T16:18:36.429+0000] {logging_mixin.py:188} INFO - [2025-05-09T16:18:36.429+0000] {dag.py:3954} INFO - Setting next_dagrun for example_xcom_args to None, run_after=None
[2025-05-09T16:18:36.434+0000] {logging_mixin.py:188} INFO - [2025-05-09T16:18:36.433+0000] {dag.py:3954} INFO - Setting next_dagrun for example_xcom_args_with_operators to None, run_after=None
[2025-05-09T16:18:36.453+0000] {processor.py:183} INFO - Processing /home/airflow/.local/lib/python3.10/site-packages/airflow/example_dags/example_xcomargs.py took 0.077 seconds
[2025-05-09T16:19:07.036+0000] {processor.py:161} INFO - Started process (PID=7856) to work on /home/airflow/.local/lib/python3.10/site-packages/airflow/example_dags/example_xcomargs.py
[2025-05-09T16:19:07.038+0000] {processor.py:830} INFO - Processing file /home/airflow/.local/lib/python3.10/site-packages/airflow/example_dags/example_xcomargs.py for tasks to queue
[2025-05-09T16:19:07.041+0000] {logging_mixin.py:188} INFO - [2025-05-09T16:19:07.041+0000] {dagbag.py:545} INFO - Filling up the DagBag from /home/airflow/.local/lib/python3.10/site-packages/airflow/example_dags/example_xcomargs.py
[2025-05-09T16:19:07.053+0000] {processor.py:840} INFO - DAG(s) 'example_xcom_args', 'example_xcom_args_with_operators' retrieved from /home/airflow/.local/lib/python3.10/site-packages/airflow/example_dags/example_xcomargs.py
[2025-05-09T16:19:07.090+0000] {logging_mixin.py:188} INFO - [2025-05-09T16:19:07.090+0000] {dag.py:3096} INFO - Sync 2 DAGs
[2025-05-09T16:19:07.106+0000] {logging_mixin.py:188} INFO - [2025-05-09T16:19:07.106+0000] {dag.py:3954} INFO - Setting next_dagrun for example_xcom_args to None, run_after=None
[2025-05-09T16:19:07.111+0000] {logging_mixin.py:188} INFO - [2025-05-09T16:19:07.111+0000] {dag.py:3954} INFO - Setting next_dagrun for example_xcom_args_with_operators to None, run_after=None
[2025-05-09T16:19:07.140+0000] {processor.py:183} INFO - Processing /home/airflow/.local/lib/python3.10/site-packages/airflow/example_dags/example_xcomargs.py took 0.114 seconds
[2025-05-09T16:19:37.332+0000] {processor.py:161} INFO - Started process (PID=8131) to work on /home/airflow/.local/lib/python3.10/site-packages/airflow/example_dags/example_xcomargs.py
[2025-05-09T16:19:37.334+0000] {processor.py:830} INFO - Processing file /home/airflow/.local/lib/python3.10/site-packages/airflow/example_dags/example_xcomargs.py for tasks to queue
[2025-05-09T16:19:37.337+0000] {logging_mixin.py:188} INFO - [2025-05-09T16:19:37.337+0000] {dagbag.py:545} INFO - Filling up the DagBag from /home/airflow/.local/lib/python3.10/site-packages/airflow/example_dags/example_xcomargs.py
[2025-05-09T16:19:37.347+0000] {processor.py:840} INFO - DAG(s) 'example_xcom_args', 'example_xcom_args_with_operators' retrieved from /home/airflow/.local/lib/python3.10/site-packages/airflow/example_dags/example_xcomargs.py
[2025-05-09T16:19:37.382+0000] {logging_mixin.py:188} INFO - [2025-05-09T16:19:37.382+0000] {dag.py:3096} INFO - Sync 2 DAGs
[2025-05-09T16:19:37.397+0000] {logging_mixin.py:188} INFO - [2025-05-09T16:19:37.397+0000] {dag.py:3954} INFO - Setting next_dagrun for example_xcom_args to None, run_after=None
[2025-05-09T16:19:37.402+0000] {logging_mixin.py:188} INFO - [2025-05-09T16:19:37.402+0000] {dag.py:3954} INFO - Setting next_dagrun for example_xcom_args_with_operators to None, run_after=None
[2025-05-09T16:19:37.427+0000] {processor.py:183} INFO - Processing /home/airflow/.local/lib/python3.10/site-packages/airflow/example_dags/example_xcomargs.py took 0.101 seconds
[2025-05-09T16:20:08.075+0000] {processor.py:161} INFO - Started process (PID=8450) to work on /home/airflow/.local/lib/python3.10/site-packages/airflow/example_dags/example_xcomargs.py
[2025-05-09T16:20:08.077+0000] {processor.py:830} INFO - Processing file /home/airflow/.local/lib/python3.10/site-packages/airflow/example_dags/example_xcomargs.py for tasks to queue
[2025-05-09T16:20:08.080+0000] {logging_mixin.py:188} INFO - [2025-05-09T16:20:08.079+0000] {dagbag.py:545} INFO - Filling up the DagBag from /home/airflow/.local/lib/python3.10/site-packages/airflow/example_dags/example_xcomargs.py
[2025-05-09T16:20:08.090+0000] {processor.py:840} INFO - DAG(s) 'example_xcom_args_with_operators', 'example_xcom_args' retrieved from /home/airflow/.local/lib/python3.10/site-packages/airflow/example_dags/example_xcomargs.py
[2025-05-09T16:20:08.123+0000] {logging_mixin.py:188} INFO - [2025-05-09T16:20:08.123+0000] {dag.py:3096} INFO - Sync 2 DAGs
[2025-05-09T16:20:08.140+0000] {logging_mixin.py:188} INFO - [2025-05-09T16:20:08.140+0000] {dag.py:3954} INFO - Setting next_dagrun for example_xcom_args to None, run_after=None
[2025-05-09T16:20:08.145+0000] {logging_mixin.py:188} INFO - [2025-05-09T16:20:08.145+0000] {dag.py:3954} INFO - Setting next_dagrun for example_xcom_args_with_operators to None, run_after=None
[2025-05-09T16:20:08.170+0000] {processor.py:183} INFO - Processing /home/airflow/.local/lib/python3.10/site-packages/airflow/example_dags/example_xcomargs.py took 0.101 seconds
[2025-05-09T16:20:38.749+0000] {processor.py:161} INFO - Started process (PID=8712) to work on /home/airflow/.local/lib/python3.10/site-packages/airflow/example_dags/example_xcomargs.py
[2025-05-09T16:20:38.751+0000] {processor.py:830} INFO - Processing file /home/airflow/.local/lib/python3.10/site-packages/airflow/example_dags/example_xcomargs.py for tasks to queue
[2025-05-09T16:20:38.753+0000] {logging_mixin.py:188} INFO - [2025-05-09T16:20:38.753+0000] {dagbag.py:545} INFO - Filling up the DagBag from /home/airflow/.local/lib/python3.10/site-packages/airflow/example_dags/example_xcomargs.py
[2025-05-09T16:20:38.771+0000] {processor.py:840} INFO - DAG(s) 'example_xcom_args_with_operators', 'example_xcom_args' retrieved from /home/airflow/.local/lib/python3.10/site-packages/airflow/example_dags/example_xcomargs.py
[2025-05-09T16:20:38.803+0000] {logging_mixin.py:188} INFO - [2025-05-09T16:20:38.802+0000] {dag.py:3096} INFO - Sync 2 DAGs
[2025-05-09T16:20:38.818+0000] {logging_mixin.py:188} INFO - [2025-05-09T16:20:38.817+0000] {dag.py:3954} INFO - Setting next_dagrun for example_xcom_args to None, run_after=None
[2025-05-09T16:20:38.824+0000] {logging_mixin.py:188} INFO - [2025-05-09T16:20:38.823+0000] {dag.py:3954} INFO - Setting next_dagrun for example_xcom_args_with_operators to None, run_after=None
[2025-05-09T16:20:38.846+0000] {processor.py:183} INFO - Processing /home/airflow/.local/lib/python3.10/site-packages/airflow/example_dags/example_xcomargs.py took 0.103 seconds
[2025-05-09T16:21:09.764+0000] {processor.py:161} INFO - Started process (PID=9022) to work on /home/airflow/.local/lib/python3.10/site-packages/airflow/example_dags/example_xcomargs.py
[2025-05-09T16:21:09.765+0000] {processor.py:830} INFO - Processing file /home/airflow/.local/lib/python3.10/site-packages/airflow/example_dags/example_xcomargs.py for tasks to queue
[2025-05-09T16:21:09.770+0000] {logging_mixin.py:188} INFO - [2025-05-09T16:21:09.769+0000] {dagbag.py:545} INFO - Filling up the DagBag from /home/airflow/.local/lib/python3.10/site-packages/airflow/example_dags/example_xcomargs.py
[2025-05-09T16:21:09.784+0000] {processor.py:840} INFO - DAG(s) 'example_xcom_args_with_operators', 'example_xcom_args' retrieved from /home/airflow/.local/lib/python3.10/site-packages/airflow/example_dags/example_xcomargs.py
[2025-05-09T16:21:09.836+0000] {logging_mixin.py:188} INFO - [2025-05-09T16:21:09.836+0000] {dag.py:3096} INFO - Sync 2 DAGs
[2025-05-09T16:21:09.862+0000] {logging_mixin.py:188} INFO - [2025-05-09T16:21:09.861+0000] {dag.py:3954} INFO - Setting next_dagrun for example_xcom_args to None, run_after=None
[2025-05-09T16:21:09.871+0000] {logging_mixin.py:188} INFO - [2025-05-09T16:21:09.870+0000] {dag.py:3954} INFO - Setting next_dagrun for example_xcom_args_with_operators to None, run_after=None
[2025-05-09T16:21:09.918+0000] {processor.py:183} INFO - Processing /home/airflow/.local/lib/python3.10/site-packages/airflow/example_dags/example_xcomargs.py took 0.167 seconds
[2025-05-09T16:21:40.154+0000] {processor.py:161} INFO - Started process (PID=9349) to work on /home/airflow/.local/lib/python3.10/site-packages/airflow/example_dags/example_xcomargs.py
[2025-05-09T16:21:40.156+0000] {processor.py:830} INFO - Processing file /home/airflow/.local/lib/python3.10/site-packages/airflow/example_dags/example_xcomargs.py for tasks to queue
[2025-05-09T16:21:40.159+0000] {logging_mixin.py:188} INFO - [2025-05-09T16:21:40.158+0000] {dagbag.py:545} INFO - Filling up the DagBag from /home/airflow/.local/lib/python3.10/site-packages/airflow/example_dags/example_xcomargs.py
[2025-05-09T16:21:40.166+0000] {processor.py:840} INFO - DAG(s) 'example_xcom_args', 'example_xcom_args_with_operators' retrieved from /home/airflow/.local/lib/python3.10/site-packages/airflow/example_dags/example_xcomargs.py
[2025-05-09T16:21:40.191+0000] {logging_mixin.py:188} INFO - [2025-05-09T16:21:40.191+0000] {dag.py:3096} INFO - Sync 2 DAGs
[2025-05-09T16:21:40.204+0000] {logging_mixin.py:188} INFO - [2025-05-09T16:21:40.203+0000] {dag.py:3954} INFO - Setting next_dagrun for example_xcom_args to None, run_after=None
[2025-05-09T16:21:40.208+0000] {logging_mixin.py:188} INFO - [2025-05-09T16:21:40.208+0000] {dag.py:3954} INFO - Setting next_dagrun for example_xcom_args_with_operators to None, run_after=None
[2025-05-09T16:21:40.231+0000] {processor.py:183} INFO - Processing /home/airflow/.local/lib/python3.10/site-packages/airflow/example_dags/example_xcomargs.py took 0.083 seconds
[2025-05-09T16:22:10.943+0000] {processor.py:161} INFO - Started process (PID=9692) to work on /home/airflow/.local/lib/python3.10/site-packages/airflow/example_dags/example_xcomargs.py
[2025-05-09T16:22:10.945+0000] {processor.py:830} INFO - Processing file /home/airflow/.local/lib/python3.10/site-packages/airflow/example_dags/example_xcomargs.py for tasks to queue
[2025-05-09T16:22:10.949+0000] {logging_mixin.py:188} INFO - [2025-05-09T16:22:10.948+0000] {dagbag.py:545} INFO - Filling up the DagBag from /home/airflow/.local/lib/python3.10/site-packages/airflow/example_dags/example_xcomargs.py
[2025-05-09T16:22:10.963+0000] {processor.py:840} INFO - DAG(s) 'example_xcom_args', 'example_xcom_args_with_operators' retrieved from /home/airflow/.local/lib/python3.10/site-packages/airflow/example_dags/example_xcomargs.py
[2025-05-09T16:22:11.010+0000] {logging_mixin.py:188} INFO - [2025-05-09T16:22:11.010+0000] {dag.py:3096} INFO - Sync 2 DAGs
[2025-05-09T16:22:11.034+0000] {logging_mixin.py:188} INFO - [2025-05-09T16:22:11.034+0000] {dag.py:3954} INFO - Setting next_dagrun for example_xcom_args to None, run_after=None
[2025-05-09T16:22:11.041+0000] {logging_mixin.py:188} INFO - [2025-05-09T16:22:11.041+0000] {dag.py:3954} INFO - Setting next_dagrun for example_xcom_args_with_operators to None, run_after=None
[2025-05-09T16:22:11.081+0000] {processor.py:183} INFO - Processing /home/airflow/.local/lib/python3.10/site-packages/airflow/example_dags/example_xcomargs.py took 0.148 seconds
[2025-05-09T16:22:41.177+0000] {processor.py:161} INFO - Started process (PID=9956) to work on /home/airflow/.local/lib/python3.10/site-packages/airflow/example_dags/example_xcomargs.py
[2025-05-09T16:22:41.178+0000] {processor.py:830} INFO - Processing file /home/airflow/.local/lib/python3.10/site-packages/airflow/example_dags/example_xcomargs.py for tasks to queue
[2025-05-09T16:22:41.180+0000] {logging_mixin.py:188} INFO - [2025-05-09T16:22:41.180+0000] {dagbag.py:545} INFO - Filling up the DagBag from /home/airflow/.local/lib/python3.10/site-packages/airflow/example_dags/example_xcomargs.py
[2025-05-09T16:22:41.187+0000] {processor.py:840} INFO - DAG(s) 'example_xcom_args_with_operators', 'example_xcom_args' retrieved from /home/airflow/.local/lib/python3.10/site-packages/airflow/example_dags/example_xcomargs.py
[2025-05-09T16:22:41.209+0000] {logging_mixin.py:188} INFO - [2025-05-09T16:22:41.208+0000] {dag.py:3096} INFO - Sync 2 DAGs
[2025-05-09T16:22:41.219+0000] {logging_mixin.py:188} INFO - [2025-05-09T16:22:41.219+0000] {dag.py:3954} INFO - Setting next_dagrun for example_xcom_args to None, run_after=None
[2025-05-09T16:22:41.223+0000] {logging_mixin.py:188} INFO - [2025-05-09T16:22:41.223+0000] {dag.py:3954} INFO - Setting next_dagrun for example_xcom_args_with_operators to None, run_after=None
[2025-05-09T16:22:41.239+0000] {processor.py:183} INFO - Processing /home/airflow/.local/lib/python3.10/site-packages/airflow/example_dags/example_xcomargs.py took 0.068 seconds
[2025-05-09T16:23:11.543+0000] {processor.py:161} INFO - Started process (PID=10269) to work on /home/airflow/.local/lib/python3.10/site-packages/airflow/example_dags/example_xcomargs.py
[2025-05-09T16:23:11.545+0000] {processor.py:830} INFO - Processing file /home/airflow/.local/lib/python3.10/site-packages/airflow/example_dags/example_xcomargs.py for tasks to queue
[2025-05-09T16:23:11.548+0000] {logging_mixin.py:188} INFO - [2025-05-09T16:23:11.547+0000] {dagbag.py:545} INFO - Filling up the DagBag from /home/airflow/.local/lib/python3.10/site-packages/airflow/example_dags/example_xcomargs.py
[2025-05-09T16:23:11.556+0000] {processor.py:840} INFO - DAG(s) 'example_xcom_args', 'example_xcom_args_with_operators' retrieved from /home/airflow/.local/lib/python3.10/site-packages/airflow/example_dags/example_xcomargs.py
[2025-05-09T16:23:11.581+0000] {logging_mixin.py:188} INFO - [2025-05-09T16:23:11.581+0000] {dag.py:3096} INFO - Sync 2 DAGs
[2025-05-09T16:23:11.594+0000] {logging_mixin.py:188} INFO - [2025-05-09T16:23:11.594+0000] {dag.py:3954} INFO - Setting next_dagrun for example_xcom_args to None, run_after=None
[2025-05-09T16:23:11.598+0000] {logging_mixin.py:188} INFO - [2025-05-09T16:23:11.598+0000] {dag.py:3954} INFO - Setting next_dagrun for example_xcom_args_with_operators to None, run_after=None
[2025-05-09T16:23:11.618+0000] {processor.py:183} INFO - Processing /home/airflow/.local/lib/python3.10/site-packages/airflow/example_dags/example_xcomargs.py took 0.083 seconds
[2025-05-09T16:23:41.707+0000] {processor.py:161} INFO - Started process (PID=10531) to work on /home/airflow/.local/lib/python3.10/site-packages/airflow/example_dags/example_xcomargs.py
[2025-05-09T16:23:41.709+0000] {processor.py:830} INFO - Processing file /home/airflow/.local/lib/python3.10/site-packages/airflow/example_dags/example_xcomargs.py for tasks to queue
[2025-05-09T16:23:41.712+0000] {logging_mixin.py:188} INFO - [2025-05-09T16:23:41.711+0000] {dagbag.py:545} INFO - Filling up the DagBag from /home/airflow/.local/lib/python3.10/site-packages/airflow/example_dags/example_xcomargs.py
[2025-05-09T16:23:41.722+0000] {processor.py:840} INFO - DAG(s) 'example_xcom_args_with_operators', 'example_xcom_args' retrieved from /home/airflow/.local/lib/python3.10/site-packages/airflow/example_dags/example_xcomargs.py
[2025-05-09T16:23:41.750+0000] {logging_mixin.py:188} INFO - [2025-05-09T16:23:41.750+0000] {dag.py:3096} INFO - Sync 2 DAGs
[2025-05-09T16:23:41.765+0000] {logging_mixin.py:188} INFO - [2025-05-09T16:23:41.764+0000] {dag.py:3954} INFO - Setting next_dagrun for example_xcom_args to None, run_after=None
[2025-05-09T16:23:41.769+0000] {logging_mixin.py:188} INFO - [2025-05-09T16:23:41.768+0000] {dag.py:3954} INFO - Setting next_dagrun for example_xcom_args_with_operators to None, run_after=None
[2025-05-09T16:23:41.789+0000] {processor.py:183} INFO - Processing /home/airflow/.local/lib/python3.10/site-packages/airflow/example_dags/example_xcomargs.py took 0.088 seconds
[2025-05-09T16:24:12.487+0000] {processor.py:161} INFO - Started process (PID=10842) to work on /home/airflow/.local/lib/python3.10/site-packages/airflow/example_dags/example_xcomargs.py
[2025-05-09T16:24:12.489+0000] {processor.py:830} INFO - Processing file /home/airflow/.local/lib/python3.10/site-packages/airflow/example_dags/example_xcomargs.py for tasks to queue
[2025-05-09T16:24:12.491+0000] {logging_mixin.py:188} INFO - [2025-05-09T16:24:12.491+0000] {dagbag.py:545} INFO - Filling up the DagBag from /home/airflow/.local/lib/python3.10/site-packages/airflow/example_dags/example_xcomargs.py
[2025-05-09T16:24:12.499+0000] {processor.py:840} INFO - DAG(s) 'example_xcom_args', 'example_xcom_args_with_operators' retrieved from /home/airflow/.local/lib/python3.10/site-packages/airflow/example_dags/example_xcomargs.py
[2025-05-09T16:24:12.528+0000] {logging_mixin.py:188} INFO - [2025-05-09T16:24:12.528+0000] {dag.py:3096} INFO - Sync 2 DAGs
[2025-05-09T16:24:12.542+0000] {logging_mixin.py:188} INFO - [2025-05-09T16:24:12.542+0000] {dag.py:3954} INFO - Setting next_dagrun for example_xcom_args to None, run_after=None
[2025-05-09T16:24:12.548+0000] {logging_mixin.py:188} INFO - [2025-05-09T16:24:12.548+0000] {dag.py:3954} INFO - Setting next_dagrun for example_xcom_args_with_operators to None, run_after=None
[2025-05-09T16:24:12.574+0000] {processor.py:183} INFO - Processing /home/airflow/.local/lib/python3.10/site-packages/airflow/example_dags/example_xcomargs.py took 0.093 seconds
[2025-05-09T16:24:43.244+0000] {processor.py:161} INFO - Started process (PID=11116) to work on /home/airflow/.local/lib/python3.10/site-packages/airflow/example_dags/example_xcomargs.py
[2025-05-09T16:24:43.246+0000] {processor.py:830} INFO - Processing file /home/airflow/.local/lib/python3.10/site-packages/airflow/example_dags/example_xcomargs.py for tasks to queue
[2025-05-09T16:24:43.248+0000] {logging_mixin.py:188} INFO - [2025-05-09T16:24:43.248+0000] {dagbag.py:545} INFO - Filling up the DagBag from /home/airflow/.local/lib/python3.10/site-packages/airflow/example_dags/example_xcomargs.py
[2025-05-09T16:24:43.259+0000] {processor.py:840} INFO - DAG(s) 'example_xcom_args', 'example_xcom_args_with_operators' retrieved from /home/airflow/.local/lib/python3.10/site-packages/airflow/example_dags/example_xcomargs.py
[2025-05-09T16:24:43.288+0000] {logging_mixin.py:188} INFO - [2025-05-09T16:24:43.288+0000] {dag.py:3096} INFO - Sync 2 DAGs
[2025-05-09T16:24:43.302+0000] {logging_mixin.py:188} INFO - [2025-05-09T16:24:43.302+0000] {dag.py:3954} INFO - Setting next_dagrun for example_xcom_args to None, run_after=None
[2025-05-09T16:24:43.307+0000] {logging_mixin.py:188} INFO - [2025-05-09T16:24:43.306+0000] {dag.py:3954} INFO - Setting next_dagrun for example_xcom_args_with_operators to None, run_after=None
[2025-05-09T16:24:43.328+0000] {processor.py:183} INFO - Processing /home/airflow/.local/lib/python3.10/site-packages/airflow/example_dags/example_xcomargs.py took 0.091 seconds
[2025-05-09T16:25:13.824+0000] {processor.py:161} INFO - Started process (PID=11466) to work on /home/airflow/.local/lib/python3.10/site-packages/airflow/example_dags/example_xcomargs.py
[2025-05-09T16:25:13.826+0000] {processor.py:830} INFO - Processing file /home/airflow/.local/lib/python3.10/site-packages/airflow/example_dags/example_xcomargs.py for tasks to queue
[2025-05-09T16:25:13.830+0000] {logging_mixin.py:188} INFO - [2025-05-09T16:25:13.829+0000] {dagbag.py:545} INFO - Filling up the DagBag from /home/airflow/.local/lib/python3.10/site-packages/airflow/example_dags/example_xcomargs.py
[2025-05-09T16:25:13.840+0000] {processor.py:840} INFO - DAG(s) 'example_xcom_args_with_operators', 'example_xcom_args' retrieved from /home/airflow/.local/lib/python3.10/site-packages/airflow/example_dags/example_xcomargs.py
[2025-05-09T16:25:13.868+0000] {logging_mixin.py:188} INFO - [2025-05-09T16:25:13.868+0000] {dag.py:3096} INFO - Sync 2 DAGs
[2025-05-09T16:25:13.881+0000] {logging_mixin.py:188} INFO - [2025-05-09T16:25:13.880+0000] {dag.py:3954} INFO - Setting next_dagrun for example_xcom_args to None, run_after=None
[2025-05-09T16:25:13.886+0000] {logging_mixin.py:188} INFO - [2025-05-09T16:25:13.885+0000] {dag.py:3954} INFO - Setting next_dagrun for example_xcom_args_with_operators to None, run_after=None
[2025-05-09T16:25:13.916+0000] {processor.py:183} INFO - Processing /home/airflow/.local/lib/python3.10/site-packages/airflow/example_dags/example_xcomargs.py took 0.098 seconds
[2025-05-09T16:25:44.932+0000] {processor.py:161} INFO - Started process (PID=11740) to work on /home/airflow/.local/lib/python3.10/site-packages/airflow/example_dags/example_xcomargs.py
[2025-05-09T16:25:44.934+0000] {processor.py:830} INFO - Processing file /home/airflow/.local/lib/python3.10/site-packages/airflow/example_dags/example_xcomargs.py for tasks to queue
[2025-05-09T16:25:44.936+0000] {logging_mixin.py:188} INFO - [2025-05-09T16:25:44.936+0000] {dagbag.py:545} INFO - Filling up the DagBag from /home/airflow/.local/lib/python3.10/site-packages/airflow/example_dags/example_xcomargs.py
[2025-05-09T16:25:44.945+0000] {processor.py:840} INFO - DAG(s) 'example_xcom_args', 'example_xcom_args_with_operators' retrieved from /home/airflow/.local/lib/python3.10/site-packages/airflow/example_dags/example_xcomargs.py
[2025-05-09T16:25:44.980+0000] {logging_mixin.py:188} INFO - [2025-05-09T16:25:44.979+0000] {dag.py:3096} INFO - Sync 2 DAGs
[2025-05-09T16:25:44.998+0000] {logging_mixin.py:188} INFO - [2025-05-09T16:25:44.998+0000] {dag.py:3954} INFO - Setting next_dagrun for example_xcom_args to None, run_after=None
[2025-05-09T16:25:45.006+0000] {logging_mixin.py:188} INFO - [2025-05-09T16:25:45.005+0000] {dag.py:3954} INFO - Setting next_dagrun for example_xcom_args_with_operators to None, run_after=None
[2025-05-09T16:25:45.038+0000] {processor.py:183} INFO - Processing /home/airflow/.local/lib/python3.10/site-packages/airflow/example_dags/example_xcomargs.py took 0.113 seconds
[2025-05-09T16:26:15.119+0000] {processor.py:161} INFO - Started process (PID=12061) to work on /home/airflow/.local/lib/python3.10/site-packages/airflow/example_dags/example_xcomargs.py
[2025-05-09T16:26:15.122+0000] {processor.py:830} INFO - Processing file /home/airflow/.local/lib/python3.10/site-packages/airflow/example_dags/example_xcomargs.py for tasks to queue
[2025-05-09T16:26:15.124+0000] {logging_mixin.py:188} INFO - [2025-05-09T16:26:15.124+0000] {dagbag.py:545} INFO - Filling up the DagBag from /home/airflow/.local/lib/python3.10/site-packages/airflow/example_dags/example_xcomargs.py
[2025-05-09T16:26:15.136+0000] {processor.py:840} INFO - DAG(s) 'example_xcom_args_with_operators', 'example_xcom_args' retrieved from /home/airflow/.local/lib/python3.10/site-packages/airflow/example_dags/example_xcomargs.py
[2025-05-09T16:26:15.174+0000] {logging_mixin.py:188} INFO - [2025-05-09T16:26:15.173+0000] {dag.py:3096} INFO - Sync 2 DAGs
[2025-05-09T16:26:15.194+0000] {logging_mixin.py:188} INFO - [2025-05-09T16:26:15.194+0000] {dag.py:3954} INFO - Setting next_dagrun for example_xcom_args to None, run_after=None
[2025-05-09T16:26:15.198+0000] {logging_mixin.py:188} INFO - [2025-05-09T16:26:15.198+0000] {dag.py:3954} INFO - Setting next_dagrun for example_xcom_args_with_operators to None, run_after=None
[2025-05-09T16:26:15.214+0000] {processor.py:183} INFO - Processing /home/airflow/.local/lib/python3.10/site-packages/airflow/example_dags/example_xcomargs.py took 0.105 seconds
[2025-05-09T16:26:45.485+0000] {processor.py:161} INFO - Started process (PID=12336) to work on /home/airflow/.local/lib/python3.10/site-packages/airflow/example_dags/example_xcomargs.py
[2025-05-09T16:26:45.486+0000] {processor.py:830} INFO - Processing file /home/airflow/.local/lib/python3.10/site-packages/airflow/example_dags/example_xcomargs.py for tasks to queue
[2025-05-09T16:26:45.489+0000] {logging_mixin.py:188} INFO - [2025-05-09T16:26:45.488+0000] {dagbag.py:545} INFO - Filling up the DagBag from /home/airflow/.local/lib/python3.10/site-packages/airflow/example_dags/example_xcomargs.py
[2025-05-09T16:26:45.497+0000] {processor.py:840} INFO - DAG(s) 'example_xcom_args', 'example_xcom_args_with_operators' retrieved from /home/airflow/.local/lib/python3.10/site-packages/airflow/example_dags/example_xcomargs.py
[2025-05-09T16:26:45.523+0000] {logging_mixin.py:188} INFO - [2025-05-09T16:26:45.523+0000] {dag.py:3096} INFO - Sync 2 DAGs
[2025-05-09T16:26:45.535+0000] {logging_mixin.py:188} INFO - [2025-05-09T16:26:45.534+0000] {dag.py:3954} INFO - Setting next_dagrun for example_xcom_args to None, run_after=None
[2025-05-09T16:26:45.540+0000] {logging_mixin.py:188} INFO - [2025-05-09T16:26:45.539+0000] {dag.py:3954} INFO - Setting next_dagrun for example_xcom_args_with_operators to None, run_after=None
[2025-05-09T16:26:45.559+0000] {processor.py:183} INFO - Processing /home/airflow/.local/lib/python3.10/site-packages/airflow/example_dags/example_xcomargs.py took 0.080 seconds
[2025-05-09T16:27:16.421+0000] {processor.py:161} INFO - Started process (PID=12655) to work on /home/airflow/.local/lib/python3.10/site-packages/airflow/example_dags/example_xcomargs.py
[2025-05-09T16:27:16.424+0000] {processor.py:830} INFO - Processing file /home/airflow/.local/lib/python3.10/site-packages/airflow/example_dags/example_xcomargs.py for tasks to queue
[2025-05-09T16:27:16.427+0000] {logging_mixin.py:188} INFO - [2025-05-09T16:27:16.426+0000] {dagbag.py:545} INFO - Filling up the DagBag from /home/airflow/.local/lib/python3.10/site-packages/airflow/example_dags/example_xcomargs.py
[2025-05-09T16:27:16.437+0000] {processor.py:840} INFO - DAG(s) 'example_xcom_args', 'example_xcom_args_with_operators' retrieved from /home/airflow/.local/lib/python3.10/site-packages/airflow/example_dags/example_xcomargs.py
[2025-05-09T16:27:16.468+0000] {logging_mixin.py:188} INFO - [2025-05-09T16:27:16.467+0000] {dag.py:3096} INFO - Sync 2 DAGs
[2025-05-09T16:27:16.482+0000] {logging_mixin.py:188} INFO - [2025-05-09T16:27:16.482+0000] {dag.py:3954} INFO - Setting next_dagrun for example_xcom_args to None, run_after=None
[2025-05-09T16:27:16.488+0000] {logging_mixin.py:188} INFO - [2025-05-09T16:27:16.487+0000] {dag.py:3954} INFO - Setting next_dagrun for example_xcom_args_with_operators to None, run_after=None
[2025-05-09T16:27:16.511+0000] {processor.py:183} INFO - Processing /home/airflow/.local/lib/python3.10/site-packages/airflow/example_dags/example_xcomargs.py took 0.102 seconds
[2025-05-09T16:27:46.973+0000] {processor.py:161} INFO - Started process (PID=12919) to work on /home/airflow/.local/lib/python3.10/site-packages/airflow/example_dags/example_xcomargs.py
[2025-05-09T16:27:46.975+0000] {processor.py:830} INFO - Processing file /home/airflow/.local/lib/python3.10/site-packages/airflow/example_dags/example_xcomargs.py for tasks to queue
[2025-05-09T16:27:46.980+0000] {logging_mixin.py:188} INFO - [2025-05-09T16:27:46.979+0000] {dagbag.py:545} INFO - Filling up the DagBag from /home/airflow/.local/lib/python3.10/site-packages/airflow/example_dags/example_xcomargs.py
[2025-05-09T16:27:46.990+0000] {processor.py:840} INFO - DAG(s) 'example_xcom_args', 'example_xcom_args_with_operators' retrieved from /home/airflow/.local/lib/python3.10/site-packages/airflow/example_dags/example_xcomargs.py
[2025-05-09T16:27:47.034+0000] {logging_mixin.py:188} INFO - [2025-05-09T16:27:47.034+0000] {dag.py:3096} INFO - Sync 2 DAGs
[2025-05-09T16:27:47.056+0000] {logging_mixin.py:188} INFO - [2025-05-09T16:27:47.056+0000] {dag.py:3954} INFO - Setting next_dagrun for example_xcom_args to None, run_after=None
[2025-05-09T16:27:47.063+0000] {logging_mixin.py:188} INFO - [2025-05-09T16:27:47.062+0000] {dag.py:3954} INFO - Setting next_dagrun for example_xcom_args_with_operators to None, run_after=None
[2025-05-09T16:27:47.089+0000] {processor.py:183} INFO - Processing /home/airflow/.local/lib/python3.10/site-packages/airflow/example_dags/example_xcomargs.py took 0.124 seconds
[2025-05-09T16:28:17.446+0000] {processor.py:161} INFO - Started process (PID=13217) to work on /home/airflow/.local/lib/python3.10/site-packages/airflow/example_dags/example_xcomargs.py
[2025-05-09T16:28:17.448+0000] {processor.py:830} INFO - Processing file /home/airflow/.local/lib/python3.10/site-packages/airflow/example_dags/example_xcomargs.py for tasks to queue
[2025-05-09T16:28:17.452+0000] {logging_mixin.py:188} INFO - [2025-05-09T16:28:17.451+0000] {dagbag.py:545} INFO - Filling up the DagBag from /home/airflow/.local/lib/python3.10/site-packages/airflow/example_dags/example_xcomargs.py
[2025-05-09T16:28:17.464+0000] {processor.py:840} INFO - DAG(s) 'example_xcom_args_with_operators', 'example_xcom_args' retrieved from /home/airflow/.local/lib/python3.10/site-packages/airflow/example_dags/example_xcomargs.py
[2025-05-09T16:28:17.498+0000] {logging_mixin.py:188} INFO - [2025-05-09T16:28:17.498+0000] {dag.py:3096} INFO - Sync 2 DAGs
[2025-05-09T16:28:17.514+0000] {logging_mixin.py:188} INFO - [2025-05-09T16:28:17.514+0000] {dag.py:3954} INFO - Setting next_dagrun for example_xcom_args to None, run_after=None
[2025-05-09T16:28:17.519+0000] {logging_mixin.py:188} INFO - [2025-05-09T16:28:17.519+0000] {dag.py:3954} INFO - Setting next_dagrun for example_xcom_args_with_operators to None, run_after=None
[2025-05-09T16:28:17.549+0000] {processor.py:183} INFO - Processing /home/airflow/.local/lib/python3.10/site-packages/airflow/example_dags/example_xcomargs.py took 0.112 seconds
[2025-05-09T16:28:48.189+0000] {processor.py:161} INFO - Started process (PID=13479) to work on /home/airflow/.local/lib/python3.10/site-packages/airflow/example_dags/example_xcomargs.py
[2025-05-09T16:28:48.191+0000] {processor.py:830} INFO - Processing file /home/airflow/.local/lib/python3.10/site-packages/airflow/example_dags/example_xcomargs.py for tasks to queue
[2025-05-09T16:28:48.194+0000] {logging_mixin.py:188} INFO - [2025-05-09T16:28:48.193+0000] {dagbag.py:545} INFO - Filling up the DagBag from /home/airflow/.local/lib/python3.10/site-packages/airflow/example_dags/example_xcomargs.py
[2025-05-09T16:28:48.206+0000] {processor.py:840} INFO - DAG(s) 'example_xcom_args_with_operators', 'example_xcom_args' retrieved from /home/airflow/.local/lib/python3.10/site-packages/airflow/example_dags/example_xcomargs.py
[2025-05-09T16:28:48.238+0000] {logging_mixin.py:188} INFO - [2025-05-09T16:28:48.237+0000] {dag.py:3096} INFO - Sync 2 DAGs
[2025-05-09T16:28:48.262+0000] {logging_mixin.py:188} INFO - [2025-05-09T16:28:48.261+0000] {dag.py:3954} INFO - Setting next_dagrun for example_xcom_args to None, run_after=None
[2025-05-09T16:28:48.268+0000] {logging_mixin.py:188} INFO - [2025-05-09T16:28:48.267+0000] {dag.py:3954} INFO - Setting next_dagrun for example_xcom_args_with_operators to None, run_after=None
[2025-05-09T16:28:48.308+0000] {processor.py:183} INFO - Processing /home/airflow/.local/lib/python3.10/site-packages/airflow/example_dags/example_xcomargs.py took 0.128 seconds
[2025-05-09T16:29:18.688+0000] {processor.py:161} INFO - Started process (PID=13816) to work on /home/airflow/.local/lib/python3.10/site-packages/airflow/example_dags/example_xcomargs.py
[2025-05-09T16:29:18.690+0000] {processor.py:830} INFO - Processing file /home/airflow/.local/lib/python3.10/site-packages/airflow/example_dags/example_xcomargs.py for tasks to queue
[2025-05-09T16:29:18.694+0000] {logging_mixin.py:188} INFO - [2025-05-09T16:29:18.693+0000] {dagbag.py:545} INFO - Filling up the DagBag from /home/airflow/.local/lib/python3.10/site-packages/airflow/example_dags/example_xcomargs.py
[2025-05-09T16:29:18.704+0000] {processor.py:840} INFO - DAG(s) 'example_xcom_args', 'example_xcom_args_with_operators' retrieved from /home/airflow/.local/lib/python3.10/site-packages/airflow/example_dags/example_xcomargs.py
[2025-05-09T16:29:18.737+0000] {logging_mixin.py:188} INFO - [2025-05-09T16:29:18.737+0000] {dag.py:3096} INFO - Sync 2 DAGs
[2025-05-09T16:29:18.755+0000] {logging_mixin.py:188} INFO - [2025-05-09T16:29:18.754+0000] {dag.py:3954} INFO - Setting next_dagrun for example_xcom_args to None, run_after=None
[2025-05-09T16:29:18.761+0000] {logging_mixin.py:188} INFO - [2025-05-09T16:29:18.761+0000] {dag.py:3954} INFO - Setting next_dagrun for example_xcom_args_with_operators to None, run_after=None
[2025-05-09T16:29:18.784+0000] {processor.py:183} INFO - Processing /home/airflow/.local/lib/python3.10/site-packages/airflow/example_dags/example_xcomargs.py took 0.102 seconds
[2025-05-09T16:29:49.669+0000] {processor.py:161} INFO - Started process (PID=14076) to work on /home/airflow/.local/lib/python3.10/site-packages/airflow/example_dags/example_xcomargs.py
[2025-05-09T16:29:49.671+0000] {processor.py:830} INFO - Processing file /home/airflow/.local/lib/python3.10/site-packages/airflow/example_dags/example_xcomargs.py for tasks to queue
[2025-05-09T16:29:49.673+0000] {logging_mixin.py:188} INFO - [2025-05-09T16:29:49.672+0000] {dagbag.py:545} INFO - Filling up the DagBag from /home/airflow/.local/lib/python3.10/site-packages/airflow/example_dags/example_xcomargs.py
[2025-05-09T16:29:49.683+0000] {processor.py:840} INFO - DAG(s) 'example_xcom_args_with_operators', 'example_xcom_args' retrieved from /home/airflow/.local/lib/python3.10/site-packages/airflow/example_dags/example_xcomargs.py
[2025-05-09T16:29:49.709+0000] {logging_mixin.py:188} INFO - [2025-05-09T16:29:49.708+0000] {dag.py:3096} INFO - Sync 2 DAGs
[2025-05-09T16:29:49.723+0000] {logging_mixin.py:188} INFO - [2025-05-09T16:29:49.723+0000] {dag.py:3954} INFO - Setting next_dagrun for example_xcom_args to None, run_after=None
[2025-05-09T16:29:49.728+0000] {logging_mixin.py:188} INFO - [2025-05-09T16:29:49.728+0000] {dag.py:3954} INFO - Setting next_dagrun for example_xcom_args_with_operators to None, run_after=None
[2025-05-09T16:29:49.748+0000] {processor.py:183} INFO - Processing /home/airflow/.local/lib/python3.10/site-packages/airflow/example_dags/example_xcomargs.py took 0.087 seconds
[2025-05-09T16:30:20.395+0000] {processor.py:161} INFO - Started process (PID=14389) to work on /home/airflow/.local/lib/python3.10/site-packages/airflow/example_dags/example_xcomargs.py
[2025-05-09T16:30:20.397+0000] {processor.py:830} INFO - Processing file /home/airflow/.local/lib/python3.10/site-packages/airflow/example_dags/example_xcomargs.py for tasks to queue
[2025-05-09T16:30:20.401+0000] {logging_mixin.py:188} INFO - [2025-05-09T16:30:20.400+0000] {dagbag.py:545} INFO - Filling up the DagBag from /home/airflow/.local/lib/python3.10/site-packages/airflow/example_dags/example_xcomargs.py
[2025-05-09T16:30:20.416+0000] {processor.py:840} INFO - DAG(s) 'example_xcom_args_with_operators', 'example_xcom_args' retrieved from /home/airflow/.local/lib/python3.10/site-packages/airflow/example_dags/example_xcomargs.py
[2025-05-09T16:30:20.453+0000] {logging_mixin.py:188} INFO - [2025-05-09T16:30:20.452+0000] {dag.py:3096} INFO - Sync 2 DAGs
[2025-05-09T16:30:20.470+0000] {logging_mixin.py:188} INFO - [2025-05-09T16:30:20.470+0000] {dag.py:3954} INFO - Setting next_dagrun for example_xcom_args to None, run_after=None
[2025-05-09T16:30:20.478+0000] {logging_mixin.py:188} INFO - [2025-05-09T16:30:20.478+0000] {dag.py:3954} INFO - Setting next_dagrun for example_xcom_args_with_operators to None, run_after=None
[2025-05-09T16:30:20.513+0000] {processor.py:183} INFO - Processing /home/airflow/.local/lib/python3.10/site-packages/airflow/example_dags/example_xcomargs.py took 0.129 seconds
[2025-05-09T16:30:50.703+0000] {processor.py:161} INFO - Started process (PID=14651) to work on /home/airflow/.local/lib/python3.10/site-packages/airflow/example_dags/example_xcomargs.py
[2025-05-09T16:30:50.705+0000] {processor.py:830} INFO - Processing file /home/airflow/.local/lib/python3.10/site-packages/airflow/example_dags/example_xcomargs.py for tasks to queue
[2025-05-09T16:30:50.707+0000] {logging_mixin.py:188} INFO - [2025-05-09T16:30:50.707+0000] {dagbag.py:545} INFO - Filling up the DagBag from /home/airflow/.local/lib/python3.10/site-packages/airflow/example_dags/example_xcomargs.py
[2025-05-09T16:30:50.717+0000] {processor.py:840} INFO - DAG(s) 'example_xcom_args', 'example_xcom_args_with_operators' retrieved from /home/airflow/.local/lib/python3.10/site-packages/airflow/example_dags/example_xcomargs.py
[2025-05-09T16:30:50.747+0000] {logging_mixin.py:188} INFO - [2025-05-09T16:30:50.747+0000] {dag.py:3096} INFO - Sync 2 DAGs
[2025-05-09T16:30:50.763+0000] {logging_mixin.py:188} INFO - [2025-05-09T16:30:50.763+0000] {dag.py:3954} INFO - Setting next_dagrun for example_xcom_args to None, run_after=None
[2025-05-09T16:30:50.768+0000] {logging_mixin.py:188} INFO - [2025-05-09T16:30:50.768+0000] {dag.py:3954} INFO - Setting next_dagrun for example_xcom_args_with_operators to None, run_after=None
[2025-05-09T16:30:50.791+0000] {processor.py:183} INFO - Processing /home/airflow/.local/lib/python3.10/site-packages/airflow/example_dags/example_xcomargs.py took 0.093 seconds
