[2025-05-09T12:10:18.777+0000] {processor.py:161} INFO - Started process (PID=202) to work on /home/airflow/.local/lib/python3.10/site-packages/airflow/example_dags/example_python_decorator.py
[2025-05-09T12:10:18.779+0000] {processor.py:830} INFO - Processing file /home/airflow/.local/lib/python3.10/site-packages/airflow/example_dags/example_python_decorator.py for tasks to queue
[2025-05-09T12:10:18.783+0000] {logging_mixin.py:188} INFO - [2025-05-09T12:10:18.782+0000] {dagbag.py:545} INFO - Filling up the DagBag from /home/airflow/.local/lib/python3.10/site-packages/airflow/example_dags/example_python_decorator.py
[2025-05-09T12:10:18.810+0000] {processor.py:840} INFO - DAG(s) 'example_python_decorator' retrieved from /home/airflow/.local/lib/python3.10/site-packages/airflow/example_dags/example_python_decorator.py
[2025-05-09T12:10:18.830+0000] {logging_mixin.py:188} INFO - [2025-05-09T12:10:18.830+0000] {dag.py:3096} INFO - Sync 1 DAGs
[2025-05-09T12:10:18.851+0000] {logging_mixin.py:188} INFO - [2025-05-09T12:10:18.851+0000] {dag.py:3954} INFO - Setting next_dagrun for example_python_decorator to None, run_after=None
[2025-05-09T12:10:18.888+0000] {processor.py:183} INFO - Processing /home/airflow/.local/lib/python3.10/site-packages/airflow/example_dags/example_python_decorator.py took 0.120 seconds
[2025-05-09T12:10:49.549+0000] {processor.py:161} INFO - Started process (PID=457) to work on /home/airflow/.local/lib/python3.10/site-packages/airflow/example_dags/example_python_decorator.py
[2025-05-09T12:10:49.551+0000] {processor.py:830} INFO - Processing file /home/airflow/.local/lib/python3.10/site-packages/airflow/example_dags/example_python_decorator.py for tasks to queue
[2025-05-09T12:10:49.553+0000] {logging_mixin.py:188} INFO - [2025-05-09T12:10:49.553+0000] {dagbag.py:545} INFO - Filling up the DagBag from /home/airflow/.local/lib/python3.10/site-packages/airflow/example_dags/example_python_decorator.py
[2025-05-09T12:10:49.573+0000] {processor.py:840} INFO - DAG(s) 'example_python_decorator' retrieved from /home/airflow/.local/lib/python3.10/site-packages/airflow/example_dags/example_python_decorator.py
[2025-05-09T12:10:49.689+0000] {logging_mixin.py:188} INFO - [2025-05-09T12:10:49.689+0000] {dag.py:3096} INFO - Sync 1 DAGs
[2025-05-09T12:10:49.700+0000] {logging_mixin.py:188} INFO - [2025-05-09T12:10:49.699+0000] {dag.py:3954} INFO - Setting next_dagrun for example_python_decorator to None, run_after=None
[2025-05-09T12:10:49.721+0000] {processor.py:183} INFO - Processing /home/airflow/.local/lib/python3.10/site-packages/airflow/example_dags/example_python_decorator.py took 0.181 seconds
[2025-05-09T12:11:20.717+0000] {processor.py:161} INFO - Started process (PID=713) to work on /home/airflow/.local/lib/python3.10/site-packages/airflow/example_dags/example_python_decorator.py
[2025-05-09T12:11:20.719+0000] {processor.py:830} INFO - Processing file /home/airflow/.local/lib/python3.10/site-packages/airflow/example_dags/example_python_decorator.py for tasks to queue
[2025-05-09T12:11:20.721+0000] {logging_mixin.py:188} INFO - [2025-05-09T12:11:20.720+0000] {dagbag.py:545} INFO - Filling up the DagBag from /home/airflow/.local/lib/python3.10/site-packages/airflow/example_dags/example_python_decorator.py
[2025-05-09T12:11:20.736+0000] {processor.py:840} INFO - DAG(s) 'example_python_decorator' retrieved from /home/airflow/.local/lib/python3.10/site-packages/airflow/example_dags/example_python_decorator.py
[2025-05-09T12:11:20.762+0000] {logging_mixin.py:188} INFO - [2025-05-09T12:11:20.762+0000] {dag.py:3096} INFO - Sync 1 DAGs
[2025-05-09T12:11:20.777+0000] {logging_mixin.py:188} INFO - [2025-05-09T12:11:20.777+0000] {dag.py:3954} INFO - Setting next_dagrun for example_python_decorator to None, run_after=None
[2025-05-09T12:11:20.802+0000] {processor.py:183} INFO - Processing /home/airflow/.local/lib/python3.10/site-packages/airflow/example_dags/example_python_decorator.py took 0.093 seconds
[2025-05-09T12:11:51.742+0000] {processor.py:161} INFO - Started process (PID=969) to work on /home/airflow/.local/lib/python3.10/site-packages/airflow/example_dags/example_python_decorator.py
[2025-05-09T12:11:51.743+0000] {processor.py:830} INFO - Processing file /home/airflow/.local/lib/python3.10/site-packages/airflow/example_dags/example_python_decorator.py for tasks to queue
[2025-05-09T12:11:51.745+0000] {logging_mixin.py:188} INFO - [2025-05-09T12:11:51.745+0000] {dagbag.py:545} INFO - Filling up the DagBag from /home/airflow/.local/lib/python3.10/site-packages/airflow/example_dags/example_python_decorator.py
[2025-05-09T12:11:51.760+0000] {processor.py:840} INFO - DAG(s) 'example_python_decorator' retrieved from /home/airflow/.local/lib/python3.10/site-packages/airflow/example_dags/example_python_decorator.py
[2025-05-09T12:11:51.791+0000] {logging_mixin.py:188} INFO - [2025-05-09T12:11:51.790+0000] {dag.py:3096} INFO - Sync 1 DAGs
[2025-05-09T12:11:51.805+0000] {logging_mixin.py:188} INFO - [2025-05-09T12:11:51.804+0000] {dag.py:3954} INFO - Setting next_dagrun for example_python_decorator to None, run_after=None
[2025-05-09T12:11:51.827+0000] {processor.py:183} INFO - Processing /home/airflow/.local/lib/python3.10/site-packages/airflow/example_dags/example_python_decorator.py took 0.094 seconds
[2025-05-09T12:12:22.392+0000] {processor.py:161} INFO - Started process (PID=1225) to work on /home/airflow/.local/lib/python3.10/site-packages/airflow/example_dags/example_python_decorator.py
[2025-05-09T12:12:22.393+0000] {processor.py:830} INFO - Processing file /home/airflow/.local/lib/python3.10/site-packages/airflow/example_dags/example_python_decorator.py for tasks to queue
[2025-05-09T12:12:22.396+0000] {logging_mixin.py:188} INFO - [2025-05-09T12:12:22.395+0000] {dagbag.py:545} INFO - Filling up the DagBag from /home/airflow/.local/lib/python3.10/site-packages/airflow/example_dags/example_python_decorator.py
[2025-05-09T12:12:22.413+0000] {processor.py:840} INFO - DAG(s) 'example_python_decorator' retrieved from /home/airflow/.local/lib/python3.10/site-packages/airflow/example_dags/example_python_decorator.py
[2025-05-09T12:12:22.441+0000] {logging_mixin.py:188} INFO - [2025-05-09T12:12:22.440+0000] {dag.py:3096} INFO - Sync 1 DAGs
[2025-05-09T12:12:22.460+0000] {logging_mixin.py:188} INFO - [2025-05-09T12:12:22.460+0000] {dag.py:3954} INFO - Setting next_dagrun for example_python_decorator to None, run_after=None
[2025-05-09T12:12:22.486+0000] {processor.py:183} INFO - Processing /home/airflow/.local/lib/python3.10/site-packages/airflow/example_dags/example_python_decorator.py took 0.104 seconds
[2025-05-09T12:12:52.623+0000] {processor.py:161} INFO - Started process (PID=1481) to work on /home/airflow/.local/lib/python3.10/site-packages/airflow/example_dags/example_python_decorator.py
[2025-05-09T12:12:52.637+0000] {processor.py:830} INFO - Processing file /home/airflow/.local/lib/python3.10/site-packages/airflow/example_dags/example_python_decorator.py for tasks to queue
[2025-05-09T12:12:52.639+0000] {logging_mixin.py:188} INFO - [2025-05-09T12:12:52.639+0000] {dagbag.py:545} INFO - Filling up the DagBag from /home/airflow/.local/lib/python3.10/site-packages/airflow/example_dags/example_python_decorator.py
[2025-05-09T12:12:52.661+0000] {processor.py:840} INFO - DAG(s) 'example_python_decorator' retrieved from /home/airflow/.local/lib/python3.10/site-packages/airflow/example_dags/example_python_decorator.py
[2025-05-09T12:12:52.693+0000] {logging_mixin.py:188} INFO - [2025-05-09T12:12:52.693+0000] {dag.py:3096} INFO - Sync 1 DAGs
[2025-05-09T12:12:52.710+0000] {logging_mixin.py:188} INFO - [2025-05-09T12:12:52.709+0000] {dag.py:3954} INFO - Setting next_dagrun for example_python_decorator to None, run_after=None
[2025-05-09T12:12:52.736+0000] {processor.py:183} INFO - Processing /home/airflow/.local/lib/python3.10/site-packages/airflow/example_dags/example_python_decorator.py took 0.124 seconds
[2025-05-09T12:13:22.897+0000] {processor.py:161} INFO - Started process (PID=1737) to work on /home/airflow/.local/lib/python3.10/site-packages/airflow/example_dags/example_python_decorator.py
[2025-05-09T12:13:22.899+0000] {processor.py:830} INFO - Processing file /home/airflow/.local/lib/python3.10/site-packages/airflow/example_dags/example_python_decorator.py for tasks to queue
[2025-05-09T12:13:22.902+0000] {logging_mixin.py:188} INFO - [2025-05-09T12:13:22.901+0000] {dagbag.py:545} INFO - Filling up the DagBag from /home/airflow/.local/lib/python3.10/site-packages/airflow/example_dags/example_python_decorator.py
[2025-05-09T12:13:22.920+0000] {processor.py:840} INFO - DAG(s) 'example_python_decorator' retrieved from /home/airflow/.local/lib/python3.10/site-packages/airflow/example_dags/example_python_decorator.py
[2025-05-09T12:13:22.947+0000] {logging_mixin.py:188} INFO - [2025-05-09T12:13:22.947+0000] {dag.py:3096} INFO - Sync 1 DAGs
[2025-05-09T12:13:22.962+0000] {logging_mixin.py:188} INFO - [2025-05-09T12:13:22.961+0000] {dag.py:3954} INFO - Setting next_dagrun for example_python_decorator to None, run_after=None
[2025-05-09T12:13:22.985+0000] {processor.py:183} INFO - Processing /home/airflow/.local/lib/python3.10/site-packages/airflow/example_dags/example_python_decorator.py took 0.098 seconds
[2025-05-09T12:13:53.324+0000] {processor.py:161} INFO - Started process (PID=1995) to work on /home/airflow/.local/lib/python3.10/site-packages/airflow/example_dags/example_python_decorator.py
[2025-05-09T12:13:53.325+0000] {processor.py:830} INFO - Processing file /home/airflow/.local/lib/python3.10/site-packages/airflow/example_dags/example_python_decorator.py for tasks to queue
[2025-05-09T12:13:53.327+0000] {logging_mixin.py:188} INFO - [2025-05-09T12:13:53.327+0000] {dagbag.py:545} INFO - Filling up the DagBag from /home/airflow/.local/lib/python3.10/site-packages/airflow/example_dags/example_python_decorator.py
[2025-05-09T12:13:53.342+0000] {processor.py:840} INFO - DAG(s) 'example_python_decorator' retrieved from /home/airflow/.local/lib/python3.10/site-packages/airflow/example_dags/example_python_decorator.py
[2025-05-09T12:13:53.371+0000] {logging_mixin.py:188} INFO - [2025-05-09T12:13:53.370+0000] {dag.py:3096} INFO - Sync 1 DAGs
[2025-05-09T12:13:53.388+0000] {logging_mixin.py:188} INFO - [2025-05-09T12:13:53.388+0000] {dag.py:3954} INFO - Setting next_dagrun for example_python_decorator to None, run_after=None
[2025-05-09T12:13:53.410+0000] {processor.py:183} INFO - Processing /home/airflow/.local/lib/python3.10/site-packages/airflow/example_dags/example_python_decorator.py took 0.093 seconds
[2025-05-09T12:14:23.861+0000] {processor.py:161} INFO - Started process (PID=2251) to work on /home/airflow/.local/lib/python3.10/site-packages/airflow/example_dags/example_python_decorator.py
[2025-05-09T12:14:23.862+0000] {processor.py:830} INFO - Processing file /home/airflow/.local/lib/python3.10/site-packages/airflow/example_dags/example_python_decorator.py for tasks to queue
[2025-05-09T12:14:23.865+0000] {logging_mixin.py:188} INFO - [2025-05-09T12:14:23.864+0000] {dagbag.py:545} INFO - Filling up the DagBag from /home/airflow/.local/lib/python3.10/site-packages/airflow/example_dags/example_python_decorator.py
[2025-05-09T12:14:23.879+0000] {processor.py:840} INFO - DAG(s) 'example_python_decorator' retrieved from /home/airflow/.local/lib/python3.10/site-packages/airflow/example_dags/example_python_decorator.py
[2025-05-09T12:14:23.908+0000] {logging_mixin.py:188} INFO - [2025-05-09T12:14:23.908+0000] {dag.py:3096} INFO - Sync 1 DAGs
[2025-05-09T12:14:23.924+0000] {logging_mixin.py:188} INFO - [2025-05-09T12:14:23.924+0000] {dag.py:3954} INFO - Setting next_dagrun for example_python_decorator to None, run_after=None
[2025-05-09T12:14:23.951+0000] {processor.py:183} INFO - Processing /home/airflow/.local/lib/python3.10/site-packages/airflow/example_dags/example_python_decorator.py took 0.098 seconds
[2025-05-09T12:14:54.185+0000] {processor.py:161} INFO - Started process (PID=2506) to work on /home/airflow/.local/lib/python3.10/site-packages/airflow/example_dags/example_python_decorator.py
[2025-05-09T12:14:54.186+0000] {processor.py:830} INFO - Processing file /home/airflow/.local/lib/python3.10/site-packages/airflow/example_dags/example_python_decorator.py for tasks to queue
[2025-05-09T12:14:54.189+0000] {logging_mixin.py:188} INFO - [2025-05-09T12:14:54.189+0000] {dagbag.py:545} INFO - Filling up the DagBag from /home/airflow/.local/lib/python3.10/site-packages/airflow/example_dags/example_python_decorator.py
[2025-05-09T12:14:54.206+0000] {processor.py:840} INFO - DAG(s) 'example_python_decorator' retrieved from /home/airflow/.local/lib/python3.10/site-packages/airflow/example_dags/example_python_decorator.py
[2025-05-09T12:14:54.235+0000] {logging_mixin.py:188} INFO - [2025-05-09T12:14:54.235+0000] {dag.py:3096} INFO - Sync 1 DAGs
[2025-05-09T12:14:54.253+0000] {logging_mixin.py:188} INFO - [2025-05-09T12:14:54.252+0000] {dag.py:3954} INFO - Setting next_dagrun for example_python_decorator to None, run_after=None
[2025-05-09T12:14:54.295+0000] {processor.py:183} INFO - Processing /home/airflow/.local/lib/python3.10/site-packages/airflow/example_dags/example_python_decorator.py took 0.120 seconds
[2025-05-09T12:15:24.704+0000] {processor.py:161} INFO - Started process (PID=2767) to work on /home/airflow/.local/lib/python3.10/site-packages/airflow/example_dags/example_python_decorator.py
[2025-05-09T12:15:24.713+0000] {processor.py:830} INFO - Processing file /home/airflow/.local/lib/python3.10/site-packages/airflow/example_dags/example_python_decorator.py for tasks to queue
[2025-05-09T12:15:24.718+0000] {logging_mixin.py:188} INFO - [2025-05-09T12:15:24.718+0000] {dagbag.py:545} INFO - Filling up the DagBag from /home/airflow/.local/lib/python3.10/site-packages/airflow/example_dags/example_python_decorator.py
[2025-05-09T12:15:24.743+0000] {processor.py:840} INFO - DAG(s) 'example_python_decorator' retrieved from /home/airflow/.local/lib/python3.10/site-packages/airflow/example_dags/example_python_decorator.py
[2025-05-09T12:15:24.779+0000] {logging_mixin.py:188} INFO - [2025-05-09T12:15:24.779+0000] {dag.py:3096} INFO - Sync 1 DAGs
[2025-05-09T12:15:24.799+0000] {logging_mixin.py:188} INFO - [2025-05-09T12:15:24.798+0000] {dag.py:3954} INFO - Setting next_dagrun for example_python_decorator to None, run_after=None
[2025-05-09T12:15:24.828+0000] {processor.py:183} INFO - Processing /home/airflow/.local/lib/python3.10/site-packages/airflow/example_dags/example_python_decorator.py took 0.132 seconds
[2025-05-09T12:43:51.683+0000] {processor.py:161} INFO - Started process (PID=207) to work on /home/airflow/.local/lib/python3.10/site-packages/airflow/example_dags/example_python_decorator.py
[2025-05-09T12:43:51.685+0000] {processor.py:830} INFO - Processing file /home/airflow/.local/lib/python3.10/site-packages/airflow/example_dags/example_python_decorator.py for tasks to queue
[2025-05-09T12:43:51.689+0000] {logging_mixin.py:188} INFO - [2025-05-09T12:43:51.688+0000] {dagbag.py:545} INFO - Filling up the DagBag from /home/airflow/.local/lib/python3.10/site-packages/airflow/example_dags/example_python_decorator.py
[2025-05-09T12:43:51.714+0000] {processor.py:840} INFO - DAG(s) 'example_python_decorator' retrieved from /home/airflow/.local/lib/python3.10/site-packages/airflow/example_dags/example_python_decorator.py
[2025-05-09T12:43:51.736+0000] {logging_mixin.py:188} INFO - [2025-05-09T12:43:51.735+0000] {dag.py:3096} INFO - Sync 1 DAGs
[2025-05-09T12:43:51.760+0000] {logging_mixin.py:188} INFO - [2025-05-09T12:43:51.760+0000] {dag.py:3954} INFO - Setting next_dagrun for example_python_decorator to None, run_after=None
[2025-05-09T12:43:51.797+0000] {processor.py:183} INFO - Processing /home/airflow/.local/lib/python3.10/site-packages/airflow/example_dags/example_python_decorator.py took 0.124 seconds
[2025-05-09T12:44:22.817+0000] {processor.py:161} INFO - Started process (PID=469) to work on /home/airflow/.local/lib/python3.10/site-packages/airflow/example_dags/example_python_decorator.py
[2025-05-09T12:44:22.818+0000] {processor.py:830} INFO - Processing file /home/airflow/.local/lib/python3.10/site-packages/airflow/example_dags/example_python_decorator.py for tasks to queue
[2025-05-09T12:44:22.821+0000] {logging_mixin.py:188} INFO - [2025-05-09T12:44:22.820+0000] {dagbag.py:545} INFO - Filling up the DagBag from /home/airflow/.local/lib/python3.10/site-packages/airflow/example_dags/example_python_decorator.py
[2025-05-09T12:44:22.839+0000] {processor.py:840} INFO - DAG(s) 'example_python_decorator' retrieved from /home/airflow/.local/lib/python3.10/site-packages/airflow/example_dags/example_python_decorator.py
[2025-05-09T12:44:22.997+0000] {logging_mixin.py:188} INFO - [2025-05-09T12:44:22.997+0000] {dag.py:3096} INFO - Sync 1 DAGs
[2025-05-09T12:44:23.012+0000] {logging_mixin.py:188} INFO - [2025-05-09T12:44:23.011+0000] {dag.py:3954} INFO - Setting next_dagrun for example_python_decorator to None, run_after=None
[2025-05-09T12:44:23.038+0000] {processor.py:183} INFO - Processing /home/airflow/.local/lib/python3.10/site-packages/airflow/example_dags/example_python_decorator.py took 0.230 seconds
[2025-05-09T12:44:53.111+0000] {processor.py:161} INFO - Started process (PID=731) to work on /home/airflow/.local/lib/python3.10/site-packages/airflow/example_dags/example_python_decorator.py
[2025-05-09T12:44:53.112+0000] {processor.py:830} INFO - Processing file /home/airflow/.local/lib/python3.10/site-packages/airflow/example_dags/example_python_decorator.py for tasks to queue
[2025-05-09T12:44:53.114+0000] {logging_mixin.py:188} INFO - [2025-05-09T12:44:53.114+0000] {dagbag.py:545} INFO - Filling up the DagBag from /home/airflow/.local/lib/python3.10/site-packages/airflow/example_dags/example_python_decorator.py
[2025-05-09T12:44:53.130+0000] {processor.py:840} INFO - DAG(s) 'example_python_decorator' retrieved from /home/airflow/.local/lib/python3.10/site-packages/airflow/example_dags/example_python_decorator.py
[2025-05-09T12:44:53.154+0000] {logging_mixin.py:188} INFO - [2025-05-09T12:44:53.153+0000] {dag.py:3096} INFO - Sync 1 DAGs
[2025-05-09T12:44:53.166+0000] {logging_mixin.py:188} INFO - [2025-05-09T12:44:53.166+0000] {dag.py:3954} INFO - Setting next_dagrun for example_python_decorator to None, run_after=None
[2025-05-09T12:44:53.188+0000] {processor.py:183} INFO - Processing /home/airflow/.local/lib/python3.10/site-packages/airflow/example_dags/example_python_decorator.py took 0.085 seconds
[2025-05-09T12:45:23.648+0000] {processor.py:161} INFO - Started process (PID=995) to work on /home/airflow/.local/lib/python3.10/site-packages/airflow/example_dags/example_python_decorator.py
[2025-05-09T12:45:23.650+0000] {processor.py:830} INFO - Processing file /home/airflow/.local/lib/python3.10/site-packages/airflow/example_dags/example_python_decorator.py for tasks to queue
[2025-05-09T12:45:23.653+0000] {logging_mixin.py:188} INFO - [2025-05-09T12:45:23.652+0000] {dagbag.py:545} INFO - Filling up the DagBag from /home/airflow/.local/lib/python3.10/site-packages/airflow/example_dags/example_python_decorator.py
[2025-05-09T12:45:23.670+0000] {processor.py:840} INFO - DAG(s) 'example_python_decorator' retrieved from /home/airflow/.local/lib/python3.10/site-packages/airflow/example_dags/example_python_decorator.py
[2025-05-09T12:45:23.731+0000] {logging_mixin.py:188} INFO - [2025-05-09T12:45:23.730+0000] {dag.py:3096} INFO - Sync 1 DAGs
[2025-05-09T12:45:23.751+0000] {logging_mixin.py:188} INFO - [2025-05-09T12:45:23.751+0000] {dag.py:3954} INFO - Setting next_dagrun for example_python_decorator to None, run_after=None
[2025-05-09T12:45:23.797+0000] {processor.py:183} INFO - Processing /home/airflow/.local/lib/python3.10/site-packages/airflow/example_dags/example_python_decorator.py took 0.156 seconds
[2025-05-09T12:45:54.009+0000] {processor.py:161} INFO - Started process (PID=1255) to work on /home/airflow/.local/lib/python3.10/site-packages/airflow/example_dags/example_python_decorator.py
[2025-05-09T12:45:54.012+0000] {processor.py:830} INFO - Processing file /home/airflow/.local/lib/python3.10/site-packages/airflow/example_dags/example_python_decorator.py for tasks to queue
[2025-05-09T12:45:54.018+0000] {logging_mixin.py:188} INFO - [2025-05-09T12:45:54.017+0000] {dagbag.py:545} INFO - Filling up the DagBag from /home/airflow/.local/lib/python3.10/site-packages/airflow/example_dags/example_python_decorator.py
[2025-05-09T12:45:54.041+0000] {processor.py:840} INFO - DAG(s) 'example_python_decorator' retrieved from /home/airflow/.local/lib/python3.10/site-packages/airflow/example_dags/example_python_decorator.py
[2025-05-09T12:45:54.078+0000] {logging_mixin.py:188} INFO - [2025-05-09T12:45:54.077+0000] {dag.py:3096} INFO - Sync 1 DAGs
[2025-05-09T12:45:54.098+0000] {logging_mixin.py:188} INFO - [2025-05-09T12:45:54.098+0000] {dag.py:3954} INFO - Setting next_dagrun for example_python_decorator to None, run_after=None
[2025-05-09T12:45:54.130+0000] {processor.py:183} INFO - Processing /home/airflow/.local/lib/python3.10/site-packages/airflow/example_dags/example_python_decorator.py took 0.130 seconds
[2025-05-09T12:46:24.781+0000] {processor.py:161} INFO - Started process (PID=1517) to work on /home/airflow/.local/lib/python3.10/site-packages/airflow/example_dags/example_python_decorator.py
[2025-05-09T12:46:24.782+0000] {processor.py:830} INFO - Processing file /home/airflow/.local/lib/python3.10/site-packages/airflow/example_dags/example_python_decorator.py for tasks to queue
[2025-05-09T12:46:24.784+0000] {logging_mixin.py:188} INFO - [2025-05-09T12:46:24.784+0000] {dagbag.py:545} INFO - Filling up the DagBag from /home/airflow/.local/lib/python3.10/site-packages/airflow/example_dags/example_python_decorator.py
[2025-05-09T12:46:24.797+0000] {processor.py:840} INFO - DAG(s) 'example_python_decorator' retrieved from /home/airflow/.local/lib/python3.10/site-packages/airflow/example_dags/example_python_decorator.py
[2025-05-09T12:46:24.825+0000] {logging_mixin.py:188} INFO - [2025-05-09T12:46:24.824+0000] {dag.py:3096} INFO - Sync 1 DAGs
[2025-05-09T12:46:24.838+0000] {logging_mixin.py:188} INFO - [2025-05-09T12:46:24.838+0000] {dag.py:3954} INFO - Setting next_dagrun for example_python_decorator to None, run_after=None
[2025-05-09T12:46:24.862+0000] {processor.py:183} INFO - Processing /home/airflow/.local/lib/python3.10/site-packages/airflow/example_dags/example_python_decorator.py took 0.088 seconds
[2025-05-09T12:46:55.303+0000] {processor.py:161} INFO - Started process (PID=1779) to work on /home/airflow/.local/lib/python3.10/site-packages/airflow/example_dags/example_python_decorator.py
[2025-05-09T12:46:55.305+0000] {processor.py:830} INFO - Processing file /home/airflow/.local/lib/python3.10/site-packages/airflow/example_dags/example_python_decorator.py for tasks to queue
[2025-05-09T12:46:55.308+0000] {logging_mixin.py:188} INFO - [2025-05-09T12:46:55.308+0000] {dagbag.py:545} INFO - Filling up the DagBag from /home/airflow/.local/lib/python3.10/site-packages/airflow/example_dags/example_python_decorator.py
[2025-05-09T12:46:55.323+0000] {processor.py:840} INFO - DAG(s) 'example_python_decorator' retrieved from /home/airflow/.local/lib/python3.10/site-packages/airflow/example_dags/example_python_decorator.py
[2025-05-09T12:46:55.350+0000] {logging_mixin.py:188} INFO - [2025-05-09T12:46:55.350+0000] {dag.py:3096} INFO - Sync 1 DAGs
[2025-05-09T12:46:55.364+0000] {logging_mixin.py:188} INFO - [2025-05-09T12:46:55.363+0000] {dag.py:3954} INFO - Setting next_dagrun for example_python_decorator to None, run_after=None
[2025-05-09T12:46:55.391+0000] {processor.py:183} INFO - Processing /home/airflow/.local/lib/python3.10/site-packages/airflow/example_dags/example_python_decorator.py took 0.094 seconds
[2025-05-09T12:47:26.330+0000] {processor.py:161} INFO - Started process (PID=2050) to work on /home/airflow/.local/lib/python3.10/site-packages/airflow/example_dags/example_python_decorator.py
[2025-05-09T12:47:26.332+0000] {processor.py:830} INFO - Processing file /home/airflow/.local/lib/python3.10/site-packages/airflow/example_dags/example_python_decorator.py for tasks to queue
[2025-05-09T12:47:26.334+0000] {logging_mixin.py:188} INFO - [2025-05-09T12:47:26.334+0000] {dagbag.py:545} INFO - Filling up the DagBag from /home/airflow/.local/lib/python3.10/site-packages/airflow/example_dags/example_python_decorator.py
[2025-05-09T12:47:26.349+0000] {processor.py:840} INFO - DAG(s) 'example_python_decorator' retrieved from /home/airflow/.local/lib/python3.10/site-packages/airflow/example_dags/example_python_decorator.py
[2025-05-09T12:47:26.378+0000] {logging_mixin.py:188} INFO - [2025-05-09T12:47:26.378+0000] {dag.py:3096} INFO - Sync 1 DAGs
[2025-05-09T12:47:26.393+0000] {logging_mixin.py:188} INFO - [2025-05-09T12:47:26.393+0000] {dag.py:3954} INFO - Setting next_dagrun for example_python_decorator to None, run_after=None
[2025-05-09T12:47:26.417+0000] {processor.py:183} INFO - Processing /home/airflow/.local/lib/python3.10/site-packages/airflow/example_dags/example_python_decorator.py took 0.094 seconds
[2025-05-09T12:47:56.959+0000] {processor.py:161} INFO - Started process (PID=2312) to work on /home/airflow/.local/lib/python3.10/site-packages/airflow/example_dags/example_python_decorator.py
[2025-05-09T12:47:56.961+0000] {processor.py:830} INFO - Processing file /home/airflow/.local/lib/python3.10/site-packages/airflow/example_dags/example_python_decorator.py for tasks to queue
[2025-05-09T12:47:56.965+0000] {logging_mixin.py:188} INFO - [2025-05-09T12:47:56.964+0000] {dagbag.py:545} INFO - Filling up the DagBag from /home/airflow/.local/lib/python3.10/site-packages/airflow/example_dags/example_python_decorator.py
[2025-05-09T12:47:56.985+0000] {processor.py:840} INFO - DAG(s) 'example_python_decorator' retrieved from /home/airflow/.local/lib/python3.10/site-packages/airflow/example_dags/example_python_decorator.py
[2025-05-09T12:47:57.017+0000] {logging_mixin.py:188} INFO - [2025-05-09T12:47:57.016+0000] {dag.py:3096} INFO - Sync 1 DAGs
[2025-05-09T12:47:57.033+0000] {logging_mixin.py:188} INFO - [2025-05-09T12:47:57.032+0000] {dag.py:3954} INFO - Setting next_dagrun for example_python_decorator to None, run_after=None
[2025-05-09T12:47:57.061+0000] {processor.py:183} INFO - Processing /home/airflow/.local/lib/python3.10/site-packages/airflow/example_dags/example_python_decorator.py took 0.110 seconds
[2025-05-09T12:48:27.409+0000] {processor.py:161} INFO - Started process (PID=2583) to work on /home/airflow/.local/lib/python3.10/site-packages/airflow/example_dags/example_python_decorator.py
[2025-05-09T12:48:27.410+0000] {processor.py:830} INFO - Processing file /home/airflow/.local/lib/python3.10/site-packages/airflow/example_dags/example_python_decorator.py for tasks to queue
[2025-05-09T12:48:27.413+0000] {logging_mixin.py:188} INFO - [2025-05-09T12:48:27.412+0000] {dagbag.py:545} INFO - Filling up the DagBag from /home/airflow/.local/lib/python3.10/site-packages/airflow/example_dags/example_python_decorator.py
[2025-05-09T12:48:27.427+0000] {processor.py:840} INFO - DAG(s) 'example_python_decorator' retrieved from /home/airflow/.local/lib/python3.10/site-packages/airflow/example_dags/example_python_decorator.py
[2025-05-09T12:48:27.452+0000] {logging_mixin.py:188} INFO - [2025-05-09T12:48:27.451+0000] {dag.py:3096} INFO - Sync 1 DAGs
[2025-05-09T12:48:27.464+0000] {logging_mixin.py:188} INFO - [2025-05-09T12:48:27.464+0000] {dag.py:3954} INFO - Setting next_dagrun for example_python_decorator to None, run_after=None
[2025-05-09T12:48:27.489+0000] {processor.py:183} INFO - Processing /home/airflow/.local/lib/python3.10/site-packages/airflow/example_dags/example_python_decorator.py took 0.089 seconds
[2025-05-09T12:48:58.047+0000] {processor.py:161} INFO - Started process (PID=2845) to work on /home/airflow/.local/lib/python3.10/site-packages/airflow/example_dags/example_python_decorator.py
[2025-05-09T12:48:58.048+0000] {processor.py:830} INFO - Processing file /home/airflow/.local/lib/python3.10/site-packages/airflow/example_dags/example_python_decorator.py for tasks to queue
[2025-05-09T12:48:58.052+0000] {logging_mixin.py:188} INFO - [2025-05-09T12:48:58.051+0000] {dagbag.py:545} INFO - Filling up the DagBag from /home/airflow/.local/lib/python3.10/site-packages/airflow/example_dags/example_python_decorator.py
[2025-05-09T12:48:58.067+0000] {processor.py:840} INFO - DAG(s) 'example_python_decorator' retrieved from /home/airflow/.local/lib/python3.10/site-packages/airflow/example_dags/example_python_decorator.py
[2025-05-09T12:48:58.097+0000] {logging_mixin.py:188} INFO - [2025-05-09T12:48:58.096+0000] {dag.py:3096} INFO - Sync 1 DAGs
[2025-05-09T12:48:58.112+0000] {logging_mixin.py:188} INFO - [2025-05-09T12:48:58.112+0000] {dag.py:3954} INFO - Setting next_dagrun for example_python_decorator to None, run_after=None
[2025-05-09T12:48:58.134+0000] {processor.py:183} INFO - Processing /home/airflow/.local/lib/python3.10/site-packages/airflow/example_dags/example_python_decorator.py took 0.094 seconds
[2025-05-09T12:49:28.971+0000] {processor.py:161} INFO - Started process (PID=3107) to work on /home/airflow/.local/lib/python3.10/site-packages/airflow/example_dags/example_python_decorator.py
[2025-05-09T12:49:28.972+0000] {processor.py:830} INFO - Processing file /home/airflow/.local/lib/python3.10/site-packages/airflow/example_dags/example_python_decorator.py for tasks to queue
[2025-05-09T12:49:28.975+0000] {logging_mixin.py:188} INFO - [2025-05-09T12:49:28.975+0000] {dagbag.py:545} INFO - Filling up the DagBag from /home/airflow/.local/lib/python3.10/site-packages/airflow/example_dags/example_python_decorator.py
[2025-05-09T12:49:28.996+0000] {processor.py:840} INFO - DAG(s) 'example_python_decorator' retrieved from /home/airflow/.local/lib/python3.10/site-packages/airflow/example_dags/example_python_decorator.py
[2025-05-09T12:49:29.071+0000] {logging_mixin.py:188} INFO - [2025-05-09T12:49:29.071+0000] {dag.py:3096} INFO - Sync 1 DAGs
[2025-05-09T12:49:29.104+0000] {logging_mixin.py:188} INFO - [2025-05-09T12:49:29.103+0000] {dag.py:3954} INFO - Setting next_dagrun for example_python_decorator to None, run_after=None
[2025-05-09T12:49:29.153+0000] {processor.py:183} INFO - Processing /home/airflow/.local/lib/python3.10/site-packages/airflow/example_dags/example_python_decorator.py took 0.217 seconds
[2025-05-09T12:49:59.556+0000] {processor.py:161} INFO - Started process (PID=3369) to work on /home/airflow/.local/lib/python3.10/site-packages/airflow/example_dags/example_python_decorator.py
[2025-05-09T12:49:59.557+0000] {processor.py:830} INFO - Processing file /home/airflow/.local/lib/python3.10/site-packages/airflow/example_dags/example_python_decorator.py for tasks to queue
[2025-05-09T12:49:59.561+0000] {logging_mixin.py:188} INFO - [2025-05-09T12:49:59.560+0000] {dagbag.py:545} INFO - Filling up the DagBag from /home/airflow/.local/lib/python3.10/site-packages/airflow/example_dags/example_python_decorator.py
[2025-05-09T12:49:59.580+0000] {processor.py:840} INFO - DAG(s) 'example_python_decorator' retrieved from /home/airflow/.local/lib/python3.10/site-packages/airflow/example_dags/example_python_decorator.py
[2025-05-09T12:49:59.608+0000] {logging_mixin.py:188} INFO - [2025-05-09T12:49:59.608+0000] {dag.py:3096} INFO - Sync 1 DAGs
[2025-05-09T12:49:59.626+0000] {logging_mixin.py:188} INFO - [2025-05-09T12:49:59.626+0000] {dag.py:3954} INFO - Setting next_dagrun for example_python_decorator to None, run_after=None
[2025-05-09T12:49:59.653+0000] {processor.py:183} INFO - Processing /home/airflow/.local/lib/python3.10/site-packages/airflow/example_dags/example_python_decorator.py took 0.105 seconds
[2025-05-09T12:50:29.939+0000] {processor.py:161} INFO - Started process (PID=3640) to work on /home/airflow/.local/lib/python3.10/site-packages/airflow/example_dags/example_python_decorator.py
[2025-05-09T12:50:29.941+0000] {processor.py:830} INFO - Processing file /home/airflow/.local/lib/python3.10/site-packages/airflow/example_dags/example_python_decorator.py for tasks to queue
[2025-05-09T12:50:29.945+0000] {logging_mixin.py:188} INFO - [2025-05-09T12:50:29.944+0000] {dagbag.py:545} INFO - Filling up the DagBag from /home/airflow/.local/lib/python3.10/site-packages/airflow/example_dags/example_python_decorator.py
[2025-05-09T12:50:29.963+0000] {processor.py:840} INFO - DAG(s) 'example_python_decorator' retrieved from /home/airflow/.local/lib/python3.10/site-packages/airflow/example_dags/example_python_decorator.py
[2025-05-09T12:50:30.000+0000] {logging_mixin.py:188} INFO - [2025-05-09T12:50:29.999+0000] {dag.py:3096} INFO - Sync 1 DAGs
[2025-05-09T12:50:30.016+0000] {logging_mixin.py:188} INFO - [2025-05-09T12:50:30.016+0000] {dag.py:3954} INFO - Setting next_dagrun for example_python_decorator to None, run_after=None
[2025-05-09T12:50:30.043+0000] {processor.py:183} INFO - Processing /home/airflow/.local/lib/python3.10/site-packages/airflow/example_dags/example_python_decorator.py took 0.112 seconds
[2025-05-09T12:51:00.290+0000] {processor.py:161} INFO - Started process (PID=3902) to work on /home/airflow/.local/lib/python3.10/site-packages/airflow/example_dags/example_python_decorator.py
[2025-05-09T12:51:00.292+0000] {processor.py:830} INFO - Processing file /home/airflow/.local/lib/python3.10/site-packages/airflow/example_dags/example_python_decorator.py for tasks to queue
[2025-05-09T12:51:00.297+0000] {logging_mixin.py:188} INFO - [2025-05-09T12:51:00.296+0000] {dagbag.py:545} INFO - Filling up the DagBag from /home/airflow/.local/lib/python3.10/site-packages/airflow/example_dags/example_python_decorator.py
[2025-05-09T12:51:00.329+0000] {processor.py:840} INFO - DAG(s) 'example_python_decorator' retrieved from /home/airflow/.local/lib/python3.10/site-packages/airflow/example_dags/example_python_decorator.py
[2025-05-09T12:51:00.373+0000] {logging_mixin.py:188} INFO - [2025-05-09T12:51:00.372+0000] {dag.py:3096} INFO - Sync 1 DAGs
[2025-05-09T12:51:00.395+0000] {logging_mixin.py:188} INFO - [2025-05-09T12:51:00.394+0000] {dag.py:3954} INFO - Setting next_dagrun for example_python_decorator to None, run_after=None
[2025-05-09T12:51:00.436+0000] {processor.py:183} INFO - Processing /home/airflow/.local/lib/python3.10/site-packages/airflow/example_dags/example_python_decorator.py took 0.157 seconds
[2025-05-09T12:52:21.238+0000] {processor.py:161} INFO - Started process (PID=209) to work on /home/airflow/.local/lib/python3.10/site-packages/airflow/example_dags/example_python_decorator.py
[2025-05-09T12:52:21.240+0000] {processor.py:830} INFO - Processing file /home/airflow/.local/lib/python3.10/site-packages/airflow/example_dags/example_python_decorator.py for tasks to queue
[2025-05-09T12:52:21.244+0000] {logging_mixin.py:188} INFO - [2025-05-09T12:52:21.243+0000] {dagbag.py:545} INFO - Filling up the DagBag from /home/airflow/.local/lib/python3.10/site-packages/airflow/example_dags/example_python_decorator.py
[2025-05-09T12:52:21.272+0000] {processor.py:840} INFO - DAG(s) 'example_python_decorator' retrieved from /home/airflow/.local/lib/python3.10/site-packages/airflow/example_dags/example_python_decorator.py
[2025-05-09T12:52:21.302+0000] {logging_mixin.py:188} INFO - [2025-05-09T12:52:21.301+0000] {dag.py:3096} INFO - Sync 1 DAGs
[2025-05-09T12:52:21.330+0000] {logging_mixin.py:188} INFO - [2025-05-09T12:52:21.329+0000] {dag.py:3954} INFO - Setting next_dagrun for example_python_decorator to None, run_after=None
[2025-05-09T12:52:21.377+0000] {processor.py:183} INFO - Processing /home/airflow/.local/lib/python3.10/site-packages/airflow/example_dags/example_python_decorator.py took 0.151 seconds
[2025-05-09T12:52:52.304+0000] {processor.py:161} INFO - Started process (PID=474) to work on /home/airflow/.local/lib/python3.10/site-packages/airflow/example_dags/example_python_decorator.py
[2025-05-09T12:52:52.305+0000] {processor.py:830} INFO - Processing file /home/airflow/.local/lib/python3.10/site-packages/airflow/example_dags/example_python_decorator.py for tasks to queue
[2025-05-09T12:52:52.308+0000] {logging_mixin.py:188} INFO - [2025-05-09T12:52:52.307+0000] {dagbag.py:545} INFO - Filling up the DagBag from /home/airflow/.local/lib/python3.10/site-packages/airflow/example_dags/example_python_decorator.py
[2025-05-09T12:52:52.323+0000] {processor.py:840} INFO - DAG(s) 'example_python_decorator' retrieved from /home/airflow/.local/lib/python3.10/site-packages/airflow/example_dags/example_python_decorator.py
[2025-05-09T12:52:52.445+0000] {logging_mixin.py:188} INFO - [2025-05-09T12:52:52.445+0000] {dag.py:3096} INFO - Sync 1 DAGs
[2025-05-09T12:52:52.458+0000] {logging_mixin.py:188} INFO - [2025-05-09T12:52:52.458+0000] {dag.py:3954} INFO - Setting next_dagrun for example_python_decorator to None, run_after=None
[2025-05-09T12:52:52.487+0000] {processor.py:183} INFO - Processing /home/airflow/.local/lib/python3.10/site-packages/airflow/example_dags/example_python_decorator.py took 0.192 seconds
[2025-05-09T12:53:22.786+0000] {processor.py:161} INFO - Started process (PID=734) to work on /home/airflow/.local/lib/python3.10/site-packages/airflow/example_dags/example_python_decorator.py
[2025-05-09T12:53:22.787+0000] {processor.py:830} INFO - Processing file /home/airflow/.local/lib/python3.10/site-packages/airflow/example_dags/example_python_decorator.py for tasks to queue
[2025-05-09T12:53:22.789+0000] {logging_mixin.py:188} INFO - [2025-05-09T12:53:22.789+0000] {dagbag.py:545} INFO - Filling up the DagBag from /home/airflow/.local/lib/python3.10/site-packages/airflow/example_dags/example_python_decorator.py
[2025-05-09T12:53:22.802+0000] {processor.py:840} INFO - DAG(s) 'example_python_decorator' retrieved from /home/airflow/.local/lib/python3.10/site-packages/airflow/example_dags/example_python_decorator.py
[2025-05-09T12:53:22.835+0000] {logging_mixin.py:188} INFO - [2025-05-09T12:53:22.835+0000] {dag.py:3096} INFO - Sync 1 DAGs
[2025-05-09T12:53:22.850+0000] {logging_mixin.py:188} INFO - [2025-05-09T12:53:22.850+0000] {dag.py:3954} INFO - Setting next_dagrun for example_python_decorator to None, run_after=None
[2025-05-09T12:53:22.877+0000] {processor.py:183} INFO - Processing /home/airflow/.local/lib/python3.10/site-packages/airflow/example_dags/example_python_decorator.py took 0.098 seconds
[2025-05-09T12:53:53.662+0000] {processor.py:161} INFO - Started process (PID=999) to work on /home/airflow/.local/lib/python3.10/site-packages/airflow/example_dags/example_python_decorator.py
[2025-05-09T12:53:53.664+0000] {processor.py:830} INFO - Processing file /home/airflow/.local/lib/python3.10/site-packages/airflow/example_dags/example_python_decorator.py for tasks to queue
[2025-05-09T12:53:53.666+0000] {logging_mixin.py:188} INFO - [2025-05-09T12:53:53.666+0000] {dagbag.py:545} INFO - Filling up the DagBag from /home/airflow/.local/lib/python3.10/site-packages/airflow/example_dags/example_python_decorator.py
[2025-05-09T12:53:53.682+0000] {processor.py:840} INFO - DAG(s) 'example_python_decorator' retrieved from /home/airflow/.local/lib/python3.10/site-packages/airflow/example_dags/example_python_decorator.py
[2025-05-09T12:53:53.709+0000] {logging_mixin.py:188} INFO - [2025-05-09T12:53:53.708+0000] {dag.py:3096} INFO - Sync 1 DAGs
[2025-05-09T12:53:53.723+0000] {logging_mixin.py:188} INFO - [2025-05-09T12:53:53.723+0000] {dag.py:3954} INFO - Setting next_dagrun for example_python_decorator to None, run_after=None
[2025-05-09T12:53:53.746+0000] {processor.py:183} INFO - Processing /home/airflow/.local/lib/python3.10/site-packages/airflow/example_dags/example_python_decorator.py took 0.091 seconds
[2025-05-09T12:54:24.381+0000] {processor.py:161} INFO - Started process (PID=1261) to work on /home/airflow/.local/lib/python3.10/site-packages/airflow/example_dags/example_python_decorator.py
[2025-05-09T12:54:24.383+0000] {processor.py:830} INFO - Processing file /home/airflow/.local/lib/python3.10/site-packages/airflow/example_dags/example_python_decorator.py for tasks to queue
[2025-05-09T12:54:24.386+0000] {logging_mixin.py:188} INFO - [2025-05-09T12:54:24.385+0000] {dagbag.py:545} INFO - Filling up the DagBag from /home/airflow/.local/lib/python3.10/site-packages/airflow/example_dags/example_python_decorator.py
[2025-05-09T12:54:24.398+0000] {processor.py:840} INFO - DAG(s) 'example_python_decorator' retrieved from /home/airflow/.local/lib/python3.10/site-packages/airflow/example_dags/example_python_decorator.py
[2025-05-09T12:54:24.421+0000] {logging_mixin.py:188} INFO - [2025-05-09T12:54:24.421+0000] {dag.py:3096} INFO - Sync 1 DAGs
[2025-05-09T12:54:24.433+0000] {logging_mixin.py:188} INFO - [2025-05-09T12:54:24.433+0000] {dag.py:3954} INFO - Setting next_dagrun for example_python_decorator to None, run_after=None
[2025-05-09T12:54:24.457+0000] {processor.py:183} INFO - Processing /home/airflow/.local/lib/python3.10/site-packages/airflow/example_dags/example_python_decorator.py took 0.081 seconds
[2025-05-09T12:54:54.794+0000] {processor.py:161} INFO - Started process (PID=1523) to work on /home/airflow/.local/lib/python3.10/site-packages/airflow/example_dags/example_python_decorator.py
[2025-05-09T12:54:54.797+0000] {processor.py:830} INFO - Processing file /home/airflow/.local/lib/python3.10/site-packages/airflow/example_dags/example_python_decorator.py for tasks to queue
[2025-05-09T12:54:54.799+0000] {logging_mixin.py:188} INFO - [2025-05-09T12:54:54.799+0000] {dagbag.py:545} INFO - Filling up the DagBag from /home/airflow/.local/lib/python3.10/site-packages/airflow/example_dags/example_python_decorator.py
[2025-05-09T12:54:54.813+0000] {processor.py:840} INFO - DAG(s) 'example_python_decorator' retrieved from /home/airflow/.local/lib/python3.10/site-packages/airflow/example_dags/example_python_decorator.py
[2025-05-09T12:54:54.839+0000] {logging_mixin.py:188} INFO - [2025-05-09T12:54:54.838+0000] {dag.py:3096} INFO - Sync 1 DAGs
[2025-05-09T12:54:54.852+0000] {logging_mixin.py:188} INFO - [2025-05-09T12:54:54.852+0000] {dag.py:3954} INFO - Setting next_dagrun for example_python_decorator to None, run_after=None
[2025-05-09T12:54:54.877+0000] {processor.py:183} INFO - Processing /home/airflow/.local/lib/python3.10/site-packages/airflow/example_dags/example_python_decorator.py took 0.089 seconds
[2025-05-09T12:55:25.320+0000] {processor.py:161} INFO - Started process (PID=1788) to work on /home/airflow/.local/lib/python3.10/site-packages/airflow/example_dags/example_python_decorator.py
[2025-05-09T12:55:25.322+0000] {processor.py:830} INFO - Processing file /home/airflow/.local/lib/python3.10/site-packages/airflow/example_dags/example_python_decorator.py for tasks to queue
[2025-05-09T12:55:25.324+0000] {logging_mixin.py:188} INFO - [2025-05-09T12:55:25.324+0000] {dagbag.py:545} INFO - Filling up the DagBag from /home/airflow/.local/lib/python3.10/site-packages/airflow/example_dags/example_python_decorator.py
[2025-05-09T12:55:25.339+0000] {processor.py:840} INFO - DAG(s) 'example_python_decorator' retrieved from /home/airflow/.local/lib/python3.10/site-packages/airflow/example_dags/example_python_decorator.py
[2025-05-09T12:55:25.367+0000] {logging_mixin.py:188} INFO - [2025-05-09T12:55:25.367+0000] {dag.py:3096} INFO - Sync 1 DAGs
[2025-05-09T12:55:25.382+0000] {logging_mixin.py:188} INFO - [2025-05-09T12:55:25.382+0000] {dag.py:3954} INFO - Setting next_dagrun for example_python_decorator to None, run_after=None
[2025-05-09T12:55:25.404+0000] {processor.py:183} INFO - Processing /home/airflow/.local/lib/python3.10/site-packages/airflow/example_dags/example_python_decorator.py took 0.090 seconds
[2025-05-09T12:57:14.295+0000] {processor.py:161} INFO - Started process (PID=208) to work on /home/airflow/.local/lib/python3.10/site-packages/airflow/example_dags/example_python_decorator.py
[2025-05-09T12:57:14.297+0000] {processor.py:830} INFO - Processing file /home/airflow/.local/lib/python3.10/site-packages/airflow/example_dags/example_python_decorator.py for tasks to queue
[2025-05-09T12:57:14.301+0000] {logging_mixin.py:188} INFO - [2025-05-09T12:57:14.301+0000] {dagbag.py:545} INFO - Filling up the DagBag from /home/airflow/.local/lib/python3.10/site-packages/airflow/example_dags/example_python_decorator.py
[2025-05-09T12:57:14.334+0000] {processor.py:840} INFO - DAG(s) 'example_python_decorator' retrieved from /home/airflow/.local/lib/python3.10/site-packages/airflow/example_dags/example_python_decorator.py
[2025-05-09T12:57:14.367+0000] {logging_mixin.py:188} INFO - [2025-05-09T12:57:14.366+0000] {dag.py:3096} INFO - Sync 1 DAGs
[2025-05-09T12:57:14.396+0000] {logging_mixin.py:188} INFO - [2025-05-09T12:57:14.395+0000] {dag.py:3954} INFO - Setting next_dagrun for example_python_decorator to None, run_after=None
[2025-05-09T12:57:14.438+0000] {processor.py:183} INFO - Processing /home/airflow/.local/lib/python3.10/site-packages/airflow/example_dags/example_python_decorator.py took 0.153 seconds
[2025-05-09T12:57:44.782+0000] {processor.py:161} INFO - Started process (PID=470) to work on /home/airflow/.local/lib/python3.10/site-packages/airflow/example_dags/example_python_decorator.py
[2025-05-09T12:57:44.783+0000] {processor.py:830} INFO - Processing file /home/airflow/.local/lib/python3.10/site-packages/airflow/example_dags/example_python_decorator.py for tasks to queue
[2025-05-09T12:57:44.786+0000] {logging_mixin.py:188} INFO - [2025-05-09T12:57:44.785+0000] {dagbag.py:545} INFO - Filling up the DagBag from /home/airflow/.local/lib/python3.10/site-packages/airflow/example_dags/example_python_decorator.py
[2025-05-09T12:57:44.799+0000] {processor.py:840} INFO - DAG(s) 'example_python_decorator' retrieved from /home/airflow/.local/lib/python3.10/site-packages/airflow/example_dags/example_python_decorator.py
[2025-05-09T12:57:44.902+0000] {logging_mixin.py:188} INFO - [2025-05-09T12:57:44.902+0000] {dag.py:3096} INFO - Sync 1 DAGs
[2025-05-09T12:57:44.912+0000] {logging_mixin.py:188} INFO - [2025-05-09T12:57:44.912+0000] {dag.py:3954} INFO - Setting next_dagrun for example_python_decorator to None, run_after=None
[2025-05-09T12:57:44.934+0000] {processor.py:183} INFO - Processing /home/airflow/.local/lib/python3.10/site-packages/airflow/example_dags/example_python_decorator.py took 0.158 seconds
[2025-05-09T12:58:15.079+0000] {processor.py:161} INFO - Started process (PID=732) to work on /home/airflow/.local/lib/python3.10/site-packages/airflow/example_dags/example_python_decorator.py
[2025-05-09T12:58:15.081+0000] {processor.py:830} INFO - Processing file /home/airflow/.local/lib/python3.10/site-packages/airflow/example_dags/example_python_decorator.py for tasks to queue
[2025-05-09T12:58:15.084+0000] {logging_mixin.py:188} INFO - [2025-05-09T12:58:15.083+0000] {dagbag.py:545} INFO - Filling up the DagBag from /home/airflow/.local/lib/python3.10/site-packages/airflow/example_dags/example_python_decorator.py
[2025-05-09T12:58:15.096+0000] {processor.py:840} INFO - DAG(s) 'example_python_decorator' retrieved from /home/airflow/.local/lib/python3.10/site-packages/airflow/example_dags/example_python_decorator.py
[2025-05-09T12:58:15.132+0000] {logging_mixin.py:188} INFO - [2025-05-09T12:58:15.132+0000] {dag.py:3096} INFO - Sync 1 DAGs
[2025-05-09T12:58:15.146+0000] {logging_mixin.py:188} INFO - [2025-05-09T12:58:15.145+0000] {dag.py:3954} INFO - Setting next_dagrun for example_python_decorator to None, run_after=None
[2025-05-09T12:58:15.172+0000] {processor.py:183} INFO - Processing /home/airflow/.local/lib/python3.10/site-packages/airflow/example_dags/example_python_decorator.py took 0.099 seconds
[2025-05-09T12:58:46.232+0000] {processor.py:161} INFO - Started process (PID=994) to work on /home/airflow/.local/lib/python3.10/site-packages/airflow/example_dags/example_python_decorator.py
[2025-05-09T12:58:46.234+0000] {processor.py:830} INFO - Processing file /home/airflow/.local/lib/python3.10/site-packages/airflow/example_dags/example_python_decorator.py for tasks to queue
[2025-05-09T12:58:46.236+0000] {logging_mixin.py:188} INFO - [2025-05-09T12:58:46.236+0000] {dagbag.py:545} INFO - Filling up the DagBag from /home/airflow/.local/lib/python3.10/site-packages/airflow/example_dags/example_python_decorator.py
[2025-05-09T12:58:46.252+0000] {processor.py:840} INFO - DAG(s) 'example_python_decorator' retrieved from /home/airflow/.local/lib/python3.10/site-packages/airflow/example_dags/example_python_decorator.py
[2025-05-09T12:58:46.285+0000] {logging_mixin.py:188} INFO - [2025-05-09T12:58:46.285+0000] {dag.py:3096} INFO - Sync 1 DAGs
[2025-05-09T12:58:46.300+0000] {logging_mixin.py:188} INFO - [2025-05-09T12:58:46.300+0000] {dag.py:3954} INFO - Setting next_dagrun for example_python_decorator to None, run_after=None
[2025-05-09T12:58:46.328+0000] {processor.py:183} INFO - Processing /home/airflow/.local/lib/python3.10/site-packages/airflow/example_dags/example_python_decorator.py took 0.105 seconds
[2025-05-09T12:59:16.770+0000] {processor.py:161} INFO - Started process (PID=1258) to work on /home/airflow/.local/lib/python3.10/site-packages/airflow/example_dags/example_python_decorator.py
[2025-05-09T12:59:16.771+0000] {processor.py:830} INFO - Processing file /home/airflow/.local/lib/python3.10/site-packages/airflow/example_dags/example_python_decorator.py for tasks to queue
[2025-05-09T12:59:16.773+0000] {logging_mixin.py:188} INFO - [2025-05-09T12:59:16.773+0000] {dagbag.py:545} INFO - Filling up the DagBag from /home/airflow/.local/lib/python3.10/site-packages/airflow/example_dags/example_python_decorator.py
[2025-05-09T12:59:16.785+0000] {processor.py:840} INFO - DAG(s) 'example_python_decorator' retrieved from /home/airflow/.local/lib/python3.10/site-packages/airflow/example_dags/example_python_decorator.py
[2025-05-09T12:59:16.805+0000] {logging_mixin.py:188} INFO - [2025-05-09T12:59:16.805+0000] {dag.py:3096} INFO - Sync 1 DAGs
[2025-05-09T12:59:16.816+0000] {logging_mixin.py:188} INFO - [2025-05-09T12:59:16.816+0000] {dag.py:3954} INFO - Setting next_dagrun for example_python_decorator to None, run_after=None
[2025-05-09T12:59:16.833+0000] {processor.py:183} INFO - Processing /home/airflow/.local/lib/python3.10/site-packages/airflow/example_dags/example_python_decorator.py took 0.070 seconds
[2025-05-09T12:59:47.837+0000] {processor.py:161} INFO - Started process (PID=1520) to work on /home/airflow/.local/lib/python3.10/site-packages/airflow/example_dags/example_python_decorator.py
[2025-05-09T12:59:47.839+0000] {processor.py:830} INFO - Processing file /home/airflow/.local/lib/python3.10/site-packages/airflow/example_dags/example_python_decorator.py for tasks to queue
[2025-05-09T12:59:47.841+0000] {logging_mixin.py:188} INFO - [2025-05-09T12:59:47.841+0000] {dagbag.py:545} INFO - Filling up the DagBag from /home/airflow/.local/lib/python3.10/site-packages/airflow/example_dags/example_python_decorator.py
[2025-05-09T12:59:47.856+0000] {processor.py:840} INFO - DAG(s) 'example_python_decorator' retrieved from /home/airflow/.local/lib/python3.10/site-packages/airflow/example_dags/example_python_decorator.py
[2025-05-09T12:59:47.879+0000] {logging_mixin.py:188} INFO - [2025-05-09T12:59:47.879+0000] {dag.py:3096} INFO - Sync 1 DAGs
[2025-05-09T12:59:47.893+0000] {logging_mixin.py:188} INFO - [2025-05-09T12:59:47.893+0000] {dag.py:3954} INFO - Setting next_dagrun for example_python_decorator to None, run_after=None
[2025-05-09T12:59:47.915+0000] {processor.py:183} INFO - Processing /home/airflow/.local/lib/python3.10/site-packages/airflow/example_dags/example_python_decorator.py took 0.085 seconds
[2025-05-09T13:00:18.231+0000] {processor.py:161} INFO - Started process (PID=1791) to work on /home/airflow/.local/lib/python3.10/site-packages/airflow/example_dags/example_python_decorator.py
[2025-05-09T13:00:18.233+0000] {processor.py:830} INFO - Processing file /home/airflow/.local/lib/python3.10/site-packages/airflow/example_dags/example_python_decorator.py for tasks to queue
[2025-05-09T13:00:18.235+0000] {logging_mixin.py:188} INFO - [2025-05-09T13:00:18.235+0000] {dagbag.py:545} INFO - Filling up the DagBag from /home/airflow/.local/lib/python3.10/site-packages/airflow/example_dags/example_python_decorator.py
[2025-05-09T13:00:18.250+0000] {processor.py:840} INFO - DAG(s) 'example_python_decorator' retrieved from /home/airflow/.local/lib/python3.10/site-packages/airflow/example_dags/example_python_decorator.py
[2025-05-09T13:00:18.275+0000] {logging_mixin.py:188} INFO - [2025-05-09T13:00:18.274+0000] {dag.py:3096} INFO - Sync 1 DAGs
[2025-05-09T13:00:18.287+0000] {logging_mixin.py:188} INFO - [2025-05-09T13:00:18.287+0000] {dag.py:3954} INFO - Setting next_dagrun for example_python_decorator to None, run_after=None
[2025-05-09T13:00:18.313+0000] {processor.py:183} INFO - Processing /home/airflow/.local/lib/python3.10/site-packages/airflow/example_dags/example_python_decorator.py took 0.089 seconds
[2025-05-09T13:00:49.182+0000] {processor.py:161} INFO - Started process (PID=2051) to work on /home/airflow/.local/lib/python3.10/site-packages/airflow/example_dags/example_python_decorator.py
[2025-05-09T13:00:49.184+0000] {processor.py:830} INFO - Processing file /home/airflow/.local/lib/python3.10/site-packages/airflow/example_dags/example_python_decorator.py for tasks to queue
[2025-05-09T13:00:49.187+0000] {logging_mixin.py:188} INFO - [2025-05-09T13:00:49.186+0000] {dagbag.py:545} INFO - Filling up the DagBag from /home/airflow/.local/lib/python3.10/site-packages/airflow/example_dags/example_python_decorator.py
[2025-05-09T13:00:49.201+0000] {processor.py:840} INFO - DAG(s) 'example_python_decorator' retrieved from /home/airflow/.local/lib/python3.10/site-packages/airflow/example_dags/example_python_decorator.py
[2025-05-09T13:00:49.224+0000] {logging_mixin.py:188} INFO - [2025-05-09T13:00:49.224+0000] {dag.py:3096} INFO - Sync 1 DAGs
[2025-05-09T13:00:49.237+0000] {logging_mixin.py:188} INFO - [2025-05-09T13:00:49.237+0000] {dag.py:3954} INFO - Setting next_dagrun for example_python_decorator to None, run_after=None
[2025-05-09T13:00:49.259+0000] {processor.py:183} INFO - Processing /home/airflow/.local/lib/python3.10/site-packages/airflow/example_dags/example_python_decorator.py took 0.083 seconds
[2025-05-09T13:01:20.208+0000] {processor.py:161} INFO - Started process (PID=2315) to work on /home/airflow/.local/lib/python3.10/site-packages/airflow/example_dags/example_python_decorator.py
[2025-05-09T13:01:20.209+0000] {processor.py:830} INFO - Processing file /home/airflow/.local/lib/python3.10/site-packages/airflow/example_dags/example_python_decorator.py for tasks to queue
[2025-05-09T13:01:20.211+0000] {logging_mixin.py:188} INFO - [2025-05-09T13:01:20.211+0000] {dagbag.py:545} INFO - Filling up the DagBag from /home/airflow/.local/lib/python3.10/site-packages/airflow/example_dags/example_python_decorator.py
[2025-05-09T13:01:20.225+0000] {processor.py:840} INFO - DAG(s) 'example_python_decorator' retrieved from /home/airflow/.local/lib/python3.10/site-packages/airflow/example_dags/example_python_decorator.py
[2025-05-09T13:01:20.252+0000] {logging_mixin.py:188} INFO - [2025-05-09T13:01:20.251+0000] {dag.py:3096} INFO - Sync 1 DAGs
[2025-05-09T13:01:20.265+0000] {logging_mixin.py:188} INFO - [2025-05-09T13:01:20.265+0000] {dag.py:3954} INFO - Setting next_dagrun for example_python_decorator to None, run_after=None
[2025-05-09T13:01:20.301+0000] {processor.py:183} INFO - Processing /home/airflow/.local/lib/python3.10/site-packages/airflow/example_dags/example_python_decorator.py took 0.101 seconds
[2025-05-09T13:01:50.467+0000] {processor.py:161} INFO - Started process (PID=2575) to work on /home/airflow/.local/lib/python3.10/site-packages/airflow/example_dags/example_python_decorator.py
[2025-05-09T13:01:50.468+0000] {processor.py:830} INFO - Processing file /home/airflow/.local/lib/python3.10/site-packages/airflow/example_dags/example_python_decorator.py for tasks to queue
[2025-05-09T13:01:50.470+0000] {logging_mixin.py:188} INFO - [2025-05-09T13:01:50.470+0000] {dagbag.py:545} INFO - Filling up the DagBag from /home/airflow/.local/lib/python3.10/site-packages/airflow/example_dags/example_python_decorator.py
[2025-05-09T13:01:50.484+0000] {processor.py:840} INFO - DAG(s) 'example_python_decorator' retrieved from /home/airflow/.local/lib/python3.10/site-packages/airflow/example_dags/example_python_decorator.py
[2025-05-09T13:01:50.508+0000] {logging_mixin.py:188} INFO - [2025-05-09T13:01:50.508+0000] {dag.py:3096} INFO - Sync 1 DAGs
[2025-05-09T13:01:50.527+0000] {logging_mixin.py:188} INFO - [2025-05-09T13:01:50.527+0000] {dag.py:3954} INFO - Setting next_dagrun for example_python_decorator to None, run_after=None
[2025-05-09T13:01:50.555+0000] {processor.py:183} INFO - Processing /home/airflow/.local/lib/python3.10/site-packages/airflow/example_dags/example_python_decorator.py took 0.095 seconds
[2025-05-09T13:02:20.718+0000] {processor.py:161} INFO - Started process (PID=2833) to work on /home/airflow/.local/lib/python3.10/site-packages/airflow/example_dags/example_python_decorator.py
[2025-05-09T13:02:20.719+0000] {processor.py:830} INFO - Processing file /home/airflow/.local/lib/python3.10/site-packages/airflow/example_dags/example_python_decorator.py for tasks to queue
[2025-05-09T13:02:20.721+0000] {logging_mixin.py:188} INFO - [2025-05-09T13:02:20.721+0000] {dagbag.py:545} INFO - Filling up the DagBag from /home/airflow/.local/lib/python3.10/site-packages/airflow/example_dags/example_python_decorator.py
[2025-05-09T13:02:20.734+0000] {processor.py:840} INFO - DAG(s) 'example_python_decorator' retrieved from /home/airflow/.local/lib/python3.10/site-packages/airflow/example_dags/example_python_decorator.py
[2025-05-09T13:02:20.757+0000] {logging_mixin.py:188} INFO - [2025-05-09T13:02:20.757+0000] {dag.py:3096} INFO - Sync 1 DAGs
[2025-05-09T13:02:20.771+0000] {logging_mixin.py:188} INFO - [2025-05-09T13:02:20.771+0000] {dag.py:3954} INFO - Setting next_dagrun for example_python_decorator to None, run_after=None
[2025-05-09T13:02:20.791+0000] {processor.py:183} INFO - Processing /home/airflow/.local/lib/python3.10/site-packages/airflow/example_dags/example_python_decorator.py took 0.080 seconds
[2025-05-09T13:02:51.099+0000] {processor.py:161} INFO - Started process (PID=3093) to work on /home/airflow/.local/lib/python3.10/site-packages/airflow/example_dags/example_python_decorator.py
[2025-05-09T13:02:51.101+0000] {processor.py:830} INFO - Processing file /home/airflow/.local/lib/python3.10/site-packages/airflow/example_dags/example_python_decorator.py for tasks to queue
[2025-05-09T13:02:51.104+0000] {logging_mixin.py:188} INFO - [2025-05-09T13:02:51.103+0000] {dagbag.py:545} INFO - Filling up the DagBag from /home/airflow/.local/lib/python3.10/site-packages/airflow/example_dags/example_python_decorator.py
[2025-05-09T13:02:51.128+0000] {processor.py:840} INFO - DAG(s) 'example_python_decorator' retrieved from /home/airflow/.local/lib/python3.10/site-packages/airflow/example_dags/example_python_decorator.py
[2025-05-09T13:02:51.175+0000] {logging_mixin.py:188} INFO - [2025-05-09T13:02:51.175+0000] {dag.py:3096} INFO - Sync 1 DAGs
[2025-05-09T13:02:51.198+0000] {logging_mixin.py:188} INFO - [2025-05-09T13:02:51.198+0000] {dag.py:3954} INFO - Setting next_dagrun for example_python_decorator to None, run_after=None
[2025-05-09T13:02:51.237+0000] {processor.py:183} INFO - Processing /home/airflow/.local/lib/python3.10/site-packages/airflow/example_dags/example_python_decorator.py took 0.149 seconds
[2025-05-09T13:03:21.619+0000] {processor.py:161} INFO - Started process (PID=3355) to work on /home/airflow/.local/lib/python3.10/site-packages/airflow/example_dags/example_python_decorator.py
[2025-05-09T13:03:21.620+0000] {processor.py:830} INFO - Processing file /home/airflow/.local/lib/python3.10/site-packages/airflow/example_dags/example_python_decorator.py for tasks to queue
[2025-05-09T13:03:21.622+0000] {logging_mixin.py:188} INFO - [2025-05-09T13:03:21.622+0000] {dagbag.py:545} INFO - Filling up the DagBag from /home/airflow/.local/lib/python3.10/site-packages/airflow/example_dags/example_python_decorator.py
[2025-05-09T13:03:21.636+0000] {processor.py:840} INFO - DAG(s) 'example_python_decorator' retrieved from /home/airflow/.local/lib/python3.10/site-packages/airflow/example_dags/example_python_decorator.py
[2025-05-09T13:03:21.662+0000] {logging_mixin.py:188} INFO - [2025-05-09T13:03:21.662+0000] {dag.py:3096} INFO - Sync 1 DAGs
[2025-05-09T13:03:21.675+0000] {logging_mixin.py:188} INFO - [2025-05-09T13:03:21.675+0000] {dag.py:3954} INFO - Setting next_dagrun for example_python_decorator to None, run_after=None
[2025-05-09T13:03:21.704+0000] {processor.py:183} INFO - Processing /home/airflow/.local/lib/python3.10/site-packages/airflow/example_dags/example_python_decorator.py took 0.092 seconds
[2025-05-09T13:03:52.242+0000] {processor.py:161} INFO - Started process (PID=3617) to work on /home/airflow/.local/lib/python3.10/site-packages/airflow/example_dags/example_python_decorator.py
[2025-05-09T13:03:52.244+0000] {processor.py:830} INFO - Processing file /home/airflow/.local/lib/python3.10/site-packages/airflow/example_dags/example_python_decorator.py for tasks to queue
[2025-05-09T13:03:52.246+0000] {logging_mixin.py:188} INFO - [2025-05-09T13:03:52.246+0000] {dagbag.py:545} INFO - Filling up the DagBag from /home/airflow/.local/lib/python3.10/site-packages/airflow/example_dags/example_python_decorator.py
[2025-05-09T13:03:52.260+0000] {processor.py:840} INFO - DAG(s) 'example_python_decorator' retrieved from /home/airflow/.local/lib/python3.10/site-packages/airflow/example_dags/example_python_decorator.py
[2025-05-09T13:03:52.286+0000] {logging_mixin.py:188} INFO - [2025-05-09T13:03:52.286+0000] {dag.py:3096} INFO - Sync 1 DAGs
[2025-05-09T13:03:52.299+0000] {logging_mixin.py:188} INFO - [2025-05-09T13:03:52.299+0000] {dag.py:3954} INFO - Setting next_dagrun for example_python_decorator to None, run_after=None
[2025-05-09T13:03:52.322+0000] {processor.py:183} INFO - Processing /home/airflow/.local/lib/python3.10/site-packages/airflow/example_dags/example_python_decorator.py took 0.089 seconds
[2025-05-09T15:43:42.043+0000] {processor.py:161} INFO - Started process (PID=3893) to work on /home/airflow/.local/lib/python3.10/site-packages/airflow/example_dags/example_python_decorator.py
[2025-05-09T15:43:42.062+0000] {processor.py:830} INFO - Processing file /home/airflow/.local/lib/python3.10/site-packages/airflow/example_dags/example_python_decorator.py for tasks to queue
[2025-05-09T15:43:42.072+0000] {logging_mixin.py:188} INFO - [2025-05-09T15:43:42.071+0000] {dagbag.py:545} INFO - Filling up the DagBag from /home/airflow/.local/lib/python3.10/site-packages/airflow/example_dags/example_python_decorator.py
[2025-05-09T15:43:42.199+0000] {processor.py:840} INFO - DAG(s) 'example_python_decorator' retrieved from /home/airflow/.local/lib/python3.10/site-packages/airflow/example_dags/example_python_decorator.py
[2025-05-09T15:43:42.386+0000] {logging_mixin.py:188} INFO - [2025-05-09T15:43:42.379+0000] {dag.py:3096} INFO - Sync 1 DAGs
[2025-05-09T15:43:42.497+0000] {logging_mixin.py:188} INFO - [2025-05-09T15:43:42.496+0000] {dag.py:3954} INFO - Setting next_dagrun for example_python_decorator to None, run_after=None
[2025-05-09T15:43:42.691+0000] {processor.py:183} INFO - Processing /home/airflow/.local/lib/python3.10/site-packages/airflow/example_dags/example_python_decorator.py took 0.683 seconds
[2025-05-09T15:44:13.500+0000] {processor.py:161} INFO - Started process (PID=4164) to work on /home/airflow/.local/lib/python3.10/site-packages/airflow/example_dags/example_python_decorator.py
[2025-05-09T15:44:13.502+0000] {processor.py:830} INFO - Processing file /home/airflow/.local/lib/python3.10/site-packages/airflow/example_dags/example_python_decorator.py for tasks to queue
[2025-05-09T15:44:13.506+0000] {logging_mixin.py:188} INFO - [2025-05-09T15:44:13.504+0000] {dagbag.py:545} INFO - Filling up the DagBag from /home/airflow/.local/lib/python3.10/site-packages/airflow/example_dags/example_python_decorator.py
[2025-05-09T15:44:13.526+0000] {processor.py:840} INFO - DAG(s) 'example_python_decorator' retrieved from /home/airflow/.local/lib/python3.10/site-packages/airflow/example_dags/example_python_decorator.py
[2025-05-09T15:44:13.562+0000] {logging_mixin.py:188} INFO - [2025-05-09T15:44:13.561+0000] {dag.py:3096} INFO - Sync 1 DAGs
[2025-05-09T15:44:13.591+0000] {logging_mixin.py:188} INFO - [2025-05-09T15:44:13.591+0000] {dag.py:3954} INFO - Setting next_dagrun for example_python_decorator to None, run_after=None
[2025-05-09T15:44:13.635+0000] {processor.py:183} INFO - Processing /home/airflow/.local/lib/python3.10/site-packages/airflow/example_dags/example_python_decorator.py took 0.144 seconds
[2025-05-09T15:44:44.080+0000] {processor.py:161} INFO - Started process (PID=4438) to work on /home/airflow/.local/lib/python3.10/site-packages/airflow/example_dags/example_python_decorator.py
[2025-05-09T15:44:44.081+0000] {processor.py:830} INFO - Processing file /home/airflow/.local/lib/python3.10/site-packages/airflow/example_dags/example_python_decorator.py for tasks to queue
[2025-05-09T15:44:44.085+0000] {logging_mixin.py:188} INFO - [2025-05-09T15:44:44.085+0000] {dagbag.py:545} INFO - Filling up the DagBag from /home/airflow/.local/lib/python3.10/site-packages/airflow/example_dags/example_python_decorator.py
[2025-05-09T15:44:44.120+0000] {processor.py:840} INFO - DAG(s) 'example_python_decorator' retrieved from /home/airflow/.local/lib/python3.10/site-packages/airflow/example_dags/example_python_decorator.py
[2025-05-09T15:44:44.170+0000] {logging_mixin.py:188} INFO - [2025-05-09T15:44:44.169+0000] {dag.py:3096} INFO - Sync 1 DAGs
[2025-05-09T15:44:44.188+0000] {logging_mixin.py:188} INFO - [2025-05-09T15:44:44.187+0000] {dag.py:3954} INFO - Setting next_dagrun for example_python_decorator to None, run_after=None
[2025-05-09T15:44:44.218+0000] {processor.py:183} INFO - Processing /home/airflow/.local/lib/python3.10/site-packages/airflow/example_dags/example_python_decorator.py took 0.151 seconds
[2025-05-09T15:45:14.323+0000] {processor.py:161} INFO - Started process (PID=4700) to work on /home/airflow/.local/lib/python3.10/site-packages/airflow/example_dags/example_python_decorator.py
[2025-05-09T15:45:14.326+0000] {processor.py:830} INFO - Processing file /home/airflow/.local/lib/python3.10/site-packages/airflow/example_dags/example_python_decorator.py for tasks to queue
[2025-05-09T15:45:14.329+0000] {logging_mixin.py:188} INFO - [2025-05-09T15:45:14.328+0000] {dagbag.py:545} INFO - Filling up the DagBag from /home/airflow/.local/lib/python3.10/site-packages/airflow/example_dags/example_python_decorator.py
[2025-05-09T15:45:14.346+0000] {processor.py:840} INFO - DAG(s) 'example_python_decorator' retrieved from /home/airflow/.local/lib/python3.10/site-packages/airflow/example_dags/example_python_decorator.py
[2025-05-09T15:45:14.383+0000] {logging_mixin.py:188} INFO - [2025-05-09T15:45:14.383+0000] {dag.py:3096} INFO - Sync 1 DAGs
[2025-05-09T15:45:14.400+0000] {logging_mixin.py:188} INFO - [2025-05-09T15:45:14.399+0000] {dag.py:3954} INFO - Setting next_dagrun for example_python_decorator to None, run_after=None
[2025-05-09T15:45:14.424+0000] {processor.py:183} INFO - Processing /home/airflow/.local/lib/python3.10/site-packages/airflow/example_dags/example_python_decorator.py took 0.109 seconds
[2025-05-09T15:45:44.884+0000] {processor.py:161} INFO - Started process (PID=4962) to work on /home/airflow/.local/lib/python3.10/site-packages/airflow/example_dags/example_python_decorator.py
[2025-05-09T15:45:44.886+0000] {processor.py:830} INFO - Processing file /home/airflow/.local/lib/python3.10/site-packages/airflow/example_dags/example_python_decorator.py for tasks to queue
[2025-05-09T15:45:44.889+0000] {logging_mixin.py:188} INFO - [2025-05-09T15:45:44.888+0000] {dagbag.py:545} INFO - Filling up the DagBag from /home/airflow/.local/lib/python3.10/site-packages/airflow/example_dags/example_python_decorator.py
[2025-05-09T15:45:44.909+0000] {processor.py:840} INFO - DAG(s) 'example_python_decorator' retrieved from /home/airflow/.local/lib/python3.10/site-packages/airflow/example_dags/example_python_decorator.py
[2025-05-09T15:45:44.943+0000] {logging_mixin.py:188} INFO - [2025-05-09T15:45:44.943+0000] {dag.py:3096} INFO - Sync 1 DAGs
[2025-05-09T15:45:44.964+0000] {logging_mixin.py:188} INFO - [2025-05-09T15:45:44.963+0000] {dag.py:3954} INFO - Setting next_dagrun for example_python_decorator to None, run_after=None
[2025-05-09T15:45:44.992+0000] {processor.py:183} INFO - Processing /home/airflow/.local/lib/python3.10/site-packages/airflow/example_dags/example_python_decorator.py took 0.124 seconds
[2025-05-09T15:46:15.141+0000] {processor.py:161} INFO - Started process (PID=5233) to work on /home/airflow/.local/lib/python3.10/site-packages/airflow/example_dags/example_python_decorator.py
[2025-05-09T15:46:15.143+0000] {processor.py:830} INFO - Processing file /home/airflow/.local/lib/python3.10/site-packages/airflow/example_dags/example_python_decorator.py for tasks to queue
[2025-05-09T15:46:15.148+0000] {logging_mixin.py:188} INFO - [2025-05-09T15:46:15.147+0000] {dagbag.py:545} INFO - Filling up the DagBag from /home/airflow/.local/lib/python3.10/site-packages/airflow/example_dags/example_python_decorator.py
[2025-05-09T15:46:15.173+0000] {processor.py:840} INFO - DAG(s) 'example_python_decorator' retrieved from /home/airflow/.local/lib/python3.10/site-packages/airflow/example_dags/example_python_decorator.py
[2025-05-09T15:46:15.211+0000] {logging_mixin.py:188} INFO - [2025-05-09T15:46:15.210+0000] {dag.py:3096} INFO - Sync 1 DAGs
[2025-05-09T15:46:15.242+0000] {logging_mixin.py:188} INFO - [2025-05-09T15:46:15.241+0000] {dag.py:3954} INFO - Setting next_dagrun for example_python_decorator to None, run_after=None
[2025-05-09T15:46:15.330+0000] {processor.py:183} INFO - Processing /home/airflow/.local/lib/python3.10/site-packages/airflow/example_dags/example_python_decorator.py took 0.198 seconds
[2025-05-09T15:46:45.885+0000] {processor.py:161} INFO - Started process (PID=5495) to work on /home/airflow/.local/lib/python3.10/site-packages/airflow/example_dags/example_python_decorator.py
[2025-05-09T15:46:45.887+0000] {processor.py:830} INFO - Processing file /home/airflow/.local/lib/python3.10/site-packages/airflow/example_dags/example_python_decorator.py for tasks to queue
[2025-05-09T15:46:45.889+0000] {logging_mixin.py:188} INFO - [2025-05-09T15:46:45.888+0000] {dagbag.py:545} INFO - Filling up the DagBag from /home/airflow/.local/lib/python3.10/site-packages/airflow/example_dags/example_python_decorator.py
[2025-05-09T15:46:45.908+0000] {processor.py:840} INFO - DAG(s) 'example_python_decorator' retrieved from /home/airflow/.local/lib/python3.10/site-packages/airflow/example_dags/example_python_decorator.py
[2025-05-09T15:46:45.932+0000] {logging_mixin.py:188} INFO - [2025-05-09T15:46:45.932+0000] {dag.py:3096} INFO - Sync 1 DAGs
[2025-05-09T15:46:45.950+0000] {logging_mixin.py:188} INFO - [2025-05-09T15:46:45.949+0000] {dag.py:3954} INFO - Setting next_dagrun for example_python_decorator to None, run_after=None
[2025-05-09T15:46:45.974+0000] {processor.py:183} INFO - Processing /home/airflow/.local/lib/python3.10/site-packages/airflow/example_dags/example_python_decorator.py took 0.096 seconds
[2025-05-09T15:47:16.698+0000] {processor.py:161} INFO - Started process (PID=5757) to work on /home/airflow/.local/lib/python3.10/site-packages/airflow/example_dags/example_python_decorator.py
[2025-05-09T15:47:16.700+0000] {processor.py:830} INFO - Processing file /home/airflow/.local/lib/python3.10/site-packages/airflow/example_dags/example_python_decorator.py for tasks to queue
[2025-05-09T15:47:16.701+0000] {logging_mixin.py:188} INFO - [2025-05-09T15:47:16.701+0000] {dagbag.py:545} INFO - Filling up the DagBag from /home/airflow/.local/lib/python3.10/site-packages/airflow/example_dags/example_python_decorator.py
[2025-05-09T15:47:16.718+0000] {processor.py:840} INFO - DAG(s) 'example_python_decorator' retrieved from /home/airflow/.local/lib/python3.10/site-packages/airflow/example_dags/example_python_decorator.py
[2025-05-09T15:47:16.743+0000] {logging_mixin.py:188} INFO - [2025-05-09T15:47:16.743+0000] {dag.py:3096} INFO - Sync 1 DAGs
[2025-05-09T15:47:16.757+0000] {logging_mixin.py:188} INFO - [2025-05-09T15:47:16.757+0000] {dag.py:3954} INFO - Setting next_dagrun for example_python_decorator to None, run_after=None
[2025-05-09T15:47:16.791+0000] {processor.py:183} INFO - Processing /home/airflow/.local/lib/python3.10/site-packages/airflow/example_dags/example_python_decorator.py took 0.103 seconds
[2025-05-09T15:47:47.292+0000] {processor.py:161} INFO - Started process (PID=6019) to work on /home/airflow/.local/lib/python3.10/site-packages/airflow/example_dags/example_python_decorator.py
[2025-05-09T15:47:47.294+0000] {processor.py:830} INFO - Processing file /home/airflow/.local/lib/python3.10/site-packages/airflow/example_dags/example_python_decorator.py for tasks to queue
[2025-05-09T15:47:47.296+0000] {logging_mixin.py:188} INFO - [2025-05-09T15:47:47.296+0000] {dagbag.py:545} INFO - Filling up the DagBag from /home/airflow/.local/lib/python3.10/site-packages/airflow/example_dags/example_python_decorator.py
[2025-05-09T15:47:47.322+0000] {processor.py:840} INFO - DAG(s) 'example_python_decorator' retrieved from /home/airflow/.local/lib/python3.10/site-packages/airflow/example_dags/example_python_decorator.py
[2025-05-09T15:47:47.362+0000] {logging_mixin.py:188} INFO - [2025-05-09T15:47:47.361+0000] {dag.py:3096} INFO - Sync 1 DAGs
[2025-05-09T15:47:47.380+0000] {logging_mixin.py:188} INFO - [2025-05-09T15:47:47.380+0000] {dag.py:3954} INFO - Setting next_dagrun for example_python_decorator to None, run_after=None
[2025-05-09T15:47:47.422+0000] {processor.py:183} INFO - Processing /home/airflow/.local/lib/python3.10/site-packages/airflow/example_dags/example_python_decorator.py took 0.139 seconds
[2025-05-09T15:48:17.829+0000] {processor.py:161} INFO - Started process (PID=6298) to work on /home/airflow/.local/lib/python3.10/site-packages/airflow/example_dags/example_python_decorator.py
[2025-05-09T15:48:17.830+0000] {processor.py:830} INFO - Processing file /home/airflow/.local/lib/python3.10/site-packages/airflow/example_dags/example_python_decorator.py for tasks to queue
[2025-05-09T15:48:17.833+0000] {logging_mixin.py:188} INFO - [2025-05-09T15:48:17.832+0000] {dagbag.py:545} INFO - Filling up the DagBag from /home/airflow/.local/lib/python3.10/site-packages/airflow/example_dags/example_python_decorator.py
[2025-05-09T15:48:17.849+0000] {processor.py:840} INFO - DAG(s) 'example_python_decorator' retrieved from /home/airflow/.local/lib/python3.10/site-packages/airflow/example_dags/example_python_decorator.py
[2025-05-09T15:48:17.874+0000] {logging_mixin.py:188} INFO - [2025-05-09T15:48:17.873+0000] {dag.py:3096} INFO - Sync 1 DAGs
[2025-05-09T15:48:17.890+0000] {logging_mixin.py:188} INFO - [2025-05-09T15:48:17.889+0000] {dag.py:3954} INFO - Setting next_dagrun for example_python_decorator to None, run_after=None
[2025-05-09T15:48:17.911+0000] {processor.py:183} INFO - Processing /home/airflow/.local/lib/python3.10/site-packages/airflow/example_dags/example_python_decorator.py took 0.090 seconds
[2025-05-09T15:48:48.051+0000] {processor.py:161} INFO - Started process (PID=6566) to work on /home/airflow/.local/lib/python3.10/site-packages/airflow/example_dags/example_python_decorator.py
[2025-05-09T15:48:48.053+0000] {processor.py:830} INFO - Processing file /home/airflow/.local/lib/python3.10/site-packages/airflow/example_dags/example_python_decorator.py for tasks to queue
[2025-05-09T15:48:48.056+0000] {logging_mixin.py:188} INFO - [2025-05-09T15:48:48.055+0000] {dagbag.py:545} INFO - Filling up the DagBag from /home/airflow/.local/lib/python3.10/site-packages/airflow/example_dags/example_python_decorator.py
[2025-05-09T15:48:48.077+0000] {processor.py:840} INFO - DAG(s) 'example_python_decorator' retrieved from /home/airflow/.local/lib/python3.10/site-packages/airflow/example_dags/example_python_decorator.py
[2025-05-09T15:48:48.114+0000] {logging_mixin.py:188} INFO - [2025-05-09T15:48:48.114+0000] {dag.py:3096} INFO - Sync 1 DAGs
[2025-05-09T15:48:48.130+0000] {logging_mixin.py:188} INFO - [2025-05-09T15:48:48.129+0000] {dag.py:3954} INFO - Setting next_dagrun for example_python_decorator to None, run_after=None
[2025-05-09T15:48:48.158+0000] {processor.py:183} INFO - Processing /home/airflow/.local/lib/python3.10/site-packages/airflow/example_dags/example_python_decorator.py took 0.117 seconds
[2025-05-09T15:49:18.607+0000] {processor.py:161} INFO - Started process (PID=6854) to work on /home/airflow/.local/lib/python3.10/site-packages/airflow/example_dags/example_python_decorator.py
[2025-05-09T15:49:18.609+0000] {processor.py:830} INFO - Processing file /home/airflow/.local/lib/python3.10/site-packages/airflow/example_dags/example_python_decorator.py for tasks to queue
[2025-05-09T15:49:18.612+0000] {logging_mixin.py:188} INFO - [2025-05-09T15:49:18.612+0000] {dagbag.py:545} INFO - Filling up the DagBag from /home/airflow/.local/lib/python3.10/site-packages/airflow/example_dags/example_python_decorator.py
[2025-05-09T15:49:18.638+0000] {processor.py:840} INFO - DAG(s) 'example_python_decorator' retrieved from /home/airflow/.local/lib/python3.10/site-packages/airflow/example_dags/example_python_decorator.py
[2025-05-09T15:49:18.682+0000] {logging_mixin.py:188} INFO - [2025-05-09T15:49:18.681+0000] {dag.py:3096} INFO - Sync 1 DAGs
[2025-05-09T15:49:18.713+0000] {logging_mixin.py:188} INFO - [2025-05-09T15:49:18.713+0000] {dag.py:3954} INFO - Setting next_dagrun for example_python_decorator to None, run_after=None
[2025-05-09T15:49:18.759+0000] {processor.py:183} INFO - Processing /home/airflow/.local/lib/python3.10/site-packages/airflow/example_dags/example_python_decorator.py took 0.162 seconds
[2025-05-09T15:49:49.144+0000] {processor.py:161} INFO - Started process (PID=7120) to work on /home/airflow/.local/lib/python3.10/site-packages/airflow/example_dags/example_python_decorator.py
[2025-05-09T15:49:49.146+0000] {processor.py:830} INFO - Processing file /home/airflow/.local/lib/python3.10/site-packages/airflow/example_dags/example_python_decorator.py for tasks to queue
[2025-05-09T15:49:49.148+0000] {logging_mixin.py:188} INFO - [2025-05-09T15:49:49.148+0000] {dagbag.py:545} INFO - Filling up the DagBag from /home/airflow/.local/lib/python3.10/site-packages/airflow/example_dags/example_python_decorator.py
[2025-05-09T15:49:49.164+0000] {processor.py:840} INFO - DAG(s) 'example_python_decorator' retrieved from /home/airflow/.local/lib/python3.10/site-packages/airflow/example_dags/example_python_decorator.py
[2025-05-09T15:49:49.185+0000] {logging_mixin.py:188} INFO - [2025-05-09T15:49:49.185+0000] {dag.py:3096} INFO - Sync 1 DAGs
[2025-05-09T15:49:49.201+0000] {logging_mixin.py:188} INFO - [2025-05-09T15:49:49.200+0000] {dag.py:3954} INFO - Setting next_dagrun for example_python_decorator to None, run_after=None
[2025-05-09T15:49:49.221+0000] {processor.py:183} INFO - Processing /home/airflow/.local/lib/python3.10/site-packages/airflow/example_dags/example_python_decorator.py took 0.085 seconds
[2025-05-09T15:50:19.684+0000] {processor.py:161} INFO - Started process (PID=7388) to work on /home/airflow/.local/lib/python3.10/site-packages/airflow/example_dags/example_python_decorator.py
[2025-05-09T15:50:19.687+0000] {processor.py:830} INFO - Processing file /home/airflow/.local/lib/python3.10/site-packages/airflow/example_dags/example_python_decorator.py for tasks to queue
[2025-05-09T15:50:19.703+0000] {logging_mixin.py:188} INFO - [2025-05-09T15:50:19.702+0000] {dagbag.py:545} INFO - Filling up the DagBag from /home/airflow/.local/lib/python3.10/site-packages/airflow/example_dags/example_python_decorator.py
[2025-05-09T15:50:19.724+0000] {processor.py:840} INFO - DAG(s) 'example_python_decorator' retrieved from /home/airflow/.local/lib/python3.10/site-packages/airflow/example_dags/example_python_decorator.py
[2025-05-09T15:50:19.758+0000] {logging_mixin.py:188} INFO - [2025-05-09T15:50:19.758+0000] {dag.py:3096} INFO - Sync 1 DAGs
[2025-05-09T15:50:19.775+0000] {logging_mixin.py:188} INFO - [2025-05-09T15:50:19.775+0000] {dag.py:3954} INFO - Setting next_dagrun for example_python_decorator to None, run_after=None
[2025-05-09T15:50:19.804+0000] {processor.py:183} INFO - Processing /home/airflow/.local/lib/python3.10/site-packages/airflow/example_dags/example_python_decorator.py took 0.130 seconds
[2025-05-09T15:50:50.041+0000] {processor.py:161} INFO - Started process (PID=7650) to work on /home/airflow/.local/lib/python3.10/site-packages/airflow/example_dags/example_python_decorator.py
[2025-05-09T15:50:50.042+0000] {processor.py:830} INFO - Processing file /home/airflow/.local/lib/python3.10/site-packages/airflow/example_dags/example_python_decorator.py for tasks to queue
[2025-05-09T15:50:50.045+0000] {logging_mixin.py:188} INFO - [2025-05-09T15:50:50.044+0000] {dagbag.py:545} INFO - Filling up the DagBag from /home/airflow/.local/lib/python3.10/site-packages/airflow/example_dags/example_python_decorator.py
[2025-05-09T15:50:50.065+0000] {processor.py:840} INFO - DAG(s) 'example_python_decorator' retrieved from /home/airflow/.local/lib/python3.10/site-packages/airflow/example_dags/example_python_decorator.py
[2025-05-09T15:50:50.099+0000] {logging_mixin.py:188} INFO - [2025-05-09T15:50:50.099+0000] {dag.py:3096} INFO - Sync 1 DAGs
[2025-05-09T15:50:50.119+0000] {logging_mixin.py:188} INFO - [2025-05-09T15:50:50.119+0000] {dag.py:3954} INFO - Setting next_dagrun for example_python_decorator to None, run_after=None
[2025-05-09T15:50:50.159+0000] {processor.py:183} INFO - Processing /home/airflow/.local/lib/python3.10/site-packages/airflow/example_dags/example_python_decorator.py took 0.128 seconds
[2025-05-09T15:51:20.319+0000] {processor.py:161} INFO - Started process (PID=7921) to work on /home/airflow/.local/lib/python3.10/site-packages/airflow/example_dags/example_python_decorator.py
[2025-05-09T15:51:20.321+0000] {processor.py:830} INFO - Processing file /home/airflow/.local/lib/python3.10/site-packages/airflow/example_dags/example_python_decorator.py for tasks to queue
[2025-05-09T15:51:20.324+0000] {logging_mixin.py:188} INFO - [2025-05-09T15:51:20.324+0000] {dagbag.py:545} INFO - Filling up the DagBag from /home/airflow/.local/lib/python3.10/site-packages/airflow/example_dags/example_python_decorator.py
[2025-05-09T15:51:20.346+0000] {processor.py:840} INFO - DAG(s) 'example_python_decorator' retrieved from /home/airflow/.local/lib/python3.10/site-packages/airflow/example_dags/example_python_decorator.py
[2025-05-09T15:51:20.384+0000] {logging_mixin.py:188} INFO - [2025-05-09T15:51:20.383+0000] {dag.py:3096} INFO - Sync 1 DAGs
[2025-05-09T15:51:20.403+0000] {logging_mixin.py:188} INFO - [2025-05-09T15:51:20.403+0000] {dag.py:3954} INFO - Setting next_dagrun for example_python_decorator to None, run_after=None
[2025-05-09T15:51:20.446+0000] {processor.py:183} INFO - Processing /home/airflow/.local/lib/python3.10/site-packages/airflow/example_dags/example_python_decorator.py took 0.139 seconds
[2025-05-09T15:51:51.186+0000] {processor.py:161} INFO - Started process (PID=8183) to work on /home/airflow/.local/lib/python3.10/site-packages/airflow/example_dags/example_python_decorator.py
[2025-05-09T15:51:51.188+0000] {processor.py:830} INFO - Processing file /home/airflow/.local/lib/python3.10/site-packages/airflow/example_dags/example_python_decorator.py for tasks to queue
[2025-05-09T15:51:51.191+0000] {logging_mixin.py:188} INFO - [2025-05-09T15:51:51.190+0000] {dagbag.py:545} INFO - Filling up the DagBag from /home/airflow/.local/lib/python3.10/site-packages/airflow/example_dags/example_python_decorator.py
[2025-05-09T15:51:51.202+0000] {processor.py:840} INFO - DAG(s) 'example_python_decorator' retrieved from /home/airflow/.local/lib/python3.10/site-packages/airflow/example_dags/example_python_decorator.py
[2025-05-09T15:51:51.228+0000] {logging_mixin.py:188} INFO - [2025-05-09T15:51:51.228+0000] {dag.py:3096} INFO - Sync 1 DAGs
[2025-05-09T15:51:51.241+0000] {logging_mixin.py:188} INFO - [2025-05-09T15:51:51.241+0000] {dag.py:3954} INFO - Setting next_dagrun for example_python_decorator to None, run_after=None
[2025-05-09T15:51:51.272+0000] {processor.py:183} INFO - Processing /home/airflow/.local/lib/python3.10/site-packages/airflow/example_dags/example_python_decorator.py took 0.091 seconds
[2025-05-09T15:52:21.901+0000] {processor.py:161} INFO - Started process (PID=8451) to work on /home/airflow/.local/lib/python3.10/site-packages/airflow/example_dags/example_python_decorator.py
[2025-05-09T15:52:21.903+0000] {processor.py:830} INFO - Processing file /home/airflow/.local/lib/python3.10/site-packages/airflow/example_dags/example_python_decorator.py for tasks to queue
[2025-05-09T15:52:21.908+0000] {logging_mixin.py:188} INFO - [2025-05-09T15:52:21.907+0000] {dagbag.py:545} INFO - Filling up the DagBag from /home/airflow/.local/lib/python3.10/site-packages/airflow/example_dags/example_python_decorator.py
[2025-05-09T15:52:21.927+0000] {processor.py:840} INFO - DAG(s) 'example_python_decorator' retrieved from /home/airflow/.local/lib/python3.10/site-packages/airflow/example_dags/example_python_decorator.py
[2025-05-09T15:52:21.952+0000] {logging_mixin.py:188} INFO - [2025-05-09T15:52:21.952+0000] {dag.py:3096} INFO - Sync 1 DAGs
[2025-05-09T15:52:21.965+0000] {logging_mixin.py:188} INFO - [2025-05-09T15:52:21.965+0000] {dag.py:3954} INFO - Setting next_dagrun for example_python_decorator to None, run_after=None
[2025-05-09T15:52:21.994+0000] {processor.py:183} INFO - Processing /home/airflow/.local/lib/python3.10/site-packages/airflow/example_dags/example_python_decorator.py took 0.099 seconds
[2025-05-09T15:52:52.925+0000] {processor.py:161} INFO - Started process (PID=8713) to work on /home/airflow/.local/lib/python3.10/site-packages/airflow/example_dags/example_python_decorator.py
[2025-05-09T15:52:52.927+0000] {processor.py:830} INFO - Processing file /home/airflow/.local/lib/python3.10/site-packages/airflow/example_dags/example_python_decorator.py for tasks to queue
[2025-05-09T15:52:52.930+0000] {logging_mixin.py:188} INFO - [2025-05-09T15:52:52.930+0000] {dagbag.py:545} INFO - Filling up the DagBag from /home/airflow/.local/lib/python3.10/site-packages/airflow/example_dags/example_python_decorator.py
[2025-05-09T15:52:52.945+0000] {processor.py:840} INFO - DAG(s) 'example_python_decorator' retrieved from /home/airflow/.local/lib/python3.10/site-packages/airflow/example_dags/example_python_decorator.py
[2025-05-09T15:52:52.978+0000] {logging_mixin.py:188} INFO - [2025-05-09T15:52:52.978+0000] {dag.py:3096} INFO - Sync 1 DAGs
[2025-05-09T15:52:52.993+0000] {logging_mixin.py:188} INFO - [2025-05-09T15:52:52.993+0000] {dag.py:3954} INFO - Setting next_dagrun for example_python_decorator to None, run_after=None
[2025-05-09T15:52:53.020+0000] {processor.py:183} INFO - Processing /home/airflow/.local/lib/python3.10/site-packages/airflow/example_dags/example_python_decorator.py took 0.100 seconds
[2025-05-09T15:53:23.439+0000] {processor.py:161} INFO - Started process (PID=8984) to work on /home/airflow/.local/lib/python3.10/site-packages/airflow/example_dags/example_python_decorator.py
[2025-05-09T15:53:23.441+0000] {processor.py:830} INFO - Processing file /home/airflow/.local/lib/python3.10/site-packages/airflow/example_dags/example_python_decorator.py for tasks to queue
[2025-05-09T15:53:23.443+0000] {logging_mixin.py:188} INFO - [2025-05-09T15:53:23.443+0000] {dagbag.py:545} INFO - Filling up the DagBag from /home/airflow/.local/lib/python3.10/site-packages/airflow/example_dags/example_python_decorator.py
[2025-05-09T15:53:23.457+0000] {processor.py:840} INFO - DAG(s) 'example_python_decorator' retrieved from /home/airflow/.local/lib/python3.10/site-packages/airflow/example_dags/example_python_decorator.py
[2025-05-09T15:53:23.481+0000] {logging_mixin.py:188} INFO - [2025-05-09T15:53:23.480+0000] {dag.py:3096} INFO - Sync 1 DAGs
[2025-05-09T15:53:23.494+0000] {logging_mixin.py:188} INFO - [2025-05-09T15:53:23.493+0000] {dag.py:3954} INFO - Setting next_dagrun for example_python_decorator to None, run_after=None
[2025-05-09T15:53:23.520+0000] {processor.py:183} INFO - Processing /home/airflow/.local/lib/python3.10/site-packages/airflow/example_dags/example_python_decorator.py took 0.089 seconds
[2025-05-09T15:53:53.695+0000] {processor.py:161} INFO - Started process (PID=9252) to work on /home/airflow/.local/lib/python3.10/site-packages/airflow/example_dags/example_python_decorator.py
[2025-05-09T15:53:53.704+0000] {processor.py:830} INFO - Processing file /home/airflow/.local/lib/python3.10/site-packages/airflow/example_dags/example_python_decorator.py for tasks to queue
[2025-05-09T15:53:53.708+0000] {logging_mixin.py:188} INFO - [2025-05-09T15:53:53.708+0000] {dagbag.py:545} INFO - Filling up the DagBag from /home/airflow/.local/lib/python3.10/site-packages/airflow/example_dags/example_python_decorator.py
[2025-05-09T15:53:53.730+0000] {processor.py:840} INFO - DAG(s) 'example_python_decorator' retrieved from /home/airflow/.local/lib/python3.10/site-packages/airflow/example_dags/example_python_decorator.py
[2025-05-09T15:53:53.779+0000] {logging_mixin.py:188} INFO - [2025-05-09T15:53:53.779+0000] {dag.py:3096} INFO - Sync 1 DAGs
[2025-05-09T15:53:53.794+0000] {logging_mixin.py:188} INFO - [2025-05-09T15:53:53.793+0000] {dag.py:3954} INFO - Setting next_dagrun for example_python_decorator to None, run_after=None
[2025-05-09T15:53:53.823+0000] {processor.py:183} INFO - Processing /home/airflow/.local/lib/python3.10/site-packages/airflow/example_dags/example_python_decorator.py took 0.136 seconds
[2025-05-09T15:54:23.979+0000] {processor.py:161} INFO - Started process (PID=9532) to work on /home/airflow/.local/lib/python3.10/site-packages/airflow/example_dags/example_python_decorator.py
[2025-05-09T15:54:23.980+0000] {processor.py:830} INFO - Processing file /home/airflow/.local/lib/python3.10/site-packages/airflow/example_dags/example_python_decorator.py for tasks to queue
[2025-05-09T15:54:23.982+0000] {logging_mixin.py:188} INFO - [2025-05-09T15:54:23.982+0000] {dagbag.py:545} INFO - Filling up the DagBag from /home/airflow/.local/lib/python3.10/site-packages/airflow/example_dags/example_python_decorator.py
[2025-05-09T15:54:23.995+0000] {processor.py:840} INFO - DAG(s) 'example_python_decorator' retrieved from /home/airflow/.local/lib/python3.10/site-packages/airflow/example_dags/example_python_decorator.py
[2025-05-09T15:54:24.021+0000] {logging_mixin.py:188} INFO - [2025-05-09T15:54:24.020+0000] {dag.py:3096} INFO - Sync 1 DAGs
[2025-05-09T15:54:24.034+0000] {logging_mixin.py:188} INFO - [2025-05-09T15:54:24.034+0000] {dag.py:3954} INFO - Setting next_dagrun for example_python_decorator to None, run_after=None
[2025-05-09T15:54:24.057+0000] {processor.py:183} INFO - Processing /home/airflow/.local/lib/python3.10/site-packages/airflow/example_dags/example_python_decorator.py took 0.085 seconds
[2025-05-09T15:54:54.230+0000] {processor.py:161} INFO - Started process (PID=9794) to work on /home/airflow/.local/lib/python3.10/site-packages/airflow/example_dags/example_python_decorator.py
[2025-05-09T15:54:54.231+0000] {processor.py:830} INFO - Processing file /home/airflow/.local/lib/python3.10/site-packages/airflow/example_dags/example_python_decorator.py for tasks to queue
[2025-05-09T15:54:54.233+0000] {logging_mixin.py:188} INFO - [2025-05-09T15:54:54.233+0000] {dagbag.py:545} INFO - Filling up the DagBag from /home/airflow/.local/lib/python3.10/site-packages/airflow/example_dags/example_python_decorator.py
[2025-05-09T15:54:54.247+0000] {processor.py:840} INFO - DAG(s) 'example_python_decorator' retrieved from /home/airflow/.local/lib/python3.10/site-packages/airflow/example_dags/example_python_decorator.py
[2025-05-09T15:54:54.285+0000] {logging_mixin.py:188} INFO - [2025-05-09T15:54:54.284+0000] {dag.py:3096} INFO - Sync 1 DAGs
[2025-05-09T15:54:54.303+0000] {logging_mixin.py:188} INFO - [2025-05-09T15:54:54.303+0000] {dag.py:3954} INFO - Setting next_dagrun for example_python_decorator to None, run_after=None
[2025-05-09T15:54:54.332+0000] {processor.py:183} INFO - Processing /home/airflow/.local/lib/python3.10/site-packages/airflow/example_dags/example_python_decorator.py took 0.110 seconds
[2025-05-09T15:55:24.614+0000] {processor.py:161} INFO - Started process (PID=10065) to work on /home/airflow/.local/lib/python3.10/site-packages/airflow/example_dags/example_python_decorator.py
[2025-05-09T15:55:24.616+0000] {processor.py:830} INFO - Processing file /home/airflow/.local/lib/python3.10/site-packages/airflow/example_dags/example_python_decorator.py for tasks to queue
[2025-05-09T15:55:24.619+0000] {logging_mixin.py:188} INFO - [2025-05-09T15:55:24.618+0000] {dagbag.py:545} INFO - Filling up the DagBag from /home/airflow/.local/lib/python3.10/site-packages/airflow/example_dags/example_python_decorator.py
[2025-05-09T15:55:24.630+0000] {processor.py:840} INFO - DAG(s) 'example_python_decorator' retrieved from /home/airflow/.local/lib/python3.10/site-packages/airflow/example_dags/example_python_decorator.py
[2025-05-09T15:55:24.655+0000] {logging_mixin.py:188} INFO - [2025-05-09T15:55:24.655+0000] {dag.py:3096} INFO - Sync 1 DAGs
[2025-05-09T15:55:24.669+0000] {logging_mixin.py:188} INFO - [2025-05-09T15:55:24.668+0000] {dag.py:3954} INFO - Setting next_dagrun for example_python_decorator to None, run_after=None
[2025-05-09T15:55:24.690+0000] {processor.py:183} INFO - Processing /home/airflow/.local/lib/python3.10/site-packages/airflow/example_dags/example_python_decorator.py took 0.081 seconds
[2025-05-09T15:55:54.905+0000] {processor.py:161} INFO - Started process (PID=10327) to work on /home/airflow/.local/lib/python3.10/site-packages/airflow/example_dags/example_python_decorator.py
[2025-05-09T15:55:54.906+0000] {processor.py:830} INFO - Processing file /home/airflow/.local/lib/python3.10/site-packages/airflow/example_dags/example_python_decorator.py for tasks to queue
[2025-05-09T15:55:54.910+0000] {logging_mixin.py:188} INFO - [2025-05-09T15:55:54.909+0000] {dagbag.py:545} INFO - Filling up the DagBag from /home/airflow/.local/lib/python3.10/site-packages/airflow/example_dags/example_python_decorator.py
[2025-05-09T15:55:54.928+0000] {processor.py:840} INFO - DAG(s) 'example_python_decorator' retrieved from /home/airflow/.local/lib/python3.10/site-packages/airflow/example_dags/example_python_decorator.py
[2025-05-09T15:55:54.957+0000] {logging_mixin.py:188} INFO - [2025-05-09T15:55:54.957+0000] {dag.py:3096} INFO - Sync 1 DAGs
[2025-05-09T15:55:54.974+0000] {logging_mixin.py:188} INFO - [2025-05-09T15:55:54.973+0000] {dag.py:3954} INFO - Setting next_dagrun for example_python_decorator to None, run_after=None
[2025-05-09T15:55:55.001+0000] {processor.py:183} INFO - Processing /home/airflow/.local/lib/python3.10/site-packages/airflow/example_dags/example_python_decorator.py took 0.111 seconds
[2025-05-09T15:56:25.295+0000] {processor.py:161} INFO - Started process (PID=10598) to work on /home/airflow/.local/lib/python3.10/site-packages/airflow/example_dags/example_python_decorator.py
[2025-05-09T15:56:25.297+0000] {processor.py:830} INFO - Processing file /home/airflow/.local/lib/python3.10/site-packages/airflow/example_dags/example_python_decorator.py for tasks to queue
[2025-05-09T15:56:25.300+0000] {logging_mixin.py:188} INFO - [2025-05-09T15:56:25.300+0000] {dagbag.py:545} INFO - Filling up the DagBag from /home/airflow/.local/lib/python3.10/site-packages/airflow/example_dags/example_python_decorator.py
[2025-05-09T15:56:25.318+0000] {processor.py:840} INFO - DAG(s) 'example_python_decorator' retrieved from /home/airflow/.local/lib/python3.10/site-packages/airflow/example_dags/example_python_decorator.py
[2025-05-09T15:56:25.356+0000] {logging_mixin.py:188} INFO - [2025-05-09T15:56:25.356+0000] {dag.py:3096} INFO - Sync 1 DAGs
[2025-05-09T15:56:25.383+0000] {logging_mixin.py:188} INFO - [2025-05-09T15:56:25.383+0000] {dag.py:3954} INFO - Setting next_dagrun for example_python_decorator to None, run_after=None
[2025-05-09T15:56:25.418+0000] {processor.py:183} INFO - Processing /home/airflow/.local/lib/python3.10/site-packages/airflow/example_dags/example_python_decorator.py took 0.129 seconds
[2025-05-09T15:56:55.514+0000] {processor.py:161} INFO - Started process (PID=10860) to work on /home/airflow/.local/lib/python3.10/site-packages/airflow/example_dags/example_python_decorator.py
[2025-05-09T15:56:55.517+0000] {processor.py:830} INFO - Processing file /home/airflow/.local/lib/python3.10/site-packages/airflow/example_dags/example_python_decorator.py for tasks to queue
[2025-05-09T15:56:55.519+0000] {logging_mixin.py:188} INFO - [2025-05-09T15:56:55.519+0000] {dagbag.py:545} INFO - Filling up the DagBag from /home/airflow/.local/lib/python3.10/site-packages/airflow/example_dags/example_python_decorator.py
[2025-05-09T15:56:55.536+0000] {processor.py:840} INFO - DAG(s) 'example_python_decorator' retrieved from /home/airflow/.local/lib/python3.10/site-packages/airflow/example_dags/example_python_decorator.py
[2025-05-09T15:56:55.565+0000] {logging_mixin.py:188} INFO - [2025-05-09T15:56:55.565+0000] {dag.py:3096} INFO - Sync 1 DAGs
[2025-05-09T15:56:55.578+0000] {logging_mixin.py:188} INFO - [2025-05-09T15:56:55.578+0000] {dag.py:3954} INFO - Setting next_dagrun for example_python_decorator to None, run_after=None
[2025-05-09T15:56:55.609+0000] {processor.py:183} INFO - Processing /home/airflow/.local/lib/python3.10/site-packages/airflow/example_dags/example_python_decorator.py took 0.101 seconds
[2025-05-09T15:57:25.702+0000] {processor.py:161} INFO - Started process (PID=11131) to work on /home/airflow/.local/lib/python3.10/site-packages/airflow/example_dags/example_python_decorator.py
[2025-05-09T15:57:25.704+0000] {processor.py:830} INFO - Processing file /home/airflow/.local/lib/python3.10/site-packages/airflow/example_dags/example_python_decorator.py for tasks to queue
[2025-05-09T15:57:25.706+0000] {logging_mixin.py:188} INFO - [2025-05-09T15:57:25.706+0000] {dagbag.py:545} INFO - Filling up the DagBag from /home/airflow/.local/lib/python3.10/site-packages/airflow/example_dags/example_python_decorator.py
[2025-05-09T15:57:25.717+0000] {processor.py:840} INFO - DAG(s) 'example_python_decorator' retrieved from /home/airflow/.local/lib/python3.10/site-packages/airflow/example_dags/example_python_decorator.py
[2025-05-09T15:57:25.741+0000] {logging_mixin.py:188} INFO - [2025-05-09T15:57:25.740+0000] {dag.py:3096} INFO - Sync 1 DAGs
[2025-05-09T15:57:25.753+0000] {logging_mixin.py:188} INFO - [2025-05-09T15:57:25.752+0000] {dag.py:3954} INFO - Setting next_dagrun for example_python_decorator to None, run_after=None
[2025-05-09T15:57:25.777+0000] {processor.py:183} INFO - Processing /home/airflow/.local/lib/python3.10/site-packages/airflow/example_dags/example_python_decorator.py took 0.081 seconds
[2025-05-09T15:57:56.568+0000] {processor.py:161} INFO - Started process (PID=11393) to work on /home/airflow/.local/lib/python3.10/site-packages/airflow/example_dags/example_python_decorator.py
[2025-05-09T15:57:56.570+0000] {processor.py:830} INFO - Processing file /home/airflow/.local/lib/python3.10/site-packages/airflow/example_dags/example_python_decorator.py for tasks to queue
[2025-05-09T15:57:56.573+0000] {logging_mixin.py:188} INFO - [2025-05-09T15:57:56.572+0000] {dagbag.py:545} INFO - Filling up the DagBag from /home/airflow/.local/lib/python3.10/site-packages/airflow/example_dags/example_python_decorator.py
[2025-05-09T15:57:56.586+0000] {processor.py:840} INFO - DAG(s) 'example_python_decorator' retrieved from /home/airflow/.local/lib/python3.10/site-packages/airflow/example_dags/example_python_decorator.py
[2025-05-09T15:57:56.616+0000] {logging_mixin.py:188} INFO - [2025-05-09T15:57:56.616+0000] {dag.py:3096} INFO - Sync 1 DAGs
[2025-05-09T15:57:56.630+0000] {logging_mixin.py:188} INFO - [2025-05-09T15:57:56.630+0000] {dag.py:3954} INFO - Setting next_dagrun for example_python_decorator to None, run_after=None
[2025-05-09T15:57:56.661+0000] {processor.py:183} INFO - Processing /home/airflow/.local/lib/python3.10/site-packages/airflow/example_dags/example_python_decorator.py took 0.101 seconds
[2025-05-09T15:58:26.844+0000] {processor.py:161} INFO - Started process (PID=11664) to work on /home/airflow/.local/lib/python3.10/site-packages/airflow/example_dags/example_python_decorator.py
[2025-05-09T15:58:26.849+0000] {processor.py:830} INFO - Processing file /home/airflow/.local/lib/python3.10/site-packages/airflow/example_dags/example_python_decorator.py for tasks to queue
[2025-05-09T15:58:26.852+0000] {logging_mixin.py:188} INFO - [2025-05-09T15:58:26.851+0000] {dagbag.py:545} INFO - Filling up the DagBag from /home/airflow/.local/lib/python3.10/site-packages/airflow/example_dags/example_python_decorator.py
[2025-05-09T15:58:26.867+0000] {processor.py:840} INFO - DAG(s) 'example_python_decorator' retrieved from /home/airflow/.local/lib/python3.10/site-packages/airflow/example_dags/example_python_decorator.py
[2025-05-09T15:58:26.894+0000] {logging_mixin.py:188} INFO - [2025-05-09T15:58:26.894+0000] {dag.py:3096} INFO - Sync 1 DAGs
[2025-05-09T15:58:26.908+0000] {logging_mixin.py:188} INFO - [2025-05-09T15:58:26.907+0000] {dag.py:3954} INFO - Setting next_dagrun for example_python_decorator to None, run_after=None
[2025-05-09T15:58:26.932+0000] {processor.py:183} INFO - Processing /home/airflow/.local/lib/python3.10/site-packages/airflow/example_dags/example_python_decorator.py took 0.093 seconds
[2025-05-09T15:58:57.406+0000] {processor.py:161} INFO - Started process (PID=11926) to work on /home/airflow/.local/lib/python3.10/site-packages/airflow/example_dags/example_python_decorator.py
[2025-05-09T15:58:57.408+0000] {processor.py:830} INFO - Processing file /home/airflow/.local/lib/python3.10/site-packages/airflow/example_dags/example_python_decorator.py for tasks to queue
[2025-05-09T15:58:57.411+0000] {logging_mixin.py:188} INFO - [2025-05-09T15:58:57.410+0000] {dagbag.py:545} INFO - Filling up the DagBag from /home/airflow/.local/lib/python3.10/site-packages/airflow/example_dags/example_python_decorator.py
[2025-05-09T15:58:57.433+0000] {processor.py:840} INFO - DAG(s) 'example_python_decorator' retrieved from /home/airflow/.local/lib/python3.10/site-packages/airflow/example_dags/example_python_decorator.py
[2025-05-09T15:58:57.471+0000] {logging_mixin.py:188} INFO - [2025-05-09T15:58:57.470+0000] {dag.py:3096} INFO - Sync 1 DAGs
[2025-05-09T15:58:57.491+0000] {logging_mixin.py:188} INFO - [2025-05-09T15:58:57.491+0000] {dag.py:3954} INFO - Setting next_dagrun for example_python_decorator to None, run_after=None
[2025-05-09T15:58:57.537+0000] {processor.py:183} INFO - Processing /home/airflow/.local/lib/python3.10/site-packages/airflow/example_dags/example_python_decorator.py took 0.139 seconds
[2025-05-09T15:59:28.562+0000] {processor.py:161} INFO - Started process (PID=12197) to work on /home/airflow/.local/lib/python3.10/site-packages/airflow/example_dags/example_python_decorator.py
[2025-05-09T15:59:28.563+0000] {processor.py:830} INFO - Processing file /home/airflow/.local/lib/python3.10/site-packages/airflow/example_dags/example_python_decorator.py for tasks to queue
[2025-05-09T15:59:28.566+0000] {logging_mixin.py:188} INFO - [2025-05-09T15:59:28.565+0000] {dagbag.py:545} INFO - Filling up the DagBag from /home/airflow/.local/lib/python3.10/site-packages/airflow/example_dags/example_python_decorator.py
[2025-05-09T15:59:28.580+0000] {processor.py:840} INFO - DAG(s) 'example_python_decorator' retrieved from /home/airflow/.local/lib/python3.10/site-packages/airflow/example_dags/example_python_decorator.py
[2025-05-09T15:59:28.607+0000] {logging_mixin.py:188} INFO - [2025-05-09T15:59:28.607+0000] {dag.py:3096} INFO - Sync 1 DAGs
[2025-05-09T15:59:28.622+0000] {logging_mixin.py:188} INFO - [2025-05-09T15:59:28.622+0000] {dag.py:3954} INFO - Setting next_dagrun for example_python_decorator to None, run_after=None
[2025-05-09T15:59:28.658+0000] {processor.py:183} INFO - Processing /home/airflow/.local/lib/python3.10/site-packages/airflow/example_dags/example_python_decorator.py took 0.103 seconds
[2025-05-09T15:59:58.916+0000] {processor.py:161} INFO - Started process (PID=12474) to work on /home/airflow/.local/lib/python3.10/site-packages/airflow/example_dags/example_python_decorator.py
[2025-05-09T15:59:58.918+0000] {processor.py:830} INFO - Processing file /home/airflow/.local/lib/python3.10/site-packages/airflow/example_dags/example_python_decorator.py for tasks to queue
[2025-05-09T15:59:58.920+0000] {logging_mixin.py:188} INFO - [2025-05-09T15:59:58.920+0000] {dagbag.py:545} INFO - Filling up the DagBag from /home/airflow/.local/lib/python3.10/site-packages/airflow/example_dags/example_python_decorator.py
[2025-05-09T15:59:58.935+0000] {processor.py:840} INFO - DAG(s) 'example_python_decorator' retrieved from /home/airflow/.local/lib/python3.10/site-packages/airflow/example_dags/example_python_decorator.py
[2025-05-09T15:59:58.964+0000] {logging_mixin.py:188} INFO - [2025-05-09T15:59:58.964+0000] {dag.py:3096} INFO - Sync 1 DAGs
[2025-05-09T15:59:58.977+0000] {logging_mixin.py:188} INFO - [2025-05-09T15:59:58.977+0000] {dag.py:3954} INFO - Setting next_dagrun for example_python_decorator to None, run_after=None
[2025-05-09T15:59:59.002+0000] {processor.py:183} INFO - Processing /home/airflow/.local/lib/python3.10/site-packages/airflow/example_dags/example_python_decorator.py took 0.092 seconds
[2025-05-09T16:00:29.308+0000] {processor.py:161} INFO - Started process (PID=12773) to work on /home/airflow/.local/lib/python3.10/site-packages/airflow/example_dags/example_python_decorator.py
[2025-05-09T16:00:29.310+0000] {processor.py:830} INFO - Processing file /home/airflow/.local/lib/python3.10/site-packages/airflow/example_dags/example_python_decorator.py for tasks to queue
[2025-05-09T16:00:29.313+0000] {logging_mixin.py:188} INFO - [2025-05-09T16:00:29.313+0000] {dagbag.py:545} INFO - Filling up the DagBag from /home/airflow/.local/lib/python3.10/site-packages/airflow/example_dags/example_python_decorator.py
[2025-05-09T16:00:29.325+0000] {processor.py:840} INFO - DAG(s) 'example_python_decorator' retrieved from /home/airflow/.local/lib/python3.10/site-packages/airflow/example_dags/example_python_decorator.py
[2025-05-09T16:00:29.352+0000] {logging_mixin.py:188} INFO - [2025-05-09T16:00:29.351+0000] {dag.py:3096} INFO - Sync 1 DAGs
[2025-05-09T16:00:29.364+0000] {logging_mixin.py:188} INFO - [2025-05-09T16:00:29.364+0000] {dag.py:3954} INFO - Setting next_dagrun for example_python_decorator to None, run_after=None
[2025-05-09T16:00:29.389+0000] {processor.py:183} INFO - Processing /home/airflow/.local/lib/python3.10/site-packages/airflow/example_dags/example_python_decorator.py took 0.087 seconds
[2025-05-09T16:01:00.174+0000] {processor.py:161} INFO - Started process (PID=13052) to work on /home/airflow/.local/lib/python3.10/site-packages/airflow/example_dags/example_python_decorator.py
[2025-05-09T16:01:00.176+0000] {processor.py:830} INFO - Processing file /home/airflow/.local/lib/python3.10/site-packages/airflow/example_dags/example_python_decorator.py for tasks to queue
[2025-05-09T16:01:00.180+0000] {logging_mixin.py:188} INFO - [2025-05-09T16:01:00.179+0000] {dagbag.py:545} INFO - Filling up the DagBag from /home/airflow/.local/lib/python3.10/site-packages/airflow/example_dags/example_python_decorator.py
[2025-05-09T16:01:00.198+0000] {processor.py:840} INFO - DAG(s) 'example_python_decorator' retrieved from /home/airflow/.local/lib/python3.10/site-packages/airflow/example_dags/example_python_decorator.py
[2025-05-09T16:01:00.220+0000] {logging_mixin.py:188} INFO - [2025-05-09T16:01:00.220+0000] {dag.py:3096} INFO - Sync 1 DAGs
[2025-05-09T16:01:00.230+0000] {logging_mixin.py:188} INFO - [2025-05-09T16:01:00.230+0000] {dag.py:3954} INFO - Setting next_dagrun for example_python_decorator to None, run_after=None
[2025-05-09T16:01:00.253+0000] {processor.py:183} INFO - Processing /home/airflow/.local/lib/python3.10/site-packages/airflow/example_dags/example_python_decorator.py took 0.085 seconds
[2025-05-09T16:01:30.802+0000] {processor.py:161} INFO - Started process (PID=13337) to work on /home/airflow/.local/lib/python3.10/site-packages/airflow/example_dags/example_python_decorator.py
[2025-05-09T16:01:30.803+0000] {processor.py:830} INFO - Processing file /home/airflow/.local/lib/python3.10/site-packages/airflow/example_dags/example_python_decorator.py for tasks to queue
[2025-05-09T16:01:30.805+0000] {logging_mixin.py:188} INFO - [2025-05-09T16:01:30.804+0000] {dagbag.py:545} INFO - Filling up the DagBag from /home/airflow/.local/lib/python3.10/site-packages/airflow/example_dags/example_python_decorator.py
[2025-05-09T16:01:30.819+0000] {processor.py:840} INFO - DAG(s) 'example_python_decorator' retrieved from /home/airflow/.local/lib/python3.10/site-packages/airflow/example_dags/example_python_decorator.py
[2025-05-09T16:01:30.848+0000] {logging_mixin.py:188} INFO - [2025-05-09T16:01:30.847+0000] {dag.py:3096} INFO - Sync 1 DAGs
[2025-05-09T16:01:30.867+0000] {logging_mixin.py:188} INFO - [2025-05-09T16:01:30.867+0000] {dag.py:3954} INFO - Setting next_dagrun for example_python_decorator to None, run_after=None
[2025-05-09T16:01:30.907+0000] {processor.py:183} INFO - Processing /home/airflow/.local/lib/python3.10/site-packages/airflow/example_dags/example_python_decorator.py took 0.110 seconds
[2025-05-09T16:02:01.368+0000] {processor.py:161} INFO - Started process (PID=13643) to work on /home/airflow/.local/lib/python3.10/site-packages/airflow/example_dags/example_python_decorator.py
[2025-05-09T16:02:01.370+0000] {processor.py:830} INFO - Processing file /home/airflow/.local/lib/python3.10/site-packages/airflow/example_dags/example_python_decorator.py for tasks to queue
[2025-05-09T16:02:01.371+0000] {logging_mixin.py:188} INFO - [2025-05-09T16:02:01.371+0000] {dagbag.py:545} INFO - Filling up the DagBag from /home/airflow/.local/lib/python3.10/site-packages/airflow/example_dags/example_python_decorator.py
[2025-05-09T16:02:01.386+0000] {processor.py:840} INFO - DAG(s) 'example_python_decorator' retrieved from /home/airflow/.local/lib/python3.10/site-packages/airflow/example_dags/example_python_decorator.py
[2025-05-09T16:02:01.415+0000] {logging_mixin.py:188} INFO - [2025-05-09T16:02:01.414+0000] {dag.py:3096} INFO - Sync 1 DAGs
[2025-05-09T16:02:01.428+0000] {logging_mixin.py:188} INFO - [2025-05-09T16:02:01.427+0000] {dag.py:3954} INFO - Setting next_dagrun for example_python_decorator to None, run_after=None
[2025-05-09T16:02:01.459+0000] {processor.py:183} INFO - Processing /home/airflow/.local/lib/python3.10/site-packages/airflow/example_dags/example_python_decorator.py took 0.096 seconds
[2025-05-09T16:02:31.697+0000] {processor.py:161} INFO - Started process (PID=13921) to work on /home/airflow/.local/lib/python3.10/site-packages/airflow/example_dags/example_python_decorator.py
[2025-05-09T16:02:31.699+0000] {processor.py:830} INFO - Processing file /home/airflow/.local/lib/python3.10/site-packages/airflow/example_dags/example_python_decorator.py for tasks to queue
[2025-05-09T16:02:31.701+0000] {logging_mixin.py:188} INFO - [2025-05-09T16:02:31.701+0000] {dagbag.py:545} INFO - Filling up the DagBag from /home/airflow/.local/lib/python3.10/site-packages/airflow/example_dags/example_python_decorator.py
[2025-05-09T16:02:31.714+0000] {processor.py:840} INFO - DAG(s) 'example_python_decorator' retrieved from /home/airflow/.local/lib/python3.10/site-packages/airflow/example_dags/example_python_decorator.py
[2025-05-09T16:02:31.744+0000] {logging_mixin.py:188} INFO - [2025-05-09T16:02:31.744+0000] {dag.py:3096} INFO - Sync 1 DAGs
[2025-05-09T16:02:31.756+0000] {logging_mixin.py:188} INFO - [2025-05-09T16:02:31.756+0000] {dag.py:3954} INFO - Setting next_dagrun for example_python_decorator to None, run_after=None
[2025-05-09T16:02:31.779+0000] {processor.py:183} INFO - Processing /home/airflow/.local/lib/python3.10/site-packages/airflow/example_dags/example_python_decorator.py took 0.091 seconds
[2025-05-09T16:03:02.309+0000] {processor.py:161} INFO - Started process (PID=14224) to work on /home/airflow/.local/lib/python3.10/site-packages/airflow/example_dags/example_python_decorator.py
[2025-05-09T16:03:02.311+0000] {processor.py:830} INFO - Processing file /home/airflow/.local/lib/python3.10/site-packages/airflow/example_dags/example_python_decorator.py for tasks to queue
[2025-05-09T16:03:02.312+0000] {logging_mixin.py:188} INFO - [2025-05-09T16:03:02.312+0000] {dagbag.py:545} INFO - Filling up the DagBag from /home/airflow/.local/lib/python3.10/site-packages/airflow/example_dags/example_python_decorator.py
[2025-05-09T16:03:02.329+0000] {processor.py:840} INFO - DAG(s) 'example_python_decorator' retrieved from /home/airflow/.local/lib/python3.10/site-packages/airflow/example_dags/example_python_decorator.py
[2025-05-09T16:03:02.356+0000] {logging_mixin.py:188} INFO - [2025-05-09T16:03:02.356+0000] {dag.py:3096} INFO - Sync 1 DAGs
[2025-05-09T16:03:02.370+0000] {logging_mixin.py:188} INFO - [2025-05-09T16:03:02.370+0000] {dag.py:3954} INFO - Setting next_dagrun for example_python_decorator to None, run_after=None
[2025-05-09T16:03:02.398+0000] {processor.py:183} INFO - Processing /home/airflow/.local/lib/python3.10/site-packages/airflow/example_dags/example_python_decorator.py took 0.096 seconds
[2025-05-09T16:03:33.404+0000] {processor.py:161} INFO - Started process (PID=14504) to work on /home/airflow/.local/lib/python3.10/site-packages/airflow/example_dags/example_python_decorator.py
[2025-05-09T16:03:33.406+0000] {processor.py:830} INFO - Processing file /home/airflow/.local/lib/python3.10/site-packages/airflow/example_dags/example_python_decorator.py for tasks to queue
[2025-05-09T16:03:33.408+0000] {logging_mixin.py:188} INFO - [2025-05-09T16:03:33.408+0000] {dagbag.py:545} INFO - Filling up the DagBag from /home/airflow/.local/lib/python3.10/site-packages/airflow/example_dags/example_python_decorator.py
[2025-05-09T16:03:33.424+0000] {processor.py:840} INFO - DAG(s) 'example_python_decorator' retrieved from /home/airflow/.local/lib/python3.10/site-packages/airflow/example_dags/example_python_decorator.py
[2025-05-09T16:03:33.457+0000] {logging_mixin.py:188} INFO - [2025-05-09T16:03:33.457+0000] {dag.py:3096} INFO - Sync 1 DAGs
[2025-05-09T16:03:33.474+0000] {logging_mixin.py:188} INFO - [2025-05-09T16:03:33.474+0000] {dag.py:3954} INFO - Setting next_dagrun for example_python_decorator to None, run_after=None
[2025-05-09T16:03:33.509+0000] {processor.py:183} INFO - Processing /home/airflow/.local/lib/python3.10/site-packages/airflow/example_dags/example_python_decorator.py took 0.112 seconds
[2025-05-09T16:04:03.983+0000] {processor.py:161} INFO - Started process (PID=14766) to work on /home/airflow/.local/lib/python3.10/site-packages/airflow/example_dags/example_python_decorator.py
[2025-05-09T16:04:03.985+0000] {processor.py:830} INFO - Processing file /home/airflow/.local/lib/python3.10/site-packages/airflow/example_dags/example_python_decorator.py for tasks to queue
[2025-05-09T16:04:03.987+0000] {logging_mixin.py:188} INFO - [2025-05-09T16:04:03.986+0000] {dagbag.py:545} INFO - Filling up the DagBag from /home/airflow/.local/lib/python3.10/site-packages/airflow/example_dags/example_python_decorator.py
[2025-05-09T16:04:03.998+0000] {processor.py:840} INFO - DAG(s) 'example_python_decorator' retrieved from /home/airflow/.local/lib/python3.10/site-packages/airflow/example_dags/example_python_decorator.py
[2025-05-09T16:04:04.021+0000] {logging_mixin.py:188} INFO - [2025-05-09T16:04:04.021+0000] {dag.py:3096} INFO - Sync 1 DAGs
[2025-05-09T16:04:04.034+0000] {logging_mixin.py:188} INFO - [2025-05-09T16:04:04.034+0000] {dag.py:3954} INFO - Setting next_dagrun for example_python_decorator to None, run_after=None
[2025-05-09T16:04:04.062+0000] {processor.py:183} INFO - Processing /home/airflow/.local/lib/python3.10/site-packages/airflow/example_dags/example_python_decorator.py took 0.085 seconds
[2025-05-09T16:05:15.713+0000] {processor.py:161} INFO - Started process (PID=209) to work on /home/airflow/.local/lib/python3.10/site-packages/airflow/example_dags/example_python_decorator.py
[2025-05-09T16:05:15.715+0000] {processor.py:830} INFO - Processing file /home/airflow/.local/lib/python3.10/site-packages/airflow/example_dags/example_python_decorator.py for tasks to queue
[2025-05-09T16:05:15.719+0000] {logging_mixin.py:188} INFO - [2025-05-09T16:05:15.719+0000] {dagbag.py:545} INFO - Filling up the DagBag from /home/airflow/.local/lib/python3.10/site-packages/airflow/example_dags/example_python_decorator.py
[2025-05-09T16:05:15.744+0000] {processor.py:840} INFO - DAG(s) 'example_python_decorator' retrieved from /home/airflow/.local/lib/python3.10/site-packages/airflow/example_dags/example_python_decorator.py
[2025-05-09T16:05:15.767+0000] {logging_mixin.py:188} INFO - [2025-05-09T16:05:15.767+0000] {dag.py:3096} INFO - Sync 1 DAGs
[2025-05-09T16:05:15.789+0000] {logging_mixin.py:188} INFO - [2025-05-09T16:05:15.789+0000] {dag.py:3954} INFO - Setting next_dagrun for example_python_decorator to None, run_after=None
[2025-05-09T16:05:15.833+0000] {processor.py:183} INFO - Processing /home/airflow/.local/lib/python3.10/site-packages/airflow/example_dags/example_python_decorator.py took 0.130 seconds
[2025-05-09T16:05:46.258+0000] {processor.py:161} INFO - Started process (PID=469) to work on /home/airflow/.local/lib/python3.10/site-packages/airflow/example_dags/example_python_decorator.py
[2025-05-09T16:05:46.259+0000] {processor.py:830} INFO - Processing file /home/airflow/.local/lib/python3.10/site-packages/airflow/example_dags/example_python_decorator.py for tasks to queue
[2025-05-09T16:05:46.262+0000] {logging_mixin.py:188} INFO - [2025-05-09T16:05:46.262+0000] {dagbag.py:545} INFO - Filling up the DagBag from /home/airflow/.local/lib/python3.10/site-packages/airflow/example_dags/example_python_decorator.py
[2025-05-09T16:05:46.276+0000] {processor.py:840} INFO - DAG(s) 'example_python_decorator' retrieved from /home/airflow/.local/lib/python3.10/site-packages/airflow/example_dags/example_python_decorator.py
[2025-05-09T16:05:46.373+0000] {logging_mixin.py:188} INFO - [2025-05-09T16:05:46.373+0000] {dag.py:3096} INFO - Sync 1 DAGs
[2025-05-09T16:05:46.389+0000] {logging_mixin.py:188} INFO - [2025-05-09T16:05:46.388+0000] {dag.py:3954} INFO - Setting next_dagrun for example_python_decorator to None, run_after=None
[2025-05-09T16:05:46.420+0000] {processor.py:183} INFO - Processing /home/airflow/.local/lib/python3.10/site-packages/airflow/example_dags/example_python_decorator.py took 0.171 seconds
[2025-05-09T16:06:16.963+0000] {processor.py:161} INFO - Started process (PID=731) to work on /home/airflow/.local/lib/python3.10/site-packages/airflow/example_dags/example_python_decorator.py
[2025-05-09T16:06:16.965+0000] {processor.py:830} INFO - Processing file /home/airflow/.local/lib/python3.10/site-packages/airflow/example_dags/example_python_decorator.py for tasks to queue
[2025-05-09T16:06:16.967+0000] {logging_mixin.py:188} INFO - [2025-05-09T16:06:16.966+0000] {dagbag.py:545} INFO - Filling up the DagBag from /home/airflow/.local/lib/python3.10/site-packages/airflow/example_dags/example_python_decorator.py
[2025-05-09T16:06:16.980+0000] {processor.py:840} INFO - DAG(s) 'example_python_decorator' retrieved from /home/airflow/.local/lib/python3.10/site-packages/airflow/example_dags/example_python_decorator.py
[2025-05-09T16:06:17.005+0000] {logging_mixin.py:188} INFO - [2025-05-09T16:06:17.005+0000] {dag.py:3096} INFO - Sync 1 DAGs
[2025-05-09T16:06:17.018+0000] {logging_mixin.py:188} INFO - [2025-05-09T16:06:17.018+0000] {dag.py:3954} INFO - Setting next_dagrun for example_python_decorator to None, run_after=None
[2025-05-09T16:06:17.048+0000] {processor.py:183} INFO - Processing /home/airflow/.local/lib/python3.10/site-packages/airflow/example_dags/example_python_decorator.py took 0.095 seconds
[2025-05-09T16:06:47.394+0000] {processor.py:161} INFO - Started process (PID=993) to work on /home/airflow/.local/lib/python3.10/site-packages/airflow/example_dags/example_python_decorator.py
[2025-05-09T16:06:47.396+0000] {processor.py:830} INFO - Processing file /home/airflow/.local/lib/python3.10/site-packages/airflow/example_dags/example_python_decorator.py for tasks to queue
[2025-05-09T16:06:47.399+0000] {logging_mixin.py:188} INFO - [2025-05-09T16:06:47.399+0000] {dagbag.py:545} INFO - Filling up the DagBag from /home/airflow/.local/lib/python3.10/site-packages/airflow/example_dags/example_python_decorator.py
[2025-05-09T16:06:47.413+0000] {processor.py:840} INFO - DAG(s) 'example_python_decorator' retrieved from /home/airflow/.local/lib/python3.10/site-packages/airflow/example_dags/example_python_decorator.py
[2025-05-09T16:06:47.442+0000] {logging_mixin.py:188} INFO - [2025-05-09T16:06:47.441+0000] {dag.py:3096} INFO - Sync 1 DAGs
[2025-05-09T16:06:47.457+0000] {logging_mixin.py:188} INFO - [2025-05-09T16:06:47.457+0000] {dag.py:3954} INFO - Setting next_dagrun for example_python_decorator to None, run_after=None
[2025-05-09T16:06:47.483+0000] {processor.py:183} INFO - Processing /home/airflow/.local/lib/python3.10/site-packages/airflow/example_dags/example_python_decorator.py took 0.098 seconds
[2025-05-09T16:07:18.228+0000] {processor.py:161} INFO - Started process (PID=1290) to work on /home/airflow/.local/lib/python3.10/site-packages/airflow/example_dags/example_python_decorator.py
[2025-05-09T16:07:18.230+0000] {processor.py:830} INFO - Processing file /home/airflow/.local/lib/python3.10/site-packages/airflow/example_dags/example_python_decorator.py for tasks to queue
[2025-05-09T16:07:18.234+0000] {logging_mixin.py:188} INFO - [2025-05-09T16:07:18.233+0000] {dagbag.py:545} INFO - Filling up the DagBag from /home/airflow/.local/lib/python3.10/site-packages/airflow/example_dags/example_python_decorator.py
[2025-05-09T16:07:18.253+0000] {processor.py:840} INFO - DAG(s) 'example_python_decorator' retrieved from /home/airflow/.local/lib/python3.10/site-packages/airflow/example_dags/example_python_decorator.py
[2025-05-09T16:07:18.294+0000] {logging_mixin.py:188} INFO - [2025-05-09T16:07:18.293+0000] {dag.py:3096} INFO - Sync 1 DAGs
[2025-05-09T16:07:18.323+0000] {logging_mixin.py:188} INFO - [2025-05-09T16:07:18.323+0000] {dag.py:3954} INFO - Setting next_dagrun for example_python_decorator to None, run_after=None
[2025-05-09T16:07:18.367+0000] {processor.py:183} INFO - Processing /home/airflow/.local/lib/python3.10/site-packages/airflow/example_dags/example_python_decorator.py took 0.148 seconds
[2025-05-09T16:07:48.514+0000] {processor.py:161} INFO - Started process (PID=1553) to work on /home/airflow/.local/lib/python3.10/site-packages/airflow/example_dags/example_python_decorator.py
[2025-05-09T16:07:48.515+0000] {processor.py:830} INFO - Processing file /home/airflow/.local/lib/python3.10/site-packages/airflow/example_dags/example_python_decorator.py for tasks to queue
[2025-05-09T16:07:48.518+0000] {logging_mixin.py:188} INFO - [2025-05-09T16:07:48.518+0000] {dagbag.py:545} INFO - Filling up the DagBag from /home/airflow/.local/lib/python3.10/site-packages/airflow/example_dags/example_python_decorator.py
[2025-05-09T16:07:48.531+0000] {processor.py:840} INFO - DAG(s) 'example_python_decorator' retrieved from /home/airflow/.local/lib/python3.10/site-packages/airflow/example_dags/example_python_decorator.py
[2025-05-09T16:07:48.557+0000] {logging_mixin.py:188} INFO - [2025-05-09T16:07:48.557+0000] {dag.py:3096} INFO - Sync 1 DAGs
[2025-05-09T16:07:48.569+0000] {logging_mixin.py:188} INFO - [2025-05-09T16:07:48.569+0000] {dag.py:3954} INFO - Setting next_dagrun for example_python_decorator to None, run_after=None
[2025-05-09T16:07:48.591+0000] {processor.py:183} INFO - Processing /home/airflow/.local/lib/python3.10/site-packages/airflow/example_dags/example_python_decorator.py took 0.084 seconds
[2025-05-09T16:08:18.861+0000] {processor.py:161} INFO - Started process (PID=1823) to work on /home/airflow/.local/lib/python3.10/site-packages/airflow/example_dags/example_python_decorator.py
[2025-05-09T16:08:18.862+0000] {processor.py:830} INFO - Processing file /home/airflow/.local/lib/python3.10/site-packages/airflow/example_dags/example_python_decorator.py for tasks to queue
[2025-05-09T16:08:18.864+0000] {logging_mixin.py:188} INFO - [2025-05-09T16:08:18.864+0000] {dagbag.py:545} INFO - Filling up the DagBag from /home/airflow/.local/lib/python3.10/site-packages/airflow/example_dags/example_python_decorator.py
[2025-05-09T16:08:18.880+0000] {processor.py:840} INFO - DAG(s) 'example_python_decorator' retrieved from /home/airflow/.local/lib/python3.10/site-packages/airflow/example_dags/example_python_decorator.py
[2025-05-09T16:08:18.913+0000] {logging_mixin.py:188} INFO - [2025-05-09T16:08:18.913+0000] {dag.py:3096} INFO - Sync 1 DAGs
[2025-05-09T16:08:18.929+0000] {logging_mixin.py:188} INFO - [2025-05-09T16:08:18.928+0000] {dag.py:3954} INFO - Setting next_dagrun for example_python_decorator to None, run_after=None
[2025-05-09T16:08:18.957+0000] {processor.py:183} INFO - Processing /home/airflow/.local/lib/python3.10/site-packages/airflow/example_dags/example_python_decorator.py took 0.103 seconds
[2025-05-09T16:08:49.152+0000] {processor.py:161} INFO - Started process (PID=2107) to work on /home/airflow/.local/lib/python3.10/site-packages/airflow/example_dags/example_python_decorator.py
[2025-05-09T16:08:49.154+0000] {processor.py:830} INFO - Processing file /home/airflow/.local/lib/python3.10/site-packages/airflow/example_dags/example_python_decorator.py for tasks to queue
[2025-05-09T16:08:49.156+0000] {logging_mixin.py:188} INFO - [2025-05-09T16:08:49.155+0000] {dagbag.py:545} INFO - Filling up the DagBag from /home/airflow/.local/lib/python3.10/site-packages/airflow/example_dags/example_python_decorator.py
[2025-05-09T16:08:49.172+0000] {processor.py:840} INFO - DAG(s) 'example_python_decorator' retrieved from /home/airflow/.local/lib/python3.10/site-packages/airflow/example_dags/example_python_decorator.py
[2025-05-09T16:08:49.197+0000] {logging_mixin.py:188} INFO - [2025-05-09T16:08:49.197+0000] {dag.py:3096} INFO - Sync 1 DAGs
[2025-05-09T16:08:49.209+0000] {logging_mixin.py:188} INFO - [2025-05-09T16:08:49.208+0000] {dag.py:3954} INFO - Setting next_dagrun for example_python_decorator to None, run_after=None
[2025-05-09T16:08:49.230+0000] {processor.py:183} INFO - Processing /home/airflow/.local/lib/python3.10/site-packages/airflow/example_dags/example_python_decorator.py took 0.085 seconds
[2025-05-09T16:09:19.775+0000] {processor.py:161} INFO - Started process (PID=2383) to work on /home/airflow/.local/lib/python3.10/site-packages/airflow/example_dags/example_python_decorator.py
[2025-05-09T16:09:19.776+0000] {processor.py:830} INFO - Processing file /home/airflow/.local/lib/python3.10/site-packages/airflow/example_dags/example_python_decorator.py for tasks to queue
[2025-05-09T16:09:19.778+0000] {logging_mixin.py:188} INFO - [2025-05-09T16:09:19.778+0000] {dagbag.py:545} INFO - Filling up the DagBag from /home/airflow/.local/lib/python3.10/site-packages/airflow/example_dags/example_python_decorator.py
[2025-05-09T16:09:19.791+0000] {processor.py:840} INFO - DAG(s) 'example_python_decorator' retrieved from /home/airflow/.local/lib/python3.10/site-packages/airflow/example_dags/example_python_decorator.py
[2025-05-09T16:09:19.812+0000] {logging_mixin.py:188} INFO - [2025-05-09T16:09:19.811+0000] {dag.py:3096} INFO - Sync 1 DAGs
[2025-05-09T16:09:19.822+0000] {logging_mixin.py:188} INFO - [2025-05-09T16:09:19.822+0000] {dag.py:3954} INFO - Setting next_dagrun for example_python_decorator to None, run_after=None
[2025-05-09T16:09:19.841+0000] {processor.py:183} INFO - Processing /home/airflow/.local/lib/python3.10/site-packages/airflow/example_dags/example_python_decorator.py took 0.071 seconds
[2025-05-09T16:09:50.465+0000] {processor.py:161} INFO - Started process (PID=2645) to work on /home/airflow/.local/lib/python3.10/site-packages/airflow/example_dags/example_python_decorator.py
[2025-05-09T16:09:50.467+0000] {processor.py:830} INFO - Processing file /home/airflow/.local/lib/python3.10/site-packages/airflow/example_dags/example_python_decorator.py for tasks to queue
[2025-05-09T16:09:50.469+0000] {logging_mixin.py:188} INFO - [2025-05-09T16:09:50.468+0000] {dagbag.py:545} INFO - Filling up the DagBag from /home/airflow/.local/lib/python3.10/site-packages/airflow/example_dags/example_python_decorator.py
[2025-05-09T16:09:50.482+0000] {processor.py:840} INFO - DAG(s) 'example_python_decorator' retrieved from /home/airflow/.local/lib/python3.10/site-packages/airflow/example_dags/example_python_decorator.py
[2025-05-09T16:09:50.510+0000] {logging_mixin.py:188} INFO - [2025-05-09T16:09:50.509+0000] {dag.py:3096} INFO - Sync 1 DAGs
[2025-05-09T16:09:50.524+0000] {logging_mixin.py:188} INFO - [2025-05-09T16:09:50.524+0000] {dag.py:3954} INFO - Setting next_dagrun for example_python_decorator to None, run_after=None
[2025-05-09T16:09:50.552+0000] {processor.py:183} INFO - Processing /home/airflow/.local/lib/python3.10/site-packages/airflow/example_dags/example_python_decorator.py took 0.093 seconds
[2025-05-09T16:10:21.141+0000] {processor.py:161} INFO - Started process (PID=2911) to work on /home/airflow/.local/lib/python3.10/site-packages/airflow/example_dags/example_python_decorator.py
[2025-05-09T16:10:21.143+0000] {processor.py:830} INFO - Processing file /home/airflow/.local/lib/python3.10/site-packages/airflow/example_dags/example_python_decorator.py for tasks to queue
[2025-05-09T16:10:21.147+0000] {logging_mixin.py:188} INFO - [2025-05-09T16:10:21.146+0000] {dagbag.py:545} INFO - Filling up the DagBag from /home/airflow/.local/lib/python3.10/site-packages/airflow/example_dags/example_python_decorator.py
[2025-05-09T16:10:21.159+0000] {processor.py:840} INFO - DAG(s) 'example_python_decorator' retrieved from /home/airflow/.local/lib/python3.10/site-packages/airflow/example_dags/example_python_decorator.py
[2025-05-09T16:10:21.186+0000] {logging_mixin.py:188} INFO - [2025-05-09T16:10:21.185+0000] {dag.py:3096} INFO - Sync 1 DAGs
[2025-05-09T16:10:21.198+0000] {logging_mixin.py:188} INFO - [2025-05-09T16:10:21.198+0000] {dag.py:3954} INFO - Setting next_dagrun for example_python_decorator to None, run_after=None
[2025-05-09T16:10:21.219+0000] {processor.py:183} INFO - Processing /home/airflow/.local/lib/python3.10/site-packages/airflow/example_dags/example_python_decorator.py took 0.086 seconds
[2025-05-09T16:10:51.342+0000] {processor.py:161} INFO - Started process (PID=3181) to work on /home/airflow/.local/lib/python3.10/site-packages/airflow/example_dags/example_python_decorator.py
[2025-05-09T16:10:51.344+0000] {processor.py:830} INFO - Processing file /home/airflow/.local/lib/python3.10/site-packages/airflow/example_dags/example_python_decorator.py for tasks to queue
[2025-05-09T16:10:51.346+0000] {logging_mixin.py:188} INFO - [2025-05-09T16:10:51.346+0000] {dagbag.py:545} INFO - Filling up the DagBag from /home/airflow/.local/lib/python3.10/site-packages/airflow/example_dags/example_python_decorator.py
[2025-05-09T16:10:51.358+0000] {processor.py:840} INFO - DAG(s) 'example_python_decorator' retrieved from /home/airflow/.local/lib/python3.10/site-packages/airflow/example_dags/example_python_decorator.py
[2025-05-09T16:10:51.379+0000] {logging_mixin.py:188} INFO - [2025-05-09T16:10:51.379+0000] {dag.py:3096} INFO - Sync 1 DAGs
[2025-05-09T16:10:51.391+0000] {logging_mixin.py:188} INFO - [2025-05-09T16:10:51.391+0000] {dag.py:3954} INFO - Setting next_dagrun for example_python_decorator to None, run_after=None
[2025-05-09T16:10:51.411+0000] {processor.py:183} INFO - Processing /home/airflow/.local/lib/python3.10/site-packages/airflow/example_dags/example_python_decorator.py took 0.074 seconds
[2025-05-09T16:11:22.153+0000] {processor.py:161} INFO - Started process (PID=3453) to work on /home/airflow/.local/lib/python3.10/site-packages/airflow/example_dags/example_python_decorator.py
[2025-05-09T16:11:22.155+0000] {processor.py:830} INFO - Processing file /home/airflow/.local/lib/python3.10/site-packages/airflow/example_dags/example_python_decorator.py for tasks to queue
[2025-05-09T16:11:22.158+0000] {logging_mixin.py:188} INFO - [2025-05-09T16:11:22.157+0000] {dagbag.py:545} INFO - Filling up the DagBag from /home/airflow/.local/lib/python3.10/site-packages/airflow/example_dags/example_python_decorator.py
[2025-05-09T16:11:22.174+0000] {processor.py:840} INFO - DAG(s) 'example_python_decorator' retrieved from /home/airflow/.local/lib/python3.10/site-packages/airflow/example_dags/example_python_decorator.py
[2025-05-09T16:11:22.202+0000] {logging_mixin.py:188} INFO - [2025-05-09T16:11:22.202+0000] {dag.py:3096} INFO - Sync 1 DAGs
[2025-05-09T16:11:22.217+0000] {logging_mixin.py:188} INFO - [2025-05-09T16:11:22.216+0000] {dag.py:3954} INFO - Setting next_dagrun for example_python_decorator to None, run_after=None
[2025-05-09T16:11:22.239+0000] {processor.py:183} INFO - Processing /home/airflow/.local/lib/python3.10/site-packages/airflow/example_dags/example_python_decorator.py took 0.094 seconds
[2025-05-09T16:11:52.898+0000] {processor.py:161} INFO - Started process (PID=3723) to work on /home/airflow/.local/lib/python3.10/site-packages/airflow/example_dags/example_python_decorator.py
[2025-05-09T16:11:52.900+0000] {processor.py:830} INFO - Processing file /home/airflow/.local/lib/python3.10/site-packages/airflow/example_dags/example_python_decorator.py for tasks to queue
[2025-05-09T16:11:52.903+0000] {logging_mixin.py:188} INFO - [2025-05-09T16:11:52.902+0000] {dagbag.py:545} INFO - Filling up the DagBag from /home/airflow/.local/lib/python3.10/site-packages/airflow/example_dags/example_python_decorator.py
[2025-05-09T16:11:52.916+0000] {processor.py:840} INFO - DAG(s) 'example_python_decorator' retrieved from /home/airflow/.local/lib/python3.10/site-packages/airflow/example_dags/example_python_decorator.py
[2025-05-09T16:11:52.938+0000] {logging_mixin.py:188} INFO - [2025-05-09T16:11:52.938+0000] {dag.py:3096} INFO - Sync 1 DAGs
[2025-05-09T16:11:52.952+0000] {logging_mixin.py:188} INFO - [2025-05-09T16:11:52.951+0000] {dag.py:3954} INFO - Setting next_dagrun for example_python_decorator to None, run_after=None
[2025-05-09T16:11:52.971+0000] {processor.py:183} INFO - Processing /home/airflow/.local/lib/python3.10/site-packages/airflow/example_dags/example_python_decorator.py took 0.079 seconds
[2025-05-09T16:12:23.533+0000] {processor.py:161} INFO - Started process (PID=4000) to work on /home/airflow/.local/lib/python3.10/site-packages/airflow/example_dags/example_python_decorator.py
[2025-05-09T16:12:23.536+0000] {processor.py:830} INFO - Processing file /home/airflow/.local/lib/python3.10/site-packages/airflow/example_dags/example_python_decorator.py for tasks to queue
[2025-05-09T16:12:23.539+0000] {logging_mixin.py:188} INFO - [2025-05-09T16:12:23.538+0000] {dagbag.py:545} INFO - Filling up the DagBag from /home/airflow/.local/lib/python3.10/site-packages/airflow/example_dags/example_python_decorator.py
[2025-05-09T16:12:23.552+0000] {processor.py:840} INFO - DAG(s) 'example_python_decorator' retrieved from /home/airflow/.local/lib/python3.10/site-packages/airflow/example_dags/example_python_decorator.py
[2025-05-09T16:12:23.581+0000] {logging_mixin.py:188} INFO - [2025-05-09T16:12:23.581+0000] {dag.py:3096} INFO - Sync 1 DAGs
[2025-05-09T16:12:23.594+0000] {logging_mixin.py:188} INFO - [2025-05-09T16:12:23.594+0000] {dag.py:3954} INFO - Setting next_dagrun for example_python_decorator to None, run_after=None
[2025-05-09T16:12:23.614+0000] {processor.py:183} INFO - Processing /home/airflow/.local/lib/python3.10/site-packages/airflow/example_dags/example_python_decorator.py took 0.087 seconds
[2025-05-09T16:12:54.206+0000] {processor.py:161} INFO - Started process (PID=4260) to work on /home/airflow/.local/lib/python3.10/site-packages/airflow/example_dags/example_python_decorator.py
[2025-05-09T16:12:54.207+0000] {processor.py:830} INFO - Processing file /home/airflow/.local/lib/python3.10/site-packages/airflow/example_dags/example_python_decorator.py for tasks to queue
[2025-05-09T16:12:54.209+0000] {logging_mixin.py:188} INFO - [2025-05-09T16:12:54.209+0000] {dagbag.py:545} INFO - Filling up the DagBag from /home/airflow/.local/lib/python3.10/site-packages/airflow/example_dags/example_python_decorator.py
[2025-05-09T16:12:54.223+0000] {processor.py:840} INFO - DAG(s) 'example_python_decorator' retrieved from /home/airflow/.local/lib/python3.10/site-packages/airflow/example_dags/example_python_decorator.py
[2025-05-09T16:12:54.248+0000] {logging_mixin.py:188} INFO - [2025-05-09T16:12:54.248+0000] {dag.py:3096} INFO - Sync 1 DAGs
[2025-05-09T16:12:54.263+0000] {logging_mixin.py:188} INFO - [2025-05-09T16:12:54.262+0000] {dag.py:3954} INFO - Setting next_dagrun for example_python_decorator to None, run_after=None
[2025-05-09T16:12:54.289+0000] {processor.py:183} INFO - Processing /home/airflow/.local/lib/python3.10/site-packages/airflow/example_dags/example_python_decorator.py took 0.090 seconds
[2025-05-09T16:13:24.722+0000] {processor.py:161} INFO - Started process (PID=4533) to work on /home/airflow/.local/lib/python3.10/site-packages/airflow/example_dags/example_python_decorator.py
[2025-05-09T16:13:24.723+0000] {processor.py:830} INFO - Processing file /home/airflow/.local/lib/python3.10/site-packages/airflow/example_dags/example_python_decorator.py for tasks to queue
[2025-05-09T16:13:24.725+0000] {logging_mixin.py:188} INFO - [2025-05-09T16:13:24.725+0000] {dagbag.py:545} INFO - Filling up the DagBag from /home/airflow/.local/lib/python3.10/site-packages/airflow/example_dags/example_python_decorator.py
[2025-05-09T16:13:24.736+0000] {processor.py:840} INFO - DAG(s) 'example_python_decorator' retrieved from /home/airflow/.local/lib/python3.10/site-packages/airflow/example_dags/example_python_decorator.py
[2025-05-09T16:13:24.755+0000] {logging_mixin.py:188} INFO - [2025-05-09T16:13:24.755+0000] {dag.py:3096} INFO - Sync 1 DAGs
[2025-05-09T16:13:24.767+0000] {logging_mixin.py:188} INFO - [2025-05-09T16:13:24.767+0000] {dag.py:3954} INFO - Setting next_dagrun for example_python_decorator to None, run_after=None
[2025-05-09T16:13:24.784+0000] {processor.py:183} INFO - Processing /home/airflow/.local/lib/python3.10/site-packages/airflow/example_dags/example_python_decorator.py took 0.068 seconds
[2025-05-09T16:13:55.143+0000] {processor.py:161} INFO - Started process (PID=4793) to work on /home/airflow/.local/lib/python3.10/site-packages/airflow/example_dags/example_python_decorator.py
[2025-05-09T16:13:55.144+0000] {processor.py:830} INFO - Processing file /home/airflow/.local/lib/python3.10/site-packages/airflow/example_dags/example_python_decorator.py for tasks to queue
[2025-05-09T16:13:55.147+0000] {logging_mixin.py:188} INFO - [2025-05-09T16:13:55.146+0000] {dagbag.py:545} INFO - Filling up the DagBag from /home/airflow/.local/lib/python3.10/site-packages/airflow/example_dags/example_python_decorator.py
[2025-05-09T16:13:55.163+0000] {processor.py:840} INFO - DAG(s) 'example_python_decorator' retrieved from /home/airflow/.local/lib/python3.10/site-packages/airflow/example_dags/example_python_decorator.py
[2025-05-09T16:13:55.186+0000] {logging_mixin.py:188} INFO - [2025-05-09T16:13:55.186+0000] {dag.py:3096} INFO - Sync 1 DAGs
[2025-05-09T16:13:55.197+0000] {logging_mixin.py:188} INFO - [2025-05-09T16:13:55.197+0000] {dag.py:3954} INFO - Setting next_dagrun for example_python_decorator to None, run_after=None
[2025-05-09T16:13:55.213+0000] {processor.py:183} INFO - Processing /home/airflow/.local/lib/python3.10/site-packages/airflow/example_dags/example_python_decorator.py took 0.077 seconds
[2025-05-09T16:14:25.290+0000] {processor.py:161} INFO - Started process (PID=5082) to work on /home/airflow/.local/lib/python3.10/site-packages/airflow/example_dags/example_python_decorator.py
[2025-05-09T16:14:25.291+0000] {processor.py:830} INFO - Processing file /home/airflow/.local/lib/python3.10/site-packages/airflow/example_dags/example_python_decorator.py for tasks to queue
[2025-05-09T16:14:25.294+0000] {logging_mixin.py:188} INFO - [2025-05-09T16:14:25.293+0000] {dagbag.py:545} INFO - Filling up the DagBag from /home/airflow/.local/lib/python3.10/site-packages/airflow/example_dags/example_python_decorator.py
[2025-05-09T16:14:25.305+0000] {processor.py:840} INFO - DAG(s) 'example_python_decorator' retrieved from /home/airflow/.local/lib/python3.10/site-packages/airflow/example_dags/example_python_decorator.py
[2025-05-09T16:14:25.328+0000] {logging_mixin.py:188} INFO - [2025-05-09T16:14:25.328+0000] {dag.py:3096} INFO - Sync 1 DAGs
[2025-05-09T16:14:25.341+0000] {logging_mixin.py:188} INFO - [2025-05-09T16:14:25.340+0000] {dag.py:3954} INFO - Setting next_dagrun for example_python_decorator to None, run_after=None
[2025-05-09T16:14:25.363+0000] {processor.py:183} INFO - Processing /home/airflow/.local/lib/python3.10/site-packages/airflow/example_dags/example_python_decorator.py took 0.079 seconds
[2025-05-09T16:14:55.637+0000] {processor.py:161} INFO - Started process (PID=5350) to work on /home/airflow/.local/lib/python3.10/site-packages/airflow/example_dags/example_python_decorator.py
[2025-05-09T16:14:55.639+0000] {processor.py:830} INFO - Processing file /home/airflow/.local/lib/python3.10/site-packages/airflow/example_dags/example_python_decorator.py for tasks to queue
[2025-05-09T16:14:55.641+0000] {logging_mixin.py:188} INFO - [2025-05-09T16:14:55.641+0000] {dagbag.py:545} INFO - Filling up the DagBag from /home/airflow/.local/lib/python3.10/site-packages/airflow/example_dags/example_python_decorator.py
[2025-05-09T16:14:55.653+0000] {processor.py:840} INFO - DAG(s) 'example_python_decorator' retrieved from /home/airflow/.local/lib/python3.10/site-packages/airflow/example_dags/example_python_decorator.py
[2025-05-09T16:14:55.677+0000] {logging_mixin.py:188} INFO - [2025-05-09T16:14:55.676+0000] {dag.py:3096} INFO - Sync 1 DAGs
[2025-05-09T16:14:55.691+0000] {logging_mixin.py:188} INFO - [2025-05-09T16:14:55.691+0000] {dag.py:3954} INFO - Setting next_dagrun for example_python_decorator to None, run_after=None
[2025-05-09T16:14:55.719+0000] {processor.py:183} INFO - Processing /home/airflow/.local/lib/python3.10/site-packages/airflow/example_dags/example_python_decorator.py took 0.088 seconds
[2025-05-09T16:15:26.673+0000] {processor.py:161} INFO - Started process (PID=5621) to work on /home/airflow/.local/lib/python3.10/site-packages/airflow/example_dags/example_python_decorator.py
[2025-05-09T16:15:26.675+0000] {processor.py:830} INFO - Processing file /home/airflow/.local/lib/python3.10/site-packages/airflow/example_dags/example_python_decorator.py for tasks to queue
[2025-05-09T16:15:26.677+0000] {logging_mixin.py:188} INFO - [2025-05-09T16:15:26.676+0000] {dagbag.py:545} INFO - Filling up the DagBag from /home/airflow/.local/lib/python3.10/site-packages/airflow/example_dags/example_python_decorator.py
[2025-05-09T16:15:26.690+0000] {processor.py:840} INFO - DAG(s) 'example_python_decorator' retrieved from /home/airflow/.local/lib/python3.10/site-packages/airflow/example_dags/example_python_decorator.py
[2025-05-09T16:15:26.716+0000] {logging_mixin.py:188} INFO - [2025-05-09T16:15:26.716+0000] {dag.py:3096} INFO - Sync 1 DAGs
[2025-05-09T16:15:26.729+0000] {logging_mixin.py:188} INFO - [2025-05-09T16:15:26.729+0000] {dag.py:3954} INFO - Setting next_dagrun for example_python_decorator to None, run_after=None
[2025-05-09T16:15:26.746+0000] {processor.py:183} INFO - Processing /home/airflow/.local/lib/python3.10/site-packages/airflow/example_dags/example_python_decorator.py took 0.078 seconds
[2025-05-09T16:15:57.228+0000] {processor.py:161} INFO - Started process (PID=5898) to work on /home/airflow/.local/lib/python3.10/site-packages/airflow/example_dags/example_python_decorator.py
[2025-05-09T16:15:57.232+0000] {processor.py:830} INFO - Processing file /home/airflow/.local/lib/python3.10/site-packages/airflow/example_dags/example_python_decorator.py for tasks to queue
[2025-05-09T16:15:57.239+0000] {logging_mixin.py:188} INFO - [2025-05-09T16:15:57.238+0000] {dagbag.py:545} INFO - Filling up the DagBag from /home/airflow/.local/lib/python3.10/site-packages/airflow/example_dags/example_python_decorator.py
[2025-05-09T16:15:57.282+0000] {processor.py:840} INFO - DAG(s) 'example_python_decorator' retrieved from /home/airflow/.local/lib/python3.10/site-packages/airflow/example_dags/example_python_decorator.py
[2025-05-09T16:15:57.335+0000] {logging_mixin.py:188} INFO - [2025-05-09T16:15:57.334+0000] {dag.py:3096} INFO - Sync 1 DAGs
[2025-05-09T16:15:57.364+0000] {logging_mixin.py:188} INFO - [2025-05-09T16:15:57.363+0000] {dag.py:3954} INFO - Setting next_dagrun for example_python_decorator to None, run_after=None
[2025-05-09T16:15:57.406+0000] {processor.py:183} INFO - Processing /home/airflow/.local/lib/python3.10/site-packages/airflow/example_dags/example_python_decorator.py took 0.197 seconds
[2025-05-09T16:16:28.114+0000] {processor.py:161} INFO - Started process (PID=6237) to work on /home/airflow/.local/lib/python3.10/site-packages/airflow/example_dags/example_python_decorator.py
[2025-05-09T16:16:28.116+0000] {processor.py:830} INFO - Processing file /home/airflow/.local/lib/python3.10/site-packages/airflow/example_dags/example_python_decorator.py for tasks to queue
[2025-05-09T16:16:28.120+0000] {logging_mixin.py:188} INFO - [2025-05-09T16:16:28.119+0000] {dagbag.py:545} INFO - Filling up the DagBag from /home/airflow/.local/lib/python3.10/site-packages/airflow/example_dags/example_python_decorator.py
[2025-05-09T16:16:28.138+0000] {processor.py:840} INFO - DAG(s) 'example_python_decorator' retrieved from /home/airflow/.local/lib/python3.10/site-packages/airflow/example_dags/example_python_decorator.py
[2025-05-09T16:16:28.175+0000] {logging_mixin.py:188} INFO - [2025-05-09T16:16:28.175+0000] {dag.py:3096} INFO - Sync 1 DAGs
[2025-05-09T16:16:28.195+0000] {logging_mixin.py:188} INFO - [2025-05-09T16:16:28.194+0000] {dag.py:3954} INFO - Setting next_dagrun for example_python_decorator to None, run_after=None
[2025-05-09T16:16:28.233+0000] {processor.py:183} INFO - Processing /home/airflow/.local/lib/python3.10/site-packages/airflow/example_dags/example_python_decorator.py took 0.128 seconds
[2025-05-09T16:16:58.807+0000] {processor.py:161} INFO - Started process (PID=6534) to work on /home/airflow/.local/lib/python3.10/site-packages/airflow/example_dags/example_python_decorator.py
[2025-05-09T16:16:58.810+0000] {processor.py:830} INFO - Processing file /home/airflow/.local/lib/python3.10/site-packages/airflow/example_dags/example_python_decorator.py for tasks to queue
[2025-05-09T16:16:58.814+0000] {logging_mixin.py:188} INFO - [2025-05-09T16:16:58.813+0000] {dagbag.py:545} INFO - Filling up the DagBag from /home/airflow/.local/lib/python3.10/site-packages/airflow/example_dags/example_python_decorator.py
[2025-05-09T16:16:58.835+0000] {processor.py:840} INFO - DAG(s) 'example_python_decorator' retrieved from /home/airflow/.local/lib/python3.10/site-packages/airflow/example_dags/example_python_decorator.py
[2025-05-09T16:16:58.870+0000] {logging_mixin.py:188} INFO - [2025-05-09T16:16:58.870+0000] {dag.py:3096} INFO - Sync 1 DAGs
[2025-05-09T16:16:58.883+0000] {logging_mixin.py:188} INFO - [2025-05-09T16:16:58.883+0000] {dag.py:3954} INFO - Setting next_dagrun for example_python_decorator to None, run_after=None
[2025-05-09T16:16:58.907+0000] {processor.py:183} INFO - Processing /home/airflow/.local/lib/python3.10/site-packages/airflow/example_dags/example_python_decorator.py took 0.110 seconds
[2025-05-09T16:17:29.466+0000] {processor.py:161} INFO - Started process (PID=6855) to work on /home/airflow/.local/lib/python3.10/site-packages/airflow/example_dags/example_python_decorator.py
[2025-05-09T16:17:29.468+0000] {processor.py:830} INFO - Processing file /home/airflow/.local/lib/python3.10/site-packages/airflow/example_dags/example_python_decorator.py for tasks to queue
[2025-05-09T16:17:29.470+0000] {logging_mixin.py:188} INFO - [2025-05-09T16:17:29.470+0000] {dagbag.py:545} INFO - Filling up the DagBag from /home/airflow/.local/lib/python3.10/site-packages/airflow/example_dags/example_python_decorator.py
[2025-05-09T16:17:29.485+0000] {processor.py:840} INFO - DAG(s) 'example_python_decorator' retrieved from /home/airflow/.local/lib/python3.10/site-packages/airflow/example_dags/example_python_decorator.py
[2025-05-09T16:17:29.510+0000] {logging_mixin.py:188} INFO - [2025-05-09T16:17:29.509+0000] {dag.py:3096} INFO - Sync 1 DAGs
[2025-05-09T16:17:29.523+0000] {logging_mixin.py:188} INFO - [2025-05-09T16:17:29.522+0000] {dag.py:3954} INFO - Setting next_dagrun for example_python_decorator to None, run_after=None
[2025-05-09T16:17:29.542+0000] {processor.py:183} INFO - Processing /home/airflow/.local/lib/python3.10/site-packages/airflow/example_dags/example_python_decorator.py took 0.085 seconds
[2025-05-09T16:18:00.252+0000] {processor.py:161} INFO - Started process (PID=7117) to work on /home/airflow/.local/lib/python3.10/site-packages/airflow/example_dags/example_python_decorator.py
[2025-05-09T16:18:00.255+0000] {processor.py:830} INFO - Processing file /home/airflow/.local/lib/python3.10/site-packages/airflow/example_dags/example_python_decorator.py for tasks to queue
[2025-05-09T16:18:00.260+0000] {logging_mixin.py:188} INFO - [2025-05-09T16:18:00.259+0000] {dagbag.py:545} INFO - Filling up the DagBag from /home/airflow/.local/lib/python3.10/site-packages/airflow/example_dags/example_python_decorator.py
[2025-05-09T16:18:00.282+0000] {processor.py:840} INFO - DAG(s) 'example_python_decorator' retrieved from /home/airflow/.local/lib/python3.10/site-packages/airflow/example_dags/example_python_decorator.py
[2025-05-09T16:18:00.317+0000] {logging_mixin.py:188} INFO - [2025-05-09T16:18:00.317+0000] {dag.py:3096} INFO - Sync 1 DAGs
[2025-05-09T16:18:00.338+0000] {logging_mixin.py:188} INFO - [2025-05-09T16:18:00.337+0000] {dag.py:3954} INFO - Setting next_dagrun for example_python_decorator to None, run_after=None
[2025-05-09T16:18:00.375+0000] {processor.py:183} INFO - Processing /home/airflow/.local/lib/python3.10/site-packages/airflow/example_dags/example_python_decorator.py took 0.139 seconds
[2025-05-09T16:18:30.497+0000] {processor.py:161} INFO - Started process (PID=7420) to work on /home/airflow/.local/lib/python3.10/site-packages/airflow/example_dags/example_python_decorator.py
[2025-05-09T16:18:30.498+0000] {processor.py:830} INFO - Processing file /home/airflow/.local/lib/python3.10/site-packages/airflow/example_dags/example_python_decorator.py for tasks to queue
[2025-05-09T16:18:30.501+0000] {logging_mixin.py:188} INFO - [2025-05-09T16:18:30.500+0000] {dagbag.py:545} INFO - Filling up the DagBag from /home/airflow/.local/lib/python3.10/site-packages/airflow/example_dags/example_python_decorator.py
[2025-05-09T16:18:30.515+0000] {processor.py:840} INFO - DAG(s) 'example_python_decorator' retrieved from /home/airflow/.local/lib/python3.10/site-packages/airflow/example_dags/example_python_decorator.py
[2025-05-09T16:18:30.542+0000] {logging_mixin.py:188} INFO - [2025-05-09T16:18:30.542+0000] {dag.py:3096} INFO - Sync 1 DAGs
[2025-05-09T16:18:30.557+0000] {logging_mixin.py:188} INFO - [2025-05-09T16:18:30.557+0000] {dag.py:3954} INFO - Setting next_dagrun for example_python_decorator to None, run_after=None
[2025-05-09T16:18:30.585+0000] {processor.py:183} INFO - Processing /home/airflow/.local/lib/python3.10/site-packages/airflow/example_dags/example_python_decorator.py took 0.095 seconds
[2025-05-09T16:19:01.265+0000] {processor.py:161} INFO - Started process (PID=7683) to work on /home/airflow/.local/lib/python3.10/site-packages/airflow/example_dags/example_python_decorator.py
[2025-05-09T16:19:01.267+0000] {processor.py:830} INFO - Processing file /home/airflow/.local/lib/python3.10/site-packages/airflow/example_dags/example_python_decorator.py for tasks to queue
[2025-05-09T16:19:01.269+0000] {logging_mixin.py:188} INFO - [2025-05-09T16:19:01.269+0000] {dagbag.py:545} INFO - Filling up the DagBag from /home/airflow/.local/lib/python3.10/site-packages/airflow/example_dags/example_python_decorator.py
[2025-05-09T16:19:01.283+0000] {processor.py:840} INFO - DAG(s) 'example_python_decorator' retrieved from /home/airflow/.local/lib/python3.10/site-packages/airflow/example_dags/example_python_decorator.py
[2025-05-09T16:19:01.309+0000] {logging_mixin.py:188} INFO - [2025-05-09T16:19:01.309+0000] {dag.py:3096} INFO - Sync 1 DAGs
[2025-05-09T16:19:01.321+0000] {logging_mixin.py:188} INFO - [2025-05-09T16:19:01.321+0000] {dag.py:3954} INFO - Setting next_dagrun for example_python_decorator to None, run_after=None
[2025-05-09T16:19:01.343+0000] {processor.py:183} INFO - Processing /home/airflow/.local/lib/python3.10/site-packages/airflow/example_dags/example_python_decorator.py took 0.085 seconds
[2025-05-09T16:19:31.982+0000] {processor.py:161} INFO - Started process (PID=7983) to work on /home/airflow/.local/lib/python3.10/site-packages/airflow/example_dags/example_python_decorator.py
[2025-05-09T16:19:31.983+0000] {processor.py:830} INFO - Processing file /home/airflow/.local/lib/python3.10/site-packages/airflow/example_dags/example_python_decorator.py for tasks to queue
[2025-05-09T16:19:31.985+0000] {logging_mixin.py:188} INFO - [2025-05-09T16:19:31.985+0000] {dagbag.py:545} INFO - Filling up the DagBag from /home/airflow/.local/lib/python3.10/site-packages/airflow/example_dags/example_python_decorator.py
[2025-05-09T16:19:31.997+0000] {processor.py:840} INFO - DAG(s) 'example_python_decorator' retrieved from /home/airflow/.local/lib/python3.10/site-packages/airflow/example_dags/example_python_decorator.py
[2025-05-09T16:19:32.016+0000] {logging_mixin.py:188} INFO - [2025-05-09T16:19:32.016+0000] {dag.py:3096} INFO - Sync 1 DAGs
[2025-05-09T16:19:32.027+0000] {logging_mixin.py:188} INFO - [2025-05-09T16:19:32.027+0000] {dag.py:3954} INFO - Setting next_dagrun for example_python_decorator to None, run_after=None
[2025-05-09T16:19:32.047+0000] {processor.py:183} INFO - Processing /home/airflow/.local/lib/python3.10/site-packages/airflow/example_dags/example_python_decorator.py took 0.071 seconds
[2025-05-09T16:20:02.335+0000] {processor.py:161} INFO - Started process (PID=8264) to work on /home/airflow/.local/lib/python3.10/site-packages/airflow/example_dags/example_python_decorator.py
[2025-05-09T16:20:02.337+0000] {processor.py:830} INFO - Processing file /home/airflow/.local/lib/python3.10/site-packages/airflow/example_dags/example_python_decorator.py for tasks to queue
[2025-05-09T16:20:02.339+0000] {logging_mixin.py:188} INFO - [2025-05-09T16:20:02.339+0000] {dagbag.py:545} INFO - Filling up the DagBag from /home/airflow/.local/lib/python3.10/site-packages/airflow/example_dags/example_python_decorator.py
[2025-05-09T16:20:02.351+0000] {processor.py:840} INFO - DAG(s) 'example_python_decorator' retrieved from /home/airflow/.local/lib/python3.10/site-packages/airflow/example_dags/example_python_decorator.py
[2025-05-09T16:20:02.371+0000] {logging_mixin.py:188} INFO - [2025-05-09T16:20:02.371+0000] {dag.py:3096} INFO - Sync 1 DAGs
[2025-05-09T16:20:02.383+0000] {logging_mixin.py:188} INFO - [2025-05-09T16:20:02.383+0000] {dag.py:3954} INFO - Setting next_dagrun for example_python_decorator to None, run_after=None
[2025-05-09T16:20:02.400+0000] {processor.py:183} INFO - Processing /home/airflow/.local/lib/python3.10/site-packages/airflow/example_dags/example_python_decorator.py took 0.071 seconds
[2025-05-09T16:20:32.592+0000] {processor.py:161} INFO - Started process (PID=8562) to work on /home/airflow/.local/lib/python3.10/site-packages/airflow/example_dags/example_python_decorator.py
[2025-05-09T16:20:32.593+0000] {processor.py:830} INFO - Processing file /home/airflow/.local/lib/python3.10/site-packages/airflow/example_dags/example_python_decorator.py for tasks to queue
[2025-05-09T16:20:32.595+0000] {logging_mixin.py:188} INFO - [2025-05-09T16:20:32.595+0000] {dagbag.py:545} INFO - Filling up the DagBag from /home/airflow/.local/lib/python3.10/site-packages/airflow/example_dags/example_python_decorator.py
[2025-05-09T16:20:32.606+0000] {processor.py:840} INFO - DAG(s) 'example_python_decorator' retrieved from /home/airflow/.local/lib/python3.10/site-packages/airflow/example_dags/example_python_decorator.py
[2025-05-09T16:20:32.626+0000] {logging_mixin.py:188} INFO - [2025-05-09T16:20:32.626+0000] {dag.py:3096} INFO - Sync 1 DAGs
[2025-05-09T16:20:32.636+0000] {logging_mixin.py:188} INFO - [2025-05-09T16:20:32.636+0000] {dag.py:3954} INFO - Setting next_dagrun for example_python_decorator to None, run_after=None
[2025-05-09T16:20:32.658+0000] {processor.py:183} INFO - Processing /home/airflow/.local/lib/python3.10/site-packages/airflow/example_dags/example_python_decorator.py took 0.073 seconds
[2025-05-09T16:21:03.130+0000] {processor.py:161} INFO - Started process (PID=8833) to work on /home/airflow/.local/lib/python3.10/site-packages/airflow/example_dags/example_python_decorator.py
[2025-05-09T16:21:03.131+0000] {processor.py:830} INFO - Processing file /home/airflow/.local/lib/python3.10/site-packages/airflow/example_dags/example_python_decorator.py for tasks to queue
[2025-05-09T16:21:03.134+0000] {logging_mixin.py:188} INFO - [2025-05-09T16:21:03.133+0000] {dagbag.py:545} INFO - Filling up the DagBag from /home/airflow/.local/lib/python3.10/site-packages/airflow/example_dags/example_python_decorator.py
[2025-05-09T16:21:03.151+0000] {processor.py:840} INFO - DAG(s) 'example_python_decorator' retrieved from /home/airflow/.local/lib/python3.10/site-packages/airflow/example_dags/example_python_decorator.py
[2025-05-09T16:21:03.175+0000] {logging_mixin.py:188} INFO - [2025-05-09T16:21:03.175+0000] {dag.py:3096} INFO - Sync 1 DAGs
[2025-05-09T16:21:03.188+0000] {logging_mixin.py:188} INFO - [2025-05-09T16:21:03.188+0000] {dag.py:3954} INFO - Setting next_dagrun for example_python_decorator to None, run_after=None
[2025-05-09T16:21:03.207+0000] {processor.py:183} INFO - Processing /home/airflow/.local/lib/python3.10/site-packages/airflow/example_dags/example_python_decorator.py took 0.088 seconds
[2025-05-09T16:21:33.589+0000] {processor.py:161} INFO - Started process (PID=9194) to work on /home/airflow/.local/lib/python3.10/site-packages/airflow/example_dags/example_python_decorator.py
[2025-05-09T16:21:33.591+0000] {processor.py:830} INFO - Processing file /home/airflow/.local/lib/python3.10/site-packages/airflow/example_dags/example_python_decorator.py for tasks to queue
[2025-05-09T16:21:33.594+0000] {logging_mixin.py:188} INFO - [2025-05-09T16:21:33.593+0000] {dagbag.py:545} INFO - Filling up the DagBag from /home/airflow/.local/lib/python3.10/site-packages/airflow/example_dags/example_python_decorator.py
[2025-05-09T16:21:33.608+0000] {processor.py:840} INFO - DAG(s) 'example_python_decorator' retrieved from /home/airflow/.local/lib/python3.10/site-packages/airflow/example_dags/example_python_decorator.py
[2025-05-09T16:21:33.634+0000] {logging_mixin.py:188} INFO - [2025-05-09T16:21:33.633+0000] {dag.py:3096} INFO - Sync 1 DAGs
[2025-05-09T16:21:33.646+0000] {logging_mixin.py:188} INFO - [2025-05-09T16:21:33.645+0000] {dag.py:3954} INFO - Setting next_dagrun for example_python_decorator to None, run_after=None
[2025-05-09T16:21:33.666+0000] {processor.py:183} INFO - Processing /home/airflow/.local/lib/python3.10/site-packages/airflow/example_dags/example_python_decorator.py took 0.082 seconds
[2025-05-09T16:22:03.804+0000] {processor.py:161} INFO - Started process (PID=9476) to work on /home/airflow/.local/lib/python3.10/site-packages/airflow/example_dags/example_python_decorator.py
[2025-05-09T16:22:03.806+0000] {processor.py:830} INFO - Processing file /home/airflow/.local/lib/python3.10/site-packages/airflow/example_dags/example_python_decorator.py for tasks to queue
[2025-05-09T16:22:03.810+0000] {logging_mixin.py:188} INFO - [2025-05-09T16:22:03.809+0000] {dagbag.py:545} INFO - Filling up the DagBag from /home/airflow/.local/lib/python3.10/site-packages/airflow/example_dags/example_python_decorator.py
[2025-05-09T16:22:03.830+0000] {processor.py:840} INFO - DAG(s) 'example_python_decorator' retrieved from /home/airflow/.local/lib/python3.10/site-packages/airflow/example_dags/example_python_decorator.py
[2025-05-09T16:22:03.877+0000] {logging_mixin.py:188} INFO - [2025-05-09T16:22:03.877+0000] {dag.py:3096} INFO - Sync 1 DAGs
[2025-05-09T16:22:03.898+0000] {logging_mixin.py:188} INFO - [2025-05-09T16:22:03.897+0000] {dag.py:3954} INFO - Setting next_dagrun for example_python_decorator to None, run_after=None
[2025-05-09T16:22:03.936+0000] {processor.py:183} INFO - Processing /home/airflow/.local/lib/python3.10/site-packages/airflow/example_dags/example_python_decorator.py took 0.142 seconds
[2025-05-09T16:22:34.865+0000] {processor.py:161} INFO - Started process (PID=9799) to work on /home/airflow/.local/lib/python3.10/site-packages/airflow/example_dags/example_python_decorator.py
[2025-05-09T16:22:34.868+0000] {processor.py:830} INFO - Processing file /home/airflow/.local/lib/python3.10/site-packages/airflow/example_dags/example_python_decorator.py for tasks to queue
[2025-05-09T16:22:34.872+0000] {logging_mixin.py:188} INFO - [2025-05-09T16:22:34.871+0000] {dagbag.py:545} INFO - Filling up the DagBag from /home/airflow/.local/lib/python3.10/site-packages/airflow/example_dags/example_python_decorator.py
[2025-05-09T16:22:34.892+0000] {processor.py:840} INFO - DAG(s) 'example_python_decorator' retrieved from /home/airflow/.local/lib/python3.10/site-packages/airflow/example_dags/example_python_decorator.py
[2025-05-09T16:22:34.931+0000] {logging_mixin.py:188} INFO - [2025-05-09T16:22:34.930+0000] {dag.py:3096} INFO - Sync 1 DAGs
[2025-05-09T16:22:34.951+0000] {logging_mixin.py:188} INFO - [2025-05-09T16:22:34.951+0000] {dag.py:3954} INFO - Setting next_dagrun for example_python_decorator to None, run_after=None
[2025-05-09T16:22:34.975+0000] {processor.py:183} INFO - Processing /home/airflow/.local/lib/python3.10/site-packages/airflow/example_dags/example_python_decorator.py took 0.119 seconds
[2025-05-09T16:23:05.618+0000] {processor.py:161} INFO - Started process (PID=10069) to work on /home/airflow/.local/lib/python3.10/site-packages/airflow/example_dags/example_python_decorator.py
[2025-05-09T16:23:05.619+0000] {processor.py:830} INFO - Processing file /home/airflow/.local/lib/python3.10/site-packages/airflow/example_dags/example_python_decorator.py for tasks to queue
[2025-05-09T16:23:05.621+0000] {logging_mixin.py:188} INFO - [2025-05-09T16:23:05.621+0000] {dagbag.py:545} INFO - Filling up the DagBag from /home/airflow/.local/lib/python3.10/site-packages/airflow/example_dags/example_python_decorator.py
[2025-05-09T16:23:05.635+0000] {processor.py:840} INFO - DAG(s) 'example_python_decorator' retrieved from /home/airflow/.local/lib/python3.10/site-packages/airflow/example_dags/example_python_decorator.py
[2025-05-09T16:23:05.672+0000] {logging_mixin.py:188} INFO - [2025-05-09T16:23:05.672+0000] {dag.py:3096} INFO - Sync 1 DAGs
[2025-05-09T16:23:05.691+0000] {logging_mixin.py:188} INFO - [2025-05-09T16:23:05.690+0000] {dag.py:3954} INFO - Setting next_dagrun for example_python_decorator to None, run_after=None
[2025-05-09T16:23:05.723+0000] {processor.py:183} INFO - Processing /home/airflow/.local/lib/python3.10/site-packages/airflow/example_dags/example_python_decorator.py took 0.113 seconds
[2025-05-09T16:23:36.340+0000] {processor.py:161} INFO - Started process (PID=10374) to work on /home/airflow/.local/lib/python3.10/site-packages/airflow/example_dags/example_python_decorator.py
[2025-05-09T16:23:36.342+0000] {processor.py:830} INFO - Processing file /home/airflow/.local/lib/python3.10/site-packages/airflow/example_dags/example_python_decorator.py for tasks to queue
[2025-05-09T16:23:36.345+0000] {logging_mixin.py:188} INFO - [2025-05-09T16:23:36.344+0000] {dagbag.py:545} INFO - Filling up the DagBag from /home/airflow/.local/lib/python3.10/site-packages/airflow/example_dags/example_python_decorator.py
[2025-05-09T16:23:36.359+0000] {processor.py:840} INFO - DAG(s) 'example_python_decorator' retrieved from /home/airflow/.local/lib/python3.10/site-packages/airflow/example_dags/example_python_decorator.py
[2025-05-09T16:23:36.381+0000] {logging_mixin.py:188} INFO - [2025-05-09T16:23:36.381+0000] {dag.py:3096} INFO - Sync 1 DAGs
[2025-05-09T16:23:36.395+0000] {logging_mixin.py:188} INFO - [2025-05-09T16:23:36.395+0000] {dag.py:3954} INFO - Setting next_dagrun for example_python_decorator to None, run_after=None
[2025-05-09T16:23:36.421+0000] {processor.py:183} INFO - Processing /home/airflow/.local/lib/python3.10/site-packages/airflow/example_dags/example_python_decorator.py took 0.089 seconds
[2025-05-09T16:24:06.942+0000] {processor.py:161} INFO - Started process (PID=10646) to work on /home/airflow/.local/lib/python3.10/site-packages/airflow/example_dags/example_python_decorator.py
[2025-05-09T16:24:06.943+0000] {processor.py:830} INFO - Processing file /home/airflow/.local/lib/python3.10/site-packages/airflow/example_dags/example_python_decorator.py for tasks to queue
[2025-05-09T16:24:06.948+0000] {logging_mixin.py:188} INFO - [2025-05-09T16:24:06.947+0000] {dagbag.py:545} INFO - Filling up the DagBag from /home/airflow/.local/lib/python3.10/site-packages/airflow/example_dags/example_python_decorator.py
[2025-05-09T16:24:06.966+0000] {processor.py:840} INFO - DAG(s) 'example_python_decorator' retrieved from /home/airflow/.local/lib/python3.10/site-packages/airflow/example_dags/example_python_decorator.py
[2025-05-09T16:24:07.013+0000] {logging_mixin.py:188} INFO - [2025-05-09T16:24:07.012+0000] {dag.py:3096} INFO - Sync 1 DAGs
[2025-05-09T16:24:07.047+0000] {logging_mixin.py:188} INFO - [2025-05-09T16:24:07.047+0000] {dag.py:3954} INFO - Setting next_dagrun for example_python_decorator to None, run_after=None
[2025-05-09T16:24:07.089+0000] {processor.py:183} INFO - Processing /home/airflow/.local/lib/python3.10/site-packages/airflow/example_dags/example_python_decorator.py took 0.161 seconds
[2025-05-09T16:24:37.876+0000] {processor.py:161} INFO - Started process (PID=10961) to work on /home/airflow/.local/lib/python3.10/site-packages/airflow/example_dags/example_python_decorator.py
[2025-05-09T16:24:37.878+0000] {processor.py:830} INFO - Processing file /home/airflow/.local/lib/python3.10/site-packages/airflow/example_dags/example_python_decorator.py for tasks to queue
[2025-05-09T16:24:37.882+0000] {logging_mixin.py:188} INFO - [2025-05-09T16:24:37.882+0000] {dagbag.py:545} INFO - Filling up the DagBag from /home/airflow/.local/lib/python3.10/site-packages/airflow/example_dags/example_python_decorator.py
[2025-05-09T16:24:37.908+0000] {processor.py:840} INFO - DAG(s) 'example_python_decorator' retrieved from /home/airflow/.local/lib/python3.10/site-packages/airflow/example_dags/example_python_decorator.py
[2025-05-09T16:24:37.958+0000] {logging_mixin.py:188} INFO - [2025-05-09T16:24:37.957+0000] {dag.py:3096} INFO - Sync 1 DAGs
[2025-05-09T16:24:37.986+0000] {logging_mixin.py:188} INFO - [2025-05-09T16:24:37.986+0000] {dag.py:3954} INFO - Setting next_dagrun for example_python_decorator to None, run_after=None
[2025-05-09T16:24:38.024+0000] {processor.py:183} INFO - Processing /home/airflow/.local/lib/python3.10/site-packages/airflow/example_dags/example_python_decorator.py took 0.161 seconds
[2025-05-09T16:25:08.367+0000] {processor.py:161} INFO - Started process (PID=11301) to work on /home/airflow/.local/lib/python3.10/site-packages/airflow/example_dags/example_python_decorator.py
[2025-05-09T16:25:08.369+0000] {processor.py:830} INFO - Processing file /home/airflow/.local/lib/python3.10/site-packages/airflow/example_dags/example_python_decorator.py for tasks to queue
[2025-05-09T16:25:08.371+0000] {logging_mixin.py:188} INFO - [2025-05-09T16:25:08.371+0000] {dagbag.py:545} INFO - Filling up the DagBag from /home/airflow/.local/lib/python3.10/site-packages/airflow/example_dags/example_python_decorator.py
[2025-05-09T16:25:08.391+0000] {processor.py:840} INFO - DAG(s) 'example_python_decorator' retrieved from /home/airflow/.local/lib/python3.10/site-packages/airflow/example_dags/example_python_decorator.py
[2025-05-09T16:25:08.421+0000] {logging_mixin.py:188} INFO - [2025-05-09T16:25:08.420+0000] {dag.py:3096} INFO - Sync 1 DAGs
[2025-05-09T16:25:08.435+0000] {logging_mixin.py:188} INFO - [2025-05-09T16:25:08.435+0000] {dag.py:3954} INFO - Setting next_dagrun for example_python_decorator to None, run_after=None
[2025-05-09T16:25:08.462+0000] {processor.py:183} INFO - Processing /home/airflow/.local/lib/python3.10/site-packages/airflow/example_dags/example_python_decorator.py took 0.106 seconds
[2025-05-09T16:25:39.080+0000] {processor.py:161} INFO - Started process (PID=11584) to work on /home/airflow/.local/lib/python3.10/site-packages/airflow/example_dags/example_python_decorator.py
[2025-05-09T16:25:39.082+0000] {processor.py:830} INFO - Processing file /home/airflow/.local/lib/python3.10/site-packages/airflow/example_dags/example_python_decorator.py for tasks to queue
[2025-05-09T16:25:39.085+0000] {logging_mixin.py:188} INFO - [2025-05-09T16:25:39.084+0000] {dagbag.py:545} INFO - Filling up the DagBag from /home/airflow/.local/lib/python3.10/site-packages/airflow/example_dags/example_python_decorator.py
[2025-05-09T16:25:39.106+0000] {processor.py:840} INFO - DAG(s) 'example_python_decorator' retrieved from /home/airflow/.local/lib/python3.10/site-packages/airflow/example_dags/example_python_decorator.py
[2025-05-09T16:25:39.138+0000] {logging_mixin.py:188} INFO - [2025-05-09T16:25:39.138+0000] {dag.py:3096} INFO - Sync 1 DAGs
[2025-05-09T16:25:39.154+0000] {logging_mixin.py:188} INFO - [2025-05-09T16:25:39.154+0000] {dag.py:3954} INFO - Setting next_dagrun for example_python_decorator to None, run_after=None
[2025-05-09T16:25:39.179+0000] {processor.py:183} INFO - Processing /home/airflow/.local/lib/python3.10/site-packages/airflow/example_dags/example_python_decorator.py took 0.106 seconds
[2025-05-09T16:26:09.692+0000] {processor.py:161} INFO - Started process (PID=11909) to work on /home/airflow/.local/lib/python3.10/site-packages/airflow/example_dags/example_python_decorator.py
[2025-05-09T16:26:09.694+0000] {processor.py:830} INFO - Processing file /home/airflow/.local/lib/python3.10/site-packages/airflow/example_dags/example_python_decorator.py for tasks to queue
[2025-05-09T16:26:09.696+0000] {logging_mixin.py:188} INFO - [2025-05-09T16:26:09.696+0000] {dagbag.py:545} INFO - Filling up the DagBag from /home/airflow/.local/lib/python3.10/site-packages/airflow/example_dags/example_python_decorator.py
[2025-05-09T16:26:09.716+0000] {processor.py:840} INFO - DAG(s) 'example_python_decorator' retrieved from /home/airflow/.local/lib/python3.10/site-packages/airflow/example_dags/example_python_decorator.py
[2025-05-09T16:26:09.746+0000] {logging_mixin.py:188} INFO - [2025-05-09T16:26:09.746+0000] {dag.py:3096} INFO - Sync 1 DAGs
[2025-05-09T16:26:09.763+0000] {logging_mixin.py:188} INFO - [2025-05-09T16:26:09.763+0000] {dag.py:3954} INFO - Setting next_dagrun for example_python_decorator to None, run_after=None
[2025-05-09T16:26:09.791+0000] {processor.py:183} INFO - Processing /home/airflow/.local/lib/python3.10/site-packages/airflow/example_dags/example_python_decorator.py took 0.108 seconds
[2025-05-09T16:26:40.316+0000] {processor.py:161} INFO - Started process (PID=12186) to work on /home/airflow/.local/lib/python3.10/site-packages/airflow/example_dags/example_python_decorator.py
[2025-05-09T16:26:40.320+0000] {processor.py:830} INFO - Processing file /home/airflow/.local/lib/python3.10/site-packages/airflow/example_dags/example_python_decorator.py for tasks to queue
[2025-05-09T16:26:40.323+0000] {logging_mixin.py:188} INFO - [2025-05-09T16:26:40.322+0000] {dagbag.py:545} INFO - Filling up the DagBag from /home/airflow/.local/lib/python3.10/site-packages/airflow/example_dags/example_python_decorator.py
[2025-05-09T16:26:40.336+0000] {processor.py:840} INFO - DAG(s) 'example_python_decorator' retrieved from /home/airflow/.local/lib/python3.10/site-packages/airflow/example_dags/example_python_decorator.py
[2025-05-09T16:26:40.361+0000] {logging_mixin.py:188} INFO - [2025-05-09T16:26:40.360+0000] {dag.py:3096} INFO - Sync 1 DAGs
[2025-05-09T16:26:40.373+0000] {logging_mixin.py:188} INFO - [2025-05-09T16:26:40.373+0000] {dag.py:3954} INFO - Setting next_dagrun for example_python_decorator to None, run_after=None
[2025-05-09T16:26:40.395+0000] {processor.py:183} INFO - Processing /home/airflow/.local/lib/python3.10/site-packages/airflow/example_dags/example_python_decorator.py took 0.084 seconds
[2025-05-09T16:27:10.744+0000] {processor.py:161} INFO - Started process (PID=12505) to work on /home/airflow/.local/lib/python3.10/site-packages/airflow/example_dags/example_python_decorator.py
[2025-05-09T16:27:10.746+0000] {processor.py:830} INFO - Processing file /home/airflow/.local/lib/python3.10/site-packages/airflow/example_dags/example_python_decorator.py for tasks to queue
[2025-05-09T16:27:10.748+0000] {logging_mixin.py:188} INFO - [2025-05-09T16:27:10.748+0000] {dagbag.py:545} INFO - Filling up the DagBag from /home/airflow/.local/lib/python3.10/site-packages/airflow/example_dags/example_python_decorator.py
[2025-05-09T16:27:10.782+0000] {processor.py:840} INFO - DAG(s) 'example_python_decorator' retrieved from /home/airflow/.local/lib/python3.10/site-packages/airflow/example_dags/example_python_decorator.py
[2025-05-09T16:27:10.836+0000] {logging_mixin.py:188} INFO - [2025-05-09T16:27:10.835+0000] {dag.py:3096} INFO - Sync 1 DAGs
[2025-05-09T16:27:10.852+0000] {logging_mixin.py:188} INFO - [2025-05-09T16:27:10.852+0000] {dag.py:3954} INFO - Setting next_dagrun for example_python_decorator to None, run_after=None
[2025-05-09T16:27:10.883+0000] {processor.py:183} INFO - Processing /home/airflow/.local/lib/python3.10/site-packages/airflow/example_dags/example_python_decorator.py took 0.150 seconds
[2025-05-09T16:27:40.963+0000] {processor.py:161} INFO - Started process (PID=12764) to work on /home/airflow/.local/lib/python3.10/site-packages/airflow/example_dags/example_python_decorator.py
[2025-05-09T16:27:40.965+0000] {processor.py:830} INFO - Processing file /home/airflow/.local/lib/python3.10/site-packages/airflow/example_dags/example_python_decorator.py for tasks to queue
[2025-05-09T16:27:40.967+0000] {logging_mixin.py:188} INFO - [2025-05-09T16:27:40.967+0000] {dagbag.py:545} INFO - Filling up the DagBag from /home/airflow/.local/lib/python3.10/site-packages/airflow/example_dags/example_python_decorator.py
[2025-05-09T16:27:40.979+0000] {processor.py:840} INFO - DAG(s) 'example_python_decorator' retrieved from /home/airflow/.local/lib/python3.10/site-packages/airflow/example_dags/example_python_decorator.py
[2025-05-09T16:27:41.004+0000] {logging_mixin.py:188} INFO - [2025-05-09T16:27:41.003+0000] {dag.py:3096} INFO - Sync 1 DAGs
[2025-05-09T16:27:41.017+0000] {logging_mixin.py:188} INFO - [2025-05-09T16:27:41.016+0000] {dag.py:3954} INFO - Setting next_dagrun for example_python_decorator to None, run_after=None
[2025-05-09T16:27:41.045+0000] {processor.py:183} INFO - Processing /home/airflow/.local/lib/python3.10/site-packages/airflow/example_dags/example_python_decorator.py took 0.089 seconds
[2025-05-09T16:28:11.479+0000] {processor.py:161} INFO - Started process (PID=13065) to work on /home/airflow/.local/lib/python3.10/site-packages/airflow/example_dags/example_python_decorator.py
[2025-05-09T16:28:11.481+0000] {processor.py:830} INFO - Processing file /home/airflow/.local/lib/python3.10/site-packages/airflow/example_dags/example_python_decorator.py for tasks to queue
[2025-05-09T16:28:11.486+0000] {logging_mixin.py:188} INFO - [2025-05-09T16:28:11.485+0000] {dagbag.py:545} INFO - Filling up the DagBag from /home/airflow/.local/lib/python3.10/site-packages/airflow/example_dags/example_python_decorator.py
[2025-05-09T16:28:11.505+0000] {processor.py:840} INFO - DAG(s) 'example_python_decorator' retrieved from /home/airflow/.local/lib/python3.10/site-packages/airflow/example_dags/example_python_decorator.py
[2025-05-09T16:28:11.541+0000] {logging_mixin.py:188} INFO - [2025-05-09T16:28:11.540+0000] {dag.py:3096} INFO - Sync 1 DAGs
[2025-05-09T16:28:11.562+0000] {logging_mixin.py:188} INFO - [2025-05-09T16:28:11.562+0000] {dag.py:3954} INFO - Setting next_dagrun for example_python_decorator to None, run_after=None
[2025-05-09T16:28:11.592+0000] {processor.py:183} INFO - Processing /home/airflow/.local/lib/python3.10/site-packages/airflow/example_dags/example_python_decorator.py took 0.120 seconds
[2025-05-09T16:28:42.435+0000] {processor.py:161} INFO - Started process (PID=13327) to work on /home/airflow/.local/lib/python3.10/site-packages/airflow/example_dags/example_python_decorator.py
[2025-05-09T16:28:42.438+0000] {processor.py:830} INFO - Processing file /home/airflow/.local/lib/python3.10/site-packages/airflow/example_dags/example_python_decorator.py for tasks to queue
[2025-05-09T16:28:42.445+0000] {logging_mixin.py:188} INFO - [2025-05-09T16:28:42.445+0000] {dagbag.py:545} INFO - Filling up the DagBag from /home/airflow/.local/lib/python3.10/site-packages/airflow/example_dags/example_python_decorator.py
[2025-05-09T16:28:42.467+0000] {processor.py:840} INFO - DAG(s) 'example_python_decorator' retrieved from /home/airflow/.local/lib/python3.10/site-packages/airflow/example_dags/example_python_decorator.py
[2025-05-09T16:28:42.507+0000] {logging_mixin.py:188} INFO - [2025-05-09T16:28:42.507+0000] {dag.py:3096} INFO - Sync 1 DAGs
[2025-05-09T16:28:42.534+0000] {logging_mixin.py:188} INFO - [2025-05-09T16:28:42.533+0000] {dag.py:3954} INFO - Setting next_dagrun for example_python_decorator to None, run_after=None
[2025-05-09T16:28:42.573+0000] {processor.py:183} INFO - Processing /home/airflow/.local/lib/python3.10/site-packages/airflow/example_dags/example_python_decorator.py took 0.150 seconds
[2025-05-09T16:29:12.900+0000] {processor.py:161} INFO - Started process (PID=13651) to work on /home/airflow/.local/lib/python3.10/site-packages/airflow/example_dags/example_python_decorator.py
[2025-05-09T16:29:12.902+0000] {processor.py:830} INFO - Processing file /home/airflow/.local/lib/python3.10/site-packages/airflow/example_dags/example_python_decorator.py for tasks to queue
[2025-05-09T16:29:12.904+0000] {logging_mixin.py:188} INFO - [2025-05-09T16:29:12.904+0000] {dagbag.py:545} INFO - Filling up the DagBag from /home/airflow/.local/lib/python3.10/site-packages/airflow/example_dags/example_python_decorator.py
[2025-05-09T16:29:12.921+0000] {processor.py:840} INFO - DAG(s) 'example_python_decorator' retrieved from /home/airflow/.local/lib/python3.10/site-packages/airflow/example_dags/example_python_decorator.py
[2025-05-09T16:29:12.957+0000] {logging_mixin.py:188} INFO - [2025-05-09T16:29:12.957+0000] {dag.py:3096} INFO - Sync 1 DAGs
[2025-05-09T16:29:12.972+0000] {logging_mixin.py:188} INFO - [2025-05-09T16:29:12.971+0000] {dag.py:3954} INFO - Setting next_dagrun for example_python_decorator to None, run_after=None
[2025-05-09T16:29:13.003+0000] {processor.py:183} INFO - Processing /home/airflow/.local/lib/python3.10/site-packages/airflow/example_dags/example_python_decorator.py took 0.110 seconds
[2025-05-09T16:29:43.431+0000] {processor.py:161} INFO - Started process (PID=13926) to work on /home/airflow/.local/lib/python3.10/site-packages/airflow/example_dags/example_python_decorator.py
[2025-05-09T16:29:43.433+0000] {processor.py:830} INFO - Processing file /home/airflow/.local/lib/python3.10/site-packages/airflow/example_dags/example_python_decorator.py for tasks to queue
[2025-05-09T16:29:43.435+0000] {logging_mixin.py:188} INFO - [2025-05-09T16:29:43.435+0000] {dagbag.py:545} INFO - Filling up the DagBag from /home/airflow/.local/lib/python3.10/site-packages/airflow/example_dags/example_python_decorator.py
[2025-05-09T16:29:43.451+0000] {processor.py:840} INFO - DAG(s) 'example_python_decorator' retrieved from /home/airflow/.local/lib/python3.10/site-packages/airflow/example_dags/example_python_decorator.py
[2025-05-09T16:29:43.483+0000] {logging_mixin.py:188} INFO - [2025-05-09T16:29:43.483+0000] {dag.py:3096} INFO - Sync 1 DAGs
[2025-05-09T16:29:43.498+0000] {logging_mixin.py:188} INFO - [2025-05-09T16:29:43.498+0000] {dag.py:3954} INFO - Setting next_dagrun for example_python_decorator to None, run_after=None
[2025-05-09T16:29:43.530+0000] {processor.py:183} INFO - Processing /home/airflow/.local/lib/python3.10/site-packages/airflow/example_dags/example_python_decorator.py took 0.106 seconds
[2025-05-09T16:30:13.670+0000] {processor.py:161} INFO - Started process (PID=14239) to work on /home/airflow/.local/lib/python3.10/site-packages/airflow/example_dags/example_python_decorator.py
[2025-05-09T16:30:13.672+0000] {processor.py:830} INFO - Processing file /home/airflow/.local/lib/python3.10/site-packages/airflow/example_dags/example_python_decorator.py for tasks to queue
[2025-05-09T16:30:13.675+0000] {logging_mixin.py:188} INFO - [2025-05-09T16:30:13.675+0000] {dagbag.py:545} INFO - Filling up the DagBag from /home/airflow/.local/lib/python3.10/site-packages/airflow/example_dags/example_python_decorator.py
[2025-05-09T16:30:13.691+0000] {processor.py:840} INFO - DAG(s) 'example_python_decorator' retrieved from /home/airflow/.local/lib/python3.10/site-packages/airflow/example_dags/example_python_decorator.py
[2025-05-09T16:30:13.727+0000] {logging_mixin.py:188} INFO - [2025-05-09T16:30:13.726+0000] {dag.py:3096} INFO - Sync 1 DAGs
[2025-05-09T16:30:13.741+0000] {logging_mixin.py:188} INFO - [2025-05-09T16:30:13.740+0000] {dag.py:3954} INFO - Setting next_dagrun for example_python_decorator to None, run_after=None
[2025-05-09T16:30:13.772+0000] {processor.py:183} INFO - Processing /home/airflow/.local/lib/python3.10/site-packages/airflow/example_dags/example_python_decorator.py took 0.114 seconds
[2025-05-09T16:30:44.166+0000] {processor.py:161} INFO - Started process (PID=14501) to work on /home/airflow/.local/lib/python3.10/site-packages/airflow/example_dags/example_python_decorator.py
[2025-05-09T16:30:44.167+0000] {processor.py:830} INFO - Processing file /home/airflow/.local/lib/python3.10/site-packages/airflow/example_dags/example_python_decorator.py for tasks to queue
[2025-05-09T16:30:44.170+0000] {logging_mixin.py:188} INFO - [2025-05-09T16:30:44.170+0000] {dagbag.py:545} INFO - Filling up the DagBag from /home/airflow/.local/lib/python3.10/site-packages/airflow/example_dags/example_python_decorator.py
[2025-05-09T16:30:44.183+0000] {processor.py:840} INFO - DAG(s) 'example_python_decorator' retrieved from /home/airflow/.local/lib/python3.10/site-packages/airflow/example_dags/example_python_decorator.py
[2025-05-09T16:30:44.210+0000] {logging_mixin.py:188} INFO - [2025-05-09T16:30:44.210+0000] {dag.py:3096} INFO - Sync 1 DAGs
[2025-05-09T16:30:44.227+0000] {logging_mixin.py:188} INFO - [2025-05-09T16:30:44.227+0000] {dag.py:3954} INFO - Setting next_dagrun for example_python_decorator to None, run_after=None
[2025-05-09T16:30:44.257+0000] {processor.py:183} INFO - Processing /home/airflow/.local/lib/python3.10/site-packages/airflow/example_dags/example_python_decorator.py took 0.098 seconds
