[2025-05-09T12:10:22.687+0000] {processor.py:161} INFO - Started process (PID=356) to work on /home/airflow/.local/lib/python3.10/site-packages/airflow/example_dags/example_trigger_controller_dag.py
[2025-05-09T12:10:22.690+0000] {processor.py:830} INFO - Processing file /home/airflow/.local/lib/python3.10/site-packages/airflow/example_dags/example_trigger_controller_dag.py for tasks to queue
[2025-05-09T12:10:22.694+0000] {logging_mixin.py:188} INFO - [2025-05-09T12:10:22.693+0000] {dagbag.py:545} INFO - Filling up the DagBag from /home/airflow/.local/lib/python3.10/site-packages/airflow/example_dags/example_trigger_controller_dag.py
[2025-05-09T12:10:22.709+0000] {processor.py:840} INFO - DAG(s) 'example_trigger_controller_dag' retrieved from /home/airflow/.local/lib/python3.10/site-packages/airflow/example_dags/example_trigger_controller_dag.py
[2025-05-09T12:10:22.733+0000] {logging_mixin.py:188} INFO - [2025-05-09T12:10:22.732+0000] {dag.py:3096} INFO - Sync 1 DAGs
[2025-05-09T12:10:22.789+0000] {logging_mixin.py:188} INFO - [2025-05-09T12:10:22.788+0000] {dag.py:3954} INFO - Setting next_dagrun for example_trigger_controller_dag to 2021-01-01 00:00:00+00:00, run_after=2021-01-01 00:00:00+00:00
[2025-05-09T12:10:22.839+0000] {processor.py:183} INFO - Processing /home/airflow/.local/lib/python3.10/site-packages/airflow/example_dags/example_trigger_controller_dag.py took 0.172 seconds
[2025-05-09T12:10:54.500+0000] {processor.py:161} INFO - Started process (PID=612) to work on /home/airflow/.local/lib/python3.10/site-packages/airflow/example_dags/example_trigger_controller_dag.py
[2025-05-09T12:10:54.502+0000] {processor.py:830} INFO - Processing file /home/airflow/.local/lib/python3.10/site-packages/airflow/example_dags/example_trigger_controller_dag.py for tasks to queue
[2025-05-09T12:10:54.506+0000] {logging_mixin.py:188} INFO - [2025-05-09T12:10:54.505+0000] {dagbag.py:545} INFO - Filling up the DagBag from /home/airflow/.local/lib/python3.10/site-packages/airflow/example_dags/example_trigger_controller_dag.py
[2025-05-09T12:10:54.513+0000] {processor.py:840} INFO - DAG(s) 'example_trigger_controller_dag' retrieved from /home/airflow/.local/lib/python3.10/site-packages/airflow/example_dags/example_trigger_controller_dag.py
[2025-05-09T12:10:54.635+0000] {logging_mixin.py:188} INFO - [2025-05-09T12:10:54.635+0000] {dag.py:3096} INFO - Sync 1 DAGs
[2025-05-09T12:10:54.661+0000] {logging_mixin.py:188} INFO - [2025-05-09T12:10:54.661+0000] {dag.py:3954} INFO - Setting next_dagrun for example_trigger_controller_dag to 2021-01-01 00:00:00+00:00, run_after=2021-01-01 00:00:00+00:00
[2025-05-09T12:10:54.685+0000] {processor.py:183} INFO - Processing /home/airflow/.local/lib/python3.10/site-packages/airflow/example_dags/example_trigger_controller_dag.py took 0.195 seconds
[2025-05-09T12:11:24.797+0000] {processor.py:161} INFO - Started process (PID=868) to work on /home/airflow/.local/lib/python3.10/site-packages/airflow/example_dags/example_trigger_controller_dag.py
[2025-05-09T12:11:24.800+0000] {processor.py:830} INFO - Processing file /home/airflow/.local/lib/python3.10/site-packages/airflow/example_dags/example_trigger_controller_dag.py for tasks to queue
[2025-05-09T12:11:24.803+0000] {logging_mixin.py:188} INFO - [2025-05-09T12:11:24.803+0000] {dagbag.py:545} INFO - Filling up the DagBag from /home/airflow/.local/lib/python3.10/site-packages/airflow/example_dags/example_trigger_controller_dag.py
[2025-05-09T12:11:24.813+0000] {processor.py:840} INFO - DAG(s) 'example_trigger_controller_dag' retrieved from /home/airflow/.local/lib/python3.10/site-packages/airflow/example_dags/example_trigger_controller_dag.py
[2025-05-09T12:11:24.842+0000] {logging_mixin.py:188} INFO - [2025-05-09T12:11:24.841+0000] {dag.py:3096} INFO - Sync 1 DAGs
[2025-05-09T12:11:24.876+0000] {logging_mixin.py:188} INFO - [2025-05-09T12:11:24.876+0000] {dag.py:3954} INFO - Setting next_dagrun for example_trigger_controller_dag to 2021-01-01 00:00:00+00:00, run_after=2021-01-01 00:00:00+00:00
[2025-05-09T12:11:24.898+0000] {processor.py:183} INFO - Processing /home/airflow/.local/lib/python3.10/site-packages/airflow/example_dags/example_trigger_controller_dag.py took 0.116 seconds
[2025-05-09T12:11:55.059+0000] {processor.py:161} INFO - Started process (PID=1124) to work on /home/airflow/.local/lib/python3.10/site-packages/airflow/example_dags/example_trigger_controller_dag.py
[2025-05-09T12:11:55.060+0000] {processor.py:830} INFO - Processing file /home/airflow/.local/lib/python3.10/site-packages/airflow/example_dags/example_trigger_controller_dag.py for tasks to queue
[2025-05-09T12:11:55.062+0000] {logging_mixin.py:188} INFO - [2025-05-09T12:11:55.062+0000] {dagbag.py:545} INFO - Filling up the DagBag from /home/airflow/.local/lib/python3.10/site-packages/airflow/example_dags/example_trigger_controller_dag.py
[2025-05-09T12:11:55.067+0000] {processor.py:840} INFO - DAG(s) 'example_trigger_controller_dag' retrieved from /home/airflow/.local/lib/python3.10/site-packages/airflow/example_dags/example_trigger_controller_dag.py
[2025-05-09T12:11:55.093+0000] {logging_mixin.py:188} INFO - [2025-05-09T12:11:55.093+0000] {dag.py:3096} INFO - Sync 1 DAGs
[2025-05-09T12:11:55.120+0000] {logging_mixin.py:188} INFO - [2025-05-09T12:11:55.119+0000] {dag.py:3954} INFO - Setting next_dagrun for example_trigger_controller_dag to 2021-01-01 00:00:00+00:00, run_after=2021-01-01 00:00:00+00:00
[2025-05-09T12:11:55.150+0000] {processor.py:183} INFO - Processing /home/airflow/.local/lib/python3.10/site-packages/airflow/example_dags/example_trigger_controller_dag.py took 0.100 seconds
[2025-05-09T12:12:25.380+0000] {processor.py:161} INFO - Started process (PID=1380) to work on /home/airflow/.local/lib/python3.10/site-packages/airflow/example_dags/example_trigger_controller_dag.py
[2025-05-09T12:12:25.383+0000] {processor.py:830} INFO - Processing file /home/airflow/.local/lib/python3.10/site-packages/airflow/example_dags/example_trigger_controller_dag.py for tasks to queue
[2025-05-09T12:12:25.386+0000] {logging_mixin.py:188} INFO - [2025-05-09T12:12:25.386+0000] {dagbag.py:545} INFO - Filling up the DagBag from /home/airflow/.local/lib/python3.10/site-packages/airflow/example_dags/example_trigger_controller_dag.py
[2025-05-09T12:12:25.393+0000] {processor.py:840} INFO - DAG(s) 'example_trigger_controller_dag' retrieved from /home/airflow/.local/lib/python3.10/site-packages/airflow/example_dags/example_trigger_controller_dag.py
[2025-05-09T12:12:25.427+0000] {logging_mixin.py:188} INFO - [2025-05-09T12:12:25.427+0000] {dag.py:3096} INFO - Sync 1 DAGs
[2025-05-09T12:12:25.460+0000] {logging_mixin.py:188} INFO - [2025-05-09T12:12:25.460+0000] {dag.py:3954} INFO - Setting next_dagrun for example_trigger_controller_dag to 2021-01-01 00:00:00+00:00, run_after=2021-01-01 00:00:00+00:00
[2025-05-09T12:12:25.492+0000] {processor.py:183} INFO - Processing /home/airflow/.local/lib/python3.10/site-packages/airflow/example_dags/example_trigger_controller_dag.py took 0.122 seconds
[2025-05-09T12:12:56.164+0000] {processor.py:161} INFO - Started process (PID=1636) to work on /home/airflow/.local/lib/python3.10/site-packages/airflow/example_dags/example_trigger_controller_dag.py
[2025-05-09T12:12:56.165+0000] {processor.py:830} INFO - Processing file /home/airflow/.local/lib/python3.10/site-packages/airflow/example_dags/example_trigger_controller_dag.py for tasks to queue
[2025-05-09T12:12:56.168+0000] {logging_mixin.py:188} INFO - [2025-05-09T12:12:56.167+0000] {dagbag.py:545} INFO - Filling up the DagBag from /home/airflow/.local/lib/python3.10/site-packages/airflow/example_dags/example_trigger_controller_dag.py
[2025-05-09T12:12:56.173+0000] {processor.py:840} INFO - DAG(s) 'example_trigger_controller_dag' retrieved from /home/airflow/.local/lib/python3.10/site-packages/airflow/example_dags/example_trigger_controller_dag.py
[2025-05-09T12:12:56.197+0000] {logging_mixin.py:188} INFO - [2025-05-09T12:12:56.196+0000] {dag.py:3096} INFO - Sync 1 DAGs
[2025-05-09T12:12:56.220+0000] {logging_mixin.py:188} INFO - [2025-05-09T12:12:56.220+0000] {dag.py:3954} INFO - Setting next_dagrun for example_trigger_controller_dag to 2021-01-01 00:00:00+00:00, run_after=2021-01-01 00:00:00+00:00
[2025-05-09T12:12:56.246+0000] {processor.py:183} INFO - Processing /home/airflow/.local/lib/python3.10/site-packages/airflow/example_dags/example_trigger_controller_dag.py took 0.090 seconds
[2025-05-09T12:13:26.519+0000] {processor.py:161} INFO - Started process (PID=1892) to work on /home/airflow/.local/lib/python3.10/site-packages/airflow/example_dags/example_trigger_controller_dag.py
[2025-05-09T12:13:26.520+0000] {processor.py:830} INFO - Processing file /home/airflow/.local/lib/python3.10/site-packages/airflow/example_dags/example_trigger_controller_dag.py for tasks to queue
[2025-05-09T12:13:26.522+0000] {logging_mixin.py:188} INFO - [2025-05-09T12:13:26.521+0000] {dagbag.py:545} INFO - Filling up the DagBag from /home/airflow/.local/lib/python3.10/site-packages/airflow/example_dags/example_trigger_controller_dag.py
[2025-05-09T12:13:26.528+0000] {processor.py:840} INFO - DAG(s) 'example_trigger_controller_dag' retrieved from /home/airflow/.local/lib/python3.10/site-packages/airflow/example_dags/example_trigger_controller_dag.py
[2025-05-09T12:13:26.551+0000] {logging_mixin.py:188} INFO - [2025-05-09T12:13:26.551+0000] {dag.py:3096} INFO - Sync 1 DAGs
[2025-05-09T12:13:26.582+0000] {logging_mixin.py:188} INFO - [2025-05-09T12:13:26.581+0000] {dag.py:3954} INFO - Setting next_dagrun for example_trigger_controller_dag to 2021-01-01 00:00:00+00:00, run_after=2021-01-01 00:00:00+00:00
[2025-05-09T12:13:26.610+0000] {processor.py:183} INFO - Processing /home/airflow/.local/lib/python3.10/site-packages/airflow/example_dags/example_trigger_controller_dag.py took 0.098 seconds
[2025-05-09T12:13:57.224+0000] {processor.py:161} INFO - Started process (PID=2150) to work on /home/airflow/.local/lib/python3.10/site-packages/airflow/example_dags/example_trigger_controller_dag.py
[2025-05-09T12:13:57.225+0000] {processor.py:830} INFO - Processing file /home/airflow/.local/lib/python3.10/site-packages/airflow/example_dags/example_trigger_controller_dag.py for tasks to queue
[2025-05-09T12:13:57.227+0000] {logging_mixin.py:188} INFO - [2025-05-09T12:13:57.227+0000] {dagbag.py:545} INFO - Filling up the DagBag from /home/airflow/.local/lib/python3.10/site-packages/airflow/example_dags/example_trigger_controller_dag.py
[2025-05-09T12:13:57.233+0000] {processor.py:840} INFO - DAG(s) 'example_trigger_controller_dag' retrieved from /home/airflow/.local/lib/python3.10/site-packages/airflow/example_dags/example_trigger_controller_dag.py
[2025-05-09T12:13:57.255+0000] {logging_mixin.py:188} INFO - [2025-05-09T12:13:57.255+0000] {dag.py:3096} INFO - Sync 1 DAGs
[2025-05-09T12:13:57.283+0000] {logging_mixin.py:188} INFO - [2025-05-09T12:13:57.282+0000] {dag.py:3954} INFO - Setting next_dagrun for example_trigger_controller_dag to 2021-01-01 00:00:00+00:00, run_after=2021-01-01 00:00:00+00:00
[2025-05-09T12:13:57.307+0000] {processor.py:183} INFO - Processing /home/airflow/.local/lib/python3.10/site-packages/airflow/example_dags/example_trigger_controller_dag.py took 0.092 seconds
[2025-05-09T12:14:28.220+0000] {processor.py:161} INFO - Started process (PID=2404) to work on /home/airflow/.local/lib/python3.10/site-packages/airflow/example_dags/example_trigger_controller_dag.py
[2025-05-09T12:14:28.222+0000] {processor.py:830} INFO - Processing file /home/airflow/.local/lib/python3.10/site-packages/airflow/example_dags/example_trigger_controller_dag.py for tasks to queue
[2025-05-09T12:14:28.225+0000] {logging_mixin.py:188} INFO - [2025-05-09T12:14:28.224+0000] {dagbag.py:545} INFO - Filling up the DagBag from /home/airflow/.local/lib/python3.10/site-packages/airflow/example_dags/example_trigger_controller_dag.py
[2025-05-09T12:14:28.231+0000] {processor.py:840} INFO - DAG(s) 'example_trigger_controller_dag' retrieved from /home/airflow/.local/lib/python3.10/site-packages/airflow/example_dags/example_trigger_controller_dag.py
[2025-05-09T12:14:28.275+0000] {logging_mixin.py:188} INFO - [2025-05-09T12:14:28.275+0000] {dag.py:3096} INFO - Sync 1 DAGs
[2025-05-09T12:14:28.305+0000] {logging_mixin.py:188} INFO - [2025-05-09T12:14:28.305+0000] {dag.py:3954} INFO - Setting next_dagrun for example_trigger_controller_dag to 2021-01-01 00:00:00+00:00, run_after=2021-01-01 00:00:00+00:00
[2025-05-09T12:14:28.335+0000] {processor.py:183} INFO - Processing /home/airflow/.local/lib/python3.10/site-packages/airflow/example_dags/example_trigger_controller_dag.py took 0.124 seconds
[2025-05-09T12:14:58.638+0000] {processor.py:161} INFO - Started process (PID=2662) to work on /home/airflow/.local/lib/python3.10/site-packages/airflow/example_dags/example_trigger_controller_dag.py
[2025-05-09T12:14:58.640+0000] {processor.py:830} INFO - Processing file /home/airflow/.local/lib/python3.10/site-packages/airflow/example_dags/example_trigger_controller_dag.py for tasks to queue
[2025-05-09T12:14:58.642+0000] {logging_mixin.py:188} INFO - [2025-05-09T12:14:58.642+0000] {dagbag.py:545} INFO - Filling up the DagBag from /home/airflow/.local/lib/python3.10/site-packages/airflow/example_dags/example_trigger_controller_dag.py
[2025-05-09T12:14:58.649+0000] {processor.py:840} INFO - DAG(s) 'example_trigger_controller_dag' retrieved from /home/airflow/.local/lib/python3.10/site-packages/airflow/example_dags/example_trigger_controller_dag.py
[2025-05-09T12:14:58.677+0000] {logging_mixin.py:188} INFO - [2025-05-09T12:14:58.677+0000] {dag.py:3096} INFO - Sync 1 DAGs
[2025-05-09T12:14:58.705+0000] {logging_mixin.py:188} INFO - [2025-05-09T12:14:58.705+0000] {dag.py:3954} INFO - Setting next_dagrun for example_trigger_controller_dag to 2021-01-01 00:00:00+00:00, run_after=2021-01-01 00:00:00+00:00
[2025-05-09T12:14:58.731+0000] {processor.py:183} INFO - Processing /home/airflow/.local/lib/python3.10/site-packages/airflow/example_dags/example_trigger_controller_dag.py took 0.103 seconds
[2025-05-09T12:15:28.908+0000] {processor.py:161} INFO - Started process (PID=2922) to work on /home/airflow/.local/lib/python3.10/site-packages/airflow/example_dags/example_trigger_controller_dag.py
[2025-05-09T12:15:28.910+0000] {processor.py:830} INFO - Processing file /home/airflow/.local/lib/python3.10/site-packages/airflow/example_dags/example_trigger_controller_dag.py for tasks to queue
[2025-05-09T12:15:28.914+0000] {logging_mixin.py:188} INFO - [2025-05-09T12:15:28.913+0000] {dagbag.py:545} INFO - Filling up the DagBag from /home/airflow/.local/lib/python3.10/site-packages/airflow/example_dags/example_trigger_controller_dag.py
[2025-05-09T12:15:28.923+0000] {processor.py:840} INFO - DAG(s) 'example_trigger_controller_dag' retrieved from /home/airflow/.local/lib/python3.10/site-packages/airflow/example_dags/example_trigger_controller_dag.py
[2025-05-09T12:15:28.948+0000] {logging_mixin.py:188} INFO - [2025-05-09T12:15:28.948+0000] {dag.py:3096} INFO - Sync 1 DAGs
[2025-05-09T12:15:28.976+0000] {logging_mixin.py:188} INFO - [2025-05-09T12:15:28.976+0000] {dag.py:3954} INFO - Setting next_dagrun for example_trigger_controller_dag to 2021-01-01 00:00:00+00:00, run_after=2021-01-01 00:00:00+00:00
[2025-05-09T12:15:29.015+0000] {processor.py:183} INFO - Processing /home/airflow/.local/lib/python3.10/site-packages/airflow/example_dags/example_trigger_controller_dag.py took 0.119 seconds
[2025-05-09T12:43:54.846+0000] {processor.py:161} INFO - Started process (PID=362) to work on /home/airflow/.local/lib/python3.10/site-packages/airflow/example_dags/example_trigger_controller_dag.py
[2025-05-09T12:43:54.848+0000] {processor.py:830} INFO - Processing file /home/airflow/.local/lib/python3.10/site-packages/airflow/example_dags/example_trigger_controller_dag.py for tasks to queue
[2025-05-09T12:43:54.851+0000] {logging_mixin.py:188} INFO - [2025-05-09T12:43:54.850+0000] {dagbag.py:545} INFO - Filling up the DagBag from /home/airflow/.local/lib/python3.10/site-packages/airflow/example_dags/example_trigger_controller_dag.py
[2025-05-09T12:43:54.857+0000] {processor.py:840} INFO - DAG(s) 'example_trigger_controller_dag' retrieved from /home/airflow/.local/lib/python3.10/site-packages/airflow/example_dags/example_trigger_controller_dag.py
[2025-05-09T12:43:54.876+0000] {logging_mixin.py:188} INFO - [2025-05-09T12:43:54.876+0000] {dag.py:3096} INFO - Sync 1 DAGs
[2025-05-09T12:43:54.907+0000] {logging_mixin.py:188} INFO - [2025-05-09T12:43:54.907+0000] {dag.py:3954} INFO - Setting next_dagrun for example_trigger_controller_dag to 2021-01-01 00:00:00+00:00, run_after=2021-01-01 00:00:00+00:00
[2025-05-09T12:43:54.935+0000] {processor.py:183} INFO - Processing /home/airflow/.local/lib/python3.10/site-packages/airflow/example_dags/example_trigger_controller_dag.py took 0.097 seconds
[2025-05-09T12:44:27.557+0000] {processor.py:161} INFO - Started process (PID=626) to work on /home/airflow/.local/lib/python3.10/site-packages/airflow/example_dags/example_trigger_controller_dag.py
[2025-05-09T12:44:27.558+0000] {processor.py:830} INFO - Processing file /home/airflow/.local/lib/python3.10/site-packages/airflow/example_dags/example_trigger_controller_dag.py for tasks to queue
[2025-05-09T12:44:27.561+0000] {logging_mixin.py:188} INFO - [2025-05-09T12:44:27.560+0000] {dagbag.py:545} INFO - Filling up the DagBag from /home/airflow/.local/lib/python3.10/site-packages/airflow/example_dags/example_trigger_controller_dag.py
[2025-05-09T12:44:27.568+0000] {processor.py:840} INFO - DAG(s) 'example_trigger_controller_dag' retrieved from /home/airflow/.local/lib/python3.10/site-packages/airflow/example_dags/example_trigger_controller_dag.py
[2025-05-09T12:44:27.698+0000] {logging_mixin.py:188} INFO - [2025-05-09T12:44:27.697+0000] {dag.py:3096} INFO - Sync 1 DAGs
[2025-05-09T12:44:27.723+0000] {logging_mixin.py:188} INFO - [2025-05-09T12:44:27.723+0000] {dag.py:3954} INFO - Setting next_dagrun for example_trigger_controller_dag to 2021-01-01 00:00:00+00:00, run_after=2021-01-01 00:00:00+00:00
[2025-05-09T12:44:27.749+0000] {processor.py:183} INFO - Processing /home/airflow/.local/lib/python3.10/site-packages/airflow/example_dags/example_trigger_controller_dag.py took 0.205 seconds
[2025-05-09T12:44:58.145+0000] {processor.py:161} INFO - Started process (PID=886) to work on /home/airflow/.local/lib/python3.10/site-packages/airflow/example_dags/example_trigger_controller_dag.py
[2025-05-09T12:44:58.147+0000] {processor.py:830} INFO - Processing file /home/airflow/.local/lib/python3.10/site-packages/airflow/example_dags/example_trigger_controller_dag.py for tasks to queue
[2025-05-09T12:44:58.151+0000] {logging_mixin.py:188} INFO - [2025-05-09T12:44:58.150+0000] {dagbag.py:545} INFO - Filling up the DagBag from /home/airflow/.local/lib/python3.10/site-packages/airflow/example_dags/example_trigger_controller_dag.py
[2025-05-09T12:44:58.158+0000] {processor.py:840} INFO - DAG(s) 'example_trigger_controller_dag' retrieved from /home/airflow/.local/lib/python3.10/site-packages/airflow/example_dags/example_trigger_controller_dag.py
[2025-05-09T12:44:58.186+0000] {logging_mixin.py:188} INFO - [2025-05-09T12:44:58.186+0000] {dag.py:3096} INFO - Sync 1 DAGs
[2025-05-09T12:44:58.216+0000] {logging_mixin.py:188} INFO - [2025-05-09T12:44:58.216+0000] {dag.py:3954} INFO - Setting next_dagrun for example_trigger_controller_dag to 2021-01-01 00:00:00+00:00, run_after=2021-01-01 00:00:00+00:00
[2025-05-09T12:44:58.245+0000] {processor.py:183} INFO - Processing /home/airflow/.local/lib/python3.10/site-packages/airflow/example_dags/example_trigger_controller_dag.py took 0.114 seconds
[2025-05-09T12:45:28.604+0000] {processor.py:161} INFO - Started process (PID=1148) to work on /home/airflow/.local/lib/python3.10/site-packages/airflow/example_dags/example_trigger_controller_dag.py
[2025-05-09T12:45:28.606+0000] {processor.py:830} INFO - Processing file /home/airflow/.local/lib/python3.10/site-packages/airflow/example_dags/example_trigger_controller_dag.py for tasks to queue
[2025-05-09T12:45:28.608+0000] {logging_mixin.py:188} INFO - [2025-05-09T12:45:28.608+0000] {dagbag.py:545} INFO - Filling up the DagBag from /home/airflow/.local/lib/python3.10/site-packages/airflow/example_dags/example_trigger_controller_dag.py
[2025-05-09T12:45:28.616+0000] {processor.py:840} INFO - DAG(s) 'example_trigger_controller_dag' retrieved from /home/airflow/.local/lib/python3.10/site-packages/airflow/example_dags/example_trigger_controller_dag.py
[2025-05-09T12:45:28.646+0000] {logging_mixin.py:188} INFO - [2025-05-09T12:45:28.645+0000] {dag.py:3096} INFO - Sync 1 DAGs
[2025-05-09T12:45:28.679+0000] {logging_mixin.py:188} INFO - [2025-05-09T12:45:28.678+0000] {dag.py:3954} INFO - Setting next_dagrun for example_trigger_controller_dag to 2021-01-01 00:00:00+00:00, run_after=2021-01-01 00:00:00+00:00
[2025-05-09T12:45:28.712+0000] {processor.py:183} INFO - Processing /home/airflow/.local/lib/python3.10/site-packages/airflow/example_dags/example_trigger_controller_dag.py took 0.119 seconds
[2025-05-09T12:45:59.689+0000] {processor.py:161} INFO - Started process (PID=1412) to work on /home/airflow/.local/lib/python3.10/site-packages/airflow/example_dags/example_trigger_controller_dag.py
[2025-05-09T12:45:59.691+0000] {processor.py:830} INFO - Processing file /home/airflow/.local/lib/python3.10/site-packages/airflow/example_dags/example_trigger_controller_dag.py for tasks to queue
[2025-05-09T12:45:59.693+0000] {logging_mixin.py:188} INFO - [2025-05-09T12:45:59.693+0000] {dagbag.py:545} INFO - Filling up the DagBag from /home/airflow/.local/lib/python3.10/site-packages/airflow/example_dags/example_trigger_controller_dag.py
[2025-05-09T12:45:59.698+0000] {processor.py:840} INFO - DAG(s) 'example_trigger_controller_dag' retrieved from /home/airflow/.local/lib/python3.10/site-packages/airflow/example_dags/example_trigger_controller_dag.py
[2025-05-09T12:46:00.122+0000] {logging_mixin.py:188} INFO - [2025-05-09T12:46:00.122+0000] {dag.py:3096} INFO - Sync 1 DAGs
[2025-05-09T12:46:00.143+0000] {logging_mixin.py:188} INFO - [2025-05-09T12:46:00.142+0000] {dag.py:3954} INFO - Setting next_dagrun for example_trigger_controller_dag to 2021-01-01 00:00:00+00:00, run_after=2021-01-01 00:00:00+00:00
[2025-05-09T12:46:00.165+0000] {processor.py:183} INFO - Processing /home/airflow/.local/lib/python3.10/site-packages/airflow/example_dags/example_trigger_controller_dag.py took 0.078 seconds
[2025-05-09T12:46:31.437+0000] {processor.py:161} INFO - Started process (PID=1674) to work on /home/airflow/.local/lib/python3.10/site-packages/airflow/example_dags/example_trigger_controller_dag.py
[2025-05-09T12:46:31.439+0000] {processor.py:830} INFO - Processing file /home/airflow/.local/lib/python3.10/site-packages/airflow/example_dags/example_trigger_controller_dag.py for tasks to queue
[2025-05-09T12:46:31.442+0000] {logging_mixin.py:188} INFO - [2025-05-09T12:46:31.441+0000] {dagbag.py:545} INFO - Filling up the DagBag from /home/airflow/.local/lib/python3.10/site-packages/airflow/example_dags/example_trigger_controller_dag.py
[2025-05-09T12:46:31.453+0000] {processor.py:840} INFO - DAG(s) 'example_trigger_controller_dag' retrieved from /home/airflow/.local/lib/python3.10/site-packages/airflow/example_dags/example_trigger_controller_dag.py
[2025-05-09T12:46:31.484+0000] {logging_mixin.py:188} INFO - [2025-05-09T12:46:31.483+0000] {dag.py:3096} INFO - Sync 1 DAGs
[2025-05-09T12:46:31.515+0000] {logging_mixin.py:188} INFO - [2025-05-09T12:46:31.515+0000] {dag.py:3954} INFO - Setting next_dagrun for example_trigger_controller_dag to 2021-01-01 00:00:00+00:00, run_after=2021-01-01 00:00:00+00:00
[2025-05-09T12:46:31.546+0000] {processor.py:183} INFO - Processing /home/airflow/.local/lib/python3.10/site-packages/airflow/example_dags/example_trigger_controller_dag.py took 0.116 seconds
[2025-05-09T12:47:02.191+0000] {processor.py:161} INFO - Started process (PID=1936) to work on /home/airflow/.local/lib/python3.10/site-packages/airflow/example_dags/example_trigger_controller_dag.py
[2025-05-09T12:47:02.192+0000] {processor.py:830} INFO - Processing file /home/airflow/.local/lib/python3.10/site-packages/airflow/example_dags/example_trigger_controller_dag.py for tasks to queue
[2025-05-09T12:47:02.194+0000] {logging_mixin.py:188} INFO - [2025-05-09T12:47:02.194+0000] {dagbag.py:545} INFO - Filling up the DagBag from /home/airflow/.local/lib/python3.10/site-packages/airflow/example_dags/example_trigger_controller_dag.py
[2025-05-09T12:47:02.199+0000] {processor.py:840} INFO - DAG(s) 'example_trigger_controller_dag' retrieved from /home/airflow/.local/lib/python3.10/site-packages/airflow/example_dags/example_trigger_controller_dag.py
[2025-05-09T12:47:02.221+0000] {logging_mixin.py:188} INFO - [2025-05-09T12:47:02.221+0000] {dag.py:3096} INFO - Sync 1 DAGs
[2025-05-09T12:47:02.241+0000] {logging_mixin.py:188} INFO - [2025-05-09T12:47:02.241+0000] {dag.py:3954} INFO - Setting next_dagrun for example_trigger_controller_dag to 2021-01-01 00:00:00+00:00, run_after=2021-01-01 00:00:00+00:00
[2025-05-09T12:47:02.271+0000] {processor.py:183} INFO - Processing /home/airflow/.local/lib/python3.10/site-packages/airflow/example_dags/example_trigger_controller_dag.py took 0.085 seconds
[2025-05-09T12:47:33.084+0000] {processor.py:161} INFO - Started process (PID=2207) to work on /home/airflow/.local/lib/python3.10/site-packages/airflow/example_dags/example_trigger_controller_dag.py
[2025-05-09T12:47:33.086+0000] {processor.py:830} INFO - Processing file /home/airflow/.local/lib/python3.10/site-packages/airflow/example_dags/example_trigger_controller_dag.py for tasks to queue
[2025-05-09T12:47:33.089+0000] {logging_mixin.py:188} INFO - [2025-05-09T12:47:33.088+0000] {dagbag.py:545} INFO - Filling up the DagBag from /home/airflow/.local/lib/python3.10/site-packages/airflow/example_dags/example_trigger_controller_dag.py
[2025-05-09T12:47:33.096+0000] {processor.py:840} INFO - DAG(s) 'example_trigger_controller_dag' retrieved from /home/airflow/.local/lib/python3.10/site-packages/airflow/example_dags/example_trigger_controller_dag.py
[2025-05-09T12:47:33.119+0000] {logging_mixin.py:188} INFO - [2025-05-09T12:47:33.118+0000] {dag.py:3096} INFO - Sync 1 DAGs
[2025-05-09T12:47:33.139+0000] {logging_mixin.py:188} INFO - [2025-05-09T12:47:33.139+0000] {dag.py:3954} INFO - Setting next_dagrun for example_trigger_controller_dag to 2021-01-01 00:00:00+00:00, run_after=2021-01-01 00:00:00+00:00
[2025-05-09T12:47:33.165+0000] {processor.py:183} INFO - Processing /home/airflow/.local/lib/python3.10/site-packages/airflow/example_dags/example_trigger_controller_dag.py took 0.087 seconds
[2025-05-09T12:48:03.416+0000] {processor.py:161} INFO - Started process (PID=2469) to work on /home/airflow/.local/lib/python3.10/site-packages/airflow/example_dags/example_trigger_controller_dag.py
[2025-05-09T12:48:03.418+0000] {processor.py:830} INFO - Processing file /home/airflow/.local/lib/python3.10/site-packages/airflow/example_dags/example_trigger_controller_dag.py for tasks to queue
[2025-05-09T12:48:03.420+0000] {logging_mixin.py:188} INFO - [2025-05-09T12:48:03.420+0000] {dagbag.py:545} INFO - Filling up the DagBag from /home/airflow/.local/lib/python3.10/site-packages/airflow/example_dags/example_trigger_controller_dag.py
[2025-05-09T12:48:03.425+0000] {processor.py:840} INFO - DAG(s) 'example_trigger_controller_dag' retrieved from /home/airflow/.local/lib/python3.10/site-packages/airflow/example_dags/example_trigger_controller_dag.py
[2025-05-09T12:48:03.449+0000] {logging_mixin.py:188} INFO - [2025-05-09T12:48:03.448+0000] {dag.py:3096} INFO - Sync 1 DAGs
[2025-05-09T12:48:03.470+0000] {logging_mixin.py:188} INFO - [2025-05-09T12:48:03.469+0000] {dag.py:3954} INFO - Setting next_dagrun for example_trigger_controller_dag to 2021-01-01 00:00:00+00:00, run_after=2021-01-01 00:00:00+00:00
[2025-05-09T12:48:03.497+0000] {processor.py:183} INFO - Processing /home/airflow/.local/lib/python3.10/site-packages/airflow/example_dags/example_trigger_controller_dag.py took 0.087 seconds
[2025-05-09T12:48:34.177+0000] {processor.py:161} INFO - Started process (PID=2740) to work on /home/airflow/.local/lib/python3.10/site-packages/airflow/example_dags/example_trigger_controller_dag.py
[2025-05-09T12:48:34.179+0000] {processor.py:830} INFO - Processing file /home/airflow/.local/lib/python3.10/site-packages/airflow/example_dags/example_trigger_controller_dag.py for tasks to queue
[2025-05-09T12:48:34.180+0000] {logging_mixin.py:188} INFO - [2025-05-09T12:48:34.180+0000] {dagbag.py:545} INFO - Filling up the DagBag from /home/airflow/.local/lib/python3.10/site-packages/airflow/example_dags/example_trigger_controller_dag.py
[2025-05-09T12:48:34.184+0000] {processor.py:840} INFO - DAG(s) 'example_trigger_controller_dag' retrieved from /home/airflow/.local/lib/python3.10/site-packages/airflow/example_dags/example_trigger_controller_dag.py
[2025-05-09T12:48:34.207+0000] {logging_mixin.py:188} INFO - [2025-05-09T12:48:34.206+0000] {dag.py:3096} INFO - Sync 1 DAGs
[2025-05-09T12:48:34.225+0000] {logging_mixin.py:188} INFO - [2025-05-09T12:48:34.224+0000] {dag.py:3954} INFO - Setting next_dagrun for example_trigger_controller_dag to 2021-01-01 00:00:00+00:00, run_after=2021-01-01 00:00:00+00:00
[2025-05-09T12:48:34.246+0000] {processor.py:183} INFO - Processing /home/airflow/.local/lib/python3.10/site-packages/airflow/example_dags/example_trigger_controller_dag.py took 0.075 seconds
[2025-05-09T12:49:04.894+0000] {processor.py:161} INFO - Started process (PID=3002) to work on /home/airflow/.local/lib/python3.10/site-packages/airflow/example_dags/example_trigger_controller_dag.py
[2025-05-09T12:49:04.896+0000] {processor.py:830} INFO - Processing file /home/airflow/.local/lib/python3.10/site-packages/airflow/example_dags/example_trigger_controller_dag.py for tasks to queue
[2025-05-09T12:49:04.898+0000] {logging_mixin.py:188} INFO - [2025-05-09T12:49:04.897+0000] {dagbag.py:545} INFO - Filling up the DagBag from /home/airflow/.local/lib/python3.10/site-packages/airflow/example_dags/example_trigger_controller_dag.py
[2025-05-09T12:49:04.904+0000] {processor.py:840} INFO - DAG(s) 'example_trigger_controller_dag' retrieved from /home/airflow/.local/lib/python3.10/site-packages/airflow/example_dags/example_trigger_controller_dag.py
[2025-05-09T12:49:04.927+0000] {logging_mixin.py:188} INFO - [2025-05-09T12:49:04.927+0000] {dag.py:3096} INFO - Sync 1 DAGs
[2025-05-09T12:49:04.947+0000] {logging_mixin.py:188} INFO - [2025-05-09T12:49:04.947+0000] {dag.py:3954} INFO - Setting next_dagrun for example_trigger_controller_dag to 2021-01-01 00:00:00+00:00, run_after=2021-01-01 00:00:00+00:00
[2025-05-09T12:49:04.972+0000] {processor.py:183} INFO - Processing /home/airflow/.local/lib/python3.10/site-packages/airflow/example_dags/example_trigger_controller_dag.py took 0.084 seconds
[2025-05-09T12:49:35.390+0000] {processor.py:161} INFO - Started process (PID=3264) to work on /home/airflow/.local/lib/python3.10/site-packages/airflow/example_dags/example_trigger_controller_dag.py
[2025-05-09T12:49:35.392+0000] {processor.py:830} INFO - Processing file /home/airflow/.local/lib/python3.10/site-packages/airflow/example_dags/example_trigger_controller_dag.py for tasks to queue
[2025-05-09T12:49:35.394+0000] {logging_mixin.py:188} INFO - [2025-05-09T12:49:35.394+0000] {dagbag.py:545} INFO - Filling up the DagBag from /home/airflow/.local/lib/python3.10/site-packages/airflow/example_dags/example_trigger_controller_dag.py
[2025-05-09T12:49:35.400+0000] {processor.py:840} INFO - DAG(s) 'example_trigger_controller_dag' retrieved from /home/airflow/.local/lib/python3.10/site-packages/airflow/example_dags/example_trigger_controller_dag.py
[2025-05-09T12:49:35.426+0000] {logging_mixin.py:188} INFO - [2025-05-09T12:49:35.426+0000] {dag.py:3096} INFO - Sync 1 DAGs
[2025-05-09T12:49:35.451+0000] {logging_mixin.py:188} INFO - [2025-05-09T12:49:35.450+0000] {dag.py:3954} INFO - Setting next_dagrun for example_trigger_controller_dag to 2021-01-01 00:00:00+00:00, run_after=2021-01-01 00:00:00+00:00
[2025-05-09T12:49:35.481+0000] {processor.py:183} INFO - Processing /home/airflow/.local/lib/python3.10/site-packages/airflow/example_dags/example_trigger_controller_dag.py took 0.097 seconds
[2025-05-09T12:50:05.860+0000] {processor.py:161} INFO - Started process (PID=3534) to work on /home/airflow/.local/lib/python3.10/site-packages/airflow/example_dags/example_trigger_controller_dag.py
[2025-05-09T12:50:05.862+0000] {processor.py:830} INFO - Processing file /home/airflow/.local/lib/python3.10/site-packages/airflow/example_dags/example_trigger_controller_dag.py for tasks to queue
[2025-05-09T12:50:05.865+0000] {logging_mixin.py:188} INFO - [2025-05-09T12:50:05.864+0000] {dagbag.py:545} INFO - Filling up the DagBag from /home/airflow/.local/lib/python3.10/site-packages/airflow/example_dags/example_trigger_controller_dag.py
[2025-05-09T12:50:05.870+0000] {processor.py:840} INFO - DAG(s) 'example_trigger_controller_dag' retrieved from /home/airflow/.local/lib/python3.10/site-packages/airflow/example_dags/example_trigger_controller_dag.py
[2025-05-09T12:50:05.895+0000] {logging_mixin.py:188} INFO - [2025-05-09T12:50:05.894+0000] {dag.py:3096} INFO - Sync 1 DAGs
[2025-05-09T12:50:05.915+0000] {logging_mixin.py:188} INFO - [2025-05-09T12:50:05.915+0000] {dag.py:3954} INFO - Setting next_dagrun for example_trigger_controller_dag to 2021-01-01 00:00:00+00:00, run_after=2021-01-01 00:00:00+00:00
[2025-05-09T12:50:05.943+0000] {processor.py:183} INFO - Processing /home/airflow/.local/lib/python3.10/site-packages/airflow/example_dags/example_trigger_controller_dag.py took 0.091 seconds
[2025-05-09T12:50:36.633+0000] {processor.py:161} INFO - Started process (PID=3797) to work on /home/airflow/.local/lib/python3.10/site-packages/airflow/example_dags/example_trigger_controller_dag.py
[2025-05-09T12:50:36.635+0000] {processor.py:830} INFO - Processing file /home/airflow/.local/lib/python3.10/site-packages/airflow/example_dags/example_trigger_controller_dag.py for tasks to queue
[2025-05-09T12:50:36.637+0000] {logging_mixin.py:188} INFO - [2025-05-09T12:50:36.637+0000] {dagbag.py:545} INFO - Filling up the DagBag from /home/airflow/.local/lib/python3.10/site-packages/airflow/example_dags/example_trigger_controller_dag.py
[2025-05-09T12:50:36.645+0000] {processor.py:840} INFO - DAG(s) 'example_trigger_controller_dag' retrieved from /home/airflow/.local/lib/python3.10/site-packages/airflow/example_dags/example_trigger_controller_dag.py
[2025-05-09T12:50:36.670+0000] {logging_mixin.py:188} INFO - [2025-05-09T12:50:36.670+0000] {dag.py:3096} INFO - Sync 1 DAGs
[2025-05-09T12:50:36.695+0000] {logging_mixin.py:188} INFO - [2025-05-09T12:50:36.695+0000] {dag.py:3954} INFO - Setting next_dagrun for example_trigger_controller_dag to 2021-01-01 00:00:00+00:00, run_after=2021-01-01 00:00:00+00:00
[2025-05-09T12:50:36.721+0000] {processor.py:183} INFO - Processing /home/airflow/.local/lib/python3.10/site-packages/airflow/example_dags/example_trigger_controller_dag.py took 0.098 seconds
[2025-05-09T12:52:24.458+0000] {processor.py:161} INFO - Started process (PID=365) to work on /home/airflow/.local/lib/python3.10/site-packages/airflow/example_dags/example_trigger_controller_dag.py
[2025-05-09T12:52:24.459+0000] {processor.py:830} INFO - Processing file /home/airflow/.local/lib/python3.10/site-packages/airflow/example_dags/example_trigger_controller_dag.py for tasks to queue
[2025-05-09T12:52:24.462+0000] {logging_mixin.py:188} INFO - [2025-05-09T12:52:24.461+0000] {dagbag.py:545} INFO - Filling up the DagBag from /home/airflow/.local/lib/python3.10/site-packages/airflow/example_dags/example_trigger_controller_dag.py
[2025-05-09T12:52:24.468+0000] {processor.py:840} INFO - DAG(s) 'example_trigger_controller_dag' retrieved from /home/airflow/.local/lib/python3.10/site-packages/airflow/example_dags/example_trigger_controller_dag.py
[2025-05-09T12:52:24.486+0000] {logging_mixin.py:188} INFO - [2025-05-09T12:52:24.486+0000] {dag.py:3096} INFO - Sync 1 DAGs
[2025-05-09T12:52:24.514+0000] {logging_mixin.py:188} INFO - [2025-05-09T12:52:24.514+0000] {dag.py:3954} INFO - Setting next_dagrun for example_trigger_controller_dag to 2021-01-01 00:00:00+00:00, run_after=2021-01-01 00:00:00+00:00
[2025-05-09T12:52:24.541+0000] {processor.py:183} INFO - Processing /home/airflow/.local/lib/python3.10/site-packages/airflow/example_dags/example_trigger_controller_dag.py took 0.093 seconds
[2025-05-09T12:52:56.411+0000] {processor.py:161} INFO - Started process (PID=627) to work on /home/airflow/.local/lib/python3.10/site-packages/airflow/example_dags/example_trigger_controller_dag.py
[2025-05-09T12:52:56.413+0000] {processor.py:830} INFO - Processing file /home/airflow/.local/lib/python3.10/site-packages/airflow/example_dags/example_trigger_controller_dag.py for tasks to queue
[2025-05-09T12:52:56.416+0000] {logging_mixin.py:188} INFO - [2025-05-09T12:52:56.415+0000] {dagbag.py:545} INFO - Filling up the DagBag from /home/airflow/.local/lib/python3.10/site-packages/airflow/example_dags/example_trigger_controller_dag.py
[2025-05-09T12:52:56.422+0000] {processor.py:840} INFO - DAG(s) 'example_trigger_controller_dag' retrieved from /home/airflow/.local/lib/python3.10/site-packages/airflow/example_dags/example_trigger_controller_dag.py
[2025-05-09T12:52:56.517+0000] {logging_mixin.py:188} INFO - [2025-05-09T12:52:56.517+0000] {dag.py:3096} INFO - Sync 1 DAGs
[2025-05-09T12:52:56.534+0000] {logging_mixin.py:188} INFO - [2025-05-09T12:52:56.534+0000] {dag.py:3954} INFO - Setting next_dagrun for example_trigger_controller_dag to 2021-01-01 00:00:00+00:00, run_after=2021-01-01 00:00:00+00:00
[2025-05-09T12:52:56.557+0000] {processor.py:183} INFO - Processing /home/airflow/.local/lib/python3.10/site-packages/airflow/example_dags/example_trigger_controller_dag.py took 0.154 seconds
[2025-05-09T12:53:27.393+0000] {processor.py:161} INFO - Started process (PID=894) to work on /home/airflow/.local/lib/python3.10/site-packages/airflow/example_dags/example_trigger_controller_dag.py
[2025-05-09T12:53:27.395+0000] {processor.py:830} INFO - Processing file /home/airflow/.local/lib/python3.10/site-packages/airflow/example_dags/example_trigger_controller_dag.py for tasks to queue
[2025-05-09T12:53:27.398+0000] {logging_mixin.py:188} INFO - [2025-05-09T12:53:27.397+0000] {dagbag.py:545} INFO - Filling up the DagBag from /home/airflow/.local/lib/python3.10/site-packages/airflow/example_dags/example_trigger_controller_dag.py
[2025-05-09T12:53:27.403+0000] {processor.py:840} INFO - DAG(s) 'example_trigger_controller_dag' retrieved from /home/airflow/.local/lib/python3.10/site-packages/airflow/example_dags/example_trigger_controller_dag.py
[2025-05-09T12:53:27.422+0000] {logging_mixin.py:188} INFO - [2025-05-09T12:53:27.422+0000] {dag.py:3096} INFO - Sync 1 DAGs
[2025-05-09T12:53:27.440+0000] {logging_mixin.py:188} INFO - [2025-05-09T12:53:27.439+0000] {dag.py:3954} INFO - Setting next_dagrun for example_trigger_controller_dag to 2021-01-01 00:00:00+00:00, run_after=2021-01-01 00:00:00+00:00
[2025-05-09T12:53:27.455+0000] {processor.py:183} INFO - Processing /home/airflow/.local/lib/python3.10/site-packages/airflow/example_dags/example_trigger_controller_dag.py took 0.069 seconds
[2025-05-09T12:53:57.963+0000] {processor.py:161} INFO - Started process (PID=1154) to work on /home/airflow/.local/lib/python3.10/site-packages/airflow/example_dags/example_trigger_controller_dag.py
[2025-05-09T12:53:57.965+0000] {processor.py:830} INFO - Processing file /home/airflow/.local/lib/python3.10/site-packages/airflow/example_dags/example_trigger_controller_dag.py for tasks to queue
[2025-05-09T12:53:57.968+0000] {logging_mixin.py:188} INFO - [2025-05-09T12:53:57.968+0000] {dagbag.py:545} INFO - Filling up the DagBag from /home/airflow/.local/lib/python3.10/site-packages/airflow/example_dags/example_trigger_controller_dag.py
[2025-05-09T12:53:57.975+0000] {processor.py:840} INFO - DAG(s) 'example_trigger_controller_dag' retrieved from /home/airflow/.local/lib/python3.10/site-packages/airflow/example_dags/example_trigger_controller_dag.py
[2025-05-09T12:53:57.998+0000] {logging_mixin.py:188} INFO - [2025-05-09T12:53:57.998+0000] {dag.py:3096} INFO - Sync 1 DAGs
[2025-05-09T12:53:58.022+0000] {logging_mixin.py:188} INFO - [2025-05-09T12:53:58.021+0000] {dag.py:3954} INFO - Setting next_dagrun for example_trigger_controller_dag to 2021-01-01 00:00:00+00:00, run_after=2021-01-01 00:00:00+00:00
[2025-05-09T12:53:58.046+0000] {processor.py:183} INFO - Processing /home/airflow/.local/lib/python3.10/site-packages/airflow/example_dags/example_trigger_controller_dag.py took 0.088 seconds
[2025-05-09T12:54:28.904+0000] {processor.py:161} INFO - Started process (PID=1416) to work on /home/airflow/.local/lib/python3.10/site-packages/airflow/example_dags/example_trigger_controller_dag.py
[2025-05-09T12:54:28.905+0000] {processor.py:830} INFO - Processing file /home/airflow/.local/lib/python3.10/site-packages/airflow/example_dags/example_trigger_controller_dag.py for tasks to queue
[2025-05-09T12:54:28.908+0000] {logging_mixin.py:188} INFO - [2025-05-09T12:54:28.907+0000] {dagbag.py:545} INFO - Filling up the DagBag from /home/airflow/.local/lib/python3.10/site-packages/airflow/example_dags/example_trigger_controller_dag.py
[2025-05-09T12:54:28.915+0000] {processor.py:840} INFO - DAG(s) 'example_trigger_controller_dag' retrieved from /home/airflow/.local/lib/python3.10/site-packages/airflow/example_dags/example_trigger_controller_dag.py
[2025-05-09T12:54:28.942+0000] {logging_mixin.py:188} INFO - [2025-05-09T12:54:28.942+0000] {dag.py:3096} INFO - Sync 1 DAGs
[2025-05-09T12:54:28.971+0000] {logging_mixin.py:188} INFO - [2025-05-09T12:54:28.971+0000] {dag.py:3954} INFO - Setting next_dagrun for example_trigger_controller_dag to 2021-01-01 00:00:00+00:00, run_after=2021-01-01 00:00:00+00:00
[2025-05-09T12:54:29.001+0000] {processor.py:183} INFO - Processing /home/airflow/.local/lib/python3.10/site-packages/airflow/example_dags/example_trigger_controller_dag.py took 0.105 seconds
[2025-05-09T12:54:59.235+0000] {processor.py:161} INFO - Started process (PID=1678) to work on /home/airflow/.local/lib/python3.10/site-packages/airflow/example_dags/example_trigger_controller_dag.py
[2025-05-09T12:54:59.236+0000] {processor.py:830} INFO - Processing file /home/airflow/.local/lib/python3.10/site-packages/airflow/example_dags/example_trigger_controller_dag.py for tasks to queue
[2025-05-09T12:54:59.239+0000] {logging_mixin.py:188} INFO - [2025-05-09T12:54:59.238+0000] {dagbag.py:545} INFO - Filling up the DagBag from /home/airflow/.local/lib/python3.10/site-packages/airflow/example_dags/example_trigger_controller_dag.py
[2025-05-09T12:54:59.245+0000] {processor.py:840} INFO - DAG(s) 'example_trigger_controller_dag' retrieved from /home/airflow/.local/lib/python3.10/site-packages/airflow/example_dags/example_trigger_controller_dag.py
[2025-05-09T12:54:59.266+0000] {logging_mixin.py:188} INFO - [2025-05-09T12:54:59.266+0000] {dag.py:3096} INFO - Sync 1 DAGs
[2025-05-09T12:54:59.293+0000] {logging_mixin.py:188} INFO - [2025-05-09T12:54:59.292+0000] {dag.py:3954} INFO - Setting next_dagrun for example_trigger_controller_dag to 2021-01-01 00:00:00+00:00, run_after=2021-01-01 00:00:00+00:00
[2025-05-09T12:54:59.323+0000] {processor.py:183} INFO - Processing /home/airflow/.local/lib/python3.10/site-packages/airflow/example_dags/example_trigger_controller_dag.py took 0.094 seconds
[2025-05-09T12:55:29.629+0000] {processor.py:161} INFO - Started process (PID=1943) to work on /home/airflow/.local/lib/python3.10/site-packages/airflow/example_dags/example_trigger_controller_dag.py
[2025-05-09T12:55:29.631+0000] {processor.py:830} INFO - Processing file /home/airflow/.local/lib/python3.10/site-packages/airflow/example_dags/example_trigger_controller_dag.py for tasks to queue
[2025-05-09T12:55:29.633+0000] {logging_mixin.py:188} INFO - [2025-05-09T12:55:29.633+0000] {dagbag.py:545} INFO - Filling up the DagBag from /home/airflow/.local/lib/python3.10/site-packages/airflow/example_dags/example_trigger_controller_dag.py
[2025-05-09T12:55:29.639+0000] {processor.py:840} INFO - DAG(s) 'example_trigger_controller_dag' retrieved from /home/airflow/.local/lib/python3.10/site-packages/airflow/example_dags/example_trigger_controller_dag.py
[2025-05-09T12:55:29.670+0000] {logging_mixin.py:188} INFO - [2025-05-09T12:55:29.670+0000] {dag.py:3096} INFO - Sync 1 DAGs
[2025-05-09T12:55:29.702+0000] {logging_mixin.py:188} INFO - [2025-05-09T12:55:29.702+0000] {dag.py:3954} INFO - Setting next_dagrun for example_trigger_controller_dag to 2021-01-01 00:00:00+00:00, run_after=2021-01-01 00:00:00+00:00
[2025-05-09T12:55:29.734+0000] {processor.py:183} INFO - Processing /home/airflow/.local/lib/python3.10/site-packages/airflow/example_dags/example_trigger_controller_dag.py took 0.113 seconds
[2025-05-09T12:57:17.600+0000] {processor.py:161} INFO - Started process (PID=365) to work on /home/airflow/.local/lib/python3.10/site-packages/airflow/example_dags/example_trigger_controller_dag.py
[2025-05-09T12:57:17.602+0000] {processor.py:830} INFO - Processing file /home/airflow/.local/lib/python3.10/site-packages/airflow/example_dags/example_trigger_controller_dag.py for tasks to queue
[2025-05-09T12:57:17.604+0000] {logging_mixin.py:188} INFO - [2025-05-09T12:57:17.604+0000] {dagbag.py:545} INFO - Filling up the DagBag from /home/airflow/.local/lib/python3.10/site-packages/airflow/example_dags/example_trigger_controller_dag.py
[2025-05-09T12:57:17.612+0000] {processor.py:840} INFO - DAG(s) 'example_trigger_controller_dag' retrieved from /home/airflow/.local/lib/python3.10/site-packages/airflow/example_dags/example_trigger_controller_dag.py
[2025-05-09T12:57:17.631+0000] {logging_mixin.py:188} INFO - [2025-05-09T12:57:17.631+0000] {dag.py:3096} INFO - Sync 1 DAGs
[2025-05-09T12:57:17.655+0000] {logging_mixin.py:188} INFO - [2025-05-09T12:57:17.655+0000] {dag.py:3954} INFO - Setting next_dagrun for example_trigger_controller_dag to 2021-01-01 00:00:00+00:00, run_after=2021-01-01 00:00:00+00:00
[2025-05-09T12:57:17.684+0000] {processor.py:183} INFO - Processing /home/airflow/.local/lib/python3.10/site-packages/airflow/example_dags/example_trigger_controller_dag.py took 0.091 seconds
[2025-05-09T12:57:48.654+0000] {processor.py:161} INFO - Started process (PID=627) to work on /home/airflow/.local/lib/python3.10/site-packages/airflow/example_dags/example_trigger_controller_dag.py
[2025-05-09T12:57:48.656+0000] {processor.py:830} INFO - Processing file /home/airflow/.local/lib/python3.10/site-packages/airflow/example_dags/example_trigger_controller_dag.py for tasks to queue
[2025-05-09T12:57:48.658+0000] {logging_mixin.py:188} INFO - [2025-05-09T12:57:48.658+0000] {dagbag.py:545} INFO - Filling up the DagBag from /home/airflow/.local/lib/python3.10/site-packages/airflow/example_dags/example_trigger_controller_dag.py
[2025-05-09T12:57:48.664+0000] {processor.py:840} INFO - DAG(s) 'example_trigger_controller_dag' retrieved from /home/airflow/.local/lib/python3.10/site-packages/airflow/example_dags/example_trigger_controller_dag.py
[2025-05-09T12:57:48.770+0000] {logging_mixin.py:188} INFO - [2025-05-09T12:57:48.770+0000] {dag.py:3096} INFO - Sync 1 DAGs
[2025-05-09T12:57:48.795+0000] {logging_mixin.py:188} INFO - [2025-05-09T12:57:48.794+0000] {dag.py:3954} INFO - Setting next_dagrun for example_trigger_controller_dag to 2021-01-01 00:00:00+00:00, run_after=2021-01-01 00:00:00+00:00
[2025-05-09T12:57:48.830+0000] {processor.py:183} INFO - Processing /home/airflow/.local/lib/python3.10/site-packages/airflow/example_dags/example_trigger_controller_dag.py took 0.182 seconds
[2025-05-09T12:58:19.231+0000] {processor.py:161} INFO - Started process (PID=889) to work on /home/airflow/.local/lib/python3.10/site-packages/airflow/example_dags/example_trigger_controller_dag.py
[2025-05-09T12:58:19.233+0000] {processor.py:830} INFO - Processing file /home/airflow/.local/lib/python3.10/site-packages/airflow/example_dags/example_trigger_controller_dag.py for tasks to queue
[2025-05-09T12:58:19.235+0000] {logging_mixin.py:188} INFO - [2025-05-09T12:58:19.235+0000] {dagbag.py:545} INFO - Filling up the DagBag from /home/airflow/.local/lib/python3.10/site-packages/airflow/example_dags/example_trigger_controller_dag.py
[2025-05-09T12:58:19.240+0000] {processor.py:840} INFO - DAG(s) 'example_trigger_controller_dag' retrieved from /home/airflow/.local/lib/python3.10/site-packages/airflow/example_dags/example_trigger_controller_dag.py
[2025-05-09T12:58:19.258+0000] {logging_mixin.py:188} INFO - [2025-05-09T12:58:19.258+0000] {dag.py:3096} INFO - Sync 1 DAGs
[2025-05-09T12:58:19.276+0000] {logging_mixin.py:188} INFO - [2025-05-09T12:58:19.276+0000] {dag.py:3954} INFO - Setting next_dagrun for example_trigger_controller_dag to 2021-01-01 00:00:00+00:00, run_after=2021-01-01 00:00:00+00:00
[2025-05-09T12:58:19.292+0000] {processor.py:183} INFO - Processing /home/airflow/.local/lib/python3.10/site-packages/airflow/example_dags/example_trigger_controller_dag.py took 0.067 seconds
[2025-05-09T12:58:49.729+0000] {processor.py:161} INFO - Started process (PID=1149) to work on /home/airflow/.local/lib/python3.10/site-packages/airflow/example_dags/example_trigger_controller_dag.py
[2025-05-09T12:58:49.730+0000] {processor.py:830} INFO - Processing file /home/airflow/.local/lib/python3.10/site-packages/airflow/example_dags/example_trigger_controller_dag.py for tasks to queue
[2025-05-09T12:58:49.733+0000] {logging_mixin.py:188} INFO - [2025-05-09T12:58:49.732+0000] {dagbag.py:545} INFO - Filling up the DagBag from /home/airflow/.local/lib/python3.10/site-packages/airflow/example_dags/example_trigger_controller_dag.py
[2025-05-09T12:58:49.738+0000] {processor.py:840} INFO - DAG(s) 'example_trigger_controller_dag' retrieved from /home/airflow/.local/lib/python3.10/site-packages/airflow/example_dags/example_trigger_controller_dag.py
[2025-05-09T12:58:49.757+0000] {logging_mixin.py:188} INFO - [2025-05-09T12:58:49.757+0000] {dag.py:3096} INFO - Sync 1 DAGs
[2025-05-09T12:58:49.778+0000] {logging_mixin.py:188} INFO - [2025-05-09T12:58:49.778+0000] {dag.py:3954} INFO - Setting next_dagrun for example_trigger_controller_dag to 2021-01-01 00:00:00+00:00, run_after=2021-01-01 00:00:00+00:00
[2025-05-09T12:58:49.799+0000] {processor.py:183} INFO - Processing /home/airflow/.local/lib/python3.10/site-packages/airflow/example_dags/example_trigger_controller_dag.py took 0.076 seconds
[2025-05-09T12:59:20.184+0000] {processor.py:161} INFO - Started process (PID=1411) to work on /home/airflow/.local/lib/python3.10/site-packages/airflow/example_dags/example_trigger_controller_dag.py
[2025-05-09T12:59:20.186+0000] {processor.py:830} INFO - Processing file /home/airflow/.local/lib/python3.10/site-packages/airflow/example_dags/example_trigger_controller_dag.py for tasks to queue
[2025-05-09T12:59:20.188+0000] {logging_mixin.py:188} INFO - [2025-05-09T12:59:20.188+0000] {dagbag.py:545} INFO - Filling up the DagBag from /home/airflow/.local/lib/python3.10/site-packages/airflow/example_dags/example_trigger_controller_dag.py
[2025-05-09T12:59:20.194+0000] {processor.py:840} INFO - DAG(s) 'example_trigger_controller_dag' retrieved from /home/airflow/.local/lib/python3.10/site-packages/airflow/example_dags/example_trigger_controller_dag.py
[2025-05-09T12:59:20.214+0000] {logging_mixin.py:188} INFO - [2025-05-09T12:59:20.214+0000] {dag.py:3096} INFO - Sync 1 DAGs
[2025-05-09T12:59:20.236+0000] {logging_mixin.py:188} INFO - [2025-05-09T12:59:20.236+0000] {dag.py:3954} INFO - Setting next_dagrun for example_trigger_controller_dag to 2021-01-01 00:00:00+00:00, run_after=2021-01-01 00:00:00+00:00
[2025-05-09T12:59:20.257+0000] {processor.py:183} INFO - Processing /home/airflow/.local/lib/python3.10/site-packages/airflow/example_dags/example_trigger_controller_dag.py took 0.078 seconds
[2025-05-09T12:59:51.339+0000] {processor.py:161} INFO - Started process (PID=1675) to work on /home/airflow/.local/lib/python3.10/site-packages/airflow/example_dags/example_trigger_controller_dag.py
[2025-05-09T12:59:51.340+0000] {processor.py:830} INFO - Processing file /home/airflow/.local/lib/python3.10/site-packages/airflow/example_dags/example_trigger_controller_dag.py for tasks to queue
[2025-05-09T12:59:51.343+0000] {logging_mixin.py:188} INFO - [2025-05-09T12:59:51.342+0000] {dagbag.py:545} INFO - Filling up the DagBag from /home/airflow/.local/lib/python3.10/site-packages/airflow/example_dags/example_trigger_controller_dag.py
[2025-05-09T12:59:51.348+0000] {processor.py:840} INFO - DAG(s) 'example_trigger_controller_dag' retrieved from /home/airflow/.local/lib/python3.10/site-packages/airflow/example_dags/example_trigger_controller_dag.py
[2025-05-09T12:59:51.371+0000] {logging_mixin.py:188} INFO - [2025-05-09T12:59:51.370+0000] {dag.py:3096} INFO - Sync 1 DAGs
[2025-05-09T12:59:51.392+0000] {logging_mixin.py:188} INFO - [2025-05-09T12:59:51.391+0000] {dag.py:3954} INFO - Setting next_dagrun for example_trigger_controller_dag to 2021-01-01 00:00:00+00:00, run_after=2021-01-01 00:00:00+00:00
[2025-05-09T12:59:51.414+0000] {processor.py:183} INFO - Processing /home/airflow/.local/lib/python3.10/site-packages/airflow/example_dags/example_trigger_controller_dag.py took 0.083 seconds
[2025-05-09T13:00:21.548+0000] {processor.py:161} INFO - Started process (PID=1944) to work on /home/airflow/.local/lib/python3.10/site-packages/airflow/example_dags/example_trigger_controller_dag.py
[2025-05-09T13:00:21.550+0000] {processor.py:830} INFO - Processing file /home/airflow/.local/lib/python3.10/site-packages/airflow/example_dags/example_trigger_controller_dag.py for tasks to queue
[2025-05-09T13:00:21.552+0000] {logging_mixin.py:188} INFO - [2025-05-09T13:00:21.551+0000] {dagbag.py:545} INFO - Filling up the DagBag from /home/airflow/.local/lib/python3.10/site-packages/airflow/example_dags/example_trigger_controller_dag.py
[2025-05-09T13:00:21.558+0000] {processor.py:840} INFO - DAG(s) 'example_trigger_controller_dag' retrieved from /home/airflow/.local/lib/python3.10/site-packages/airflow/example_dags/example_trigger_controller_dag.py
[2025-05-09T13:00:21.580+0000] {logging_mixin.py:188} INFO - [2025-05-09T13:00:21.580+0000] {dag.py:3096} INFO - Sync 1 DAGs
[2025-05-09T13:00:21.602+0000] {logging_mixin.py:188} INFO - [2025-05-09T13:00:21.601+0000] {dag.py:3954} INFO - Setting next_dagrun for example_trigger_controller_dag to 2021-01-01 00:00:00+00:00, run_after=2021-01-01 00:00:00+00:00
[2025-05-09T13:00:21.627+0000] {processor.py:183} INFO - Processing /home/airflow/.local/lib/python3.10/site-packages/airflow/example_dags/example_trigger_controller_dag.py took 0.085 seconds
[2025-05-09T13:00:52.319+0000] {processor.py:161} INFO - Started process (PID=2208) to work on /home/airflow/.local/lib/python3.10/site-packages/airflow/example_dags/example_trigger_controller_dag.py
[2025-05-09T13:00:52.320+0000] {processor.py:830} INFO - Processing file /home/airflow/.local/lib/python3.10/site-packages/airflow/example_dags/example_trigger_controller_dag.py for tasks to queue
[2025-05-09T13:00:52.322+0000] {logging_mixin.py:188} INFO - [2025-05-09T13:00:52.322+0000] {dagbag.py:545} INFO - Filling up the DagBag from /home/airflow/.local/lib/python3.10/site-packages/airflow/example_dags/example_trigger_controller_dag.py
[2025-05-09T13:00:52.328+0000] {processor.py:840} INFO - DAG(s) 'example_trigger_controller_dag' retrieved from /home/airflow/.local/lib/python3.10/site-packages/airflow/example_dags/example_trigger_controller_dag.py
[2025-05-09T13:00:52.348+0000] {logging_mixin.py:188} INFO - [2025-05-09T13:00:52.347+0000] {dag.py:3096} INFO - Sync 1 DAGs
[2025-05-09T13:00:52.368+0000] {logging_mixin.py:188} INFO - [2025-05-09T13:00:52.368+0000] {dag.py:3954} INFO - Setting next_dagrun for example_trigger_controller_dag to 2021-01-01 00:00:00+00:00, run_after=2021-01-01 00:00:00+00:00
[2025-05-09T13:00:52.387+0000] {processor.py:183} INFO - Processing /home/airflow/.local/lib/python3.10/site-packages/airflow/example_dags/example_trigger_controller_dag.py took 0.074 seconds
[2025-05-09T13:01:22.654+0000] {processor.py:161} INFO - Started process (PID=2468) to work on /home/airflow/.local/lib/python3.10/site-packages/airflow/example_dags/example_trigger_controller_dag.py
[2025-05-09T13:01:22.655+0000] {processor.py:830} INFO - Processing file /home/airflow/.local/lib/python3.10/site-packages/airflow/example_dags/example_trigger_controller_dag.py for tasks to queue
[2025-05-09T13:01:22.658+0000] {logging_mixin.py:188} INFO - [2025-05-09T13:01:22.657+0000] {dagbag.py:545} INFO - Filling up the DagBag from /home/airflow/.local/lib/python3.10/site-packages/airflow/example_dags/example_trigger_controller_dag.py
[2025-05-09T13:01:22.664+0000] {processor.py:840} INFO - DAG(s) 'example_trigger_controller_dag' retrieved from /home/airflow/.local/lib/python3.10/site-packages/airflow/example_dags/example_trigger_controller_dag.py
[2025-05-09T13:01:22.691+0000] {logging_mixin.py:188} INFO - [2025-05-09T13:01:22.691+0000] {dag.py:3096} INFO - Sync 1 DAGs
[2025-05-09T13:01:22.728+0000] {logging_mixin.py:188} INFO - [2025-05-09T13:01:22.728+0000] {dag.py:3954} INFO - Setting next_dagrun for example_trigger_controller_dag to 2021-01-01 00:00:00+00:00, run_after=2021-01-01 00:00:00+00:00
[2025-05-09T13:01:22.751+0000] {processor.py:183} INFO - Processing /home/airflow/.local/lib/python3.10/site-packages/airflow/example_dags/example_trigger_controller_dag.py took 0.104 seconds
[2025-05-09T13:01:53.159+0000] {processor.py:161} INFO - Started process (PID=2730) to work on /home/airflow/.local/lib/python3.10/site-packages/airflow/example_dags/example_trigger_controller_dag.py
[2025-05-09T13:01:53.160+0000] {processor.py:830} INFO - Processing file /home/airflow/.local/lib/python3.10/site-packages/airflow/example_dags/example_trigger_controller_dag.py for tasks to queue
[2025-05-09T13:01:53.162+0000] {logging_mixin.py:188} INFO - [2025-05-09T13:01:53.162+0000] {dagbag.py:545} INFO - Filling up the DagBag from /home/airflow/.local/lib/python3.10/site-packages/airflow/example_dags/example_trigger_controller_dag.py
[2025-05-09T13:01:53.168+0000] {processor.py:840} INFO - DAG(s) 'example_trigger_controller_dag' retrieved from /home/airflow/.local/lib/python3.10/site-packages/airflow/example_dags/example_trigger_controller_dag.py
[2025-05-09T13:01:53.191+0000] {logging_mixin.py:188} INFO - [2025-05-09T13:01:53.191+0000] {dag.py:3096} INFO - Sync 1 DAGs
[2025-05-09T13:01:53.221+0000] {logging_mixin.py:188} INFO - [2025-05-09T13:01:53.221+0000] {dag.py:3954} INFO - Setting next_dagrun for example_trigger_controller_dag to 2021-01-01 00:00:00+00:00, run_after=2021-01-01 00:00:00+00:00
[2025-05-09T13:01:53.244+0000] {processor.py:183} INFO - Processing /home/airflow/.local/lib/python3.10/site-packages/airflow/example_dags/example_trigger_controller_dag.py took 0.094 seconds
[2025-05-09T13:02:23.589+0000] {processor.py:161} INFO - Started process (PID=2992) to work on /home/airflow/.local/lib/python3.10/site-packages/airflow/example_dags/example_trigger_controller_dag.py
[2025-05-09T13:02:23.590+0000] {processor.py:830} INFO - Processing file /home/airflow/.local/lib/python3.10/site-packages/airflow/example_dags/example_trigger_controller_dag.py for tasks to queue
[2025-05-09T13:02:23.593+0000] {logging_mixin.py:188} INFO - [2025-05-09T13:02:23.592+0000] {dagbag.py:545} INFO - Filling up the DagBag from /home/airflow/.local/lib/python3.10/site-packages/airflow/example_dags/example_trigger_controller_dag.py
[2025-05-09T13:02:23.598+0000] {processor.py:840} INFO - DAG(s) 'example_trigger_controller_dag' retrieved from /home/airflow/.local/lib/python3.10/site-packages/airflow/example_dags/example_trigger_controller_dag.py
[2025-05-09T13:02:23.626+0000] {logging_mixin.py:188} INFO - [2025-05-09T13:02:23.626+0000] {dag.py:3096} INFO - Sync 1 DAGs
[2025-05-09T13:02:23.653+0000] {logging_mixin.py:188} INFO - [2025-05-09T13:02:23.653+0000] {dag.py:3954} INFO - Setting next_dagrun for example_trigger_controller_dag to 2021-01-01 00:00:00+00:00, run_after=2021-01-01 00:00:00+00:00
[2025-05-09T13:02:23.677+0000] {processor.py:183} INFO - Processing /home/airflow/.local/lib/python3.10/site-packages/airflow/example_dags/example_trigger_controller_dag.py took 0.097 seconds
[2025-05-09T13:02:54.200+0000] {processor.py:161} INFO - Started process (PID=3254) to work on /home/airflow/.local/lib/python3.10/site-packages/airflow/example_dags/example_trigger_controller_dag.py
[2025-05-09T13:02:54.201+0000] {processor.py:830} INFO - Processing file /home/airflow/.local/lib/python3.10/site-packages/airflow/example_dags/example_trigger_controller_dag.py for tasks to queue
[2025-05-09T13:02:54.203+0000] {logging_mixin.py:188} INFO - [2025-05-09T13:02:54.203+0000] {dagbag.py:545} INFO - Filling up the DagBag from /home/airflow/.local/lib/python3.10/site-packages/airflow/example_dags/example_trigger_controller_dag.py
[2025-05-09T13:02:54.212+0000] {processor.py:840} INFO - DAG(s) 'example_trigger_controller_dag' retrieved from /home/airflow/.local/lib/python3.10/site-packages/airflow/example_dags/example_trigger_controller_dag.py
[2025-05-09T13:02:54.236+0000] {logging_mixin.py:188} INFO - [2025-05-09T13:02:54.235+0000] {dag.py:3096} INFO - Sync 1 DAGs
[2025-05-09T13:02:54.258+0000] {logging_mixin.py:188} INFO - [2025-05-09T13:02:54.258+0000] {dag.py:3954} INFO - Setting next_dagrun for example_trigger_controller_dag to 2021-01-01 00:00:00+00:00, run_after=2021-01-01 00:00:00+00:00
[2025-05-09T13:02:54.277+0000] {processor.py:183} INFO - Processing /home/airflow/.local/lib/python3.10/site-packages/airflow/example_dags/example_trigger_controller_dag.py took 0.085 seconds
[2025-05-09T13:03:25.596+0000] {processor.py:161} INFO - Started process (PID=3516) to work on /home/airflow/.local/lib/python3.10/site-packages/airflow/example_dags/example_trigger_controller_dag.py
[2025-05-09T13:03:25.597+0000] {processor.py:830} INFO - Processing file /home/airflow/.local/lib/python3.10/site-packages/airflow/example_dags/example_trigger_controller_dag.py for tasks to queue
[2025-05-09T13:03:25.599+0000] {logging_mixin.py:188} INFO - [2025-05-09T13:03:25.599+0000] {dagbag.py:545} INFO - Filling up the DagBag from /home/airflow/.local/lib/python3.10/site-packages/airflow/example_dags/example_trigger_controller_dag.py
[2025-05-09T13:03:25.605+0000] {processor.py:840} INFO - DAG(s) 'example_trigger_controller_dag' retrieved from /home/airflow/.local/lib/python3.10/site-packages/airflow/example_dags/example_trigger_controller_dag.py
[2025-05-09T13:03:25.628+0000] {logging_mixin.py:188} INFO - [2025-05-09T13:03:25.627+0000] {dag.py:3096} INFO - Sync 1 DAGs
[2025-05-09T13:03:25.650+0000] {logging_mixin.py:188} INFO - [2025-05-09T13:03:25.649+0000] {dag.py:3954} INFO - Setting next_dagrun for example_trigger_controller_dag to 2021-01-01 00:00:00+00:00, run_after=2021-01-01 00:00:00+00:00
[2025-05-09T13:03:25.672+0000] {processor.py:183} INFO - Processing /home/airflow/.local/lib/python3.10/site-packages/airflow/example_dags/example_trigger_controller_dag.py took 0.084 seconds
[2025-05-09T13:03:56.215+0000] {processor.py:161} INFO - Started process (PID=3778) to work on /home/airflow/.local/lib/python3.10/site-packages/airflow/example_dags/example_trigger_controller_dag.py
[2025-05-09T13:03:56.217+0000] {processor.py:830} INFO - Processing file /home/airflow/.local/lib/python3.10/site-packages/airflow/example_dags/example_trigger_controller_dag.py for tasks to queue
[2025-05-09T13:03:56.222+0000] {logging_mixin.py:188} INFO - [2025-05-09T13:03:56.222+0000] {dagbag.py:545} INFO - Filling up the DagBag from /home/airflow/.local/lib/python3.10/site-packages/airflow/example_dags/example_trigger_controller_dag.py
[2025-05-09T13:03:56.230+0000] {processor.py:840} INFO - DAG(s) 'example_trigger_controller_dag' retrieved from /home/airflow/.local/lib/python3.10/site-packages/airflow/example_dags/example_trigger_controller_dag.py
[2025-05-09T13:03:56.274+0000] {logging_mixin.py:188} INFO - [2025-05-09T13:03:56.274+0000] {dag.py:3096} INFO - Sync 1 DAGs
[2025-05-09T13:03:56.359+0000] {logging_mixin.py:188} INFO - [2025-05-09T13:03:56.359+0000] {dag.py:3954} INFO - Setting next_dagrun for example_trigger_controller_dag to 2021-01-01 00:00:00+00:00, run_after=2021-01-01 00:00:00+00:00
[2025-05-09T13:03:56.392+0000] {processor.py:183} INFO - Processing /home/airflow/.local/lib/python3.10/site-packages/airflow/example_dags/example_trigger_controller_dag.py took 0.184 seconds
[2025-05-09T15:43:50.759+0000] {processor.py:161} INFO - Started process (PID=4055) to work on /home/airflow/.local/lib/python3.10/site-packages/airflow/example_dags/example_trigger_controller_dag.py
[2025-05-09T15:43:50.777+0000] {processor.py:830} INFO - Processing file /home/airflow/.local/lib/python3.10/site-packages/airflow/example_dags/example_trigger_controller_dag.py for tasks to queue
[2025-05-09T15:43:50.780+0000] {logging_mixin.py:188} INFO - [2025-05-09T15:43:50.779+0000] {dagbag.py:545} INFO - Filling up the DagBag from /home/airflow/.local/lib/python3.10/site-packages/airflow/example_dags/example_trigger_controller_dag.py
[2025-05-09T15:43:50.791+0000] {processor.py:840} INFO - DAG(s) 'example_trigger_controller_dag' retrieved from /home/airflow/.local/lib/python3.10/site-packages/airflow/example_dags/example_trigger_controller_dag.py
[2025-05-09T15:43:50.835+0000] {logging_mixin.py:188} INFO - [2025-05-09T15:43:50.834+0000] {dag.py:3096} INFO - Sync 1 DAGs
[2025-05-09T15:43:50.868+0000] {logging_mixin.py:188} INFO - [2025-05-09T15:43:50.867+0000] {dag.py:3954} INFO - Setting next_dagrun for example_trigger_controller_dag to 2021-01-01 00:00:00+00:00, run_after=2021-01-01 00:00:00+00:00
[2025-05-09T15:43:50.983+0000] {processor.py:183} INFO - Processing /home/airflow/.local/lib/python3.10/site-packages/airflow/example_dags/example_trigger_controller_dag.py took 0.241 seconds
[2025-05-09T15:44:21.157+0000] {processor.py:161} INFO - Started process (PID=4317) to work on /home/airflow/.local/lib/python3.10/site-packages/airflow/example_dags/example_trigger_controller_dag.py
[2025-05-09T15:44:21.158+0000] {processor.py:830} INFO - Processing file /home/airflow/.local/lib/python3.10/site-packages/airflow/example_dags/example_trigger_controller_dag.py for tasks to queue
[2025-05-09T15:44:21.160+0000] {logging_mixin.py:188} INFO - [2025-05-09T15:44:21.160+0000] {dagbag.py:545} INFO - Filling up the DagBag from /home/airflow/.local/lib/python3.10/site-packages/airflow/example_dags/example_trigger_controller_dag.py
[2025-05-09T15:44:21.166+0000] {processor.py:840} INFO - DAG(s) 'example_trigger_controller_dag' retrieved from /home/airflow/.local/lib/python3.10/site-packages/airflow/example_dags/example_trigger_controller_dag.py
[2025-05-09T15:44:21.194+0000] {logging_mixin.py:188} INFO - [2025-05-09T15:44:21.194+0000] {dag.py:3096} INFO - Sync 1 DAGs
[2025-05-09T15:44:21.221+0000] {logging_mixin.py:188} INFO - [2025-05-09T15:44:21.220+0000] {dag.py:3954} INFO - Setting next_dagrun for example_trigger_controller_dag to 2021-01-01 00:00:00+00:00, run_after=2021-01-01 00:00:00+00:00
[2025-05-09T15:44:21.246+0000] {processor.py:183} INFO - Processing /home/airflow/.local/lib/python3.10/site-packages/airflow/example_dags/example_trigger_controller_dag.py took 0.098 seconds
[2025-05-09T15:44:52.024+0000] {processor.py:161} INFO - Started process (PID=4591) to work on /home/airflow/.local/lib/python3.10/site-packages/airflow/example_dags/example_trigger_controller_dag.py
[2025-05-09T15:44:52.025+0000] {processor.py:830} INFO - Processing file /home/airflow/.local/lib/python3.10/site-packages/airflow/example_dags/example_trigger_controller_dag.py for tasks to queue
[2025-05-09T15:44:52.029+0000] {logging_mixin.py:188} INFO - [2025-05-09T15:44:52.028+0000] {dagbag.py:545} INFO - Filling up the DagBag from /home/airflow/.local/lib/python3.10/site-packages/airflow/example_dags/example_trigger_controller_dag.py
[2025-05-09T15:44:52.037+0000] {processor.py:840} INFO - DAG(s) 'example_trigger_controller_dag' retrieved from /home/airflow/.local/lib/python3.10/site-packages/airflow/example_dags/example_trigger_controller_dag.py
[2025-05-09T15:44:52.065+0000] {logging_mixin.py:188} INFO - [2025-05-09T15:44:52.065+0000] {dag.py:3096} INFO - Sync 1 DAGs
[2025-05-09T15:44:52.095+0000] {logging_mixin.py:188} INFO - [2025-05-09T15:44:52.095+0000] {dag.py:3954} INFO - Setting next_dagrun for example_trigger_controller_dag to 2021-01-01 00:00:00+00:00, run_after=2021-01-01 00:00:00+00:00
[2025-05-09T15:44:52.135+0000] {processor.py:183} INFO - Processing /home/airflow/.local/lib/python3.10/site-packages/airflow/example_dags/example_trigger_controller_dag.py took 0.120 seconds
[2025-05-09T15:45:22.588+0000] {processor.py:161} INFO - Started process (PID=4859) to work on /home/airflow/.local/lib/python3.10/site-packages/airflow/example_dags/example_trigger_controller_dag.py
[2025-05-09T15:45:22.590+0000] {processor.py:830} INFO - Processing file /home/airflow/.local/lib/python3.10/site-packages/airflow/example_dags/example_trigger_controller_dag.py for tasks to queue
[2025-05-09T15:45:22.593+0000] {logging_mixin.py:188} INFO - [2025-05-09T15:45:22.592+0000] {dagbag.py:545} INFO - Filling up the DagBag from /home/airflow/.local/lib/python3.10/site-packages/airflow/example_dags/example_trigger_controller_dag.py
[2025-05-09T15:45:22.599+0000] {processor.py:840} INFO - DAG(s) 'example_trigger_controller_dag' retrieved from /home/airflow/.local/lib/python3.10/site-packages/airflow/example_dags/example_trigger_controller_dag.py
[2025-05-09T15:45:22.628+0000] {logging_mixin.py:188} INFO - [2025-05-09T15:45:22.628+0000] {dag.py:3096} INFO - Sync 1 DAGs
[2025-05-09T15:45:22.657+0000] {logging_mixin.py:188} INFO - [2025-05-09T15:45:22.657+0000] {dag.py:3954} INFO - Setting next_dagrun for example_trigger_controller_dag to 2021-01-01 00:00:00+00:00, run_after=2021-01-01 00:00:00+00:00
[2025-05-09T15:45:22.691+0000] {processor.py:183} INFO - Processing /home/airflow/.local/lib/python3.10/site-packages/airflow/example_dags/example_trigger_controller_dag.py took 0.112 seconds
[2025-05-09T15:45:53.452+0000] {processor.py:161} INFO - Started process (PID=5123) to work on /home/airflow/.local/lib/python3.10/site-packages/airflow/example_dags/example_trigger_controller_dag.py
[2025-05-09T15:45:53.454+0000] {processor.py:830} INFO - Processing file /home/airflow/.local/lib/python3.10/site-packages/airflow/example_dags/example_trigger_controller_dag.py for tasks to queue
[2025-05-09T15:45:53.458+0000] {logging_mixin.py:188} INFO - [2025-05-09T15:45:53.457+0000] {dagbag.py:545} INFO - Filling up the DagBag from /home/airflow/.local/lib/python3.10/site-packages/airflow/example_dags/example_trigger_controller_dag.py
[2025-05-09T15:45:53.466+0000] {processor.py:840} INFO - DAG(s) 'example_trigger_controller_dag' retrieved from /home/airflow/.local/lib/python3.10/site-packages/airflow/example_dags/example_trigger_controller_dag.py
[2025-05-09T15:45:53.500+0000] {logging_mixin.py:188} INFO - [2025-05-09T15:45:53.499+0000] {dag.py:3096} INFO - Sync 1 DAGs
[2025-05-09T15:45:53.537+0000] {logging_mixin.py:188} INFO - [2025-05-09T15:45:53.537+0000] {dag.py:3954} INFO - Setting next_dagrun for example_trigger_controller_dag to 2021-01-01 00:00:00+00:00, run_after=2021-01-01 00:00:00+00:00
[2025-05-09T15:45:53.577+0000] {processor.py:183} INFO - Processing /home/airflow/.local/lib/python3.10/site-packages/airflow/example_dags/example_trigger_controller_dag.py took 0.137 seconds
[2025-05-09T15:46:24.184+0000] {processor.py:161} INFO - Started process (PID=5392) to work on /home/airflow/.local/lib/python3.10/site-packages/airflow/example_dags/example_trigger_controller_dag.py
[2025-05-09T15:46:24.186+0000] {processor.py:830} INFO - Processing file /home/airflow/.local/lib/python3.10/site-packages/airflow/example_dags/example_trigger_controller_dag.py for tasks to queue
[2025-05-09T15:46:24.188+0000] {logging_mixin.py:188} INFO - [2025-05-09T15:46:24.187+0000] {dagbag.py:545} INFO - Filling up the DagBag from /home/airflow/.local/lib/python3.10/site-packages/airflow/example_dags/example_trigger_controller_dag.py
[2025-05-09T15:46:24.193+0000] {processor.py:840} INFO - DAG(s) 'example_trigger_controller_dag' retrieved from /home/airflow/.local/lib/python3.10/site-packages/airflow/example_dags/example_trigger_controller_dag.py
[2025-05-09T15:46:24.219+0000] {logging_mixin.py:188} INFO - [2025-05-09T15:46:24.218+0000] {dag.py:3096} INFO - Sync 1 DAGs
[2025-05-09T15:46:24.243+0000] {logging_mixin.py:188} INFO - [2025-05-09T15:46:24.243+0000] {dag.py:3954} INFO - Setting next_dagrun for example_trigger_controller_dag to 2021-01-01 00:00:00+00:00, run_after=2021-01-01 00:00:00+00:00
[2025-05-09T15:46:24.265+0000] {processor.py:183} INFO - Processing /home/airflow/.local/lib/python3.10/site-packages/airflow/example_dags/example_trigger_controller_dag.py took 0.088 seconds
[2025-05-09T15:46:54.904+0000] {processor.py:161} INFO - Started process (PID=5654) to work on /home/airflow/.local/lib/python3.10/site-packages/airflow/example_dags/example_trigger_controller_dag.py
[2025-05-09T15:46:54.906+0000] {processor.py:830} INFO - Processing file /home/airflow/.local/lib/python3.10/site-packages/airflow/example_dags/example_trigger_controller_dag.py for tasks to queue
[2025-05-09T15:46:54.908+0000] {logging_mixin.py:188} INFO - [2025-05-09T15:46:54.907+0000] {dagbag.py:545} INFO - Filling up the DagBag from /home/airflow/.local/lib/python3.10/site-packages/airflow/example_dags/example_trigger_controller_dag.py
[2025-05-09T15:46:54.915+0000] {processor.py:840} INFO - DAG(s) 'example_trigger_controller_dag' retrieved from /home/airflow/.local/lib/python3.10/site-packages/airflow/example_dags/example_trigger_controller_dag.py
[2025-05-09T15:46:54.939+0000] {logging_mixin.py:188} INFO - [2025-05-09T15:46:54.938+0000] {dag.py:3096} INFO - Sync 1 DAGs
[2025-05-09T15:46:54.960+0000] {logging_mixin.py:188} INFO - [2025-05-09T15:46:54.960+0000] {dag.py:3954} INFO - Setting next_dagrun for example_trigger_controller_dag to 2021-01-01 00:00:00+00:00, run_after=2021-01-01 00:00:00+00:00
[2025-05-09T15:46:54.984+0000] {processor.py:183} INFO - Processing /home/airflow/.local/lib/python3.10/site-packages/airflow/example_dags/example_trigger_controller_dag.py took 0.088 seconds
[2025-05-09T15:47:25.724+0000] {processor.py:161} INFO - Started process (PID=5918) to work on /home/airflow/.local/lib/python3.10/site-packages/airflow/example_dags/example_trigger_controller_dag.py
[2025-05-09T15:47:25.725+0000] {processor.py:830} INFO - Processing file /home/airflow/.local/lib/python3.10/site-packages/airflow/example_dags/example_trigger_controller_dag.py for tasks to queue
[2025-05-09T15:47:25.727+0000] {logging_mixin.py:188} INFO - [2025-05-09T15:47:25.727+0000] {dagbag.py:545} INFO - Filling up the DagBag from /home/airflow/.local/lib/python3.10/site-packages/airflow/example_dags/example_trigger_controller_dag.py
[2025-05-09T15:47:25.734+0000] {processor.py:840} INFO - DAG(s) 'example_trigger_controller_dag' retrieved from /home/airflow/.local/lib/python3.10/site-packages/airflow/example_dags/example_trigger_controller_dag.py
[2025-05-09T15:47:25.755+0000] {logging_mixin.py:188} INFO - [2025-05-09T15:47:25.755+0000] {dag.py:3096} INFO - Sync 1 DAGs
[2025-05-09T15:47:25.776+0000] {logging_mixin.py:188} INFO - [2025-05-09T15:47:25.775+0000] {dag.py:3954} INFO - Setting next_dagrun for example_trigger_controller_dag to 2021-01-01 00:00:00+00:00, run_after=2021-01-01 00:00:00+00:00
[2025-05-09T15:47:25.807+0000] {processor.py:183} INFO - Processing /home/airflow/.local/lib/python3.10/site-packages/airflow/example_dags/example_trigger_controller_dag.py took 0.090 seconds
[2025-05-09T15:47:56.029+0000] {processor.py:161} INFO - Started process (PID=6178) to work on /home/airflow/.local/lib/python3.10/site-packages/airflow/example_dags/example_trigger_controller_dag.py
[2025-05-09T15:47:56.031+0000] {processor.py:830} INFO - Processing file /home/airflow/.local/lib/python3.10/site-packages/airflow/example_dags/example_trigger_controller_dag.py for tasks to queue
[2025-05-09T15:47:56.033+0000] {logging_mixin.py:188} INFO - [2025-05-09T15:47:56.033+0000] {dagbag.py:545} INFO - Filling up the DagBag from /home/airflow/.local/lib/python3.10/site-packages/airflow/example_dags/example_trigger_controller_dag.py
[2025-05-09T15:47:56.039+0000] {processor.py:840} INFO - DAG(s) 'example_trigger_controller_dag' retrieved from /home/airflow/.local/lib/python3.10/site-packages/airflow/example_dags/example_trigger_controller_dag.py
[2025-05-09T15:47:56.064+0000] {logging_mixin.py:188} INFO - [2025-05-09T15:47:56.063+0000] {dag.py:3096} INFO - Sync 1 DAGs
[2025-05-09T15:47:56.093+0000] {logging_mixin.py:188} INFO - [2025-05-09T15:47:56.092+0000] {dag.py:3954} INFO - Setting next_dagrun for example_trigger_controller_dag to 2021-01-01 00:00:00+00:00, run_after=2021-01-01 00:00:00+00:00
[2025-05-09T15:47:56.115+0000] {processor.py:183} INFO - Processing /home/airflow/.local/lib/python3.10/site-packages/airflow/example_dags/example_trigger_controller_dag.py took 0.093 seconds
[2025-05-09T15:48:26.542+0000] {processor.py:161} INFO - Started process (PID=6453) to work on /home/airflow/.local/lib/python3.10/site-packages/airflow/example_dags/example_trigger_controller_dag.py
[2025-05-09T15:48:26.543+0000] {processor.py:830} INFO - Processing file /home/airflow/.local/lib/python3.10/site-packages/airflow/example_dags/example_trigger_controller_dag.py for tasks to queue
[2025-05-09T15:48:26.545+0000] {logging_mixin.py:188} INFO - [2025-05-09T15:48:26.545+0000] {dagbag.py:545} INFO - Filling up the DagBag from /home/airflow/.local/lib/python3.10/site-packages/airflow/example_dags/example_trigger_controller_dag.py
[2025-05-09T15:48:26.551+0000] {processor.py:840} INFO - DAG(s) 'example_trigger_controller_dag' retrieved from /home/airflow/.local/lib/python3.10/site-packages/airflow/example_dags/example_trigger_controller_dag.py
[2025-05-09T15:48:26.573+0000] {logging_mixin.py:188} INFO - [2025-05-09T15:48:26.572+0000] {dag.py:3096} INFO - Sync 1 DAGs
[2025-05-09T15:48:26.594+0000] {logging_mixin.py:188} INFO - [2025-05-09T15:48:26.594+0000] {dag.py:3954} INFO - Setting next_dagrun for example_trigger_controller_dag to 2021-01-01 00:00:00+00:00, run_after=2021-01-01 00:00:00+00:00
[2025-05-09T15:48:26.617+0000] {processor.py:183} INFO - Processing /home/airflow/.local/lib/python3.10/site-packages/airflow/example_dags/example_trigger_controller_dag.py took 0.082 seconds
[2025-05-09T15:48:57.392+0000] {processor.py:161} INFO - Started process (PID=6737) to work on /home/airflow/.local/lib/python3.10/site-packages/airflow/example_dags/example_trigger_controller_dag.py
[2025-05-09T15:48:57.393+0000] {processor.py:830} INFO - Processing file /home/airflow/.local/lib/python3.10/site-packages/airflow/example_dags/example_trigger_controller_dag.py for tasks to queue
[2025-05-09T15:48:57.395+0000] {logging_mixin.py:188} INFO - [2025-05-09T15:48:57.395+0000] {dagbag.py:545} INFO - Filling up the DagBag from /home/airflow/.local/lib/python3.10/site-packages/airflow/example_dags/example_trigger_controller_dag.py
[2025-05-09T15:48:57.402+0000] {processor.py:840} INFO - DAG(s) 'example_trigger_controller_dag' retrieved from /home/airflow/.local/lib/python3.10/site-packages/airflow/example_dags/example_trigger_controller_dag.py
[2025-05-09T15:48:57.427+0000] {logging_mixin.py:188} INFO - [2025-05-09T15:48:57.427+0000] {dag.py:3096} INFO - Sync 1 DAGs
[2025-05-09T15:48:57.456+0000] {logging_mixin.py:188} INFO - [2025-05-09T15:48:57.456+0000] {dag.py:3954} INFO - Setting next_dagrun for example_trigger_controller_dag to 2021-01-01 00:00:00+00:00, run_after=2021-01-01 00:00:00+00:00
[2025-05-09T15:48:57.483+0000] {processor.py:183} INFO - Processing /home/airflow/.local/lib/python3.10/site-packages/airflow/example_dags/example_trigger_controller_dag.py took 0.100 seconds
[2025-05-09T15:49:27.852+0000] {processor.py:161} INFO - Started process (PID=7011) to work on /home/airflow/.local/lib/python3.10/site-packages/airflow/example_dags/example_trigger_controller_dag.py
[2025-05-09T15:49:27.854+0000] {processor.py:830} INFO - Processing file /home/airflow/.local/lib/python3.10/site-packages/airflow/example_dags/example_trigger_controller_dag.py for tasks to queue
[2025-05-09T15:49:27.858+0000] {logging_mixin.py:188} INFO - [2025-05-09T15:49:27.857+0000] {dagbag.py:545} INFO - Filling up the DagBag from /home/airflow/.local/lib/python3.10/site-packages/airflow/example_dags/example_trigger_controller_dag.py
[2025-05-09T15:49:27.865+0000] {processor.py:840} INFO - DAG(s) 'example_trigger_controller_dag' retrieved from /home/airflow/.local/lib/python3.10/site-packages/airflow/example_dags/example_trigger_controller_dag.py
[2025-05-09T15:49:27.902+0000] {logging_mixin.py:188} INFO - [2025-05-09T15:49:27.902+0000] {dag.py:3096} INFO - Sync 1 DAGs
[2025-05-09T15:49:27.935+0000] {logging_mixin.py:188} INFO - [2025-05-09T15:49:27.935+0000] {dag.py:3954} INFO - Setting next_dagrun for example_trigger_controller_dag to 2021-01-01 00:00:00+00:00, run_after=2021-01-01 00:00:00+00:00
[2025-05-09T15:49:27.961+0000] {processor.py:183} INFO - Processing /home/airflow/.local/lib/python3.10/site-packages/airflow/example_dags/example_trigger_controller_dag.py took 0.120 seconds
[2025-05-09T15:49:58.276+0000] {processor.py:161} INFO - Started process (PID=7273) to work on /home/airflow/.local/lib/python3.10/site-packages/airflow/example_dags/example_trigger_controller_dag.py
[2025-05-09T15:49:58.278+0000] {processor.py:830} INFO - Processing file /home/airflow/.local/lib/python3.10/site-packages/airflow/example_dags/example_trigger_controller_dag.py for tasks to queue
[2025-05-09T15:49:58.281+0000] {logging_mixin.py:188} INFO - [2025-05-09T15:49:58.281+0000] {dagbag.py:545} INFO - Filling up the DagBag from /home/airflow/.local/lib/python3.10/site-packages/airflow/example_dags/example_trigger_controller_dag.py
[2025-05-09T15:49:58.294+0000] {processor.py:840} INFO - DAG(s) 'example_trigger_controller_dag' retrieved from /home/airflow/.local/lib/python3.10/site-packages/airflow/example_dags/example_trigger_controller_dag.py
[2025-05-09T15:49:58.330+0000] {logging_mixin.py:188} INFO - [2025-05-09T15:49:58.330+0000] {dag.py:3096} INFO - Sync 1 DAGs
[2025-05-09T15:49:58.365+0000] {logging_mixin.py:188} INFO - [2025-05-09T15:49:58.364+0000] {dag.py:3954} INFO - Setting next_dagrun for example_trigger_controller_dag to 2021-01-01 00:00:00+00:00, run_after=2021-01-01 00:00:00+00:00
[2025-05-09T15:49:58.396+0000] {processor.py:183} INFO - Processing /home/airflow/.local/lib/python3.10/site-packages/airflow/example_dags/example_trigger_controller_dag.py took 0.136 seconds
[2025-05-09T15:50:28.660+0000] {processor.py:161} INFO - Started process (PID=7543) to work on /home/airflow/.local/lib/python3.10/site-packages/airflow/example_dags/example_trigger_controller_dag.py
[2025-05-09T15:50:28.664+0000] {processor.py:830} INFO - Processing file /home/airflow/.local/lib/python3.10/site-packages/airflow/example_dags/example_trigger_controller_dag.py for tasks to queue
[2025-05-09T15:50:28.666+0000] {logging_mixin.py:188} INFO - [2025-05-09T15:50:28.666+0000] {dagbag.py:545} INFO - Filling up the DagBag from /home/airflow/.local/lib/python3.10/site-packages/airflow/example_dags/example_trigger_controller_dag.py
[2025-05-09T15:50:28.672+0000] {processor.py:840} INFO - DAG(s) 'example_trigger_controller_dag' retrieved from /home/airflow/.local/lib/python3.10/site-packages/airflow/example_dags/example_trigger_controller_dag.py
[2025-05-09T15:50:28.697+0000] {logging_mixin.py:188} INFO - [2025-05-09T15:50:28.696+0000] {dag.py:3096} INFO - Sync 1 DAGs
[2025-05-09T15:50:28.727+0000] {logging_mixin.py:188} INFO - [2025-05-09T15:50:28.727+0000] {dag.py:3954} INFO - Setting next_dagrun for example_trigger_controller_dag to 2021-01-01 00:00:00+00:00, run_after=2021-01-01 00:00:00+00:00
[2025-05-09T15:50:28.759+0000] {processor.py:183} INFO - Processing /home/airflow/.local/lib/python3.10/site-packages/airflow/example_dags/example_trigger_controller_dag.py took 0.107 seconds
[2025-05-09T15:50:58.903+0000] {processor.py:161} INFO - Started process (PID=7805) to work on /home/airflow/.local/lib/python3.10/site-packages/airflow/example_dags/example_trigger_controller_dag.py
[2025-05-09T15:50:58.905+0000] {processor.py:830} INFO - Processing file /home/airflow/.local/lib/python3.10/site-packages/airflow/example_dags/example_trigger_controller_dag.py for tasks to queue
[2025-05-09T15:50:58.909+0000] {logging_mixin.py:188} INFO - [2025-05-09T15:50:58.909+0000] {dagbag.py:545} INFO - Filling up the DagBag from /home/airflow/.local/lib/python3.10/site-packages/airflow/example_dags/example_trigger_controller_dag.py
[2025-05-09T15:50:58.916+0000] {processor.py:840} INFO - DAG(s) 'example_trigger_controller_dag' retrieved from /home/airflow/.local/lib/python3.10/site-packages/airflow/example_dags/example_trigger_controller_dag.py
[2025-05-09T15:50:58.942+0000] {logging_mixin.py:188} INFO - [2025-05-09T15:50:58.942+0000] {dag.py:3096} INFO - Sync 1 DAGs
[2025-05-09T15:50:58.966+0000] {logging_mixin.py:188} INFO - [2025-05-09T15:50:58.966+0000] {dag.py:3954} INFO - Setting next_dagrun for example_trigger_controller_dag to 2021-01-01 00:00:00+00:00, run_after=2021-01-01 00:00:00+00:00
[2025-05-09T15:50:59.003+0000] {processor.py:183} INFO - Processing /home/airflow/.local/lib/python3.10/site-packages/airflow/example_dags/example_trigger_controller_dag.py took 0.109 seconds
[2025-05-09T15:51:29.166+0000] {processor.py:161} INFO - Started process (PID=8074) to work on /home/airflow/.local/lib/python3.10/site-packages/airflow/example_dags/example_trigger_controller_dag.py
[2025-05-09T15:51:29.168+0000] {processor.py:830} INFO - Processing file /home/airflow/.local/lib/python3.10/site-packages/airflow/example_dags/example_trigger_controller_dag.py for tasks to queue
[2025-05-09T15:51:29.171+0000] {logging_mixin.py:188} INFO - [2025-05-09T15:51:29.171+0000] {dagbag.py:545} INFO - Filling up the DagBag from /home/airflow/.local/lib/python3.10/site-packages/airflow/example_dags/example_trigger_controller_dag.py
[2025-05-09T15:51:29.176+0000] {processor.py:840} INFO - DAG(s) 'example_trigger_controller_dag' retrieved from /home/airflow/.local/lib/python3.10/site-packages/airflow/example_dags/example_trigger_controller_dag.py
[2025-05-09T15:51:29.197+0000] {logging_mixin.py:188} INFO - [2025-05-09T15:51:29.196+0000] {dag.py:3096} INFO - Sync 1 DAGs
[2025-05-09T15:51:29.216+0000] {logging_mixin.py:188} INFO - [2025-05-09T15:51:29.216+0000] {dag.py:3954} INFO - Setting next_dagrun for example_trigger_controller_dag to 2021-01-01 00:00:00+00:00, run_after=2021-01-01 00:00:00+00:00
[2025-05-09T15:51:29.241+0000] {processor.py:183} INFO - Processing /home/airflow/.local/lib/python3.10/site-packages/airflow/example_dags/example_trigger_controller_dag.py took 0.081 seconds
[2025-05-09T15:51:59.404+0000] {processor.py:161} INFO - Started process (PID=8336) to work on /home/airflow/.local/lib/python3.10/site-packages/airflow/example_dags/example_trigger_controller_dag.py
[2025-05-09T15:51:59.406+0000] {processor.py:830} INFO - Processing file /home/airflow/.local/lib/python3.10/site-packages/airflow/example_dags/example_trigger_controller_dag.py for tasks to queue
[2025-05-09T15:51:59.409+0000] {logging_mixin.py:188} INFO - [2025-05-09T15:51:59.408+0000] {dagbag.py:545} INFO - Filling up the DagBag from /home/airflow/.local/lib/python3.10/site-packages/airflow/example_dags/example_trigger_controller_dag.py
[2025-05-09T15:51:59.415+0000] {processor.py:840} INFO - DAG(s) 'example_trigger_controller_dag' retrieved from /home/airflow/.local/lib/python3.10/site-packages/airflow/example_dags/example_trigger_controller_dag.py
[2025-05-09T15:51:59.444+0000] {logging_mixin.py:188} INFO - [2025-05-09T15:51:59.443+0000] {dag.py:3096} INFO - Sync 1 DAGs
[2025-05-09T15:51:59.472+0000] {logging_mixin.py:188} INFO - [2025-05-09T15:51:59.472+0000] {dag.py:3954} INFO - Setting next_dagrun for example_trigger_controller_dag to 2021-01-01 00:00:00+00:00, run_after=2021-01-01 00:00:00+00:00
[2025-05-09T15:51:59.499+0000] {processor.py:183} INFO - Processing /home/airflow/.local/lib/python3.10/site-packages/airflow/example_dags/example_trigger_controller_dag.py took 0.104 seconds
[2025-05-09T15:52:30.481+0000] {processor.py:161} INFO - Started process (PID=8604) to work on /home/airflow/.local/lib/python3.10/site-packages/airflow/example_dags/example_trigger_controller_dag.py
[2025-05-09T15:52:30.483+0000] {processor.py:830} INFO - Processing file /home/airflow/.local/lib/python3.10/site-packages/airflow/example_dags/example_trigger_controller_dag.py for tasks to queue
[2025-05-09T15:52:30.484+0000] {logging_mixin.py:188} INFO - [2025-05-09T15:52:30.484+0000] {dagbag.py:545} INFO - Filling up the DagBag from /home/airflow/.local/lib/python3.10/site-packages/airflow/example_dags/example_trigger_controller_dag.py
[2025-05-09T15:52:30.489+0000] {processor.py:840} INFO - DAG(s) 'example_trigger_controller_dag' retrieved from /home/airflow/.local/lib/python3.10/site-packages/airflow/example_dags/example_trigger_controller_dag.py
[2025-05-09T15:52:30.515+0000] {logging_mixin.py:188} INFO - [2025-05-09T15:52:30.515+0000] {dag.py:3096} INFO - Sync 1 DAGs
[2025-05-09T15:52:30.539+0000] {logging_mixin.py:188} INFO - [2025-05-09T15:52:30.538+0000] {dag.py:3954} INFO - Setting next_dagrun for example_trigger_controller_dag to 2021-01-01 00:00:00+00:00, run_after=2021-01-01 00:00:00+00:00
[2025-05-09T15:52:30.568+0000] {processor.py:183} INFO - Processing /home/airflow/.local/lib/python3.10/site-packages/airflow/example_dags/example_trigger_controller_dag.py took 0.097 seconds
[2025-05-09T15:53:01.389+0000] {processor.py:161} INFO - Started process (PID=8863) to work on /home/airflow/.local/lib/python3.10/site-packages/airflow/example_dags/example_trigger_controller_dag.py
[2025-05-09T15:53:01.391+0000] {processor.py:830} INFO - Processing file /home/airflow/.local/lib/python3.10/site-packages/airflow/example_dags/example_trigger_controller_dag.py for tasks to queue
[2025-05-09T15:53:01.396+0000] {logging_mixin.py:188} INFO - [2025-05-09T15:53:01.395+0000] {dagbag.py:545} INFO - Filling up the DagBag from /home/airflow/.local/lib/python3.10/site-packages/airflow/example_dags/example_trigger_controller_dag.py
[2025-05-09T15:53:01.402+0000] {processor.py:840} INFO - DAG(s) 'example_trigger_controller_dag' retrieved from /home/airflow/.local/lib/python3.10/site-packages/airflow/example_dags/example_trigger_controller_dag.py
[2025-05-09T15:53:01.437+0000] {logging_mixin.py:188} INFO - [2025-05-09T15:53:01.437+0000] {dag.py:3096} INFO - Sync 1 DAGs
[2025-05-09T15:53:01.463+0000] {logging_mixin.py:188} INFO - [2025-05-09T15:53:01.463+0000] {dag.py:3954} INFO - Setting next_dagrun for example_trigger_controller_dag to 2021-01-01 00:00:00+00:00, run_after=2021-01-01 00:00:00+00:00
[2025-05-09T15:53:01.492+0000] {processor.py:183} INFO - Processing /home/airflow/.local/lib/python3.10/site-packages/airflow/example_dags/example_trigger_controller_dag.py took 0.110 seconds
[2025-05-09T15:53:32.262+0000] {processor.py:161} INFO - Started process (PID=9137) to work on /home/airflow/.local/lib/python3.10/site-packages/airflow/example_dags/example_trigger_controller_dag.py
[2025-05-09T15:53:32.265+0000] {processor.py:830} INFO - Processing file /home/airflow/.local/lib/python3.10/site-packages/airflow/example_dags/example_trigger_controller_dag.py for tasks to queue
[2025-05-09T15:53:32.269+0000] {logging_mixin.py:188} INFO - [2025-05-09T15:53:32.268+0000] {dagbag.py:545} INFO - Filling up the DagBag from /home/airflow/.local/lib/python3.10/site-packages/airflow/example_dags/example_trigger_controller_dag.py
[2025-05-09T15:53:32.279+0000] {processor.py:840} INFO - DAG(s) 'example_trigger_controller_dag' retrieved from /home/airflow/.local/lib/python3.10/site-packages/airflow/example_dags/example_trigger_controller_dag.py
[2025-05-09T15:53:32.312+0000] {logging_mixin.py:188} INFO - [2025-05-09T15:53:32.312+0000] {dag.py:3096} INFO - Sync 1 DAGs
[2025-05-09T15:53:32.342+0000] {logging_mixin.py:188} INFO - [2025-05-09T15:53:32.342+0000] {dag.py:3954} INFO - Setting next_dagrun for example_trigger_controller_dag to 2021-01-01 00:00:00+00:00, run_after=2021-01-01 00:00:00+00:00
[2025-05-09T15:53:32.377+0000] {processor.py:183} INFO - Processing /home/airflow/.local/lib/python3.10/site-packages/airflow/example_dags/example_trigger_controller_dag.py took 0.124 seconds
[2025-05-09T15:54:02.515+0000] {processor.py:161} INFO - Started process (PID=9416) to work on /home/airflow/.local/lib/python3.10/site-packages/airflow/example_dags/example_trigger_controller_dag.py
[2025-05-09T15:54:02.517+0000] {processor.py:830} INFO - Processing file /home/airflow/.local/lib/python3.10/site-packages/airflow/example_dags/example_trigger_controller_dag.py for tasks to queue
[2025-05-09T15:54:02.520+0000] {logging_mixin.py:188} INFO - [2025-05-09T15:54:02.519+0000] {dagbag.py:545} INFO - Filling up the DagBag from /home/airflow/.local/lib/python3.10/site-packages/airflow/example_dags/example_trigger_controller_dag.py
[2025-05-09T15:54:02.526+0000] {processor.py:840} INFO - DAG(s) 'example_trigger_controller_dag' retrieved from /home/airflow/.local/lib/python3.10/site-packages/airflow/example_dags/example_trigger_controller_dag.py
[2025-05-09T15:54:02.552+0000] {logging_mixin.py:188} INFO - [2025-05-09T15:54:02.552+0000] {dag.py:3096} INFO - Sync 1 DAGs
[2025-05-09T15:54:02.576+0000] {logging_mixin.py:188} INFO - [2025-05-09T15:54:02.575+0000] {dag.py:3954} INFO - Setting next_dagrun for example_trigger_controller_dag to 2021-01-01 00:00:00+00:00, run_after=2021-01-01 00:00:00+00:00
[2025-05-09T15:54:02.606+0000] {processor.py:183} INFO - Processing /home/airflow/.local/lib/python3.10/site-packages/airflow/example_dags/example_trigger_controller_dag.py took 0.098 seconds
[2025-05-09T15:54:33.120+0000] {processor.py:161} INFO - Started process (PID=9685) to work on /home/airflow/.local/lib/python3.10/site-packages/airflow/example_dags/example_trigger_controller_dag.py
[2025-05-09T15:54:33.122+0000] {processor.py:830} INFO - Processing file /home/airflow/.local/lib/python3.10/site-packages/airflow/example_dags/example_trigger_controller_dag.py for tasks to queue
[2025-05-09T15:54:33.126+0000] {logging_mixin.py:188} INFO - [2025-05-09T15:54:33.126+0000] {dagbag.py:545} INFO - Filling up the DagBag from /home/airflow/.local/lib/python3.10/site-packages/airflow/example_dags/example_trigger_controller_dag.py
[2025-05-09T15:54:33.134+0000] {processor.py:840} INFO - DAG(s) 'example_trigger_controller_dag' retrieved from /home/airflow/.local/lib/python3.10/site-packages/airflow/example_dags/example_trigger_controller_dag.py
[2025-05-09T15:54:33.166+0000] {logging_mixin.py:188} INFO - [2025-05-09T15:54:33.165+0000] {dag.py:3096} INFO - Sync 1 DAGs
[2025-05-09T15:54:33.194+0000] {logging_mixin.py:188} INFO - [2025-05-09T15:54:33.194+0000] {dag.py:3954} INFO - Setting next_dagrun for example_trigger_controller_dag to 2021-01-01 00:00:00+00:00, run_after=2021-01-01 00:00:00+00:00
[2025-05-09T15:54:33.225+0000] {processor.py:183} INFO - Processing /home/airflow/.local/lib/python3.10/site-packages/airflow/example_dags/example_trigger_controller_dag.py took 0.113 seconds
[2025-05-09T15:55:03.759+0000] {processor.py:161} INFO - Started process (PID=9953) to work on /home/airflow/.local/lib/python3.10/site-packages/airflow/example_dags/example_trigger_controller_dag.py
[2025-05-09T15:55:03.761+0000] {processor.py:830} INFO - Processing file /home/airflow/.local/lib/python3.10/site-packages/airflow/example_dags/example_trigger_controller_dag.py for tasks to queue
[2025-05-09T15:55:03.763+0000] {logging_mixin.py:188} INFO - [2025-05-09T15:55:03.763+0000] {dagbag.py:545} INFO - Filling up the DagBag from /home/airflow/.local/lib/python3.10/site-packages/airflow/example_dags/example_trigger_controller_dag.py
[2025-05-09T15:55:03.768+0000] {processor.py:840} INFO - DAG(s) 'example_trigger_controller_dag' retrieved from /home/airflow/.local/lib/python3.10/site-packages/airflow/example_dags/example_trigger_controller_dag.py
[2025-05-09T15:55:03.789+0000] {logging_mixin.py:188} INFO - [2025-05-09T15:55:03.789+0000] {dag.py:3096} INFO - Sync 1 DAGs
[2025-05-09T15:55:03.809+0000] {logging_mixin.py:188} INFO - [2025-05-09T15:55:03.809+0000] {dag.py:3954} INFO - Setting next_dagrun for example_trigger_controller_dag to 2021-01-01 00:00:00+00:00, run_after=2021-01-01 00:00:00+00:00
[2025-05-09T15:55:03.832+0000] {processor.py:183} INFO - Processing /home/airflow/.local/lib/python3.10/site-packages/airflow/example_dags/example_trigger_controller_dag.py took 0.080 seconds
[2025-05-09T15:55:34.952+0000] {processor.py:161} INFO - Started process (PID=10228) to work on /home/airflow/.local/lib/python3.10/site-packages/airflow/example_dags/example_trigger_controller_dag.py
[2025-05-09T15:55:34.954+0000] {processor.py:830} INFO - Processing file /home/airflow/.local/lib/python3.10/site-packages/airflow/example_dags/example_trigger_controller_dag.py for tasks to queue
[2025-05-09T15:55:34.958+0000] {logging_mixin.py:188} INFO - [2025-05-09T15:55:34.958+0000] {dagbag.py:545} INFO - Filling up the DagBag from /home/airflow/.local/lib/python3.10/site-packages/airflow/example_dags/example_trigger_controller_dag.py
[2025-05-09T15:55:34.964+0000] {processor.py:840} INFO - DAG(s) 'example_trigger_controller_dag' retrieved from /home/airflow/.local/lib/python3.10/site-packages/airflow/example_dags/example_trigger_controller_dag.py
[2025-05-09T15:55:34.986+0000] {logging_mixin.py:188} INFO - [2025-05-09T15:55:34.986+0000] {dag.py:3096} INFO - Sync 1 DAGs
[2025-05-09T15:55:35.010+0000] {logging_mixin.py:188} INFO - [2025-05-09T15:55:35.009+0000] {dag.py:3954} INFO - Setting next_dagrun for example_trigger_controller_dag to 2021-01-01 00:00:00+00:00, run_after=2021-01-01 00:00:00+00:00
[2025-05-09T15:55:35.029+0000] {processor.py:183} INFO - Processing /home/airflow/.local/lib/python3.10/site-packages/airflow/example_dags/example_trigger_controller_dag.py took 0.085 seconds
[2025-05-09T15:56:05.839+0000] {processor.py:161} INFO - Started process (PID=10502) to work on /home/airflow/.local/lib/python3.10/site-packages/airflow/example_dags/example_trigger_controller_dag.py
[2025-05-09T15:56:05.841+0000] {processor.py:830} INFO - Processing file /home/airflow/.local/lib/python3.10/site-packages/airflow/example_dags/example_trigger_controller_dag.py for tasks to queue
[2025-05-09T15:56:05.843+0000] {logging_mixin.py:188} INFO - [2025-05-09T15:56:05.843+0000] {dagbag.py:545} INFO - Filling up the DagBag from /home/airflow/.local/lib/python3.10/site-packages/airflow/example_dags/example_trigger_controller_dag.py
[2025-05-09T15:56:05.852+0000] {processor.py:840} INFO - DAG(s) 'example_trigger_controller_dag' retrieved from /home/airflow/.local/lib/python3.10/site-packages/airflow/example_dags/example_trigger_controller_dag.py
[2025-05-09T15:56:05.880+0000] {logging_mixin.py:188} INFO - [2025-05-09T15:56:05.880+0000] {dag.py:3096} INFO - Sync 1 DAGs
[2025-05-09T15:56:05.912+0000] {logging_mixin.py:188} INFO - [2025-05-09T15:56:05.911+0000] {dag.py:3954} INFO - Setting next_dagrun for example_trigger_controller_dag to 2021-01-01 00:00:00+00:00, run_after=2021-01-01 00:00:00+00:00
[2025-05-09T15:56:05.948+0000] {processor.py:183} INFO - Processing /home/airflow/.local/lib/python3.10/site-packages/airflow/example_dags/example_trigger_controller_dag.py took 0.116 seconds
[2025-05-09T15:56:36.769+0000] {processor.py:161} INFO - Started process (PID=10766) to work on /home/airflow/.local/lib/python3.10/site-packages/airflow/example_dags/example_trigger_controller_dag.py
[2025-05-09T15:56:36.771+0000] {processor.py:830} INFO - Processing file /home/airflow/.local/lib/python3.10/site-packages/airflow/example_dags/example_trigger_controller_dag.py for tasks to queue
[2025-05-09T15:56:36.773+0000] {logging_mixin.py:188} INFO - [2025-05-09T15:56:36.772+0000] {dagbag.py:545} INFO - Filling up the DagBag from /home/airflow/.local/lib/python3.10/site-packages/airflow/example_dags/example_trigger_controller_dag.py
[2025-05-09T15:56:36.777+0000] {processor.py:840} INFO - DAG(s) 'example_trigger_controller_dag' retrieved from /home/airflow/.local/lib/python3.10/site-packages/airflow/example_dags/example_trigger_controller_dag.py
[2025-05-09T15:56:36.798+0000] {logging_mixin.py:188} INFO - [2025-05-09T15:56:36.798+0000] {dag.py:3096} INFO - Sync 1 DAGs
[2025-05-09T15:56:36.817+0000] {logging_mixin.py:188} INFO - [2025-05-09T15:56:36.817+0000] {dag.py:3954} INFO - Setting next_dagrun for example_trigger_controller_dag to 2021-01-01 00:00:00+00:00, run_after=2021-01-01 00:00:00+00:00
[2025-05-09T15:56:36.839+0000] {processor.py:183} INFO - Processing /home/airflow/.local/lib/python3.10/site-packages/airflow/example_dags/example_trigger_controller_dag.py took 0.075 seconds
[2025-05-09T15:57:07.232+0000] {processor.py:161} INFO - Started process (PID=11037) to work on /home/airflow/.local/lib/python3.10/site-packages/airflow/example_dags/example_trigger_controller_dag.py
[2025-05-09T15:57:07.234+0000] {processor.py:830} INFO - Processing file /home/airflow/.local/lib/python3.10/site-packages/airflow/example_dags/example_trigger_controller_dag.py for tasks to queue
[2025-05-09T15:57:07.235+0000] {logging_mixin.py:188} INFO - [2025-05-09T15:57:07.235+0000] {dagbag.py:545} INFO - Filling up the DagBag from /home/airflow/.local/lib/python3.10/site-packages/airflow/example_dags/example_trigger_controller_dag.py
[2025-05-09T15:57:07.240+0000] {processor.py:840} INFO - DAG(s) 'example_trigger_controller_dag' retrieved from /home/airflow/.local/lib/python3.10/site-packages/airflow/example_dags/example_trigger_controller_dag.py
[2025-05-09T15:57:07.268+0000] {logging_mixin.py:188} INFO - [2025-05-09T15:57:07.268+0000] {dag.py:3096} INFO - Sync 1 DAGs
[2025-05-09T15:57:07.294+0000] {logging_mixin.py:188} INFO - [2025-05-09T15:57:07.294+0000] {dag.py:3954} INFO - Setting next_dagrun for example_trigger_controller_dag to 2021-01-01 00:00:00+00:00, run_after=2021-01-01 00:00:00+00:00
[2025-05-09T15:57:07.323+0000] {processor.py:183} INFO - Processing /home/airflow/.local/lib/python3.10/site-packages/airflow/example_dags/example_trigger_controller_dag.py took 0.097 seconds
[2025-05-09T15:57:37.371+0000] {processor.py:161} INFO - Started process (PID=11296) to work on /home/airflow/.local/lib/python3.10/site-packages/airflow/example_dags/example_trigger_controller_dag.py
[2025-05-09T15:57:37.373+0000] {processor.py:830} INFO - Processing file /home/airflow/.local/lib/python3.10/site-packages/airflow/example_dags/example_trigger_controller_dag.py for tasks to queue
[2025-05-09T15:57:37.374+0000] {logging_mixin.py:188} INFO - [2025-05-09T15:57:37.374+0000] {dagbag.py:545} INFO - Filling up the DagBag from /home/airflow/.local/lib/python3.10/site-packages/airflow/example_dags/example_trigger_controller_dag.py
[2025-05-09T15:57:37.379+0000] {processor.py:840} INFO - DAG(s) 'example_trigger_controller_dag' retrieved from /home/airflow/.local/lib/python3.10/site-packages/airflow/example_dags/example_trigger_controller_dag.py
[2025-05-09T15:57:37.395+0000] {logging_mixin.py:188} INFO - [2025-05-09T15:57:37.395+0000] {dag.py:3096} INFO - Sync 1 DAGs
[2025-05-09T15:57:37.412+0000] {logging_mixin.py:188} INFO - [2025-05-09T15:57:37.412+0000] {dag.py:3954} INFO - Setting next_dagrun for example_trigger_controller_dag to 2021-01-01 00:00:00+00:00, run_after=2021-01-01 00:00:00+00:00
[2025-05-09T15:57:37.427+0000] {processor.py:183} INFO - Processing /home/airflow/.local/lib/python3.10/site-packages/airflow/example_dags/example_trigger_controller_dag.py took 0.061 seconds
[2025-05-09T15:58:07.948+0000] {processor.py:161} INFO - Started process (PID=11572) to work on /home/airflow/.local/lib/python3.10/site-packages/airflow/example_dags/example_trigger_controller_dag.py
[2025-05-09T15:58:07.949+0000] {processor.py:830} INFO - Processing file /home/airflow/.local/lib/python3.10/site-packages/airflow/example_dags/example_trigger_controller_dag.py for tasks to queue
[2025-05-09T15:58:07.951+0000] {logging_mixin.py:188} INFO - [2025-05-09T15:58:07.951+0000] {dagbag.py:545} INFO - Filling up the DagBag from /home/airflow/.local/lib/python3.10/site-packages/airflow/example_dags/example_trigger_controller_dag.py
[2025-05-09T15:58:07.956+0000] {processor.py:840} INFO - DAG(s) 'example_trigger_controller_dag' retrieved from /home/airflow/.local/lib/python3.10/site-packages/airflow/example_dags/example_trigger_controller_dag.py
[2025-05-09T15:58:07.974+0000] {logging_mixin.py:188} INFO - [2025-05-09T15:58:07.973+0000] {dag.py:3096} INFO - Sync 1 DAGs
[2025-05-09T15:58:07.993+0000] {logging_mixin.py:188} INFO - [2025-05-09T15:58:07.992+0000] {dag.py:3954} INFO - Setting next_dagrun for example_trigger_controller_dag to 2021-01-01 00:00:00+00:00, run_after=2021-01-01 00:00:00+00:00
[2025-05-09T15:58:08.011+0000] {processor.py:183} INFO - Processing /home/airflow/.local/lib/python3.10/site-packages/airflow/example_dags/example_trigger_controller_dag.py took 0.069 seconds
[2025-05-09T15:58:38.432+0000] {processor.py:161} INFO - Started process (PID=11834) to work on /home/airflow/.local/lib/python3.10/site-packages/airflow/example_dags/example_trigger_controller_dag.py
[2025-05-09T15:58:38.434+0000] {processor.py:830} INFO - Processing file /home/airflow/.local/lib/python3.10/site-packages/airflow/example_dags/example_trigger_controller_dag.py for tasks to queue
[2025-05-09T15:58:38.438+0000] {logging_mixin.py:188} INFO - [2025-05-09T15:58:38.438+0000] {dagbag.py:545} INFO - Filling up the DagBag from /home/airflow/.local/lib/python3.10/site-packages/airflow/example_dags/example_trigger_controller_dag.py
[2025-05-09T15:58:38.446+0000] {processor.py:840} INFO - DAG(s) 'example_trigger_controller_dag' retrieved from /home/airflow/.local/lib/python3.10/site-packages/airflow/example_dags/example_trigger_controller_dag.py
[2025-05-09T15:58:38.481+0000] {logging_mixin.py:188} INFO - [2025-05-09T15:58:38.481+0000] {dag.py:3096} INFO - Sync 1 DAGs
[2025-05-09T15:58:38.515+0000] {logging_mixin.py:188} INFO - [2025-05-09T15:58:38.514+0000] {dag.py:3954} INFO - Setting next_dagrun for example_trigger_controller_dag to 2021-01-01 00:00:00+00:00, run_after=2021-01-01 00:00:00+00:00
[2025-05-09T15:58:38.543+0000] {processor.py:183} INFO - Processing /home/airflow/.local/lib/python3.10/site-packages/airflow/example_dags/example_trigger_controller_dag.py took 0.121 seconds
[2025-05-09T15:59:08.865+0000] {processor.py:161} INFO - Started process (PID=12105) to work on /home/airflow/.local/lib/python3.10/site-packages/airflow/example_dags/example_trigger_controller_dag.py
[2025-05-09T15:59:08.867+0000] {processor.py:830} INFO - Processing file /home/airflow/.local/lib/python3.10/site-packages/airflow/example_dags/example_trigger_controller_dag.py for tasks to queue
[2025-05-09T15:59:08.878+0000] {logging_mixin.py:188} INFO - [2025-05-09T15:59:08.873+0000] {dagbag.py:545} INFO - Filling up the DagBag from /home/airflow/.local/lib/python3.10/site-packages/airflow/example_dags/example_trigger_controller_dag.py
[2025-05-09T15:59:08.888+0000] {processor.py:840} INFO - DAG(s) 'example_trigger_controller_dag' retrieved from /home/airflow/.local/lib/python3.10/site-packages/airflow/example_dags/example_trigger_controller_dag.py
[2025-05-09T15:59:08.922+0000] {logging_mixin.py:188} INFO - [2025-05-09T15:59:08.921+0000] {dag.py:3096} INFO - Sync 1 DAGs
[2025-05-09T15:59:08.955+0000] {logging_mixin.py:188} INFO - [2025-05-09T15:59:08.954+0000] {dag.py:3954} INFO - Setting next_dagrun for example_trigger_controller_dag to 2021-01-01 00:00:00+00:00, run_after=2021-01-01 00:00:00+00:00
[2025-05-09T15:59:08.988+0000] {processor.py:183} INFO - Processing /home/airflow/.local/lib/python3.10/site-packages/airflow/example_dags/example_trigger_controller_dag.py took 0.133 seconds
[2025-05-09T15:59:39.129+0000] {processor.py:161} INFO - Started process (PID=12367) to work on /home/airflow/.local/lib/python3.10/site-packages/airflow/example_dags/example_trigger_controller_dag.py
[2025-05-09T15:59:39.131+0000] {processor.py:830} INFO - Processing file /home/airflow/.local/lib/python3.10/site-packages/airflow/example_dags/example_trigger_controller_dag.py for tasks to queue
[2025-05-09T15:59:39.133+0000] {logging_mixin.py:188} INFO - [2025-05-09T15:59:39.133+0000] {dagbag.py:545} INFO - Filling up the DagBag from /home/airflow/.local/lib/python3.10/site-packages/airflow/example_dags/example_trigger_controller_dag.py
[2025-05-09T15:59:39.139+0000] {processor.py:840} INFO - DAG(s) 'example_trigger_controller_dag' retrieved from /home/airflow/.local/lib/python3.10/site-packages/airflow/example_dags/example_trigger_controller_dag.py
[2025-05-09T15:59:39.162+0000] {logging_mixin.py:188} INFO - [2025-05-09T15:59:39.162+0000] {dag.py:3096} INFO - Sync 1 DAGs
[2025-05-09T15:59:39.188+0000] {logging_mixin.py:188} INFO - [2025-05-09T15:59:39.188+0000] {dag.py:3954} INFO - Setting next_dagrun for example_trigger_controller_dag to 2021-01-01 00:00:00+00:00, run_after=2021-01-01 00:00:00+00:00
[2025-05-09T15:59:39.221+0000] {processor.py:183} INFO - Processing /home/airflow/.local/lib/python3.10/site-packages/airflow/example_dags/example_trigger_controller_dag.py took 0.098 seconds
[2025-05-09T16:00:09.713+0000] {processor.py:161} INFO - Started process (PID=12664) to work on /home/airflow/.local/lib/python3.10/site-packages/airflow/example_dags/example_trigger_controller_dag.py
[2025-05-09T16:00:09.716+0000] {processor.py:830} INFO - Processing file /home/airflow/.local/lib/python3.10/site-packages/airflow/example_dags/example_trigger_controller_dag.py for tasks to queue
[2025-05-09T16:00:09.718+0000] {logging_mixin.py:188} INFO - [2025-05-09T16:00:09.718+0000] {dagbag.py:545} INFO - Filling up the DagBag from /home/airflow/.local/lib/python3.10/site-packages/airflow/example_dags/example_trigger_controller_dag.py
[2025-05-09T16:00:09.724+0000] {processor.py:840} INFO - DAG(s) 'example_trigger_controller_dag' retrieved from /home/airflow/.local/lib/python3.10/site-packages/airflow/example_dags/example_trigger_controller_dag.py
[2025-05-09T16:00:09.751+0000] {logging_mixin.py:188} INFO - [2025-05-09T16:00:09.751+0000] {dag.py:3096} INFO - Sync 1 DAGs
[2025-05-09T16:00:09.778+0000] {logging_mixin.py:188} INFO - [2025-05-09T16:00:09.778+0000] {dag.py:3954} INFO - Setting next_dagrun for example_trigger_controller_dag to 2021-01-01 00:00:00+00:00, run_after=2021-01-01 00:00:00+00:00
[2025-05-09T16:00:09.809+0000] {processor.py:183} INFO - Processing /home/airflow/.local/lib/python3.10/site-packages/airflow/example_dags/example_trigger_controller_dag.py took 0.102 seconds
[2025-05-09T16:00:40.409+0000] {processor.py:161} INFO - Started process (PID=12959) to work on /home/airflow/.local/lib/python3.10/site-packages/airflow/example_dags/example_trigger_controller_dag.py
[2025-05-09T16:00:40.411+0000] {processor.py:830} INFO - Processing file /home/airflow/.local/lib/python3.10/site-packages/airflow/example_dags/example_trigger_controller_dag.py for tasks to queue
[2025-05-09T16:00:40.414+0000] {logging_mixin.py:188} INFO - [2025-05-09T16:00:40.413+0000] {dagbag.py:545} INFO - Filling up the DagBag from /home/airflow/.local/lib/python3.10/site-packages/airflow/example_dags/example_trigger_controller_dag.py
[2025-05-09T16:00:40.419+0000] {processor.py:840} INFO - DAG(s) 'example_trigger_controller_dag' retrieved from /home/airflow/.local/lib/python3.10/site-packages/airflow/example_dags/example_trigger_controller_dag.py
[2025-05-09T16:00:40.444+0000] {logging_mixin.py:188} INFO - [2025-05-09T16:00:40.443+0000] {dag.py:3096} INFO - Sync 1 DAGs
[2025-05-09T16:00:40.470+0000] {logging_mixin.py:188} INFO - [2025-05-09T16:00:40.470+0000] {dag.py:3954} INFO - Setting next_dagrun for example_trigger_controller_dag to 2021-01-01 00:00:00+00:00, run_after=2021-01-01 00:00:00+00:00
[2025-05-09T16:00:40.497+0000] {processor.py:183} INFO - Processing /home/airflow/.local/lib/python3.10/site-packages/airflow/example_dags/example_trigger_controller_dag.py took 0.095 seconds
[2025-05-09T16:01:10.772+0000] {processor.py:161} INFO - Started process (PID=13240) to work on /home/airflow/.local/lib/python3.10/site-packages/airflow/example_dags/example_trigger_controller_dag.py
[2025-05-09T16:01:10.774+0000] {processor.py:830} INFO - Processing file /home/airflow/.local/lib/python3.10/site-packages/airflow/example_dags/example_trigger_controller_dag.py for tasks to queue
[2025-05-09T16:01:10.776+0000] {logging_mixin.py:188} INFO - [2025-05-09T16:01:10.775+0000] {dagbag.py:545} INFO - Filling up the DagBag from /home/airflow/.local/lib/python3.10/site-packages/airflow/example_dags/example_trigger_controller_dag.py
[2025-05-09T16:01:10.781+0000] {processor.py:840} INFO - DAG(s) 'example_trigger_controller_dag' retrieved from /home/airflow/.local/lib/python3.10/site-packages/airflow/example_dags/example_trigger_controller_dag.py
[2025-05-09T16:01:10.804+0000] {logging_mixin.py:188} INFO - [2025-05-09T16:01:10.804+0000] {dag.py:3096} INFO - Sync 1 DAGs
[2025-05-09T16:01:10.832+0000] {logging_mixin.py:188} INFO - [2025-05-09T16:01:10.832+0000] {dag.py:3954} INFO - Setting next_dagrun for example_trigger_controller_dag to 2021-01-01 00:00:00+00:00, run_after=2021-01-01 00:00:00+00:00
[2025-05-09T16:01:10.863+0000] {processor.py:183} INFO - Processing /home/airflow/.local/lib/python3.10/site-packages/airflow/example_dags/example_trigger_controller_dag.py took 0.097 seconds
[2025-05-09T16:01:41.338+0000] {processor.py:161} INFO - Started process (PID=13517) to work on /home/airflow/.local/lib/python3.10/site-packages/airflow/example_dags/example_trigger_controller_dag.py
[2025-05-09T16:01:41.340+0000] {processor.py:830} INFO - Processing file /home/airflow/.local/lib/python3.10/site-packages/airflow/example_dags/example_trigger_controller_dag.py for tasks to queue
[2025-05-09T16:01:41.342+0000] {logging_mixin.py:188} INFO - [2025-05-09T16:01:41.341+0000] {dagbag.py:545} INFO - Filling up the DagBag from /home/airflow/.local/lib/python3.10/site-packages/airflow/example_dags/example_trigger_controller_dag.py
[2025-05-09T16:01:41.347+0000] {processor.py:840} INFO - DAG(s) 'example_trigger_controller_dag' retrieved from /home/airflow/.local/lib/python3.10/site-packages/airflow/example_dags/example_trigger_controller_dag.py
[2025-05-09T16:01:41.371+0000] {logging_mixin.py:188} INFO - [2025-05-09T16:01:41.370+0000] {dag.py:3096} INFO - Sync 1 DAGs
[2025-05-09T16:01:41.394+0000] {logging_mixin.py:188} INFO - [2025-05-09T16:01:41.393+0000] {dag.py:3954} INFO - Setting next_dagrun for example_trigger_controller_dag to 2021-01-01 00:00:00+00:00, run_after=2021-01-01 00:00:00+00:00
[2025-05-09T16:01:41.420+0000] {processor.py:183} INFO - Processing /home/airflow/.local/lib/python3.10/site-packages/airflow/example_dags/example_trigger_controller_dag.py took 0.088 seconds
[2025-05-09T16:02:11.553+0000] {processor.py:161} INFO - Started process (PID=13823) to work on /home/airflow/.local/lib/python3.10/site-packages/airflow/example_dags/example_trigger_controller_dag.py
[2025-05-09T16:02:11.554+0000] {processor.py:830} INFO - Processing file /home/airflow/.local/lib/python3.10/site-packages/airflow/example_dags/example_trigger_controller_dag.py for tasks to queue
[2025-05-09T16:02:11.555+0000] {logging_mixin.py:188} INFO - [2025-05-09T16:02:11.555+0000] {dagbag.py:545} INFO - Filling up the DagBag from /home/airflow/.local/lib/python3.10/site-packages/airflow/example_dags/example_trigger_controller_dag.py
[2025-05-09T16:02:11.560+0000] {processor.py:840} INFO - DAG(s) 'example_trigger_controller_dag' retrieved from /home/airflow/.local/lib/python3.10/site-packages/airflow/example_dags/example_trigger_controller_dag.py
[2025-05-09T16:02:11.581+0000] {logging_mixin.py:188} INFO - [2025-05-09T16:02:11.580+0000] {dag.py:3096} INFO - Sync 1 DAGs
[2025-05-09T16:02:11.606+0000] {logging_mixin.py:188} INFO - [2025-05-09T16:02:11.606+0000] {dag.py:3954} INFO - Setting next_dagrun for example_trigger_controller_dag to 2021-01-01 00:00:00+00:00, run_after=2021-01-01 00:00:00+00:00
[2025-05-09T16:02:11.644+0000] {processor.py:183} INFO - Processing /home/airflow/.local/lib/python3.10/site-packages/airflow/example_dags/example_trigger_controller_dag.py took 0.097 seconds
[2025-05-09T16:02:42.133+0000] {processor.py:161} INFO - Started process (PID=14089) to work on /home/airflow/.local/lib/python3.10/site-packages/airflow/example_dags/example_trigger_controller_dag.py
[2025-05-09T16:02:42.135+0000] {processor.py:830} INFO - Processing file /home/airflow/.local/lib/python3.10/site-packages/airflow/example_dags/example_trigger_controller_dag.py for tasks to queue
[2025-05-09T16:02:42.137+0000] {logging_mixin.py:188} INFO - [2025-05-09T16:02:42.137+0000] {dagbag.py:545} INFO - Filling up the DagBag from /home/airflow/.local/lib/python3.10/site-packages/airflow/example_dags/example_trigger_controller_dag.py
[2025-05-09T16:02:42.143+0000] {processor.py:840} INFO - DAG(s) 'example_trigger_controller_dag' retrieved from /home/airflow/.local/lib/python3.10/site-packages/airflow/example_dags/example_trigger_controller_dag.py
[2025-05-09T16:02:42.165+0000] {logging_mixin.py:188} INFO - [2025-05-09T16:02:42.165+0000] {dag.py:3096} INFO - Sync 1 DAGs
[2025-05-09T16:02:42.188+0000] {logging_mixin.py:188} INFO - [2025-05-09T16:02:42.187+0000] {dag.py:3954} INFO - Setting next_dagrun for example_trigger_controller_dag to 2021-01-01 00:00:00+00:00, run_after=2021-01-01 00:00:00+00:00
[2025-05-09T16:02:42.216+0000] {processor.py:183} INFO - Processing /home/airflow/.local/lib/python3.10/site-packages/airflow/example_dags/example_trigger_controller_dag.py took 0.090 seconds
[2025-05-09T16:03:13.152+0000] {processor.py:161} INFO - Started process (PID=14406) to work on /home/airflow/.local/lib/python3.10/site-packages/airflow/example_dags/example_trigger_controller_dag.py
[2025-05-09T16:03:13.154+0000] {processor.py:830} INFO - Processing file /home/airflow/.local/lib/python3.10/site-packages/airflow/example_dags/example_trigger_controller_dag.py for tasks to queue
[2025-05-09T16:03:13.157+0000] {logging_mixin.py:188} INFO - [2025-05-09T16:03:13.156+0000] {dagbag.py:545} INFO - Filling up the DagBag from /home/airflow/.local/lib/python3.10/site-packages/airflow/example_dags/example_trigger_controller_dag.py
[2025-05-09T16:03:13.167+0000] {processor.py:840} INFO - DAG(s) 'example_trigger_controller_dag' retrieved from /home/airflow/.local/lib/python3.10/site-packages/airflow/example_dags/example_trigger_controller_dag.py
[2025-05-09T16:03:13.206+0000] {logging_mixin.py:188} INFO - [2025-05-09T16:03:13.205+0000] {dag.py:3096} INFO - Sync 1 DAGs
[2025-05-09T16:03:13.243+0000] {logging_mixin.py:188} INFO - [2025-05-09T16:03:13.243+0000] {dag.py:3954} INFO - Setting next_dagrun for example_trigger_controller_dag to 2021-01-01 00:00:00+00:00, run_after=2021-01-01 00:00:00+00:00
[2025-05-09T16:03:13.284+0000] {processor.py:183} INFO - Processing /home/airflow/.local/lib/python3.10/site-packages/airflow/example_dags/example_trigger_controller_dag.py took 0.146 seconds
[2025-05-09T16:03:43.520+0000] {processor.py:161} INFO - Started process (PID=14672) to work on /home/airflow/.local/lib/python3.10/site-packages/airflow/example_dags/example_trigger_controller_dag.py
[2025-05-09T16:03:43.522+0000] {processor.py:830} INFO - Processing file /home/airflow/.local/lib/python3.10/site-packages/airflow/example_dags/example_trigger_controller_dag.py for tasks to queue
[2025-05-09T16:03:43.523+0000] {logging_mixin.py:188} INFO - [2025-05-09T16:03:43.523+0000] {dagbag.py:545} INFO - Filling up the DagBag from /home/airflow/.local/lib/python3.10/site-packages/airflow/example_dags/example_trigger_controller_dag.py
[2025-05-09T16:03:43.532+0000] {processor.py:840} INFO - DAG(s) 'example_trigger_controller_dag' retrieved from /home/airflow/.local/lib/python3.10/site-packages/airflow/example_dags/example_trigger_controller_dag.py
[2025-05-09T16:03:43.565+0000] {logging_mixin.py:188} INFO - [2025-05-09T16:03:43.565+0000] {dag.py:3096} INFO - Sync 1 DAGs
[2025-05-09T16:03:43.589+0000] {logging_mixin.py:188} INFO - [2025-05-09T16:03:43.589+0000] {dag.py:3954} INFO - Setting next_dagrun for example_trigger_controller_dag to 2021-01-01 00:00:00+00:00, run_after=2021-01-01 00:00:00+00:00
[2025-05-09T16:03:43.616+0000] {processor.py:183} INFO - Processing /home/airflow/.local/lib/python3.10/site-packages/airflow/example_dags/example_trigger_controller_dag.py took 0.105 seconds
[2025-05-09T16:04:14.589+0000] {processor.py:161} INFO - Started process (PID=14934) to work on /home/airflow/.local/lib/python3.10/site-packages/airflow/example_dags/example_trigger_controller_dag.py
[2025-05-09T16:04:14.590+0000] {processor.py:830} INFO - Processing file /home/airflow/.local/lib/python3.10/site-packages/airflow/example_dags/example_trigger_controller_dag.py for tasks to queue
[2025-05-09T16:04:14.592+0000] {logging_mixin.py:188} INFO - [2025-05-09T16:04:14.591+0000] {dagbag.py:545} INFO - Filling up the DagBag from /home/airflow/.local/lib/python3.10/site-packages/airflow/example_dags/example_trigger_controller_dag.py
[2025-05-09T16:04:14.597+0000] {processor.py:840} INFO - DAG(s) 'example_trigger_controller_dag' retrieved from /home/airflow/.local/lib/python3.10/site-packages/airflow/example_dags/example_trigger_controller_dag.py
[2025-05-09T16:04:14.622+0000] {logging_mixin.py:188} INFO - [2025-05-09T16:04:14.622+0000] {dag.py:3096} INFO - Sync 1 DAGs
[2025-05-09T16:04:14.646+0000] {logging_mixin.py:188} INFO - [2025-05-09T16:04:14.645+0000] {dag.py:3954} INFO - Setting next_dagrun for example_trigger_controller_dag to 2021-01-01 00:00:00+00:00, run_after=2021-01-01 00:00:00+00:00
[2025-05-09T16:04:14.671+0000] {processor.py:183} INFO - Processing /home/airflow/.local/lib/python3.10/site-packages/airflow/example_dags/example_trigger_controller_dag.py took 0.091 seconds
[2025-05-09T16:05:18.667+0000] {processor.py:161} INFO - Started process (PID=362) to work on /home/airflow/.local/lib/python3.10/site-packages/airflow/example_dags/example_trigger_controller_dag.py
[2025-05-09T16:05:18.669+0000] {processor.py:830} INFO - Processing file /home/airflow/.local/lib/python3.10/site-packages/airflow/example_dags/example_trigger_controller_dag.py for tasks to queue
[2025-05-09T16:05:18.673+0000] {logging_mixin.py:188} INFO - [2025-05-09T16:05:18.672+0000] {dagbag.py:545} INFO - Filling up the DagBag from /home/airflow/.local/lib/python3.10/site-packages/airflow/example_dags/example_trigger_controller_dag.py
[2025-05-09T16:05:18.682+0000] {processor.py:840} INFO - DAG(s) 'example_trigger_controller_dag' retrieved from /home/airflow/.local/lib/python3.10/site-packages/airflow/example_dags/example_trigger_controller_dag.py
[2025-05-09T16:05:18.710+0000] {logging_mixin.py:188} INFO - [2025-05-09T16:05:18.709+0000] {dag.py:3096} INFO - Sync 1 DAGs
[2025-05-09T16:05:18.751+0000] {logging_mixin.py:188} INFO - [2025-05-09T16:05:18.750+0000] {dag.py:3954} INFO - Setting next_dagrun for example_trigger_controller_dag to 2021-01-01 00:00:00+00:00, run_after=2021-01-01 00:00:00+00:00
[2025-05-09T16:05:18.792+0000] {processor.py:183} INFO - Processing /home/airflow/.local/lib/python3.10/site-packages/airflow/example_dags/example_trigger_controller_dag.py took 0.141 seconds
[2025-05-09T16:05:50.336+0000] {processor.py:161} INFO - Started process (PID=624) to work on /home/airflow/.local/lib/python3.10/site-packages/airflow/example_dags/example_trigger_controller_dag.py
[2025-05-09T16:05:50.338+0000] {processor.py:830} INFO - Processing file /home/airflow/.local/lib/python3.10/site-packages/airflow/example_dags/example_trigger_controller_dag.py for tasks to queue
[2025-05-09T16:05:50.341+0000] {logging_mixin.py:188} INFO - [2025-05-09T16:05:50.341+0000] {dagbag.py:545} INFO - Filling up the DagBag from /home/airflow/.local/lib/python3.10/site-packages/airflow/example_dags/example_trigger_controller_dag.py
[2025-05-09T16:05:50.350+0000] {processor.py:840} INFO - DAG(s) 'example_trigger_controller_dag' retrieved from /home/airflow/.local/lib/python3.10/site-packages/airflow/example_dags/example_trigger_controller_dag.py
[2025-05-09T16:05:50.494+0000] {logging_mixin.py:188} INFO - [2025-05-09T16:05:50.493+0000] {dag.py:3096} INFO - Sync 1 DAGs
[2025-05-09T16:05:50.513+0000] {logging_mixin.py:188} INFO - [2025-05-09T16:05:50.513+0000] {dag.py:3954} INFO - Setting next_dagrun for example_trigger_controller_dag to 2021-01-01 00:00:00+00:00, run_after=2021-01-01 00:00:00+00:00
[2025-05-09T16:05:50.541+0000] {processor.py:183} INFO - Processing /home/airflow/.local/lib/python3.10/site-packages/airflow/example_dags/example_trigger_controller_dag.py took 0.216 seconds
[2025-05-09T16:06:21.413+0000] {processor.py:161} INFO - Started process (PID=888) to work on /home/airflow/.local/lib/python3.10/site-packages/airflow/example_dags/example_trigger_controller_dag.py
[2025-05-09T16:06:21.415+0000] {processor.py:830} INFO - Processing file /home/airflow/.local/lib/python3.10/site-packages/airflow/example_dags/example_trigger_controller_dag.py for tasks to queue
[2025-05-09T16:06:21.417+0000] {logging_mixin.py:188} INFO - [2025-05-09T16:06:21.417+0000] {dagbag.py:545} INFO - Filling up the DagBag from /home/airflow/.local/lib/python3.10/site-packages/airflow/example_dags/example_trigger_controller_dag.py
[2025-05-09T16:06:21.423+0000] {processor.py:840} INFO - DAG(s) 'example_trigger_controller_dag' retrieved from /home/airflow/.local/lib/python3.10/site-packages/airflow/example_dags/example_trigger_controller_dag.py
[2025-05-09T16:06:21.446+0000] {logging_mixin.py:188} INFO - [2025-05-09T16:06:21.446+0000] {dag.py:3096} INFO - Sync 1 DAGs
[2025-05-09T16:06:21.467+0000] {logging_mixin.py:188} INFO - [2025-05-09T16:06:21.467+0000] {dag.py:3954} INFO - Setting next_dagrun for example_trigger_controller_dag to 2021-01-01 00:00:00+00:00, run_after=2021-01-01 00:00:00+00:00
[2025-05-09T16:06:21.489+0000] {processor.py:183} INFO - Processing /home/airflow/.local/lib/python3.10/site-packages/airflow/example_dags/example_trigger_controller_dag.py took 0.084 seconds
[2025-05-09T16:06:51.718+0000] {processor.py:161} INFO - Started process (PID=1148) to work on /home/airflow/.local/lib/python3.10/site-packages/airflow/example_dags/example_trigger_controller_dag.py
[2025-05-09T16:06:51.720+0000] {processor.py:830} INFO - Processing file /home/airflow/.local/lib/python3.10/site-packages/airflow/example_dags/example_trigger_controller_dag.py for tasks to queue
[2025-05-09T16:06:51.722+0000] {logging_mixin.py:188} INFO - [2025-05-09T16:06:51.722+0000] {dagbag.py:545} INFO - Filling up the DagBag from /home/airflow/.local/lib/python3.10/site-packages/airflow/example_dags/example_trigger_controller_dag.py
[2025-05-09T16:06:51.727+0000] {processor.py:840} INFO - DAG(s) 'example_trigger_controller_dag' retrieved from /home/airflow/.local/lib/python3.10/site-packages/airflow/example_dags/example_trigger_controller_dag.py
[2025-05-09T16:06:51.753+0000] {logging_mixin.py:188} INFO - [2025-05-09T16:06:51.753+0000] {dag.py:3096} INFO - Sync 1 DAGs
[2025-05-09T16:06:51.775+0000] {logging_mixin.py:188} INFO - [2025-05-09T16:06:51.775+0000] {dag.py:3954} INFO - Setting next_dagrun for example_trigger_controller_dag to 2021-01-01 00:00:00+00:00, run_after=2021-01-01 00:00:00+00:00
[2025-05-09T16:06:51.796+0000] {processor.py:183} INFO - Processing /home/airflow/.local/lib/python3.10/site-packages/airflow/example_dags/example_trigger_controller_dag.py took 0.085 seconds
[2025-05-09T16:07:22.398+0000] {processor.py:161} INFO - Started process (PID=1448) to work on /home/airflow/.local/lib/python3.10/site-packages/airflow/example_dags/example_trigger_controller_dag.py
[2025-05-09T16:07:22.400+0000] {processor.py:830} INFO - Processing file /home/airflow/.local/lib/python3.10/site-packages/airflow/example_dags/example_trigger_controller_dag.py for tasks to queue
[2025-05-09T16:07:22.405+0000] {logging_mixin.py:188} INFO - [2025-05-09T16:07:22.404+0000] {dagbag.py:545} INFO - Filling up the DagBag from /home/airflow/.local/lib/python3.10/site-packages/airflow/example_dags/example_trigger_controller_dag.py
[2025-05-09T16:07:22.414+0000] {processor.py:840} INFO - DAG(s) 'example_trigger_controller_dag' retrieved from /home/airflow/.local/lib/python3.10/site-packages/airflow/example_dags/example_trigger_controller_dag.py
[2025-05-09T16:07:22.448+0000] {logging_mixin.py:188} INFO - [2025-05-09T16:07:22.448+0000] {dag.py:3096} INFO - Sync 1 DAGs
[2025-05-09T16:07:22.491+0000] {logging_mixin.py:188} INFO - [2025-05-09T16:07:22.491+0000] {dag.py:3954} INFO - Setting next_dagrun for example_trigger_controller_dag to 2021-01-01 00:00:00+00:00, run_after=2021-01-01 00:00:00+00:00
[2025-05-09T16:07:22.531+0000] {processor.py:183} INFO - Processing /home/airflow/.local/lib/python3.10/site-packages/airflow/example_dags/example_trigger_controller_dag.py took 0.141 seconds
[2025-05-09T16:07:52.888+0000] {processor.py:161} INFO - Started process (PID=1710) to work on /home/airflow/.local/lib/python3.10/site-packages/airflow/example_dags/example_trigger_controller_dag.py
[2025-05-09T16:07:52.889+0000] {processor.py:830} INFO - Processing file /home/airflow/.local/lib/python3.10/site-packages/airflow/example_dags/example_trigger_controller_dag.py for tasks to queue
[2025-05-09T16:07:52.891+0000] {logging_mixin.py:188} INFO - [2025-05-09T16:07:52.891+0000] {dagbag.py:545} INFO - Filling up the DagBag from /home/airflow/.local/lib/python3.10/site-packages/airflow/example_dags/example_trigger_controller_dag.py
[2025-05-09T16:07:52.897+0000] {processor.py:840} INFO - DAG(s) 'example_trigger_controller_dag' retrieved from /home/airflow/.local/lib/python3.10/site-packages/airflow/example_dags/example_trigger_controller_dag.py
[2025-05-09T16:07:52.919+0000] {logging_mixin.py:188} INFO - [2025-05-09T16:07:52.919+0000] {dag.py:3096} INFO - Sync 1 DAGs
[2025-05-09T16:07:52.942+0000] {logging_mixin.py:188} INFO - [2025-05-09T16:07:52.941+0000] {dag.py:3954} INFO - Setting next_dagrun for example_trigger_controller_dag to 2021-01-01 00:00:00+00:00, run_after=2021-01-01 00:00:00+00:00
[2025-05-09T16:07:52.963+0000] {processor.py:183} INFO - Processing /home/airflow/.local/lib/python3.10/site-packages/airflow/example_dags/example_trigger_controller_dag.py took 0.082 seconds
[2025-05-09T16:08:23.087+0000] {processor.py:161} INFO - Started process (PID=1978) to work on /home/airflow/.local/lib/python3.10/site-packages/airflow/example_dags/example_trigger_controller_dag.py
[2025-05-09T16:08:23.089+0000] {processor.py:830} INFO - Processing file /home/airflow/.local/lib/python3.10/site-packages/airflow/example_dags/example_trigger_controller_dag.py for tasks to queue
[2025-05-09T16:08:23.091+0000] {logging_mixin.py:188} INFO - [2025-05-09T16:08:23.091+0000] {dagbag.py:545} INFO - Filling up the DagBag from /home/airflow/.local/lib/python3.10/site-packages/airflow/example_dags/example_trigger_controller_dag.py
[2025-05-09T16:08:23.096+0000] {processor.py:840} INFO - DAG(s) 'example_trigger_controller_dag' retrieved from /home/airflow/.local/lib/python3.10/site-packages/airflow/example_dags/example_trigger_controller_dag.py
[2025-05-09T16:08:23.121+0000] {logging_mixin.py:188} INFO - [2025-05-09T16:08:23.120+0000] {dag.py:3096} INFO - Sync 1 DAGs
[2025-05-09T16:08:23.144+0000] {logging_mixin.py:188} INFO - [2025-05-09T16:08:23.143+0000] {dag.py:3954} INFO - Setting next_dagrun for example_trigger_controller_dag to 2021-01-01 00:00:00+00:00, run_after=2021-01-01 00:00:00+00:00
[2025-05-09T16:08:23.168+0000] {processor.py:183} INFO - Processing /home/airflow/.local/lib/python3.10/site-packages/airflow/example_dags/example_trigger_controller_dag.py took 0.088 seconds
[2025-05-09T16:08:53.612+0000] {processor.py:161} INFO - Started process (PID=2262) to work on /home/airflow/.local/lib/python3.10/site-packages/airflow/example_dags/example_trigger_controller_dag.py
[2025-05-09T16:08:53.613+0000] {processor.py:830} INFO - Processing file /home/airflow/.local/lib/python3.10/site-packages/airflow/example_dags/example_trigger_controller_dag.py for tasks to queue
[2025-05-09T16:08:53.616+0000] {logging_mixin.py:188} INFO - [2025-05-09T16:08:53.615+0000] {dagbag.py:545} INFO - Filling up the DagBag from /home/airflow/.local/lib/python3.10/site-packages/airflow/example_dags/example_trigger_controller_dag.py
[2025-05-09T16:08:53.620+0000] {processor.py:840} INFO - DAG(s) 'example_trigger_controller_dag' retrieved from /home/airflow/.local/lib/python3.10/site-packages/airflow/example_dags/example_trigger_controller_dag.py
[2025-05-09T16:08:53.643+0000] {logging_mixin.py:188} INFO - [2025-05-09T16:08:53.642+0000] {dag.py:3096} INFO - Sync 1 DAGs
[2025-05-09T16:08:53.670+0000] {logging_mixin.py:188} INFO - [2025-05-09T16:08:53.670+0000] {dag.py:3954} INFO - Setting next_dagrun for example_trigger_controller_dag to 2021-01-01 00:00:00+00:00, run_after=2021-01-01 00:00:00+00:00
[2025-05-09T16:08:53.699+0000] {processor.py:183} INFO - Processing /home/airflow/.local/lib/python3.10/site-packages/airflow/example_dags/example_trigger_controller_dag.py took 0.093 seconds
[2025-05-09T16:09:24.262+0000] {processor.py:161} INFO - Started process (PID=2536) to work on /home/airflow/.local/lib/python3.10/site-packages/airflow/example_dags/example_trigger_controller_dag.py
[2025-05-09T16:09:24.265+0000] {processor.py:830} INFO - Processing file /home/airflow/.local/lib/python3.10/site-packages/airflow/example_dags/example_trigger_controller_dag.py for tasks to queue
[2025-05-09T16:09:24.269+0000] {logging_mixin.py:188} INFO - [2025-05-09T16:09:24.269+0000] {dagbag.py:545} INFO - Filling up the DagBag from /home/airflow/.local/lib/python3.10/site-packages/airflow/example_dags/example_trigger_controller_dag.py
[2025-05-09T16:09:24.277+0000] {processor.py:840} INFO - DAG(s) 'example_trigger_controller_dag' retrieved from /home/airflow/.local/lib/python3.10/site-packages/airflow/example_dags/example_trigger_controller_dag.py
[2025-05-09T16:09:24.310+0000] {logging_mixin.py:188} INFO - [2025-05-09T16:09:24.310+0000] {dag.py:3096} INFO - Sync 1 DAGs
[2025-05-09T16:09:24.346+0000] {logging_mixin.py:188} INFO - [2025-05-09T16:09:24.344+0000] {dag.py:3954} INFO - Setting next_dagrun for example_trigger_controller_dag to 2021-01-01 00:00:00+00:00, run_after=2021-01-01 00:00:00+00:00
[2025-05-09T16:09:24.380+0000] {processor.py:183} INFO - Processing /home/airflow/.local/lib/python3.10/site-packages/airflow/example_dags/example_trigger_controller_dag.py took 0.127 seconds
[2025-05-09T16:09:54.999+0000] {processor.py:161} INFO - Started process (PID=2798) to work on /home/airflow/.local/lib/python3.10/site-packages/airflow/example_dags/example_trigger_controller_dag.py
[2025-05-09T16:09:55.001+0000] {processor.py:830} INFO - Processing file /home/airflow/.local/lib/python3.10/site-packages/airflow/example_dags/example_trigger_controller_dag.py for tasks to queue
[2025-05-09T16:09:55.004+0000] {logging_mixin.py:188} INFO - [2025-05-09T16:09:55.003+0000] {dagbag.py:545} INFO - Filling up the DagBag from /home/airflow/.local/lib/python3.10/site-packages/airflow/example_dags/example_trigger_controller_dag.py
[2025-05-09T16:09:55.008+0000] {processor.py:840} INFO - DAG(s) 'example_trigger_controller_dag' retrieved from /home/airflow/.local/lib/python3.10/site-packages/airflow/example_dags/example_trigger_controller_dag.py
[2025-05-09T16:09:55.028+0000] {logging_mixin.py:188} INFO - [2025-05-09T16:09:55.028+0000] {dag.py:3096} INFO - Sync 1 DAGs
[2025-05-09T16:09:55.048+0000] {logging_mixin.py:188} INFO - [2025-05-09T16:09:55.048+0000] {dag.py:3954} INFO - Setting next_dagrun for example_trigger_controller_dag to 2021-01-01 00:00:00+00:00, run_after=2021-01-01 00:00:00+00:00
[2025-05-09T16:09:55.069+0000] {processor.py:183} INFO - Processing /home/airflow/.local/lib/python3.10/site-packages/airflow/example_dags/example_trigger_controller_dag.py took 0.076 seconds
[2025-05-09T16:10:26.169+0000] {processor.py:161} INFO - Started process (PID=3068) to work on /home/airflow/.local/lib/python3.10/site-packages/airflow/example_dags/example_trigger_controller_dag.py
[2025-05-09T16:10:26.170+0000] {processor.py:830} INFO - Processing file /home/airflow/.local/lib/python3.10/site-packages/airflow/example_dags/example_trigger_controller_dag.py for tasks to queue
[2025-05-09T16:10:26.173+0000] {logging_mixin.py:188} INFO - [2025-05-09T16:10:26.173+0000] {dagbag.py:545} INFO - Filling up the DagBag from /home/airflow/.local/lib/python3.10/site-packages/airflow/example_dags/example_trigger_controller_dag.py
[2025-05-09T16:10:26.181+0000] {processor.py:840} INFO - DAG(s) 'example_trigger_controller_dag' retrieved from /home/airflow/.local/lib/python3.10/site-packages/airflow/example_dags/example_trigger_controller_dag.py
[2025-05-09T16:10:26.212+0000] {logging_mixin.py:188} INFO - [2025-05-09T16:10:26.212+0000] {dag.py:3096} INFO - Sync 1 DAGs
[2025-05-09T16:10:26.239+0000] {logging_mixin.py:188} INFO - [2025-05-09T16:10:26.239+0000] {dag.py:3954} INFO - Setting next_dagrun for example_trigger_controller_dag to 2021-01-01 00:00:00+00:00, run_after=2021-01-01 00:00:00+00:00
[2025-05-09T16:10:26.274+0000] {processor.py:183} INFO - Processing /home/airflow/.local/lib/python3.10/site-packages/airflow/example_dags/example_trigger_controller_dag.py took 0.113 seconds
[2025-05-09T16:10:56.470+0000] {processor.py:161} INFO - Started process (PID=3334) to work on /home/airflow/.local/lib/python3.10/site-packages/airflow/example_dags/example_trigger_controller_dag.py
[2025-05-09T16:10:56.472+0000] {processor.py:830} INFO - Processing file /home/airflow/.local/lib/python3.10/site-packages/airflow/example_dags/example_trigger_controller_dag.py for tasks to queue
[2025-05-09T16:10:56.475+0000] {logging_mixin.py:188} INFO - [2025-05-09T16:10:56.474+0000] {dagbag.py:545} INFO - Filling up the DagBag from /home/airflow/.local/lib/python3.10/site-packages/airflow/example_dags/example_trigger_controller_dag.py
[2025-05-09T16:10:56.481+0000] {processor.py:840} INFO - DAG(s) 'example_trigger_controller_dag' retrieved from /home/airflow/.local/lib/python3.10/site-packages/airflow/example_dags/example_trigger_controller_dag.py
[2025-05-09T16:10:56.506+0000] {logging_mixin.py:188} INFO - [2025-05-09T16:10:56.505+0000] {dag.py:3096} INFO - Sync 1 DAGs
[2025-05-09T16:10:56.533+0000] {logging_mixin.py:188} INFO - [2025-05-09T16:10:56.531+0000] {dag.py:3954} INFO - Setting next_dagrun for example_trigger_controller_dag to 2021-01-01 00:00:00+00:00, run_after=2021-01-01 00:00:00+00:00
[2025-05-09T16:10:56.562+0000] {processor.py:183} INFO - Processing /home/airflow/.local/lib/python3.10/site-packages/airflow/example_dags/example_trigger_controller_dag.py took 0.100 seconds
[2025-05-09T16:11:27.586+0000] {processor.py:161} INFO - Started process (PID=3609) to work on /home/airflow/.local/lib/python3.10/site-packages/airflow/example_dags/example_trigger_controller_dag.py
[2025-05-09T16:11:27.588+0000] {processor.py:830} INFO - Processing file /home/airflow/.local/lib/python3.10/site-packages/airflow/example_dags/example_trigger_controller_dag.py for tasks to queue
[2025-05-09T16:11:27.590+0000] {logging_mixin.py:188} INFO - [2025-05-09T16:11:27.590+0000] {dagbag.py:545} INFO - Filling up the DagBag from /home/airflow/.local/lib/python3.10/site-packages/airflow/example_dags/example_trigger_controller_dag.py
[2025-05-09T16:11:27.596+0000] {processor.py:840} INFO - DAG(s) 'example_trigger_controller_dag' retrieved from /home/airflow/.local/lib/python3.10/site-packages/airflow/example_dags/example_trigger_controller_dag.py
[2025-05-09T16:11:27.620+0000] {logging_mixin.py:188} INFO - [2025-05-09T16:11:27.619+0000] {dag.py:3096} INFO - Sync 1 DAGs
[2025-05-09T16:11:27.645+0000] {logging_mixin.py:188} INFO - [2025-05-09T16:11:27.645+0000] {dag.py:3954} INFO - Setting next_dagrun for example_trigger_controller_dag to 2021-01-01 00:00:00+00:00, run_after=2021-01-01 00:00:00+00:00
[2025-05-09T16:11:27.670+0000] {processor.py:183} INFO - Processing /home/airflow/.local/lib/python3.10/site-packages/airflow/example_dags/example_trigger_controller_dag.py took 0.090 seconds
[2025-05-09T16:11:58.355+0000] {processor.py:161} INFO - Started process (PID=3876) to work on /home/airflow/.local/lib/python3.10/site-packages/airflow/example_dags/example_trigger_controller_dag.py
[2025-05-09T16:11:58.356+0000] {processor.py:830} INFO - Processing file /home/airflow/.local/lib/python3.10/site-packages/airflow/example_dags/example_trigger_controller_dag.py for tasks to queue
[2025-05-09T16:11:58.358+0000] {logging_mixin.py:188} INFO - [2025-05-09T16:11:58.358+0000] {dagbag.py:545} INFO - Filling up the DagBag from /home/airflow/.local/lib/python3.10/site-packages/airflow/example_dags/example_trigger_controller_dag.py
[2025-05-09T16:11:58.364+0000] {processor.py:840} INFO - DAG(s) 'example_trigger_controller_dag' retrieved from /home/airflow/.local/lib/python3.10/site-packages/airflow/example_dags/example_trigger_controller_dag.py
[2025-05-09T16:11:58.385+0000] {logging_mixin.py:188} INFO - [2025-05-09T16:11:58.384+0000] {dag.py:3096} INFO - Sync 1 DAGs
[2025-05-09T16:11:58.405+0000] {logging_mixin.py:188} INFO - [2025-05-09T16:11:58.405+0000] {dag.py:3954} INFO - Setting next_dagrun for example_trigger_controller_dag to 2021-01-01 00:00:00+00:00, run_after=2021-01-01 00:00:00+00:00
[2025-05-09T16:11:58.431+0000] {processor.py:183} INFO - Processing /home/airflow/.local/lib/python3.10/site-packages/airflow/example_dags/example_trigger_controller_dag.py took 0.082 seconds
[2025-05-09T16:12:29.073+0000] {processor.py:161} INFO - Started process (PID=4153) to work on /home/airflow/.local/lib/python3.10/site-packages/airflow/example_dags/example_trigger_controller_dag.py
[2025-05-09T16:12:29.076+0000] {processor.py:830} INFO - Processing file /home/airflow/.local/lib/python3.10/site-packages/airflow/example_dags/example_trigger_controller_dag.py for tasks to queue
[2025-05-09T16:12:29.078+0000] {logging_mixin.py:188} INFO - [2025-05-09T16:12:29.078+0000] {dagbag.py:545} INFO - Filling up the DagBag from /home/airflow/.local/lib/python3.10/site-packages/airflow/example_dags/example_trigger_controller_dag.py
[2025-05-09T16:12:29.085+0000] {processor.py:840} INFO - DAG(s) 'example_trigger_controller_dag' retrieved from /home/airflow/.local/lib/python3.10/site-packages/airflow/example_dags/example_trigger_controller_dag.py
[2025-05-09T16:12:29.114+0000] {logging_mixin.py:188} INFO - [2025-05-09T16:12:29.113+0000] {dag.py:3096} INFO - Sync 1 DAGs
[2025-05-09T16:12:29.135+0000] {logging_mixin.py:188} INFO - [2025-05-09T16:12:29.135+0000] {dag.py:3954} INFO - Setting next_dagrun for example_trigger_controller_dag to 2021-01-01 00:00:00+00:00, run_after=2021-01-01 00:00:00+00:00
[2025-05-09T16:12:29.158+0000] {processor.py:183} INFO - Processing /home/airflow/.local/lib/python3.10/site-packages/airflow/example_dags/example_trigger_controller_dag.py took 0.092 seconds
[2025-05-09T16:12:59.856+0000] {processor.py:161} INFO - Started process (PID=4415) to work on /home/airflow/.local/lib/python3.10/site-packages/airflow/example_dags/example_trigger_controller_dag.py
[2025-05-09T16:12:59.857+0000] {processor.py:830} INFO - Processing file /home/airflow/.local/lib/python3.10/site-packages/airflow/example_dags/example_trigger_controller_dag.py for tasks to queue
[2025-05-09T16:12:59.861+0000] {logging_mixin.py:188} INFO - [2025-05-09T16:12:59.860+0000] {dagbag.py:545} INFO - Filling up the DagBag from /home/airflow/.local/lib/python3.10/site-packages/airflow/example_dags/example_trigger_controller_dag.py
[2025-05-09T16:12:59.869+0000] {processor.py:840} INFO - DAG(s) 'example_trigger_controller_dag' retrieved from /home/airflow/.local/lib/python3.10/site-packages/airflow/example_dags/example_trigger_controller_dag.py
[2025-05-09T16:12:59.906+0000] {logging_mixin.py:188} INFO - [2025-05-09T16:12:59.906+0000] {dag.py:3096} INFO - Sync 1 DAGs
[2025-05-09T16:12:59.938+0000] {logging_mixin.py:188} INFO - [2025-05-09T16:12:59.938+0000] {dag.py:3954} INFO - Setting next_dagrun for example_trigger_controller_dag to 2021-01-01 00:00:00+00:00, run_after=2021-01-01 00:00:00+00:00
[2025-05-09T16:12:59.972+0000] {processor.py:183} INFO - Processing /home/airflow/.local/lib/python3.10/site-packages/airflow/example_dags/example_trigger_controller_dag.py took 0.126 seconds
[2025-05-09T16:13:30.178+0000] {processor.py:161} INFO - Started process (PID=4688) to work on /home/airflow/.local/lib/python3.10/site-packages/airflow/example_dags/example_trigger_controller_dag.py
[2025-05-09T16:13:30.179+0000] {processor.py:830} INFO - Processing file /home/airflow/.local/lib/python3.10/site-packages/airflow/example_dags/example_trigger_controller_dag.py for tasks to queue
[2025-05-09T16:13:30.182+0000] {logging_mixin.py:188} INFO - [2025-05-09T16:13:30.182+0000] {dagbag.py:545} INFO - Filling up the DagBag from /home/airflow/.local/lib/python3.10/site-packages/airflow/example_dags/example_trigger_controller_dag.py
[2025-05-09T16:13:30.190+0000] {processor.py:840} INFO - DAG(s) 'example_trigger_controller_dag' retrieved from /home/airflow/.local/lib/python3.10/site-packages/airflow/example_dags/example_trigger_controller_dag.py
[2025-05-09T16:13:30.213+0000] {logging_mixin.py:188} INFO - [2025-05-09T16:13:30.212+0000] {dag.py:3096} INFO - Sync 1 DAGs
[2025-05-09T16:13:30.234+0000] {logging_mixin.py:188} INFO - [2025-05-09T16:13:30.234+0000] {dag.py:3954} INFO - Setting next_dagrun for example_trigger_controller_dag to 2021-01-01 00:00:00+00:00, run_after=2021-01-01 00:00:00+00:00
[2025-05-09T16:13:30.259+0000] {processor.py:183} INFO - Processing /home/airflow/.local/lib/python3.10/site-packages/airflow/example_dags/example_trigger_controller_dag.py took 0.089 seconds
[2025-05-09T16:14:00.475+0000] {processor.py:161} INFO - Started process (PID=4951) to work on /home/airflow/.local/lib/python3.10/site-packages/airflow/example_dags/example_trigger_controller_dag.py
[2025-05-09T16:14:00.476+0000] {processor.py:830} INFO - Processing file /home/airflow/.local/lib/python3.10/site-packages/airflow/example_dags/example_trigger_controller_dag.py for tasks to queue
[2025-05-09T16:14:00.480+0000] {logging_mixin.py:188} INFO - [2025-05-09T16:14:00.479+0000] {dagbag.py:545} INFO - Filling up the DagBag from /home/airflow/.local/lib/python3.10/site-packages/airflow/example_dags/example_trigger_controller_dag.py
[2025-05-09T16:14:00.486+0000] {processor.py:840} INFO - DAG(s) 'example_trigger_controller_dag' retrieved from /home/airflow/.local/lib/python3.10/site-packages/airflow/example_dags/example_trigger_controller_dag.py
[2025-05-09T16:14:00.512+0000] {logging_mixin.py:188} INFO - [2025-05-09T16:14:00.511+0000] {dag.py:3096} INFO - Sync 1 DAGs
[2025-05-09T16:14:00.540+0000] {logging_mixin.py:188} INFO - [2025-05-09T16:14:00.540+0000] {dag.py:3954} INFO - Setting next_dagrun for example_trigger_controller_dag to 2021-01-01 00:00:00+00:00, run_after=2021-01-01 00:00:00+00:00
[2025-05-09T16:14:00.574+0000] {processor.py:183} INFO - Processing /home/airflow/.local/lib/python3.10/site-packages/airflow/example_dags/example_trigger_controller_dag.py took 0.106 seconds
[2025-05-09T16:14:30.733+0000] {processor.py:161} INFO - Started process (PID=5237) to work on /home/airflow/.local/lib/python3.10/site-packages/airflow/example_dags/example_trigger_controller_dag.py
[2025-05-09T16:14:30.735+0000] {processor.py:830} INFO - Processing file /home/airflow/.local/lib/python3.10/site-packages/airflow/example_dags/example_trigger_controller_dag.py for tasks to queue
[2025-05-09T16:14:30.737+0000] {logging_mixin.py:188} INFO - [2025-05-09T16:14:30.737+0000] {dagbag.py:545} INFO - Filling up the DagBag from /home/airflow/.local/lib/python3.10/site-packages/airflow/example_dags/example_trigger_controller_dag.py
[2025-05-09T16:14:30.742+0000] {processor.py:840} INFO - DAG(s) 'example_trigger_controller_dag' retrieved from /home/airflow/.local/lib/python3.10/site-packages/airflow/example_dags/example_trigger_controller_dag.py
[2025-05-09T16:14:30.767+0000] {logging_mixin.py:188} INFO - [2025-05-09T16:14:30.767+0000] {dag.py:3096} INFO - Sync 1 DAGs
[2025-05-09T16:14:30.792+0000] {logging_mixin.py:188} INFO - [2025-05-09T16:14:30.791+0000] {dag.py:3954} INFO - Setting next_dagrun for example_trigger_controller_dag to 2021-01-01 00:00:00+00:00, run_after=2021-01-01 00:00:00+00:00
[2025-05-09T16:14:30.822+0000] {processor.py:183} INFO - Processing /home/airflow/.local/lib/python3.10/site-packages/airflow/example_dags/example_trigger_controller_dag.py took 0.098 seconds
[2025-05-09T16:15:01.419+0000] {processor.py:161} INFO - Started process (PID=5509) to work on /home/airflow/.local/lib/python3.10/site-packages/airflow/example_dags/example_trigger_controller_dag.py
[2025-05-09T16:15:01.421+0000] {processor.py:830} INFO - Processing file /home/airflow/.local/lib/python3.10/site-packages/airflow/example_dags/example_trigger_controller_dag.py for tasks to queue
[2025-05-09T16:15:01.424+0000] {logging_mixin.py:188} INFO - [2025-05-09T16:15:01.423+0000] {dagbag.py:545} INFO - Filling up the DagBag from /home/airflow/.local/lib/python3.10/site-packages/airflow/example_dags/example_trigger_controller_dag.py
[2025-05-09T16:15:01.430+0000] {processor.py:840} INFO - DAG(s) 'example_trigger_controller_dag' retrieved from /home/airflow/.local/lib/python3.10/site-packages/airflow/example_dags/example_trigger_controller_dag.py
[2025-05-09T16:15:01.455+0000] {logging_mixin.py:188} INFO - [2025-05-09T16:15:01.455+0000] {dag.py:3096} INFO - Sync 1 DAGs
[2025-05-09T16:15:01.477+0000] {logging_mixin.py:188} INFO - [2025-05-09T16:15:01.477+0000] {dag.py:3954} INFO - Setting next_dagrun for example_trigger_controller_dag to 2021-01-01 00:00:00+00:00, run_after=2021-01-01 00:00:00+00:00
[2025-05-09T16:15:01.503+0000] {processor.py:183} INFO - Processing /home/airflow/.local/lib/python3.10/site-packages/airflow/example_dags/example_trigger_controller_dag.py took 0.092 seconds
[2025-05-09T16:15:32.166+0000] {processor.py:161} INFO - Started process (PID=5781) to work on /home/airflow/.local/lib/python3.10/site-packages/airflow/example_dags/example_trigger_controller_dag.py
[2025-05-09T16:15:32.168+0000] {processor.py:830} INFO - Processing file /home/airflow/.local/lib/python3.10/site-packages/airflow/example_dags/example_trigger_controller_dag.py for tasks to queue
[2025-05-09T16:15:32.170+0000] {logging_mixin.py:188} INFO - [2025-05-09T16:15:32.170+0000] {dagbag.py:545} INFO - Filling up the DagBag from /home/airflow/.local/lib/python3.10/site-packages/airflow/example_dags/example_trigger_controller_dag.py
[2025-05-09T16:15:32.175+0000] {processor.py:840} INFO - DAG(s) 'example_trigger_controller_dag' retrieved from /home/airflow/.local/lib/python3.10/site-packages/airflow/example_dags/example_trigger_controller_dag.py
[2025-05-09T16:15:32.192+0000] {logging_mixin.py:188} INFO - [2025-05-09T16:15:32.192+0000] {dag.py:3096} INFO - Sync 1 DAGs
[2025-05-09T16:15:32.213+0000] {logging_mixin.py:188} INFO - [2025-05-09T16:15:32.212+0000] {dag.py:3954} INFO - Setting next_dagrun for example_trigger_controller_dag to 2021-01-01 00:00:00+00:00, run_after=2021-01-01 00:00:00+00:00
[2025-05-09T16:15:32.228+0000] {processor.py:183} INFO - Processing /home/airflow/.local/lib/python3.10/site-packages/airflow/example_dags/example_trigger_controller_dag.py took 0.068 seconds
[2025-05-09T16:16:02.831+0000] {processor.py:161} INFO - Started process (PID=6063) to work on /home/airflow/.local/lib/python3.10/site-packages/airflow/example_dags/example_trigger_controller_dag.py
[2025-05-09T16:16:02.833+0000] {processor.py:830} INFO - Processing file /home/airflow/.local/lib/python3.10/site-packages/airflow/example_dags/example_trigger_controller_dag.py for tasks to queue
[2025-05-09T16:16:02.838+0000] {logging_mixin.py:188} INFO - [2025-05-09T16:16:02.837+0000] {dagbag.py:545} INFO - Filling up the DagBag from /home/airflow/.local/lib/python3.10/site-packages/airflow/example_dags/example_trigger_controller_dag.py
[2025-05-09T16:16:02.849+0000] {processor.py:840} INFO - DAG(s) 'example_trigger_controller_dag' retrieved from /home/airflow/.local/lib/python3.10/site-packages/airflow/example_dags/example_trigger_controller_dag.py
[2025-05-09T16:16:02.887+0000] {logging_mixin.py:188} INFO - [2025-05-09T16:16:02.886+0000] {dag.py:3096} INFO - Sync 1 DAGs
[2025-05-09T16:16:02.929+0000] {logging_mixin.py:188} INFO - [2025-05-09T16:16:02.928+0000] {dag.py:3954} INFO - Setting next_dagrun for example_trigger_controller_dag to 2021-01-01 00:00:00+00:00, run_after=2021-01-01 00:00:00+00:00
[2025-05-09T16:16:02.968+0000] {processor.py:183} INFO - Processing /home/airflow/.local/lib/python3.10/site-packages/airflow/example_dags/example_trigger_controller_dag.py took 0.149 seconds
[2025-05-09T16:16:33.679+0000] {processor.py:161} INFO - Started process (PID=6408) to work on /home/airflow/.local/lib/python3.10/site-packages/airflow/example_dags/example_trigger_controller_dag.py
[2025-05-09T16:16:33.681+0000] {processor.py:830} INFO - Processing file /home/airflow/.local/lib/python3.10/site-packages/airflow/example_dags/example_trigger_controller_dag.py for tasks to queue
[2025-05-09T16:16:33.684+0000] {logging_mixin.py:188} INFO - [2025-05-09T16:16:33.683+0000] {dagbag.py:545} INFO - Filling up the DagBag from /home/airflow/.local/lib/python3.10/site-packages/airflow/example_dags/example_trigger_controller_dag.py
[2025-05-09T16:16:33.691+0000] {processor.py:840} INFO - DAG(s) 'example_trigger_controller_dag' retrieved from /home/airflow/.local/lib/python3.10/site-packages/airflow/example_dags/example_trigger_controller_dag.py
[2025-05-09T16:16:33.716+0000] {logging_mixin.py:188} INFO - [2025-05-09T16:16:33.716+0000] {dag.py:3096} INFO - Sync 1 DAGs
[2025-05-09T16:16:33.741+0000] {logging_mixin.py:188} INFO - [2025-05-09T16:16:33.740+0000] {dag.py:3954} INFO - Setting next_dagrun for example_trigger_controller_dag to 2021-01-01 00:00:00+00:00, run_after=2021-01-01 00:00:00+00:00
[2025-05-09T16:16:33.763+0000] {processor.py:183} INFO - Processing /home/airflow/.local/lib/python3.10/site-packages/airflow/example_dags/example_trigger_controller_dag.py took 0.092 seconds
[2025-05-09T16:17:04.668+0000] {processor.py:161} INFO - Started process (PID=6715) to work on /home/airflow/.local/lib/python3.10/site-packages/airflow/example_dags/example_trigger_controller_dag.py
[2025-05-09T16:17:04.670+0000] {processor.py:830} INFO - Processing file /home/airflow/.local/lib/python3.10/site-packages/airflow/example_dags/example_trigger_controller_dag.py for tasks to queue
[2025-05-09T16:17:04.674+0000] {logging_mixin.py:188} INFO - [2025-05-09T16:17:04.673+0000] {dagbag.py:545} INFO - Filling up the DagBag from /home/airflow/.local/lib/python3.10/site-packages/airflow/example_dags/example_trigger_controller_dag.py
[2025-05-09T16:17:04.683+0000] {processor.py:840} INFO - DAG(s) 'example_trigger_controller_dag' retrieved from /home/airflow/.local/lib/python3.10/site-packages/airflow/example_dags/example_trigger_controller_dag.py
[2025-05-09T16:17:04.723+0000] {logging_mixin.py:188} INFO - [2025-05-09T16:17:04.722+0000] {dag.py:3096} INFO - Sync 1 DAGs
[2025-05-09T16:17:04.755+0000] {logging_mixin.py:188} INFO - [2025-05-09T16:17:04.754+0000] {dag.py:3954} INFO - Setting next_dagrun for example_trigger_controller_dag to 2021-01-01 00:00:00+00:00, run_after=2021-01-01 00:00:00+00:00
[2025-05-09T16:17:04.784+0000] {processor.py:183} INFO - Processing /home/airflow/.local/lib/python3.10/site-packages/airflow/example_dags/example_trigger_controller_dag.py took 0.129 seconds
[2025-05-09T16:17:35.169+0000] {processor.py:161} INFO - Started process (PID=7010) to work on /home/airflow/.local/lib/python3.10/site-packages/airflow/example_dags/example_trigger_controller_dag.py
[2025-05-09T16:17:35.171+0000] {processor.py:830} INFO - Processing file /home/airflow/.local/lib/python3.10/site-packages/airflow/example_dags/example_trigger_controller_dag.py for tasks to queue
[2025-05-09T16:17:35.173+0000] {logging_mixin.py:188} INFO - [2025-05-09T16:17:35.173+0000] {dagbag.py:545} INFO - Filling up the DagBag from /home/airflow/.local/lib/python3.10/site-packages/airflow/example_dags/example_trigger_controller_dag.py
[2025-05-09T16:17:35.180+0000] {processor.py:840} INFO - DAG(s) 'example_trigger_controller_dag' retrieved from /home/airflow/.local/lib/python3.10/site-packages/airflow/example_dags/example_trigger_controller_dag.py
[2025-05-09T16:17:35.204+0000] {logging_mixin.py:188} INFO - [2025-05-09T16:17:35.203+0000] {dag.py:3096} INFO - Sync 1 DAGs
[2025-05-09T16:17:35.225+0000] {logging_mixin.py:188} INFO - [2025-05-09T16:17:35.225+0000] {dag.py:3954} INFO - Setting next_dagrun for example_trigger_controller_dag to 2021-01-01 00:00:00+00:00, run_after=2021-01-01 00:00:00+00:00
[2025-05-09T16:17:35.251+0000] {processor.py:183} INFO - Processing /home/airflow/.local/lib/python3.10/site-packages/airflow/example_dags/example_trigger_controller_dag.py took 0.088 seconds
[2025-05-09T16:18:06.064+0000] {processor.py:161} INFO - Started process (PID=7295) to work on /home/airflow/.local/lib/python3.10/site-packages/airflow/example_dags/example_trigger_controller_dag.py
[2025-05-09T16:18:06.066+0000] {processor.py:830} INFO - Processing file /home/airflow/.local/lib/python3.10/site-packages/airflow/example_dags/example_trigger_controller_dag.py for tasks to queue
[2025-05-09T16:18:06.070+0000] {logging_mixin.py:188} INFO - [2025-05-09T16:18:06.069+0000] {dagbag.py:545} INFO - Filling up the DagBag from /home/airflow/.local/lib/python3.10/site-packages/airflow/example_dags/example_trigger_controller_dag.py
[2025-05-09T16:18:06.076+0000] {processor.py:840} INFO - DAG(s) 'example_trigger_controller_dag' retrieved from /home/airflow/.local/lib/python3.10/site-packages/airflow/example_dags/example_trigger_controller_dag.py
[2025-05-09T16:18:06.107+0000] {logging_mixin.py:188} INFO - [2025-05-09T16:18:06.106+0000] {dag.py:3096} INFO - Sync 1 DAGs
[2025-05-09T16:18:06.140+0000] {logging_mixin.py:188} INFO - [2025-05-09T16:18:06.140+0000] {dag.py:3954} INFO - Setting next_dagrun for example_trigger_controller_dag to 2021-01-01 00:00:00+00:00, run_after=2021-01-01 00:00:00+00:00
[2025-05-09T16:18:06.172+0000] {processor.py:183} INFO - Processing /home/airflow/.local/lib/python3.10/site-packages/airflow/example_dags/example_trigger_controller_dag.py took 0.116 seconds
[2025-05-09T16:18:36.513+0000] {processor.py:161} INFO - Started process (PID=7575) to work on /home/airflow/.local/lib/python3.10/site-packages/airflow/example_dags/example_trigger_controller_dag.py
[2025-05-09T16:18:36.515+0000] {processor.py:830} INFO - Processing file /home/airflow/.local/lib/python3.10/site-packages/airflow/example_dags/example_trigger_controller_dag.py for tasks to queue
[2025-05-09T16:18:36.518+0000] {logging_mixin.py:188} INFO - [2025-05-09T16:18:36.518+0000] {dagbag.py:545} INFO - Filling up the DagBag from /home/airflow/.local/lib/python3.10/site-packages/airflow/example_dags/example_trigger_controller_dag.py
[2025-05-09T16:18:36.524+0000] {processor.py:840} INFO - DAG(s) 'example_trigger_controller_dag' retrieved from /home/airflow/.local/lib/python3.10/site-packages/airflow/example_dags/example_trigger_controller_dag.py
[2025-05-09T16:18:36.556+0000] {logging_mixin.py:188} INFO - [2025-05-09T16:18:36.556+0000] {dag.py:3096} INFO - Sync 1 DAGs
[2025-05-09T16:18:36.589+0000] {logging_mixin.py:188} INFO - [2025-05-09T16:18:36.589+0000] {dag.py:3954} INFO - Setting next_dagrun for example_trigger_controller_dag to 2021-01-01 00:00:00+00:00, run_after=2021-01-01 00:00:00+00:00
[2025-05-09T16:18:36.619+0000] {processor.py:183} INFO - Processing /home/airflow/.local/lib/python3.10/site-packages/airflow/example_dags/example_trigger_controller_dag.py took 0.113 seconds
[2025-05-09T16:19:07.207+0000] {processor.py:161} INFO - Started process (PID=7863) to work on /home/airflow/.local/lib/python3.10/site-packages/airflow/example_dags/example_trigger_controller_dag.py
[2025-05-09T16:19:07.209+0000] {processor.py:830} INFO - Processing file /home/airflow/.local/lib/python3.10/site-packages/airflow/example_dags/example_trigger_controller_dag.py for tasks to queue
[2025-05-09T16:19:07.212+0000] {logging_mixin.py:188} INFO - [2025-05-09T16:19:07.212+0000] {dagbag.py:545} INFO - Filling up the DagBag from /home/airflow/.local/lib/python3.10/site-packages/airflow/example_dags/example_trigger_controller_dag.py
[2025-05-09T16:19:07.218+0000] {processor.py:840} INFO - DAG(s) 'example_trigger_controller_dag' retrieved from /home/airflow/.local/lib/python3.10/site-packages/airflow/example_dags/example_trigger_controller_dag.py
[2025-05-09T16:19:07.245+0000] {logging_mixin.py:188} INFO - [2025-05-09T16:19:07.245+0000] {dag.py:3096} INFO - Sync 1 DAGs
[2025-05-09T16:19:07.271+0000] {logging_mixin.py:188} INFO - [2025-05-09T16:19:07.271+0000] {dag.py:3954} INFO - Setting next_dagrun for example_trigger_controller_dag to 2021-01-01 00:00:00+00:00, run_after=2021-01-01 00:00:00+00:00
[2025-05-09T16:19:07.297+0000] {processor.py:183} INFO - Processing /home/airflow/.local/lib/python3.10/site-packages/airflow/example_dags/example_trigger_controller_dag.py took 0.097 seconds
[2025-05-09T16:19:37.433+0000] {processor.py:161} INFO - Started process (PID=8136) to work on /home/airflow/.local/lib/python3.10/site-packages/airflow/example_dags/example_trigger_controller_dag.py
[2025-05-09T16:19:37.435+0000] {processor.py:830} INFO - Processing file /home/airflow/.local/lib/python3.10/site-packages/airflow/example_dags/example_trigger_controller_dag.py for tasks to queue
[2025-05-09T16:19:37.438+0000] {logging_mixin.py:188} INFO - [2025-05-09T16:19:37.438+0000] {dagbag.py:545} INFO - Filling up the DagBag from /home/airflow/.local/lib/python3.10/site-packages/airflow/example_dags/example_trigger_controller_dag.py
[2025-05-09T16:19:37.445+0000] {processor.py:840} INFO - DAG(s) 'example_trigger_controller_dag' retrieved from /home/airflow/.local/lib/python3.10/site-packages/airflow/example_dags/example_trigger_controller_dag.py
[2025-05-09T16:19:37.482+0000] {logging_mixin.py:188} INFO - [2025-05-09T16:19:37.482+0000] {dag.py:3096} INFO - Sync 1 DAGs
[2025-05-09T16:19:37.515+0000] {logging_mixin.py:188} INFO - [2025-05-09T16:19:37.514+0000] {dag.py:3954} INFO - Setting next_dagrun for example_trigger_controller_dag to 2021-01-01 00:00:00+00:00, run_after=2021-01-01 00:00:00+00:00
[2025-05-09T16:19:37.553+0000] {processor.py:183} INFO - Processing /home/airflow/.local/lib/python3.10/site-packages/airflow/example_dags/example_trigger_controller_dag.py took 0.127 seconds
[2025-05-09T16:20:08.158+0000] {processor.py:161} INFO - Started process (PID=8455) to work on /home/airflow/.local/lib/python3.10/site-packages/airflow/example_dags/example_trigger_controller_dag.py
[2025-05-09T16:20:08.160+0000] {processor.py:830} INFO - Processing file /home/airflow/.local/lib/python3.10/site-packages/airflow/example_dags/example_trigger_controller_dag.py for tasks to queue
[2025-05-09T16:20:08.163+0000] {logging_mixin.py:188} INFO - [2025-05-09T16:20:08.163+0000] {dagbag.py:545} INFO - Filling up the DagBag from /home/airflow/.local/lib/python3.10/site-packages/airflow/example_dags/example_trigger_controller_dag.py
[2025-05-09T16:20:08.173+0000] {processor.py:840} INFO - DAG(s) 'example_trigger_controller_dag' retrieved from /home/airflow/.local/lib/python3.10/site-packages/airflow/example_dags/example_trigger_controller_dag.py
[2025-05-09T16:20:08.202+0000] {logging_mixin.py:188} INFO - [2025-05-09T16:20:08.202+0000] {dag.py:3096} INFO - Sync 1 DAGs
[2025-05-09T16:20:08.226+0000] {logging_mixin.py:188} INFO - [2025-05-09T16:20:08.226+0000] {dag.py:3954} INFO - Setting next_dagrun for example_trigger_controller_dag to 2021-01-01 00:00:00+00:00, run_after=2021-01-01 00:00:00+00:00
[2025-05-09T16:20:08.257+0000] {processor.py:183} INFO - Processing /home/airflow/.local/lib/python3.10/site-packages/airflow/example_dags/example_trigger_controller_dag.py took 0.106 seconds
[2025-05-09T16:20:38.822+0000] {processor.py:161} INFO - Started process (PID=8717) to work on /home/airflow/.local/lib/python3.10/site-packages/airflow/example_dags/example_trigger_controller_dag.py
[2025-05-09T16:20:38.824+0000] {processor.py:830} INFO - Processing file /home/airflow/.local/lib/python3.10/site-packages/airflow/example_dags/example_trigger_controller_dag.py for tasks to queue
[2025-05-09T16:20:38.828+0000] {logging_mixin.py:188} INFO - [2025-05-09T16:20:38.827+0000] {dagbag.py:545} INFO - Filling up the DagBag from /home/airflow/.local/lib/python3.10/site-packages/airflow/example_dags/example_trigger_controller_dag.py
[2025-05-09T16:20:38.834+0000] {processor.py:840} INFO - DAG(s) 'example_trigger_controller_dag' retrieved from /home/airflow/.local/lib/python3.10/site-packages/airflow/example_dags/example_trigger_controller_dag.py
[2025-05-09T16:20:38.856+0000] {logging_mixin.py:188} INFO - [2025-05-09T16:20:38.856+0000] {dag.py:3096} INFO - Sync 1 DAGs
[2025-05-09T16:20:38.879+0000] {logging_mixin.py:188} INFO - [2025-05-09T16:20:38.879+0000] {dag.py:3954} INFO - Setting next_dagrun for example_trigger_controller_dag to 2021-01-01 00:00:00+00:00, run_after=2021-01-01 00:00:00+00:00
[2025-05-09T16:20:38.900+0000] {processor.py:183} INFO - Processing /home/airflow/.local/lib/python3.10/site-packages/airflow/example_dags/example_trigger_controller_dag.py took 0.085 seconds
[2025-05-09T16:21:09.763+0000] {processor.py:161} INFO - Started process (PID=9025) to work on /home/airflow/.local/lib/python3.10/site-packages/airflow/example_dags/example_trigger_controller_dag.py
[2025-05-09T16:21:09.766+0000] {processor.py:830} INFO - Processing file /home/airflow/.local/lib/python3.10/site-packages/airflow/example_dags/example_trigger_controller_dag.py for tasks to queue
[2025-05-09T16:21:09.770+0000] {logging_mixin.py:188} INFO - [2025-05-09T16:21:09.769+0000] {dagbag.py:545} INFO - Filling up the DagBag from /home/airflow/.local/lib/python3.10/site-packages/airflow/example_dags/example_trigger_controller_dag.py
[2025-05-09T16:21:09.779+0000] {processor.py:840} INFO - DAG(s) 'example_trigger_controller_dag' retrieved from /home/airflow/.local/lib/python3.10/site-packages/airflow/example_dags/example_trigger_controller_dag.py
[2025-05-09T16:21:09.824+0000] {logging_mixin.py:188} INFO - [2025-05-09T16:21:09.823+0000] {dag.py:3096} INFO - Sync 1 DAGs
[2025-05-09T16:21:09.871+0000] {logging_mixin.py:188} INFO - [2025-05-09T16:21:09.870+0000] {dag.py:3954} INFO - Setting next_dagrun for example_trigger_controller_dag to 2021-01-01 00:00:00+00:00, run_after=2021-01-01 00:00:00+00:00
[2025-05-09T16:21:09.918+0000] {processor.py:183} INFO - Processing /home/airflow/.local/lib/python3.10/site-packages/airflow/example_dags/example_trigger_controller_dag.py took 0.167 seconds
[2025-05-09T16:21:40.120+0000] {processor.py:161} INFO - Started process (PID=9344) to work on /home/airflow/.local/lib/python3.10/site-packages/airflow/example_dags/example_trigger_controller_dag.py
[2025-05-09T16:21:40.122+0000] {processor.py:830} INFO - Processing file /home/airflow/.local/lib/python3.10/site-packages/airflow/example_dags/example_trigger_controller_dag.py for tasks to queue
[2025-05-09T16:21:40.124+0000] {logging_mixin.py:188} INFO - [2025-05-09T16:21:40.124+0000] {dagbag.py:545} INFO - Filling up the DagBag from /home/airflow/.local/lib/python3.10/site-packages/airflow/example_dags/example_trigger_controller_dag.py
[2025-05-09T16:21:40.131+0000] {processor.py:840} INFO - DAG(s) 'example_trigger_controller_dag' retrieved from /home/airflow/.local/lib/python3.10/site-packages/airflow/example_dags/example_trigger_controller_dag.py
[2025-05-09T16:21:40.150+0000] {logging_mixin.py:188} INFO - [2025-05-09T16:21:40.150+0000] {dag.py:3096} INFO - Sync 1 DAGs
[2025-05-09T16:21:40.172+0000] {logging_mixin.py:188} INFO - [2025-05-09T16:21:40.172+0000] {dag.py:3954} INFO - Setting next_dagrun for example_trigger_controller_dag to 2021-01-01 00:00:00+00:00, run_after=2021-01-01 00:00:00+00:00
[2025-05-09T16:21:40.195+0000] {processor.py:183} INFO - Processing /home/airflow/.local/lib/python3.10/site-packages/airflow/example_dags/example_trigger_controller_dag.py took 0.081 seconds
[2025-05-09T16:22:10.768+0000] {processor.py:161} INFO - Started process (PID=9675) to work on /home/airflow/.local/lib/python3.10/site-packages/airflow/example_dags/example_trigger_controller_dag.py
[2025-05-09T16:22:10.770+0000] {processor.py:830} INFO - Processing file /home/airflow/.local/lib/python3.10/site-packages/airflow/example_dags/example_trigger_controller_dag.py for tasks to queue
[2025-05-09T16:22:10.772+0000] {logging_mixin.py:188} INFO - [2025-05-09T16:22:10.772+0000] {dagbag.py:545} INFO - Filling up the DagBag from /home/airflow/.local/lib/python3.10/site-packages/airflow/example_dags/example_trigger_controller_dag.py
[2025-05-09T16:22:10.778+0000] {processor.py:840} INFO - DAG(s) 'example_trigger_controller_dag' retrieved from /home/airflow/.local/lib/python3.10/site-packages/airflow/example_dags/example_trigger_controller_dag.py
[2025-05-09T16:22:10.810+0000] {logging_mixin.py:188} INFO - [2025-05-09T16:22:10.809+0000] {dag.py:3096} INFO - Sync 1 DAGs
[2025-05-09T16:22:10.843+0000] {logging_mixin.py:188} INFO - [2025-05-09T16:22:10.843+0000] {dag.py:3954} INFO - Setting next_dagrun for example_trigger_controller_dag to 2021-01-01 00:00:00+00:00, run_after=2021-01-01 00:00:00+00:00
[2025-05-09T16:22:10.882+0000] {processor.py:183} INFO - Processing /home/airflow/.local/lib/python3.10/site-packages/airflow/example_dags/example_trigger_controller_dag.py took 0.121 seconds
[2025-05-09T16:22:40.930+0000] {processor.py:161} INFO - Started process (PID=9946) to work on /home/airflow/.local/lib/python3.10/site-packages/airflow/example_dags/example_trigger_controller_dag.py
[2025-05-09T16:22:40.932+0000] {processor.py:830} INFO - Processing file /home/airflow/.local/lib/python3.10/site-packages/airflow/example_dags/example_trigger_controller_dag.py for tasks to queue
[2025-05-09T16:22:40.934+0000] {logging_mixin.py:188} INFO - [2025-05-09T16:22:40.933+0000] {dagbag.py:545} INFO - Filling up the DagBag from /home/airflow/.local/lib/python3.10/site-packages/airflow/example_dags/example_trigger_controller_dag.py
[2025-05-09T16:22:40.938+0000] {processor.py:840} INFO - DAG(s) 'example_trigger_controller_dag' retrieved from /home/airflow/.local/lib/python3.10/site-packages/airflow/example_dags/example_trigger_controller_dag.py
[2025-05-09T16:22:40.955+0000] {logging_mixin.py:188} INFO - [2025-05-09T16:22:40.954+0000] {dag.py:3096} INFO - Sync 1 DAGs
[2025-05-09T16:22:40.972+0000] {logging_mixin.py:188} INFO - [2025-05-09T16:22:40.972+0000] {dag.py:3954} INFO - Setting next_dagrun for example_trigger_controller_dag to 2021-01-01 00:00:00+00:00, run_after=2021-01-01 00:00:00+00:00
[2025-05-09T16:22:40.988+0000] {processor.py:183} INFO - Processing /home/airflow/.local/lib/python3.10/site-packages/airflow/example_dags/example_trigger_controller_dag.py took 0.064 seconds
[2025-05-09T16:23:11.415+0000] {processor.py:161} INFO - Started process (PID=10264) to work on /home/airflow/.local/lib/python3.10/site-packages/airflow/example_dags/example_trigger_controller_dag.py
[2025-05-09T16:23:11.417+0000] {processor.py:830} INFO - Processing file /home/airflow/.local/lib/python3.10/site-packages/airflow/example_dags/example_trigger_controller_dag.py for tasks to queue
[2025-05-09T16:23:11.420+0000] {logging_mixin.py:188} INFO - [2025-05-09T16:23:11.419+0000] {dagbag.py:545} INFO - Filling up the DagBag from /home/airflow/.local/lib/python3.10/site-packages/airflow/example_dags/example_trigger_controller_dag.py
[2025-05-09T16:23:11.425+0000] {processor.py:840} INFO - DAG(s) 'example_trigger_controller_dag' retrieved from /home/airflow/.local/lib/python3.10/site-packages/airflow/example_dags/example_trigger_controller_dag.py
[2025-05-09T16:23:11.452+0000] {logging_mixin.py:188} INFO - [2025-05-09T16:23:11.452+0000] {dag.py:3096} INFO - Sync 1 DAGs
[2025-05-09T16:23:11.471+0000] {logging_mixin.py:188} INFO - [2025-05-09T16:23:11.471+0000] {dag.py:3954} INFO - Setting next_dagrun for example_trigger_controller_dag to 2021-01-01 00:00:00+00:00, run_after=2021-01-01 00:00:00+00:00
[2025-05-09T16:23:11.487+0000] {processor.py:183} INFO - Processing /home/airflow/.local/lib/python3.10/site-packages/airflow/example_dags/example_trigger_controller_dag.py took 0.079 seconds
[2025-05-09T16:23:41.599+0000] {processor.py:161} INFO - Started process (PID=10524) to work on /home/airflow/.local/lib/python3.10/site-packages/airflow/example_dags/example_trigger_controller_dag.py
[2025-05-09T16:23:41.601+0000] {processor.py:830} INFO - Processing file /home/airflow/.local/lib/python3.10/site-packages/airflow/example_dags/example_trigger_controller_dag.py for tasks to queue
[2025-05-09T16:23:41.603+0000] {logging_mixin.py:188} INFO - [2025-05-09T16:23:41.602+0000] {dagbag.py:545} INFO - Filling up the DagBag from /home/airflow/.local/lib/python3.10/site-packages/airflow/example_dags/example_trigger_controller_dag.py
[2025-05-09T16:23:41.607+0000] {processor.py:840} INFO - DAG(s) 'example_trigger_controller_dag' retrieved from /home/airflow/.local/lib/python3.10/site-packages/airflow/example_dags/example_trigger_controller_dag.py
[2025-05-09T16:23:41.625+0000] {logging_mixin.py:188} INFO - [2025-05-09T16:23:41.625+0000] {dag.py:3096} INFO - Sync 1 DAGs
[2025-05-09T16:23:41.642+0000] {logging_mixin.py:188} INFO - [2025-05-09T16:23:41.642+0000] {dag.py:3954} INFO - Setting next_dagrun for example_trigger_controller_dag to 2021-01-01 00:00:00+00:00, run_after=2021-01-01 00:00:00+00:00
[2025-05-09T16:23:41.659+0000] {processor.py:183} INFO - Processing /home/airflow/.local/lib/python3.10/site-packages/airflow/example_dags/example_trigger_controller_dag.py took 0.066 seconds
[2025-05-09T16:24:12.420+0000] {processor.py:161} INFO - Started process (PID=10837) to work on /home/airflow/.local/lib/python3.10/site-packages/airflow/example_dags/example_trigger_controller_dag.py
[2025-05-09T16:24:12.422+0000] {processor.py:830} INFO - Processing file /home/airflow/.local/lib/python3.10/site-packages/airflow/example_dags/example_trigger_controller_dag.py for tasks to queue
[2025-05-09T16:24:12.425+0000] {logging_mixin.py:188} INFO - [2025-05-09T16:24:12.424+0000] {dagbag.py:545} INFO - Filling up the DagBag from /home/airflow/.local/lib/python3.10/site-packages/airflow/example_dags/example_trigger_controller_dag.py
[2025-05-09T16:24:12.430+0000] {processor.py:840} INFO - DAG(s) 'example_trigger_controller_dag' retrieved from /home/airflow/.local/lib/python3.10/site-packages/airflow/example_dags/example_trigger_controller_dag.py
[2025-05-09T16:24:12.451+0000] {logging_mixin.py:188} INFO - [2025-05-09T16:24:12.451+0000] {dag.py:3096} INFO - Sync 1 DAGs
[2025-05-09T16:24:12.475+0000] {logging_mixin.py:188} INFO - [2025-05-09T16:24:12.475+0000] {dag.py:3954} INFO - Setting next_dagrun for example_trigger_controller_dag to 2021-01-01 00:00:00+00:00, run_after=2021-01-01 00:00:00+00:00
[2025-05-09T16:24:12.498+0000] {processor.py:183} INFO - Processing /home/airflow/.local/lib/python3.10/site-packages/airflow/example_dags/example_trigger_controller_dag.py took 0.084 seconds
[2025-05-09T16:24:43.126+0000] {processor.py:161} INFO - Started process (PID=11111) to work on /home/airflow/.local/lib/python3.10/site-packages/airflow/example_dags/example_trigger_controller_dag.py
[2025-05-09T16:24:43.127+0000] {processor.py:830} INFO - Processing file /home/airflow/.local/lib/python3.10/site-packages/airflow/example_dags/example_trigger_controller_dag.py for tasks to queue
[2025-05-09T16:24:43.129+0000] {logging_mixin.py:188} INFO - [2025-05-09T16:24:43.129+0000] {dagbag.py:545} INFO - Filling up the DagBag from /home/airflow/.local/lib/python3.10/site-packages/airflow/example_dags/example_trigger_controller_dag.py
[2025-05-09T16:24:43.133+0000] {processor.py:840} INFO - DAG(s) 'example_trigger_controller_dag' retrieved from /home/airflow/.local/lib/python3.10/site-packages/airflow/example_dags/example_trigger_controller_dag.py
[2025-05-09T16:24:43.157+0000] {logging_mixin.py:188} INFO - [2025-05-09T16:24:43.157+0000] {dag.py:3096} INFO - Sync 1 DAGs
[2025-05-09T16:24:43.177+0000] {logging_mixin.py:188} INFO - [2025-05-09T16:24:43.177+0000] {dag.py:3954} INFO - Setting next_dagrun for example_trigger_controller_dag to 2021-01-01 00:00:00+00:00, run_after=2021-01-01 00:00:00+00:00
[2025-05-09T16:24:43.198+0000] {processor.py:183} INFO - Processing /home/airflow/.local/lib/python3.10/site-packages/airflow/example_dags/example_trigger_controller_dag.py took 0.080 seconds
[2025-05-09T16:25:13.934+0000] {processor.py:161} INFO - Started process (PID=11471) to work on /home/airflow/.local/lib/python3.10/site-packages/airflow/example_dags/example_trigger_controller_dag.py
[2025-05-09T16:25:13.936+0000] {processor.py:830} INFO - Processing file /home/airflow/.local/lib/python3.10/site-packages/airflow/example_dags/example_trigger_controller_dag.py for tasks to queue
[2025-05-09T16:25:13.938+0000] {logging_mixin.py:188} INFO - [2025-05-09T16:25:13.937+0000] {dagbag.py:545} INFO - Filling up the DagBag from /home/airflow/.local/lib/python3.10/site-packages/airflow/example_dags/example_trigger_controller_dag.py
[2025-05-09T16:25:13.944+0000] {processor.py:840} INFO - DAG(s) 'example_trigger_controller_dag' retrieved from /home/airflow/.local/lib/python3.10/site-packages/airflow/example_dags/example_trigger_controller_dag.py
[2025-05-09T16:25:13.965+0000] {logging_mixin.py:188} INFO - [2025-05-09T16:25:13.965+0000] {dag.py:3096} INFO - Sync 1 DAGs
[2025-05-09T16:25:13.987+0000] {logging_mixin.py:188} INFO - [2025-05-09T16:25:13.987+0000] {dag.py:3954} INFO - Setting next_dagrun for example_trigger_controller_dag to 2021-01-01 00:00:00+00:00, run_after=2021-01-01 00:00:00+00:00
[2025-05-09T16:25:14.009+0000] {processor.py:183} INFO - Processing /home/airflow/.local/lib/python3.10/site-packages/airflow/example_dags/example_trigger_controller_dag.py took 0.083 seconds
[2025-05-09T16:25:45.012+0000] {processor.py:161} INFO - Started process (PID=11745) to work on /home/airflow/.local/lib/python3.10/site-packages/airflow/example_dags/example_trigger_controller_dag.py
[2025-05-09T16:25:45.014+0000] {processor.py:830} INFO - Processing file /home/airflow/.local/lib/python3.10/site-packages/airflow/example_dags/example_trigger_controller_dag.py for tasks to queue
[2025-05-09T16:25:45.018+0000] {logging_mixin.py:188} INFO - [2025-05-09T16:25:45.017+0000] {dagbag.py:545} INFO - Filling up the DagBag from /home/airflow/.local/lib/python3.10/site-packages/airflow/example_dags/example_trigger_controller_dag.py
[2025-05-09T16:25:45.024+0000] {processor.py:840} INFO - DAG(s) 'example_trigger_controller_dag' retrieved from /home/airflow/.local/lib/python3.10/site-packages/airflow/example_dags/example_trigger_controller_dag.py
[2025-05-09T16:25:45.054+0000] {logging_mixin.py:188} INFO - [2025-05-09T16:25:45.053+0000] {dag.py:3096} INFO - Sync 1 DAGs
[2025-05-09T16:25:45.090+0000] {logging_mixin.py:188} INFO - [2025-05-09T16:25:45.089+0000] {dag.py:3954} INFO - Setting next_dagrun for example_trigger_controller_dag to 2021-01-01 00:00:00+00:00, run_after=2021-01-01 00:00:00+00:00
[2025-05-09T16:25:45.121+0000] {processor.py:183} INFO - Processing /home/airflow/.local/lib/python3.10/site-packages/airflow/example_dags/example_trigger_controller_dag.py took 0.118 seconds
[2025-05-09T16:26:15.267+0000] {processor.py:161} INFO - Started process (PID=12066) to work on /home/airflow/.local/lib/python3.10/site-packages/airflow/example_dags/example_trigger_controller_dag.py
[2025-05-09T16:26:15.269+0000] {processor.py:830} INFO - Processing file /home/airflow/.local/lib/python3.10/site-packages/airflow/example_dags/example_trigger_controller_dag.py for tasks to queue
[2025-05-09T16:26:15.271+0000] {logging_mixin.py:188} INFO - [2025-05-09T16:26:15.271+0000] {dagbag.py:545} INFO - Filling up the DagBag from /home/airflow/.local/lib/python3.10/site-packages/airflow/example_dags/example_trigger_controller_dag.py
[2025-05-09T16:26:15.277+0000] {processor.py:840} INFO - DAG(s) 'example_trigger_controller_dag' retrieved from /home/airflow/.local/lib/python3.10/site-packages/airflow/example_dags/example_trigger_controller_dag.py
[2025-05-09T16:26:15.299+0000] {logging_mixin.py:188} INFO - [2025-05-09T16:26:15.299+0000] {dag.py:3096} INFO - Sync 1 DAGs
[2025-05-09T16:26:15.322+0000] {logging_mixin.py:188} INFO - [2025-05-09T16:26:15.322+0000] {dag.py:3954} INFO - Setting next_dagrun for example_trigger_controller_dag to 2021-01-01 00:00:00+00:00, run_after=2021-01-01 00:00:00+00:00
[2025-05-09T16:26:15.345+0000] {processor.py:183} INFO - Processing /home/airflow/.local/lib/python3.10/site-packages/airflow/example_dags/example_trigger_controller_dag.py took 0.085 seconds
[2025-05-09T16:26:45.510+0000] {processor.py:161} INFO - Started process (PID=12341) to work on /home/airflow/.local/lib/python3.10/site-packages/airflow/example_dags/example_trigger_controller_dag.py
[2025-05-09T16:26:45.512+0000] {processor.py:830} INFO - Processing file /home/airflow/.local/lib/python3.10/site-packages/airflow/example_dags/example_trigger_controller_dag.py for tasks to queue
[2025-05-09T16:26:45.514+0000] {logging_mixin.py:188} INFO - [2025-05-09T16:26:45.514+0000] {dagbag.py:545} INFO - Filling up the DagBag from /home/airflow/.local/lib/python3.10/site-packages/airflow/example_dags/example_trigger_controller_dag.py
[2025-05-09T16:26:45.520+0000] {processor.py:840} INFO - DAG(s) 'example_trigger_controller_dag' retrieved from /home/airflow/.local/lib/python3.10/site-packages/airflow/example_dags/example_trigger_controller_dag.py
[2025-05-09T16:26:45.542+0000] {logging_mixin.py:188} INFO - [2025-05-09T16:26:45.541+0000] {dag.py:3096} INFO - Sync 1 DAGs
[2025-05-09T16:26:45.563+0000] {logging_mixin.py:188} INFO - [2025-05-09T16:26:45.562+0000] {dag.py:3954} INFO - Setting next_dagrun for example_trigger_controller_dag to 2021-01-01 00:00:00+00:00, run_after=2021-01-01 00:00:00+00:00
[2025-05-09T16:26:45.586+0000] {processor.py:183} INFO - Processing /home/airflow/.local/lib/python3.10/site-packages/airflow/example_dags/example_trigger_controller_dag.py took 0.082 seconds
[2025-05-09T16:27:16.459+0000] {processor.py:161} INFO - Started process (PID=12660) to work on /home/airflow/.local/lib/python3.10/site-packages/airflow/example_dags/example_trigger_controller_dag.py
[2025-05-09T16:27:16.461+0000] {processor.py:830} INFO - Processing file /home/airflow/.local/lib/python3.10/site-packages/airflow/example_dags/example_trigger_controller_dag.py for tasks to queue
[2025-05-09T16:27:16.463+0000] {logging_mixin.py:188} INFO - [2025-05-09T16:27:16.463+0000] {dagbag.py:545} INFO - Filling up the DagBag from /home/airflow/.local/lib/python3.10/site-packages/airflow/example_dags/example_trigger_controller_dag.py
[2025-05-09T16:27:16.470+0000] {processor.py:840} INFO - DAG(s) 'example_trigger_controller_dag' retrieved from /home/airflow/.local/lib/python3.10/site-packages/airflow/example_dags/example_trigger_controller_dag.py
[2025-05-09T16:27:16.497+0000] {logging_mixin.py:188} INFO - [2025-05-09T16:27:16.496+0000] {dag.py:3096} INFO - Sync 1 DAGs
[2025-05-09T16:27:16.523+0000] {logging_mixin.py:188} INFO - [2025-05-09T16:27:16.523+0000] {dag.py:3954} INFO - Setting next_dagrun for example_trigger_controller_dag to 2021-01-01 00:00:00+00:00, run_after=2021-01-01 00:00:00+00:00
[2025-05-09T16:27:16.562+0000] {processor.py:183} INFO - Processing /home/airflow/.local/lib/python3.10/site-packages/airflow/example_dags/example_trigger_controller_dag.py took 0.108 seconds
[2025-05-09T16:27:46.973+0000] {processor.py:161} INFO - Started process (PID=12922) to work on /home/airflow/.local/lib/python3.10/site-packages/airflow/example_dags/example_trigger_controller_dag.py
[2025-05-09T16:27:46.975+0000] {processor.py:830} INFO - Processing file /home/airflow/.local/lib/python3.10/site-packages/airflow/example_dags/example_trigger_controller_dag.py for tasks to queue
[2025-05-09T16:27:46.980+0000] {logging_mixin.py:188} INFO - [2025-05-09T16:27:46.980+0000] {dagbag.py:545} INFO - Filling up the DagBag from /home/airflow/.local/lib/python3.10/site-packages/airflow/example_dags/example_trigger_controller_dag.py
[2025-05-09T16:27:46.988+0000] {processor.py:840} INFO - DAG(s) 'example_trigger_controller_dag' retrieved from /home/airflow/.local/lib/python3.10/site-packages/airflow/example_dags/example_trigger_controller_dag.py
[2025-05-09T16:27:47.025+0000] {logging_mixin.py:188} INFO - [2025-05-09T16:27:47.024+0000] {dag.py:3096} INFO - Sync 1 DAGs
[2025-05-09T16:27:47.056+0000] {logging_mixin.py:188} INFO - [2025-05-09T16:27:47.056+0000] {dag.py:3954} INFO - Setting next_dagrun for example_trigger_controller_dag to 2021-01-01 00:00:00+00:00, run_after=2021-01-01 00:00:00+00:00
[2025-05-09T16:27:47.088+0000] {processor.py:183} INFO - Processing /home/airflow/.local/lib/python3.10/site-packages/airflow/example_dags/example_trigger_controller_dag.py took 0.123 seconds
[2025-05-09T16:28:17.447+0000] {processor.py:161} INFO - Started process (PID=13220) to work on /home/airflow/.local/lib/python3.10/site-packages/airflow/example_dags/example_trigger_controller_dag.py
[2025-05-09T16:28:17.449+0000] {processor.py:830} INFO - Processing file /home/airflow/.local/lib/python3.10/site-packages/airflow/example_dags/example_trigger_controller_dag.py for tasks to queue
[2025-05-09T16:28:17.453+0000] {logging_mixin.py:188} INFO - [2025-05-09T16:28:17.452+0000] {dagbag.py:545} INFO - Filling up the DagBag from /home/airflow/.local/lib/python3.10/site-packages/airflow/example_dags/example_trigger_controller_dag.py
[2025-05-09T16:28:17.460+0000] {processor.py:840} INFO - DAG(s) 'example_trigger_controller_dag' retrieved from /home/airflow/.local/lib/python3.10/site-packages/airflow/example_dags/example_trigger_controller_dag.py
[2025-05-09T16:28:17.491+0000] {logging_mixin.py:188} INFO - [2025-05-09T16:28:17.491+0000] {dag.py:3096} INFO - Sync 1 DAGs
[2025-05-09T16:28:17.519+0000] {logging_mixin.py:188} INFO - [2025-05-09T16:28:17.518+0000] {dag.py:3954} INFO - Setting next_dagrun for example_trigger_controller_dag to 2021-01-01 00:00:00+00:00, run_after=2021-01-01 00:00:00+00:00
[2025-05-09T16:28:17.550+0000] {processor.py:183} INFO - Processing /home/airflow/.local/lib/python3.10/site-packages/airflow/example_dags/example_trigger_controller_dag.py took 0.112 seconds
[2025-05-09T16:28:48.189+0000] {processor.py:161} INFO - Started process (PID=13482) to work on /home/airflow/.local/lib/python3.10/site-packages/airflow/example_dags/example_trigger_controller_dag.py
[2025-05-09T16:28:48.191+0000] {processor.py:830} INFO - Processing file /home/airflow/.local/lib/python3.10/site-packages/airflow/example_dags/example_trigger_controller_dag.py for tasks to queue
[2025-05-09T16:28:48.194+0000] {logging_mixin.py:188} INFO - [2025-05-09T16:28:48.193+0000] {dagbag.py:545} INFO - Filling up the DagBag from /home/airflow/.local/lib/python3.10/site-packages/airflow/example_dags/example_trigger_controller_dag.py
[2025-05-09T16:28:48.199+0000] {processor.py:840} INFO - DAG(s) 'example_trigger_controller_dag' retrieved from /home/airflow/.local/lib/python3.10/site-packages/airflow/example_dags/example_trigger_controller_dag.py
[2025-05-09T16:28:48.225+0000] {logging_mixin.py:188} INFO - [2025-05-09T16:28:48.225+0000] {dag.py:3096} INFO - Sync 1 DAGs
[2025-05-09T16:28:48.254+0000] {logging_mixin.py:188} INFO - [2025-05-09T16:28:48.253+0000] {dag.py:3954} INFO - Setting next_dagrun for example_trigger_controller_dag to 2021-01-01 00:00:00+00:00, run_after=2021-01-01 00:00:00+00:00
[2025-05-09T16:28:48.304+0000] {processor.py:183} INFO - Processing /home/airflow/.local/lib/python3.10/site-packages/airflow/example_dags/example_trigger_controller_dag.py took 0.123 seconds
[2025-05-09T16:29:18.688+0000] {processor.py:161} INFO - Started process (PID=13819) to work on /home/airflow/.local/lib/python3.10/site-packages/airflow/example_dags/example_trigger_controller_dag.py
[2025-05-09T16:29:18.690+0000] {processor.py:830} INFO - Processing file /home/airflow/.local/lib/python3.10/site-packages/airflow/example_dags/example_trigger_controller_dag.py for tasks to queue
[2025-05-09T16:29:18.694+0000] {logging_mixin.py:188} INFO - [2025-05-09T16:29:18.693+0000] {dagbag.py:545} INFO - Filling up the DagBag from /home/airflow/.local/lib/python3.10/site-packages/airflow/example_dags/example_trigger_controller_dag.py
[2025-05-09T16:29:18.701+0000] {processor.py:840} INFO - DAG(s) 'example_trigger_controller_dag' retrieved from /home/airflow/.local/lib/python3.10/site-packages/airflow/example_dags/example_trigger_controller_dag.py
[2025-05-09T16:29:18.729+0000] {logging_mixin.py:188} INFO - [2025-05-09T16:29:18.729+0000] {dag.py:3096} INFO - Sync 1 DAGs
[2025-05-09T16:29:18.757+0000] {logging_mixin.py:188} INFO - [2025-05-09T16:29:18.757+0000] {dag.py:3954} INFO - Setting next_dagrun for example_trigger_controller_dag to 2021-01-01 00:00:00+00:00, run_after=2021-01-01 00:00:00+00:00
[2025-05-09T16:29:18.785+0000] {processor.py:183} INFO - Processing /home/airflow/.local/lib/python3.10/site-packages/airflow/example_dags/example_trigger_controller_dag.py took 0.103 seconds
[2025-05-09T16:29:49.702+0000] {processor.py:161} INFO - Started process (PID=14081) to work on /home/airflow/.local/lib/python3.10/site-packages/airflow/example_dags/example_trigger_controller_dag.py
[2025-05-09T16:29:49.704+0000] {processor.py:830} INFO - Processing file /home/airflow/.local/lib/python3.10/site-packages/airflow/example_dags/example_trigger_controller_dag.py for tasks to queue
[2025-05-09T16:29:49.706+0000] {logging_mixin.py:188} INFO - [2025-05-09T16:29:49.706+0000] {dagbag.py:545} INFO - Filling up the DagBag from /home/airflow/.local/lib/python3.10/site-packages/airflow/example_dags/example_trigger_controller_dag.py
[2025-05-09T16:29:49.713+0000] {processor.py:840} INFO - DAG(s) 'example_trigger_controller_dag' retrieved from /home/airflow/.local/lib/python3.10/site-packages/airflow/example_dags/example_trigger_controller_dag.py
[2025-05-09T16:29:49.736+0000] {logging_mixin.py:188} INFO - [2025-05-09T16:29:49.735+0000] {dag.py:3096} INFO - Sync 1 DAGs
[2025-05-09T16:29:49.755+0000] {logging_mixin.py:188} INFO - [2025-05-09T16:29:49.755+0000] {dag.py:3954} INFO - Setting next_dagrun for example_trigger_controller_dag to 2021-01-01 00:00:00+00:00, run_after=2021-01-01 00:00:00+00:00
[2025-05-09T16:29:49.777+0000] {processor.py:183} INFO - Processing /home/airflow/.local/lib/python3.10/site-packages/airflow/example_dags/example_trigger_controller_dag.py took 0.081 seconds
[2025-05-09T16:30:20.440+0000] {processor.py:161} INFO - Started process (PID=14394) to work on /home/airflow/.local/lib/python3.10/site-packages/airflow/example_dags/example_trigger_controller_dag.py
[2025-05-09T16:30:20.443+0000] {processor.py:830} INFO - Processing file /home/airflow/.local/lib/python3.10/site-packages/airflow/example_dags/example_trigger_controller_dag.py for tasks to queue
[2025-05-09T16:30:20.447+0000] {logging_mixin.py:188} INFO - [2025-05-09T16:30:20.446+0000] {dagbag.py:545} INFO - Filling up the DagBag from /home/airflow/.local/lib/python3.10/site-packages/airflow/example_dags/example_trigger_controller_dag.py
[2025-05-09T16:30:20.453+0000] {processor.py:840} INFO - DAG(s) 'example_trigger_controller_dag' retrieved from /home/airflow/.local/lib/python3.10/site-packages/airflow/example_dags/example_trigger_controller_dag.py
[2025-05-09T16:30:20.486+0000] {logging_mixin.py:188} INFO - [2025-05-09T16:30:20.486+0000] {dag.py:3096} INFO - Sync 1 DAGs
[2025-05-09T16:30:20.516+0000] {logging_mixin.py:188} INFO - [2025-05-09T16:30:20.516+0000] {dag.py:3954} INFO - Setting next_dagrun for example_trigger_controller_dag to 2021-01-01 00:00:00+00:00, run_after=2021-01-01 00:00:00+00:00
[2025-05-09T16:30:20.562+0000] {processor.py:183} INFO - Processing /home/airflow/.local/lib/python3.10/site-packages/airflow/example_dags/example_trigger_controller_dag.py took 0.129 seconds
[2025-05-09T16:30:50.835+0000] {processor.py:161} INFO - Started process (PID=14656) to work on /home/airflow/.local/lib/python3.10/site-packages/airflow/example_dags/example_trigger_controller_dag.py
[2025-05-09T16:30:50.837+0000] {processor.py:830} INFO - Processing file /home/airflow/.local/lib/python3.10/site-packages/airflow/example_dags/example_trigger_controller_dag.py for tasks to queue
[2025-05-09T16:30:50.839+0000] {logging_mixin.py:188} INFO - [2025-05-09T16:30:50.839+0000] {dagbag.py:545} INFO - Filling up the DagBag from /home/airflow/.local/lib/python3.10/site-packages/airflow/example_dags/example_trigger_controller_dag.py
[2025-05-09T16:30:50.844+0000] {processor.py:840} INFO - DAG(s) 'example_trigger_controller_dag' retrieved from /home/airflow/.local/lib/python3.10/site-packages/airflow/example_dags/example_trigger_controller_dag.py
[2025-05-09T16:30:50.873+0000] {logging_mixin.py:188} INFO - [2025-05-09T16:30:50.873+0000] {dag.py:3096} INFO - Sync 1 DAGs
[2025-05-09T16:30:50.900+0000] {logging_mixin.py:188} INFO - [2025-05-09T16:30:50.900+0000] {dag.py:3954} INFO - Setting next_dagrun for example_trigger_controller_dag to 2021-01-01 00:00:00+00:00, run_after=2021-01-01 00:00:00+00:00
[2025-05-09T16:30:50.928+0000] {processor.py:183} INFO - Processing /home/airflow/.local/lib/python3.10/site-packages/airflow/example_dags/example_trigger_controller_dag.py took 0.100 seconds
