[2025-05-09T12:10:18.562+0000] {processor.py:161} INFO - Started process (PID=191) to work on /home/airflow/.local/lib/python3.10/site-packages/airflow/example_dags/example_params_ui_tutorial.py
[2025-05-09T12:10:18.564+0000] {processor.py:830} INFO - Processing file /home/airflow/.local/lib/python3.10/site-packages/airflow/example_dags/example_params_ui_tutorial.py for tasks to queue
[2025-05-09T12:10:18.568+0000] {logging_mixin.py:188} INFO - [2025-05-09T12:10:18.567+0000] {dagbag.py:545} INFO - Filling up the DagBag from /home/airflow/.local/lib/python3.10/site-packages/airflow/example_dags/example_params_ui_tutorial.py
[2025-05-09T12:10:18.588+0000] {processor.py:840} INFO - DAG(s) 'example_params_ui_tutorial' retrieved from /home/airflow/.local/lib/python3.10/site-packages/airflow/example_dags/example_params_ui_tutorial.py
[2025-05-09T12:10:18.608+0000] {logging_mixin.py:188} INFO - [2025-05-09T12:10:18.608+0000] {dag.py:3096} INFO - Sync 1 DAGs
[2025-05-09T12:10:18.635+0000] {logging_mixin.py:188} INFO - [2025-05-09T12:10:18.634+0000] {dag.py:3954} INFO - Setting next_dagrun for example_params_ui_tutorial to None, run_after=None
[2025-05-09T12:10:18.688+0000] {processor.py:183} INFO - Processing /home/airflow/.local/lib/python3.10/site-packages/airflow/example_dags/example_params_ui_tutorial.py took 0.139 seconds
[2025-05-09T12:10:49.253+0000] {processor.py:161} INFO - Started process (PID=447) to work on /home/airflow/.local/lib/python3.10/site-packages/airflow/example_dags/example_params_ui_tutorial.py
[2025-05-09T12:10:49.254+0000] {processor.py:830} INFO - Processing file /home/airflow/.local/lib/python3.10/site-packages/airflow/example_dags/example_params_ui_tutorial.py for tasks to queue
[2025-05-09T12:10:49.256+0000] {logging_mixin.py:188} INFO - [2025-05-09T12:10:49.256+0000] {dagbag.py:545} INFO - Filling up the DagBag from /home/airflow/.local/lib/python3.10/site-packages/airflow/example_dags/example_params_ui_tutorial.py
[2025-05-09T12:10:49.271+0000] {processor.py:840} INFO - DAG(s) 'example_params_ui_tutorial' retrieved from /home/airflow/.local/lib/python3.10/site-packages/airflow/example_dags/example_params_ui_tutorial.py
[2025-05-09T12:10:49.447+0000] {logging_mixin.py:188} INFO - [2025-05-09T12:10:49.447+0000] {dag.py:3096} INFO - Sync 1 DAGs
[2025-05-09T12:10:49.461+0000] {logging_mixin.py:188} INFO - [2025-05-09T12:10:49.461+0000] {dag.py:3954} INFO - Setting next_dagrun for example_params_ui_tutorial to None, run_after=None
[2025-05-09T12:10:49.493+0000] {processor.py:183} INFO - Processing /home/airflow/.local/lib/python3.10/site-packages/airflow/example_dags/example_params_ui_tutorial.py took 0.251 seconds
[2025-05-09T12:11:20.502+0000] {processor.py:161} INFO - Started process (PID=703) to work on /home/airflow/.local/lib/python3.10/site-packages/airflow/example_dags/example_params_ui_tutorial.py
[2025-05-09T12:11:20.504+0000] {processor.py:830} INFO - Processing file /home/airflow/.local/lib/python3.10/site-packages/airflow/example_dags/example_params_ui_tutorial.py for tasks to queue
[2025-05-09T12:11:20.511+0000] {logging_mixin.py:188} INFO - [2025-05-09T12:11:20.507+0000] {dagbag.py:545} INFO - Filling up the DagBag from /home/airflow/.local/lib/python3.10/site-packages/airflow/example_dags/example_params_ui_tutorial.py
[2025-05-09T12:11:20.536+0000] {processor.py:840} INFO - DAG(s) 'example_params_ui_tutorial' retrieved from /home/airflow/.local/lib/python3.10/site-packages/airflow/example_dags/example_params_ui_tutorial.py
[2025-05-09T12:11:20.621+0000] {logging_mixin.py:188} INFO - [2025-05-09T12:11:20.620+0000] {dag.py:3096} INFO - Sync 1 DAGs
[2025-05-09T12:11:20.640+0000] {logging_mixin.py:188} INFO - [2025-05-09T12:11:20.640+0000] {dag.py:3954} INFO - Setting next_dagrun for example_params_ui_tutorial to None, run_after=None
[2025-05-09T12:11:20.672+0000] {processor.py:183} INFO - Processing /home/airflow/.local/lib/python3.10/site-packages/airflow/example_dags/example_params_ui_tutorial.py took 0.180 seconds
[2025-05-09T12:11:51.562+0000] {processor.py:161} INFO - Started process (PID=959) to work on /home/airflow/.local/lib/python3.10/site-packages/airflow/example_dags/example_params_ui_tutorial.py
[2025-05-09T12:11:51.568+0000] {processor.py:830} INFO - Processing file /home/airflow/.local/lib/python3.10/site-packages/airflow/example_dags/example_params_ui_tutorial.py for tasks to queue
[2025-05-09T12:11:51.571+0000] {logging_mixin.py:188} INFO - [2025-05-09T12:11:51.570+0000] {dagbag.py:545} INFO - Filling up the DagBag from /home/airflow/.local/lib/python3.10/site-packages/airflow/example_dags/example_params_ui_tutorial.py
[2025-05-09T12:11:51.589+0000] {processor.py:840} INFO - DAG(s) 'example_params_ui_tutorial' retrieved from /home/airflow/.local/lib/python3.10/site-packages/airflow/example_dags/example_params_ui_tutorial.py
[2025-05-09T12:11:51.652+0000] {logging_mixin.py:188} INFO - [2025-05-09T12:11:51.652+0000] {dag.py:3096} INFO - Sync 1 DAGs
[2025-05-09T12:11:51.668+0000] {logging_mixin.py:188} INFO - [2025-05-09T12:11:51.667+0000] {dag.py:3954} INFO - Setting next_dagrun for example_params_ui_tutorial to None, run_after=None
[2025-05-09T12:11:51.696+0000] {processor.py:183} INFO - Processing /home/airflow/.local/lib/python3.10/site-packages/airflow/example_dags/example_params_ui_tutorial.py took 0.152 seconds
[2025-05-09T12:12:22.186+0000] {processor.py:161} INFO - Started process (PID=1215) to work on /home/airflow/.local/lib/python3.10/site-packages/airflow/example_dags/example_params_ui_tutorial.py
[2025-05-09T12:12:22.188+0000] {processor.py:830} INFO - Processing file /home/airflow/.local/lib/python3.10/site-packages/airflow/example_dags/example_params_ui_tutorial.py for tasks to queue
[2025-05-09T12:12:22.193+0000] {logging_mixin.py:188} INFO - [2025-05-09T12:12:22.192+0000] {dagbag.py:545} INFO - Filling up the DagBag from /home/airflow/.local/lib/python3.10/site-packages/airflow/example_dags/example_params_ui_tutorial.py
[2025-05-09T12:12:22.217+0000] {processor.py:840} INFO - DAG(s) 'example_params_ui_tutorial' retrieved from /home/airflow/.local/lib/python3.10/site-packages/airflow/example_dags/example_params_ui_tutorial.py
[2025-05-09T12:12:22.287+0000] {logging_mixin.py:188} INFO - [2025-05-09T12:12:22.287+0000] {dag.py:3096} INFO - Sync 1 DAGs
[2025-05-09T12:12:22.303+0000] {logging_mixin.py:188} INFO - [2025-05-09T12:12:22.303+0000] {dag.py:3954} INFO - Setting next_dagrun for example_params_ui_tutorial to None, run_after=None
[2025-05-09T12:12:22.342+0000] {processor.py:183} INFO - Processing /home/airflow/.local/lib/python3.10/site-packages/airflow/example_dags/example_params_ui_tutorial.py took 0.173 seconds
[2025-05-09T12:12:52.426+0000] {processor.py:161} INFO - Started process (PID=1471) to work on /home/airflow/.local/lib/python3.10/site-packages/airflow/example_dags/example_params_ui_tutorial.py
[2025-05-09T12:12:52.427+0000] {processor.py:830} INFO - Processing file /home/airflow/.local/lib/python3.10/site-packages/airflow/example_dags/example_params_ui_tutorial.py for tasks to queue
[2025-05-09T12:12:52.429+0000] {logging_mixin.py:188} INFO - [2025-05-09T12:12:52.429+0000] {dagbag.py:545} INFO - Filling up the DagBag from /home/airflow/.local/lib/python3.10/site-packages/airflow/example_dags/example_params_ui_tutorial.py
[2025-05-09T12:12:52.445+0000] {processor.py:840} INFO - DAG(s) 'example_params_ui_tutorial' retrieved from /home/airflow/.local/lib/python3.10/site-packages/airflow/example_dags/example_params_ui_tutorial.py
[2025-05-09T12:12:52.528+0000] {logging_mixin.py:188} INFO - [2025-05-09T12:12:52.528+0000] {dag.py:3096} INFO - Sync 1 DAGs
[2025-05-09T12:12:52.546+0000] {logging_mixin.py:188} INFO - [2025-05-09T12:12:52.545+0000] {dag.py:3954} INFO - Setting next_dagrun for example_params_ui_tutorial to None, run_after=None
[2025-05-09T12:12:52.574+0000] {processor.py:183} INFO - Processing /home/airflow/.local/lib/python3.10/site-packages/airflow/example_dags/example_params_ui_tutorial.py took 0.156 seconds
[2025-05-09T12:13:22.701+0000] {processor.py:161} INFO - Started process (PID=1727) to work on /home/airflow/.local/lib/python3.10/site-packages/airflow/example_dags/example_params_ui_tutorial.py
[2025-05-09T12:13:22.703+0000] {processor.py:830} INFO - Processing file /home/airflow/.local/lib/python3.10/site-packages/airflow/example_dags/example_params_ui_tutorial.py for tasks to queue
[2025-05-09T12:13:22.706+0000] {logging_mixin.py:188} INFO - [2025-05-09T12:13:22.705+0000] {dagbag.py:545} INFO - Filling up the DagBag from /home/airflow/.local/lib/python3.10/site-packages/airflow/example_dags/example_params_ui_tutorial.py
[2025-05-09T12:13:22.721+0000] {processor.py:840} INFO - DAG(s) 'example_params_ui_tutorial' retrieved from /home/airflow/.local/lib/python3.10/site-packages/airflow/example_dags/example_params_ui_tutorial.py
[2025-05-09T12:13:22.794+0000] {logging_mixin.py:188} INFO - [2025-05-09T12:13:22.793+0000] {dag.py:3096} INFO - Sync 1 DAGs
[2025-05-09T12:13:22.811+0000] {logging_mixin.py:188} INFO - [2025-05-09T12:13:22.811+0000] {dag.py:3954} INFO - Setting next_dagrun for example_params_ui_tutorial to None, run_after=None
[2025-05-09T12:13:22.838+0000] {processor.py:183} INFO - Processing /home/airflow/.local/lib/python3.10/site-packages/airflow/example_dags/example_params_ui_tutorial.py took 0.146 seconds
[2025-05-09T12:13:53.011+0000] {processor.py:161} INFO - Started process (PID=1985) to work on /home/airflow/.local/lib/python3.10/site-packages/airflow/example_dags/example_params_ui_tutorial.py
[2025-05-09T12:13:53.013+0000] {processor.py:830} INFO - Processing file /home/airflow/.local/lib/python3.10/site-packages/airflow/example_dags/example_params_ui_tutorial.py for tasks to queue
[2025-05-09T12:13:53.015+0000] {logging_mixin.py:188} INFO - [2025-05-09T12:13:53.015+0000] {dagbag.py:545} INFO - Filling up the DagBag from /home/airflow/.local/lib/python3.10/site-packages/airflow/example_dags/example_params_ui_tutorial.py
[2025-05-09T12:13:53.030+0000] {processor.py:840} INFO - DAG(s) 'example_params_ui_tutorial' retrieved from /home/airflow/.local/lib/python3.10/site-packages/airflow/example_dags/example_params_ui_tutorial.py
[2025-05-09T12:13:53.095+0000] {logging_mixin.py:188} INFO - [2025-05-09T12:13:53.095+0000] {dag.py:3096} INFO - Sync 1 DAGs
[2025-05-09T12:13:53.113+0000] {logging_mixin.py:188} INFO - [2025-05-09T12:13:53.113+0000] {dag.py:3954} INFO - Setting next_dagrun for example_params_ui_tutorial to None, run_after=None
[2025-05-09T12:13:53.137+0000] {processor.py:183} INFO - Processing /home/airflow/.local/lib/python3.10/site-packages/airflow/example_dags/example_params_ui_tutorial.py took 0.133 seconds
[2025-05-09T12:14:23.596+0000] {processor.py:161} INFO - Started process (PID=2239) to work on /home/airflow/.local/lib/python3.10/site-packages/airflow/example_dags/example_params_ui_tutorial.py
[2025-05-09T12:14:23.597+0000] {processor.py:830} INFO - Processing file /home/airflow/.local/lib/python3.10/site-packages/airflow/example_dags/example_params_ui_tutorial.py for tasks to queue
[2025-05-09T12:14:23.600+0000] {logging_mixin.py:188} INFO - [2025-05-09T12:14:23.599+0000] {dagbag.py:545} INFO - Filling up the DagBag from /home/airflow/.local/lib/python3.10/site-packages/airflow/example_dags/example_params_ui_tutorial.py
[2025-05-09T12:14:23.614+0000] {processor.py:840} INFO - DAG(s) 'example_params_ui_tutorial' retrieved from /home/airflow/.local/lib/python3.10/site-packages/airflow/example_dags/example_params_ui_tutorial.py
[2025-05-09T12:14:23.753+0000] {logging_mixin.py:188} INFO - [2025-05-09T12:14:23.753+0000] {dag.py:3096} INFO - Sync 1 DAGs
[2025-05-09T12:14:23.772+0000] {logging_mixin.py:188} INFO - [2025-05-09T12:14:23.772+0000] {dag.py:3954} INFO - Setting next_dagrun for example_params_ui_tutorial to None, run_after=None
[2025-05-09T12:14:23.800+0000] {processor.py:183} INFO - Processing /home/airflow/.local/lib/python3.10/site-packages/airflow/example_dags/example_params_ui_tutorial.py took 0.214 seconds
[2025-05-09T12:14:54.009+0000] {processor.py:161} INFO - Started process (PID=2497) to work on /home/airflow/.local/lib/python3.10/site-packages/airflow/example_dags/example_params_ui_tutorial.py
[2025-05-09T12:14:54.012+0000] {processor.py:830} INFO - Processing file /home/airflow/.local/lib/python3.10/site-packages/airflow/example_dags/example_params_ui_tutorial.py for tasks to queue
[2025-05-09T12:14:54.019+0000] {logging_mixin.py:188} INFO - [2025-05-09T12:14:54.019+0000] {dagbag.py:545} INFO - Filling up the DagBag from /home/airflow/.local/lib/python3.10/site-packages/airflow/example_dags/example_params_ui_tutorial.py
[2025-05-09T12:14:54.034+0000] {processor.py:840} INFO - DAG(s) 'example_params_ui_tutorial' retrieved from /home/airflow/.local/lib/python3.10/site-packages/airflow/example_dags/example_params_ui_tutorial.py
[2025-05-09T12:14:54.104+0000] {logging_mixin.py:188} INFO - [2025-05-09T12:14:54.104+0000] {dag.py:3096} INFO - Sync 1 DAGs
[2025-05-09T12:14:54.123+0000] {logging_mixin.py:188} INFO - [2025-05-09T12:14:54.122+0000] {dag.py:3954} INFO - Setting next_dagrun for example_params_ui_tutorial to None, run_after=None
[2025-05-09T12:14:54.150+0000] {processor.py:183} INFO - Processing /home/airflow/.local/lib/python3.10/site-packages/airflow/example_dags/example_params_ui_tutorial.py took 0.153 seconds
[2025-05-09T12:15:24.549+0000] {processor.py:161} INFO - Started process (PID=2759) to work on /home/airflow/.local/lib/python3.10/site-packages/airflow/example_dags/example_params_ui_tutorial.py
[2025-05-09T12:15:24.550+0000] {processor.py:830} INFO - Processing file /home/airflow/.local/lib/python3.10/site-packages/airflow/example_dags/example_params_ui_tutorial.py for tasks to queue
[2025-05-09T12:15:24.553+0000] {logging_mixin.py:188} INFO - [2025-05-09T12:15:24.552+0000] {dagbag.py:545} INFO - Filling up the DagBag from /home/airflow/.local/lib/python3.10/site-packages/airflow/example_dags/example_params_ui_tutorial.py
[2025-05-09T12:15:24.568+0000] {processor.py:840} INFO - DAG(s) 'example_params_ui_tutorial' retrieved from /home/airflow/.local/lib/python3.10/site-packages/airflow/example_dags/example_params_ui_tutorial.py
[2025-05-09T12:15:24.634+0000] {logging_mixin.py:188} INFO - [2025-05-09T12:15:24.634+0000] {dag.py:3096} INFO - Sync 1 DAGs
[2025-05-09T12:15:24.651+0000] {logging_mixin.py:188} INFO - [2025-05-09T12:15:24.651+0000] {dag.py:3954} INFO - Setting next_dagrun for example_params_ui_tutorial to None, run_after=None
[2025-05-09T12:15:24.684+0000] {processor.py:183} INFO - Processing /home/airflow/.local/lib/python3.10/site-packages/airflow/example_dags/example_params_ui_tutorial.py took 0.142 seconds
[2025-05-09T12:43:51.465+0000] {processor.py:161} INFO - Started process (PID=197) to work on /home/airflow/.local/lib/python3.10/site-packages/airflow/example_dags/example_params_ui_tutorial.py
[2025-05-09T12:43:51.468+0000] {processor.py:830} INFO - Processing file /home/airflow/.local/lib/python3.10/site-packages/airflow/example_dags/example_params_ui_tutorial.py for tasks to queue
[2025-05-09T12:43:51.472+0000] {logging_mixin.py:188} INFO - [2025-05-09T12:43:51.471+0000] {dagbag.py:545} INFO - Filling up the DagBag from /home/airflow/.local/lib/python3.10/site-packages/airflow/example_dags/example_params_ui_tutorial.py
[2025-05-09T12:43:51.495+0000] {processor.py:840} INFO - DAG(s) 'example_params_ui_tutorial' retrieved from /home/airflow/.local/lib/python3.10/site-packages/airflow/example_dags/example_params_ui_tutorial.py
[2025-05-09T12:43:51.521+0000] {logging_mixin.py:188} INFO - [2025-05-09T12:43:51.520+0000] {dag.py:3096} INFO - Sync 1 DAGs
[2025-05-09T12:43:51.554+0000] {logging_mixin.py:188} INFO - [2025-05-09T12:43:51.554+0000] {dag.py:3954} INFO - Setting next_dagrun for example_params_ui_tutorial to None, run_after=None
[2025-05-09T12:43:51.610+0000] {processor.py:183} INFO - Processing /home/airflow/.local/lib/python3.10/site-packages/airflow/example_dags/example_params_ui_tutorial.py took 0.158 seconds
[2025-05-09T12:44:22.512+0000] {processor.py:161} INFO - Started process (PID=459) to work on /home/airflow/.local/lib/python3.10/site-packages/airflow/example_dags/example_params_ui_tutorial.py
[2025-05-09T12:44:22.514+0000] {processor.py:830} INFO - Processing file /home/airflow/.local/lib/python3.10/site-packages/airflow/example_dags/example_params_ui_tutorial.py for tasks to queue
[2025-05-09T12:44:22.516+0000] {logging_mixin.py:188} INFO - [2025-05-09T12:44:22.516+0000] {dagbag.py:545} INFO - Filling up the DagBag from /home/airflow/.local/lib/python3.10/site-packages/airflow/example_dags/example_params_ui_tutorial.py
[2025-05-09T12:44:22.533+0000] {processor.py:840} INFO - DAG(s) 'example_params_ui_tutorial' retrieved from /home/airflow/.local/lib/python3.10/site-packages/airflow/example_dags/example_params_ui_tutorial.py
[2025-05-09T12:44:22.709+0000] {logging_mixin.py:188} INFO - [2025-05-09T12:44:22.709+0000] {dag.py:3096} INFO - Sync 1 DAGs
[2025-05-09T12:44:22.722+0000] {logging_mixin.py:188} INFO - [2025-05-09T12:44:22.722+0000] {dag.py:3954} INFO - Setting next_dagrun for example_params_ui_tutorial to None, run_after=None
[2025-05-09T12:44:22.765+0000] {processor.py:183} INFO - Processing /home/airflow/.local/lib/python3.10/site-packages/airflow/example_dags/example_params_ui_tutorial.py took 0.260 seconds
[2025-05-09T12:44:52.927+0000] {processor.py:161} INFO - Started process (PID=721) to work on /home/airflow/.local/lib/python3.10/site-packages/airflow/example_dags/example_params_ui_tutorial.py
[2025-05-09T12:44:52.929+0000] {processor.py:830} INFO - Processing file /home/airflow/.local/lib/python3.10/site-packages/airflow/example_dags/example_params_ui_tutorial.py for tasks to queue
[2025-05-09T12:44:52.931+0000] {logging_mixin.py:188} INFO - [2025-05-09T12:44:52.930+0000] {dagbag.py:545} INFO - Filling up the DagBag from /home/airflow/.local/lib/python3.10/site-packages/airflow/example_dags/example_params_ui_tutorial.py
[2025-05-09T12:44:52.943+0000] {processor.py:840} INFO - DAG(s) 'example_params_ui_tutorial' retrieved from /home/airflow/.local/lib/python3.10/site-packages/airflow/example_dags/example_params_ui_tutorial.py
[2025-05-09T12:44:53.024+0000] {logging_mixin.py:188} INFO - [2025-05-09T12:44:53.023+0000] {dag.py:3096} INFO - Sync 1 DAGs
[2025-05-09T12:44:53.039+0000] {logging_mixin.py:188} INFO - [2025-05-09T12:44:53.039+0000] {dag.py:3954} INFO - Setting next_dagrun for example_params_ui_tutorial to None, run_after=None
[2025-05-09T12:44:53.063+0000] {processor.py:183} INFO - Processing /home/airflow/.local/lib/python3.10/site-packages/airflow/example_dags/example_params_ui_tutorial.py took 0.143 seconds
[2025-05-09T12:45:23.337+0000] {processor.py:161} INFO - Started process (PID=983) to work on /home/airflow/.local/lib/python3.10/site-packages/airflow/example_dags/example_params_ui_tutorial.py
[2025-05-09T12:45:23.338+0000] {processor.py:830} INFO - Processing file /home/airflow/.local/lib/python3.10/site-packages/airflow/example_dags/example_params_ui_tutorial.py for tasks to queue
[2025-05-09T12:45:23.341+0000] {logging_mixin.py:188} INFO - [2025-05-09T12:45:23.340+0000] {dagbag.py:545} INFO - Filling up the DagBag from /home/airflow/.local/lib/python3.10/site-packages/airflow/example_dags/example_params_ui_tutorial.py
[2025-05-09T12:45:23.354+0000] {processor.py:840} INFO - DAG(s) 'example_params_ui_tutorial' retrieved from /home/airflow/.local/lib/python3.10/site-packages/airflow/example_dags/example_params_ui_tutorial.py
[2025-05-09T12:45:23.424+0000] {logging_mixin.py:188} INFO - [2025-05-09T12:45:23.424+0000] {dag.py:3096} INFO - Sync 1 DAGs
[2025-05-09T12:45:23.439+0000] {logging_mixin.py:188} INFO - [2025-05-09T12:45:23.439+0000] {dag.py:3954} INFO - Setting next_dagrun for example_params_ui_tutorial to None, run_after=None
[2025-05-09T12:45:23.460+0000] {processor.py:183} INFO - Processing /home/airflow/.local/lib/python3.10/site-packages/airflow/example_dags/example_params_ui_tutorial.py took 0.131 seconds
[2025-05-09T12:45:53.640+0000] {processor.py:161} INFO - Started process (PID=1244) to work on /home/airflow/.local/lib/python3.10/site-packages/airflow/example_dags/example_params_ui_tutorial.py
[2025-05-09T12:45:53.641+0000] {processor.py:830} INFO - Processing file /home/airflow/.local/lib/python3.10/site-packages/airflow/example_dags/example_params_ui_tutorial.py for tasks to queue
[2025-05-09T12:45:53.644+0000] {logging_mixin.py:188} INFO - [2025-05-09T12:45:53.643+0000] {dagbag.py:545} INFO - Filling up the DagBag from /home/airflow/.local/lib/python3.10/site-packages/airflow/example_dags/example_params_ui_tutorial.py
[2025-05-09T12:45:53.660+0000] {processor.py:840} INFO - DAG(s) 'example_params_ui_tutorial' retrieved from /home/airflow/.local/lib/python3.10/site-packages/airflow/example_dags/example_params_ui_tutorial.py
[2025-05-09T12:45:53.731+0000] {logging_mixin.py:188} INFO - [2025-05-09T12:45:53.731+0000] {dag.py:3096} INFO - Sync 1 DAGs
[2025-05-09T12:45:53.749+0000] {logging_mixin.py:188} INFO - [2025-05-09T12:45:53.748+0000] {dag.py:3954} INFO - Setting next_dagrun for example_params_ui_tutorial to None, run_after=None
[2025-05-09T12:45:53.777+0000] {processor.py:183} INFO - Processing /home/airflow/.local/lib/python3.10/site-packages/airflow/example_dags/example_params_ui_tutorial.py took 0.145 seconds
[2025-05-09T12:46:24.618+0000] {processor.py:161} INFO - Started process (PID=1507) to work on /home/airflow/.local/lib/python3.10/site-packages/airflow/example_dags/example_params_ui_tutorial.py
[2025-05-09T12:46:24.619+0000] {processor.py:830} INFO - Processing file /home/airflow/.local/lib/python3.10/site-packages/airflow/example_dags/example_params_ui_tutorial.py for tasks to queue
[2025-05-09T12:46:24.621+0000] {logging_mixin.py:188} INFO - [2025-05-09T12:46:24.621+0000] {dagbag.py:545} INFO - Filling up the DagBag from /home/airflow/.local/lib/python3.10/site-packages/airflow/example_dags/example_params_ui_tutorial.py
[2025-05-09T12:46:24.634+0000] {processor.py:840} INFO - DAG(s) 'example_params_ui_tutorial' retrieved from /home/airflow/.local/lib/python3.10/site-packages/airflow/example_dags/example_params_ui_tutorial.py
[2025-05-09T12:46:24.694+0000] {logging_mixin.py:188} INFO - [2025-05-09T12:46:24.694+0000] {dag.py:3096} INFO - Sync 1 DAGs
[2025-05-09T12:46:24.708+0000] {logging_mixin.py:188} INFO - [2025-05-09T12:46:24.708+0000] {dag.py:3954} INFO - Setting next_dagrun for example_params_ui_tutorial to None, run_after=None
[2025-05-09T12:46:24.734+0000] {processor.py:183} INFO - Processing /home/airflow/.local/lib/python3.10/site-packages/airflow/example_dags/example_params_ui_tutorial.py took 0.122 seconds
[2025-05-09T12:46:55.105+0000] {processor.py:161} INFO - Started process (PID=1769) to work on /home/airflow/.local/lib/python3.10/site-packages/airflow/example_dags/example_params_ui_tutorial.py
[2025-05-09T12:46:55.107+0000] {processor.py:830} INFO - Processing file /home/airflow/.local/lib/python3.10/site-packages/airflow/example_dags/example_params_ui_tutorial.py for tasks to queue
[2025-05-09T12:46:55.111+0000] {logging_mixin.py:188} INFO - [2025-05-09T12:46:55.110+0000] {dagbag.py:545} INFO - Filling up the DagBag from /home/airflow/.local/lib/python3.10/site-packages/airflow/example_dags/example_params_ui_tutorial.py
[2025-05-09T12:46:55.130+0000] {processor.py:840} INFO - DAG(s) 'example_params_ui_tutorial' retrieved from /home/airflow/.local/lib/python3.10/site-packages/airflow/example_dags/example_params_ui_tutorial.py
[2025-05-09T12:46:55.213+0000] {logging_mixin.py:188} INFO - [2025-05-09T12:46:55.213+0000] {dag.py:3096} INFO - Sync 1 DAGs
[2025-05-09T12:46:55.230+0000] {logging_mixin.py:188} INFO - [2025-05-09T12:46:55.230+0000] {dag.py:3954} INFO - Setting next_dagrun for example_params_ui_tutorial to None, run_after=None
[2025-05-09T12:46:55.256+0000] {processor.py:183} INFO - Processing /home/airflow/.local/lib/python3.10/site-packages/airflow/example_dags/example_params_ui_tutorial.py took 0.158 seconds
[2025-05-09T12:47:26.154+0000] {processor.py:161} INFO - Started process (PID=2040) to work on /home/airflow/.local/lib/python3.10/site-packages/airflow/example_dags/example_params_ui_tutorial.py
[2025-05-09T12:47:26.156+0000] {processor.py:830} INFO - Processing file /home/airflow/.local/lib/python3.10/site-packages/airflow/example_dags/example_params_ui_tutorial.py for tasks to queue
[2025-05-09T12:47:26.160+0000] {logging_mixin.py:188} INFO - [2025-05-09T12:47:26.159+0000] {dagbag.py:545} INFO - Filling up the DagBag from /home/airflow/.local/lib/python3.10/site-packages/airflow/example_dags/example_params_ui_tutorial.py
[2025-05-09T12:47:26.175+0000] {processor.py:840} INFO - DAG(s) 'example_params_ui_tutorial' retrieved from /home/airflow/.local/lib/python3.10/site-packages/airflow/example_dags/example_params_ui_tutorial.py
[2025-05-09T12:47:26.242+0000] {logging_mixin.py:188} INFO - [2025-05-09T12:47:26.242+0000] {dag.py:3096} INFO - Sync 1 DAGs
[2025-05-09T12:47:26.256+0000] {logging_mixin.py:188} INFO - [2025-05-09T12:47:26.256+0000] {dag.py:3954} INFO - Setting next_dagrun for example_params_ui_tutorial to None, run_after=None
[2025-05-09T12:47:26.280+0000] {processor.py:183} INFO - Processing /home/airflow/.local/lib/python3.10/site-packages/airflow/example_dags/example_params_ui_tutorial.py took 0.136 seconds
[2025-05-09T12:47:56.757+0000] {processor.py:161} INFO - Started process (PID=2302) to work on /home/airflow/.local/lib/python3.10/site-packages/airflow/example_dags/example_params_ui_tutorial.py
[2025-05-09T12:47:56.758+0000] {processor.py:830} INFO - Processing file /home/airflow/.local/lib/python3.10/site-packages/airflow/example_dags/example_params_ui_tutorial.py for tasks to queue
[2025-05-09T12:47:56.761+0000] {logging_mixin.py:188} INFO - [2025-05-09T12:47:56.761+0000] {dagbag.py:545} INFO - Filling up the DagBag from /home/airflow/.local/lib/python3.10/site-packages/airflow/example_dags/example_params_ui_tutorial.py
[2025-05-09T12:47:56.778+0000] {processor.py:840} INFO - DAG(s) 'example_params_ui_tutorial' retrieved from /home/airflow/.local/lib/python3.10/site-packages/airflow/example_dags/example_params_ui_tutorial.py
[2025-05-09T12:47:56.854+0000] {logging_mixin.py:188} INFO - [2025-05-09T12:47:56.854+0000] {dag.py:3096} INFO - Sync 1 DAGs
[2025-05-09T12:47:56.870+0000] {logging_mixin.py:188} INFO - [2025-05-09T12:47:56.870+0000] {dag.py:3954} INFO - Setting next_dagrun for example_params_ui_tutorial to None, run_after=None
[2025-05-09T12:47:56.899+0000] {processor.py:183} INFO - Processing /home/airflow/.local/lib/python3.10/site-packages/airflow/example_dags/example_params_ui_tutorial.py took 0.151 seconds
[2025-05-09T12:48:27.270+0000] {processor.py:161} INFO - Started process (PID=2575) to work on /home/airflow/.local/lib/python3.10/site-packages/airflow/example_dags/example_params_ui_tutorial.py
[2025-05-09T12:48:27.272+0000] {processor.py:830} INFO - Processing file /home/airflow/.local/lib/python3.10/site-packages/airflow/example_dags/example_params_ui_tutorial.py for tasks to queue
[2025-05-09T12:48:27.274+0000] {logging_mixin.py:188} INFO - [2025-05-09T12:48:27.274+0000] {dagbag.py:545} INFO - Filling up the DagBag from /home/airflow/.local/lib/python3.10/site-packages/airflow/example_dags/example_params_ui_tutorial.py
[2025-05-09T12:48:27.288+0000] {processor.py:840} INFO - DAG(s) 'example_params_ui_tutorial' retrieved from /home/airflow/.local/lib/python3.10/site-packages/airflow/example_dags/example_params_ui_tutorial.py
[2025-05-09T12:48:27.347+0000] {logging_mixin.py:188} INFO - [2025-05-09T12:48:27.347+0000] {dag.py:3096} INFO - Sync 1 DAGs
[2025-05-09T12:48:27.363+0000] {logging_mixin.py:188} INFO - [2025-05-09T12:48:27.362+0000] {dag.py:3954} INFO - Setting next_dagrun for example_params_ui_tutorial to None, run_after=None
[2025-05-09T12:48:27.394+0000] {processor.py:183} INFO - Processing /home/airflow/.local/lib/python3.10/site-packages/airflow/example_dags/example_params_ui_tutorial.py took 0.133 seconds
[2025-05-09T12:48:57.873+0000] {processor.py:161} INFO - Started process (PID=2835) to work on /home/airflow/.local/lib/python3.10/site-packages/airflow/example_dags/example_params_ui_tutorial.py
[2025-05-09T12:48:57.875+0000] {processor.py:830} INFO - Processing file /home/airflow/.local/lib/python3.10/site-packages/airflow/example_dags/example_params_ui_tutorial.py for tasks to queue
[2025-05-09T12:48:57.877+0000] {logging_mixin.py:188} INFO - [2025-05-09T12:48:57.877+0000] {dagbag.py:545} INFO - Filling up the DagBag from /home/airflow/.local/lib/python3.10/site-packages/airflow/example_dags/example_params_ui_tutorial.py
[2025-05-09T12:48:57.889+0000] {processor.py:840} INFO - DAG(s) 'example_params_ui_tutorial' retrieved from /home/airflow/.local/lib/python3.10/site-packages/airflow/example_dags/example_params_ui_tutorial.py
[2025-05-09T12:48:57.958+0000] {logging_mixin.py:188} INFO - [2025-05-09T12:48:57.957+0000] {dag.py:3096} INFO - Sync 1 DAGs
[2025-05-09T12:48:57.971+0000] {logging_mixin.py:188} INFO - [2025-05-09T12:48:57.971+0000] {dag.py:3954} INFO - Setting next_dagrun for example_params_ui_tutorial to None, run_after=None
[2025-05-09T12:48:57.995+0000] {processor.py:183} INFO - Processing /home/airflow/.local/lib/python3.10/site-packages/airflow/example_dags/example_params_ui_tutorial.py took 0.128 seconds
[2025-05-09T12:49:28.551+0000] {processor.py:161} INFO - Started process (PID=3099) to work on /home/airflow/.local/lib/python3.10/site-packages/airflow/example_dags/example_params_ui_tutorial.py
[2025-05-09T12:49:28.552+0000] {processor.py:830} INFO - Processing file /home/airflow/.local/lib/python3.10/site-packages/airflow/example_dags/example_params_ui_tutorial.py for tasks to queue
[2025-05-09T12:49:28.554+0000] {logging_mixin.py:188} INFO - [2025-05-09T12:49:28.554+0000] {dagbag.py:545} INFO - Filling up the DagBag from /home/airflow/.local/lib/python3.10/site-packages/airflow/example_dags/example_params_ui_tutorial.py
[2025-05-09T12:49:28.567+0000] {processor.py:840} INFO - DAG(s) 'example_params_ui_tutorial' retrieved from /home/airflow/.local/lib/python3.10/site-packages/airflow/example_dags/example_params_ui_tutorial.py
[2025-05-09T12:49:28.769+0000] {logging_mixin.py:188} INFO - [2025-05-09T12:49:28.768+0000] {dag.py:3096} INFO - Sync 1 DAGs
[2025-05-09T12:49:28.798+0000] {logging_mixin.py:188} INFO - [2025-05-09T12:49:28.797+0000] {dag.py:3954} INFO - Setting next_dagrun for example_params_ui_tutorial to None, run_after=None
[2025-05-09T12:49:28.867+0000] {processor.py:183} INFO - Processing /home/airflow/.local/lib/python3.10/site-packages/airflow/example_dags/example_params_ui_tutorial.py took 0.322 seconds
[2025-05-09T12:49:59.324+0000] {processor.py:161} INFO - Started process (PID=3359) to work on /home/airflow/.local/lib/python3.10/site-packages/airflow/example_dags/example_params_ui_tutorial.py
[2025-05-09T12:49:59.326+0000] {processor.py:830} INFO - Processing file /home/airflow/.local/lib/python3.10/site-packages/airflow/example_dags/example_params_ui_tutorial.py for tasks to queue
[2025-05-09T12:49:59.328+0000] {logging_mixin.py:188} INFO - [2025-05-09T12:49:59.328+0000] {dagbag.py:545} INFO - Filling up the DagBag from /home/airflow/.local/lib/python3.10/site-packages/airflow/example_dags/example_params_ui_tutorial.py
[2025-05-09T12:49:59.353+0000] {processor.py:840} INFO - DAG(s) 'example_params_ui_tutorial' retrieved from /home/airflow/.local/lib/python3.10/site-packages/airflow/example_dags/example_params_ui_tutorial.py
[2025-05-09T12:49:59.438+0000] {logging_mixin.py:188} INFO - [2025-05-09T12:49:59.438+0000] {dag.py:3096} INFO - Sync 1 DAGs
[2025-05-09T12:49:59.459+0000] {logging_mixin.py:188} INFO - [2025-05-09T12:49:59.458+0000] {dag.py:3954} INFO - Setting next_dagrun for example_params_ui_tutorial to None, run_after=None
[2025-05-09T12:49:59.496+0000] {processor.py:183} INFO - Processing /home/airflow/.local/lib/python3.10/site-packages/airflow/example_dags/example_params_ui_tutorial.py took 0.181 seconds
[2025-05-09T12:50:29.587+0000] {processor.py:161} INFO - Started process (PID=3629) to work on /home/airflow/.local/lib/python3.10/site-packages/airflow/example_dags/example_params_ui_tutorial.py
[2025-05-09T12:50:29.589+0000] {processor.py:830} INFO - Processing file /home/airflow/.local/lib/python3.10/site-packages/airflow/example_dags/example_params_ui_tutorial.py for tasks to queue
[2025-05-09T12:50:29.591+0000] {logging_mixin.py:188} INFO - [2025-05-09T12:50:29.590+0000] {dagbag.py:545} INFO - Filling up the DagBag from /home/airflow/.local/lib/python3.10/site-packages/airflow/example_dags/example_params_ui_tutorial.py
[2025-05-09T12:50:29.605+0000] {processor.py:840} INFO - DAG(s) 'example_params_ui_tutorial' retrieved from /home/airflow/.local/lib/python3.10/site-packages/airflow/example_dags/example_params_ui_tutorial.py
[2025-05-09T12:50:29.664+0000] {logging_mixin.py:188} INFO - [2025-05-09T12:50:29.664+0000] {dag.py:3096} INFO - Sync 1 DAGs
[2025-05-09T12:50:29.680+0000] {logging_mixin.py:188} INFO - [2025-05-09T12:50:29.680+0000] {dag.py:3954} INFO - Setting next_dagrun for example_params_ui_tutorial to None, run_after=None
[2025-05-09T12:50:29.708+0000] {processor.py:183} INFO - Processing /home/airflow/.local/lib/python3.10/site-packages/airflow/example_dags/example_params_ui_tutorial.py took 0.127 seconds
[2025-05-09T12:50:59.809+0000] {processor.py:161} INFO - Started process (PID=3886) to work on /home/airflow/.local/lib/python3.10/site-packages/airflow/example_dags/example_params_ui_tutorial.py
[2025-05-09T12:50:59.811+0000] {processor.py:830} INFO - Processing file /home/airflow/.local/lib/python3.10/site-packages/airflow/example_dags/example_params_ui_tutorial.py for tasks to queue
[2025-05-09T12:50:59.816+0000] {logging_mixin.py:188} INFO - [2025-05-09T12:50:59.815+0000] {dagbag.py:545} INFO - Filling up the DagBag from /home/airflow/.local/lib/python3.10/site-packages/airflow/example_dags/example_params_ui_tutorial.py
[2025-05-09T12:50:59.839+0000] {processor.py:840} INFO - DAG(s) 'example_params_ui_tutorial' retrieved from /home/airflow/.local/lib/python3.10/site-packages/airflow/example_dags/example_params_ui_tutorial.py
[2025-05-09T12:50:59.946+0000] {logging_mixin.py:188} INFO - [2025-05-09T12:50:59.946+0000] {dag.py:3096} INFO - Sync 1 DAGs
[2025-05-09T12:50:59.973+0000] {logging_mixin.py:188} INFO - [2025-05-09T12:50:59.972+0000] {dag.py:3954} INFO - Setting next_dagrun for example_params_ui_tutorial to None, run_after=None
[2025-05-09T12:51:00.016+0000] {processor.py:183} INFO - Processing /home/airflow/.local/lib/python3.10/site-packages/airflow/example_dags/example_params_ui_tutorial.py took 0.219 seconds
[2025-05-09T12:52:20.981+0000] {processor.py:161} INFO - Started process (PID=198) to work on /home/airflow/.local/lib/python3.10/site-packages/airflow/example_dags/example_params_ui_tutorial.py
[2025-05-09T12:52:20.983+0000] {processor.py:830} INFO - Processing file /home/airflow/.local/lib/python3.10/site-packages/airflow/example_dags/example_params_ui_tutorial.py for tasks to queue
[2025-05-09T12:52:20.986+0000] {logging_mixin.py:188} INFO - [2025-05-09T12:52:20.986+0000] {dagbag.py:545} INFO - Filling up the DagBag from /home/airflow/.local/lib/python3.10/site-packages/airflow/example_dags/example_params_ui_tutorial.py
[2025-05-09T12:52:21.012+0000] {processor.py:840} INFO - DAG(s) 'example_params_ui_tutorial' retrieved from /home/airflow/.local/lib/python3.10/site-packages/airflow/example_dags/example_params_ui_tutorial.py
[2025-05-09T12:52:21.050+0000] {logging_mixin.py:188} INFO - [2025-05-09T12:52:21.048+0000] {dag.py:3096} INFO - Sync 1 DAGs
[2025-05-09T12:52:21.120+0000] {logging_mixin.py:188} INFO - [2025-05-09T12:52:21.120+0000] {dag.py:3954} INFO - Setting next_dagrun for example_params_ui_tutorial to None, run_after=None
[2025-05-09T12:52:21.176+0000] {processor.py:183} INFO - Processing /home/airflow/.local/lib/python3.10/site-packages/airflow/example_dags/example_params_ui_tutorial.py took 0.204 seconds
[2025-05-09T12:52:52.017+0000] {processor.py:161} INFO - Started process (PID=462) to work on /home/airflow/.local/lib/python3.10/site-packages/airflow/example_dags/example_params_ui_tutorial.py
[2025-05-09T12:52:52.019+0000] {processor.py:830} INFO - Processing file /home/airflow/.local/lib/python3.10/site-packages/airflow/example_dags/example_params_ui_tutorial.py for tasks to queue
[2025-05-09T12:52:52.023+0000] {logging_mixin.py:188} INFO - [2025-05-09T12:52:52.022+0000] {dagbag.py:545} INFO - Filling up the DagBag from /home/airflow/.local/lib/python3.10/site-packages/airflow/example_dags/example_params_ui_tutorial.py
[2025-05-09T12:52:52.037+0000] {processor.py:840} INFO - DAG(s) 'example_params_ui_tutorial' retrieved from /home/airflow/.local/lib/python3.10/site-packages/airflow/example_dags/example_params_ui_tutorial.py
[2025-05-09T12:52:52.185+0000] {logging_mixin.py:188} INFO - [2025-05-09T12:52:52.184+0000] {dag.py:3096} INFO - Sync 1 DAGs
[2025-05-09T12:52:52.196+0000] {logging_mixin.py:188} INFO - [2025-05-09T12:52:52.196+0000] {dag.py:3954} INFO - Setting next_dagrun for example_params_ui_tutorial to None, run_after=None
[2025-05-09T12:52:52.230+0000] {processor.py:183} INFO - Processing /home/airflow/.local/lib/python3.10/site-packages/airflow/example_dags/example_params_ui_tutorial.py took 0.221 seconds
[2025-05-09T12:53:22.632+0000] {processor.py:161} INFO - Started process (PID=724) to work on /home/airflow/.local/lib/python3.10/site-packages/airflow/example_dags/example_params_ui_tutorial.py
[2025-05-09T12:53:22.633+0000] {processor.py:830} INFO - Processing file /home/airflow/.local/lib/python3.10/site-packages/airflow/example_dags/example_params_ui_tutorial.py for tasks to queue
[2025-05-09T12:53:22.635+0000] {logging_mixin.py:188} INFO - [2025-05-09T12:53:22.635+0000] {dagbag.py:545} INFO - Filling up the DagBag from /home/airflow/.local/lib/python3.10/site-packages/airflow/example_dags/example_params_ui_tutorial.py
[2025-05-09T12:53:22.647+0000] {processor.py:840} INFO - DAG(s) 'example_params_ui_tutorial' retrieved from /home/airflow/.local/lib/python3.10/site-packages/airflow/example_dags/example_params_ui_tutorial.py
[2025-05-09T12:53:22.703+0000] {logging_mixin.py:188} INFO - [2025-05-09T12:53:22.703+0000] {dag.py:3096} INFO - Sync 1 DAGs
[2025-05-09T12:53:22.716+0000] {logging_mixin.py:188} INFO - [2025-05-09T12:53:22.715+0000] {dag.py:3954} INFO - Setting next_dagrun for example_params_ui_tutorial to None, run_after=None
[2025-05-09T12:53:22.738+0000] {processor.py:183} INFO - Processing /home/airflow/.local/lib/python3.10/site-packages/airflow/example_dags/example_params_ui_tutorial.py took 0.112 seconds
[2025-05-09T12:53:53.450+0000] {processor.py:161} INFO - Started process (PID=989) to work on /home/airflow/.local/lib/python3.10/site-packages/airflow/example_dags/example_params_ui_tutorial.py
[2025-05-09T12:53:53.452+0000] {processor.py:830} INFO - Processing file /home/airflow/.local/lib/python3.10/site-packages/airflow/example_dags/example_params_ui_tutorial.py for tasks to queue
[2025-05-09T12:53:53.455+0000] {logging_mixin.py:188} INFO - [2025-05-09T12:53:53.455+0000] {dagbag.py:545} INFO - Filling up the DagBag from /home/airflow/.local/lib/python3.10/site-packages/airflow/example_dags/example_params_ui_tutorial.py
[2025-05-09T12:53:53.467+0000] {processor.py:840} INFO - DAG(s) 'example_params_ui_tutorial' retrieved from /home/airflow/.local/lib/python3.10/site-packages/airflow/example_dags/example_params_ui_tutorial.py
[2025-05-09T12:53:53.539+0000] {logging_mixin.py:188} INFO - [2025-05-09T12:53:53.539+0000] {dag.py:3096} INFO - Sync 1 DAGs
[2025-05-09T12:53:53.560+0000] {logging_mixin.py:188} INFO - [2025-05-09T12:53:53.559+0000] {dag.py:3954} INFO - Setting next_dagrun for example_params_ui_tutorial to None, run_after=None
[2025-05-09T12:53:53.589+0000] {processor.py:183} INFO - Processing /home/airflow/.local/lib/python3.10/site-packages/airflow/example_dags/example_params_ui_tutorial.py took 0.144 seconds
[2025-05-09T12:54:24.227+0000] {processor.py:161} INFO - Started process (PID=1251) to work on /home/airflow/.local/lib/python3.10/site-packages/airflow/example_dags/example_params_ui_tutorial.py
[2025-05-09T12:54:24.228+0000] {processor.py:830} INFO - Processing file /home/airflow/.local/lib/python3.10/site-packages/airflow/example_dags/example_params_ui_tutorial.py for tasks to queue
[2025-05-09T12:54:24.231+0000] {logging_mixin.py:188} INFO - [2025-05-09T12:54:24.230+0000] {dagbag.py:545} INFO - Filling up the DagBag from /home/airflow/.local/lib/python3.10/site-packages/airflow/example_dags/example_params_ui_tutorial.py
[2025-05-09T12:54:24.241+0000] {processor.py:840} INFO - DAG(s) 'example_params_ui_tutorial' retrieved from /home/airflow/.local/lib/python3.10/site-packages/airflow/example_dags/example_params_ui_tutorial.py
[2025-05-09T12:54:24.292+0000] {logging_mixin.py:188} INFO - [2025-05-09T12:54:24.291+0000] {dag.py:3096} INFO - Sync 1 DAGs
[2025-05-09T12:54:24.303+0000] {logging_mixin.py:188} INFO - [2025-05-09T12:54:24.303+0000] {dag.py:3954} INFO - Setting next_dagrun for example_params_ui_tutorial to None, run_after=None
[2025-05-09T12:54:24.331+0000] {processor.py:183} INFO - Processing /home/airflow/.local/lib/python3.10/site-packages/airflow/example_dags/example_params_ui_tutorial.py took 0.110 seconds
[2025-05-09T12:54:54.598+0000] {processor.py:161} INFO - Started process (PID=1513) to work on /home/airflow/.local/lib/python3.10/site-packages/airflow/example_dags/example_params_ui_tutorial.py
[2025-05-09T12:54:54.600+0000] {processor.py:830} INFO - Processing file /home/airflow/.local/lib/python3.10/site-packages/airflow/example_dags/example_params_ui_tutorial.py for tasks to queue
[2025-05-09T12:54:54.603+0000] {logging_mixin.py:188} INFO - [2025-05-09T12:54:54.603+0000] {dagbag.py:545} INFO - Filling up the DagBag from /home/airflow/.local/lib/python3.10/site-packages/airflow/example_dags/example_params_ui_tutorial.py
[2025-05-09T12:54:54.624+0000] {processor.py:840} INFO - DAG(s) 'example_params_ui_tutorial' retrieved from /home/airflow/.local/lib/python3.10/site-packages/airflow/example_dags/example_params_ui_tutorial.py
[2025-05-09T12:54:54.692+0000] {logging_mixin.py:188} INFO - [2025-05-09T12:54:54.691+0000] {dag.py:3096} INFO - Sync 1 DAGs
[2025-05-09T12:54:54.708+0000] {logging_mixin.py:188} INFO - [2025-05-09T12:54:54.707+0000] {dag.py:3954} INFO - Setting next_dagrun for example_params_ui_tutorial to None, run_after=None
[2025-05-09T12:54:54.739+0000] {processor.py:183} INFO - Processing /home/airflow/.local/lib/python3.10/site-packages/airflow/example_dags/example_params_ui_tutorial.py took 0.150 seconds
[2025-05-09T12:55:25.075+0000] {processor.py:161} INFO - Started process (PID=1778) to work on /home/airflow/.local/lib/python3.10/site-packages/airflow/example_dags/example_params_ui_tutorial.py
[2025-05-09T12:55:25.077+0000] {processor.py:830} INFO - Processing file /home/airflow/.local/lib/python3.10/site-packages/airflow/example_dags/example_params_ui_tutorial.py for tasks to queue
[2025-05-09T12:55:25.079+0000] {logging_mixin.py:188} INFO - [2025-05-09T12:55:25.079+0000] {dagbag.py:545} INFO - Filling up the DagBag from /home/airflow/.local/lib/python3.10/site-packages/airflow/example_dags/example_params_ui_tutorial.py
[2025-05-09T12:55:25.095+0000] {processor.py:840} INFO - DAG(s) 'example_params_ui_tutorial' retrieved from /home/airflow/.local/lib/python3.10/site-packages/airflow/example_dags/example_params_ui_tutorial.py
[2025-05-09T12:55:25.188+0000] {logging_mixin.py:188} INFO - [2025-05-09T12:55:25.188+0000] {dag.py:3096} INFO - Sync 1 DAGs
[2025-05-09T12:55:25.223+0000] {logging_mixin.py:188} INFO - [2025-05-09T12:55:25.223+0000] {dag.py:3954} INFO - Setting next_dagrun for example_params_ui_tutorial to None, run_after=None
[2025-05-09T12:55:25.269+0000] {processor.py:183} INFO - Processing /home/airflow/.local/lib/python3.10/site-packages/airflow/example_dags/example_params_ui_tutorial.py took 0.201 seconds
[2025-05-09T12:57:14.104+0000] {processor.py:161} INFO - Started process (PID=198) to work on /home/airflow/.local/lib/python3.10/site-packages/airflow/example_dags/example_params_ui_tutorial.py
[2025-05-09T12:57:14.107+0000] {processor.py:830} INFO - Processing file /home/airflow/.local/lib/python3.10/site-packages/airflow/example_dags/example_params_ui_tutorial.py for tasks to queue
[2025-05-09T12:57:14.110+0000] {logging_mixin.py:188} INFO - [2025-05-09T12:57:14.110+0000] {dagbag.py:545} INFO - Filling up the DagBag from /home/airflow/.local/lib/python3.10/site-packages/airflow/example_dags/example_params_ui_tutorial.py
[2025-05-09T12:57:14.134+0000] {processor.py:840} INFO - DAG(s) 'example_params_ui_tutorial' retrieved from /home/airflow/.local/lib/python3.10/site-packages/airflow/example_dags/example_params_ui_tutorial.py
[2025-05-09T12:57:14.159+0000] {logging_mixin.py:188} INFO - [2025-05-09T12:57:14.158+0000] {dag.py:3096} INFO - Sync 1 DAGs
[2025-05-09T12:57:14.189+0000] {logging_mixin.py:188} INFO - [2025-05-09T12:57:14.188+0000] {dag.py:3954} INFO - Setting next_dagrun for example_params_ui_tutorial to None, run_after=None
[2025-05-09T12:57:14.229+0000] {processor.py:183} INFO - Processing /home/airflow/.local/lib/python3.10/site-packages/airflow/example_dags/example_params_ui_tutorial.py took 0.139 seconds
[2025-05-09T12:57:44.569+0000] {processor.py:161} INFO - Started process (PID=460) to work on /home/airflow/.local/lib/python3.10/site-packages/airflow/example_dags/example_params_ui_tutorial.py
[2025-05-09T12:57:44.571+0000] {processor.py:830} INFO - Processing file /home/airflow/.local/lib/python3.10/site-packages/airflow/example_dags/example_params_ui_tutorial.py for tasks to queue
[2025-05-09T12:57:44.573+0000] {logging_mixin.py:188} INFO - [2025-05-09T12:57:44.573+0000] {dagbag.py:545} INFO - Filling up the DagBag from /home/airflow/.local/lib/python3.10/site-packages/airflow/example_dags/example_params_ui_tutorial.py
[2025-05-09T12:57:44.587+0000] {processor.py:840} INFO - DAG(s) 'example_params_ui_tutorial' retrieved from /home/airflow/.local/lib/python3.10/site-packages/airflow/example_dags/example_params_ui_tutorial.py
[2025-05-09T12:57:44.701+0000] {logging_mixin.py:188} INFO - [2025-05-09T12:57:44.701+0000] {dag.py:3096} INFO - Sync 1 DAGs
[2025-05-09T12:57:44.712+0000] {logging_mixin.py:188} INFO - [2025-05-09T12:57:44.711+0000] {dag.py:3954} INFO - Setting next_dagrun for example_params_ui_tutorial to None, run_after=None
[2025-05-09T12:57:44.737+0000] {processor.py:183} INFO - Processing /home/airflow/.local/lib/python3.10/site-packages/airflow/example_dags/example_params_ui_tutorial.py took 0.174 seconds
[2025-05-09T12:58:14.922+0000] {processor.py:161} INFO - Started process (PID=722) to work on /home/airflow/.local/lib/python3.10/site-packages/airflow/example_dags/example_params_ui_tutorial.py
[2025-05-09T12:58:14.924+0000] {processor.py:830} INFO - Processing file /home/airflow/.local/lib/python3.10/site-packages/airflow/example_dags/example_params_ui_tutorial.py for tasks to queue
[2025-05-09T12:58:14.927+0000] {logging_mixin.py:188} INFO - [2025-05-09T12:58:14.926+0000] {dagbag.py:545} INFO - Filling up the DagBag from /home/airflow/.local/lib/python3.10/site-packages/airflow/example_dags/example_params_ui_tutorial.py
[2025-05-09T12:58:14.939+0000] {processor.py:840} INFO - DAG(s) 'example_params_ui_tutorial' retrieved from /home/airflow/.local/lib/python3.10/site-packages/airflow/example_dags/example_params_ui_tutorial.py
[2025-05-09T12:58:14.998+0000] {logging_mixin.py:188} INFO - [2025-05-09T12:58:14.998+0000] {dag.py:3096} INFO - Sync 1 DAGs
[2025-05-09T12:58:15.010+0000] {logging_mixin.py:188} INFO - [2025-05-09T12:58:15.010+0000] {dag.py:3954} INFO - Setting next_dagrun for example_params_ui_tutorial to None, run_after=None
[2025-05-09T12:58:15.032+0000] {processor.py:183} INFO - Processing /home/airflow/.local/lib/python3.10/site-packages/airflow/example_dags/example_params_ui_tutorial.py took 0.117 seconds
[2025-05-09T12:58:45.997+0000] {processor.py:161} INFO - Started process (PID=986) to work on /home/airflow/.local/lib/python3.10/site-packages/airflow/example_dags/example_params_ui_tutorial.py
[2025-05-09T12:58:45.999+0000] {processor.py:830} INFO - Processing file /home/airflow/.local/lib/python3.10/site-packages/airflow/example_dags/example_params_ui_tutorial.py for tasks to queue
[2025-05-09T12:58:46.003+0000] {logging_mixin.py:188} INFO - [2025-05-09T12:58:46.003+0000] {dagbag.py:545} INFO - Filling up the DagBag from /home/airflow/.local/lib/python3.10/site-packages/airflow/example_dags/example_params_ui_tutorial.py
[2025-05-09T12:58:46.021+0000] {processor.py:840} INFO - DAG(s) 'example_params_ui_tutorial' retrieved from /home/airflow/.local/lib/python3.10/site-packages/airflow/example_dags/example_params_ui_tutorial.py
[2025-05-09T12:58:46.109+0000] {logging_mixin.py:188} INFO - [2025-05-09T12:58:46.109+0000] {dag.py:3096} INFO - Sync 1 DAGs
[2025-05-09T12:58:46.133+0000] {logging_mixin.py:188} INFO - [2025-05-09T12:58:46.132+0000] {dag.py:3954} INFO - Setting next_dagrun for example_params_ui_tutorial to None, run_after=None
[2025-05-09T12:58:46.168+0000] {processor.py:183} INFO - Processing /home/airflow/.local/lib/python3.10/site-packages/airflow/example_dags/example_params_ui_tutorial.py took 0.179 seconds
[2025-05-09T12:59:16.617+0000] {processor.py:161} INFO - Started process (PID=1246) to work on /home/airflow/.local/lib/python3.10/site-packages/airflow/example_dags/example_params_ui_tutorial.py
[2025-05-09T12:59:16.619+0000] {processor.py:830} INFO - Processing file /home/airflow/.local/lib/python3.10/site-packages/airflow/example_dags/example_params_ui_tutorial.py for tasks to queue
[2025-05-09T12:59:16.621+0000] {logging_mixin.py:188} INFO - [2025-05-09T12:59:16.621+0000] {dagbag.py:545} INFO - Filling up the DagBag from /home/airflow/.local/lib/python3.10/site-packages/airflow/example_dags/example_params_ui_tutorial.py
[2025-05-09T12:59:16.633+0000] {processor.py:840} INFO - DAG(s) 'example_params_ui_tutorial' retrieved from /home/airflow/.local/lib/python3.10/site-packages/airflow/example_dags/example_params_ui_tutorial.py
[2025-05-09T12:59:16.685+0000] {logging_mixin.py:188} INFO - [2025-05-09T12:59:16.685+0000] {dag.py:3096} INFO - Sync 1 DAGs
[2025-05-09T12:59:16.696+0000] {logging_mixin.py:188} INFO - [2025-05-09T12:59:16.696+0000] {dag.py:3954} INFO - Setting next_dagrun for example_params_ui_tutorial to None, run_after=None
[2025-05-09T12:59:16.717+0000] {processor.py:183} INFO - Processing /home/airflow/.local/lib/python3.10/site-packages/airflow/example_dags/example_params_ui_tutorial.py took 0.105 seconds
[2025-05-09T12:59:47.678+0000] {processor.py:161} INFO - Started process (PID=1508) to work on /home/airflow/.local/lib/python3.10/site-packages/airflow/example_dags/example_params_ui_tutorial.py
[2025-05-09T12:59:47.680+0000] {processor.py:830} INFO - Processing file /home/airflow/.local/lib/python3.10/site-packages/airflow/example_dags/example_params_ui_tutorial.py for tasks to queue
[2025-05-09T12:59:47.682+0000] {logging_mixin.py:188} INFO - [2025-05-09T12:59:47.682+0000] {dagbag.py:545} INFO - Filling up the DagBag from /home/airflow/.local/lib/python3.10/site-packages/airflow/example_dags/example_params_ui_tutorial.py
[2025-05-09T12:59:47.694+0000] {processor.py:840} INFO - DAG(s) 'example_params_ui_tutorial' retrieved from /home/airflow/.local/lib/python3.10/site-packages/airflow/example_dags/example_params_ui_tutorial.py
[2025-05-09T12:59:47.747+0000] {logging_mixin.py:188} INFO - [2025-05-09T12:59:47.747+0000] {dag.py:3096} INFO - Sync 1 DAGs
[2025-05-09T12:59:47.762+0000] {logging_mixin.py:188} INFO - [2025-05-09T12:59:47.762+0000] {dag.py:3954} INFO - Setting next_dagrun for example_params_ui_tutorial to None, run_after=None
[2025-05-09T12:59:47.786+0000] {processor.py:183} INFO - Processing /home/airflow/.local/lib/python3.10/site-packages/airflow/example_dags/example_params_ui_tutorial.py took 0.114 seconds
[2025-05-09T13:00:17.920+0000] {processor.py:161} INFO - Started process (PID=1779) to work on /home/airflow/.local/lib/python3.10/site-packages/airflow/example_dags/example_params_ui_tutorial.py
[2025-05-09T13:00:17.922+0000] {processor.py:830} INFO - Processing file /home/airflow/.local/lib/python3.10/site-packages/airflow/example_dags/example_params_ui_tutorial.py for tasks to queue
[2025-05-09T13:00:17.925+0000] {logging_mixin.py:188} INFO - [2025-05-09T13:00:17.924+0000] {dagbag.py:545} INFO - Filling up the DagBag from /home/airflow/.local/lib/python3.10/site-packages/airflow/example_dags/example_params_ui_tutorial.py
[2025-05-09T13:00:17.937+0000] {processor.py:840} INFO - DAG(s) 'example_params_ui_tutorial' retrieved from /home/airflow/.local/lib/python3.10/site-packages/airflow/example_dags/example_params_ui_tutorial.py
[2025-05-09T13:00:18.003+0000] {logging_mixin.py:188} INFO - [2025-05-09T13:00:18.003+0000] {dag.py:3096} INFO - Sync 1 DAGs
[2025-05-09T13:00:18.018+0000] {logging_mixin.py:188} INFO - [2025-05-09T13:00:18.018+0000] {dag.py:3954} INFO - Setting next_dagrun for example_params_ui_tutorial to None, run_after=None
[2025-05-09T13:00:18.044+0000] {processor.py:183} INFO - Processing /home/airflow/.local/lib/python3.10/site-packages/airflow/example_dags/example_params_ui_tutorial.py took 0.129 seconds
[2025-05-09T13:00:48.919+0000] {processor.py:161} INFO - Started process (PID=2041) to work on /home/airflow/.local/lib/python3.10/site-packages/airflow/example_dags/example_params_ui_tutorial.py
[2025-05-09T13:00:48.921+0000] {processor.py:830} INFO - Processing file /home/airflow/.local/lib/python3.10/site-packages/airflow/example_dags/example_params_ui_tutorial.py for tasks to queue
[2025-05-09T13:00:48.924+0000] {logging_mixin.py:188} INFO - [2025-05-09T13:00:48.923+0000] {dagbag.py:545} INFO - Filling up the DagBag from /home/airflow/.local/lib/python3.10/site-packages/airflow/example_dags/example_params_ui_tutorial.py
[2025-05-09T13:00:48.935+0000] {processor.py:840} INFO - DAG(s) 'example_params_ui_tutorial' retrieved from /home/airflow/.local/lib/python3.10/site-packages/airflow/example_dags/example_params_ui_tutorial.py
[2025-05-09T13:00:49.002+0000] {logging_mixin.py:188} INFO - [2025-05-09T13:00:49.002+0000] {dag.py:3096} INFO - Sync 1 DAGs
[2025-05-09T13:00:49.021+0000] {logging_mixin.py:188} INFO - [2025-05-09T13:00:49.021+0000] {dag.py:3954} INFO - Setting next_dagrun for example_params_ui_tutorial to None, run_after=None
[2025-05-09T13:00:49.046+0000] {processor.py:183} INFO - Processing /home/airflow/.local/lib/python3.10/site-packages/airflow/example_dags/example_params_ui_tutorial.py took 0.132 seconds
[2025-05-09T13:01:19.869+0000] {processor.py:161} INFO - Started process (PID=2303) to work on /home/airflow/.local/lib/python3.10/site-packages/airflow/example_dags/example_params_ui_tutorial.py
[2025-05-09T13:01:19.871+0000] {processor.py:830} INFO - Processing file /home/airflow/.local/lib/python3.10/site-packages/airflow/example_dags/example_params_ui_tutorial.py for tasks to queue
[2025-05-09T13:01:19.873+0000] {logging_mixin.py:188} INFO - [2025-05-09T13:01:19.872+0000] {dagbag.py:545} INFO - Filling up the DagBag from /home/airflow/.local/lib/python3.10/site-packages/airflow/example_dags/example_params_ui_tutorial.py
[2025-05-09T13:01:19.885+0000] {processor.py:840} INFO - DAG(s) 'example_params_ui_tutorial' retrieved from /home/airflow/.local/lib/python3.10/site-packages/airflow/example_dags/example_params_ui_tutorial.py
[2025-05-09T13:01:19.949+0000] {logging_mixin.py:188} INFO - [2025-05-09T13:01:19.949+0000] {dag.py:3096} INFO - Sync 1 DAGs
[2025-05-09T13:01:19.965+0000] {logging_mixin.py:188} INFO - [2025-05-09T13:01:19.965+0000] {dag.py:3954} INFO - Setting next_dagrun for example_params_ui_tutorial to None, run_after=None
[2025-05-09T13:01:19.987+0000] {processor.py:183} INFO - Processing /home/airflow/.local/lib/python3.10/site-packages/airflow/example_dags/example_params_ui_tutorial.py took 0.124 seconds
[2025-05-09T13:01:50.152+0000] {processor.py:161} INFO - Started process (PID=2561) to work on /home/airflow/.local/lib/python3.10/site-packages/airflow/example_dags/example_params_ui_tutorial.py
[2025-05-09T13:01:50.154+0000] {processor.py:830} INFO - Processing file /home/airflow/.local/lib/python3.10/site-packages/airflow/example_dags/example_params_ui_tutorial.py for tasks to queue
[2025-05-09T13:01:50.156+0000] {logging_mixin.py:188} INFO - [2025-05-09T13:01:50.156+0000] {dagbag.py:545} INFO - Filling up the DagBag from /home/airflow/.local/lib/python3.10/site-packages/airflow/example_dags/example_params_ui_tutorial.py
[2025-05-09T13:01:50.170+0000] {processor.py:840} INFO - DAG(s) 'example_params_ui_tutorial' retrieved from /home/airflow/.local/lib/python3.10/site-packages/airflow/example_dags/example_params_ui_tutorial.py
[2025-05-09T13:01:50.229+0000] {logging_mixin.py:188} INFO - [2025-05-09T13:01:50.229+0000] {dag.py:3096} INFO - Sync 1 DAGs
[2025-05-09T13:01:50.243+0000] {logging_mixin.py:188} INFO - [2025-05-09T13:01:50.243+0000] {dag.py:3954} INFO - Setting next_dagrun for example_params_ui_tutorial to None, run_after=None
[2025-05-09T13:01:50.263+0000] {processor.py:183} INFO - Processing /home/airflow/.local/lib/python3.10/site-packages/airflow/example_dags/example_params_ui_tutorial.py took 0.118 seconds
[2025-05-09T13:02:20.433+0000] {processor.py:161} INFO - Started process (PID=2821) to work on /home/airflow/.local/lib/python3.10/site-packages/airflow/example_dags/example_params_ui_tutorial.py
[2025-05-09T13:02:20.434+0000] {processor.py:830} INFO - Processing file /home/airflow/.local/lib/python3.10/site-packages/airflow/example_dags/example_params_ui_tutorial.py for tasks to queue
[2025-05-09T13:02:20.437+0000] {logging_mixin.py:188} INFO - [2025-05-09T13:02:20.436+0000] {dagbag.py:545} INFO - Filling up the DagBag from /home/airflow/.local/lib/python3.10/site-packages/airflow/example_dags/example_params_ui_tutorial.py
[2025-05-09T13:02:20.451+0000] {processor.py:840} INFO - DAG(s) 'example_params_ui_tutorial' retrieved from /home/airflow/.local/lib/python3.10/site-packages/airflow/example_dags/example_params_ui_tutorial.py
[2025-05-09T13:02:20.511+0000] {logging_mixin.py:188} INFO - [2025-05-09T13:02:20.510+0000] {dag.py:3096} INFO - Sync 1 DAGs
[2025-05-09T13:02:20.526+0000] {logging_mixin.py:188} INFO - [2025-05-09T13:02:20.526+0000] {dag.py:3954} INFO - Setting next_dagrun for example_params_ui_tutorial to None, run_after=None
[2025-05-09T13:02:20.549+0000] {processor.py:183} INFO - Processing /home/airflow/.local/lib/python3.10/site-packages/airflow/example_dags/example_params_ui_tutorial.py took 0.126 seconds
[2025-05-09T13:02:50.874+0000] {processor.py:161} INFO - Started process (PID=3083) to work on /home/airflow/.local/lib/python3.10/site-packages/airflow/example_dags/example_params_ui_tutorial.py
[2025-05-09T13:02:50.876+0000] {processor.py:830} INFO - Processing file /home/airflow/.local/lib/python3.10/site-packages/airflow/example_dags/example_params_ui_tutorial.py for tasks to queue
[2025-05-09T13:02:50.880+0000] {logging_mixin.py:188} INFO - [2025-05-09T13:02:50.880+0000] {dagbag.py:545} INFO - Filling up the DagBag from /home/airflow/.local/lib/python3.10/site-packages/airflow/example_dags/example_params_ui_tutorial.py
[2025-05-09T13:02:50.902+0000] {processor.py:840} INFO - DAG(s) 'example_params_ui_tutorial' retrieved from /home/airflow/.local/lib/python3.10/site-packages/airflow/example_dags/example_params_ui_tutorial.py
[2025-05-09T13:02:50.978+0000] {logging_mixin.py:188} INFO - [2025-05-09T13:02:50.977+0000] {dag.py:3096} INFO - Sync 1 DAGs
[2025-05-09T13:02:50.995+0000] {logging_mixin.py:188} INFO - [2025-05-09T13:02:50.994+0000] {dag.py:3954} INFO - Setting next_dagrun for example_params_ui_tutorial to None, run_after=None
[2025-05-09T13:02:51.036+0000] {processor.py:183} INFO - Processing /home/airflow/.local/lib/python3.10/site-packages/airflow/example_dags/example_params_ui_tutorial.py took 0.176 seconds
[2025-05-09T13:03:21.438+0000] {processor.py:161} INFO - Started process (PID=3345) to work on /home/airflow/.local/lib/python3.10/site-packages/airflow/example_dags/example_params_ui_tutorial.py
[2025-05-09T13:03:21.439+0000] {processor.py:830} INFO - Processing file /home/airflow/.local/lib/python3.10/site-packages/airflow/example_dags/example_params_ui_tutorial.py for tasks to queue
[2025-05-09T13:03:21.442+0000] {logging_mixin.py:188} INFO - [2025-05-09T13:03:21.442+0000] {dagbag.py:545} INFO - Filling up the DagBag from /home/airflow/.local/lib/python3.10/site-packages/airflow/example_dags/example_params_ui_tutorial.py
[2025-05-09T13:03:21.457+0000] {processor.py:840} INFO - DAG(s) 'example_params_ui_tutorial' retrieved from /home/airflow/.local/lib/python3.10/site-packages/airflow/example_dags/example_params_ui_tutorial.py
[2025-05-09T13:03:21.530+0000] {logging_mixin.py:188} INFO - [2025-05-09T13:03:21.530+0000] {dag.py:3096} INFO - Sync 1 DAGs
[2025-05-09T13:03:21.546+0000] {logging_mixin.py:188} INFO - [2025-05-09T13:03:21.546+0000] {dag.py:3954} INFO - Setting next_dagrun for example_params_ui_tutorial to None, run_after=None
[2025-05-09T13:03:21.578+0000] {processor.py:183} INFO - Processing /home/airflow/.local/lib/python3.10/site-packages/airflow/example_dags/example_params_ui_tutorial.py took 0.147 seconds
[2025-05-09T13:03:52.037+0000] {processor.py:161} INFO - Started process (PID=3607) to work on /home/airflow/.local/lib/python3.10/site-packages/airflow/example_dags/example_params_ui_tutorial.py
[2025-05-09T13:03:52.038+0000] {processor.py:830} INFO - Processing file /home/airflow/.local/lib/python3.10/site-packages/airflow/example_dags/example_params_ui_tutorial.py for tasks to queue
[2025-05-09T13:03:52.040+0000] {logging_mixin.py:188} INFO - [2025-05-09T13:03:52.040+0000] {dagbag.py:545} INFO - Filling up the DagBag from /home/airflow/.local/lib/python3.10/site-packages/airflow/example_dags/example_params_ui_tutorial.py
[2025-05-09T13:03:52.052+0000] {processor.py:840} INFO - DAG(s) 'example_params_ui_tutorial' retrieved from /home/airflow/.local/lib/python3.10/site-packages/airflow/example_dags/example_params_ui_tutorial.py
[2025-05-09T13:03:52.115+0000] {logging_mixin.py:188} INFO - [2025-05-09T13:03:52.115+0000] {dag.py:3096} INFO - Sync 1 DAGs
[2025-05-09T13:03:52.130+0000] {logging_mixin.py:188} INFO - [2025-05-09T13:03:52.130+0000] {dag.py:3954} INFO - Setting next_dagrun for example_params_ui_tutorial to None, run_after=None
[2025-05-09T13:03:52.157+0000] {processor.py:183} INFO - Processing /home/airflow/.local/lib/python3.10/site-packages/airflow/example_dags/example_params_ui_tutorial.py took 0.128 seconds
[2025-05-09T15:43:40.353+0000] {processor.py:161} INFO - Started process (PID=3884) to work on /home/airflow/.local/lib/python3.10/site-packages/airflow/example_dags/example_params_ui_tutorial.py
[2025-05-09T15:43:40.375+0000] {processor.py:830} INFO - Processing file /home/airflow/.local/lib/python3.10/site-packages/airflow/example_dags/example_params_ui_tutorial.py for tasks to queue
[2025-05-09T15:43:40.394+0000] {logging_mixin.py:188} INFO - [2025-05-09T15:43:40.393+0000] {dagbag.py:545} INFO - Filling up the DagBag from /home/airflow/.local/lib/python3.10/site-packages/airflow/example_dags/example_params_ui_tutorial.py
[2025-05-09T15:43:40.517+0000] {processor.py:840} INFO - DAG(s) 'example_params_ui_tutorial' retrieved from /home/airflow/.local/lib/python3.10/site-packages/airflow/example_dags/example_params_ui_tutorial.py
[2025-05-09T15:43:41.204+0000] {logging_mixin.py:188} INFO - [2025-05-09T15:43:41.203+0000] {dag.py:3096} INFO - Sync 1 DAGs
[2025-05-09T15:43:41.325+0000] {logging_mixin.py:188} INFO - [2025-05-09T15:43:41.324+0000] {dag.py:3954} INFO - Setting next_dagrun for example_params_ui_tutorial to None, run_after=None
[2025-05-09T15:43:41.494+0000] {processor.py:183} INFO - Processing /home/airflow/.local/lib/python3.10/site-packages/airflow/example_dags/example_params_ui_tutorial.py took 1.194 seconds
[2025-05-09T15:44:12.345+0000] {processor.py:161} INFO - Started process (PID=4154) to work on /home/airflow/.local/lib/python3.10/site-packages/airflow/example_dags/example_params_ui_tutorial.py
[2025-05-09T15:44:12.346+0000] {processor.py:830} INFO - Processing file /home/airflow/.local/lib/python3.10/site-packages/airflow/example_dags/example_params_ui_tutorial.py for tasks to queue
[2025-05-09T15:44:12.348+0000] {logging_mixin.py:188} INFO - [2025-05-09T15:44:12.348+0000] {dagbag.py:545} INFO - Filling up the DagBag from /home/airflow/.local/lib/python3.10/site-packages/airflow/example_dags/example_params_ui_tutorial.py
[2025-05-09T15:44:12.362+0000] {processor.py:840} INFO - DAG(s) 'example_params_ui_tutorial' retrieved from /home/airflow/.local/lib/python3.10/site-packages/airflow/example_dags/example_params_ui_tutorial.py
[2025-05-09T15:44:12.426+0000] {logging_mixin.py:188} INFO - [2025-05-09T15:44:12.426+0000] {dag.py:3096} INFO - Sync 1 DAGs
[2025-05-09T15:44:12.448+0000] {logging_mixin.py:188} INFO - [2025-05-09T15:44:12.448+0000] {dag.py:3954} INFO - Setting next_dagrun for example_params_ui_tutorial to None, run_after=None
[2025-05-09T15:44:12.476+0000] {processor.py:183} INFO - Processing /home/airflow/.local/lib/python3.10/site-packages/airflow/example_dags/example_params_ui_tutorial.py took 0.139 seconds
[2025-05-09T15:44:42.893+0000] {processor.py:161} INFO - Started process (PID=4428) to work on /home/airflow/.local/lib/python3.10/site-packages/airflow/example_dags/example_params_ui_tutorial.py
[2025-05-09T15:44:42.898+0000] {processor.py:830} INFO - Processing file /home/airflow/.local/lib/python3.10/site-packages/airflow/example_dags/example_params_ui_tutorial.py for tasks to queue
[2025-05-09T15:44:42.902+0000] {logging_mixin.py:188} INFO - [2025-05-09T15:44:42.901+0000] {dagbag.py:545} INFO - Filling up the DagBag from /home/airflow/.local/lib/python3.10/site-packages/airflow/example_dags/example_params_ui_tutorial.py
[2025-05-09T15:44:42.922+0000] {processor.py:840} INFO - DAG(s) 'example_params_ui_tutorial' retrieved from /home/airflow/.local/lib/python3.10/site-packages/airflow/example_dags/example_params_ui_tutorial.py
[2025-05-09T15:44:42.997+0000] {logging_mixin.py:188} INFO - [2025-05-09T15:44:42.996+0000] {dag.py:3096} INFO - Sync 1 DAGs
[2025-05-09T15:44:43.015+0000] {logging_mixin.py:188} INFO - [2025-05-09T15:44:43.015+0000] {dag.py:3954} INFO - Setting next_dagrun for example_params_ui_tutorial to None, run_after=None
[2025-05-09T15:44:43.052+0000] {processor.py:183} INFO - Processing /home/airflow/.local/lib/python3.10/site-packages/airflow/example_dags/example_params_ui_tutorial.py took 0.168 seconds
[2025-05-09T15:45:13.147+0000] {processor.py:161} INFO - Started process (PID=4690) to work on /home/airflow/.local/lib/python3.10/site-packages/airflow/example_dags/example_params_ui_tutorial.py
[2025-05-09T15:45:13.148+0000] {processor.py:830} INFO - Processing file /home/airflow/.local/lib/python3.10/site-packages/airflow/example_dags/example_params_ui_tutorial.py for tasks to queue
[2025-05-09T15:45:13.150+0000] {logging_mixin.py:188} INFO - [2025-05-09T15:45:13.150+0000] {dagbag.py:545} INFO - Filling up the DagBag from /home/airflow/.local/lib/python3.10/site-packages/airflow/example_dags/example_params_ui_tutorial.py
[2025-05-09T15:45:13.164+0000] {processor.py:840} INFO - DAG(s) 'example_params_ui_tutorial' retrieved from /home/airflow/.local/lib/python3.10/site-packages/airflow/example_dags/example_params_ui_tutorial.py
[2025-05-09T15:45:13.228+0000] {logging_mixin.py:188} INFO - [2025-05-09T15:45:13.228+0000] {dag.py:3096} INFO - Sync 1 DAGs
[2025-05-09T15:45:13.244+0000] {logging_mixin.py:188} INFO - [2025-05-09T15:45:13.243+0000] {dag.py:3954} INFO - Setting next_dagrun for example_params_ui_tutorial to None, run_after=None
[2025-05-09T15:45:13.276+0000] {processor.py:183} INFO - Processing /home/airflow/.local/lib/python3.10/site-packages/airflow/example_dags/example_params_ui_tutorial.py took 0.139 seconds
[2025-05-09T15:45:43.584+0000] {processor.py:161} INFO - Started process (PID=4952) to work on /home/airflow/.local/lib/python3.10/site-packages/airflow/example_dags/example_params_ui_tutorial.py
[2025-05-09T15:45:43.588+0000] {processor.py:830} INFO - Processing file /home/airflow/.local/lib/python3.10/site-packages/airflow/example_dags/example_params_ui_tutorial.py for tasks to queue
[2025-05-09T15:45:43.594+0000] {logging_mixin.py:188} INFO - [2025-05-09T15:45:43.593+0000] {dagbag.py:545} INFO - Filling up the DagBag from /home/airflow/.local/lib/python3.10/site-packages/airflow/example_dags/example_params_ui_tutorial.py
[2025-05-09T15:45:43.626+0000] {processor.py:840} INFO - DAG(s) 'example_params_ui_tutorial' retrieved from /home/airflow/.local/lib/python3.10/site-packages/airflow/example_dags/example_params_ui_tutorial.py
[2025-05-09T15:45:43.752+0000] {logging_mixin.py:188} INFO - [2025-05-09T15:45:43.751+0000] {dag.py:3096} INFO - Sync 1 DAGs
[2025-05-09T15:45:43.772+0000] {logging_mixin.py:188} INFO - [2025-05-09T15:45:43.772+0000] {dag.py:3954} INFO - Setting next_dagrun for example_params_ui_tutorial to None, run_after=None
[2025-05-09T15:45:43.816+0000] {processor.py:183} INFO - Processing /home/airflow/.local/lib/python3.10/site-packages/airflow/example_dags/example_params_ui_tutorial.py took 0.246 seconds
[2025-05-09T15:46:13.917+0000] {processor.py:161} INFO - Started process (PID=5223) to work on /home/airflow/.local/lib/python3.10/site-packages/airflow/example_dags/example_params_ui_tutorial.py
[2025-05-09T15:46:13.921+0000] {processor.py:830} INFO - Processing file /home/airflow/.local/lib/python3.10/site-packages/airflow/example_dags/example_params_ui_tutorial.py for tasks to queue
[2025-05-09T15:46:13.923+0000] {logging_mixin.py:188} INFO - [2025-05-09T15:46:13.923+0000] {dagbag.py:545} INFO - Filling up the DagBag from /home/airflow/.local/lib/python3.10/site-packages/airflow/example_dags/example_params_ui_tutorial.py
[2025-05-09T15:46:13.938+0000] {processor.py:840} INFO - DAG(s) 'example_params_ui_tutorial' retrieved from /home/airflow/.local/lib/python3.10/site-packages/airflow/example_dags/example_params_ui_tutorial.py
[2025-05-09T15:46:14.051+0000] {logging_mixin.py:188} INFO - [2025-05-09T15:46:14.050+0000] {dag.py:3096} INFO - Sync 1 DAGs
[2025-05-09T15:46:14.068+0000] {logging_mixin.py:188} INFO - [2025-05-09T15:46:14.068+0000] {dag.py:3954} INFO - Setting next_dagrun for example_params_ui_tutorial to None, run_after=None
[2025-05-09T15:46:14.098+0000] {processor.py:183} INFO - Processing /home/airflow/.local/lib/python3.10/site-packages/airflow/example_dags/example_params_ui_tutorial.py took 0.187 seconds
[2025-05-09T15:46:44.684+0000] {processor.py:161} INFO - Started process (PID=5485) to work on /home/airflow/.local/lib/python3.10/site-packages/airflow/example_dags/example_params_ui_tutorial.py
[2025-05-09T15:46:44.686+0000] {processor.py:830} INFO - Processing file /home/airflow/.local/lib/python3.10/site-packages/airflow/example_dags/example_params_ui_tutorial.py for tasks to queue
[2025-05-09T15:46:44.689+0000] {logging_mixin.py:188} INFO - [2025-05-09T15:46:44.689+0000] {dagbag.py:545} INFO - Filling up the DagBag from /home/airflow/.local/lib/python3.10/site-packages/airflow/example_dags/example_params_ui_tutorial.py
[2025-05-09T15:46:44.710+0000] {processor.py:840} INFO - DAG(s) 'example_params_ui_tutorial' retrieved from /home/airflow/.local/lib/python3.10/site-packages/airflow/example_dags/example_params_ui_tutorial.py
[2025-05-09T15:46:44.783+0000] {logging_mixin.py:188} INFO - [2025-05-09T15:46:44.783+0000] {dag.py:3096} INFO - Sync 1 DAGs
[2025-05-09T15:46:44.800+0000] {logging_mixin.py:188} INFO - [2025-05-09T15:46:44.800+0000] {dag.py:3954} INFO - Setting next_dagrun for example_params_ui_tutorial to None, run_after=None
[2025-05-09T15:46:44.835+0000] {processor.py:183} INFO - Processing /home/airflow/.local/lib/python3.10/site-packages/airflow/example_dags/example_params_ui_tutorial.py took 0.161 seconds
[2025-05-09T15:47:15.523+0000] {processor.py:161} INFO - Started process (PID=5747) to work on /home/airflow/.local/lib/python3.10/site-packages/airflow/example_dags/example_params_ui_tutorial.py
[2025-05-09T15:47:15.525+0000] {processor.py:830} INFO - Processing file /home/airflow/.local/lib/python3.10/site-packages/airflow/example_dags/example_params_ui_tutorial.py for tasks to queue
[2025-05-09T15:47:15.527+0000] {logging_mixin.py:188} INFO - [2025-05-09T15:47:15.527+0000] {dagbag.py:545} INFO - Filling up the DagBag from /home/airflow/.local/lib/python3.10/site-packages/airflow/example_dags/example_params_ui_tutorial.py
[2025-05-09T15:47:15.543+0000] {processor.py:840} INFO - DAG(s) 'example_params_ui_tutorial' retrieved from /home/airflow/.local/lib/python3.10/site-packages/airflow/example_dags/example_params_ui_tutorial.py
[2025-05-09T15:47:15.616+0000] {logging_mixin.py:188} INFO - [2025-05-09T15:47:15.616+0000] {dag.py:3096} INFO - Sync 1 DAGs
[2025-05-09T15:47:15.631+0000] {logging_mixin.py:188} INFO - [2025-05-09T15:47:15.631+0000] {dag.py:3954} INFO - Setting next_dagrun for example_params_ui_tutorial to None, run_after=None
[2025-05-09T15:47:15.654+0000] {processor.py:183} INFO - Processing /home/airflow/.local/lib/python3.10/site-packages/airflow/example_dags/example_params_ui_tutorial.py took 0.139 seconds
[2025-05-09T15:47:46.104+0000] {processor.py:161} INFO - Started process (PID=6009) to work on /home/airflow/.local/lib/python3.10/site-packages/airflow/example_dags/example_params_ui_tutorial.py
[2025-05-09T15:47:46.107+0000] {processor.py:830} INFO - Processing file /home/airflow/.local/lib/python3.10/site-packages/airflow/example_dags/example_params_ui_tutorial.py for tasks to queue
[2025-05-09T15:47:46.111+0000] {logging_mixin.py:188} INFO - [2025-05-09T15:47:46.110+0000] {dagbag.py:545} INFO - Filling up the DagBag from /home/airflow/.local/lib/python3.10/site-packages/airflow/example_dags/example_params_ui_tutorial.py
[2025-05-09T15:47:46.131+0000] {processor.py:840} INFO - DAG(s) 'example_params_ui_tutorial' retrieved from /home/airflow/.local/lib/python3.10/site-packages/airflow/example_dags/example_params_ui_tutorial.py
[2025-05-09T15:47:46.212+0000] {logging_mixin.py:188} INFO - [2025-05-09T15:47:46.212+0000] {dag.py:3096} INFO - Sync 1 DAGs
[2025-05-09T15:47:46.232+0000] {logging_mixin.py:188} INFO - [2025-05-09T15:47:46.232+0000] {dag.py:3954} INFO - Setting next_dagrun for example_params_ui_tutorial to None, run_after=None
[2025-05-09T15:47:46.263+0000] {processor.py:183} INFO - Processing /home/airflow/.local/lib/python3.10/site-packages/airflow/example_dags/example_params_ui_tutorial.py took 0.171 seconds
[2025-05-09T15:48:16.666+0000] {processor.py:161} INFO - Started process (PID=6288) to work on /home/airflow/.local/lib/python3.10/site-packages/airflow/example_dags/example_params_ui_tutorial.py
[2025-05-09T15:48:16.668+0000] {processor.py:830} INFO - Processing file /home/airflow/.local/lib/python3.10/site-packages/airflow/example_dags/example_params_ui_tutorial.py for tasks to queue
[2025-05-09T15:48:16.670+0000] {logging_mixin.py:188} INFO - [2025-05-09T15:48:16.670+0000] {dagbag.py:545} INFO - Filling up the DagBag from /home/airflow/.local/lib/python3.10/site-packages/airflow/example_dags/example_params_ui_tutorial.py
[2025-05-09T15:48:16.683+0000] {processor.py:840} INFO - DAG(s) 'example_params_ui_tutorial' retrieved from /home/airflow/.local/lib/python3.10/site-packages/airflow/example_dags/example_params_ui_tutorial.py
[2025-05-09T15:48:16.747+0000] {logging_mixin.py:188} INFO - [2025-05-09T15:48:16.746+0000] {dag.py:3096} INFO - Sync 1 DAGs
[2025-05-09T15:48:16.761+0000] {logging_mixin.py:188} INFO - [2025-05-09T15:48:16.760+0000] {dag.py:3954} INFO - Setting next_dagrun for example_params_ui_tutorial to None, run_after=None
[2025-05-09T15:48:16.785+0000] {processor.py:183} INFO - Processing /home/airflow/.local/lib/python3.10/site-packages/airflow/example_dags/example_params_ui_tutorial.py took 0.128 seconds
[2025-05-09T15:48:46.849+0000] {processor.py:161} INFO - Started process (PID=6556) to work on /home/airflow/.local/lib/python3.10/site-packages/airflow/example_dags/example_params_ui_tutorial.py
[2025-05-09T15:48:46.852+0000] {processor.py:830} INFO - Processing file /home/airflow/.local/lib/python3.10/site-packages/airflow/example_dags/example_params_ui_tutorial.py for tasks to queue
[2025-05-09T15:48:46.856+0000] {logging_mixin.py:188} INFO - [2025-05-09T15:48:46.855+0000] {dagbag.py:545} INFO - Filling up the DagBag from /home/airflow/.local/lib/python3.10/site-packages/airflow/example_dags/example_params_ui_tutorial.py
[2025-05-09T15:48:46.876+0000] {processor.py:840} INFO - DAG(s) 'example_params_ui_tutorial' retrieved from /home/airflow/.local/lib/python3.10/site-packages/airflow/example_dags/example_params_ui_tutorial.py
[2025-05-09T15:48:46.944+0000] {logging_mixin.py:188} INFO - [2025-05-09T15:48:46.944+0000] {dag.py:3096} INFO - Sync 1 DAGs
[2025-05-09T15:48:46.966+0000] {logging_mixin.py:188} INFO - [2025-05-09T15:48:46.965+0000] {dag.py:3954} INFO - Setting next_dagrun for example_params_ui_tutorial to None, run_after=None
[2025-05-09T15:48:46.997+0000] {processor.py:183} INFO - Processing /home/airflow/.local/lib/python3.10/site-packages/airflow/example_dags/example_params_ui_tutorial.py took 0.157 seconds
[2025-05-09T15:49:17.314+0000] {processor.py:161} INFO - Started process (PID=6844) to work on /home/airflow/.local/lib/python3.10/site-packages/airflow/example_dags/example_params_ui_tutorial.py
[2025-05-09T15:49:17.317+0000] {processor.py:830} INFO - Processing file /home/airflow/.local/lib/python3.10/site-packages/airflow/example_dags/example_params_ui_tutorial.py for tasks to queue
[2025-05-09T15:49:17.323+0000] {logging_mixin.py:188} INFO - [2025-05-09T15:49:17.322+0000] {dagbag.py:545} INFO - Filling up the DagBag from /home/airflow/.local/lib/python3.10/site-packages/airflow/example_dags/example_params_ui_tutorial.py
[2025-05-09T15:49:17.359+0000] {processor.py:840} INFO - DAG(s) 'example_params_ui_tutorial' retrieved from /home/airflow/.local/lib/python3.10/site-packages/airflow/example_dags/example_params_ui_tutorial.py
[2025-05-09T15:49:17.483+0000] {logging_mixin.py:188} INFO - [2025-05-09T15:49:17.483+0000] {dag.py:3096} INFO - Sync 1 DAGs
[2025-05-09T15:49:17.532+0000] {logging_mixin.py:188} INFO - [2025-05-09T15:49:17.532+0000] {dag.py:3954} INFO - Setting next_dagrun for example_params_ui_tutorial to None, run_after=None
[2025-05-09T15:49:17.584+0000] {processor.py:183} INFO - Processing /home/airflow/.local/lib/python3.10/site-packages/airflow/example_dags/example_params_ui_tutorial.py took 0.287 seconds
[2025-05-09T15:49:47.962+0000] {processor.py:161} INFO - Started process (PID=7110) to work on /home/airflow/.local/lib/python3.10/site-packages/airflow/example_dags/example_params_ui_tutorial.py
[2025-05-09T15:49:47.964+0000] {processor.py:830} INFO - Processing file /home/airflow/.local/lib/python3.10/site-packages/airflow/example_dags/example_params_ui_tutorial.py for tasks to queue
[2025-05-09T15:49:47.967+0000] {logging_mixin.py:188} INFO - [2025-05-09T15:49:47.966+0000] {dagbag.py:545} INFO - Filling up the DagBag from /home/airflow/.local/lib/python3.10/site-packages/airflow/example_dags/example_params_ui_tutorial.py
[2025-05-09T15:49:47.983+0000] {processor.py:840} INFO - DAG(s) 'example_params_ui_tutorial' retrieved from /home/airflow/.local/lib/python3.10/site-packages/airflow/example_dags/example_params_ui_tutorial.py
[2025-05-09T15:49:48.058+0000] {logging_mixin.py:188} INFO - [2025-05-09T15:49:48.058+0000] {dag.py:3096} INFO - Sync 1 DAGs
[2025-05-09T15:49:48.074+0000] {logging_mixin.py:188} INFO - [2025-05-09T15:49:48.073+0000] {dag.py:3954} INFO - Setting next_dagrun for example_params_ui_tutorial to None, run_after=None
[2025-05-09T15:49:48.102+0000] {processor.py:183} INFO - Processing /home/airflow/.local/lib/python3.10/site-packages/airflow/example_dags/example_params_ui_tutorial.py took 0.148 seconds
[2025-05-09T15:50:18.438+0000] {processor.py:161} INFO - Started process (PID=7378) to work on /home/airflow/.local/lib/python3.10/site-packages/airflow/example_dags/example_params_ui_tutorial.py
[2025-05-09T15:50:18.439+0000] {processor.py:830} INFO - Processing file /home/airflow/.local/lib/python3.10/site-packages/airflow/example_dags/example_params_ui_tutorial.py for tasks to queue
[2025-05-09T15:50:18.442+0000] {logging_mixin.py:188} INFO - [2025-05-09T15:50:18.441+0000] {dagbag.py:545} INFO - Filling up the DagBag from /home/airflow/.local/lib/python3.10/site-packages/airflow/example_dags/example_params_ui_tutorial.py
[2025-05-09T15:50:18.460+0000] {processor.py:840} INFO - DAG(s) 'example_params_ui_tutorial' retrieved from /home/airflow/.local/lib/python3.10/site-packages/airflow/example_dags/example_params_ui_tutorial.py
[2025-05-09T15:50:18.542+0000] {logging_mixin.py:188} INFO - [2025-05-09T15:50:18.541+0000] {dag.py:3096} INFO - Sync 1 DAGs
[2025-05-09T15:50:18.559+0000] {logging_mixin.py:188} INFO - [2025-05-09T15:50:18.559+0000] {dag.py:3954} INFO - Setting next_dagrun for example_params_ui_tutorial to None, run_after=None
[2025-05-09T15:50:18.594+0000] {processor.py:183} INFO - Processing /home/airflow/.local/lib/python3.10/site-packages/airflow/example_dags/example_params_ui_tutorial.py took 0.163 seconds
[2025-05-09T15:50:48.802+0000] {processor.py:161} INFO - Started process (PID=7645) to work on /home/airflow/.local/lib/python3.10/site-packages/airflow/example_dags/example_params_ui_tutorial.py
[2025-05-09T15:50:48.803+0000] {processor.py:830} INFO - Processing file /home/airflow/.local/lib/python3.10/site-packages/airflow/example_dags/example_params_ui_tutorial.py for tasks to queue
[2025-05-09T15:50:48.806+0000] {logging_mixin.py:188} INFO - [2025-05-09T15:50:48.805+0000] {dagbag.py:545} INFO - Filling up the DagBag from /home/airflow/.local/lib/python3.10/site-packages/airflow/example_dags/example_params_ui_tutorial.py
[2025-05-09T15:50:48.818+0000] {processor.py:840} INFO - DAG(s) 'example_params_ui_tutorial' retrieved from /home/airflow/.local/lib/python3.10/site-packages/airflow/example_dags/example_params_ui_tutorial.py
[2025-05-09T15:50:48.902+0000] {logging_mixin.py:188} INFO - [2025-05-09T15:50:48.901+0000] {dag.py:3096} INFO - Sync 1 DAGs
[2025-05-09T15:50:48.920+0000] {logging_mixin.py:188} INFO - [2025-05-09T15:50:48.919+0000] {dag.py:3954} INFO - Setting next_dagrun for example_params_ui_tutorial to None, run_after=None
[2025-05-09T15:50:48.967+0000] {processor.py:183} INFO - Processing /home/airflow/.local/lib/python3.10/site-packages/airflow/example_dags/example_params_ui_tutorial.py took 0.172 seconds
[2025-05-09T15:51:19.073+0000] {processor.py:161} INFO - Started process (PID=7916) to work on /home/airflow/.local/lib/python3.10/site-packages/airflow/example_dags/example_params_ui_tutorial.py
[2025-05-09T15:51:19.075+0000] {processor.py:830} INFO - Processing file /home/airflow/.local/lib/python3.10/site-packages/airflow/example_dags/example_params_ui_tutorial.py for tasks to queue
[2025-05-09T15:51:19.077+0000] {logging_mixin.py:188} INFO - [2025-05-09T15:51:19.077+0000] {dagbag.py:545} INFO - Filling up the DagBag from /home/airflow/.local/lib/python3.10/site-packages/airflow/example_dags/example_params_ui_tutorial.py
[2025-05-09T15:51:19.094+0000] {processor.py:840} INFO - DAG(s) 'example_params_ui_tutorial' retrieved from /home/airflow/.local/lib/python3.10/site-packages/airflow/example_dags/example_params_ui_tutorial.py
[2025-05-09T15:51:19.164+0000] {logging_mixin.py:188} INFO - [2025-05-09T15:51:19.164+0000] {dag.py:3096} INFO - Sync 1 DAGs
[2025-05-09T15:51:19.179+0000] {logging_mixin.py:188} INFO - [2025-05-09T15:51:19.179+0000] {dag.py:3954} INFO - Setting next_dagrun for example_params_ui_tutorial to None, run_after=None
[2025-05-09T15:51:19.204+0000] {processor.py:183} INFO - Processing /home/airflow/.local/lib/python3.10/site-packages/airflow/example_dags/example_params_ui_tutorial.py took 0.138 seconds
[2025-05-09T15:51:50.038+0000] {processor.py:161} INFO - Started process (PID=8173) to work on /home/airflow/.local/lib/python3.10/site-packages/airflow/example_dags/example_params_ui_tutorial.py
[2025-05-09T15:51:50.040+0000] {processor.py:830} INFO - Processing file /home/airflow/.local/lib/python3.10/site-packages/airflow/example_dags/example_params_ui_tutorial.py for tasks to queue
[2025-05-09T15:51:50.042+0000] {logging_mixin.py:188} INFO - [2025-05-09T15:51:50.042+0000] {dagbag.py:545} INFO - Filling up the DagBag from /home/airflow/.local/lib/python3.10/site-packages/airflow/example_dags/example_params_ui_tutorial.py
[2025-05-09T15:51:50.055+0000] {processor.py:840} INFO - DAG(s) 'example_params_ui_tutorial' retrieved from /home/airflow/.local/lib/python3.10/site-packages/airflow/example_dags/example_params_ui_tutorial.py
[2025-05-09T15:51:50.114+0000] {logging_mixin.py:188} INFO - [2025-05-09T15:51:50.113+0000] {dag.py:3096} INFO - Sync 1 DAGs
[2025-05-09T15:51:50.127+0000] {logging_mixin.py:188} INFO - [2025-05-09T15:51:50.126+0000] {dag.py:3954} INFO - Setting next_dagrun for example_params_ui_tutorial to None, run_after=None
[2025-05-09T15:51:50.148+0000] {processor.py:183} INFO - Processing /home/airflow/.local/lib/python3.10/site-packages/airflow/example_dags/example_params_ui_tutorial.py took 0.116 seconds
[2025-05-09T15:52:20.757+0000] {processor.py:161} INFO - Started process (PID=8441) to work on /home/airflow/.local/lib/python3.10/site-packages/airflow/example_dags/example_params_ui_tutorial.py
[2025-05-09T15:52:20.759+0000] {processor.py:830} INFO - Processing file /home/airflow/.local/lib/python3.10/site-packages/airflow/example_dags/example_params_ui_tutorial.py for tasks to queue
[2025-05-09T15:52:20.761+0000] {logging_mixin.py:188} INFO - [2025-05-09T15:52:20.761+0000] {dagbag.py:545} INFO - Filling up the DagBag from /home/airflow/.local/lib/python3.10/site-packages/airflow/example_dags/example_params_ui_tutorial.py
[2025-05-09T15:52:20.773+0000] {processor.py:840} INFO - DAG(s) 'example_params_ui_tutorial' retrieved from /home/airflow/.local/lib/python3.10/site-packages/airflow/example_dags/example_params_ui_tutorial.py
[2025-05-09T15:52:20.824+0000] {logging_mixin.py:188} INFO - [2025-05-09T15:52:20.824+0000] {dag.py:3096} INFO - Sync 1 DAGs
[2025-05-09T15:52:20.836+0000] {logging_mixin.py:188} INFO - [2025-05-09T15:52:20.836+0000] {dag.py:3954} INFO - Setting next_dagrun for example_params_ui_tutorial to None, run_after=None
[2025-05-09T15:52:20.857+0000] {processor.py:183} INFO - Processing /home/airflow/.local/lib/python3.10/site-packages/airflow/example_dags/example_params_ui_tutorial.py took 0.105 seconds
[2025-05-09T15:52:51.761+0000] {processor.py:161} INFO - Started process (PID=8703) to work on /home/airflow/.local/lib/python3.10/site-packages/airflow/example_dags/example_params_ui_tutorial.py
[2025-05-09T15:52:51.764+0000] {processor.py:830} INFO - Processing file /home/airflow/.local/lib/python3.10/site-packages/airflow/example_dags/example_params_ui_tutorial.py for tasks to queue
[2025-05-09T15:52:51.769+0000] {logging_mixin.py:188} INFO - [2025-05-09T15:52:51.768+0000] {dagbag.py:545} INFO - Filling up the DagBag from /home/airflow/.local/lib/python3.10/site-packages/airflow/example_dags/example_params_ui_tutorial.py
[2025-05-09T15:52:51.784+0000] {processor.py:840} INFO - DAG(s) 'example_params_ui_tutorial' retrieved from /home/airflow/.local/lib/python3.10/site-packages/airflow/example_dags/example_params_ui_tutorial.py
[2025-05-09T15:52:51.844+0000] {logging_mixin.py:188} INFO - [2025-05-09T15:52:51.844+0000] {dag.py:3096} INFO - Sync 1 DAGs
[2025-05-09T15:52:51.857+0000] {logging_mixin.py:188} INFO - [2025-05-09T15:52:51.857+0000] {dag.py:3954} INFO - Setting next_dagrun for example_params_ui_tutorial to None, run_after=None
[2025-05-09T15:52:51.877+0000] {processor.py:183} INFO - Processing /home/airflow/.local/lib/python3.10/site-packages/airflow/example_dags/example_params_ui_tutorial.py took 0.123 seconds
[2025-05-09T15:53:22.260+0000] {processor.py:161} INFO - Started process (PID=8974) to work on /home/airflow/.local/lib/python3.10/site-packages/airflow/example_dags/example_params_ui_tutorial.py
[2025-05-09T15:53:22.261+0000] {processor.py:830} INFO - Processing file /home/airflow/.local/lib/python3.10/site-packages/airflow/example_dags/example_params_ui_tutorial.py for tasks to queue
[2025-05-09T15:53:22.263+0000] {logging_mixin.py:188} INFO - [2025-05-09T15:53:22.263+0000] {dagbag.py:545} INFO - Filling up the DagBag from /home/airflow/.local/lib/python3.10/site-packages/airflow/example_dags/example_params_ui_tutorial.py
[2025-05-09T15:53:22.277+0000] {processor.py:840} INFO - DAG(s) 'example_params_ui_tutorial' retrieved from /home/airflow/.local/lib/python3.10/site-packages/airflow/example_dags/example_params_ui_tutorial.py
[2025-05-09T15:53:22.342+0000] {logging_mixin.py:188} INFO - [2025-05-09T15:53:22.341+0000] {dag.py:3096} INFO - Sync 1 DAGs
[2025-05-09T15:53:22.360+0000] {logging_mixin.py:188} INFO - [2025-05-09T15:53:22.360+0000] {dag.py:3954} INFO - Setting next_dagrun for example_params_ui_tutorial to None, run_after=None
[2025-05-09T15:53:22.385+0000] {processor.py:183} INFO - Processing /home/airflow/.local/lib/python3.10/site-packages/airflow/example_dags/example_params_ui_tutorial.py took 0.133 seconds
[2025-05-09T15:53:52.479+0000] {processor.py:161} INFO - Started process (PID=9241) to work on /home/airflow/.local/lib/python3.10/site-packages/airflow/example_dags/example_params_ui_tutorial.py
[2025-05-09T15:53:52.482+0000] {processor.py:830} INFO - Processing file /home/airflow/.local/lib/python3.10/site-packages/airflow/example_dags/example_params_ui_tutorial.py for tasks to queue
[2025-05-09T15:53:52.487+0000] {logging_mixin.py:188} INFO - [2025-05-09T15:53:52.486+0000] {dagbag.py:545} INFO - Filling up the DagBag from /home/airflow/.local/lib/python3.10/site-packages/airflow/example_dags/example_params_ui_tutorial.py
[2025-05-09T15:53:52.510+0000] {processor.py:840} INFO - DAG(s) 'example_params_ui_tutorial' retrieved from /home/airflow/.local/lib/python3.10/site-packages/airflow/example_dags/example_params_ui_tutorial.py
[2025-05-09T15:53:52.611+0000] {logging_mixin.py:188} INFO - [2025-05-09T15:53:52.611+0000] {dag.py:3096} INFO - Sync 1 DAGs
[2025-05-09T15:53:52.636+0000] {logging_mixin.py:188} INFO - [2025-05-09T15:53:52.635+0000] {dag.py:3954} INFO - Setting next_dagrun for example_params_ui_tutorial to None, run_after=None
[2025-05-09T15:53:52.672+0000] {processor.py:183} INFO - Processing /home/airflow/.local/lib/python3.10/site-packages/airflow/example_dags/example_params_ui_tutorial.py took 0.207 seconds
[2025-05-09T15:54:22.771+0000] {processor.py:161} INFO - Started process (PID=9521) to work on /home/airflow/.local/lib/python3.10/site-packages/airflow/example_dags/example_params_ui_tutorial.py
[2025-05-09T15:54:22.774+0000] {processor.py:830} INFO - Processing file /home/airflow/.local/lib/python3.10/site-packages/airflow/example_dags/example_params_ui_tutorial.py for tasks to queue
[2025-05-09T15:54:22.777+0000] {logging_mixin.py:188} INFO - [2025-05-09T15:54:22.776+0000] {dagbag.py:545} INFO - Filling up the DagBag from /home/airflow/.local/lib/python3.10/site-packages/airflow/example_dags/example_params_ui_tutorial.py
[2025-05-09T15:54:22.793+0000] {processor.py:840} INFO - DAG(s) 'example_params_ui_tutorial' retrieved from /home/airflow/.local/lib/python3.10/site-packages/airflow/example_dags/example_params_ui_tutorial.py
[2025-05-09T15:54:22.887+0000] {logging_mixin.py:188} INFO - [2025-05-09T15:54:22.886+0000] {dag.py:3096} INFO - Sync 1 DAGs
[2025-05-09T15:54:22.912+0000] {logging_mixin.py:188} INFO - [2025-05-09T15:54:22.911+0000] {dag.py:3954} INFO - Setting next_dagrun for example_params_ui_tutorial to None, run_after=None
[2025-05-09T15:54:22.950+0000] {processor.py:183} INFO - Processing /home/airflow/.local/lib/python3.10/site-packages/airflow/example_dags/example_params_ui_tutorial.py took 0.189 seconds
[2025-05-09T15:54:53.021+0000] {processor.py:161} INFO - Started process (PID=9787) to work on /home/airflow/.local/lib/python3.10/site-packages/airflow/example_dags/example_params_ui_tutorial.py
[2025-05-09T15:54:53.023+0000] {processor.py:830} INFO - Processing file /home/airflow/.local/lib/python3.10/site-packages/airflow/example_dags/example_params_ui_tutorial.py for tasks to queue
[2025-05-09T15:54:53.028+0000] {logging_mixin.py:188} INFO - [2025-05-09T15:54:53.027+0000] {dagbag.py:545} INFO - Filling up the DagBag from /home/airflow/.local/lib/python3.10/site-packages/airflow/example_dags/example_params_ui_tutorial.py
[2025-05-09T15:54:53.048+0000] {processor.py:840} INFO - DAG(s) 'example_params_ui_tutorial' retrieved from /home/airflow/.local/lib/python3.10/site-packages/airflow/example_dags/example_params_ui_tutorial.py
[2025-05-09T15:54:53.126+0000] {logging_mixin.py:188} INFO - [2025-05-09T15:54:53.125+0000] {dag.py:3096} INFO - Sync 1 DAGs
[2025-05-09T15:54:53.149+0000] {logging_mixin.py:188} INFO - [2025-05-09T15:54:53.149+0000] {dag.py:3954} INFO - Setting next_dagrun for example_params_ui_tutorial to None, run_after=None
[2025-05-09T15:54:53.188+0000] {processor.py:183} INFO - Processing /home/airflow/.local/lib/python3.10/site-packages/airflow/example_dags/example_params_ui_tutorial.py took 0.180 seconds
[2025-05-09T15:55:23.451+0000] {processor.py:161} INFO - Started process (PID=10055) to work on /home/airflow/.local/lib/python3.10/site-packages/airflow/example_dags/example_params_ui_tutorial.py
[2025-05-09T15:55:23.456+0000] {processor.py:830} INFO - Processing file /home/airflow/.local/lib/python3.10/site-packages/airflow/example_dags/example_params_ui_tutorial.py for tasks to queue
[2025-05-09T15:55:23.459+0000] {logging_mixin.py:188} INFO - [2025-05-09T15:55:23.459+0000] {dagbag.py:545} INFO - Filling up the DagBag from /home/airflow/.local/lib/python3.10/site-packages/airflow/example_dags/example_params_ui_tutorial.py
[2025-05-09T15:55:23.477+0000] {processor.py:840} INFO - DAG(s) 'example_params_ui_tutorial' retrieved from /home/airflow/.local/lib/python3.10/site-packages/airflow/example_dags/example_params_ui_tutorial.py
[2025-05-09T15:55:23.546+0000] {logging_mixin.py:188} INFO - [2025-05-09T15:55:23.546+0000] {dag.py:3096} INFO - Sync 1 DAGs
[2025-05-09T15:55:23.560+0000] {logging_mixin.py:188} INFO - [2025-05-09T15:55:23.559+0000] {dag.py:3954} INFO - Setting next_dagrun for example_params_ui_tutorial to None, run_after=None
[2025-05-09T15:55:23.579+0000] {processor.py:183} INFO - Processing /home/airflow/.local/lib/python3.10/site-packages/airflow/example_dags/example_params_ui_tutorial.py took 0.138 seconds
[2025-05-09T15:55:53.694+0000] {processor.py:161} INFO - Started process (PID=10317) to work on /home/airflow/.local/lib/python3.10/site-packages/airflow/example_dags/example_params_ui_tutorial.py
[2025-05-09T15:55:53.696+0000] {processor.py:830} INFO - Processing file /home/airflow/.local/lib/python3.10/site-packages/airflow/example_dags/example_params_ui_tutorial.py for tasks to queue
[2025-05-09T15:55:53.702+0000] {logging_mixin.py:188} INFO - [2025-05-09T15:55:53.699+0000] {dagbag.py:545} INFO - Filling up the DagBag from /home/airflow/.local/lib/python3.10/site-packages/airflow/example_dags/example_params_ui_tutorial.py
[2025-05-09T15:55:53.724+0000] {processor.py:840} INFO - DAG(s) 'example_params_ui_tutorial' retrieved from /home/airflow/.local/lib/python3.10/site-packages/airflow/example_dags/example_params_ui_tutorial.py
[2025-05-09T15:55:53.805+0000] {logging_mixin.py:188} INFO - [2025-05-09T15:55:53.805+0000] {dag.py:3096} INFO - Sync 1 DAGs
[2025-05-09T15:55:53.823+0000] {logging_mixin.py:188} INFO - [2025-05-09T15:55:53.822+0000] {dag.py:3954} INFO - Setting next_dagrun for example_params_ui_tutorial to None, run_after=None
[2025-05-09T15:55:53.849+0000] {processor.py:183} INFO - Processing /home/airflow/.local/lib/python3.10/site-packages/airflow/example_dags/example_params_ui_tutorial.py took 0.164 seconds
[2025-05-09T15:56:24.126+0000] {processor.py:161} INFO - Started process (PID=10588) to work on /home/airflow/.local/lib/python3.10/site-packages/airflow/example_dags/example_params_ui_tutorial.py
[2025-05-09T15:56:24.127+0000] {processor.py:830} INFO - Processing file /home/airflow/.local/lib/python3.10/site-packages/airflow/example_dags/example_params_ui_tutorial.py for tasks to queue
[2025-05-09T15:56:24.130+0000] {logging_mixin.py:188} INFO - [2025-05-09T15:56:24.130+0000] {dagbag.py:545} INFO - Filling up the DagBag from /home/airflow/.local/lib/python3.10/site-packages/airflow/example_dags/example_params_ui_tutorial.py
[2025-05-09T15:56:24.145+0000] {processor.py:840} INFO - DAG(s) 'example_params_ui_tutorial' retrieved from /home/airflow/.local/lib/python3.10/site-packages/airflow/example_dags/example_params_ui_tutorial.py
[2025-05-09T15:56:24.206+0000] {logging_mixin.py:188} INFO - [2025-05-09T15:56:24.206+0000] {dag.py:3096} INFO - Sync 1 DAGs
[2025-05-09T15:56:24.219+0000] {logging_mixin.py:188} INFO - [2025-05-09T15:56:24.218+0000] {dag.py:3954} INFO - Setting next_dagrun for example_params_ui_tutorial to None, run_after=None
[2025-05-09T15:56:24.247+0000] {processor.py:183} INFO - Processing /home/airflow/.local/lib/python3.10/site-packages/airflow/example_dags/example_params_ui_tutorial.py took 0.130 seconds
[2025-05-09T15:56:54.348+0000] {processor.py:161} INFO - Started process (PID=10850) to work on /home/airflow/.local/lib/python3.10/site-packages/airflow/example_dags/example_params_ui_tutorial.py
[2025-05-09T15:56:54.350+0000] {processor.py:830} INFO - Processing file /home/airflow/.local/lib/python3.10/site-packages/airflow/example_dags/example_params_ui_tutorial.py for tasks to queue
[2025-05-09T15:56:54.352+0000] {logging_mixin.py:188} INFO - [2025-05-09T15:56:54.352+0000] {dagbag.py:545} INFO - Filling up the DagBag from /home/airflow/.local/lib/python3.10/site-packages/airflow/example_dags/example_params_ui_tutorial.py
[2025-05-09T15:56:54.363+0000] {processor.py:840} INFO - DAG(s) 'example_params_ui_tutorial' retrieved from /home/airflow/.local/lib/python3.10/site-packages/airflow/example_dags/example_params_ui_tutorial.py
[2025-05-09T15:56:54.425+0000] {logging_mixin.py:188} INFO - [2025-05-09T15:56:54.425+0000] {dag.py:3096} INFO - Sync 1 DAGs
[2025-05-09T15:56:54.440+0000] {logging_mixin.py:188} INFO - [2025-05-09T15:56:54.439+0000] {dag.py:3954} INFO - Setting next_dagrun for example_params_ui_tutorial to None, run_after=None
[2025-05-09T15:56:54.465+0000] {processor.py:183} INFO - Processing /home/airflow/.local/lib/python3.10/site-packages/airflow/example_dags/example_params_ui_tutorial.py took 0.122 seconds
[2025-05-09T15:57:24.554+0000] {processor.py:161} INFO - Started process (PID=11121) to work on /home/airflow/.local/lib/python3.10/site-packages/airflow/example_dags/example_params_ui_tutorial.py
[2025-05-09T15:57:24.556+0000] {processor.py:830} INFO - Processing file /home/airflow/.local/lib/python3.10/site-packages/airflow/example_dags/example_params_ui_tutorial.py for tasks to queue
[2025-05-09T15:57:24.558+0000] {logging_mixin.py:188} INFO - [2025-05-09T15:57:24.558+0000] {dagbag.py:545} INFO - Filling up the DagBag from /home/airflow/.local/lib/python3.10/site-packages/airflow/example_dags/example_params_ui_tutorial.py
[2025-05-09T15:57:24.571+0000] {processor.py:840} INFO - DAG(s) 'example_params_ui_tutorial' retrieved from /home/airflow/.local/lib/python3.10/site-packages/airflow/example_dags/example_params_ui_tutorial.py
[2025-05-09T15:57:24.634+0000] {logging_mixin.py:188} INFO - [2025-05-09T15:57:24.634+0000] {dag.py:3096} INFO - Sync 1 DAGs
[2025-05-09T15:57:24.646+0000] {logging_mixin.py:188} INFO - [2025-05-09T15:57:24.646+0000] {dag.py:3954} INFO - Setting next_dagrun for example_params_ui_tutorial to None, run_after=None
[2025-05-09T15:57:24.666+0000] {processor.py:183} INFO - Processing /home/airflow/.local/lib/python3.10/site-packages/airflow/example_dags/example_params_ui_tutorial.py took 0.118 seconds
[2025-05-09T15:57:55.392+0000] {processor.py:161} INFO - Started process (PID=11383) to work on /home/airflow/.local/lib/python3.10/site-packages/airflow/example_dags/example_params_ui_tutorial.py
[2025-05-09T15:57:55.394+0000] {processor.py:830} INFO - Processing file /home/airflow/.local/lib/python3.10/site-packages/airflow/example_dags/example_params_ui_tutorial.py for tasks to queue
[2025-05-09T15:57:55.397+0000] {logging_mixin.py:188} INFO - [2025-05-09T15:57:55.396+0000] {dagbag.py:545} INFO - Filling up the DagBag from /home/airflow/.local/lib/python3.10/site-packages/airflow/example_dags/example_params_ui_tutorial.py
[2025-05-09T15:57:55.411+0000] {processor.py:840} INFO - DAG(s) 'example_params_ui_tutorial' retrieved from /home/airflow/.local/lib/python3.10/site-packages/airflow/example_dags/example_params_ui_tutorial.py
[2025-05-09T15:57:55.478+0000] {logging_mixin.py:188} INFO - [2025-05-09T15:57:55.478+0000] {dag.py:3096} INFO - Sync 1 DAGs
[2025-05-09T15:57:55.493+0000] {logging_mixin.py:188} INFO - [2025-05-09T15:57:55.493+0000] {dag.py:3954} INFO - Setting next_dagrun for example_params_ui_tutorial to None, run_after=None
[2025-05-09T15:57:55.522+0000] {processor.py:183} INFO - Processing /home/airflow/.local/lib/python3.10/site-packages/airflow/example_dags/example_params_ui_tutorial.py took 0.136 seconds
[2025-05-09T15:58:25.664+0000] {processor.py:161} INFO - Started process (PID=11654) to work on /home/airflow/.local/lib/python3.10/site-packages/airflow/example_dags/example_params_ui_tutorial.py
[2025-05-09T15:58:25.666+0000] {processor.py:830} INFO - Processing file /home/airflow/.local/lib/python3.10/site-packages/airflow/example_dags/example_params_ui_tutorial.py for tasks to queue
[2025-05-09T15:58:25.670+0000] {logging_mixin.py:188} INFO - [2025-05-09T15:58:25.669+0000] {dagbag.py:545} INFO - Filling up the DagBag from /home/airflow/.local/lib/python3.10/site-packages/airflow/example_dags/example_params_ui_tutorial.py
[2025-05-09T15:58:25.686+0000] {processor.py:840} INFO - DAG(s) 'example_params_ui_tutorial' retrieved from /home/airflow/.local/lib/python3.10/site-packages/airflow/example_dags/example_params_ui_tutorial.py
[2025-05-09T15:58:25.760+0000] {logging_mixin.py:188} INFO - [2025-05-09T15:58:25.759+0000] {dag.py:3096} INFO - Sync 1 DAGs
[2025-05-09T15:58:25.776+0000] {logging_mixin.py:188} INFO - [2025-05-09T15:58:25.776+0000] {dag.py:3954} INFO - Setting next_dagrun for example_params_ui_tutorial to None, run_after=None
[2025-05-09T15:58:25.805+0000] {processor.py:183} INFO - Processing /home/airflow/.local/lib/python3.10/site-packages/airflow/example_dags/example_params_ui_tutorial.py took 0.149 seconds
[2025-05-09T15:58:56.224+0000] {processor.py:161} INFO - Started process (PID=11916) to work on /home/airflow/.local/lib/python3.10/site-packages/airflow/example_dags/example_params_ui_tutorial.py
[2025-05-09T15:58:56.226+0000] {processor.py:830} INFO - Processing file /home/airflow/.local/lib/python3.10/site-packages/airflow/example_dags/example_params_ui_tutorial.py for tasks to queue
[2025-05-09T15:58:56.229+0000] {logging_mixin.py:188} INFO - [2025-05-09T15:58:56.229+0000] {dagbag.py:545} INFO - Filling up the DagBag from /home/airflow/.local/lib/python3.10/site-packages/airflow/example_dags/example_params_ui_tutorial.py
[2025-05-09T15:58:56.243+0000] {processor.py:840} INFO - DAG(s) 'example_params_ui_tutorial' retrieved from /home/airflow/.local/lib/python3.10/site-packages/airflow/example_dags/example_params_ui_tutorial.py
[2025-05-09T15:58:56.308+0000] {logging_mixin.py:188} INFO - [2025-05-09T15:58:56.307+0000] {dag.py:3096} INFO - Sync 1 DAGs
[2025-05-09T15:58:56.322+0000] {logging_mixin.py:188} INFO - [2025-05-09T15:58:56.321+0000] {dag.py:3954} INFO - Setting next_dagrun for example_params_ui_tutorial to None, run_after=None
[2025-05-09T15:58:56.349+0000] {processor.py:183} INFO - Processing /home/airflow/.local/lib/python3.10/site-packages/airflow/example_dags/example_params_ui_tutorial.py took 0.133 seconds
[2025-05-09T15:59:26.404+0000] {processor.py:161} INFO - Started process (PID=12187) to work on /home/airflow/.local/lib/python3.10/site-packages/airflow/example_dags/example_params_ui_tutorial.py
[2025-05-09T15:59:26.405+0000] {processor.py:830} INFO - Processing file /home/airflow/.local/lib/python3.10/site-packages/airflow/example_dags/example_params_ui_tutorial.py for tasks to queue
[2025-05-09T15:59:26.407+0000] {logging_mixin.py:188} INFO - [2025-05-09T15:59:26.407+0000] {dagbag.py:545} INFO - Filling up the DagBag from /home/airflow/.local/lib/python3.10/site-packages/airflow/example_dags/example_params_ui_tutorial.py
[2025-05-09T15:59:26.417+0000] {processor.py:840} INFO - DAG(s) 'example_params_ui_tutorial' retrieved from /home/airflow/.local/lib/python3.10/site-packages/airflow/example_dags/example_params_ui_tutorial.py
[2025-05-09T15:59:26.467+0000] {logging_mixin.py:188} INFO - [2025-05-09T15:59:26.466+0000] {dag.py:3096} INFO - Sync 1 DAGs
[2025-05-09T15:59:26.479+0000] {logging_mixin.py:188} INFO - [2025-05-09T15:59:26.478+0000] {dag.py:3954} INFO - Setting next_dagrun for example_params_ui_tutorial to None, run_after=None
[2025-05-09T15:59:26.503+0000] {processor.py:183} INFO - Processing /home/airflow/.local/lib/python3.10/site-packages/airflow/example_dags/example_params_ui_tutorial.py took 0.104 seconds
[2025-05-09T15:59:56.600+0000] {processor.py:161} INFO - Started process (PID=12456) to work on /home/airflow/.local/lib/python3.10/site-packages/airflow/example_dags/example_params_ui_tutorial.py
[2025-05-09T15:59:56.601+0000] {processor.py:830} INFO - Processing file /home/airflow/.local/lib/python3.10/site-packages/airflow/example_dags/example_params_ui_tutorial.py for tasks to queue
[2025-05-09T15:59:56.603+0000] {logging_mixin.py:188} INFO - [2025-05-09T15:59:56.603+0000] {dagbag.py:545} INFO - Filling up the DagBag from /home/airflow/.local/lib/python3.10/site-packages/airflow/example_dags/example_params_ui_tutorial.py
[2025-05-09T15:59:56.618+0000] {processor.py:840} INFO - DAG(s) 'example_params_ui_tutorial' retrieved from /home/airflow/.local/lib/python3.10/site-packages/airflow/example_dags/example_params_ui_tutorial.py
[2025-05-09T15:59:56.675+0000] {logging_mixin.py:188} INFO - [2025-05-09T15:59:56.675+0000] {dag.py:3096} INFO - Sync 1 DAGs
[2025-05-09T15:59:56.688+0000] {logging_mixin.py:188} INFO - [2025-05-09T15:59:56.688+0000] {dag.py:3954} INFO - Setting next_dagrun for example_params_ui_tutorial to None, run_after=None
[2025-05-09T15:59:56.755+0000] {processor.py:183} INFO - Processing /home/airflow/.local/lib/python3.10/site-packages/airflow/example_dags/example_params_ui_tutorial.py took 0.160 seconds
[2025-05-09T16:00:27.062+0000] {processor.py:161} INFO - Started process (PID=12757) to work on /home/airflow/.local/lib/python3.10/site-packages/airflow/example_dags/example_params_ui_tutorial.py
[2025-05-09T16:00:27.065+0000] {processor.py:830} INFO - Processing file /home/airflow/.local/lib/python3.10/site-packages/airflow/example_dags/example_params_ui_tutorial.py for tasks to queue
[2025-05-09T16:00:27.068+0000] {logging_mixin.py:188} INFO - [2025-05-09T16:00:27.068+0000] {dagbag.py:545} INFO - Filling up the DagBag from /home/airflow/.local/lib/python3.10/site-packages/airflow/example_dags/example_params_ui_tutorial.py
[2025-05-09T16:00:27.086+0000] {processor.py:840} INFO - DAG(s) 'example_params_ui_tutorial' retrieved from /home/airflow/.local/lib/python3.10/site-packages/airflow/example_dags/example_params_ui_tutorial.py
[2025-05-09T16:00:27.146+0000] {logging_mixin.py:188} INFO - [2025-05-09T16:00:27.145+0000] {dag.py:3096} INFO - Sync 1 DAGs
[2025-05-09T16:00:27.159+0000] {logging_mixin.py:188} INFO - [2025-05-09T16:00:27.159+0000] {dag.py:3954} INFO - Setting next_dagrun for example_params_ui_tutorial to None, run_after=None
[2025-05-09T16:00:27.184+0000] {processor.py:183} INFO - Processing /home/airflow/.local/lib/python3.10/site-packages/airflow/example_dags/example_params_ui_tutorial.py took 0.132 seconds
[2025-05-09T16:00:58.005+0000] {processor.py:161} INFO - Started process (PID=13042) to work on /home/airflow/.local/lib/python3.10/site-packages/airflow/example_dags/example_params_ui_tutorial.py
[2025-05-09T16:00:58.007+0000] {processor.py:830} INFO - Processing file /home/airflow/.local/lib/python3.10/site-packages/airflow/example_dags/example_params_ui_tutorial.py for tasks to queue
[2025-05-09T16:00:58.009+0000] {logging_mixin.py:188} INFO - [2025-05-09T16:00:58.008+0000] {dagbag.py:545} INFO - Filling up the DagBag from /home/airflow/.local/lib/python3.10/site-packages/airflow/example_dags/example_params_ui_tutorial.py
[2025-05-09T16:00:58.022+0000] {processor.py:840} INFO - DAG(s) 'example_params_ui_tutorial' retrieved from /home/airflow/.local/lib/python3.10/site-packages/airflow/example_dags/example_params_ui_tutorial.py
[2025-05-09T16:00:58.081+0000] {logging_mixin.py:188} INFO - [2025-05-09T16:00:58.081+0000] {dag.py:3096} INFO - Sync 1 DAGs
[2025-05-09T16:00:58.098+0000] {logging_mixin.py:188} INFO - [2025-05-09T16:00:58.098+0000] {dag.py:3954} INFO - Setting next_dagrun for example_params_ui_tutorial to None, run_after=None
[2025-05-09T16:00:58.124+0000] {processor.py:183} INFO - Processing /home/airflow/.local/lib/python3.10/site-packages/airflow/example_dags/example_params_ui_tutorial.py took 0.125 seconds
[2025-05-09T16:01:28.644+0000] {processor.py:161} INFO - Started process (PID=13327) to work on /home/airflow/.local/lib/python3.10/site-packages/airflow/example_dags/example_params_ui_tutorial.py
[2025-05-09T16:01:28.645+0000] {processor.py:830} INFO - Processing file /home/airflow/.local/lib/python3.10/site-packages/airflow/example_dags/example_params_ui_tutorial.py for tasks to queue
[2025-05-09T16:01:28.647+0000] {logging_mixin.py:188} INFO - [2025-05-09T16:01:28.647+0000] {dagbag.py:545} INFO - Filling up the DagBag from /home/airflow/.local/lib/python3.10/site-packages/airflow/example_dags/example_params_ui_tutorial.py
[2025-05-09T16:01:28.659+0000] {processor.py:840} INFO - DAG(s) 'example_params_ui_tutorial' retrieved from /home/airflow/.local/lib/python3.10/site-packages/airflow/example_dags/example_params_ui_tutorial.py
[2025-05-09T16:01:28.707+0000] {logging_mixin.py:188} INFO - [2025-05-09T16:01:28.707+0000] {dag.py:3096} INFO - Sync 1 DAGs
[2025-05-09T16:01:28.719+0000] {logging_mixin.py:188} INFO - [2025-05-09T16:01:28.719+0000] {dag.py:3954} INFO - Setting next_dagrun for example_params_ui_tutorial to None, run_after=None
[2025-05-09T16:01:28.740+0000] {processor.py:183} INFO - Processing /home/airflow/.local/lib/python3.10/site-packages/airflow/example_dags/example_params_ui_tutorial.py took 0.101 seconds
[2025-05-09T16:01:59.170+0000] {processor.py:161} INFO - Started process (PID=13633) to work on /home/airflow/.local/lib/python3.10/site-packages/airflow/example_dags/example_params_ui_tutorial.py
[2025-05-09T16:01:59.172+0000] {processor.py:830} INFO - Processing file /home/airflow/.local/lib/python3.10/site-packages/airflow/example_dags/example_params_ui_tutorial.py for tasks to queue
[2025-05-09T16:01:59.175+0000] {logging_mixin.py:188} INFO - [2025-05-09T16:01:59.174+0000] {dagbag.py:545} INFO - Filling up the DagBag from /home/airflow/.local/lib/python3.10/site-packages/airflow/example_dags/example_params_ui_tutorial.py
[2025-05-09T16:01:59.195+0000] {processor.py:840} INFO - DAG(s) 'example_params_ui_tutorial' retrieved from /home/airflow/.local/lib/python3.10/site-packages/airflow/example_dags/example_params_ui_tutorial.py
[2025-05-09T16:01:59.273+0000] {logging_mixin.py:188} INFO - [2025-05-09T16:01:59.273+0000] {dag.py:3096} INFO - Sync 1 DAGs
[2025-05-09T16:01:59.286+0000] {logging_mixin.py:188} INFO - [2025-05-09T16:01:59.286+0000] {dag.py:3954} INFO - Setting next_dagrun for example_params_ui_tutorial to None, run_after=None
[2025-05-09T16:01:59.309+0000] {processor.py:183} INFO - Processing /home/airflow/.local/lib/python3.10/site-packages/airflow/example_dags/example_params_ui_tutorial.py took 0.148 seconds
[2025-05-09T16:02:29.509+0000] {processor.py:161} INFO - Started process (PID=13911) to work on /home/airflow/.local/lib/python3.10/site-packages/airflow/example_dags/example_params_ui_tutorial.py
[2025-05-09T16:02:29.511+0000] {processor.py:830} INFO - Processing file /home/airflow/.local/lib/python3.10/site-packages/airflow/example_dags/example_params_ui_tutorial.py for tasks to queue
[2025-05-09T16:02:29.513+0000] {logging_mixin.py:188} INFO - [2025-05-09T16:02:29.512+0000] {dagbag.py:545} INFO - Filling up the DagBag from /home/airflow/.local/lib/python3.10/site-packages/airflow/example_dags/example_params_ui_tutorial.py
[2025-05-09T16:02:29.528+0000] {processor.py:840} INFO - DAG(s) 'example_params_ui_tutorial' retrieved from /home/airflow/.local/lib/python3.10/site-packages/airflow/example_dags/example_params_ui_tutorial.py
[2025-05-09T16:02:29.590+0000] {logging_mixin.py:188} INFO - [2025-05-09T16:02:29.589+0000] {dag.py:3096} INFO - Sync 1 DAGs
[2025-05-09T16:02:29.607+0000] {logging_mixin.py:188} INFO - [2025-05-09T16:02:29.607+0000] {dag.py:3954} INFO - Setting next_dagrun for example_params_ui_tutorial to None, run_after=None
[2025-05-09T16:02:29.631+0000] {processor.py:183} INFO - Processing /home/airflow/.local/lib/python3.10/site-packages/airflow/example_dags/example_params_ui_tutorial.py took 0.126 seconds
[2025-05-09T16:03:00.047+0000] {processor.py:161} INFO - Started process (PID=14206) to work on /home/airflow/.local/lib/python3.10/site-packages/airflow/example_dags/example_params_ui_tutorial.py
[2025-05-09T16:03:00.048+0000] {processor.py:830} INFO - Processing file /home/airflow/.local/lib/python3.10/site-packages/airflow/example_dags/example_params_ui_tutorial.py for tasks to queue
[2025-05-09T16:03:00.050+0000] {logging_mixin.py:188} INFO - [2025-05-09T16:03:00.050+0000] {dagbag.py:545} INFO - Filling up the DagBag from /home/airflow/.local/lib/python3.10/site-packages/airflow/example_dags/example_params_ui_tutorial.py
[2025-05-09T16:03:00.071+0000] {processor.py:840} INFO - DAG(s) 'example_params_ui_tutorial' retrieved from /home/airflow/.local/lib/python3.10/site-packages/airflow/example_dags/example_params_ui_tutorial.py
[2025-05-09T16:03:00.151+0000] {logging_mixin.py:188} INFO - [2025-05-09T16:03:00.151+0000] {dag.py:3096} INFO - Sync 1 DAGs
[2025-05-09T16:03:00.164+0000] {logging_mixin.py:188} INFO - [2025-05-09T16:03:00.164+0000] {dag.py:3954} INFO - Setting next_dagrun for example_params_ui_tutorial to None, run_after=None
[2025-05-09T16:03:00.187+0000] {processor.py:183} INFO - Processing /home/airflow/.local/lib/python3.10/site-packages/airflow/example_dags/example_params_ui_tutorial.py took 0.148 seconds
[2025-05-09T16:03:31.220+0000] {processor.py:161} INFO - Started process (PID=14494) to work on /home/airflow/.local/lib/python3.10/site-packages/airflow/example_dags/example_params_ui_tutorial.py
[2025-05-09T16:03:31.222+0000] {processor.py:830} INFO - Processing file /home/airflow/.local/lib/python3.10/site-packages/airflow/example_dags/example_params_ui_tutorial.py for tasks to queue
[2025-05-09T16:03:31.223+0000] {logging_mixin.py:188} INFO - [2025-05-09T16:03:31.223+0000] {dagbag.py:545} INFO - Filling up the DagBag from /home/airflow/.local/lib/python3.10/site-packages/airflow/example_dags/example_params_ui_tutorial.py
[2025-05-09T16:03:31.236+0000] {processor.py:840} INFO - DAG(s) 'example_params_ui_tutorial' retrieved from /home/airflow/.local/lib/python3.10/site-packages/airflow/example_dags/example_params_ui_tutorial.py
[2025-05-09T16:03:31.303+0000] {logging_mixin.py:188} INFO - [2025-05-09T16:03:31.303+0000] {dag.py:3096} INFO - Sync 1 DAGs
[2025-05-09T16:03:31.322+0000] {logging_mixin.py:188} INFO - [2025-05-09T16:03:31.322+0000] {dag.py:3954} INFO - Setting next_dagrun for example_params_ui_tutorial to None, run_after=None
[2025-05-09T16:03:31.347+0000] {processor.py:183} INFO - Processing /home/airflow/.local/lib/python3.10/site-packages/airflow/example_dags/example_params_ui_tutorial.py took 0.134 seconds
[2025-05-09T16:04:01.798+0000] {processor.py:161} INFO - Started process (PID=14756) to work on /home/airflow/.local/lib/python3.10/site-packages/airflow/example_dags/example_params_ui_tutorial.py
[2025-05-09T16:04:01.799+0000] {processor.py:830} INFO - Processing file /home/airflow/.local/lib/python3.10/site-packages/airflow/example_dags/example_params_ui_tutorial.py for tasks to queue
[2025-05-09T16:04:01.801+0000] {logging_mixin.py:188} INFO - [2025-05-09T16:04:01.801+0000] {dagbag.py:545} INFO - Filling up the DagBag from /home/airflow/.local/lib/python3.10/site-packages/airflow/example_dags/example_params_ui_tutorial.py
[2025-05-09T16:04:01.812+0000] {processor.py:840} INFO - DAG(s) 'example_params_ui_tutorial' retrieved from /home/airflow/.local/lib/python3.10/site-packages/airflow/example_dags/example_params_ui_tutorial.py
[2025-05-09T16:04:01.866+0000] {logging_mixin.py:188} INFO - [2025-05-09T16:04:01.866+0000] {dag.py:3096} INFO - Sync 1 DAGs
[2025-05-09T16:04:01.882+0000] {logging_mixin.py:188} INFO - [2025-05-09T16:04:01.882+0000] {dag.py:3954} INFO - Setting next_dagrun for example_params_ui_tutorial to None, run_after=None
[2025-05-09T16:04:01.907+0000] {processor.py:183} INFO - Processing /home/airflow/.local/lib/python3.10/site-packages/airflow/example_dags/example_params_ui_tutorial.py took 0.115 seconds
[2025-05-09T16:04:32.495+0000] {processor.py:161} INFO - Started process (PID=15018) to work on /home/airflow/.local/lib/python3.10/site-packages/airflow/example_dags/example_params_ui_tutorial.py
[2025-05-09T16:04:32.496+0000] {processor.py:830} INFO - Processing file /home/airflow/.local/lib/python3.10/site-packages/airflow/example_dags/example_params_ui_tutorial.py for tasks to queue
[2025-05-09T16:04:32.499+0000] {logging_mixin.py:188} INFO - [2025-05-09T16:04:32.498+0000] {dagbag.py:545} INFO - Filling up the DagBag from /home/airflow/.local/lib/python3.10/site-packages/airflow/example_dags/example_params_ui_tutorial.py
[2025-05-09T16:04:32.527+0000] {processor.py:840} INFO - DAG(s) 'example_params_ui_tutorial' retrieved from /home/airflow/.local/lib/python3.10/site-packages/airflow/example_dags/example_params_ui_tutorial.py
[2025-05-09T16:04:33.061+0000] {logging_mixin.py:188} INFO - [2025-05-09T16:04:33.061+0000] {dag.py:3096} INFO - Sync 1 DAGs
[2025-05-09T16:04:33.128+0000] {logging_mixin.py:188} INFO - [2025-05-09T16:04:33.127+0000] {dag.py:3954} INFO - Setting next_dagrun for example_params_ui_tutorial to None, run_after=None
[2025-05-09T16:04:33.228+0000] {processor.py:183} INFO - Processing /home/airflow/.local/lib/python3.10/site-packages/airflow/example_dags/example_params_ui_tutorial.py took 0.742 seconds
[2025-05-09T16:05:15.317+0000] {processor.py:161} INFO - Started process (PID=197) to work on /home/airflow/.local/lib/python3.10/site-packages/airflow/example_dags/example_params_ui_tutorial.py
[2025-05-09T16:05:15.319+0000] {processor.py:830} INFO - Processing file /home/airflow/.local/lib/python3.10/site-packages/airflow/example_dags/example_params_ui_tutorial.py for tasks to queue
[2025-05-09T16:05:15.323+0000] {logging_mixin.py:188} INFO - [2025-05-09T16:05:15.322+0000] {dagbag.py:545} INFO - Filling up the DagBag from /home/airflow/.local/lib/python3.10/site-packages/airflow/example_dags/example_params_ui_tutorial.py
[2025-05-09T16:05:15.348+0000] {processor.py:840} INFO - DAG(s) 'example_params_ui_tutorial' retrieved from /home/airflow/.local/lib/python3.10/site-packages/airflow/example_dags/example_params_ui_tutorial.py
[2025-05-09T16:05:15.378+0000] {logging_mixin.py:188} INFO - [2025-05-09T16:05:15.377+0000] {dag.py:3096} INFO - Sync 1 DAGs
[2025-05-09T16:05:15.413+0000] {logging_mixin.py:188} INFO - [2025-05-09T16:05:15.413+0000] {dag.py:3954} INFO - Setting next_dagrun for example_params_ui_tutorial to None, run_after=None
[2025-05-09T16:05:15.451+0000] {processor.py:183} INFO - Processing /home/airflow/.local/lib/python3.10/site-packages/airflow/example_dags/example_params_ui_tutorial.py took 0.142 seconds
[2025-05-09T16:05:46.010+0000] {processor.py:161} INFO - Started process (PID=459) to work on /home/airflow/.local/lib/python3.10/site-packages/airflow/example_dags/example_params_ui_tutorial.py
[2025-05-09T16:05:46.012+0000] {processor.py:830} INFO - Processing file /home/airflow/.local/lib/python3.10/site-packages/airflow/example_dags/example_params_ui_tutorial.py for tasks to queue
[2025-05-09T16:05:46.014+0000] {logging_mixin.py:188} INFO - [2025-05-09T16:05:46.014+0000] {dagbag.py:545} INFO - Filling up the DagBag from /home/airflow/.local/lib/python3.10/site-packages/airflow/example_dags/example_params_ui_tutorial.py
[2025-05-09T16:05:46.026+0000] {processor.py:840} INFO - DAG(s) 'example_params_ui_tutorial' retrieved from /home/airflow/.local/lib/python3.10/site-packages/airflow/example_dags/example_params_ui_tutorial.py
[2025-05-09T16:05:46.164+0000] {logging_mixin.py:188} INFO - [2025-05-09T16:05:46.164+0000] {dag.py:3096} INFO - Sync 1 DAGs
[2025-05-09T16:05:46.175+0000] {logging_mixin.py:188} INFO - [2025-05-09T16:05:46.175+0000] {dag.py:3954} INFO - Setting next_dagrun for example_params_ui_tutorial to None, run_after=None
[2025-05-09T16:05:46.203+0000] {processor.py:183} INFO - Processing /home/airflow/.local/lib/python3.10/site-packages/airflow/example_dags/example_params_ui_tutorial.py took 0.198 seconds
[2025-05-09T16:06:16.801+0000] {processor.py:161} INFO - Started process (PID=723) to work on /home/airflow/.local/lib/python3.10/site-packages/airflow/example_dags/example_params_ui_tutorial.py
[2025-05-09T16:06:16.803+0000] {processor.py:830} INFO - Processing file /home/airflow/.local/lib/python3.10/site-packages/airflow/example_dags/example_params_ui_tutorial.py for tasks to queue
[2025-05-09T16:06:16.805+0000] {logging_mixin.py:188} INFO - [2025-05-09T16:06:16.805+0000] {dagbag.py:545} INFO - Filling up the DagBag from /home/airflow/.local/lib/python3.10/site-packages/airflow/example_dags/example_params_ui_tutorial.py
[2025-05-09T16:06:16.817+0000] {processor.py:840} INFO - DAG(s) 'example_params_ui_tutorial' retrieved from /home/airflow/.local/lib/python3.10/site-packages/airflow/example_dags/example_params_ui_tutorial.py
[2025-05-09T16:06:16.884+0000] {logging_mixin.py:188} INFO - [2025-05-09T16:06:16.884+0000] {dag.py:3096} INFO - Sync 1 DAGs
[2025-05-09T16:06:16.901+0000] {logging_mixin.py:188} INFO - [2025-05-09T16:06:16.900+0000] {dag.py:3954} INFO - Setting next_dagrun for example_params_ui_tutorial to None, run_after=None
[2025-05-09T16:06:16.932+0000] {processor.py:183} INFO - Processing /home/airflow/.local/lib/python3.10/site-packages/airflow/example_dags/example_params_ui_tutorial.py took 0.136 seconds
[2025-05-09T16:06:47.217+0000] {processor.py:161} INFO - Started process (PID=983) to work on /home/airflow/.local/lib/python3.10/site-packages/airflow/example_dags/example_params_ui_tutorial.py
[2025-05-09T16:06:47.219+0000] {processor.py:830} INFO - Processing file /home/airflow/.local/lib/python3.10/site-packages/airflow/example_dags/example_params_ui_tutorial.py for tasks to queue
[2025-05-09T16:06:47.222+0000] {logging_mixin.py:188} INFO - [2025-05-09T16:06:47.221+0000] {dagbag.py:545} INFO - Filling up the DagBag from /home/airflow/.local/lib/python3.10/site-packages/airflow/example_dags/example_params_ui_tutorial.py
[2025-05-09T16:06:47.234+0000] {processor.py:840} INFO - DAG(s) 'example_params_ui_tutorial' retrieved from /home/airflow/.local/lib/python3.10/site-packages/airflow/example_dags/example_params_ui_tutorial.py
[2025-05-09T16:06:47.298+0000] {logging_mixin.py:188} INFO - [2025-05-09T16:06:47.298+0000] {dag.py:3096} INFO - Sync 1 DAGs
[2025-05-09T16:06:47.313+0000] {logging_mixin.py:188} INFO - [2025-05-09T16:06:47.312+0000] {dag.py:3954} INFO - Setting next_dagrun for example_params_ui_tutorial to None, run_after=None
[2025-05-09T16:06:47.340+0000] {processor.py:183} INFO - Processing /home/airflow/.local/lib/python3.10/site-packages/airflow/example_dags/example_params_ui_tutorial.py took 0.130 seconds
[2025-05-09T16:07:18.000+0000] {processor.py:161} INFO - Started process (PID=1280) to work on /home/airflow/.local/lib/python3.10/site-packages/airflow/example_dags/example_params_ui_tutorial.py
[2025-05-09T16:07:18.002+0000] {processor.py:830} INFO - Processing file /home/airflow/.local/lib/python3.10/site-packages/airflow/example_dags/example_params_ui_tutorial.py for tasks to queue
[2025-05-09T16:07:18.008+0000] {logging_mixin.py:188} INFO - [2025-05-09T16:07:18.007+0000] {dagbag.py:545} INFO - Filling up the DagBag from /home/airflow/.local/lib/python3.10/site-packages/airflow/example_dags/example_params_ui_tutorial.py
[2025-05-09T16:07:18.026+0000] {processor.py:840} INFO - DAG(s) 'example_params_ui_tutorial' retrieved from /home/airflow/.local/lib/python3.10/site-packages/airflow/example_dags/example_params_ui_tutorial.py
[2025-05-09T16:07:18.112+0000] {logging_mixin.py:188} INFO - [2025-05-09T16:07:18.112+0000] {dag.py:3096} INFO - Sync 1 DAGs
[2025-05-09T16:07:18.133+0000] {logging_mixin.py:188} INFO - [2025-05-09T16:07:18.133+0000] {dag.py:3954} INFO - Setting next_dagrun for example_params_ui_tutorial to None, run_after=None
[2025-05-09T16:07:18.170+0000] {processor.py:183} INFO - Processing /home/airflow/.local/lib/python3.10/site-packages/airflow/example_dags/example_params_ui_tutorial.py took 0.180 seconds
[2025-05-09T16:07:48.338+0000] {processor.py:161} INFO - Started process (PID=1543) to work on /home/airflow/.local/lib/python3.10/site-packages/airflow/example_dags/example_params_ui_tutorial.py
[2025-05-09T16:07:48.340+0000] {processor.py:830} INFO - Processing file /home/airflow/.local/lib/python3.10/site-packages/airflow/example_dags/example_params_ui_tutorial.py for tasks to queue
[2025-05-09T16:07:48.342+0000] {logging_mixin.py:188} INFO - [2025-05-09T16:07:48.341+0000] {dagbag.py:545} INFO - Filling up the DagBag from /home/airflow/.local/lib/python3.10/site-packages/airflow/example_dags/example_params_ui_tutorial.py
[2025-05-09T16:07:48.354+0000] {processor.py:840} INFO - DAG(s) 'example_params_ui_tutorial' retrieved from /home/airflow/.local/lib/python3.10/site-packages/airflow/example_dags/example_params_ui_tutorial.py
[2025-05-09T16:07:48.412+0000] {logging_mixin.py:188} INFO - [2025-05-09T16:07:48.412+0000] {dag.py:3096} INFO - Sync 1 DAGs
[2025-05-09T16:07:48.429+0000] {logging_mixin.py:188} INFO - [2025-05-09T16:07:48.429+0000] {dag.py:3954} INFO - Setting next_dagrun for example_params_ui_tutorial to None, run_after=None
[2025-05-09T16:07:48.457+0000] {processor.py:183} INFO - Processing /home/airflow/.local/lib/python3.10/site-packages/airflow/example_dags/example_params_ui_tutorial.py took 0.125 seconds
[2025-05-09T16:08:18.681+0000] {processor.py:161} INFO - Started process (PID=1811) to work on /home/airflow/.local/lib/python3.10/site-packages/airflow/example_dags/example_params_ui_tutorial.py
[2025-05-09T16:08:18.683+0000] {processor.py:830} INFO - Processing file /home/airflow/.local/lib/python3.10/site-packages/airflow/example_dags/example_params_ui_tutorial.py for tasks to queue
[2025-05-09T16:08:18.686+0000] {logging_mixin.py:188} INFO - [2025-05-09T16:08:18.685+0000] {dagbag.py:545} INFO - Filling up the DagBag from /home/airflow/.local/lib/python3.10/site-packages/airflow/example_dags/example_params_ui_tutorial.py
[2025-05-09T16:08:18.700+0000] {processor.py:840} INFO - DAG(s) 'example_params_ui_tutorial' retrieved from /home/airflow/.local/lib/python3.10/site-packages/airflow/example_dags/example_params_ui_tutorial.py
[2025-05-09T16:08:18.761+0000] {logging_mixin.py:188} INFO - [2025-05-09T16:08:18.761+0000] {dag.py:3096} INFO - Sync 1 DAGs
[2025-05-09T16:08:18.776+0000] {logging_mixin.py:188} INFO - [2025-05-09T16:08:18.776+0000] {dag.py:3954} INFO - Setting next_dagrun for example_params_ui_tutorial to None, run_after=None
[2025-05-09T16:08:18.800+0000] {processor.py:183} INFO - Processing /home/airflow/.local/lib/python3.10/site-packages/airflow/example_dags/example_params_ui_tutorial.py took 0.125 seconds
[2025-05-09T16:08:48.982+0000] {processor.py:161} INFO - Started process (PID=2097) to work on /home/airflow/.local/lib/python3.10/site-packages/airflow/example_dags/example_params_ui_tutorial.py
[2025-05-09T16:08:48.983+0000] {processor.py:830} INFO - Processing file /home/airflow/.local/lib/python3.10/site-packages/airflow/example_dags/example_params_ui_tutorial.py for tasks to queue
[2025-05-09T16:08:48.986+0000] {logging_mixin.py:188} INFO - [2025-05-09T16:08:48.985+0000] {dagbag.py:545} INFO - Filling up the DagBag from /home/airflow/.local/lib/python3.10/site-packages/airflow/example_dags/example_params_ui_tutorial.py
[2025-05-09T16:08:48.998+0000] {processor.py:840} INFO - DAG(s) 'example_params_ui_tutorial' retrieved from /home/airflow/.local/lib/python3.10/site-packages/airflow/example_dags/example_params_ui_tutorial.py
[2025-05-09T16:08:49.058+0000] {logging_mixin.py:188} INFO - [2025-05-09T16:08:49.057+0000] {dag.py:3096} INFO - Sync 1 DAGs
[2025-05-09T16:08:49.073+0000] {logging_mixin.py:188} INFO - [2025-05-09T16:08:49.073+0000] {dag.py:3954} INFO - Setting next_dagrun for example_params_ui_tutorial to None, run_after=None
[2025-05-09T16:08:49.102+0000] {processor.py:183} INFO - Processing /home/airflow/.local/lib/python3.10/site-packages/airflow/example_dags/example_params_ui_tutorial.py took 0.126 seconds
[2025-05-09T16:09:19.589+0000] {processor.py:161} INFO - Started process (PID=2371) to work on /home/airflow/.local/lib/python3.10/site-packages/airflow/example_dags/example_params_ui_tutorial.py
[2025-05-09T16:09:19.591+0000] {processor.py:830} INFO - Processing file /home/airflow/.local/lib/python3.10/site-packages/airflow/example_dags/example_params_ui_tutorial.py for tasks to queue
[2025-05-09T16:09:19.593+0000] {logging_mixin.py:188} INFO - [2025-05-09T16:09:19.593+0000] {dagbag.py:545} INFO - Filling up the DagBag from /home/airflow/.local/lib/python3.10/site-packages/airflow/example_dags/example_params_ui_tutorial.py
[2025-05-09T16:09:19.605+0000] {processor.py:840} INFO - DAG(s) 'example_params_ui_tutorial' retrieved from /home/airflow/.local/lib/python3.10/site-packages/airflow/example_dags/example_params_ui_tutorial.py
[2025-05-09T16:09:19.665+0000] {logging_mixin.py:188} INFO - [2025-05-09T16:09:19.665+0000] {dag.py:3096} INFO - Sync 1 DAGs
[2025-05-09T16:09:19.681+0000] {logging_mixin.py:188} INFO - [2025-05-09T16:09:19.681+0000] {dag.py:3954} INFO - Setting next_dagrun for example_params_ui_tutorial to None, run_after=None
[2025-05-09T16:09:19.718+0000] {processor.py:183} INFO - Processing /home/airflow/.local/lib/python3.10/site-packages/airflow/example_dags/example_params_ui_tutorial.py took 0.135 seconds
[2025-05-09T16:09:50.256+0000] {processor.py:161} INFO - Started process (PID=2633) to work on /home/airflow/.local/lib/python3.10/site-packages/airflow/example_dags/example_params_ui_tutorial.py
[2025-05-09T16:09:50.258+0000] {processor.py:830} INFO - Processing file /home/airflow/.local/lib/python3.10/site-packages/airflow/example_dags/example_params_ui_tutorial.py for tasks to queue
[2025-05-09T16:09:50.264+0000] {logging_mixin.py:188} INFO - [2025-05-09T16:09:50.263+0000] {dagbag.py:545} INFO - Filling up the DagBag from /home/airflow/.local/lib/python3.10/site-packages/airflow/example_dags/example_params_ui_tutorial.py
[2025-05-09T16:09:50.287+0000] {processor.py:840} INFO - DAG(s) 'example_params_ui_tutorial' retrieved from /home/airflow/.local/lib/python3.10/site-packages/airflow/example_dags/example_params_ui_tutorial.py
[2025-05-09T16:09:50.360+0000] {logging_mixin.py:188} INFO - [2025-05-09T16:09:50.360+0000] {dag.py:3096} INFO - Sync 1 DAGs
[2025-05-09T16:09:50.376+0000] {logging_mixin.py:188} INFO - [2025-05-09T16:09:50.375+0000] {dag.py:3954} INFO - Setting next_dagrun for example_params_ui_tutorial to None, run_after=None
[2025-05-09T16:09:50.406+0000] {processor.py:183} INFO - Processing /home/airflow/.local/lib/python3.10/site-packages/airflow/example_dags/example_params_ui_tutorial.py took 0.160 seconds
[2025-05-09T16:10:20.980+0000] {processor.py:161} INFO - Started process (PID=2906) to work on /home/airflow/.local/lib/python3.10/site-packages/airflow/example_dags/example_params_ui_tutorial.py
[2025-05-09T16:10:20.982+0000] {processor.py:830} INFO - Processing file /home/airflow/.local/lib/python3.10/site-packages/airflow/example_dags/example_params_ui_tutorial.py for tasks to queue
[2025-05-09T16:10:20.985+0000] {logging_mixin.py:188} INFO - [2025-05-09T16:10:20.985+0000] {dagbag.py:545} INFO - Filling up the DagBag from /home/airflow/.local/lib/python3.10/site-packages/airflow/example_dags/example_params_ui_tutorial.py
[2025-05-09T16:10:21.000+0000] {processor.py:840} INFO - DAG(s) 'example_params_ui_tutorial' retrieved from /home/airflow/.local/lib/python3.10/site-packages/airflow/example_dags/example_params_ui_tutorial.py
[2025-05-09T16:10:21.073+0000] {logging_mixin.py:188} INFO - [2025-05-09T16:10:21.072+0000] {dag.py:3096} INFO - Sync 1 DAGs
[2025-05-09T16:10:21.090+0000] {logging_mixin.py:188} INFO - [2025-05-09T16:10:21.089+0000] {dag.py:3954} INFO - Setting next_dagrun for example_params_ui_tutorial to None, run_after=None
[2025-05-09T16:10:21.122+0000] {processor.py:183} INFO - Processing /home/airflow/.local/lib/python3.10/site-packages/airflow/example_dags/example_params_ui_tutorial.py took 0.152 seconds
[2025-05-09T16:10:51.176+0000] {processor.py:161} INFO - Started process (PID=3169) to work on /home/airflow/.local/lib/python3.10/site-packages/airflow/example_dags/example_params_ui_tutorial.py
[2025-05-09T16:10:51.178+0000] {processor.py:830} INFO - Processing file /home/airflow/.local/lib/python3.10/site-packages/airflow/example_dags/example_params_ui_tutorial.py for tasks to queue
[2025-05-09T16:10:51.180+0000] {logging_mixin.py:188} INFO - [2025-05-09T16:10:51.180+0000] {dagbag.py:545} INFO - Filling up the DagBag from /home/airflow/.local/lib/python3.10/site-packages/airflow/example_dags/example_params_ui_tutorial.py
[2025-05-09T16:10:51.195+0000] {processor.py:840} INFO - DAG(s) 'example_params_ui_tutorial' retrieved from /home/airflow/.local/lib/python3.10/site-packages/airflow/example_dags/example_params_ui_tutorial.py
[2025-05-09T16:10:51.256+0000] {logging_mixin.py:188} INFO - [2025-05-09T16:10:51.256+0000] {dag.py:3096} INFO - Sync 1 DAGs
[2025-05-09T16:10:51.269+0000] {logging_mixin.py:188} INFO - [2025-05-09T16:10:51.269+0000] {dag.py:3954} INFO - Setting next_dagrun for example_params_ui_tutorial to None, run_after=None
[2025-05-09T16:10:51.292+0000] {processor.py:183} INFO - Processing /home/airflow/.local/lib/python3.10/site-packages/airflow/example_dags/example_params_ui_tutorial.py took 0.122 seconds
[2025-05-09T16:11:21.973+0000] {processor.py:161} INFO - Started process (PID=3445) to work on /home/airflow/.local/lib/python3.10/site-packages/airflow/example_dags/example_params_ui_tutorial.py
[2025-05-09T16:11:21.975+0000] {processor.py:830} INFO - Processing file /home/airflow/.local/lib/python3.10/site-packages/airflow/example_dags/example_params_ui_tutorial.py for tasks to queue
[2025-05-09T16:11:21.979+0000] {logging_mixin.py:188} INFO - [2025-05-09T16:11:21.978+0000] {dagbag.py:545} INFO - Filling up the DagBag from /home/airflow/.local/lib/python3.10/site-packages/airflow/example_dags/example_params_ui_tutorial.py
[2025-05-09T16:11:21.997+0000] {processor.py:840} INFO - DAG(s) 'example_params_ui_tutorial' retrieved from /home/airflow/.local/lib/python3.10/site-packages/airflow/example_dags/example_params_ui_tutorial.py
[2025-05-09T16:11:22.081+0000] {logging_mixin.py:188} INFO - [2025-05-09T16:11:22.080+0000] {dag.py:3096} INFO - Sync 1 DAGs
[2025-05-09T16:11:22.103+0000] {logging_mixin.py:188} INFO - [2025-05-09T16:11:22.103+0000] {dag.py:3954} INFO - Setting next_dagrun for example_params_ui_tutorial to None, run_after=None
[2025-05-09T16:11:22.138+0000] {processor.py:183} INFO - Processing /home/airflow/.local/lib/python3.10/site-packages/airflow/example_dags/example_params_ui_tutorial.py took 0.177 seconds
[2025-05-09T16:11:52.717+0000] {processor.py:161} INFO - Started process (PID=3713) to work on /home/airflow/.local/lib/python3.10/site-packages/airflow/example_dags/example_params_ui_tutorial.py
[2025-05-09T16:11:52.719+0000] {processor.py:830} INFO - Processing file /home/airflow/.local/lib/python3.10/site-packages/airflow/example_dags/example_params_ui_tutorial.py for tasks to queue
[2025-05-09T16:11:52.722+0000] {logging_mixin.py:188} INFO - [2025-05-09T16:11:52.722+0000] {dagbag.py:545} INFO - Filling up the DagBag from /home/airflow/.local/lib/python3.10/site-packages/airflow/example_dags/example_params_ui_tutorial.py
[2025-05-09T16:11:52.737+0000] {processor.py:840} INFO - DAG(s) 'example_params_ui_tutorial' retrieved from /home/airflow/.local/lib/python3.10/site-packages/airflow/example_dags/example_params_ui_tutorial.py
[2025-05-09T16:11:52.805+0000] {logging_mixin.py:188} INFO - [2025-05-09T16:11:52.805+0000] {dag.py:3096} INFO - Sync 1 DAGs
[2025-05-09T16:11:52.822+0000] {logging_mixin.py:188} INFO - [2025-05-09T16:11:52.821+0000] {dag.py:3954} INFO - Setting next_dagrun for example_params_ui_tutorial to None, run_after=None
[2025-05-09T16:11:52.854+0000] {processor.py:183} INFO - Processing /home/airflow/.local/lib/python3.10/site-packages/airflow/example_dags/example_params_ui_tutorial.py took 0.147 seconds
[2025-05-09T16:12:23.357+0000] {processor.py:161} INFO - Started process (PID=3990) to work on /home/airflow/.local/lib/python3.10/site-packages/airflow/example_dags/example_params_ui_tutorial.py
[2025-05-09T16:12:23.361+0000] {processor.py:830} INFO - Processing file /home/airflow/.local/lib/python3.10/site-packages/airflow/example_dags/example_params_ui_tutorial.py for tasks to queue
[2025-05-09T16:12:23.364+0000] {logging_mixin.py:188} INFO - [2025-05-09T16:12:23.363+0000] {dagbag.py:545} INFO - Filling up the DagBag from /home/airflow/.local/lib/python3.10/site-packages/airflow/example_dags/example_params_ui_tutorial.py
[2025-05-09T16:12:23.377+0000] {processor.py:840} INFO - DAG(s) 'example_params_ui_tutorial' retrieved from /home/airflow/.local/lib/python3.10/site-packages/airflow/example_dags/example_params_ui_tutorial.py
[2025-05-09T16:12:23.436+0000] {logging_mixin.py:188} INFO - [2025-05-09T16:12:23.435+0000] {dag.py:3096} INFO - Sync 1 DAGs
[2025-05-09T16:12:23.449+0000] {logging_mixin.py:188} INFO - [2025-05-09T16:12:23.449+0000] {dag.py:3954} INFO - Setting next_dagrun for example_params_ui_tutorial to None, run_after=None
[2025-05-09T16:12:23.479+0000] {processor.py:183} INFO - Processing /home/airflow/.local/lib/python3.10/site-packages/airflow/example_dags/example_params_ui_tutorial.py took 0.130 seconds
[2025-05-09T16:12:54.053+0000] {processor.py:161} INFO - Started process (PID=4252) to work on /home/airflow/.local/lib/python3.10/site-packages/airflow/example_dags/example_params_ui_tutorial.py
[2025-05-09T16:12:54.054+0000] {processor.py:830} INFO - Processing file /home/airflow/.local/lib/python3.10/site-packages/airflow/example_dags/example_params_ui_tutorial.py for tasks to queue
[2025-05-09T16:12:54.057+0000] {logging_mixin.py:188} INFO - [2025-05-09T16:12:54.056+0000] {dagbag.py:545} INFO - Filling up the DagBag from /home/airflow/.local/lib/python3.10/site-packages/airflow/example_dags/example_params_ui_tutorial.py
[2025-05-09T16:12:54.074+0000] {processor.py:840} INFO - DAG(s) 'example_params_ui_tutorial' retrieved from /home/airflow/.local/lib/python3.10/site-packages/airflow/example_dags/example_params_ui_tutorial.py
[2025-05-09T16:12:54.135+0000] {logging_mixin.py:188} INFO - [2025-05-09T16:12:54.135+0000] {dag.py:3096} INFO - Sync 1 DAGs
[2025-05-09T16:12:54.149+0000] {logging_mixin.py:188} INFO - [2025-05-09T16:12:54.148+0000] {dag.py:3954} INFO - Setting next_dagrun for example_params_ui_tutorial to None, run_after=None
[2025-05-09T16:12:54.178+0000] {processor.py:183} INFO - Processing /home/airflow/.local/lib/python3.10/site-packages/airflow/example_dags/example_params_ui_tutorial.py took 0.133 seconds
[2025-05-09T16:13:24.576+0000] {processor.py:161} INFO - Started process (PID=4523) to work on /home/airflow/.local/lib/python3.10/site-packages/airflow/example_dags/example_params_ui_tutorial.py
[2025-05-09T16:13:24.578+0000] {processor.py:830} INFO - Processing file /home/airflow/.local/lib/python3.10/site-packages/airflow/example_dags/example_params_ui_tutorial.py for tasks to queue
[2025-05-09T16:13:24.580+0000] {logging_mixin.py:188} INFO - [2025-05-09T16:13:24.580+0000] {dagbag.py:545} INFO - Filling up the DagBag from /home/airflow/.local/lib/python3.10/site-packages/airflow/example_dags/example_params_ui_tutorial.py
[2025-05-09T16:13:24.592+0000] {processor.py:840} INFO - DAG(s) 'example_params_ui_tutorial' retrieved from /home/airflow/.local/lib/python3.10/site-packages/airflow/example_dags/example_params_ui_tutorial.py
[2025-05-09T16:13:24.642+0000] {logging_mixin.py:188} INFO - [2025-05-09T16:13:24.641+0000] {dag.py:3096} INFO - Sync 1 DAGs
[2025-05-09T16:13:24.653+0000] {logging_mixin.py:188} INFO - [2025-05-09T16:13:24.652+0000] {dag.py:3954} INFO - Setting next_dagrun for example_params_ui_tutorial to None, run_after=None
[2025-05-09T16:13:24.674+0000] {processor.py:183} INFO - Processing /home/airflow/.local/lib/python3.10/site-packages/airflow/example_dags/example_params_ui_tutorial.py took 0.104 seconds
[2025-05-09T16:13:55.014+0000] {processor.py:161} INFO - Started process (PID=4785) to work on /home/airflow/.local/lib/python3.10/site-packages/airflow/example_dags/example_params_ui_tutorial.py
[2025-05-09T16:13:55.015+0000] {processor.py:830} INFO - Processing file /home/airflow/.local/lib/python3.10/site-packages/airflow/example_dags/example_params_ui_tutorial.py for tasks to queue
[2025-05-09T16:13:55.018+0000] {logging_mixin.py:188} INFO - [2025-05-09T16:13:55.017+0000] {dagbag.py:545} INFO - Filling up the DagBag from /home/airflow/.local/lib/python3.10/site-packages/airflow/example_dags/example_params_ui_tutorial.py
[2025-05-09T16:13:55.028+0000] {processor.py:840} INFO - DAG(s) 'example_params_ui_tutorial' retrieved from /home/airflow/.local/lib/python3.10/site-packages/airflow/example_dags/example_params_ui_tutorial.py
[2025-05-09T16:13:55.088+0000] {logging_mixin.py:188} INFO - [2025-05-09T16:13:55.087+0000] {dag.py:3096} INFO - Sync 1 DAGs
[2025-05-09T16:13:55.107+0000] {logging_mixin.py:188} INFO - [2025-05-09T16:13:55.106+0000] {dag.py:3954} INFO - Setting next_dagrun for example_params_ui_tutorial to None, run_after=None
[2025-05-09T16:13:55.133+0000] {processor.py:183} INFO - Processing /home/airflow/.local/lib/python3.10/site-packages/airflow/example_dags/example_params_ui_tutorial.py took 0.124 seconds
[2025-05-09T16:14:25.290+0000] {processor.py:161} INFO - Started process (PID=5079) to work on /home/airflow/.local/lib/python3.10/site-packages/airflow/example_dags/example_params_ui_tutorial.py
[2025-05-09T16:14:25.292+0000] {processor.py:830} INFO - Processing file /home/airflow/.local/lib/python3.10/site-packages/airflow/example_dags/example_params_ui_tutorial.py for tasks to queue
[2025-05-09T16:14:25.294+0000] {logging_mixin.py:188} INFO - [2025-05-09T16:14:25.294+0000] {dagbag.py:545} INFO - Filling up the DagBag from /home/airflow/.local/lib/python3.10/site-packages/airflow/example_dags/example_params_ui_tutorial.py
[2025-05-09T16:14:25.305+0000] {processor.py:840} INFO - DAG(s) 'example_params_ui_tutorial' retrieved from /home/airflow/.local/lib/python3.10/site-packages/airflow/example_dags/example_params_ui_tutorial.py
[2025-05-09T16:14:25.355+0000] {logging_mixin.py:188} INFO - [2025-05-09T16:14:25.355+0000] {dag.py:3096} INFO - Sync 1 DAGs
[2025-05-09T16:14:25.367+0000] {logging_mixin.py:188} INFO - [2025-05-09T16:14:25.367+0000] {dag.py:3954} INFO - Setting next_dagrun for example_params_ui_tutorial to None, run_after=None
[2025-05-09T16:14:25.387+0000] {processor.py:183} INFO - Processing /home/airflow/.local/lib/python3.10/site-packages/airflow/example_dags/example_params_ui_tutorial.py took 0.103 seconds
[2025-05-09T16:14:55.471+0000] {processor.py:161} INFO - Started process (PID=5340) to work on /home/airflow/.local/lib/python3.10/site-packages/airflow/example_dags/example_params_ui_tutorial.py
[2025-05-09T16:14:55.473+0000] {processor.py:830} INFO - Processing file /home/airflow/.local/lib/python3.10/site-packages/airflow/example_dags/example_params_ui_tutorial.py for tasks to queue
[2025-05-09T16:14:55.475+0000] {logging_mixin.py:188} INFO - [2025-05-09T16:14:55.474+0000] {dagbag.py:545} INFO - Filling up the DagBag from /home/airflow/.local/lib/python3.10/site-packages/airflow/example_dags/example_params_ui_tutorial.py
[2025-05-09T16:14:55.488+0000] {processor.py:840} INFO - DAG(s) 'example_params_ui_tutorial' retrieved from /home/airflow/.local/lib/python3.10/site-packages/airflow/example_dags/example_params_ui_tutorial.py
[2025-05-09T16:14:55.550+0000] {logging_mixin.py:188} INFO - [2025-05-09T16:14:55.550+0000] {dag.py:3096} INFO - Sync 1 DAGs
[2025-05-09T16:14:55.563+0000] {logging_mixin.py:188} INFO - [2025-05-09T16:14:55.563+0000] {dag.py:3954} INFO - Setting next_dagrun for example_params_ui_tutorial to None, run_after=None
[2025-05-09T16:14:55.587+0000] {processor.py:183} INFO - Processing /home/airflow/.local/lib/python3.10/site-packages/airflow/example_dags/example_params_ui_tutorial.py took 0.123 seconds
[2025-05-09T16:15:26.513+0000] {processor.py:161} INFO - Started process (PID=5611) to work on /home/airflow/.local/lib/python3.10/site-packages/airflow/example_dags/example_params_ui_tutorial.py
[2025-05-09T16:15:26.515+0000] {processor.py:830} INFO - Processing file /home/airflow/.local/lib/python3.10/site-packages/airflow/example_dags/example_params_ui_tutorial.py for tasks to queue
[2025-05-09T16:15:26.517+0000] {logging_mixin.py:188} INFO - [2025-05-09T16:15:26.516+0000] {dagbag.py:545} INFO - Filling up the DagBag from /home/airflow/.local/lib/python3.10/site-packages/airflow/example_dags/example_params_ui_tutorial.py
[2025-05-09T16:15:26.527+0000] {processor.py:840} INFO - DAG(s) 'example_params_ui_tutorial' retrieved from /home/airflow/.local/lib/python3.10/site-packages/airflow/example_dags/example_params_ui_tutorial.py
[2025-05-09T16:15:26.588+0000] {logging_mixin.py:188} INFO - [2025-05-09T16:15:26.587+0000] {dag.py:3096} INFO - Sync 1 DAGs
[2025-05-09T16:15:26.600+0000] {logging_mixin.py:188} INFO - [2025-05-09T16:15:26.599+0000] {dag.py:3954} INFO - Setting next_dagrun for example_params_ui_tutorial to None, run_after=None
[2025-05-09T16:15:26.626+0000] {processor.py:183} INFO - Processing /home/airflow/.local/lib/python3.10/site-packages/airflow/example_dags/example_params_ui_tutorial.py took 0.118 seconds
[2025-05-09T16:15:56.728+0000] {processor.py:161} INFO - Started process (PID=5890) to work on /home/airflow/.local/lib/python3.10/site-packages/airflow/example_dags/example_params_ui_tutorial.py
[2025-05-09T16:15:56.730+0000] {processor.py:830} INFO - Processing file /home/airflow/.local/lib/python3.10/site-packages/airflow/example_dags/example_params_ui_tutorial.py for tasks to queue
[2025-05-09T16:15:56.735+0000] {logging_mixin.py:188} INFO - [2025-05-09T16:15:56.734+0000] {dagbag.py:545} INFO - Filling up the DagBag from /home/airflow/.local/lib/python3.10/site-packages/airflow/example_dags/example_params_ui_tutorial.py
[2025-05-09T16:15:56.757+0000] {processor.py:840} INFO - DAG(s) 'example_params_ui_tutorial' retrieved from /home/airflow/.local/lib/python3.10/site-packages/airflow/example_dags/example_params_ui_tutorial.py
[2025-05-09T16:15:56.968+0000] {logging_mixin.py:188} INFO - [2025-05-09T16:15:56.967+0000] {dag.py:3096} INFO - Sync 1 DAGs
[2025-05-09T16:15:57.023+0000] {logging_mixin.py:188} INFO - [2025-05-09T16:15:57.023+0000] {dag.py:3954} INFO - Setting next_dagrun for example_params_ui_tutorial to None, run_after=None
[2025-05-09T16:15:57.091+0000] {processor.py:183} INFO - Processing /home/airflow/.local/lib/python3.10/site-packages/airflow/example_dags/example_params_ui_tutorial.py took 0.369 seconds
[2025-05-09T16:16:27.910+0000] {processor.py:161} INFO - Started process (PID=6229) to work on /home/airflow/.local/lib/python3.10/site-packages/airflow/example_dags/example_params_ui_tutorial.py
[2025-05-09T16:16:27.912+0000] {processor.py:830} INFO - Processing file /home/airflow/.local/lib/python3.10/site-packages/airflow/example_dags/example_params_ui_tutorial.py for tasks to queue
[2025-05-09T16:16:27.915+0000] {logging_mixin.py:188} INFO - [2025-05-09T16:16:27.914+0000] {dagbag.py:545} INFO - Filling up the DagBag from /home/airflow/.local/lib/python3.10/site-packages/airflow/example_dags/example_params_ui_tutorial.py
[2025-05-09T16:16:27.929+0000] {processor.py:840} INFO - DAG(s) 'example_params_ui_tutorial' retrieved from /home/airflow/.local/lib/python3.10/site-packages/airflow/example_dags/example_params_ui_tutorial.py
[2025-05-09T16:16:28.019+0000] {logging_mixin.py:188} INFO - [2025-05-09T16:16:28.019+0000] {dag.py:3096} INFO - Sync 1 DAGs
[2025-05-09T16:16:28.038+0000] {logging_mixin.py:188} INFO - [2025-05-09T16:16:28.037+0000] {dag.py:3954} INFO - Setting next_dagrun for example_params_ui_tutorial to None, run_after=None
[2025-05-09T16:16:28.079+0000] {processor.py:183} INFO - Processing /home/airflow/.local/lib/python3.10/site-packages/airflow/example_dags/example_params_ui_tutorial.py took 0.175 seconds
[2025-05-09T16:16:58.579+0000] {processor.py:161} INFO - Started process (PID=6526) to work on /home/airflow/.local/lib/python3.10/site-packages/airflow/example_dags/example_params_ui_tutorial.py
[2025-05-09T16:16:58.582+0000] {processor.py:830} INFO - Processing file /home/airflow/.local/lib/python3.10/site-packages/airflow/example_dags/example_params_ui_tutorial.py for tasks to queue
[2025-05-09T16:16:58.586+0000] {logging_mixin.py:188} INFO - [2025-05-09T16:16:58.585+0000] {dagbag.py:545} INFO - Filling up the DagBag from /home/airflow/.local/lib/python3.10/site-packages/airflow/example_dags/example_params_ui_tutorial.py
[2025-05-09T16:16:58.609+0000] {processor.py:840} INFO - DAG(s) 'example_params_ui_tutorial' retrieved from /home/airflow/.local/lib/python3.10/site-packages/airflow/example_dags/example_params_ui_tutorial.py
[2025-05-09T16:16:58.732+0000] {logging_mixin.py:188} INFO - [2025-05-09T16:16:58.732+0000] {dag.py:3096} INFO - Sync 1 DAGs
[2025-05-09T16:16:58.751+0000] {logging_mixin.py:188} INFO - [2025-05-09T16:16:58.751+0000] {dag.py:3954} INFO - Setting next_dagrun for example_params_ui_tutorial to None, run_after=None
[2025-05-09T16:16:58.795+0000] {processor.py:183} INFO - Processing /home/airflow/.local/lib/python3.10/site-packages/airflow/example_dags/example_params_ui_tutorial.py took 0.227 seconds
[2025-05-09T16:17:29.304+0000] {processor.py:161} INFO - Started process (PID=6847) to work on /home/airflow/.local/lib/python3.10/site-packages/airflow/example_dags/example_params_ui_tutorial.py
[2025-05-09T16:17:29.306+0000] {processor.py:830} INFO - Processing file /home/airflow/.local/lib/python3.10/site-packages/airflow/example_dags/example_params_ui_tutorial.py for tasks to queue
[2025-05-09T16:17:29.308+0000] {logging_mixin.py:188} INFO - [2025-05-09T16:17:29.308+0000] {dagbag.py:545} INFO - Filling up the DagBag from /home/airflow/.local/lib/python3.10/site-packages/airflow/example_dags/example_params_ui_tutorial.py
[2025-05-09T16:17:29.321+0000] {processor.py:840} INFO - DAG(s) 'example_params_ui_tutorial' retrieved from /home/airflow/.local/lib/python3.10/site-packages/airflow/example_dags/example_params_ui_tutorial.py
[2025-05-09T16:17:29.386+0000] {logging_mixin.py:188} INFO - [2025-05-09T16:17:29.386+0000] {dag.py:3096} INFO - Sync 1 DAGs
[2025-05-09T16:17:29.402+0000] {logging_mixin.py:188} INFO - [2025-05-09T16:17:29.402+0000] {dag.py:3954} INFO - Setting next_dagrun for example_params_ui_tutorial to None, run_after=None
[2025-05-09T16:17:29.433+0000] {processor.py:183} INFO - Processing /home/airflow/.local/lib/python3.10/site-packages/airflow/example_dags/example_params_ui_tutorial.py took 0.136 seconds
[2025-05-09T16:18:00.077+0000] {processor.py:161} INFO - Started process (PID=7109) to work on /home/airflow/.local/lib/python3.10/site-packages/airflow/example_dags/example_params_ui_tutorial.py
[2025-05-09T16:18:00.080+0000] {processor.py:830} INFO - Processing file /home/airflow/.local/lib/python3.10/site-packages/airflow/example_dags/example_params_ui_tutorial.py for tasks to queue
[2025-05-09T16:18:00.083+0000] {logging_mixin.py:188} INFO - [2025-05-09T16:18:00.083+0000] {dagbag.py:545} INFO - Filling up the DagBag from /home/airflow/.local/lib/python3.10/site-packages/airflow/example_dags/example_params_ui_tutorial.py
[2025-05-09T16:18:00.105+0000] {processor.py:840} INFO - DAG(s) 'example_params_ui_tutorial' retrieved from /home/airflow/.local/lib/python3.10/site-packages/airflow/example_dags/example_params_ui_tutorial.py
[2025-05-09T16:18:00.180+0000] {logging_mixin.py:188} INFO - [2025-05-09T16:18:00.180+0000] {dag.py:3096} INFO - Sync 1 DAGs
[2025-05-09T16:18:00.197+0000] {logging_mixin.py:188} INFO - [2025-05-09T16:18:00.197+0000] {dag.py:3954} INFO - Setting next_dagrun for example_params_ui_tutorial to None, run_after=None
[2025-05-09T16:18:00.227+0000] {processor.py:183} INFO - Processing /home/airflow/.local/lib/python3.10/site-packages/airflow/example_dags/example_params_ui_tutorial.py took 0.158 seconds
[2025-05-09T16:18:30.329+0000] {processor.py:161} INFO - Started process (PID=7410) to work on /home/airflow/.local/lib/python3.10/site-packages/airflow/example_dags/example_params_ui_tutorial.py
[2025-05-09T16:18:30.332+0000] {processor.py:830} INFO - Processing file /home/airflow/.local/lib/python3.10/site-packages/airflow/example_dags/example_params_ui_tutorial.py for tasks to queue
[2025-05-09T16:18:30.334+0000] {logging_mixin.py:188} INFO - [2025-05-09T16:18:30.334+0000] {dagbag.py:545} INFO - Filling up the DagBag from /home/airflow/.local/lib/python3.10/site-packages/airflow/example_dags/example_params_ui_tutorial.py
[2025-05-09T16:18:30.346+0000] {processor.py:840} INFO - DAG(s) 'example_params_ui_tutorial' retrieved from /home/airflow/.local/lib/python3.10/site-packages/airflow/example_dags/example_params_ui_tutorial.py
[2025-05-09T16:18:30.404+0000] {logging_mixin.py:188} INFO - [2025-05-09T16:18:30.403+0000] {dag.py:3096} INFO - Sync 1 DAGs
[2025-05-09T16:18:30.419+0000] {logging_mixin.py:188} INFO - [2025-05-09T16:18:30.419+0000] {dag.py:3954} INFO - Setting next_dagrun for example_params_ui_tutorial to None, run_after=None
[2025-05-09T16:18:30.450+0000] {processor.py:183} INFO - Processing /home/airflow/.local/lib/python3.10/site-packages/airflow/example_dags/example_params_ui_tutorial.py took 0.126 seconds
[2025-05-09T16:19:01.086+0000] {processor.py:161} INFO - Started process (PID=7674) to work on /home/airflow/.local/lib/python3.10/site-packages/airflow/example_dags/example_params_ui_tutorial.py
[2025-05-09T16:19:01.088+0000] {processor.py:830} INFO - Processing file /home/airflow/.local/lib/python3.10/site-packages/airflow/example_dags/example_params_ui_tutorial.py for tasks to queue
[2025-05-09T16:19:01.092+0000] {logging_mixin.py:188} INFO - [2025-05-09T16:19:01.091+0000] {dagbag.py:545} INFO - Filling up the DagBag from /home/airflow/.local/lib/python3.10/site-packages/airflow/example_dags/example_params_ui_tutorial.py
[2025-05-09T16:19:01.106+0000] {processor.py:840} INFO - DAG(s) 'example_params_ui_tutorial' retrieved from /home/airflow/.local/lib/python3.10/site-packages/airflow/example_dags/example_params_ui_tutorial.py
[2025-05-09T16:19:01.172+0000] {logging_mixin.py:188} INFO - [2025-05-09T16:19:01.172+0000] {dag.py:3096} INFO - Sync 1 DAGs
[2025-05-09T16:19:01.188+0000] {logging_mixin.py:188} INFO - [2025-05-09T16:19:01.188+0000] {dag.py:3954} INFO - Setting next_dagrun for example_params_ui_tutorial to None, run_after=None
[2025-05-09T16:19:01.221+0000] {processor.py:183} INFO - Processing /home/airflow/.local/lib/python3.10/site-packages/airflow/example_dags/example_params_ui_tutorial.py took 0.145 seconds
[2025-05-09T16:19:31.840+0000] {processor.py:161} INFO - Started process (PID=7973) to work on /home/airflow/.local/lib/python3.10/site-packages/airflow/example_dags/example_params_ui_tutorial.py
[2025-05-09T16:19:31.842+0000] {processor.py:830} INFO - Processing file /home/airflow/.local/lib/python3.10/site-packages/airflow/example_dags/example_params_ui_tutorial.py for tasks to queue
[2025-05-09T16:19:31.844+0000] {logging_mixin.py:188} INFO - [2025-05-09T16:19:31.844+0000] {dagbag.py:545} INFO - Filling up the DagBag from /home/airflow/.local/lib/python3.10/site-packages/airflow/example_dags/example_params_ui_tutorial.py
[2025-05-09T16:19:31.855+0000] {processor.py:840} INFO - DAG(s) 'example_params_ui_tutorial' retrieved from /home/airflow/.local/lib/python3.10/site-packages/airflow/example_dags/example_params_ui_tutorial.py
[2025-05-09T16:19:31.904+0000] {logging_mixin.py:188} INFO - [2025-05-09T16:19:31.904+0000] {dag.py:3096} INFO - Sync 1 DAGs
[2025-05-09T16:19:31.916+0000] {logging_mixin.py:188} INFO - [2025-05-09T16:19:31.915+0000] {dag.py:3954} INFO - Setting next_dagrun for example_params_ui_tutorial to None, run_after=None
[2025-05-09T16:19:31.935+0000] {processor.py:183} INFO - Processing /home/airflow/.local/lib/python3.10/site-packages/airflow/example_dags/example_params_ui_tutorial.py took 0.101 seconds
[2025-05-09T16:20:02.191+0000] {processor.py:161} INFO - Started process (PID=8256) to work on /home/airflow/.local/lib/python3.10/site-packages/airflow/example_dags/example_params_ui_tutorial.py
[2025-05-09T16:20:02.193+0000] {processor.py:830} INFO - Processing file /home/airflow/.local/lib/python3.10/site-packages/airflow/example_dags/example_params_ui_tutorial.py for tasks to queue
[2025-05-09T16:20:02.195+0000] {logging_mixin.py:188} INFO - [2025-05-09T16:20:02.195+0000] {dagbag.py:545} INFO - Filling up the DagBag from /home/airflow/.local/lib/python3.10/site-packages/airflow/example_dags/example_params_ui_tutorial.py
[2025-05-09T16:20:02.208+0000] {processor.py:840} INFO - DAG(s) 'example_params_ui_tutorial' retrieved from /home/airflow/.local/lib/python3.10/site-packages/airflow/example_dags/example_params_ui_tutorial.py
[2025-05-09T16:20:02.264+0000] {logging_mixin.py:188} INFO - [2025-05-09T16:20:02.264+0000] {dag.py:3096} INFO - Sync 1 DAGs
[2025-05-09T16:20:02.277+0000] {logging_mixin.py:188} INFO - [2025-05-09T16:20:02.277+0000] {dag.py:3954} INFO - Setting next_dagrun for example_params_ui_tutorial to None, run_after=None
[2025-05-09T16:20:02.308+0000] {processor.py:183} INFO - Processing /home/airflow/.local/lib/python3.10/site-packages/airflow/example_dags/example_params_ui_tutorial.py took 0.123 seconds
[2025-05-09T16:20:32.461+0000] {processor.py:161} INFO - Started process (PID=8554) to work on /home/airflow/.local/lib/python3.10/site-packages/airflow/example_dags/example_params_ui_tutorial.py
[2025-05-09T16:20:32.463+0000] {processor.py:830} INFO - Processing file /home/airflow/.local/lib/python3.10/site-packages/airflow/example_dags/example_params_ui_tutorial.py for tasks to queue
[2025-05-09T16:20:32.465+0000] {logging_mixin.py:188} INFO - [2025-05-09T16:20:32.465+0000] {dagbag.py:545} INFO - Filling up the DagBag from /home/airflow/.local/lib/python3.10/site-packages/airflow/example_dags/example_params_ui_tutorial.py
[2025-05-09T16:20:32.476+0000] {processor.py:840} INFO - DAG(s) 'example_params_ui_tutorial' retrieved from /home/airflow/.local/lib/python3.10/site-packages/airflow/example_dags/example_params_ui_tutorial.py
[2025-05-09T16:20:32.538+0000] {logging_mixin.py:188} INFO - [2025-05-09T16:20:32.537+0000] {dag.py:3096} INFO - Sync 1 DAGs
[2025-05-09T16:20:32.549+0000] {logging_mixin.py:188} INFO - [2025-05-09T16:20:32.549+0000] {dag.py:3954} INFO - Setting next_dagrun for example_params_ui_tutorial to None, run_after=None
[2025-05-09T16:20:32.574+0000] {processor.py:183} INFO - Processing /home/airflow/.local/lib/python3.10/site-packages/airflow/example_dags/example_params_ui_tutorial.py took 0.118 seconds
[2025-05-09T16:21:02.974+0000] {processor.py:161} INFO - Started process (PID=8825) to work on /home/airflow/.local/lib/python3.10/site-packages/airflow/example_dags/example_params_ui_tutorial.py
[2025-05-09T16:21:02.976+0000] {processor.py:830} INFO - Processing file /home/airflow/.local/lib/python3.10/site-packages/airflow/example_dags/example_params_ui_tutorial.py for tasks to queue
[2025-05-09T16:21:02.979+0000] {logging_mixin.py:188} INFO - [2025-05-09T16:21:02.978+0000] {dagbag.py:545} INFO - Filling up the DagBag from /home/airflow/.local/lib/python3.10/site-packages/airflow/example_dags/example_params_ui_tutorial.py
[2025-05-09T16:21:02.992+0000] {processor.py:840} INFO - DAG(s) 'example_params_ui_tutorial' retrieved from /home/airflow/.local/lib/python3.10/site-packages/airflow/example_dags/example_params_ui_tutorial.py
[2025-05-09T16:21:03.056+0000] {logging_mixin.py:188} INFO - [2025-05-09T16:21:03.056+0000] {dag.py:3096} INFO - Sync 1 DAGs
[2025-05-09T16:21:03.074+0000] {logging_mixin.py:188} INFO - [2025-05-09T16:21:03.073+0000] {dag.py:3954} INFO - Setting next_dagrun for example_params_ui_tutorial to None, run_after=None
[2025-05-09T16:21:03.108+0000] {processor.py:183} INFO - Processing /home/airflow/.local/lib/python3.10/site-packages/airflow/example_dags/example_params_ui_tutorial.py took 0.140 seconds
[2025-05-09T16:21:33.433+0000] {processor.py:161} INFO - Started process (PID=9186) to work on /home/airflow/.local/lib/python3.10/site-packages/airflow/example_dags/example_params_ui_tutorial.py
[2025-05-09T16:21:33.435+0000] {processor.py:830} INFO - Processing file /home/airflow/.local/lib/python3.10/site-packages/airflow/example_dags/example_params_ui_tutorial.py for tasks to queue
[2025-05-09T16:21:33.438+0000] {logging_mixin.py:188} INFO - [2025-05-09T16:21:33.438+0000] {dagbag.py:545} INFO - Filling up the DagBag from /home/airflow/.local/lib/python3.10/site-packages/airflow/example_dags/example_params_ui_tutorial.py
[2025-05-09T16:21:33.451+0000] {processor.py:840} INFO - DAG(s) 'example_params_ui_tutorial' retrieved from /home/airflow/.local/lib/python3.10/site-packages/airflow/example_dags/example_params_ui_tutorial.py
[2025-05-09T16:21:33.520+0000] {logging_mixin.py:188} INFO - [2025-05-09T16:21:33.520+0000] {dag.py:3096} INFO - Sync 1 DAGs
[2025-05-09T16:21:33.534+0000] {logging_mixin.py:188} INFO - [2025-05-09T16:21:33.533+0000] {dag.py:3954} INFO - Setting next_dagrun for example_params_ui_tutorial to None, run_after=None
[2025-05-09T16:21:33.562+0000] {processor.py:183} INFO - Processing /home/airflow/.local/lib/python3.10/site-packages/airflow/example_dags/example_params_ui_tutorial.py took 0.136 seconds
[2025-05-09T16:22:03.800+0000] {processor.py:161} INFO - Started process (PID=9473) to work on /home/airflow/.local/lib/python3.10/site-packages/airflow/example_dags/example_params_ui_tutorial.py
[2025-05-09T16:22:03.802+0000] {processor.py:830} INFO - Processing file /home/airflow/.local/lib/python3.10/site-packages/airflow/example_dags/example_params_ui_tutorial.py for tasks to queue
[2025-05-09T16:22:03.806+0000] {logging_mixin.py:188} INFO - [2025-05-09T16:22:03.805+0000] {dagbag.py:545} INFO - Filling up the DagBag from /home/airflow/.local/lib/python3.10/site-packages/airflow/example_dags/example_params_ui_tutorial.py
[2025-05-09T16:22:03.823+0000] {processor.py:840} INFO - DAG(s) 'example_params_ui_tutorial' retrieved from /home/airflow/.local/lib/python3.10/site-packages/airflow/example_dags/example_params_ui_tutorial.py
[2025-05-09T16:22:03.905+0000] {logging_mixin.py:188} INFO - [2025-05-09T16:22:03.905+0000] {dag.py:3096} INFO - Sync 1 DAGs
[2025-05-09T16:22:03.926+0000] {logging_mixin.py:188} INFO - [2025-05-09T16:22:03.925+0000] {dag.py:3954} INFO - Setting next_dagrun for example_params_ui_tutorial to None, run_after=None
[2025-05-09T16:22:03.959+0000] {processor.py:183} INFO - Processing /home/airflow/.local/lib/python3.10/site-packages/airflow/example_dags/example_params_ui_tutorial.py took 0.166 seconds
[2025-05-09T16:22:34.865+0000] {processor.py:161} INFO - Started process (PID=9796) to work on /home/airflow/.local/lib/python3.10/site-packages/airflow/example_dags/example_params_ui_tutorial.py
[2025-05-09T16:22:34.867+0000] {processor.py:830} INFO - Processing file /home/airflow/.local/lib/python3.10/site-packages/airflow/example_dags/example_params_ui_tutorial.py for tasks to queue
[2025-05-09T16:22:34.871+0000] {logging_mixin.py:188} INFO - [2025-05-09T16:22:34.870+0000] {dagbag.py:545} INFO - Filling up the DagBag from /home/airflow/.local/lib/python3.10/site-packages/airflow/example_dags/example_params_ui_tutorial.py
[2025-05-09T16:22:34.888+0000] {processor.py:840} INFO - DAG(s) 'example_params_ui_tutorial' retrieved from /home/airflow/.local/lib/python3.10/site-packages/airflow/example_dags/example_params_ui_tutorial.py
[2025-05-09T16:22:34.970+0000] {logging_mixin.py:188} INFO - [2025-05-09T16:22:34.969+0000] {dag.py:3096} INFO - Sync 1 DAGs
[2025-05-09T16:22:34.983+0000] {logging_mixin.py:188} INFO - [2025-05-09T16:22:34.983+0000] {dag.py:3954} INFO - Setting next_dagrun for example_params_ui_tutorial to None, run_after=None
[2025-05-09T16:22:35.003+0000] {processor.py:183} INFO - Processing /home/airflow/.local/lib/python3.10/site-packages/airflow/example_dags/example_params_ui_tutorial.py took 0.147 seconds
[2025-05-09T16:23:05.616+0000] {processor.py:161} INFO - Started process (PID=10066) to work on /home/airflow/.local/lib/python3.10/site-packages/airflow/example_dags/example_params_ui_tutorial.py
[2025-05-09T16:23:05.618+0000] {processor.py:830} INFO - Processing file /home/airflow/.local/lib/python3.10/site-packages/airflow/example_dags/example_params_ui_tutorial.py for tasks to queue
[2025-05-09T16:23:05.621+0000] {logging_mixin.py:188} INFO - [2025-05-09T16:23:05.620+0000] {dagbag.py:545} INFO - Filling up the DagBag from /home/airflow/.local/lib/python3.10/site-packages/airflow/example_dags/example_params_ui_tutorial.py
[2025-05-09T16:23:05.638+0000] {processor.py:840} INFO - DAG(s) 'example_params_ui_tutorial' retrieved from /home/airflow/.local/lib/python3.10/site-packages/airflow/example_dags/example_params_ui_tutorial.py
[2025-05-09T16:23:05.714+0000] {logging_mixin.py:188} INFO - [2025-05-09T16:23:05.714+0000] {dag.py:3096} INFO - Sync 1 DAGs
[2025-05-09T16:23:05.732+0000] {logging_mixin.py:188} INFO - [2025-05-09T16:23:05.732+0000] {dag.py:3954} INFO - Setting next_dagrun for example_params_ui_tutorial to None, run_after=None
[2025-05-09T16:23:05.760+0000] {processor.py:183} INFO - Processing /home/airflow/.local/lib/python3.10/site-packages/airflow/example_dags/example_params_ui_tutorial.py took 0.151 seconds
[2025-05-09T16:23:36.337+0000] {processor.py:161} INFO - Started process (PID=10371) to work on /home/airflow/.local/lib/python3.10/site-packages/airflow/example_dags/example_params_ui_tutorial.py
[2025-05-09T16:23:36.339+0000] {processor.py:830} INFO - Processing file /home/airflow/.local/lib/python3.10/site-packages/airflow/example_dags/example_params_ui_tutorial.py for tasks to queue
[2025-05-09T16:23:36.341+0000] {logging_mixin.py:188} INFO - [2025-05-09T16:23:36.341+0000] {dagbag.py:545} INFO - Filling up the DagBag from /home/airflow/.local/lib/python3.10/site-packages/airflow/example_dags/example_params_ui_tutorial.py
[2025-05-09T16:23:36.352+0000] {processor.py:840} INFO - DAG(s) 'example_params_ui_tutorial' retrieved from /home/airflow/.local/lib/python3.10/site-packages/airflow/example_dags/example_params_ui_tutorial.py
[2025-05-09T16:23:36.406+0000] {logging_mixin.py:188} INFO - [2025-05-09T16:23:36.405+0000] {dag.py:3096} INFO - Sync 1 DAGs
[2025-05-09T16:23:36.418+0000] {logging_mixin.py:188} INFO - [2025-05-09T16:23:36.418+0000] {dag.py:3954} INFO - Setting next_dagrun for example_params_ui_tutorial to None, run_after=None
[2025-05-09T16:23:36.442+0000] {processor.py:183} INFO - Processing /home/airflow/.local/lib/python3.10/site-packages/airflow/example_dags/example_params_ui_tutorial.py took 0.110 seconds
[2025-05-09T16:24:06.594+0000] {processor.py:161} INFO - Started process (PID=10641) to work on /home/airflow/.local/lib/python3.10/site-packages/airflow/example_dags/example_params_ui_tutorial.py
[2025-05-09T16:24:06.596+0000] {processor.py:830} INFO - Processing file /home/airflow/.local/lib/python3.10/site-packages/airflow/example_dags/example_params_ui_tutorial.py for tasks to queue
[2025-05-09T16:24:06.600+0000] {logging_mixin.py:188} INFO - [2025-05-09T16:24:06.600+0000] {dagbag.py:545} INFO - Filling up the DagBag from /home/airflow/.local/lib/python3.10/site-packages/airflow/example_dags/example_params_ui_tutorial.py
[2025-05-09T16:24:06.623+0000] {processor.py:840} INFO - DAG(s) 'example_params_ui_tutorial' retrieved from /home/airflow/.local/lib/python3.10/site-packages/airflow/example_dags/example_params_ui_tutorial.py
[2025-05-09T16:24:06.778+0000] {logging_mixin.py:188} INFO - [2025-05-09T16:24:06.777+0000] {dag.py:3096} INFO - Sync 1 DAGs
[2025-05-09T16:24:06.811+0000] {logging_mixin.py:188} INFO - [2025-05-09T16:24:06.810+0000] {dag.py:3954} INFO - Setting next_dagrun for example_params_ui_tutorial to None, run_after=None
[2025-05-09T16:24:06.860+0000] {processor.py:183} INFO - Processing /home/airflow/.local/lib/python3.10/site-packages/airflow/example_dags/example_params_ui_tutorial.py took 0.275 seconds
[2025-05-09T16:24:37.663+0000] {processor.py:161} INFO - Started process (PID=10955) to work on /home/airflow/.local/lib/python3.10/site-packages/airflow/example_dags/example_params_ui_tutorial.py
[2025-05-09T16:24:37.665+0000] {processor.py:830} INFO - Processing file /home/airflow/.local/lib/python3.10/site-packages/airflow/example_dags/example_params_ui_tutorial.py for tasks to queue
[2025-05-09T16:24:37.668+0000] {logging_mixin.py:188} INFO - [2025-05-09T16:24:37.667+0000] {dagbag.py:545} INFO - Filling up the DagBag from /home/airflow/.local/lib/python3.10/site-packages/airflow/example_dags/example_params_ui_tutorial.py
[2025-05-09T16:24:37.685+0000] {processor.py:840} INFO - DAG(s) 'example_params_ui_tutorial' retrieved from /home/airflow/.local/lib/python3.10/site-packages/airflow/example_dags/example_params_ui_tutorial.py
[2025-05-09T16:24:37.760+0000] {logging_mixin.py:188} INFO - [2025-05-09T16:24:37.760+0000] {dag.py:3096} INFO - Sync 1 DAGs
[2025-05-09T16:24:37.776+0000] {logging_mixin.py:188} INFO - [2025-05-09T16:24:37.776+0000] {dag.py:3954} INFO - Setting next_dagrun for example_params_ui_tutorial to None, run_after=None
[2025-05-09T16:24:37.809+0000] {processor.py:183} INFO - Processing /home/airflow/.local/lib/python3.10/site-packages/airflow/example_dags/example_params_ui_tutorial.py took 0.156 seconds
[2025-05-09T16:25:08.366+0000] {processor.py:161} INFO - Started process (PID=11298) to work on /home/airflow/.local/lib/python3.10/site-packages/airflow/example_dags/example_params_ui_tutorial.py
[2025-05-09T16:25:08.368+0000] {processor.py:830} INFO - Processing file /home/airflow/.local/lib/python3.10/site-packages/airflow/example_dags/example_params_ui_tutorial.py for tasks to queue
[2025-05-09T16:25:08.371+0000] {logging_mixin.py:188} INFO - [2025-05-09T16:25:08.371+0000] {dagbag.py:545} INFO - Filling up the DagBag from /home/airflow/.local/lib/python3.10/site-packages/airflow/example_dags/example_params_ui_tutorial.py
[2025-05-09T16:25:08.387+0000] {processor.py:840} INFO - DAG(s) 'example_params_ui_tutorial' retrieved from /home/airflow/.local/lib/python3.10/site-packages/airflow/example_dags/example_params_ui_tutorial.py
[2025-05-09T16:25:08.451+0000] {logging_mixin.py:188} INFO - [2025-05-09T16:25:08.451+0000] {dag.py:3096} INFO - Sync 1 DAGs
[2025-05-09T16:25:08.473+0000] {logging_mixin.py:188} INFO - [2025-05-09T16:25:08.472+0000] {dag.py:3954} INFO - Setting next_dagrun for example_params_ui_tutorial to None, run_after=None
[2025-05-09T16:25:08.517+0000] {processor.py:183} INFO - Processing /home/airflow/.local/lib/python3.10/site-packages/airflow/example_dags/example_params_ui_tutorial.py took 0.160 seconds
[2025-05-09T16:25:38.854+0000] {processor.py:161} INFO - Started process (PID=11578) to work on /home/airflow/.local/lib/python3.10/site-packages/airflow/example_dags/example_params_ui_tutorial.py
[2025-05-09T16:25:38.856+0000] {processor.py:830} INFO - Processing file /home/airflow/.local/lib/python3.10/site-packages/airflow/example_dags/example_params_ui_tutorial.py for tasks to queue
[2025-05-09T16:25:38.858+0000] {logging_mixin.py:188} INFO - [2025-05-09T16:25:38.858+0000] {dagbag.py:545} INFO - Filling up the DagBag from /home/airflow/.local/lib/python3.10/site-packages/airflow/example_dags/example_params_ui_tutorial.py
[2025-05-09T16:25:38.873+0000] {processor.py:840} INFO - DAG(s) 'example_params_ui_tutorial' retrieved from /home/airflow/.local/lib/python3.10/site-packages/airflow/example_dags/example_params_ui_tutorial.py
[2025-05-09T16:25:38.960+0000] {logging_mixin.py:188} INFO - [2025-05-09T16:25:38.960+0000] {dag.py:3096} INFO - Sync 1 DAGs
[2025-05-09T16:25:38.980+0000] {logging_mixin.py:188} INFO - [2025-05-09T16:25:38.979+0000] {dag.py:3954} INFO - Setting next_dagrun for example_params_ui_tutorial to None, run_after=None
[2025-05-09T16:25:39.016+0000] {processor.py:183} INFO - Processing /home/airflow/.local/lib/python3.10/site-packages/airflow/example_dags/example_params_ui_tutorial.py took 0.170 seconds
[2025-05-09T16:26:09.691+0000] {processor.py:161} INFO - Started process (PID=11906) to work on /home/airflow/.local/lib/python3.10/site-packages/airflow/example_dags/example_params_ui_tutorial.py
[2025-05-09T16:26:09.693+0000] {processor.py:830} INFO - Processing file /home/airflow/.local/lib/python3.10/site-packages/airflow/example_dags/example_params_ui_tutorial.py for tasks to queue
[2025-05-09T16:26:09.695+0000] {logging_mixin.py:188} INFO - [2025-05-09T16:26:09.695+0000] {dagbag.py:545} INFO - Filling up the DagBag from /home/airflow/.local/lib/python3.10/site-packages/airflow/example_dags/example_params_ui_tutorial.py
[2025-05-09T16:26:09.711+0000] {processor.py:840} INFO - DAG(s) 'example_params_ui_tutorial' retrieved from /home/airflow/.local/lib/python3.10/site-packages/airflow/example_dags/example_params_ui_tutorial.py
[2025-05-09T16:26:09.776+0000] {logging_mixin.py:188} INFO - [2025-05-09T16:26:09.775+0000] {dag.py:3096} INFO - Sync 1 DAGs
[2025-05-09T16:26:09.789+0000] {logging_mixin.py:188} INFO - [2025-05-09T16:26:09.789+0000] {dag.py:3954} INFO - Setting next_dagrun for example_params_ui_tutorial to None, run_after=None
[2025-05-09T16:26:09.818+0000] {processor.py:183} INFO - Processing /home/airflow/.local/lib/python3.10/site-packages/airflow/example_dags/example_params_ui_tutorial.py took 0.134 seconds
[2025-05-09T16:26:40.315+0000] {processor.py:161} INFO - Started process (PID=12183) to work on /home/airflow/.local/lib/python3.10/site-packages/airflow/example_dags/example_params_ui_tutorial.py
[2025-05-09T16:26:40.317+0000] {processor.py:830} INFO - Processing file /home/airflow/.local/lib/python3.10/site-packages/airflow/example_dags/example_params_ui_tutorial.py for tasks to queue
[2025-05-09T16:26:40.320+0000] {logging_mixin.py:188} INFO - [2025-05-09T16:26:40.320+0000] {dagbag.py:545} INFO - Filling up the DagBag from /home/airflow/.local/lib/python3.10/site-packages/airflow/example_dags/example_params_ui_tutorial.py
[2025-05-09T16:26:40.332+0000] {processor.py:840} INFO - DAG(s) 'example_params_ui_tutorial' retrieved from /home/airflow/.local/lib/python3.10/site-packages/airflow/example_dags/example_params_ui_tutorial.py
[2025-05-09T16:26:40.386+0000] {logging_mixin.py:188} INFO - [2025-05-09T16:26:40.385+0000] {dag.py:3096} INFO - Sync 1 DAGs
[2025-05-09T16:26:40.398+0000] {logging_mixin.py:188} INFO - [2025-05-09T16:26:40.398+0000] {dag.py:3954} INFO - Setting next_dagrun for example_params_ui_tutorial to None, run_after=None
[2025-05-09T16:26:40.422+0000] {processor.py:183} INFO - Processing /home/airflow/.local/lib/python3.10/site-packages/airflow/example_dags/example_params_ui_tutorial.py took 0.113 seconds
[2025-05-09T16:27:10.742+0000] {processor.py:161} INFO - Started process (PID=12502) to work on /home/airflow/.local/lib/python3.10/site-packages/airflow/example_dags/example_params_ui_tutorial.py
[2025-05-09T16:27:10.744+0000] {processor.py:830} INFO - Processing file /home/airflow/.local/lib/python3.10/site-packages/airflow/example_dags/example_params_ui_tutorial.py for tasks to queue
[2025-05-09T16:27:10.749+0000] {logging_mixin.py:188} INFO - [2025-05-09T16:27:10.748+0000] {dagbag.py:545} INFO - Filling up the DagBag from /home/airflow/.local/lib/python3.10/site-packages/airflow/example_dags/example_params_ui_tutorial.py
[2025-05-09T16:27:10.778+0000] {processor.py:840} INFO - DAG(s) 'example_params_ui_tutorial' retrieved from /home/airflow/.local/lib/python3.10/site-packages/airflow/example_dags/example_params_ui_tutorial.py
[2025-05-09T16:27:10.858+0000] {logging_mixin.py:188} INFO - [2025-05-09T16:27:10.858+0000] {dag.py:3096} INFO - Sync 1 DAGs
[2025-05-09T16:27:10.874+0000] {logging_mixin.py:188} INFO - [2025-05-09T16:27:10.874+0000] {dag.py:3954} INFO - Setting next_dagrun for example_params_ui_tutorial to None, run_after=None
[2025-05-09T16:27:10.900+0000] {processor.py:183} INFO - Processing /home/airflow/.local/lib/python3.10/site-packages/airflow/example_dags/example_params_ui_tutorial.py took 0.168 seconds
[2025-05-09T16:27:41.101+0000] {processor.py:161} INFO - Started process (PID=12769) to work on /home/airflow/.local/lib/python3.10/site-packages/airflow/example_dags/example_params_ui_tutorial.py
[2025-05-09T16:27:41.103+0000] {processor.py:830} INFO - Processing file /home/airflow/.local/lib/python3.10/site-packages/airflow/example_dags/example_params_ui_tutorial.py for tasks to queue
[2025-05-09T16:27:41.105+0000] {logging_mixin.py:188} INFO - [2025-05-09T16:27:41.104+0000] {dagbag.py:545} INFO - Filling up the DagBag from /home/airflow/.local/lib/python3.10/site-packages/airflow/example_dags/example_params_ui_tutorial.py
[2025-05-09T16:27:41.116+0000] {processor.py:840} INFO - DAG(s) 'example_params_ui_tutorial' retrieved from /home/airflow/.local/lib/python3.10/site-packages/airflow/example_dags/example_params_ui_tutorial.py
[2025-05-09T16:27:41.180+0000] {logging_mixin.py:188} INFO - [2025-05-09T16:27:41.180+0000] {dag.py:3096} INFO - Sync 1 DAGs
[2025-05-09T16:27:41.195+0000] {logging_mixin.py:188} INFO - [2025-05-09T16:27:41.194+0000] {dag.py:3954} INFO - Setting next_dagrun for example_params_ui_tutorial to None, run_after=None
[2025-05-09T16:27:41.221+0000] {processor.py:183} INFO - Processing /home/airflow/.local/lib/python3.10/site-packages/airflow/example_dags/example_params_ui_tutorial.py took 0.126 seconds
[2025-05-09T16:28:11.476+0000] {processor.py:161} INFO - Started process (PID=13062) to work on /home/airflow/.local/lib/python3.10/site-packages/airflow/example_dags/example_params_ui_tutorial.py
[2025-05-09T16:28:11.478+0000] {processor.py:830} INFO - Processing file /home/airflow/.local/lib/python3.10/site-packages/airflow/example_dags/example_params_ui_tutorial.py for tasks to queue
[2025-05-09T16:28:11.482+0000] {logging_mixin.py:188} INFO - [2025-05-09T16:28:11.482+0000] {dagbag.py:545} INFO - Filling up the DagBag from /home/airflow/.local/lib/python3.10/site-packages/airflow/example_dags/example_params_ui_tutorial.py
[2025-05-09T16:28:11.497+0000] {processor.py:840} INFO - DAG(s) 'example_params_ui_tutorial' retrieved from /home/airflow/.local/lib/python3.10/site-packages/airflow/example_dags/example_params_ui_tutorial.py
[2025-05-09T16:28:11.580+0000] {logging_mixin.py:188} INFO - [2025-05-09T16:28:11.579+0000] {dag.py:3096} INFO - Sync 1 DAGs
[2025-05-09T16:28:11.594+0000] {logging_mixin.py:188} INFO - [2025-05-09T16:28:11.594+0000] {dag.py:3954} INFO - Setting next_dagrun for example_params_ui_tutorial to None, run_after=None
[2025-05-09T16:28:11.624+0000] {processor.py:183} INFO - Processing /home/airflow/.local/lib/python3.10/site-packages/airflow/example_dags/example_params_ui_tutorial.py took 0.155 seconds
[2025-05-09T16:28:42.430+0000] {processor.py:161} INFO - Started process (PID=13324) to work on /home/airflow/.local/lib/python3.10/site-packages/airflow/example_dags/example_params_ui_tutorial.py
[2025-05-09T16:28:42.432+0000] {processor.py:830} INFO - Processing file /home/airflow/.local/lib/python3.10/site-packages/airflow/example_dags/example_params_ui_tutorial.py for tasks to queue
[2025-05-09T16:28:42.435+0000] {logging_mixin.py:188} INFO - [2025-05-09T16:28:42.435+0000] {dagbag.py:545} INFO - Filling up the DagBag from /home/airflow/.local/lib/python3.10/site-packages/airflow/example_dags/example_params_ui_tutorial.py
[2025-05-09T16:28:42.457+0000] {processor.py:840} INFO - DAG(s) 'example_params_ui_tutorial' retrieved from /home/airflow/.local/lib/python3.10/site-packages/airflow/example_dags/example_params_ui_tutorial.py
[2025-05-09T16:28:42.547+0000] {logging_mixin.py:188} INFO - [2025-05-09T16:28:42.547+0000] {dag.py:3096} INFO - Sync 1 DAGs
[2025-05-09T16:28:42.567+0000] {logging_mixin.py:188} INFO - [2025-05-09T16:28:42.567+0000] {dag.py:3954} INFO - Setting next_dagrun for example_params_ui_tutorial to None, run_after=None
[2025-05-09T16:28:42.604+0000] {processor.py:183} INFO - Processing /home/airflow/.local/lib/python3.10/site-packages/airflow/example_dags/example_params_ui_tutorial.py took 0.184 seconds
[2025-05-09T16:29:12.898+0000] {processor.py:161} INFO - Started process (PID=13648) to work on /home/airflow/.local/lib/python3.10/site-packages/airflow/example_dags/example_params_ui_tutorial.py
[2025-05-09T16:29:12.900+0000] {processor.py:830} INFO - Processing file /home/airflow/.local/lib/python3.10/site-packages/airflow/example_dags/example_params_ui_tutorial.py for tasks to queue
[2025-05-09T16:29:12.902+0000] {logging_mixin.py:188} INFO - [2025-05-09T16:29:12.902+0000] {dagbag.py:545} INFO - Filling up the DagBag from /home/airflow/.local/lib/python3.10/site-packages/airflow/example_dags/example_params_ui_tutorial.py
[2025-05-09T16:29:12.918+0000] {processor.py:840} INFO - DAG(s) 'example_params_ui_tutorial' retrieved from /home/airflow/.local/lib/python3.10/site-packages/airflow/example_dags/example_params_ui_tutorial.py
[2025-05-09T16:29:12.984+0000] {logging_mixin.py:188} INFO - [2025-05-09T16:29:12.984+0000] {dag.py:3096} INFO - Sync 1 DAGs
[2025-05-09T16:29:12.998+0000] {logging_mixin.py:188} INFO - [2025-05-09T16:29:12.998+0000] {dag.py:3954} INFO - Setting next_dagrun for example_params_ui_tutorial to None, run_after=None
[2025-05-09T16:29:13.028+0000] {processor.py:183} INFO - Processing /home/airflow/.local/lib/python3.10/site-packages/airflow/example_dags/example_params_ui_tutorial.py took 0.138 seconds
[2025-05-09T16:29:43.431+0000] {processor.py:161} INFO - Started process (PID=13923) to work on /home/airflow/.local/lib/python3.10/site-packages/airflow/example_dags/example_params_ui_tutorial.py
[2025-05-09T16:29:43.432+0000] {processor.py:830} INFO - Processing file /home/airflow/.local/lib/python3.10/site-packages/airflow/example_dags/example_params_ui_tutorial.py for tasks to queue
[2025-05-09T16:29:43.435+0000] {logging_mixin.py:188} INFO - [2025-05-09T16:29:43.434+0000] {dagbag.py:545} INFO - Filling up the DagBag from /home/airflow/.local/lib/python3.10/site-packages/airflow/example_dags/example_params_ui_tutorial.py
[2025-05-09T16:29:43.447+0000] {processor.py:840} INFO - DAG(s) 'example_params_ui_tutorial' retrieved from /home/airflow/.local/lib/python3.10/site-packages/airflow/example_dags/example_params_ui_tutorial.py
[2025-05-09T16:29:43.517+0000] {logging_mixin.py:188} INFO - [2025-05-09T16:29:43.517+0000] {dag.py:3096} INFO - Sync 1 DAGs
[2025-05-09T16:29:43.531+0000] {logging_mixin.py:188} INFO - [2025-05-09T16:29:43.531+0000] {dag.py:3954} INFO - Setting next_dagrun for example_params_ui_tutorial to None, run_after=None
[2025-05-09T16:29:43.557+0000] {processor.py:183} INFO - Processing /home/airflow/.local/lib/python3.10/site-packages/airflow/example_dags/example_params_ui_tutorial.py took 0.134 seconds
[2025-05-09T16:30:13.666+0000] {processor.py:161} INFO - Started process (PID=14236) to work on /home/airflow/.local/lib/python3.10/site-packages/airflow/example_dags/example_params_ui_tutorial.py
[2025-05-09T16:30:13.668+0000] {processor.py:830} INFO - Processing file /home/airflow/.local/lib/python3.10/site-packages/airflow/example_dags/example_params_ui_tutorial.py for tasks to queue
[2025-05-09T16:30:13.673+0000] {logging_mixin.py:188} INFO - [2025-05-09T16:30:13.672+0000] {dagbag.py:545} INFO - Filling up the DagBag from /home/airflow/.local/lib/python3.10/site-packages/airflow/example_dags/example_params_ui_tutorial.py
[2025-05-09T16:30:13.686+0000] {processor.py:840} INFO - DAG(s) 'example_params_ui_tutorial' retrieved from /home/airflow/.local/lib/python3.10/site-packages/airflow/example_dags/example_params_ui_tutorial.py
[2025-05-09T16:30:13.761+0000] {logging_mixin.py:188} INFO - [2025-05-09T16:30:13.760+0000] {dag.py:3096} INFO - Sync 1 DAGs
[2025-05-09T16:30:13.781+0000] {logging_mixin.py:188} INFO - [2025-05-09T16:30:13.780+0000] {dag.py:3954} INFO - Setting next_dagrun for example_params_ui_tutorial to None, run_after=None
[2025-05-09T16:30:13.819+0000] {processor.py:183} INFO - Processing /home/airflow/.local/lib/python3.10/site-packages/airflow/example_dags/example_params_ui_tutorial.py took 0.162 seconds
[2025-05-09T16:30:44.166+0000] {processor.py:161} INFO - Started process (PID=14498) to work on /home/airflow/.local/lib/python3.10/site-packages/airflow/example_dags/example_params_ui_tutorial.py
[2025-05-09T16:30:44.168+0000] {processor.py:830} INFO - Processing file /home/airflow/.local/lib/python3.10/site-packages/airflow/example_dags/example_params_ui_tutorial.py for tasks to queue
[2025-05-09T16:30:44.171+0000] {logging_mixin.py:188} INFO - [2025-05-09T16:30:44.170+0000] {dagbag.py:545} INFO - Filling up the DagBag from /home/airflow/.local/lib/python3.10/site-packages/airflow/example_dags/example_params_ui_tutorial.py
[2025-05-09T16:30:44.183+0000] {processor.py:840} INFO - DAG(s) 'example_params_ui_tutorial' retrieved from /home/airflow/.local/lib/python3.10/site-packages/airflow/example_dags/example_params_ui_tutorial.py
[2025-05-09T16:30:44.243+0000] {logging_mixin.py:188} INFO - [2025-05-09T16:30:44.243+0000] {dag.py:3096} INFO - Sync 1 DAGs
[2025-05-09T16:30:44.257+0000] {logging_mixin.py:188} INFO - [2025-05-09T16:30:44.257+0000] {dag.py:3954} INFO - Setting next_dagrun for example_params_ui_tutorial to None, run_after=None
[2025-05-09T16:30:44.284+0000] {processor.py:183} INFO - Processing /home/airflow/.local/lib/python3.10/site-packages/airflow/example_dags/example_params_ui_tutorial.py took 0.126 seconds
