[2025-05-09T12:10:17.701+0000] {processor.py:161} INFO - Started process (PID=168) to work on /home/airflow/.local/lib/python3.10/site-packages/airflow/example_dags/example_python_operator.py
[2025-05-09T12:10:17.704+0000] {processor.py:830} INFO - Processing file /home/airflow/.local/lib/python3.10/site-packages/airflow/example_dags/example_python_operator.py for tasks to queue
[2025-05-09T12:10:17.713+0000] {logging_mixin.py:188} INFO - [2025-05-09T12:10:17.712+0000] {dagbag.py:545} INFO - Filling up the DagBag from /home/airflow/.local/lib/python3.10/site-packages/airflow/example_dags/example_python_operator.py
[2025-05-09T12:10:17.792+0000] {processor.py:840} INFO - DAG(s) 'example_python_operator' retrieved from /home/airflow/.local/lib/python3.10/site-packages/airflow/example_dags/example_python_operator.py
[2025-05-09T12:10:17.878+0000] {logging_mixin.py:188} INFO - [2025-05-09T12:10:17.877+0000] {dag.py:3096} INFO - Sync 1 DAGs
[2025-05-09T12:10:17.915+0000] {logging_mixin.py:188} INFO - [2025-05-09T12:10:17.915+0000] {dag.py:3954} INFO - Setting next_dagrun for example_python_operator to None, run_after=None
[2025-05-09T12:10:17.968+0000] {processor.py:183} INFO - Processing /home/airflow/.local/lib/python3.10/site-packages/airflow/example_dags/example_python_operator.py took 0.286 seconds
[2025-05-09T12:10:48.254+0000] {processor.py:161} INFO - Started process (PID=424) to work on /home/airflow/.local/lib/python3.10/site-packages/airflow/example_dags/example_python_operator.py
[2025-05-09T12:10:48.255+0000] {processor.py:830} INFO - Processing file /home/airflow/.local/lib/python3.10/site-packages/airflow/example_dags/example_python_operator.py for tasks to queue
[2025-05-09T12:10:48.257+0000] {logging_mixin.py:188} INFO - [2025-05-09T12:10:48.257+0000] {dagbag.py:545} INFO - Filling up the DagBag from /home/airflow/.local/lib/python3.10/site-packages/airflow/example_dags/example_python_operator.py
[2025-05-09T12:10:48.273+0000] {processor.py:840} INFO - DAG(s) 'example_python_operator' retrieved from /home/airflow/.local/lib/python3.10/site-packages/airflow/example_dags/example_python_operator.py
[2025-05-09T12:10:48.724+0000] {logging_mixin.py:188} INFO - [2025-05-09T12:10:48.724+0000] {dag.py:3096} INFO - Sync 1 DAGs
[2025-05-09T12:10:48.790+0000] {logging_mixin.py:188} INFO - [2025-05-09T12:10:48.789+0000] {dag.py:3954} INFO - Setting next_dagrun for example_python_operator to None, run_after=None
[2025-05-09T12:10:48.874+0000] {processor.py:183} INFO - Processing /home/airflow/.local/lib/python3.10/site-packages/airflow/example_dags/example_python_operator.py took 0.637 seconds
[2025-05-09T12:11:19.148+0000] {processor.py:161} INFO - Started process (PID=680) to work on /home/airflow/.local/lib/python3.10/site-packages/airflow/example_dags/example_python_operator.py
[2025-05-09T12:11:19.149+0000] {processor.py:830} INFO - Processing file /home/airflow/.local/lib/python3.10/site-packages/airflow/example_dags/example_python_operator.py for tasks to queue
[2025-05-09T12:11:19.152+0000] {logging_mixin.py:188} INFO - [2025-05-09T12:11:19.151+0000] {dagbag.py:545} INFO - Filling up the DagBag from /home/airflow/.local/lib/python3.10/site-packages/airflow/example_dags/example_python_operator.py
[2025-05-09T12:11:19.169+0000] {processor.py:840} INFO - DAG(s) 'example_python_operator' retrieved from /home/airflow/.local/lib/python3.10/site-packages/airflow/example_dags/example_python_operator.py
[2025-05-09T12:11:19.219+0000] {logging_mixin.py:188} INFO - [2025-05-09T12:11:19.219+0000] {dag.py:3096} INFO - Sync 1 DAGs
[2025-05-09T12:11:19.236+0000] {logging_mixin.py:188} INFO - [2025-05-09T12:11:19.236+0000] {dag.py:3954} INFO - Setting next_dagrun for example_python_operator to None, run_after=None
[2025-05-09T12:11:19.261+0000] {processor.py:183} INFO - Processing /home/airflow/.local/lib/python3.10/site-packages/airflow/example_dags/example_python_operator.py took 0.122 seconds
[2025-05-09T12:11:50.059+0000] {processor.py:161} INFO - Started process (PID=936) to work on /home/airflow/.local/lib/python3.10/site-packages/airflow/example_dags/example_python_operator.py
[2025-05-09T12:11:50.061+0000] {processor.py:830} INFO - Processing file /home/airflow/.local/lib/python3.10/site-packages/airflow/example_dags/example_python_operator.py for tasks to queue
[2025-05-09T12:11:50.067+0000] {logging_mixin.py:188} INFO - [2025-05-09T12:11:50.067+0000] {dagbag.py:545} INFO - Filling up the DagBag from /home/airflow/.local/lib/python3.10/site-packages/airflow/example_dags/example_python_operator.py
[2025-05-09T12:11:50.086+0000] {processor.py:840} INFO - DAG(s) 'example_python_operator' retrieved from /home/airflow/.local/lib/python3.10/site-packages/airflow/example_dags/example_python_operator.py
[2025-05-09T12:11:50.120+0000] {logging_mixin.py:188} INFO - [2025-05-09T12:11:50.120+0000] {dag.py:3096} INFO - Sync 1 DAGs
[2025-05-09T12:11:50.138+0000] {logging_mixin.py:188} INFO - [2025-05-09T12:11:50.137+0000] {dag.py:3954} INFO - Setting next_dagrun for example_python_operator to None, run_after=None
[2025-05-09T12:11:50.201+0000] {processor.py:183} INFO - Processing /home/airflow/.local/lib/python3.10/site-packages/airflow/example_dags/example_python_operator.py took 0.157 seconds
[2025-05-09T12:12:20.796+0000] {processor.py:161} INFO - Started process (PID=1192) to work on /home/airflow/.local/lib/python3.10/site-packages/airflow/example_dags/example_python_operator.py
[2025-05-09T12:12:20.797+0000] {processor.py:830} INFO - Processing file /home/airflow/.local/lib/python3.10/site-packages/airflow/example_dags/example_python_operator.py for tasks to queue
[2025-05-09T12:12:20.800+0000] {logging_mixin.py:188} INFO - [2025-05-09T12:12:20.800+0000] {dagbag.py:545} INFO - Filling up the DagBag from /home/airflow/.local/lib/python3.10/site-packages/airflow/example_dags/example_python_operator.py
[2025-05-09T12:12:20.818+0000] {processor.py:840} INFO - DAG(s) 'example_python_operator' retrieved from /home/airflow/.local/lib/python3.10/site-packages/airflow/example_dags/example_python_operator.py
[2025-05-09T12:12:20.847+0000] {logging_mixin.py:188} INFO - [2025-05-09T12:12:20.847+0000] {dag.py:3096} INFO - Sync 1 DAGs
[2025-05-09T12:12:20.863+0000] {logging_mixin.py:188} INFO - [2025-05-09T12:12:20.862+0000] {dag.py:3954} INFO - Setting next_dagrun for example_python_operator to None, run_after=None
[2025-05-09T12:12:20.883+0000] {processor.py:183} INFO - Processing /home/airflow/.local/lib/python3.10/site-packages/airflow/example_dags/example_python_operator.py took 0.131 seconds
[2025-05-09T12:12:51.037+0000] {processor.py:161} INFO - Started process (PID=1448) to work on /home/airflow/.local/lib/python3.10/site-packages/airflow/example_dags/example_python_operator.py
[2025-05-09T12:12:51.039+0000] {processor.py:830} INFO - Processing file /home/airflow/.local/lib/python3.10/site-packages/airflow/example_dags/example_python_operator.py for tasks to queue
[2025-05-09T12:12:51.043+0000] {logging_mixin.py:188} INFO - [2025-05-09T12:12:51.042+0000] {dagbag.py:545} INFO - Filling up the DagBag from /home/airflow/.local/lib/python3.10/site-packages/airflow/example_dags/example_python_operator.py
[2025-05-09T12:12:51.063+0000] {processor.py:840} INFO - DAG(s) 'example_python_operator' retrieved from /home/airflow/.local/lib/python3.10/site-packages/airflow/example_dags/example_python_operator.py
[2025-05-09T12:12:51.105+0000] {logging_mixin.py:188} INFO - [2025-05-09T12:12:51.104+0000] {dag.py:3096} INFO - Sync 1 DAGs
[2025-05-09T12:12:51.126+0000] {logging_mixin.py:188} INFO - [2025-05-09T12:12:51.126+0000] {dag.py:3954} INFO - Setting next_dagrun for example_python_operator to None, run_after=None
[2025-05-09T12:12:51.175+0000] {processor.py:183} INFO - Processing /home/airflow/.local/lib/python3.10/site-packages/airflow/example_dags/example_python_operator.py took 0.146 seconds
[2025-05-09T12:13:21.296+0000] {processor.py:161} INFO - Started process (PID=1704) to work on /home/airflow/.local/lib/python3.10/site-packages/airflow/example_dags/example_python_operator.py
[2025-05-09T12:13:21.299+0000] {processor.py:830} INFO - Processing file /home/airflow/.local/lib/python3.10/site-packages/airflow/example_dags/example_python_operator.py for tasks to queue
[2025-05-09T12:13:21.301+0000] {logging_mixin.py:188} INFO - [2025-05-09T12:13:21.301+0000] {dagbag.py:545} INFO - Filling up the DagBag from /home/airflow/.local/lib/python3.10/site-packages/airflow/example_dags/example_python_operator.py
[2025-05-09T12:13:21.317+0000] {processor.py:840} INFO - DAG(s) 'example_python_operator' retrieved from /home/airflow/.local/lib/python3.10/site-packages/airflow/example_dags/example_python_operator.py
[2025-05-09T12:13:21.345+0000] {logging_mixin.py:188} INFO - [2025-05-09T12:13:21.345+0000] {dag.py:3096} INFO - Sync 1 DAGs
[2025-05-09T12:13:21.359+0000] {logging_mixin.py:188} INFO - [2025-05-09T12:13:21.359+0000] {dag.py:3954} INFO - Setting next_dagrun for example_python_operator to None, run_after=None
[2025-05-09T12:13:21.387+0000] {processor.py:183} INFO - Processing /home/airflow/.local/lib/python3.10/site-packages/airflow/example_dags/example_python_operator.py took 0.099 seconds
[2025-05-09T12:13:51.621+0000] {processor.py:161} INFO - Started process (PID=1960) to work on /home/airflow/.local/lib/python3.10/site-packages/airflow/example_dags/example_python_operator.py
[2025-05-09T12:13:51.623+0000] {processor.py:830} INFO - Processing file /home/airflow/.local/lib/python3.10/site-packages/airflow/example_dags/example_python_operator.py for tasks to queue
[2025-05-09T12:13:51.625+0000] {logging_mixin.py:188} INFO - [2025-05-09T12:13:51.625+0000] {dagbag.py:545} INFO - Filling up the DagBag from /home/airflow/.local/lib/python3.10/site-packages/airflow/example_dags/example_python_operator.py
[2025-05-09T12:13:51.648+0000] {processor.py:840} INFO - DAG(s) 'example_python_operator' retrieved from /home/airflow/.local/lib/python3.10/site-packages/airflow/example_dags/example_python_operator.py
[2025-05-09T12:13:51.681+0000] {logging_mixin.py:188} INFO - [2025-05-09T12:13:51.680+0000] {dag.py:3096} INFO - Sync 1 DAGs
[2025-05-09T12:13:51.702+0000] {logging_mixin.py:188} INFO - [2025-05-09T12:13:51.702+0000] {dag.py:3954} INFO - Setting next_dagrun for example_python_operator to None, run_after=None
[2025-05-09T12:13:51.736+0000] {processor.py:183} INFO - Processing /home/airflow/.local/lib/python3.10/site-packages/airflow/example_dags/example_python_operator.py took 0.126 seconds
[2025-05-09T12:14:22.256+0000] {processor.py:161} INFO - Started process (PID=2216) to work on /home/airflow/.local/lib/python3.10/site-packages/airflow/example_dags/example_python_operator.py
[2025-05-09T12:14:22.259+0000] {processor.py:830} INFO - Processing file /home/airflow/.local/lib/python3.10/site-packages/airflow/example_dags/example_python_operator.py for tasks to queue
[2025-05-09T12:14:22.261+0000] {logging_mixin.py:188} INFO - [2025-05-09T12:14:22.261+0000] {dagbag.py:545} INFO - Filling up the DagBag from /home/airflow/.local/lib/python3.10/site-packages/airflow/example_dags/example_python_operator.py
[2025-05-09T12:14:22.276+0000] {processor.py:840} INFO - DAG(s) 'example_python_operator' retrieved from /home/airflow/.local/lib/python3.10/site-packages/airflow/example_dags/example_python_operator.py
[2025-05-09T12:14:22.307+0000] {logging_mixin.py:188} INFO - [2025-05-09T12:14:22.307+0000] {dag.py:3096} INFO - Sync 1 DAGs
[2025-05-09T12:14:22.327+0000] {logging_mixin.py:188} INFO - [2025-05-09T12:14:22.326+0000] {dag.py:3954} INFO - Setting next_dagrun for example_python_operator to None, run_after=None
[2025-05-09T12:14:22.355+0000] {processor.py:183} INFO - Processing /home/airflow/.local/lib/python3.10/site-packages/airflow/example_dags/example_python_operator.py took 0.107 seconds
[2025-05-09T12:14:52.626+0000] {processor.py:161} INFO - Started process (PID=2472) to work on /home/airflow/.local/lib/python3.10/site-packages/airflow/example_dags/example_python_operator.py
[2025-05-09T12:14:52.627+0000] {processor.py:830} INFO - Processing file /home/airflow/.local/lib/python3.10/site-packages/airflow/example_dags/example_python_operator.py for tasks to queue
[2025-05-09T12:14:52.630+0000] {logging_mixin.py:188} INFO - [2025-05-09T12:14:52.629+0000] {dagbag.py:545} INFO - Filling up the DagBag from /home/airflow/.local/lib/python3.10/site-packages/airflow/example_dags/example_python_operator.py
[2025-05-09T12:14:52.644+0000] {processor.py:840} INFO - DAG(s) 'example_python_operator' retrieved from /home/airflow/.local/lib/python3.10/site-packages/airflow/example_dags/example_python_operator.py
[2025-05-09T12:14:52.682+0000] {logging_mixin.py:188} INFO - [2025-05-09T12:14:52.682+0000] {dag.py:3096} INFO - Sync 1 DAGs
[2025-05-09T12:14:52.702+0000] {logging_mixin.py:188} INFO - [2025-05-09T12:14:52.702+0000] {dag.py:3954} INFO - Setting next_dagrun for example_python_operator to None, run_after=None
[2025-05-09T12:14:52.729+0000] {processor.py:183} INFO - Processing /home/airflow/.local/lib/python3.10/site-packages/airflow/example_dags/example_python_operator.py took 0.114 seconds
[2025-05-09T12:15:23.163+0000] {processor.py:161} INFO - Started process (PID=2734) to work on /home/airflow/.local/lib/python3.10/site-packages/airflow/example_dags/example_python_operator.py
[2025-05-09T12:15:23.165+0000] {processor.py:830} INFO - Processing file /home/airflow/.local/lib/python3.10/site-packages/airflow/example_dags/example_python_operator.py for tasks to queue
[2025-05-09T12:15:23.167+0000] {logging_mixin.py:188} INFO - [2025-05-09T12:15:23.167+0000] {dagbag.py:545} INFO - Filling up the DagBag from /home/airflow/.local/lib/python3.10/site-packages/airflow/example_dags/example_python_operator.py
[2025-05-09T12:15:23.185+0000] {processor.py:840} INFO - DAG(s) 'example_python_operator' retrieved from /home/airflow/.local/lib/python3.10/site-packages/airflow/example_dags/example_python_operator.py
[2025-05-09T12:15:23.220+0000] {logging_mixin.py:188} INFO - [2025-05-09T12:15:23.220+0000] {dag.py:3096} INFO - Sync 1 DAGs
[2025-05-09T12:15:23.243+0000] {logging_mixin.py:188} INFO - [2025-05-09T12:15:23.243+0000] {dag.py:3954} INFO - Setting next_dagrun for example_python_operator to None, run_after=None
[2025-05-09T12:15:23.275+0000] {processor.py:183} INFO - Processing /home/airflow/.local/lib/python3.10/site-packages/airflow/example_dags/example_python_operator.py took 0.120 seconds
[2025-05-09T12:43:50.401+0000] {processor.py:161} INFO - Started process (PID=170) to work on /home/airflow/.local/lib/python3.10/site-packages/airflow/example_dags/example_python_operator.py
[2025-05-09T12:43:50.403+0000] {processor.py:830} INFO - Processing file /home/airflow/.local/lib/python3.10/site-packages/airflow/example_dags/example_python_operator.py for tasks to queue
[2025-05-09T12:43:50.406+0000] {logging_mixin.py:188} INFO - [2025-05-09T12:43:50.406+0000] {dagbag.py:545} INFO - Filling up the DagBag from /home/airflow/.local/lib/python3.10/site-packages/airflow/example_dags/example_python_operator.py
[2025-05-09T12:43:50.436+0000] {processor.py:840} INFO - DAG(s) 'example_python_operator' retrieved from /home/airflow/.local/lib/python3.10/site-packages/airflow/example_dags/example_python_operator.py
[2025-05-09T12:43:50.491+0000] {logging_mixin.py:188} INFO - [2025-05-09T12:43:50.491+0000] {dag.py:3096} INFO - Sync 1 DAGs
[2025-05-09T12:43:50.518+0000] {logging_mixin.py:188} INFO - [2025-05-09T12:43:50.517+0000] {dag.py:3954} INFO - Setting next_dagrun for example_python_operator to None, run_after=None
[2025-05-09T12:43:50.661+0000] {processor.py:183} INFO - Processing /home/airflow/.local/lib/python3.10/site-packages/airflow/example_dags/example_python_operator.py took 0.273 seconds
[2025-05-09T12:44:21.508+0000] {processor.py:161} INFO - Started process (PID=433) to work on /home/airflow/.local/lib/python3.10/site-packages/airflow/example_dags/example_python_operator.py
[2025-05-09T12:44:21.509+0000] {processor.py:830} INFO - Processing file /home/airflow/.local/lib/python3.10/site-packages/airflow/example_dags/example_python_operator.py for tasks to queue
[2025-05-09T12:44:21.515+0000] {logging_mixin.py:188} INFO - [2025-05-09T12:44:21.513+0000] {dagbag.py:545} INFO - Filling up the DagBag from /home/airflow/.local/lib/python3.10/site-packages/airflow/example_dags/example_python_operator.py
[2025-05-09T12:44:21.539+0000] {processor.py:840} INFO - DAG(s) 'example_python_operator' retrieved from /home/airflow/.local/lib/python3.10/site-packages/airflow/example_dags/example_python_operator.py
[2025-05-09T12:44:21.689+0000] {logging_mixin.py:188} INFO - [2025-05-09T12:44:21.689+0000] {dag.py:3096} INFO - Sync 1 DAGs
[2025-05-09T12:44:21.703+0000] {logging_mixin.py:188} INFO - [2025-05-09T12:44:21.702+0000] {dag.py:3954} INFO - Setting next_dagrun for example_python_operator to None, run_after=None
[2025-05-09T12:44:21.734+0000] {processor.py:183} INFO - Processing /home/airflow/.local/lib/python3.10/site-packages/airflow/example_dags/example_python_operator.py took 0.236 seconds
[2025-05-09T12:44:52.316+0000] {processor.py:161} INFO - Started process (PID=695) to work on /home/airflow/.local/lib/python3.10/site-packages/airflow/example_dags/example_python_operator.py
[2025-05-09T12:44:52.317+0000] {processor.py:830} INFO - Processing file /home/airflow/.local/lib/python3.10/site-packages/airflow/example_dags/example_python_operator.py for tasks to queue
[2025-05-09T12:44:52.319+0000] {logging_mixin.py:188} INFO - [2025-05-09T12:44:52.318+0000] {dagbag.py:545} INFO - Filling up the DagBag from /home/airflow/.local/lib/python3.10/site-packages/airflow/example_dags/example_python_operator.py
[2025-05-09T12:44:52.332+0000] {processor.py:840} INFO - DAG(s) 'example_python_operator' retrieved from /home/airflow/.local/lib/python3.10/site-packages/airflow/example_dags/example_python_operator.py
[2025-05-09T12:44:52.364+0000] {logging_mixin.py:188} INFO - [2025-05-09T12:44:52.364+0000] {dag.py:3096} INFO - Sync 1 DAGs
[2025-05-09T12:44:52.382+0000] {logging_mixin.py:188} INFO - [2025-05-09T12:44:52.381+0000] {dag.py:3954} INFO - Setting next_dagrun for example_python_operator to None, run_after=None
[2025-05-09T12:44:52.404+0000] {processor.py:183} INFO - Processing /home/airflow/.local/lib/python3.10/site-packages/airflow/example_dags/example_python_operator.py took 0.097 seconds
[2025-05-09T12:45:22.662+0000] {processor.py:161} INFO - Started process (PID=954) to work on /home/airflow/.local/lib/python3.10/site-packages/airflow/example_dags/example_python_operator.py
[2025-05-09T12:45:22.665+0000] {processor.py:830} INFO - Processing file /home/airflow/.local/lib/python3.10/site-packages/airflow/example_dags/example_python_operator.py for tasks to queue
[2025-05-09T12:45:22.669+0000] {logging_mixin.py:188} INFO - [2025-05-09T12:45:22.668+0000] {dagbag.py:545} INFO - Filling up the DagBag from /home/airflow/.local/lib/python3.10/site-packages/airflow/example_dags/example_python_operator.py
[2025-05-09T12:45:22.687+0000] {processor.py:840} INFO - DAG(s) 'example_python_operator' retrieved from /home/airflow/.local/lib/python3.10/site-packages/airflow/example_dags/example_python_operator.py
[2025-05-09T12:45:22.723+0000] {logging_mixin.py:188} INFO - [2025-05-09T12:45:22.722+0000] {dag.py:3096} INFO - Sync 1 DAGs
[2025-05-09T12:45:22.740+0000] {logging_mixin.py:188} INFO - [2025-05-09T12:45:22.740+0000] {dag.py:3954} INFO - Setting next_dagrun for example_python_operator to None, run_after=None
[2025-05-09T12:45:22.763+0000] {processor.py:183} INFO - Processing /home/airflow/.local/lib/python3.10/site-packages/airflow/example_dags/example_python_operator.py took 0.121 seconds
[2025-05-09T12:45:52.933+0000] {processor.py:161} INFO - Started process (PID=1216) to work on /home/airflow/.local/lib/python3.10/site-packages/airflow/example_dags/example_python_operator.py
[2025-05-09T12:45:52.934+0000] {processor.py:830} INFO - Processing file /home/airflow/.local/lib/python3.10/site-packages/airflow/example_dags/example_python_operator.py for tasks to queue
[2025-05-09T12:45:52.937+0000] {logging_mixin.py:188} INFO - [2025-05-09T12:45:52.937+0000] {dagbag.py:545} INFO - Filling up the DagBag from /home/airflow/.local/lib/python3.10/site-packages/airflow/example_dags/example_python_operator.py
[2025-05-09T12:45:52.950+0000] {processor.py:840} INFO - DAG(s) 'example_python_operator' retrieved from /home/airflow/.local/lib/python3.10/site-packages/airflow/example_dags/example_python_operator.py
[2025-05-09T12:45:52.985+0000] {logging_mixin.py:188} INFO - [2025-05-09T12:45:52.985+0000] {dag.py:3096} INFO - Sync 1 DAGs
[2025-05-09T12:45:53.003+0000] {logging_mixin.py:188} INFO - [2025-05-09T12:45:53.002+0000] {dag.py:3954} INFO - Setting next_dagrun for example_python_operator to None, run_after=None
[2025-05-09T12:45:53.039+0000] {processor.py:183} INFO - Processing /home/airflow/.local/lib/python3.10/site-packages/airflow/example_dags/example_python_operator.py took 0.117 seconds
[2025-05-09T12:46:23.155+0000] {processor.py:161} INFO - Started process (PID=1478) to work on /home/airflow/.local/lib/python3.10/site-packages/airflow/example_dags/example_python_operator.py
[2025-05-09T12:46:23.157+0000] {processor.py:830} INFO - Processing file /home/airflow/.local/lib/python3.10/site-packages/airflow/example_dags/example_python_operator.py for tasks to queue
[2025-05-09T12:46:23.159+0000] {logging_mixin.py:188} INFO - [2025-05-09T12:46:23.159+0000] {dagbag.py:545} INFO - Filling up the DagBag from /home/airflow/.local/lib/python3.10/site-packages/airflow/example_dags/example_python_operator.py
[2025-05-09T12:46:23.171+0000] {processor.py:840} INFO - DAG(s) 'example_python_operator' retrieved from /home/airflow/.local/lib/python3.10/site-packages/airflow/example_dags/example_python_operator.py
[2025-05-09T12:46:23.199+0000] {logging_mixin.py:188} INFO - [2025-05-09T12:46:23.198+0000] {dag.py:3096} INFO - Sync 1 DAGs
[2025-05-09T12:46:23.211+0000] {logging_mixin.py:188} INFO - [2025-05-09T12:46:23.211+0000] {dag.py:3954} INFO - Setting next_dagrun for example_python_operator to None, run_after=None
[2025-05-09T12:46:23.232+0000] {processor.py:183} INFO - Processing /home/airflow/.local/lib/python3.10/site-packages/airflow/example_dags/example_python_operator.py took 0.087 seconds
[2025-05-09T12:46:53.608+0000] {processor.py:161} INFO - Started process (PID=1740) to work on /home/airflow/.local/lib/python3.10/site-packages/airflow/example_dags/example_python_operator.py
[2025-05-09T12:46:53.609+0000] {processor.py:830} INFO - Processing file /home/airflow/.local/lib/python3.10/site-packages/airflow/example_dags/example_python_operator.py for tasks to queue
[2025-05-09T12:46:53.611+0000] {logging_mixin.py:188} INFO - [2025-05-09T12:46:53.611+0000] {dagbag.py:545} INFO - Filling up the DagBag from /home/airflow/.local/lib/python3.10/site-packages/airflow/example_dags/example_python_operator.py
[2025-05-09T12:46:53.625+0000] {processor.py:840} INFO - DAG(s) 'example_python_operator' retrieved from /home/airflow/.local/lib/python3.10/site-packages/airflow/example_dags/example_python_operator.py
[2025-05-09T12:46:53.655+0000] {logging_mixin.py:188} INFO - [2025-05-09T12:46:53.654+0000] {dag.py:3096} INFO - Sync 1 DAGs
[2025-05-09T12:46:53.670+0000] {logging_mixin.py:188} INFO - [2025-05-09T12:46:53.670+0000] {dag.py:3954} INFO - Setting next_dagrun for example_python_operator to None, run_after=None
[2025-05-09T12:46:53.693+0000] {processor.py:183} INFO - Processing /home/airflow/.local/lib/python3.10/site-packages/airflow/example_dags/example_python_operator.py took 0.095 seconds
[2025-05-09T12:47:24.582+0000] {processor.py:161} INFO - Started process (PID=2011) to work on /home/airflow/.local/lib/python3.10/site-packages/airflow/example_dags/example_python_operator.py
[2025-05-09T12:47:24.583+0000] {processor.py:830} INFO - Processing file /home/airflow/.local/lib/python3.10/site-packages/airflow/example_dags/example_python_operator.py for tasks to queue
[2025-05-09T12:47:24.585+0000] {logging_mixin.py:188} INFO - [2025-05-09T12:47:24.585+0000] {dagbag.py:545} INFO - Filling up the DagBag from /home/airflow/.local/lib/python3.10/site-packages/airflow/example_dags/example_python_operator.py
[2025-05-09T12:47:24.600+0000] {processor.py:840} INFO - DAG(s) 'example_python_operator' retrieved from /home/airflow/.local/lib/python3.10/site-packages/airflow/example_dags/example_python_operator.py
[2025-05-09T12:47:24.628+0000] {logging_mixin.py:188} INFO - [2025-05-09T12:47:24.627+0000] {dag.py:3096} INFO - Sync 1 DAGs
[2025-05-09T12:47:24.641+0000] {logging_mixin.py:188} INFO - [2025-05-09T12:47:24.641+0000] {dag.py:3954} INFO - Setting next_dagrun for example_python_operator to None, run_after=None
[2025-05-09T12:47:24.666+0000] {processor.py:183} INFO - Processing /home/airflow/.local/lib/python3.10/site-packages/airflow/example_dags/example_python_operator.py took 0.091 seconds
[2025-05-09T12:47:55.167+0000] {processor.py:161} INFO - Started process (PID=2273) to work on /home/airflow/.local/lib/python3.10/site-packages/airflow/example_dags/example_python_operator.py
[2025-05-09T12:47:55.169+0000] {processor.py:830} INFO - Processing file /home/airflow/.local/lib/python3.10/site-packages/airflow/example_dags/example_python_operator.py for tasks to queue
[2025-05-09T12:47:55.172+0000] {logging_mixin.py:188} INFO - [2025-05-09T12:47:55.172+0000] {dagbag.py:545} INFO - Filling up the DagBag from /home/airflow/.local/lib/python3.10/site-packages/airflow/example_dags/example_python_operator.py
[2025-05-09T12:47:55.191+0000] {processor.py:840} INFO - DAG(s) 'example_python_operator' retrieved from /home/airflow/.local/lib/python3.10/site-packages/airflow/example_dags/example_python_operator.py
[2025-05-09T12:47:55.229+0000] {logging_mixin.py:188} INFO - [2025-05-09T12:47:55.228+0000] {dag.py:3096} INFO - Sync 1 DAGs
[2025-05-09T12:47:55.247+0000] {logging_mixin.py:188} INFO - [2025-05-09T12:47:55.247+0000] {dag.py:3954} INFO - Setting next_dagrun for example_python_operator to None, run_after=None
[2025-05-09T12:47:55.282+0000] {processor.py:183} INFO - Processing /home/airflow/.local/lib/python3.10/site-packages/airflow/example_dags/example_python_operator.py took 0.123 seconds
[2025-05-09T12:48:25.458+0000] {processor.py:161} INFO - Started process (PID=2544) to work on /home/airflow/.local/lib/python3.10/site-packages/airflow/example_dags/example_python_operator.py
[2025-05-09T12:48:25.459+0000] {processor.py:830} INFO - Processing file /home/airflow/.local/lib/python3.10/site-packages/airflow/example_dags/example_python_operator.py for tasks to queue
[2025-05-09T12:48:25.462+0000] {logging_mixin.py:188} INFO - [2025-05-09T12:48:25.462+0000] {dagbag.py:545} INFO - Filling up the DagBag from /home/airflow/.local/lib/python3.10/site-packages/airflow/example_dags/example_python_operator.py
[2025-05-09T12:48:25.484+0000] {processor.py:840} INFO - DAG(s) 'example_python_operator' retrieved from /home/airflow/.local/lib/python3.10/site-packages/airflow/example_dags/example_python_operator.py
[2025-05-09T12:48:25.528+0000] {logging_mixin.py:188} INFO - [2025-05-09T12:48:25.527+0000] {dag.py:3096} INFO - Sync 1 DAGs
[2025-05-09T12:48:25.549+0000] {logging_mixin.py:188} INFO - [2025-05-09T12:48:25.548+0000] {dag.py:3954} INFO - Setting next_dagrun for example_python_operator to None, run_after=None
[2025-05-09T12:48:25.576+0000] {processor.py:183} INFO - Processing /home/airflow/.local/lib/python3.10/site-packages/airflow/example_dags/example_python_operator.py took 0.128 seconds
[2025-05-09T12:48:56.390+0000] {processor.py:161} INFO - Started process (PID=2806) to work on /home/airflow/.local/lib/python3.10/site-packages/airflow/example_dags/example_python_operator.py
[2025-05-09T12:48:56.392+0000] {processor.py:830} INFO - Processing file /home/airflow/.local/lib/python3.10/site-packages/airflow/example_dags/example_python_operator.py for tasks to queue
[2025-05-09T12:48:56.395+0000] {logging_mixin.py:188} INFO - [2025-05-09T12:48:56.394+0000] {dagbag.py:545} INFO - Filling up the DagBag from /home/airflow/.local/lib/python3.10/site-packages/airflow/example_dags/example_python_operator.py
[2025-05-09T12:48:56.410+0000] {processor.py:840} INFO - DAG(s) 'example_python_operator' retrieved from /home/airflow/.local/lib/python3.10/site-packages/airflow/example_dags/example_python_operator.py
[2025-05-09T12:48:56.442+0000] {logging_mixin.py:188} INFO - [2025-05-09T12:48:56.442+0000] {dag.py:3096} INFO - Sync 1 DAGs
[2025-05-09T12:48:56.458+0000] {logging_mixin.py:188} INFO - [2025-05-09T12:48:56.457+0000] {dag.py:3954} INFO - Setting next_dagrun for example_python_operator to None, run_after=None
[2025-05-09T12:48:56.481+0000] {processor.py:183} INFO - Processing /home/airflow/.local/lib/python3.10/site-packages/airflow/example_dags/example_python_operator.py took 0.101 seconds
[2025-05-09T12:49:26.768+0000] {processor.py:161} INFO - Started process (PID=3068) to work on /home/airflow/.local/lib/python3.10/site-packages/airflow/example_dags/example_python_operator.py
[2025-05-09T12:49:26.770+0000] {processor.py:830} INFO - Processing file /home/airflow/.local/lib/python3.10/site-packages/airflow/example_dags/example_python_operator.py for tasks to queue
[2025-05-09T12:49:26.773+0000] {logging_mixin.py:188} INFO - [2025-05-09T12:49:26.773+0000] {dagbag.py:545} INFO - Filling up the DagBag from /home/airflow/.local/lib/python3.10/site-packages/airflow/example_dags/example_python_operator.py
[2025-05-09T12:49:26.785+0000] {processor.py:840} INFO - DAG(s) 'example_python_operator' retrieved from /home/airflow/.local/lib/python3.10/site-packages/airflow/example_dags/example_python_operator.py
[2025-05-09T12:49:26.814+0000] {logging_mixin.py:188} INFO - [2025-05-09T12:49:26.813+0000] {dag.py:3096} INFO - Sync 1 DAGs
[2025-05-09T12:49:26.827+0000] {logging_mixin.py:188} INFO - [2025-05-09T12:49:26.827+0000] {dag.py:3954} INFO - Setting next_dagrun for example_python_operator to None, run_after=None
[2025-05-09T12:49:26.852+0000] {processor.py:183} INFO - Processing /home/airflow/.local/lib/python3.10/site-packages/airflow/example_dags/example_python_operator.py took 0.092 seconds
[2025-05-09T12:49:57.592+0000] {processor.py:161} INFO - Started process (PID=3330) to work on /home/airflow/.local/lib/python3.10/site-packages/airflow/example_dags/example_python_operator.py
[2025-05-09T12:49:57.594+0000] {processor.py:830} INFO - Processing file /home/airflow/.local/lib/python3.10/site-packages/airflow/example_dags/example_python_operator.py for tasks to queue
[2025-05-09T12:49:57.598+0000] {logging_mixin.py:188} INFO - [2025-05-09T12:49:57.597+0000] {dagbag.py:545} INFO - Filling up the DagBag from /home/airflow/.local/lib/python3.10/site-packages/airflow/example_dags/example_python_operator.py
[2025-05-09T12:49:57.635+0000] {processor.py:840} INFO - DAG(s) 'example_python_operator' retrieved from /home/airflow/.local/lib/python3.10/site-packages/airflow/example_dags/example_python_operator.py
[2025-05-09T12:49:57.698+0000] {logging_mixin.py:188} INFO - [2025-05-09T12:49:57.697+0000] {dag.py:3096} INFO - Sync 1 DAGs
[2025-05-09T12:49:57.742+0000] {logging_mixin.py:188} INFO - [2025-05-09T12:49:57.742+0000] {dag.py:3954} INFO - Setting next_dagrun for example_python_operator to None, run_after=None
[2025-05-09T12:49:57.779+0000] {processor.py:183} INFO - Processing /home/airflow/.local/lib/python3.10/site-packages/airflow/example_dags/example_python_operator.py took 0.194 seconds
[2025-05-09T12:50:27.917+0000] {processor.py:161} INFO - Started process (PID=3601) to work on /home/airflow/.local/lib/python3.10/site-packages/airflow/example_dags/example_python_operator.py
[2025-05-09T12:50:27.919+0000] {processor.py:830} INFO - Processing file /home/airflow/.local/lib/python3.10/site-packages/airflow/example_dags/example_python_operator.py for tasks to queue
[2025-05-09T12:50:27.922+0000] {logging_mixin.py:188} INFO - [2025-05-09T12:50:27.921+0000] {dagbag.py:545} INFO - Filling up the DagBag from /home/airflow/.local/lib/python3.10/site-packages/airflow/example_dags/example_python_operator.py
[2025-05-09T12:50:27.937+0000] {processor.py:840} INFO - DAG(s) 'example_python_operator' retrieved from /home/airflow/.local/lib/python3.10/site-packages/airflow/example_dags/example_python_operator.py
[2025-05-09T12:50:27.971+0000] {logging_mixin.py:188} INFO - [2025-05-09T12:50:27.971+0000] {dag.py:3096} INFO - Sync 1 DAGs
[2025-05-09T12:50:27.987+0000] {logging_mixin.py:188} INFO - [2025-05-09T12:50:27.987+0000] {dag.py:3954} INFO - Setting next_dagrun for example_python_operator to None, run_after=None
[2025-05-09T12:50:28.018+0000] {processor.py:183} INFO - Processing /home/airflow/.local/lib/python3.10/site-packages/airflow/example_dags/example_python_operator.py took 0.109 seconds
[2025-05-09T12:50:58.103+0000] {processor.py:161} INFO - Started process (PID=3863) to work on /home/airflow/.local/lib/python3.10/site-packages/airflow/example_dags/example_python_operator.py
[2025-05-09T12:50:58.104+0000] {processor.py:830} INFO - Processing file /home/airflow/.local/lib/python3.10/site-packages/airflow/example_dags/example_python_operator.py for tasks to queue
[2025-05-09T12:50:58.108+0000] {logging_mixin.py:188} INFO - [2025-05-09T12:50:58.107+0000] {dagbag.py:545} INFO - Filling up the DagBag from /home/airflow/.local/lib/python3.10/site-packages/airflow/example_dags/example_python_operator.py
[2025-05-09T12:50:58.123+0000] {processor.py:840} INFO - DAG(s) 'example_python_operator' retrieved from /home/airflow/.local/lib/python3.10/site-packages/airflow/example_dags/example_python_operator.py
[2025-05-09T12:50:58.165+0000] {logging_mixin.py:188} INFO - [2025-05-09T12:50:58.164+0000] {dag.py:3096} INFO - Sync 1 DAGs
[2025-05-09T12:50:58.186+0000] {logging_mixin.py:188} INFO - [2025-05-09T12:50:58.185+0000] {dag.py:3954} INFO - Setting next_dagrun for example_python_operator to None, run_after=None
[2025-05-09T12:50:58.222+0000] {processor.py:183} INFO - Processing /home/airflow/.local/lib/python3.10/site-packages/airflow/example_dags/example_python_operator.py took 0.127 seconds
[2025-05-09T12:52:19.909+0000] {processor.py:161} INFO - Started process (PID=171) to work on /home/airflow/.local/lib/python3.10/site-packages/airflow/example_dags/example_python_operator.py
[2025-05-09T12:52:19.913+0000] {processor.py:830} INFO - Processing file /home/airflow/.local/lib/python3.10/site-packages/airflow/example_dags/example_python_operator.py for tasks to queue
[2025-05-09T12:52:19.918+0000] {logging_mixin.py:188} INFO - [2025-05-09T12:52:19.918+0000] {dagbag.py:545} INFO - Filling up the DagBag from /home/airflow/.local/lib/python3.10/site-packages/airflow/example_dags/example_python_operator.py
[2025-05-09T12:52:19.956+0000] {processor.py:840} INFO - DAG(s) 'example_python_operator' retrieved from /home/airflow/.local/lib/python3.10/site-packages/airflow/example_dags/example_python_operator.py
[2025-05-09T12:52:20.025+0000] {logging_mixin.py:188} INFO - [2025-05-09T12:52:20.024+0000] {dag.py:3096} INFO - Sync 1 DAGs
[2025-05-09T12:52:20.055+0000] {logging_mixin.py:188} INFO - [2025-05-09T12:52:20.055+0000] {dag.py:3954} INFO - Setting next_dagrun for example_python_operator to None, run_after=None
[2025-05-09T12:52:20.100+0000] {processor.py:183} INFO - Processing /home/airflow/.local/lib/python3.10/site-packages/airflow/example_dags/example_python_operator.py took 0.209 seconds
[2025-05-09T12:52:50.240+0000] {processor.py:161} INFO - Started process (PID=433) to work on /home/airflow/.local/lib/python3.10/site-packages/airflow/example_dags/example_python_operator.py
[2025-05-09T12:52:50.241+0000] {processor.py:830} INFO - Processing file /home/airflow/.local/lib/python3.10/site-packages/airflow/example_dags/example_python_operator.py for tasks to queue
[2025-05-09T12:52:50.243+0000] {logging_mixin.py:188} INFO - [2025-05-09T12:52:50.243+0000] {dagbag.py:545} INFO - Filling up the DagBag from /home/airflow/.local/lib/python3.10/site-packages/airflow/example_dags/example_python_operator.py
[2025-05-09T12:52:50.255+0000] {processor.py:840} INFO - DAG(s) 'example_python_operator' retrieved from /home/airflow/.local/lib/python3.10/site-packages/airflow/example_dags/example_python_operator.py
[2025-05-09T12:52:50.358+0000] {logging_mixin.py:188} INFO - [2025-05-09T12:52:50.358+0000] {dag.py:3096} INFO - Sync 1 DAGs
[2025-05-09T12:52:50.370+0000] {logging_mixin.py:188} INFO - [2025-05-09T12:52:50.370+0000] {dag.py:3954} INFO - Setting next_dagrun for example_python_operator to None, run_after=None
[2025-05-09T12:52:50.389+0000] {processor.py:183} INFO - Processing /home/airflow/.local/lib/python3.10/site-packages/airflow/example_dags/example_python_operator.py took 0.157 seconds
[2025-05-09T12:53:21.139+0000] {processor.py:161} INFO - Started process (PID=695) to work on /home/airflow/.local/lib/python3.10/site-packages/airflow/example_dags/example_python_operator.py
[2025-05-09T12:53:21.141+0000] {processor.py:830} INFO - Processing file /home/airflow/.local/lib/python3.10/site-packages/airflow/example_dags/example_python_operator.py for tasks to queue
[2025-05-09T12:53:21.143+0000] {logging_mixin.py:188} INFO - [2025-05-09T12:53:21.142+0000] {dagbag.py:545} INFO - Filling up the DagBag from /home/airflow/.local/lib/python3.10/site-packages/airflow/example_dags/example_python_operator.py
[2025-05-09T12:53:21.151+0000] {processor.py:840} INFO - DAG(s) 'example_python_operator' retrieved from /home/airflow/.local/lib/python3.10/site-packages/airflow/example_dags/example_python_operator.py
[2025-05-09T12:53:21.175+0000] {logging_mixin.py:188} INFO - [2025-05-09T12:53:21.175+0000] {dag.py:3096} INFO - Sync 1 DAGs
[2025-05-09T12:53:21.186+0000] {logging_mixin.py:188} INFO - [2025-05-09T12:53:21.186+0000] {dag.py:3954} INFO - Setting next_dagrun for example_python_operator to None, run_after=None
[2025-05-09T12:53:21.206+0000] {processor.py:183} INFO - Processing /home/airflow/.local/lib/python3.10/site-packages/airflow/example_dags/example_python_operator.py took 0.073 seconds
[2025-05-09T12:53:51.825+0000] {processor.py:161} INFO - Started process (PID=960) to work on /home/airflow/.local/lib/python3.10/site-packages/airflow/example_dags/example_python_operator.py
[2025-05-09T12:53:51.827+0000] {processor.py:830} INFO - Processing file /home/airflow/.local/lib/python3.10/site-packages/airflow/example_dags/example_python_operator.py for tasks to queue
[2025-05-09T12:53:51.835+0000] {logging_mixin.py:188} INFO - [2025-05-09T12:53:51.834+0000] {dagbag.py:545} INFO - Filling up the DagBag from /home/airflow/.local/lib/python3.10/site-packages/airflow/example_dags/example_python_operator.py
[2025-05-09T12:53:51.858+0000] {processor.py:840} INFO - DAG(s) 'example_python_operator' retrieved from /home/airflow/.local/lib/python3.10/site-packages/airflow/example_dags/example_python_operator.py
[2025-05-09T12:53:51.892+0000] {logging_mixin.py:188} INFO - [2025-05-09T12:53:51.891+0000] {dag.py:3096} INFO - Sync 1 DAGs
[2025-05-09T12:53:51.904+0000] {logging_mixin.py:188} INFO - [2025-05-09T12:53:51.903+0000] {dag.py:3954} INFO - Setting next_dagrun for example_python_operator to None, run_after=None
[2025-05-09T12:53:51.933+0000] {processor.py:183} INFO - Processing /home/airflow/.local/lib/python3.10/site-packages/airflow/example_dags/example_python_operator.py took 0.114 seconds
[2025-05-09T12:54:22.402+0000] {processor.py:161} INFO - Started process (PID=1222) to work on /home/airflow/.local/lib/python3.10/site-packages/airflow/example_dags/example_python_operator.py
[2025-05-09T12:54:22.403+0000] {processor.py:830} INFO - Processing file /home/airflow/.local/lib/python3.10/site-packages/airflow/example_dags/example_python_operator.py for tasks to queue
[2025-05-09T12:54:22.405+0000] {logging_mixin.py:188} INFO - [2025-05-09T12:54:22.405+0000] {dagbag.py:545} INFO - Filling up the DagBag from /home/airflow/.local/lib/python3.10/site-packages/airflow/example_dags/example_python_operator.py
[2025-05-09T12:54:22.415+0000] {processor.py:840} INFO - DAG(s) 'example_python_operator' retrieved from /home/airflow/.local/lib/python3.10/site-packages/airflow/example_dags/example_python_operator.py
[2025-05-09T12:54:22.437+0000] {logging_mixin.py:188} INFO - [2025-05-09T12:54:22.437+0000] {dag.py:3096} INFO - Sync 1 DAGs
[2025-05-09T12:54:22.448+0000] {logging_mixin.py:188} INFO - [2025-05-09T12:54:22.448+0000] {dag.py:3954} INFO - Setting next_dagrun for example_python_operator to None, run_after=None
[2025-05-09T12:54:22.469+0000] {processor.py:183} INFO - Processing /home/airflow/.local/lib/python3.10/site-packages/airflow/example_dags/example_python_operator.py took 0.074 seconds
[2025-05-09T12:54:53.060+0000] {processor.py:161} INFO - Started process (PID=1484) to work on /home/airflow/.local/lib/python3.10/site-packages/airflow/example_dags/example_python_operator.py
[2025-05-09T12:54:53.062+0000] {processor.py:830} INFO - Processing file /home/airflow/.local/lib/python3.10/site-packages/airflow/example_dags/example_python_operator.py for tasks to queue
[2025-05-09T12:54:53.064+0000] {logging_mixin.py:188} INFO - [2025-05-09T12:54:53.064+0000] {dagbag.py:545} INFO - Filling up the DagBag from /home/airflow/.local/lib/python3.10/site-packages/airflow/example_dags/example_python_operator.py
[2025-05-09T12:54:53.076+0000] {processor.py:840} INFO - DAG(s) 'example_python_operator' retrieved from /home/airflow/.local/lib/python3.10/site-packages/airflow/example_dags/example_python_operator.py
[2025-05-09T12:54:53.104+0000] {logging_mixin.py:188} INFO - [2025-05-09T12:54:53.103+0000] {dag.py:3096} INFO - Sync 1 DAGs
[2025-05-09T12:54:53.119+0000] {logging_mixin.py:188} INFO - [2025-05-09T12:54:53.118+0000] {dag.py:3954} INFO - Setting next_dagrun for example_python_operator to None, run_after=None
[2025-05-09T12:54:53.146+0000] {processor.py:183} INFO - Processing /home/airflow/.local/lib/python3.10/site-packages/airflow/example_dags/example_python_operator.py took 0.093 seconds
[2025-05-09T12:55:23.370+0000] {processor.py:161} INFO - Started process (PID=1749) to work on /home/airflow/.local/lib/python3.10/site-packages/airflow/example_dags/example_python_operator.py
[2025-05-09T12:55:23.371+0000] {processor.py:830} INFO - Processing file /home/airflow/.local/lib/python3.10/site-packages/airflow/example_dags/example_python_operator.py for tasks to queue
[2025-05-09T12:55:23.373+0000] {logging_mixin.py:188} INFO - [2025-05-09T12:55:23.373+0000] {dagbag.py:545} INFO - Filling up the DagBag from /home/airflow/.local/lib/python3.10/site-packages/airflow/example_dags/example_python_operator.py
[2025-05-09T12:55:23.383+0000] {processor.py:840} INFO - DAG(s) 'example_python_operator' retrieved from /home/airflow/.local/lib/python3.10/site-packages/airflow/example_dags/example_python_operator.py
[2025-05-09T12:55:23.408+0000] {logging_mixin.py:188} INFO - [2025-05-09T12:55:23.407+0000] {dag.py:3096} INFO - Sync 1 DAGs
[2025-05-09T12:55:23.419+0000] {logging_mixin.py:188} INFO - [2025-05-09T12:55:23.419+0000] {dag.py:3954} INFO - Setting next_dagrun for example_python_operator to None, run_after=None
[2025-05-09T12:55:23.439+0000] {processor.py:183} INFO - Processing /home/airflow/.local/lib/python3.10/site-packages/airflow/example_dags/example_python_operator.py took 0.075 seconds
[2025-05-09T12:57:13.063+0000] {processor.py:161} INFO - Started process (PID=172) to work on /home/airflow/.local/lib/python3.10/site-packages/airflow/example_dags/example_python_operator.py
[2025-05-09T12:57:13.066+0000] {processor.py:830} INFO - Processing file /home/airflow/.local/lib/python3.10/site-packages/airflow/example_dags/example_python_operator.py for tasks to queue
[2025-05-09T12:57:13.070+0000] {logging_mixin.py:188} INFO - [2025-05-09T12:57:13.069+0000] {dagbag.py:545} INFO - Filling up the DagBag from /home/airflow/.local/lib/python3.10/site-packages/airflow/example_dags/example_python_operator.py
[2025-05-09T12:57:13.101+0000] {processor.py:840} INFO - DAG(s) 'example_python_operator' retrieved from /home/airflow/.local/lib/python3.10/site-packages/airflow/example_dags/example_python_operator.py
[2025-05-09T12:57:13.162+0000] {logging_mixin.py:188} INFO - [2025-05-09T12:57:13.161+0000] {dag.py:3096} INFO - Sync 1 DAGs
[2025-05-09T12:57:13.190+0000] {logging_mixin.py:188} INFO - [2025-05-09T12:57:13.190+0000] {dag.py:3954} INFO - Setting next_dagrun for example_python_operator to None, run_after=None
[2025-05-09T12:57:13.235+0000] {processor.py:183} INFO - Processing /home/airflow/.local/lib/python3.10/site-packages/airflow/example_dags/example_python_operator.py took 0.182 seconds
[2025-05-09T12:57:43.890+0000] {processor.py:161} INFO - Started process (PID=431) to work on /home/airflow/.local/lib/python3.10/site-packages/airflow/example_dags/example_python_operator.py
[2025-05-09T12:57:43.892+0000] {processor.py:830} INFO - Processing file /home/airflow/.local/lib/python3.10/site-packages/airflow/example_dags/example_python_operator.py for tasks to queue
[2025-05-09T12:57:43.895+0000] {logging_mixin.py:188} INFO - [2025-05-09T12:57:43.895+0000] {dagbag.py:545} INFO - Filling up the DagBag from /home/airflow/.local/lib/python3.10/site-packages/airflow/example_dags/example_python_operator.py
[2025-05-09T12:57:43.906+0000] {processor.py:840} INFO - DAG(s) 'example_python_operator' retrieved from /home/airflow/.local/lib/python3.10/site-packages/airflow/example_dags/example_python_operator.py
[2025-05-09T12:57:44.011+0000] {logging_mixin.py:188} INFO - [2025-05-09T12:57:44.011+0000] {dag.py:3096} INFO - Sync 1 DAGs
[2025-05-09T12:57:44.022+0000] {logging_mixin.py:188} INFO - [2025-05-09T12:57:44.021+0000] {dag.py:3954} INFO - Setting next_dagrun for example_python_operator to None, run_after=None
[2025-05-09T12:57:44.048+0000] {processor.py:183} INFO - Processing /home/airflow/.local/lib/python3.10/site-packages/airflow/example_dags/example_python_operator.py took 0.165 seconds
[2025-05-09T12:58:14.310+0000] {processor.py:161} INFO - Started process (PID=693) to work on /home/airflow/.local/lib/python3.10/site-packages/airflow/example_dags/example_python_operator.py
[2025-05-09T12:58:14.313+0000] {processor.py:830} INFO - Processing file /home/airflow/.local/lib/python3.10/site-packages/airflow/example_dags/example_python_operator.py for tasks to queue
[2025-05-09T12:58:14.316+0000] {logging_mixin.py:188} INFO - [2025-05-09T12:58:14.316+0000] {dagbag.py:545} INFO - Filling up the DagBag from /home/airflow/.local/lib/python3.10/site-packages/airflow/example_dags/example_python_operator.py
[2025-05-09T12:58:14.325+0000] {processor.py:840} INFO - DAG(s) 'example_python_operator' retrieved from /home/airflow/.local/lib/python3.10/site-packages/airflow/example_dags/example_python_operator.py
[2025-05-09T12:58:14.351+0000] {logging_mixin.py:188} INFO - [2025-05-09T12:58:14.350+0000] {dag.py:3096} INFO - Sync 1 DAGs
[2025-05-09T12:58:14.365+0000] {logging_mixin.py:188} INFO - [2025-05-09T12:58:14.365+0000] {dag.py:3954} INFO - Setting next_dagrun for example_python_operator to None, run_after=None
[2025-05-09T12:58:14.393+0000] {processor.py:183} INFO - Processing /home/airflow/.local/lib/python3.10/site-packages/airflow/example_dags/example_python_operator.py took 0.088 seconds
[2025-05-09T12:58:45.341+0000] {processor.py:161} INFO - Started process (PID=958) to work on /home/airflow/.local/lib/python3.10/site-packages/airflow/example_dags/example_python_operator.py
[2025-05-09T12:58:45.341+0000] {processor.py:830} INFO - Processing file /home/airflow/.local/lib/python3.10/site-packages/airflow/example_dags/example_python_operator.py for tasks to queue
[2025-05-09T12:58:45.344+0000] {logging_mixin.py:188} INFO - [2025-05-09T12:58:45.344+0000] {dagbag.py:545} INFO - Filling up the DagBag from /home/airflow/.local/lib/python3.10/site-packages/airflow/example_dags/example_python_operator.py
[2025-05-09T12:58:45.355+0000] {processor.py:840} INFO - DAG(s) 'example_python_operator' retrieved from /home/airflow/.local/lib/python3.10/site-packages/airflow/example_dags/example_python_operator.py
[2025-05-09T12:58:45.378+0000] {logging_mixin.py:188} INFO - [2025-05-09T12:58:45.378+0000] {dag.py:3096} INFO - Sync 1 DAGs
[2025-05-09T12:58:45.392+0000] {logging_mixin.py:188} INFO - [2025-05-09T12:58:45.392+0000] {dag.py:3954} INFO - Setting next_dagrun for example_python_operator to None, run_after=None
[2025-05-09T12:58:45.420+0000] {processor.py:183} INFO - Processing /home/airflow/.local/lib/python3.10/site-packages/airflow/example_dags/example_python_operator.py took 0.085 seconds
[2025-05-09T12:59:15.737+0000] {processor.py:161} INFO - Started process (PID=1217) to work on /home/airflow/.local/lib/python3.10/site-packages/airflow/example_dags/example_python_operator.py
[2025-05-09T12:59:15.739+0000] {processor.py:830} INFO - Processing file /home/airflow/.local/lib/python3.10/site-packages/airflow/example_dags/example_python_operator.py for tasks to queue
[2025-05-09T12:59:15.743+0000] {logging_mixin.py:188} INFO - [2025-05-09T12:59:15.742+0000] {dagbag.py:545} INFO - Filling up the DagBag from /home/airflow/.local/lib/python3.10/site-packages/airflow/example_dags/example_python_operator.py
[2025-05-09T12:59:15.757+0000] {processor.py:840} INFO - DAG(s) 'example_python_operator' retrieved from /home/airflow/.local/lib/python3.10/site-packages/airflow/example_dags/example_python_operator.py
[2025-05-09T12:59:15.791+0000] {logging_mixin.py:188} INFO - [2025-05-09T12:59:15.791+0000] {dag.py:3096} INFO - Sync 1 DAGs
[2025-05-09T12:59:15.807+0000] {logging_mixin.py:188} INFO - [2025-05-09T12:59:15.807+0000] {dag.py:3954} INFO - Setting next_dagrun for example_python_operator to None, run_after=None
[2025-05-09T12:59:15.832+0000] {processor.py:183} INFO - Processing /home/airflow/.local/lib/python3.10/site-packages/airflow/example_dags/example_python_operator.py took 0.103 seconds
[2025-05-09T12:59:46.202+0000] {processor.py:161} INFO - Started process (PID=1479) to work on /home/airflow/.local/lib/python3.10/site-packages/airflow/example_dags/example_python_operator.py
[2025-05-09T12:59:46.204+0000] {processor.py:830} INFO - Processing file /home/airflow/.local/lib/python3.10/site-packages/airflow/example_dags/example_python_operator.py for tasks to queue
[2025-05-09T12:59:46.207+0000] {logging_mixin.py:188} INFO - [2025-05-09T12:59:46.206+0000] {dagbag.py:545} INFO - Filling up the DagBag from /home/airflow/.local/lib/python3.10/site-packages/airflow/example_dags/example_python_operator.py
[2025-05-09T12:59:46.221+0000] {processor.py:840} INFO - DAG(s) 'example_python_operator' retrieved from /home/airflow/.local/lib/python3.10/site-packages/airflow/example_dags/example_python_operator.py
[2025-05-09T12:59:46.247+0000] {logging_mixin.py:188} INFO - [2025-05-09T12:59:46.247+0000] {dag.py:3096} INFO - Sync 1 DAGs
[2025-05-09T12:59:46.260+0000] {logging_mixin.py:188} INFO - [2025-05-09T12:59:46.260+0000] {dag.py:3954} INFO - Setting next_dagrun for example_python_operator to None, run_after=None
[2025-05-09T12:59:46.287+0000] {processor.py:183} INFO - Processing /home/airflow/.local/lib/python3.10/site-packages/airflow/example_dags/example_python_operator.py took 0.093 seconds
[2025-05-09T13:00:16.468+0000] {processor.py:161} INFO - Started process (PID=1755) to work on /home/airflow/.local/lib/python3.10/site-packages/airflow/example_dags/example_python_operator.py
[2025-05-09T13:00:16.469+0000] {processor.py:830} INFO - Processing file /home/airflow/.local/lib/python3.10/site-packages/airflow/example_dags/example_python_operator.py for tasks to queue
[2025-05-09T13:00:16.471+0000] {logging_mixin.py:188} INFO - [2025-05-09T13:00:16.471+0000] {dagbag.py:545} INFO - Filling up the DagBag from /home/airflow/.local/lib/python3.10/site-packages/airflow/example_dags/example_python_operator.py
[2025-05-09T13:00:16.481+0000] {processor.py:840} INFO - DAG(s) 'example_python_operator' retrieved from /home/airflow/.local/lib/python3.10/site-packages/airflow/example_dags/example_python_operator.py
[2025-05-09T13:00:16.502+0000] {logging_mixin.py:188} INFO - [2025-05-09T13:00:16.502+0000] {dag.py:3096} INFO - Sync 1 DAGs
[2025-05-09T13:00:16.513+0000] {logging_mixin.py:188} INFO - [2025-05-09T13:00:16.513+0000] {dag.py:3954} INFO - Setting next_dagrun for example_python_operator to None, run_after=None
[2025-05-09T13:00:16.531+0000] {processor.py:183} INFO - Processing /home/airflow/.local/lib/python3.10/site-packages/airflow/example_dags/example_python_operator.py took 0.069 seconds
[2025-05-09T13:00:46.599+0000] {processor.py:161} INFO - Started process (PID=2012) to work on /home/airflow/.local/lib/python3.10/site-packages/airflow/example_dags/example_python_operator.py
[2025-05-09T13:00:46.600+0000] {processor.py:830} INFO - Processing file /home/airflow/.local/lib/python3.10/site-packages/airflow/example_dags/example_python_operator.py for tasks to queue
[2025-05-09T13:00:46.602+0000] {logging_mixin.py:188} INFO - [2025-05-09T13:00:46.602+0000] {dagbag.py:545} INFO - Filling up the DagBag from /home/airflow/.local/lib/python3.10/site-packages/airflow/example_dags/example_python_operator.py
[2025-05-09T13:00:46.613+0000] {processor.py:840} INFO - DAG(s) 'example_python_operator' retrieved from /home/airflow/.local/lib/python3.10/site-packages/airflow/example_dags/example_python_operator.py
[2025-05-09T13:00:46.637+0000] {logging_mixin.py:188} INFO - [2025-05-09T13:00:46.637+0000] {dag.py:3096} INFO - Sync 1 DAGs
[2025-05-09T13:00:46.648+0000] {logging_mixin.py:188} INFO - [2025-05-09T13:00:46.648+0000] {dag.py:3954} INFO - Setting next_dagrun for example_python_operator to None, run_after=None
[2025-05-09T13:00:46.682+0000] {processor.py:183} INFO - Processing /home/airflow/.local/lib/python3.10/site-packages/airflow/example_dags/example_python_operator.py took 0.090 seconds
[2025-05-09T13:01:17.445+0000] {processor.py:161} INFO - Started process (PID=2274) to work on /home/airflow/.local/lib/python3.10/site-packages/airflow/example_dags/example_python_operator.py
[2025-05-09T13:01:17.446+0000] {processor.py:830} INFO - Processing file /home/airflow/.local/lib/python3.10/site-packages/airflow/example_dags/example_python_operator.py for tasks to queue
[2025-05-09T13:01:17.449+0000] {logging_mixin.py:188} INFO - [2025-05-09T13:01:17.448+0000] {dagbag.py:545} INFO - Filling up the DagBag from /home/airflow/.local/lib/python3.10/site-packages/airflow/example_dags/example_python_operator.py
[2025-05-09T13:01:17.465+0000] {processor.py:840} INFO - DAG(s) 'example_python_operator' retrieved from /home/airflow/.local/lib/python3.10/site-packages/airflow/example_dags/example_python_operator.py
[2025-05-09T13:01:17.492+0000] {logging_mixin.py:188} INFO - [2025-05-09T13:01:17.492+0000] {dag.py:3096} INFO - Sync 1 DAGs
[2025-05-09T13:01:17.507+0000] {logging_mixin.py:188} INFO - [2025-05-09T13:01:17.507+0000] {dag.py:3954} INFO - Setting next_dagrun for example_python_operator to None, run_after=None
[2025-05-09T13:01:17.542+0000] {processor.py:183} INFO - Processing /home/airflow/.local/lib/python3.10/site-packages/airflow/example_dags/example_python_operator.py took 0.108 seconds
[2025-05-09T13:01:47.770+0000] {processor.py:161} INFO - Started process (PID=2536) to work on /home/airflow/.local/lib/python3.10/site-packages/airflow/example_dags/example_python_operator.py
[2025-05-09T13:01:47.771+0000] {processor.py:830} INFO - Processing file /home/airflow/.local/lib/python3.10/site-packages/airflow/example_dags/example_python_operator.py for tasks to queue
[2025-05-09T13:01:47.774+0000] {logging_mixin.py:188} INFO - [2025-05-09T13:01:47.773+0000] {dagbag.py:545} INFO - Filling up the DagBag from /home/airflow/.local/lib/python3.10/site-packages/airflow/example_dags/example_python_operator.py
[2025-05-09T13:01:47.787+0000] {processor.py:840} INFO - DAG(s) 'example_python_operator' retrieved from /home/airflow/.local/lib/python3.10/site-packages/airflow/example_dags/example_python_operator.py
[2025-05-09T13:01:47.820+0000] {logging_mixin.py:188} INFO - [2025-05-09T13:01:47.820+0000] {dag.py:3096} INFO - Sync 1 DAGs
[2025-05-09T13:01:47.836+0000] {logging_mixin.py:188} INFO - [2025-05-09T13:01:47.836+0000] {dag.py:3954} INFO - Setting next_dagrun for example_python_operator to None, run_after=None
[2025-05-09T13:01:47.871+0000] {processor.py:183} INFO - Processing /home/airflow/.local/lib/python3.10/site-packages/airflow/example_dags/example_python_operator.py took 0.111 seconds
[2025-05-09T13:02:18.220+0000] {processor.py:161} INFO - Started process (PID=2798) to work on /home/airflow/.local/lib/python3.10/site-packages/airflow/example_dags/example_python_operator.py
[2025-05-09T13:02:18.222+0000] {processor.py:830} INFO - Processing file /home/airflow/.local/lib/python3.10/site-packages/airflow/example_dags/example_python_operator.py for tasks to queue
[2025-05-09T13:02:18.224+0000] {logging_mixin.py:188} INFO - [2025-05-09T13:02:18.223+0000] {dagbag.py:545} INFO - Filling up the DagBag from /home/airflow/.local/lib/python3.10/site-packages/airflow/example_dags/example_python_operator.py
[2025-05-09T13:02:18.236+0000] {processor.py:840} INFO - DAG(s) 'example_python_operator' retrieved from /home/airflow/.local/lib/python3.10/site-packages/airflow/example_dags/example_python_operator.py
[2025-05-09T13:02:18.265+0000] {logging_mixin.py:188} INFO - [2025-05-09T13:02:18.265+0000] {dag.py:3096} INFO - Sync 1 DAGs
[2025-05-09T13:02:18.278+0000] {logging_mixin.py:188} INFO - [2025-05-09T13:02:18.277+0000] {dag.py:3954} INFO - Setting next_dagrun for example_python_operator to None, run_after=None
[2025-05-09T13:02:18.324+0000] {processor.py:183} INFO - Processing /home/airflow/.local/lib/python3.10/site-packages/airflow/example_dags/example_python_operator.py took 0.112 seconds
[2025-05-09T13:02:48.666+0000] {processor.py:161} INFO - Started process (PID=3060) to work on /home/airflow/.local/lib/python3.10/site-packages/airflow/example_dags/example_python_operator.py
[2025-05-09T13:02:48.668+0000] {processor.py:830} INFO - Processing file /home/airflow/.local/lib/python3.10/site-packages/airflow/example_dags/example_python_operator.py for tasks to queue
[2025-05-09T13:02:48.671+0000] {logging_mixin.py:188} INFO - [2025-05-09T13:02:48.670+0000] {dagbag.py:545} INFO - Filling up the DagBag from /home/airflow/.local/lib/python3.10/site-packages/airflow/example_dags/example_python_operator.py
[2025-05-09T13:02:48.686+0000] {processor.py:840} INFO - DAG(s) 'example_python_operator' retrieved from /home/airflow/.local/lib/python3.10/site-packages/airflow/example_dags/example_python_operator.py
[2025-05-09T13:02:48.716+0000] {logging_mixin.py:188} INFO - [2025-05-09T13:02:48.716+0000] {dag.py:3096} INFO - Sync 1 DAGs
[2025-05-09T13:02:48.729+0000] {logging_mixin.py:188} INFO - [2025-05-09T13:02:48.729+0000] {dag.py:3954} INFO - Setting next_dagrun for example_python_operator to None, run_after=None
[2025-05-09T13:02:48.767+0000] {processor.py:183} INFO - Processing /home/airflow/.local/lib/python3.10/site-packages/airflow/example_dags/example_python_operator.py took 0.111 seconds
[2025-05-09T13:03:19.247+0000] {processor.py:161} INFO - Started process (PID=3322) to work on /home/airflow/.local/lib/python3.10/site-packages/airflow/example_dags/example_python_operator.py
[2025-05-09T13:03:19.249+0000] {processor.py:830} INFO - Processing file /home/airflow/.local/lib/python3.10/site-packages/airflow/example_dags/example_python_operator.py for tasks to queue
[2025-05-09T13:03:19.251+0000] {logging_mixin.py:188} INFO - [2025-05-09T13:03:19.251+0000] {dagbag.py:545} INFO - Filling up the DagBag from /home/airflow/.local/lib/python3.10/site-packages/airflow/example_dags/example_python_operator.py
[2025-05-09T13:03:19.263+0000] {processor.py:840} INFO - DAG(s) 'example_python_operator' retrieved from /home/airflow/.local/lib/python3.10/site-packages/airflow/example_dags/example_python_operator.py
[2025-05-09T13:03:19.291+0000] {logging_mixin.py:188} INFO - [2025-05-09T13:03:19.291+0000] {dag.py:3096} INFO - Sync 1 DAGs
[2025-05-09T13:03:19.306+0000] {logging_mixin.py:188} INFO - [2025-05-09T13:03:19.306+0000] {dag.py:3954} INFO - Setting next_dagrun for example_python_operator to None, run_after=None
[2025-05-09T13:03:19.341+0000] {processor.py:183} INFO - Processing /home/airflow/.local/lib/python3.10/site-packages/airflow/example_dags/example_python_operator.py took 0.103 seconds
[2025-05-09T13:03:49.836+0000] {processor.py:161} INFO - Started process (PID=3584) to work on /home/airflow/.local/lib/python3.10/site-packages/airflow/example_dags/example_python_operator.py
[2025-05-09T13:03:49.838+0000] {processor.py:830} INFO - Processing file /home/airflow/.local/lib/python3.10/site-packages/airflow/example_dags/example_python_operator.py for tasks to queue
[2025-05-09T13:03:49.840+0000] {logging_mixin.py:188} INFO - [2025-05-09T13:03:49.840+0000] {dagbag.py:545} INFO - Filling up the DagBag from /home/airflow/.local/lib/python3.10/site-packages/airflow/example_dags/example_python_operator.py
[2025-05-09T13:03:49.852+0000] {processor.py:840} INFO - DAG(s) 'example_python_operator' retrieved from /home/airflow/.local/lib/python3.10/site-packages/airflow/example_dags/example_python_operator.py
[2025-05-09T13:03:49.879+0000] {logging_mixin.py:188} INFO - [2025-05-09T13:03:49.879+0000] {dag.py:3096} INFO - Sync 1 DAGs
[2025-05-09T13:03:49.891+0000] {logging_mixin.py:188} INFO - [2025-05-09T13:03:49.891+0000] {dag.py:3954} INFO - Setting next_dagrun for example_python_operator to None, run_after=None
[2025-05-09T13:03:49.913+0000] {processor.py:183} INFO - Processing /home/airflow/.local/lib/python3.10/site-packages/airflow/example_dags/example_python_operator.py took 0.085 seconds
[2025-05-09T14:10:32.806+0000] {processor.py:161} INFO - Started process (PID=3852) to work on /home/airflow/.local/lib/python3.10/site-packages/airflow/example_dags/example_python_operator.py
[2025-05-09T14:10:32.818+0000] {processor.py:830} INFO - Processing file /home/airflow/.local/lib/python3.10/site-packages/airflow/example_dags/example_python_operator.py for tasks to queue
[2025-05-09T14:10:32.836+0000] {logging_mixin.py:188} INFO - [2025-05-09T14:10:32.835+0000] {dagbag.py:545} INFO - Filling up the DagBag from /home/airflow/.local/lib/python3.10/site-packages/airflow/example_dags/example_python_operator.py
[2025-05-09T14:10:32.934+0000] {processor.py:840} INFO - DAG(s) 'example_python_operator' retrieved from /home/airflow/.local/lib/python3.10/site-packages/airflow/example_dags/example_python_operator.py
[2025-05-09T14:10:33.101+0000] {logging_mixin.py:188} INFO - [2025-05-09T14:10:33.092+0000] {dag.py:3096} INFO - Sync 1 DAGs
[2025-05-09T14:10:33.210+0000] {logging_mixin.py:188} INFO - [2025-05-09T14:10:33.209+0000] {dag.py:3954} INFO - Setting next_dagrun for example_python_operator to None, run_after=None
[2025-05-09T14:10:33.341+0000] {processor.py:183} INFO - Processing /home/airflow/.local/lib/python3.10/site-packages/airflow/example_dags/example_python_operator.py took 0.591 seconds
[2025-05-09T15:43:52.519+0000] {processor.py:161} INFO - Started process (PID=4127) to work on /home/airflow/.local/lib/python3.10/site-packages/airflow/example_dags/example_python_operator.py
[2025-05-09T15:43:52.521+0000] {processor.py:830} INFO - Processing file /home/airflow/.local/lib/python3.10/site-packages/airflow/example_dags/example_python_operator.py for tasks to queue
[2025-05-09T15:43:52.525+0000] {logging_mixin.py:188} INFO - [2025-05-09T15:43:52.524+0000] {dagbag.py:545} INFO - Filling up the DagBag from /home/airflow/.local/lib/python3.10/site-packages/airflow/example_dags/example_python_operator.py
[2025-05-09T15:43:52.540+0000] {processor.py:840} INFO - DAG(s) 'example_python_operator' retrieved from /home/airflow/.local/lib/python3.10/site-packages/airflow/example_dags/example_python_operator.py
[2025-05-09T15:43:52.595+0000] {logging_mixin.py:188} INFO - [2025-05-09T15:43:52.594+0000] {dag.py:3096} INFO - Sync 1 DAGs
[2025-05-09T15:43:52.625+0000] {logging_mixin.py:188} INFO - [2025-05-09T15:43:52.624+0000] {dag.py:3954} INFO - Setting next_dagrun for example_python_operator to None, run_after=None
[2025-05-09T15:43:52.662+0000] {processor.py:183} INFO - Processing /home/airflow/.local/lib/python3.10/site-packages/airflow/example_dags/example_python_operator.py took 0.155 seconds
[2025-05-09T15:44:23.264+0000] {processor.py:161} INFO - Started process (PID=4382) to work on /home/airflow/.local/lib/python3.10/site-packages/airflow/example_dags/example_python_operator.py
[2025-05-09T15:44:23.267+0000] {processor.py:830} INFO - Processing file /home/airflow/.local/lib/python3.10/site-packages/airflow/example_dags/example_python_operator.py for tasks to queue
[2025-05-09T15:44:23.269+0000] {logging_mixin.py:188} INFO - [2025-05-09T15:44:23.269+0000] {dagbag.py:545} INFO - Filling up the DagBag from /home/airflow/.local/lib/python3.10/site-packages/airflow/example_dags/example_python_operator.py
[2025-05-09T15:44:23.280+0000] {processor.py:840} INFO - DAG(s) 'example_python_operator' retrieved from /home/airflow/.local/lib/python3.10/site-packages/airflow/example_dags/example_python_operator.py
[2025-05-09T15:44:23.305+0000] {logging_mixin.py:188} INFO - [2025-05-09T15:44:23.305+0000] {dag.py:3096} INFO - Sync 1 DAGs
[2025-05-09T15:44:23.320+0000] {logging_mixin.py:188} INFO - [2025-05-09T15:44:23.320+0000] {dag.py:3954} INFO - Setting next_dagrun for example_python_operator to None, run_after=None
[2025-05-09T15:44:23.362+0000] {processor.py:183} INFO - Processing /home/airflow/.local/lib/python3.10/site-packages/airflow/example_dags/example_python_operator.py took 0.108 seconds
[2025-05-09T15:44:54.033+0000] {processor.py:161} INFO - Started process (PID=4653) to work on /home/airflow/.local/lib/python3.10/site-packages/airflow/example_dags/example_python_operator.py
[2025-05-09T15:44:54.035+0000] {processor.py:830} INFO - Processing file /home/airflow/.local/lib/python3.10/site-packages/airflow/example_dags/example_python_operator.py for tasks to queue
[2025-05-09T15:44:54.037+0000] {logging_mixin.py:188} INFO - [2025-05-09T15:44:54.037+0000] {dagbag.py:545} INFO - Filling up the DagBag from /home/airflow/.local/lib/python3.10/site-packages/airflow/example_dags/example_python_operator.py
[2025-05-09T15:44:54.049+0000] {processor.py:840} INFO - DAG(s) 'example_python_operator' retrieved from /home/airflow/.local/lib/python3.10/site-packages/airflow/example_dags/example_python_operator.py
[2025-05-09T15:44:54.077+0000] {logging_mixin.py:188} INFO - [2025-05-09T15:44:54.077+0000] {dag.py:3096} INFO - Sync 1 DAGs
[2025-05-09T15:44:54.096+0000] {logging_mixin.py:188} INFO - [2025-05-09T15:44:54.095+0000] {dag.py:3954} INFO - Setting next_dagrun for example_python_operator to None, run_after=None
[2025-05-09T15:44:54.131+0000] {processor.py:183} INFO - Processing /home/airflow/.local/lib/python3.10/site-packages/airflow/example_dags/example_python_operator.py took 0.105 seconds
[2025-05-09T15:45:24.678+0000] {processor.py:161} INFO - Started process (PID=4921) to work on /home/airflow/.local/lib/python3.10/site-packages/airflow/example_dags/example_python_operator.py
[2025-05-09T15:45:24.680+0000] {processor.py:830} INFO - Processing file /home/airflow/.local/lib/python3.10/site-packages/airflow/example_dags/example_python_operator.py for tasks to queue
[2025-05-09T15:45:24.685+0000] {logging_mixin.py:188} INFO - [2025-05-09T15:45:24.684+0000] {dagbag.py:545} INFO - Filling up the DagBag from /home/airflow/.local/lib/python3.10/site-packages/airflow/example_dags/example_python_operator.py
[2025-05-09T15:45:24.703+0000] {processor.py:840} INFO - DAG(s) 'example_python_operator' retrieved from /home/airflow/.local/lib/python3.10/site-packages/airflow/example_dags/example_python_operator.py
[2025-05-09T15:45:24.735+0000] {logging_mixin.py:188} INFO - [2025-05-09T15:45:24.735+0000] {dag.py:3096} INFO - Sync 1 DAGs
[2025-05-09T15:45:24.753+0000] {logging_mixin.py:188} INFO - [2025-05-09T15:45:24.752+0000] {dag.py:3954} INFO - Setting next_dagrun for example_python_operator to None, run_after=None
[2025-05-09T15:45:24.780+0000] {processor.py:183} INFO - Processing /home/airflow/.local/lib/python3.10/site-packages/airflow/example_dags/example_python_operator.py took 0.110 seconds
[2025-05-09T15:45:54.857+0000] {processor.py:161} INFO - Started process (PID=5186) to work on /home/airflow/.local/lib/python3.10/site-packages/airflow/example_dags/example_python_operator.py
[2025-05-09T15:45:54.859+0000] {processor.py:830} INFO - Processing file /home/airflow/.local/lib/python3.10/site-packages/airflow/example_dags/example_python_operator.py for tasks to queue
[2025-05-09T15:45:54.864+0000] {logging_mixin.py:188} INFO - [2025-05-09T15:45:54.862+0000] {dagbag.py:545} INFO - Filling up the DagBag from /home/airflow/.local/lib/python3.10/site-packages/airflow/example_dags/example_python_operator.py
[2025-05-09T15:45:54.879+0000] {processor.py:840} INFO - DAG(s) 'example_python_operator' retrieved from /home/airflow/.local/lib/python3.10/site-packages/airflow/example_dags/example_python_operator.py
[2025-05-09T15:45:54.910+0000] {logging_mixin.py:188} INFO - [2025-05-09T15:45:54.910+0000] {dag.py:3096} INFO - Sync 1 DAGs
[2025-05-09T15:45:54.933+0000] {logging_mixin.py:188} INFO - [2025-05-09T15:45:54.933+0000] {dag.py:3954} INFO - Setting next_dagrun for example_python_operator to None, run_after=None
[2025-05-09T15:45:54.976+0000] {processor.py:183} INFO - Processing /home/airflow/.local/lib/python3.10/site-packages/airflow/example_dags/example_python_operator.py took 0.129 seconds
[2025-05-09T15:46:25.942+0000] {processor.py:161} INFO - Started process (PID=5454) to work on /home/airflow/.local/lib/python3.10/site-packages/airflow/example_dags/example_python_operator.py
[2025-05-09T15:46:25.943+0000] {processor.py:830} INFO - Processing file /home/airflow/.local/lib/python3.10/site-packages/airflow/example_dags/example_python_operator.py for tasks to queue
[2025-05-09T15:46:25.949+0000] {logging_mixin.py:188} INFO - [2025-05-09T15:46:25.948+0000] {dagbag.py:545} INFO - Filling up the DagBag from /home/airflow/.local/lib/python3.10/site-packages/airflow/example_dags/example_python_operator.py
[2025-05-09T15:46:25.968+0000] {processor.py:840} INFO - DAG(s) 'example_python_operator' retrieved from /home/airflow/.local/lib/python3.10/site-packages/airflow/example_dags/example_python_operator.py
[2025-05-09T15:46:25.995+0000] {logging_mixin.py:188} INFO - [2025-05-09T15:46:25.995+0000] {dag.py:3096} INFO - Sync 1 DAGs
[2025-05-09T15:46:26.030+0000] {logging_mixin.py:188} INFO - [2025-05-09T15:46:26.029+0000] {dag.py:3954} INFO - Setting next_dagrun for example_python_operator to None, run_after=None
[2025-05-09T15:46:26.080+0000] {processor.py:183} INFO - Processing /home/airflow/.local/lib/python3.10/site-packages/airflow/example_dags/example_python_operator.py took 0.148 seconds
[2025-05-09T15:46:56.833+0000] {processor.py:161} INFO - Started process (PID=5716) to work on /home/airflow/.local/lib/python3.10/site-packages/airflow/example_dags/example_python_operator.py
[2025-05-09T15:46:56.834+0000] {processor.py:830} INFO - Processing file /home/airflow/.local/lib/python3.10/site-packages/airflow/example_dags/example_python_operator.py for tasks to queue
[2025-05-09T15:46:56.837+0000] {logging_mixin.py:188} INFO - [2025-05-09T15:46:56.837+0000] {dagbag.py:545} INFO - Filling up the DagBag from /home/airflow/.local/lib/python3.10/site-packages/airflow/example_dags/example_python_operator.py
[2025-05-09T15:46:56.850+0000] {processor.py:840} INFO - DAG(s) 'example_python_operator' retrieved from /home/airflow/.local/lib/python3.10/site-packages/airflow/example_dags/example_python_operator.py
[2025-05-09T15:46:56.880+0000] {logging_mixin.py:188} INFO - [2025-05-09T15:46:56.880+0000] {dag.py:3096} INFO - Sync 1 DAGs
[2025-05-09T15:46:56.896+0000] {logging_mixin.py:188} INFO - [2025-05-09T15:46:56.895+0000] {dag.py:3954} INFO - Setting next_dagrun for example_python_operator to None, run_after=None
[2025-05-09T15:46:56.924+0000] {processor.py:183} INFO - Processing /home/airflow/.local/lib/python3.10/site-packages/airflow/example_dags/example_python_operator.py took 0.097 seconds
[2025-05-09T15:47:27.627+0000] {processor.py:161} INFO - Started process (PID=5978) to work on /home/airflow/.local/lib/python3.10/site-packages/airflow/example_dags/example_python_operator.py
[2025-05-09T15:47:27.628+0000] {processor.py:830} INFO - Processing file /home/airflow/.local/lib/python3.10/site-packages/airflow/example_dags/example_python_operator.py for tasks to queue
[2025-05-09T15:47:27.631+0000] {logging_mixin.py:188} INFO - [2025-05-09T15:47:27.630+0000] {dagbag.py:545} INFO - Filling up the DagBag from /home/airflow/.local/lib/python3.10/site-packages/airflow/example_dags/example_python_operator.py
[2025-05-09T15:47:27.644+0000] {processor.py:840} INFO - DAG(s) 'example_python_operator' retrieved from /home/airflow/.local/lib/python3.10/site-packages/airflow/example_dags/example_python_operator.py
[2025-05-09T15:47:27.670+0000] {logging_mixin.py:188} INFO - [2025-05-09T15:47:27.669+0000] {dag.py:3096} INFO - Sync 1 DAGs
[2025-05-09T15:47:27.684+0000] {logging_mixin.py:188} INFO - [2025-05-09T15:47:27.682+0000] {dag.py:3954} INFO - Setting next_dagrun for example_python_operator to None, run_after=None
[2025-05-09T15:47:27.720+0000] {processor.py:183} INFO - Processing /home/airflow/.local/lib/python3.10/site-packages/airflow/example_dags/example_python_operator.py took 0.102 seconds
[2025-05-09T15:47:58.027+0000] {processor.py:161} INFO - Started process (PID=6240) to work on /home/airflow/.local/lib/python3.10/site-packages/airflow/example_dags/example_python_operator.py
[2025-05-09T15:47:58.029+0000] {processor.py:830} INFO - Processing file /home/airflow/.local/lib/python3.10/site-packages/airflow/example_dags/example_python_operator.py for tasks to queue
[2025-05-09T15:47:58.032+0000] {logging_mixin.py:188} INFO - [2025-05-09T15:47:58.031+0000] {dagbag.py:545} INFO - Filling up the DagBag from /home/airflow/.local/lib/python3.10/site-packages/airflow/example_dags/example_python_operator.py
[2025-05-09T15:47:58.043+0000] {processor.py:840} INFO - DAG(s) 'example_python_operator' retrieved from /home/airflow/.local/lib/python3.10/site-packages/airflow/example_dags/example_python_operator.py
[2025-05-09T15:47:58.076+0000] {logging_mixin.py:188} INFO - [2025-05-09T15:47:58.076+0000] {dag.py:3096} INFO - Sync 1 DAGs
[2025-05-09T15:47:58.101+0000] {logging_mixin.py:188} INFO - [2025-05-09T15:47:58.101+0000] {dag.py:3954} INFO - Setting next_dagrun for example_python_operator to None, run_after=None
[2025-05-09T15:47:58.127+0000] {processor.py:183} INFO - Processing /home/airflow/.local/lib/python3.10/site-packages/airflow/example_dags/example_python_operator.py took 0.110 seconds
[2025-05-09T15:48:28.499+0000] {processor.py:161} INFO - Started process (PID=6513) to work on /home/airflow/.local/lib/python3.10/site-packages/airflow/example_dags/example_python_operator.py
[2025-05-09T15:48:28.501+0000] {processor.py:830} INFO - Processing file /home/airflow/.local/lib/python3.10/site-packages/airflow/example_dags/example_python_operator.py for tasks to queue
[2025-05-09T15:48:28.503+0000] {logging_mixin.py:188} INFO - [2025-05-09T15:48:28.503+0000] {dagbag.py:545} INFO - Filling up the DagBag from /home/airflow/.local/lib/python3.10/site-packages/airflow/example_dags/example_python_operator.py
[2025-05-09T15:48:28.514+0000] {processor.py:840} INFO - DAG(s) 'example_python_operator' retrieved from /home/airflow/.local/lib/python3.10/site-packages/airflow/example_dags/example_python_operator.py
[2025-05-09T15:48:28.539+0000] {logging_mixin.py:188} INFO - [2025-05-09T15:48:28.539+0000] {dag.py:3096} INFO - Sync 1 DAGs
[2025-05-09T15:48:28.555+0000] {logging_mixin.py:188} INFO - [2025-05-09T15:48:28.554+0000] {dag.py:3954} INFO - Setting next_dagrun for example_python_operator to None, run_after=None
[2025-05-09T15:48:28.589+0000] {processor.py:183} INFO - Processing /home/airflow/.local/lib/python3.10/site-packages/airflow/example_dags/example_python_operator.py took 0.098 seconds
[2025-05-09T15:48:59.172+0000] {processor.py:161} INFO - Started process (PID=6799) to work on /home/airflow/.local/lib/python3.10/site-packages/airflow/example_dags/example_python_operator.py
[2025-05-09T15:48:59.177+0000] {processor.py:830} INFO - Processing file /home/airflow/.local/lib/python3.10/site-packages/airflow/example_dags/example_python_operator.py for tasks to queue
[2025-05-09T15:48:59.181+0000] {logging_mixin.py:188} INFO - [2025-05-09T15:48:59.181+0000] {dagbag.py:545} INFO - Filling up the DagBag from /home/airflow/.local/lib/python3.10/site-packages/airflow/example_dags/example_python_operator.py
[2025-05-09T15:48:59.193+0000] {processor.py:840} INFO - DAG(s) 'example_python_operator' retrieved from /home/airflow/.local/lib/python3.10/site-packages/airflow/example_dags/example_python_operator.py
[2025-05-09T15:48:59.218+0000] {logging_mixin.py:188} INFO - [2025-05-09T15:48:59.218+0000] {dag.py:3096} INFO - Sync 1 DAGs
[2025-05-09T15:48:59.234+0000] {logging_mixin.py:188} INFO - [2025-05-09T15:48:59.234+0000] {dag.py:3954} INFO - Setting next_dagrun for example_python_operator to None, run_after=None
[2025-05-09T15:48:59.265+0000] {processor.py:183} INFO - Processing /home/airflow/.local/lib/python3.10/site-packages/airflow/example_dags/example_python_operator.py took 0.102 seconds
[2025-05-09T15:49:29.730+0000] {processor.py:161} INFO - Started process (PID=7073) to work on /home/airflow/.local/lib/python3.10/site-packages/airflow/example_dags/example_python_operator.py
[2025-05-09T15:49:29.731+0000] {processor.py:830} INFO - Processing file /home/airflow/.local/lib/python3.10/site-packages/airflow/example_dags/example_python_operator.py for tasks to queue
[2025-05-09T15:49:29.734+0000] {logging_mixin.py:188} INFO - [2025-05-09T15:49:29.733+0000] {dagbag.py:545} INFO - Filling up the DagBag from /home/airflow/.local/lib/python3.10/site-packages/airflow/example_dags/example_python_operator.py
[2025-05-09T15:49:29.754+0000] {processor.py:840} INFO - DAG(s) 'example_python_operator' retrieved from /home/airflow/.local/lib/python3.10/site-packages/airflow/example_dags/example_python_operator.py
[2025-05-09T15:49:29.791+0000] {logging_mixin.py:188} INFO - [2025-05-09T15:49:29.791+0000] {dag.py:3096} INFO - Sync 1 DAGs
[2025-05-09T15:49:29.816+0000] {logging_mixin.py:188} INFO - [2025-05-09T15:49:29.816+0000] {dag.py:3954} INFO - Setting next_dagrun for example_python_operator to None, run_after=None
[2025-05-09T15:49:29.850+0000] {processor.py:183} INFO - Processing /home/airflow/.local/lib/python3.10/site-packages/airflow/example_dags/example_python_operator.py took 0.131 seconds
[2025-05-09T15:50:00.083+0000] {processor.py:161} INFO - Started process (PID=7335) to work on /home/airflow/.local/lib/python3.10/site-packages/airflow/example_dags/example_python_operator.py
[2025-05-09T15:50:00.085+0000] {processor.py:830} INFO - Processing file /home/airflow/.local/lib/python3.10/site-packages/airflow/example_dags/example_python_operator.py for tasks to queue
[2025-05-09T15:50:00.087+0000] {logging_mixin.py:188} INFO - [2025-05-09T15:50:00.087+0000] {dagbag.py:545} INFO - Filling up the DagBag from /home/airflow/.local/lib/python3.10/site-packages/airflow/example_dags/example_python_operator.py
[2025-05-09T15:50:00.099+0000] {processor.py:840} INFO - DAG(s) 'example_python_operator' retrieved from /home/airflow/.local/lib/python3.10/site-packages/airflow/example_dags/example_python_operator.py
[2025-05-09T15:50:00.133+0000] {logging_mixin.py:188} INFO - [2025-05-09T15:50:00.132+0000] {dag.py:3096} INFO - Sync 1 DAGs
[2025-05-09T15:50:00.149+0000] {logging_mixin.py:188} INFO - [2025-05-09T15:50:00.149+0000] {dag.py:3954} INFO - Setting next_dagrun for example_python_operator to None, run_after=None
[2025-05-09T15:50:00.174+0000] {processor.py:183} INFO - Processing /home/airflow/.local/lib/python3.10/site-packages/airflow/example_dags/example_python_operator.py took 0.098 seconds
[2025-05-09T15:50:30.638+0000] {processor.py:161} INFO - Started process (PID=7603) to work on /home/airflow/.local/lib/python3.10/site-packages/airflow/example_dags/example_python_operator.py
[2025-05-09T15:50:30.641+0000] {processor.py:830} INFO - Processing file /home/airflow/.local/lib/python3.10/site-packages/airflow/example_dags/example_python_operator.py for tasks to queue
[2025-05-09T15:50:30.649+0000] {logging_mixin.py:188} INFO - [2025-05-09T15:50:30.649+0000] {dagbag.py:545} INFO - Filling up the DagBag from /home/airflow/.local/lib/python3.10/site-packages/airflow/example_dags/example_python_operator.py
[2025-05-09T15:50:30.682+0000] {processor.py:840} INFO - DAG(s) 'example_python_operator' retrieved from /home/airflow/.local/lib/python3.10/site-packages/airflow/example_dags/example_python_operator.py
[2025-05-09T15:50:30.713+0000] {logging_mixin.py:188} INFO - [2025-05-09T15:50:30.713+0000] {dag.py:3096} INFO - Sync 1 DAGs
[2025-05-09T15:50:30.729+0000] {logging_mixin.py:188} INFO - [2025-05-09T15:50:30.729+0000] {dag.py:3954} INFO - Setting next_dagrun for example_python_operator to None, run_after=None
[2025-05-09T15:50:30.781+0000] {processor.py:183} INFO - Processing /home/airflow/.local/lib/python3.10/site-packages/airflow/example_dags/example_python_operator.py took 0.149 seconds
[2025-05-09T15:51:00.900+0000] {processor.py:161} INFO - Started process (PID=7869) to work on /home/airflow/.local/lib/python3.10/site-packages/airflow/example_dags/example_python_operator.py
[2025-05-09T15:51:00.903+0000] {processor.py:830} INFO - Processing file /home/airflow/.local/lib/python3.10/site-packages/airflow/example_dags/example_python_operator.py for tasks to queue
[2025-05-09T15:51:00.909+0000] {logging_mixin.py:188} INFO - [2025-05-09T15:51:00.908+0000] {dagbag.py:545} INFO - Filling up the DagBag from /home/airflow/.local/lib/python3.10/site-packages/airflow/example_dags/example_python_operator.py
[2025-05-09T15:51:00.929+0000] {processor.py:840} INFO - DAG(s) 'example_python_operator' retrieved from /home/airflow/.local/lib/python3.10/site-packages/airflow/example_dags/example_python_operator.py
[2025-05-09T15:51:00.973+0000] {logging_mixin.py:188} INFO - [2025-05-09T15:51:00.973+0000] {dag.py:3096} INFO - Sync 1 DAGs
[2025-05-09T15:51:01.010+0000] {logging_mixin.py:188} INFO - [2025-05-09T15:51:01.010+0000] {dag.py:3954} INFO - Setting next_dagrun for example_python_operator to None, run_after=None
[2025-05-09T15:51:01.050+0000] {processor.py:183} INFO - Processing /home/airflow/.local/lib/python3.10/site-packages/airflow/example_dags/example_python_operator.py took 0.162 seconds
[2025-05-09T15:51:31.907+0000] {processor.py:161} INFO - Started process (PID=8136) to work on /home/airflow/.local/lib/python3.10/site-packages/airflow/example_dags/example_python_operator.py
[2025-05-09T15:51:31.910+0000] {processor.py:830} INFO - Processing file /home/airflow/.local/lib/python3.10/site-packages/airflow/example_dags/example_python_operator.py for tasks to queue
[2025-05-09T15:51:31.912+0000] {logging_mixin.py:188} INFO - [2025-05-09T15:51:31.912+0000] {dagbag.py:545} INFO - Filling up the DagBag from /home/airflow/.local/lib/python3.10/site-packages/airflow/example_dags/example_python_operator.py
[2025-05-09T15:51:31.924+0000] {processor.py:840} INFO - DAG(s) 'example_python_operator' retrieved from /home/airflow/.local/lib/python3.10/site-packages/airflow/example_dags/example_python_operator.py
[2025-05-09T15:51:31.947+0000] {logging_mixin.py:188} INFO - [2025-05-09T15:51:31.947+0000] {dag.py:3096} INFO - Sync 1 DAGs
[2025-05-09T15:51:31.959+0000] {logging_mixin.py:188} INFO - [2025-05-09T15:51:31.959+0000] {dag.py:3954} INFO - Setting next_dagrun for example_python_operator to None, run_after=None
[2025-05-09T15:51:31.982+0000] {processor.py:183} INFO - Processing /home/airflow/.local/lib/python3.10/site-packages/airflow/example_dags/example_python_operator.py took 0.081 seconds
[2025-05-09T15:52:02.370+0000] {processor.py:161} INFO - Started process (PID=8401) to work on /home/airflow/.local/lib/python3.10/site-packages/airflow/example_dags/example_python_operator.py
[2025-05-09T15:52:02.372+0000] {processor.py:830} INFO - Processing file /home/airflow/.local/lib/python3.10/site-packages/airflow/example_dags/example_python_operator.py for tasks to queue
[2025-05-09T15:52:02.375+0000] {logging_mixin.py:188} INFO - [2025-05-09T15:52:02.374+0000] {dagbag.py:545} INFO - Filling up the DagBag from /home/airflow/.local/lib/python3.10/site-packages/airflow/example_dags/example_python_operator.py
[2025-05-09T15:52:02.390+0000] {processor.py:840} INFO - DAG(s) 'example_python_operator' retrieved from /home/airflow/.local/lib/python3.10/site-packages/airflow/example_dags/example_python_operator.py
[2025-05-09T15:52:02.426+0000] {logging_mixin.py:188} INFO - [2025-05-09T15:52:02.426+0000] {dag.py:3096} INFO - Sync 1 DAGs
[2025-05-09T15:52:02.448+0000] {logging_mixin.py:188} INFO - [2025-05-09T15:52:02.447+0000] {dag.py:3954} INFO - Setting next_dagrun for example_python_operator to None, run_after=None
[2025-05-09T15:52:02.479+0000] {processor.py:183} INFO - Processing /home/airflow/.local/lib/python3.10/site-packages/airflow/example_dags/example_python_operator.py took 0.119 seconds
[2025-05-09T15:52:32.646+0000] {processor.py:161} INFO - Started process (PID=8666) to work on /home/airflow/.local/lib/python3.10/site-packages/airflow/example_dags/example_python_operator.py
[2025-05-09T15:52:32.648+0000] {processor.py:830} INFO - Processing file /home/airflow/.local/lib/python3.10/site-packages/airflow/example_dags/example_python_operator.py for tasks to queue
[2025-05-09T15:52:32.650+0000] {logging_mixin.py:188} INFO - [2025-05-09T15:52:32.650+0000] {dagbag.py:545} INFO - Filling up the DagBag from /home/airflow/.local/lib/python3.10/site-packages/airflow/example_dags/example_python_operator.py
[2025-05-09T15:52:32.660+0000] {processor.py:840} INFO - DAG(s) 'example_python_operator' retrieved from /home/airflow/.local/lib/python3.10/site-packages/airflow/example_dags/example_python_operator.py
[2025-05-09T15:52:32.686+0000] {logging_mixin.py:188} INFO - [2025-05-09T15:52:32.685+0000] {dag.py:3096} INFO - Sync 1 DAGs
[2025-05-09T15:52:32.702+0000] {logging_mixin.py:188} INFO - [2025-05-09T15:52:32.701+0000] {dag.py:3954} INFO - Setting next_dagrun for example_python_operator to None, run_after=None
[2025-05-09T15:52:32.729+0000] {processor.py:183} INFO - Processing /home/airflow/.local/lib/python3.10/site-packages/airflow/example_dags/example_python_operator.py took 0.089 seconds
[2025-05-09T15:53:02.836+0000] {processor.py:161} INFO - Started process (PID=8933) to work on /home/airflow/.local/lib/python3.10/site-packages/airflow/example_dags/example_python_operator.py
[2025-05-09T15:53:02.838+0000] {processor.py:830} INFO - Processing file /home/airflow/.local/lib/python3.10/site-packages/airflow/example_dags/example_python_operator.py for tasks to queue
[2025-05-09T15:53:02.840+0000] {logging_mixin.py:188} INFO - [2025-05-09T15:53:02.840+0000] {dagbag.py:545} INFO - Filling up the DagBag from /home/airflow/.local/lib/python3.10/site-packages/airflow/example_dags/example_python_operator.py
[2025-05-09T15:53:02.853+0000] {processor.py:840} INFO - DAG(s) 'example_python_operator' retrieved from /home/airflow/.local/lib/python3.10/site-packages/airflow/example_dags/example_python_operator.py
[2025-05-09T15:53:02.884+0000] {logging_mixin.py:188} INFO - [2025-05-09T15:53:02.883+0000] {dag.py:3096} INFO - Sync 1 DAGs
[2025-05-09T15:53:02.897+0000] {logging_mixin.py:188} INFO - [2025-05-09T15:53:02.897+0000] {dag.py:3954} INFO - Setting next_dagrun for example_python_operator to None, run_after=None
[2025-05-09T15:53:02.922+0000] {processor.py:183} INFO - Processing /home/airflow/.local/lib/python3.10/site-packages/airflow/example_dags/example_python_operator.py took 0.092 seconds
[2025-05-09T15:53:33.296+0000] {processor.py:161} INFO - Started process (PID=9199) to work on /home/airflow/.local/lib/python3.10/site-packages/airflow/example_dags/example_python_operator.py
[2025-05-09T15:53:33.299+0000] {processor.py:830} INFO - Processing file /home/airflow/.local/lib/python3.10/site-packages/airflow/example_dags/example_python_operator.py for tasks to queue
[2025-05-09T15:53:33.303+0000] {logging_mixin.py:188} INFO - [2025-05-09T15:53:33.302+0000] {dagbag.py:545} INFO - Filling up the DagBag from /home/airflow/.local/lib/python3.10/site-packages/airflow/example_dags/example_python_operator.py
[2025-05-09T15:53:33.319+0000] {processor.py:840} INFO - DAG(s) 'example_python_operator' retrieved from /home/airflow/.local/lib/python3.10/site-packages/airflow/example_dags/example_python_operator.py
[2025-05-09T15:53:33.360+0000] {logging_mixin.py:188} INFO - [2025-05-09T15:53:33.359+0000] {dag.py:3096} INFO - Sync 1 DAGs
[2025-05-09T15:53:33.385+0000] {logging_mixin.py:188} INFO - [2025-05-09T15:53:33.385+0000] {dag.py:3954} INFO - Setting next_dagrun for example_python_operator to None, run_after=None
[2025-05-09T15:53:33.422+0000] {processor.py:183} INFO - Processing /home/airflow/.local/lib/python3.10/site-packages/airflow/example_dags/example_python_operator.py took 0.137 seconds
[2025-05-09T15:54:03.532+0000] {processor.py:161} INFO - Started process (PID=9479) to work on /home/airflow/.local/lib/python3.10/site-packages/airflow/example_dags/example_python_operator.py
[2025-05-09T15:54:03.533+0000] {processor.py:830} INFO - Processing file /home/airflow/.local/lib/python3.10/site-packages/airflow/example_dags/example_python_operator.py for tasks to queue
[2025-05-09T15:54:03.536+0000] {logging_mixin.py:188} INFO - [2025-05-09T15:54:03.536+0000] {dagbag.py:545} INFO - Filling up the DagBag from /home/airflow/.local/lib/python3.10/site-packages/airflow/example_dags/example_python_operator.py
[2025-05-09T15:54:03.549+0000] {processor.py:840} INFO - DAG(s) 'example_python_operator' retrieved from /home/airflow/.local/lib/python3.10/site-packages/airflow/example_dags/example_python_operator.py
[2025-05-09T15:54:03.579+0000] {logging_mixin.py:188} INFO - [2025-05-09T15:54:03.579+0000] {dag.py:3096} INFO - Sync 1 DAGs
[2025-05-09T15:54:03.595+0000] {logging_mixin.py:188} INFO - [2025-05-09T15:54:03.595+0000] {dag.py:3954} INFO - Setting next_dagrun for example_python_operator to None, run_after=None
[2025-05-09T15:54:03.613+0000] {processor.py:183} INFO - Processing /home/airflow/.local/lib/python3.10/site-packages/airflow/example_dags/example_python_operator.py took 0.091 seconds
[2025-05-09T15:54:33.774+0000] {processor.py:161} INFO - Started process (PID=9730) to work on /home/airflow/.local/lib/python3.10/site-packages/airflow/example_dags/example_python_operator.py
[2025-05-09T15:54:33.775+0000] {processor.py:830} INFO - Processing file /home/airflow/.local/lib/python3.10/site-packages/airflow/example_dags/example_python_operator.py for tasks to queue
[2025-05-09T15:54:33.777+0000] {logging_mixin.py:188} INFO - [2025-05-09T15:54:33.777+0000] {dagbag.py:545} INFO - Filling up the DagBag from /home/airflow/.local/lib/python3.10/site-packages/airflow/example_dags/example_python_operator.py
[2025-05-09T15:54:33.788+0000] {processor.py:840} INFO - DAG(s) 'example_python_operator' retrieved from /home/airflow/.local/lib/python3.10/site-packages/airflow/example_dags/example_python_operator.py
[2025-05-09T15:54:33.809+0000] {logging_mixin.py:188} INFO - [2025-05-09T15:54:33.809+0000] {dag.py:3096} INFO - Sync 1 DAGs
[2025-05-09T15:54:33.821+0000] {logging_mixin.py:188} INFO - [2025-05-09T15:54:33.821+0000] {dag.py:3954} INFO - Setting next_dagrun for example_python_operator to None, run_after=None
[2025-05-09T15:54:33.843+0000] {processor.py:183} INFO - Processing /home/airflow/.local/lib/python3.10/site-packages/airflow/example_dags/example_python_operator.py took 0.075 seconds
[2025-05-09T15:55:04.306+0000] {processor.py:161} INFO - Started process (PID=9998) to work on /home/airflow/.local/lib/python3.10/site-packages/airflow/example_dags/example_python_operator.py
[2025-05-09T15:55:04.307+0000] {processor.py:830} INFO - Processing file /home/airflow/.local/lib/python3.10/site-packages/airflow/example_dags/example_python_operator.py for tasks to queue
[2025-05-09T15:55:04.310+0000] {logging_mixin.py:188} INFO - [2025-05-09T15:55:04.310+0000] {dagbag.py:545} INFO - Filling up the DagBag from /home/airflow/.local/lib/python3.10/site-packages/airflow/example_dags/example_python_operator.py
[2025-05-09T15:55:04.322+0000] {processor.py:840} INFO - DAG(s) 'example_python_operator' retrieved from /home/airflow/.local/lib/python3.10/site-packages/airflow/example_dags/example_python_operator.py
[2025-05-09T15:55:04.349+0000] {logging_mixin.py:188} INFO - [2025-05-09T15:55:04.349+0000] {dag.py:3096} INFO - Sync 1 DAGs
[2025-05-09T15:55:04.365+0000] {logging_mixin.py:188} INFO - [2025-05-09T15:55:04.364+0000] {dag.py:3954} INFO - Setting next_dagrun for example_python_operator to None, run_after=None
[2025-05-09T15:55:04.392+0000] {processor.py:183} INFO - Processing /home/airflow/.local/lib/python3.10/site-packages/airflow/example_dags/example_python_operator.py took 0.094 seconds
[2025-05-09T15:55:34.495+0000] {processor.py:161} INFO - Started process (PID=10200) to work on /home/airflow/.local/lib/python3.10/site-packages/airflow/example_dags/example_python_operator.py
[2025-05-09T15:55:34.496+0000] {processor.py:830} INFO - Processing file /home/airflow/.local/lib/python3.10/site-packages/airflow/example_dags/example_python_operator.py for tasks to queue
[2025-05-09T15:55:34.499+0000] {logging_mixin.py:188} INFO - [2025-05-09T15:55:34.498+0000] {dagbag.py:545} INFO - Filling up the DagBag from /home/airflow/.local/lib/python3.10/site-packages/airflow/example_dags/example_python_operator.py
[2025-05-09T15:55:34.509+0000] {processor.py:840} INFO - DAG(s) 'example_python_operator' retrieved from /home/airflow/.local/lib/python3.10/site-packages/airflow/example_dags/example_python_operator.py
[2025-05-09T15:55:34.532+0000] {logging_mixin.py:188} INFO - [2025-05-09T15:55:34.531+0000] {dag.py:3096} INFO - Sync 1 DAGs
[2025-05-09T15:55:34.544+0000] {logging_mixin.py:188} INFO - [2025-05-09T15:55:34.544+0000] {dag.py:3954} INFO - Setting next_dagrun for example_python_operator to None, run_after=None
[2025-05-09T15:55:34.571+0000] {processor.py:183} INFO - Processing /home/airflow/.local/lib/python3.10/site-packages/airflow/example_dags/example_python_operator.py took 0.081 seconds
[2025-05-09T15:56:04.977+0000] {processor.py:161} INFO - Started process (PID=10468) to work on /home/airflow/.local/lib/python3.10/site-packages/airflow/example_dags/example_python_operator.py
[2025-05-09T15:56:04.980+0000] {processor.py:830} INFO - Processing file /home/airflow/.local/lib/python3.10/site-packages/airflow/example_dags/example_python_operator.py for tasks to queue
[2025-05-09T15:56:04.982+0000] {logging_mixin.py:188} INFO - [2025-05-09T15:56:04.982+0000] {dagbag.py:545} INFO - Filling up the DagBag from /home/airflow/.local/lib/python3.10/site-packages/airflow/example_dags/example_python_operator.py
[2025-05-09T15:56:04.992+0000] {processor.py:840} INFO - DAG(s) 'example_python_operator' retrieved from /home/airflow/.local/lib/python3.10/site-packages/airflow/example_dags/example_python_operator.py
[2025-05-09T15:56:05.020+0000] {logging_mixin.py:188} INFO - [2025-05-09T15:56:05.020+0000] {dag.py:3096} INFO - Sync 1 DAGs
[2025-05-09T15:56:05.033+0000] {logging_mixin.py:188} INFO - [2025-05-09T15:56:05.033+0000] {dag.py:3954} INFO - Setting next_dagrun for example_python_operator to None, run_after=None
[2025-05-09T15:56:05.062+0000] {processor.py:183} INFO - Processing /home/airflow/.local/lib/python3.10/site-packages/airflow/example_dags/example_python_operator.py took 0.090 seconds
[2025-05-09T15:56:35.222+0000] {processor.py:161} INFO - Started process (PID=10733) to work on /home/airflow/.local/lib/python3.10/site-packages/airflow/example_dags/example_python_operator.py
[2025-05-09T15:56:35.223+0000] {processor.py:830} INFO - Processing file /home/airflow/.local/lib/python3.10/site-packages/airflow/example_dags/example_python_operator.py for tasks to queue
[2025-05-09T15:56:35.226+0000] {logging_mixin.py:188} INFO - [2025-05-09T15:56:35.226+0000] {dagbag.py:545} INFO - Filling up the DagBag from /home/airflow/.local/lib/python3.10/site-packages/airflow/example_dags/example_python_operator.py
[2025-05-09T15:56:35.237+0000] {processor.py:840} INFO - DAG(s) 'example_python_operator' retrieved from /home/airflow/.local/lib/python3.10/site-packages/airflow/example_dags/example_python_operator.py
[2025-05-09T15:56:35.262+0000] {logging_mixin.py:188} INFO - [2025-05-09T15:56:35.262+0000] {dag.py:3096} INFO - Sync 1 DAGs
[2025-05-09T15:56:35.276+0000] {logging_mixin.py:188} INFO - [2025-05-09T15:56:35.275+0000] {dag.py:3954} INFO - Setting next_dagrun for example_python_operator to None, run_after=None
[2025-05-09T15:56:35.303+0000] {processor.py:183} INFO - Processing /home/airflow/.local/lib/python3.10/site-packages/airflow/example_dags/example_python_operator.py took 0.087 seconds
[2025-05-09T15:57:05.510+0000] {processor.py:161} INFO - Started process (PID=11001) to work on /home/airflow/.local/lib/python3.10/site-packages/airflow/example_dags/example_python_operator.py
[2025-05-09T15:57:05.512+0000] {processor.py:830} INFO - Processing file /home/airflow/.local/lib/python3.10/site-packages/airflow/example_dags/example_python_operator.py for tasks to queue
[2025-05-09T15:57:05.515+0000] {logging_mixin.py:188} INFO - [2025-05-09T15:57:05.514+0000] {dagbag.py:545} INFO - Filling up the DagBag from /home/airflow/.local/lib/python3.10/site-packages/airflow/example_dags/example_python_operator.py
[2025-05-09T15:57:05.528+0000] {processor.py:840} INFO - DAG(s) 'example_python_operator' retrieved from /home/airflow/.local/lib/python3.10/site-packages/airflow/example_dags/example_python_operator.py
[2025-05-09T15:57:05.557+0000] {logging_mixin.py:188} INFO - [2025-05-09T15:57:05.557+0000] {dag.py:3096} INFO - Sync 1 DAGs
[2025-05-09T15:57:05.585+0000] {logging_mixin.py:188} INFO - [2025-05-09T15:57:05.584+0000] {dag.py:3954} INFO - Setting next_dagrun for example_python_operator to None, run_after=None
[2025-05-09T15:57:05.637+0000] {processor.py:183} INFO - Processing /home/airflow/.local/lib/python3.10/site-packages/airflow/example_dags/example_python_operator.py took 0.133 seconds
[2025-05-09T15:57:35.825+0000] {processor.py:161} INFO - Started process (PID=11271) to work on /home/airflow/.local/lib/python3.10/site-packages/airflow/example_dags/example_python_operator.py
[2025-05-09T15:57:35.826+0000] {processor.py:830} INFO - Processing file /home/airflow/.local/lib/python3.10/site-packages/airflow/example_dags/example_python_operator.py for tasks to queue
[2025-05-09T15:57:35.828+0000] {logging_mixin.py:188} INFO - [2025-05-09T15:57:35.828+0000] {dagbag.py:545} INFO - Filling up the DagBag from /home/airflow/.local/lib/python3.10/site-packages/airflow/example_dags/example_python_operator.py
[2025-05-09T15:57:35.837+0000] {processor.py:840} INFO - DAG(s) 'example_python_operator' retrieved from /home/airflow/.local/lib/python3.10/site-packages/airflow/example_dags/example_python_operator.py
[2025-05-09T15:57:35.858+0000] {logging_mixin.py:188} INFO - [2025-05-09T15:57:35.858+0000] {dag.py:3096} INFO - Sync 1 DAGs
[2025-05-09T15:57:35.868+0000] {logging_mixin.py:188} INFO - [2025-05-09T15:57:35.868+0000] {dag.py:3954} INFO - Setting next_dagrun for example_python_operator to None, run_after=None
[2025-05-09T15:57:35.888+0000] {processor.py:183} INFO - Processing /home/airflow/.local/lib/python3.10/site-packages/airflow/example_dags/example_python_operator.py took 0.068 seconds
[2025-05-09T15:58:06.327+0000] {processor.py:161} INFO - Started process (PID=11537) to work on /home/airflow/.local/lib/python3.10/site-packages/airflow/example_dags/example_python_operator.py
[2025-05-09T15:58:06.328+0000] {processor.py:830} INFO - Processing file /home/airflow/.local/lib/python3.10/site-packages/airflow/example_dags/example_python_operator.py for tasks to queue
[2025-05-09T15:58:06.331+0000] {logging_mixin.py:188} INFO - [2025-05-09T15:58:06.330+0000] {dagbag.py:545} INFO - Filling up the DagBag from /home/airflow/.local/lib/python3.10/site-packages/airflow/example_dags/example_python_operator.py
[2025-05-09T15:58:06.344+0000] {processor.py:840} INFO - DAG(s) 'example_python_operator' retrieved from /home/airflow/.local/lib/python3.10/site-packages/airflow/example_dags/example_python_operator.py
[2025-05-09T15:58:06.377+0000] {logging_mixin.py:188} INFO - [2025-05-09T15:58:06.376+0000] {dag.py:3096} INFO - Sync 1 DAGs
[2025-05-09T15:58:06.393+0000] {logging_mixin.py:188} INFO - [2025-05-09T15:58:06.393+0000] {dag.py:3954} INFO - Setting next_dagrun for example_python_operator to None, run_after=None
[2025-05-09T15:58:06.422+0000] {processor.py:183} INFO - Processing /home/airflow/.local/lib/python3.10/site-packages/airflow/example_dags/example_python_operator.py took 0.104 seconds
[2025-05-09T15:58:36.777+0000] {processor.py:161} INFO - Started process (PID=11799) to work on /home/airflow/.local/lib/python3.10/site-packages/airflow/example_dags/example_python_operator.py
[2025-05-09T15:58:36.779+0000] {processor.py:830} INFO - Processing file /home/airflow/.local/lib/python3.10/site-packages/airflow/example_dags/example_python_operator.py for tasks to queue
[2025-05-09T15:58:36.781+0000] {logging_mixin.py:188} INFO - [2025-05-09T15:58:36.781+0000] {dagbag.py:545} INFO - Filling up the DagBag from /home/airflow/.local/lib/python3.10/site-packages/airflow/example_dags/example_python_operator.py
[2025-05-09T15:58:36.792+0000] {processor.py:840} INFO - DAG(s) 'example_python_operator' retrieved from /home/airflow/.local/lib/python3.10/site-packages/airflow/example_dags/example_python_operator.py
[2025-05-09T15:58:36.821+0000] {logging_mixin.py:188} INFO - [2025-05-09T15:58:36.820+0000] {dag.py:3096} INFO - Sync 1 DAGs
[2025-05-09T15:58:36.835+0000] {logging_mixin.py:188} INFO - [2025-05-09T15:58:36.834+0000] {dag.py:3954} INFO - Setting next_dagrun for example_python_operator to None, run_after=None
[2025-05-09T15:58:36.855+0000] {processor.py:183} INFO - Processing /home/airflow/.local/lib/python3.10/site-packages/airflow/example_dags/example_python_operator.py took 0.083 seconds
[2025-05-09T15:59:06.925+0000] {processor.py:161} INFO - Started process (PID=12070) to work on /home/airflow/.local/lib/python3.10/site-packages/airflow/example_dags/example_python_operator.py
[2025-05-09T15:59:06.927+0000] {processor.py:830} INFO - Processing file /home/airflow/.local/lib/python3.10/site-packages/airflow/example_dags/example_python_operator.py for tasks to queue
[2025-05-09T15:59:06.929+0000] {logging_mixin.py:188} INFO - [2025-05-09T15:59:06.929+0000] {dagbag.py:545} INFO - Filling up the DagBag from /home/airflow/.local/lib/python3.10/site-packages/airflow/example_dags/example_python_operator.py
[2025-05-09T15:59:06.941+0000] {processor.py:840} INFO - DAG(s) 'example_python_operator' retrieved from /home/airflow/.local/lib/python3.10/site-packages/airflow/example_dags/example_python_operator.py
[2025-05-09T15:59:06.970+0000] {logging_mixin.py:188} INFO - [2025-05-09T15:59:06.970+0000] {dag.py:3096} INFO - Sync 1 DAGs
[2025-05-09T15:59:06.984+0000] {logging_mixin.py:188} INFO - [2025-05-09T15:59:06.984+0000] {dag.py:3954} INFO - Setting next_dagrun for example_python_operator to None, run_after=None
[2025-05-09T15:59:07.011+0000] {processor.py:183} INFO - Processing /home/airflow/.local/lib/python3.10/site-packages/airflow/example_dags/example_python_operator.py took 0.091 seconds
[2025-05-09T15:59:37.195+0000] {processor.py:161} INFO - Started process (PID=12312) to work on /home/airflow/.local/lib/python3.10/site-packages/airflow/example_dags/example_python_operator.py
[2025-05-09T15:59:37.196+0000] {processor.py:830} INFO - Processing file /home/airflow/.local/lib/python3.10/site-packages/airflow/example_dags/example_python_operator.py for tasks to queue
[2025-05-09T15:59:37.198+0000] {logging_mixin.py:188} INFO - [2025-05-09T15:59:37.198+0000] {dagbag.py:545} INFO - Filling up the DagBag from /home/airflow/.local/lib/python3.10/site-packages/airflow/example_dags/example_python_operator.py
[2025-05-09T15:59:37.208+0000] {processor.py:840} INFO - DAG(s) 'example_python_operator' retrieved from /home/airflow/.local/lib/python3.10/site-packages/airflow/example_dags/example_python_operator.py
[2025-05-09T15:59:37.234+0000] {logging_mixin.py:188} INFO - [2025-05-09T15:59:37.234+0000] {dag.py:3096} INFO - Sync 1 DAGs
[2025-05-09T15:59:37.247+0000] {logging_mixin.py:188} INFO - [2025-05-09T15:59:37.247+0000] {dag.py:3954} INFO - Setting next_dagrun for example_python_operator to None, run_after=None
[2025-05-09T15:59:37.276+0000] {processor.py:183} INFO - Processing /home/airflow/.local/lib/python3.10/site-packages/airflow/example_dags/example_python_operator.py took 0.086 seconds
[2025-05-09T16:00:07.801+0000] {processor.py:161} INFO - Started process (PID=12609) to work on /home/airflow/.local/lib/python3.10/site-packages/airflow/example_dags/example_python_operator.py
[2025-05-09T16:00:07.803+0000] {processor.py:830} INFO - Processing file /home/airflow/.local/lib/python3.10/site-packages/airflow/example_dags/example_python_operator.py for tasks to queue
[2025-05-09T16:00:07.807+0000] {logging_mixin.py:188} INFO - [2025-05-09T16:00:07.806+0000] {dagbag.py:545} INFO - Filling up the DagBag from /home/airflow/.local/lib/python3.10/site-packages/airflow/example_dags/example_python_operator.py
[2025-05-09T16:00:07.818+0000] {processor.py:840} INFO - DAG(s) 'example_python_operator' retrieved from /home/airflow/.local/lib/python3.10/site-packages/airflow/example_dags/example_python_operator.py
[2025-05-09T16:00:07.856+0000] {logging_mixin.py:188} INFO - [2025-05-09T16:00:07.855+0000] {dag.py:3096} INFO - Sync 1 DAGs
[2025-05-09T16:00:07.883+0000] {logging_mixin.py:188} INFO - [2025-05-09T16:00:07.882+0000] {dag.py:3954} INFO - Setting next_dagrun for example_python_operator to None, run_after=None
[2025-05-09T16:00:07.913+0000] {processor.py:183} INFO - Processing /home/airflow/.local/lib/python3.10/site-packages/airflow/example_dags/example_python_operator.py took 0.119 seconds
[2025-05-09T16:00:38.157+0000] {processor.py:161} INFO - Started process (PID=12902) to work on /home/airflow/.local/lib/python3.10/site-packages/airflow/example_dags/example_python_operator.py
[2025-05-09T16:00:38.160+0000] {processor.py:830} INFO - Processing file /home/airflow/.local/lib/python3.10/site-packages/airflow/example_dags/example_python_operator.py for tasks to queue
[2025-05-09T16:00:38.163+0000] {logging_mixin.py:188} INFO - [2025-05-09T16:00:38.162+0000] {dagbag.py:545} INFO - Filling up the DagBag from /home/airflow/.local/lib/python3.10/site-packages/airflow/example_dags/example_python_operator.py
[2025-05-09T16:00:38.177+0000] {processor.py:840} INFO - DAG(s) 'example_python_operator' retrieved from /home/airflow/.local/lib/python3.10/site-packages/airflow/example_dags/example_python_operator.py
[2025-05-09T16:00:38.207+0000] {logging_mixin.py:188} INFO - [2025-05-09T16:00:38.206+0000] {dag.py:3096} INFO - Sync 1 DAGs
[2025-05-09T16:00:38.221+0000] {logging_mixin.py:188} INFO - [2025-05-09T16:00:38.221+0000] {dag.py:3954} INFO - Setting next_dagrun for example_python_operator to None, run_after=None
[2025-05-09T16:00:38.252+0000] {processor.py:183} INFO - Processing /home/airflow/.local/lib/python3.10/site-packages/airflow/example_dags/example_python_operator.py took 0.102 seconds
[2025-05-09T16:01:08.643+0000] {processor.py:161} INFO - Started process (PID=13185) to work on /home/airflow/.local/lib/python3.10/site-packages/airflow/example_dags/example_python_operator.py
[2025-05-09T16:01:08.645+0000] {processor.py:830} INFO - Processing file /home/airflow/.local/lib/python3.10/site-packages/airflow/example_dags/example_python_operator.py for tasks to queue
[2025-05-09T16:01:08.647+0000] {logging_mixin.py:188} INFO - [2025-05-09T16:01:08.646+0000] {dagbag.py:545} INFO - Filling up the DagBag from /home/airflow/.local/lib/python3.10/site-packages/airflow/example_dags/example_python_operator.py
[2025-05-09T16:01:08.659+0000] {processor.py:840} INFO - DAG(s) 'example_python_operator' retrieved from /home/airflow/.local/lib/python3.10/site-packages/airflow/example_dags/example_python_operator.py
[2025-05-09T16:01:08.690+0000] {logging_mixin.py:188} INFO - [2025-05-09T16:01:08.690+0000] {dag.py:3096} INFO - Sync 1 DAGs
[2025-05-09T16:01:08.706+0000] {logging_mixin.py:188} INFO - [2025-05-09T16:01:08.706+0000] {dag.py:3954} INFO - Setting next_dagrun for example_python_operator to None, run_after=None
[2025-05-09T16:01:08.740+0000] {processor.py:183} INFO - Processing /home/airflow/.local/lib/python3.10/site-packages/airflow/example_dags/example_python_operator.py took 0.106 seconds
[2025-05-09T16:01:39.306+0000] {processor.py:161} INFO - Started process (PID=13458) to work on /home/airflow/.local/lib/python3.10/site-packages/airflow/example_dags/example_python_operator.py
[2025-05-09T16:01:39.307+0000] {processor.py:830} INFO - Processing file /home/airflow/.local/lib/python3.10/site-packages/airflow/example_dags/example_python_operator.py for tasks to queue
[2025-05-09T16:01:39.308+0000] {logging_mixin.py:188} INFO - [2025-05-09T16:01:39.308+0000] {dagbag.py:545} INFO - Filling up the DagBag from /home/airflow/.local/lib/python3.10/site-packages/airflow/example_dags/example_python_operator.py
[2025-05-09T16:01:39.318+0000] {processor.py:840} INFO - DAG(s) 'example_python_operator' retrieved from /home/airflow/.local/lib/python3.10/site-packages/airflow/example_dags/example_python_operator.py
[2025-05-09T16:01:39.344+0000] {logging_mixin.py:188} INFO - [2025-05-09T16:01:39.344+0000] {dag.py:3096} INFO - Sync 1 DAGs
[2025-05-09T16:01:39.357+0000] {logging_mixin.py:188} INFO - [2025-05-09T16:01:39.357+0000] {dag.py:3954} INFO - Setting next_dagrun for example_python_operator to None, run_after=None
[2025-05-09T16:01:39.380+0000] {processor.py:183} INFO - Processing /home/airflow/.local/lib/python3.10/site-packages/airflow/example_dags/example_python_operator.py took 0.081 seconds
[2025-05-09T16:02:09.596+0000] {processor.py:161} INFO - Started process (PID=13767) to work on /home/airflow/.local/lib/python3.10/site-packages/airflow/example_dags/example_python_operator.py
[2025-05-09T16:02:09.597+0000] {processor.py:830} INFO - Processing file /home/airflow/.local/lib/python3.10/site-packages/airflow/example_dags/example_python_operator.py for tasks to queue
[2025-05-09T16:02:09.599+0000] {logging_mixin.py:188} INFO - [2025-05-09T16:02:09.599+0000] {dagbag.py:545} INFO - Filling up the DagBag from /home/airflow/.local/lib/python3.10/site-packages/airflow/example_dags/example_python_operator.py
[2025-05-09T16:02:09.610+0000] {processor.py:840} INFO - DAG(s) 'example_python_operator' retrieved from /home/airflow/.local/lib/python3.10/site-packages/airflow/example_dags/example_python_operator.py
[2025-05-09T16:02:09.641+0000] {logging_mixin.py:188} INFO - [2025-05-09T16:02:09.641+0000] {dag.py:3096} INFO - Sync 1 DAGs
[2025-05-09T16:02:09.658+0000] {logging_mixin.py:188} INFO - [2025-05-09T16:02:09.658+0000] {dag.py:3954} INFO - Setting next_dagrun for example_python_operator to None, run_after=None
[2025-05-09T16:02:09.689+0000] {processor.py:183} INFO - Processing /home/airflow/.local/lib/python3.10/site-packages/airflow/example_dags/example_python_operator.py took 0.101 seconds
[2025-05-09T16:02:40.320+0000] {processor.py:161} INFO - Started process (PID=14036) to work on /home/airflow/.local/lib/python3.10/site-packages/airflow/example_dags/example_python_operator.py
[2025-05-09T16:02:40.321+0000] {processor.py:830} INFO - Processing file /home/airflow/.local/lib/python3.10/site-packages/airflow/example_dags/example_python_operator.py for tasks to queue
[2025-05-09T16:02:40.322+0000] {logging_mixin.py:188} INFO - [2025-05-09T16:02:40.322+0000] {dagbag.py:545} INFO - Filling up the DagBag from /home/airflow/.local/lib/python3.10/site-packages/airflow/example_dags/example_python_operator.py
[2025-05-09T16:02:40.333+0000] {processor.py:840} INFO - DAG(s) 'example_python_operator' retrieved from /home/airflow/.local/lib/python3.10/site-packages/airflow/example_dags/example_python_operator.py
[2025-05-09T16:02:40.359+0000] {logging_mixin.py:188} INFO - [2025-05-09T16:02:40.359+0000] {dag.py:3096} INFO - Sync 1 DAGs
[2025-05-09T16:02:40.373+0000] {logging_mixin.py:188} INFO - [2025-05-09T16:02:40.373+0000] {dag.py:3954} INFO - Setting next_dagrun for example_python_operator to None, run_after=None
[2025-05-09T16:02:40.400+0000] {processor.py:183} INFO - Processing /home/airflow/.local/lib/python3.10/site-packages/airflow/example_dags/example_python_operator.py took 0.086 seconds
[2025-05-09T16:03:10.725+0000] {processor.py:161} INFO - Started process (PID=14351) to work on /home/airflow/.local/lib/python3.10/site-packages/airflow/example_dags/example_python_operator.py
[2025-05-09T16:03:10.728+0000] {processor.py:830} INFO - Processing file /home/airflow/.local/lib/python3.10/site-packages/airflow/example_dags/example_python_operator.py for tasks to queue
[2025-05-09T16:03:10.729+0000] {logging_mixin.py:188} INFO - [2025-05-09T16:03:10.729+0000] {dagbag.py:545} INFO - Filling up the DagBag from /home/airflow/.local/lib/python3.10/site-packages/airflow/example_dags/example_python_operator.py
[2025-05-09T16:03:10.742+0000] {processor.py:840} INFO - DAG(s) 'example_python_operator' retrieved from /home/airflow/.local/lib/python3.10/site-packages/airflow/example_dags/example_python_operator.py
[2025-05-09T16:03:10.767+0000] {logging_mixin.py:188} INFO - [2025-05-09T16:03:10.767+0000] {dag.py:3096} INFO - Sync 1 DAGs
[2025-05-09T16:03:10.780+0000] {logging_mixin.py:188} INFO - [2025-05-09T16:03:10.780+0000] {dag.py:3954} INFO - Setting next_dagrun for example_python_operator to None, run_after=None
[2025-05-09T16:03:10.803+0000] {processor.py:183} INFO - Processing /home/airflow/.local/lib/python3.10/site-packages/airflow/example_dags/example_python_operator.py took 0.083 seconds
[2025-05-09T16:03:41.508+0000] {processor.py:161} INFO - Started process (PID=14619) to work on /home/airflow/.local/lib/python3.10/site-packages/airflow/example_dags/example_python_operator.py
[2025-05-09T16:03:41.509+0000] {processor.py:830} INFO - Processing file /home/airflow/.local/lib/python3.10/site-packages/airflow/example_dags/example_python_operator.py for tasks to queue
[2025-05-09T16:03:41.511+0000] {logging_mixin.py:188} INFO - [2025-05-09T16:03:41.511+0000] {dagbag.py:545} INFO - Filling up the DagBag from /home/airflow/.local/lib/python3.10/site-packages/airflow/example_dags/example_python_operator.py
[2025-05-09T16:03:41.521+0000] {processor.py:840} INFO - DAG(s) 'example_python_operator' retrieved from /home/airflow/.local/lib/python3.10/site-packages/airflow/example_dags/example_python_operator.py
[2025-05-09T16:03:41.542+0000] {logging_mixin.py:188} INFO - [2025-05-09T16:03:41.542+0000] {dag.py:3096} INFO - Sync 1 DAGs
[2025-05-09T16:03:41.554+0000] {logging_mixin.py:188} INFO - [2025-05-09T16:03:41.554+0000] {dag.py:3954} INFO - Setting next_dagrun for example_python_operator to None, run_after=None
[2025-05-09T16:03:41.577+0000] {processor.py:183} INFO - Processing /home/airflow/.local/lib/python3.10/site-packages/airflow/example_dags/example_python_operator.py took 0.074 seconds
[2025-05-09T16:04:11.751+0000] {processor.py:161} INFO - Started process (PID=14881) to work on /home/airflow/.local/lib/python3.10/site-packages/airflow/example_dags/example_python_operator.py
[2025-05-09T16:04:11.753+0000] {processor.py:830} INFO - Processing file /home/airflow/.local/lib/python3.10/site-packages/airflow/example_dags/example_python_operator.py for tasks to queue
[2025-05-09T16:04:11.754+0000] {logging_mixin.py:188} INFO - [2025-05-09T16:04:11.754+0000] {dagbag.py:545} INFO - Filling up the DagBag from /home/airflow/.local/lib/python3.10/site-packages/airflow/example_dags/example_python_operator.py
[2025-05-09T16:04:11.764+0000] {processor.py:840} INFO - DAG(s) 'example_python_operator' retrieved from /home/airflow/.local/lib/python3.10/site-packages/airflow/example_dags/example_python_operator.py
[2025-05-09T16:04:11.792+0000] {logging_mixin.py:188} INFO - [2025-05-09T16:04:11.792+0000] {dag.py:3096} INFO - Sync 1 DAGs
[2025-05-09T16:04:11.806+0000] {logging_mixin.py:188} INFO - [2025-05-09T16:04:11.806+0000] {dag.py:3954} INFO - Setting next_dagrun for example_python_operator to None, run_after=None
[2025-05-09T16:04:11.829+0000] {processor.py:183} INFO - Processing /home/airflow/.local/lib/python3.10/site-packages/airflow/example_dags/example_python_operator.py took 0.083 seconds
[2025-05-09T16:05:14.415+0000] {processor.py:161} INFO - Started process (PID=171) to work on /home/airflow/.local/lib/python3.10/site-packages/airflow/example_dags/example_python_operator.py
[2025-05-09T16:05:14.418+0000] {processor.py:830} INFO - Processing file /home/airflow/.local/lib/python3.10/site-packages/airflow/example_dags/example_python_operator.py for tasks to queue
[2025-05-09T16:05:14.422+0000] {logging_mixin.py:188} INFO - [2025-05-09T16:05:14.421+0000] {dagbag.py:545} INFO - Filling up the DagBag from /home/airflow/.local/lib/python3.10/site-packages/airflow/example_dags/example_python_operator.py
[2025-05-09T16:05:14.459+0000] {processor.py:840} INFO - DAG(s) 'example_python_operator' retrieved from /home/airflow/.local/lib/python3.10/site-packages/airflow/example_dags/example_python_operator.py
[2025-05-09T16:05:14.540+0000] {logging_mixin.py:188} INFO - [2025-05-09T16:05:14.539+0000] {dag.py:3096} INFO - Sync 1 DAGs
[2025-05-09T16:05:14.571+0000] {logging_mixin.py:188} INFO - [2025-05-09T16:05:14.570+0000] {dag.py:3954} INFO - Setting next_dagrun for example_python_operator to None, run_after=None
[2025-05-09T16:05:14.605+0000] {processor.py:183} INFO - Processing /home/airflow/.local/lib/python3.10/site-packages/airflow/example_dags/example_python_operator.py took 0.202 seconds
[2025-05-09T16:05:45.269+0000] {processor.py:161} INFO - Started process (PID=433) to work on /home/airflow/.local/lib/python3.10/site-packages/airflow/example_dags/example_python_operator.py
[2025-05-09T16:05:45.272+0000] {processor.py:830} INFO - Processing file /home/airflow/.local/lib/python3.10/site-packages/airflow/example_dags/example_python_operator.py for tasks to queue
[2025-05-09T16:05:45.276+0000] {logging_mixin.py:188} INFO - [2025-05-09T16:05:45.276+0000] {dagbag.py:545} INFO - Filling up the DagBag from /home/airflow/.local/lib/python3.10/site-packages/airflow/example_dags/example_python_operator.py
[2025-05-09T16:05:45.294+0000] {processor.py:840} INFO - DAG(s) 'example_python_operator' retrieved from /home/airflow/.local/lib/python3.10/site-packages/airflow/example_dags/example_python_operator.py
[2025-05-09T16:05:45.438+0000] {logging_mixin.py:188} INFO - [2025-05-09T16:05:45.438+0000] {dag.py:3096} INFO - Sync 1 DAGs
[2025-05-09T16:05:45.451+0000] {logging_mixin.py:188} INFO - [2025-05-09T16:05:45.450+0000] {dag.py:3954} INFO - Setting next_dagrun for example_python_operator to None, run_after=None
[2025-05-09T16:05:45.479+0000] {processor.py:183} INFO - Processing /home/airflow/.local/lib/python3.10/site-packages/airflow/example_dags/example_python_operator.py took 0.218 seconds
[2025-05-09T16:06:16.197+0000] {processor.py:161} INFO - Started process (PID=695) to work on /home/airflow/.local/lib/python3.10/site-packages/airflow/example_dags/example_python_operator.py
[2025-05-09T16:06:16.199+0000] {processor.py:830} INFO - Processing file /home/airflow/.local/lib/python3.10/site-packages/airflow/example_dags/example_python_operator.py for tasks to queue
[2025-05-09T16:06:16.201+0000] {logging_mixin.py:188} INFO - [2025-05-09T16:06:16.201+0000] {dagbag.py:545} INFO - Filling up the DagBag from /home/airflow/.local/lib/python3.10/site-packages/airflow/example_dags/example_python_operator.py
[2025-05-09T16:06:16.213+0000] {processor.py:840} INFO - DAG(s) 'example_python_operator' retrieved from /home/airflow/.local/lib/python3.10/site-packages/airflow/example_dags/example_python_operator.py
[2025-05-09T16:06:16.239+0000] {logging_mixin.py:188} INFO - [2025-05-09T16:06:16.238+0000] {dag.py:3096} INFO - Sync 1 DAGs
[2025-05-09T16:06:16.255+0000] {logging_mixin.py:188} INFO - [2025-05-09T16:06:16.254+0000] {dag.py:3954} INFO - Setting next_dagrun for example_python_operator to None, run_after=None
[2025-05-09T16:06:16.286+0000] {processor.py:183} INFO - Processing /home/airflow/.local/lib/python3.10/site-packages/airflow/example_dags/example_python_operator.py took 0.096 seconds
[2025-05-09T16:06:46.569+0000] {processor.py:161} INFO - Started process (PID=954) to work on /home/airflow/.local/lib/python3.10/site-packages/airflow/example_dags/example_python_operator.py
[2025-05-09T16:06:46.570+0000] {processor.py:830} INFO - Processing file /home/airflow/.local/lib/python3.10/site-packages/airflow/example_dags/example_python_operator.py for tasks to queue
[2025-05-09T16:06:46.575+0000] {logging_mixin.py:188} INFO - [2025-05-09T16:06:46.574+0000] {dagbag.py:545} INFO - Filling up the DagBag from /home/airflow/.local/lib/python3.10/site-packages/airflow/example_dags/example_python_operator.py
[2025-05-09T16:06:46.590+0000] {processor.py:840} INFO - DAG(s) 'example_python_operator' retrieved from /home/airflow/.local/lib/python3.10/site-packages/airflow/example_dags/example_python_operator.py
[2025-05-09T16:06:46.627+0000] {logging_mixin.py:188} INFO - [2025-05-09T16:06:46.626+0000] {dag.py:3096} INFO - Sync 1 DAGs
[2025-05-09T16:06:46.649+0000] {logging_mixin.py:188} INFO - [2025-05-09T16:06:46.649+0000] {dag.py:3954} INFO - Setting next_dagrun for example_python_operator to None, run_after=None
[2025-05-09T16:06:46.709+0000] {processor.py:183} INFO - Processing /home/airflow/.local/lib/python3.10/site-packages/airflow/example_dags/example_python_operator.py took 0.148 seconds
[2025-05-09T16:07:17.614+0000] {processor.py:161} INFO - Started process (PID=1255) to work on /home/airflow/.local/lib/python3.10/site-packages/airflow/example_dags/example_python_operator.py
[2025-05-09T16:07:17.616+0000] {processor.py:830} INFO - Processing file /home/airflow/.local/lib/python3.10/site-packages/airflow/example_dags/example_python_operator.py for tasks to queue
[2025-05-09T16:07:17.618+0000] {logging_mixin.py:188} INFO - [2025-05-09T16:07:17.618+0000] {dagbag.py:545} INFO - Filling up the DagBag from /home/airflow/.local/lib/python3.10/site-packages/airflow/example_dags/example_python_operator.py
[2025-05-09T16:07:17.630+0000] {processor.py:840} INFO - DAG(s) 'example_python_operator' retrieved from /home/airflow/.local/lib/python3.10/site-packages/airflow/example_dags/example_python_operator.py
[2025-05-09T16:07:17.663+0000] {logging_mixin.py:188} INFO - [2025-05-09T16:07:17.662+0000] {dag.py:3096} INFO - Sync 1 DAGs
[2025-05-09T16:07:17.686+0000] {logging_mixin.py:188} INFO - [2025-05-09T16:07:17.685+0000] {dag.py:3954} INFO - Setting next_dagrun for example_python_operator to None, run_after=None
[2025-05-09T16:07:17.721+0000] {processor.py:183} INFO - Processing /home/airflow/.local/lib/python3.10/site-packages/airflow/example_dags/example_python_operator.py took 0.114 seconds
[2025-05-09T16:07:47.932+0000] {processor.py:161} INFO - Started process (PID=1520) to work on /home/airflow/.local/lib/python3.10/site-packages/airflow/example_dags/example_python_operator.py
[2025-05-09T16:07:47.934+0000] {processor.py:830} INFO - Processing file /home/airflow/.local/lib/python3.10/site-packages/airflow/example_dags/example_python_operator.py for tasks to queue
[2025-05-09T16:07:47.936+0000] {logging_mixin.py:188} INFO - [2025-05-09T16:07:47.936+0000] {dagbag.py:545} INFO - Filling up the DagBag from /home/airflow/.local/lib/python3.10/site-packages/airflow/example_dags/example_python_operator.py
[2025-05-09T16:07:47.946+0000] {processor.py:840} INFO - DAG(s) 'example_python_operator' retrieved from /home/airflow/.local/lib/python3.10/site-packages/airflow/example_dags/example_python_operator.py
[2025-05-09T16:07:47.974+0000] {logging_mixin.py:188} INFO - [2025-05-09T16:07:47.974+0000] {dag.py:3096} INFO - Sync 1 DAGs
[2025-05-09T16:07:47.988+0000] {logging_mixin.py:188} INFO - [2025-05-09T16:07:47.988+0000] {dag.py:3954} INFO - Setting next_dagrun for example_python_operator to None, run_after=None
[2025-05-09T16:07:48.016+0000] {processor.py:183} INFO - Processing /home/airflow/.local/lib/python3.10/site-packages/airflow/example_dags/example_python_operator.py took 0.090 seconds
[2025-05-09T16:08:18.235+0000] {processor.py:161} INFO - Started process (PID=1788) to work on /home/airflow/.local/lib/python3.10/site-packages/airflow/example_dags/example_python_operator.py
[2025-05-09T16:08:18.238+0000] {processor.py:830} INFO - Processing file /home/airflow/.local/lib/python3.10/site-packages/airflow/example_dags/example_python_operator.py for tasks to queue
[2025-05-09T16:08:18.240+0000] {logging_mixin.py:188} INFO - [2025-05-09T16:08:18.240+0000] {dagbag.py:545} INFO - Filling up the DagBag from /home/airflow/.local/lib/python3.10/site-packages/airflow/example_dags/example_python_operator.py
[2025-05-09T16:08:18.249+0000] {processor.py:840} INFO - DAG(s) 'example_python_operator' retrieved from /home/airflow/.local/lib/python3.10/site-packages/airflow/example_dags/example_python_operator.py
[2025-05-09T16:08:18.270+0000] {logging_mixin.py:188} INFO - [2025-05-09T16:08:18.270+0000] {dag.py:3096} INFO - Sync 1 DAGs
[2025-05-09T16:08:18.282+0000] {logging_mixin.py:188} INFO - [2025-05-09T16:08:18.282+0000] {dag.py:3954} INFO - Setting next_dagrun for example_python_operator to None, run_after=None
[2025-05-09T16:08:18.309+0000] {processor.py:183} INFO - Processing /home/airflow/.local/lib/python3.10/site-packages/airflow/example_dags/example_python_operator.py took 0.080 seconds
[2025-05-09T16:08:48.461+0000] {processor.py:161} INFO - Started process (PID=2072) to work on /home/airflow/.local/lib/python3.10/site-packages/airflow/example_dags/example_python_operator.py
[2025-05-09T16:08:48.463+0000] {processor.py:830} INFO - Processing file /home/airflow/.local/lib/python3.10/site-packages/airflow/example_dags/example_python_operator.py for tasks to queue
[2025-05-09T16:08:48.466+0000] {logging_mixin.py:188} INFO - [2025-05-09T16:08:48.465+0000] {dagbag.py:545} INFO - Filling up the DagBag from /home/airflow/.local/lib/python3.10/site-packages/airflow/example_dags/example_python_operator.py
[2025-05-09T16:08:48.481+0000] {processor.py:840} INFO - DAG(s) 'example_python_operator' retrieved from /home/airflow/.local/lib/python3.10/site-packages/airflow/example_dags/example_python_operator.py
[2025-05-09T16:08:48.514+0000] {logging_mixin.py:188} INFO - [2025-05-09T16:08:48.514+0000] {dag.py:3096} INFO - Sync 1 DAGs
[2025-05-09T16:08:48.529+0000] {logging_mixin.py:188} INFO - [2025-05-09T16:08:48.529+0000] {dag.py:3954} INFO - Setting next_dagrun for example_python_operator to None, run_after=None
[2025-05-09T16:08:48.558+0000] {processor.py:183} INFO - Processing /home/airflow/.local/lib/python3.10/site-packages/airflow/example_dags/example_python_operator.py took 0.104 seconds
[2025-05-09T16:09:19.154+0000] {processor.py:161} INFO - Started process (PID=2348) to work on /home/airflow/.local/lib/python3.10/site-packages/airflow/example_dags/example_python_operator.py
[2025-05-09T16:09:19.156+0000] {processor.py:830} INFO - Processing file /home/airflow/.local/lib/python3.10/site-packages/airflow/example_dags/example_python_operator.py for tasks to queue
[2025-05-09T16:09:19.160+0000] {logging_mixin.py:188} INFO - [2025-05-09T16:09:19.159+0000] {dagbag.py:545} INFO - Filling up the DagBag from /home/airflow/.local/lib/python3.10/site-packages/airflow/example_dags/example_python_operator.py
[2025-05-09T16:09:19.175+0000] {processor.py:840} INFO - DAG(s) 'example_python_operator' retrieved from /home/airflow/.local/lib/python3.10/site-packages/airflow/example_dags/example_python_operator.py
[2025-05-09T16:09:19.208+0000] {logging_mixin.py:188} INFO - [2025-05-09T16:09:19.208+0000] {dag.py:3096} INFO - Sync 1 DAGs
[2025-05-09T16:09:19.224+0000] {logging_mixin.py:188} INFO - [2025-05-09T16:09:19.223+0000] {dag.py:3954} INFO - Setting next_dagrun for example_python_operator to None, run_after=None
[2025-05-09T16:09:19.256+0000] {processor.py:183} INFO - Processing /home/airflow/.local/lib/python3.10/site-packages/airflow/example_dags/example_python_operator.py took 0.111 seconds
[2025-05-09T16:09:49.708+0000] {processor.py:161} INFO - Started process (PID=2610) to work on /home/airflow/.local/lib/python3.10/site-packages/airflow/example_dags/example_python_operator.py
[2025-05-09T16:09:49.711+0000] {processor.py:830} INFO - Processing file /home/airflow/.local/lib/python3.10/site-packages/airflow/example_dags/example_python_operator.py for tasks to queue
[2025-05-09T16:09:49.714+0000] {logging_mixin.py:188} INFO - [2025-05-09T16:09:49.714+0000] {dagbag.py:545} INFO - Filling up the DagBag from /home/airflow/.local/lib/python3.10/site-packages/airflow/example_dags/example_python_operator.py
[2025-05-09T16:09:49.729+0000] {processor.py:840} INFO - DAG(s) 'example_python_operator' retrieved from /home/airflow/.local/lib/python3.10/site-packages/airflow/example_dags/example_python_operator.py
[2025-05-09T16:09:49.767+0000] {logging_mixin.py:188} INFO - [2025-05-09T16:09:49.767+0000] {dag.py:3096} INFO - Sync 1 DAGs
[2025-05-09T16:09:49.788+0000] {logging_mixin.py:188} INFO - [2025-05-09T16:09:49.787+0000] {dag.py:3954} INFO - Setting next_dagrun for example_python_operator to None, run_after=None
[2025-05-09T16:09:49.823+0000] {processor.py:183} INFO - Processing /home/airflow/.local/lib/python3.10/site-packages/airflow/example_dags/example_python_operator.py took 0.125 seconds
[2025-05-09T16:10:20.449+0000] {processor.py:161} INFO - Started process (PID=2878) to work on /home/airflow/.local/lib/python3.10/site-packages/airflow/example_dags/example_python_operator.py
[2025-05-09T16:10:20.452+0000] {processor.py:830} INFO - Processing file /home/airflow/.local/lib/python3.10/site-packages/airflow/example_dags/example_python_operator.py for tasks to queue
[2025-05-09T16:10:20.454+0000] {logging_mixin.py:188} INFO - [2025-05-09T16:10:20.454+0000] {dagbag.py:545} INFO - Filling up the DagBag from /home/airflow/.local/lib/python3.10/site-packages/airflow/example_dags/example_python_operator.py
[2025-05-09T16:10:20.464+0000] {processor.py:840} INFO - DAG(s) 'example_python_operator' retrieved from /home/airflow/.local/lib/python3.10/site-packages/airflow/example_dags/example_python_operator.py
[2025-05-09T16:10:20.495+0000] {logging_mixin.py:188} INFO - [2025-05-09T16:10:20.494+0000] {dag.py:3096} INFO - Sync 1 DAGs
[2025-05-09T16:10:20.509+0000] {logging_mixin.py:188} INFO - [2025-05-09T16:10:20.509+0000] {dag.py:3954} INFO - Setting next_dagrun for example_python_operator to None, run_after=None
[2025-05-09T16:10:20.547+0000] {processor.py:183} INFO - Processing /home/airflow/.local/lib/python3.10/site-packages/airflow/example_dags/example_python_operator.py took 0.105 seconds
[2025-05-09T16:10:50.746+0000] {processor.py:161} INFO - Started process (PID=3146) to work on /home/airflow/.local/lib/python3.10/site-packages/airflow/example_dags/example_python_operator.py
[2025-05-09T16:10:50.747+0000] {processor.py:830} INFO - Processing file /home/airflow/.local/lib/python3.10/site-packages/airflow/example_dags/example_python_operator.py for tasks to queue
[2025-05-09T16:10:50.749+0000] {logging_mixin.py:188} INFO - [2025-05-09T16:10:50.749+0000] {dagbag.py:545} INFO - Filling up the DagBag from /home/airflow/.local/lib/python3.10/site-packages/airflow/example_dags/example_python_operator.py
[2025-05-09T16:10:50.760+0000] {processor.py:840} INFO - DAG(s) 'example_python_operator' retrieved from /home/airflow/.local/lib/python3.10/site-packages/airflow/example_dags/example_python_operator.py
[2025-05-09T16:10:50.792+0000] {logging_mixin.py:188} INFO - [2025-05-09T16:10:50.791+0000] {dag.py:3096} INFO - Sync 1 DAGs
[2025-05-09T16:10:50.812+0000] {logging_mixin.py:188} INFO - [2025-05-09T16:10:50.812+0000] {dag.py:3954} INFO - Setting next_dagrun for example_python_operator to None, run_after=None
[2025-05-09T16:10:50.840+0000] {processor.py:183} INFO - Processing /home/airflow/.local/lib/python3.10/site-packages/airflow/example_dags/example_python_operator.py took 0.099 seconds
[2025-05-09T16:11:21.017+0000] {processor.py:161} INFO - Started process (PID=3414) to work on /home/airflow/.local/lib/python3.10/site-packages/airflow/example_dags/example_python_operator.py
[2025-05-09T16:11:21.018+0000] {processor.py:830} INFO - Processing file /home/airflow/.local/lib/python3.10/site-packages/airflow/example_dags/example_python_operator.py for tasks to queue
[2025-05-09T16:11:21.020+0000] {logging_mixin.py:188} INFO - [2025-05-09T16:11:21.020+0000] {dagbag.py:545} INFO - Filling up the DagBag from /home/airflow/.local/lib/python3.10/site-packages/airflow/example_dags/example_python_operator.py
[2025-05-09T16:11:21.030+0000] {processor.py:840} INFO - DAG(s) 'example_python_operator' retrieved from /home/airflow/.local/lib/python3.10/site-packages/airflow/example_dags/example_python_operator.py
[2025-05-09T16:11:21.058+0000] {logging_mixin.py:188} INFO - [2025-05-09T16:11:21.058+0000] {dag.py:3096} INFO - Sync 1 DAGs
[2025-05-09T16:11:21.070+0000] {logging_mixin.py:188} INFO - [2025-05-09T16:11:21.070+0000] {dag.py:3954} INFO - Setting next_dagrun for example_python_operator to None, run_after=None
[2025-05-09T16:11:21.097+0000] {processor.py:183} INFO - Processing /home/airflow/.local/lib/python3.10/site-packages/airflow/example_dags/example_python_operator.py took 0.085 seconds
[2025-05-09T16:11:51.202+0000] {processor.py:161} INFO - Started process (PID=3688) to work on /home/airflow/.local/lib/python3.10/site-packages/airflow/example_dags/example_python_operator.py
[2025-05-09T16:11:51.203+0000] {processor.py:830} INFO - Processing file /home/airflow/.local/lib/python3.10/site-packages/airflow/example_dags/example_python_operator.py for tasks to queue
[2025-05-09T16:11:51.206+0000] {logging_mixin.py:188} INFO - [2025-05-09T16:11:51.206+0000] {dagbag.py:545} INFO - Filling up the DagBag from /home/airflow/.local/lib/python3.10/site-packages/airflow/example_dags/example_python_operator.py
[2025-05-09T16:11:51.218+0000] {processor.py:840} INFO - DAG(s) 'example_python_operator' retrieved from /home/airflow/.local/lib/python3.10/site-packages/airflow/example_dags/example_python_operator.py
[2025-05-09T16:11:51.248+0000] {logging_mixin.py:188} INFO - [2025-05-09T16:11:51.248+0000] {dag.py:3096} INFO - Sync 1 DAGs
[2025-05-09T16:11:51.263+0000] {logging_mixin.py:188} INFO - [2025-05-09T16:11:51.262+0000] {dag.py:3954} INFO - Setting next_dagrun for example_python_operator to None, run_after=None
[2025-05-09T16:11:51.289+0000] {processor.py:183} INFO - Processing /home/airflow/.local/lib/python3.10/site-packages/airflow/example_dags/example_python_operator.py took 0.096 seconds
[2025-05-09T16:12:21.678+0000] {processor.py:161} INFO - Started process (PID=3964) to work on /home/airflow/.local/lib/python3.10/site-packages/airflow/example_dags/example_python_operator.py
[2025-05-09T16:12:21.680+0000] {processor.py:830} INFO - Processing file /home/airflow/.local/lib/python3.10/site-packages/airflow/example_dags/example_python_operator.py for tasks to queue
[2025-05-09T16:12:21.686+0000] {logging_mixin.py:188} INFO - [2025-05-09T16:12:21.685+0000] {dagbag.py:545} INFO - Filling up the DagBag from /home/airflow/.local/lib/python3.10/site-packages/airflow/example_dags/example_python_operator.py
[2025-05-09T16:12:21.718+0000] {processor.py:840} INFO - DAG(s) 'example_python_operator' retrieved from /home/airflow/.local/lib/python3.10/site-packages/airflow/example_dags/example_python_operator.py
[2025-05-09T16:12:21.774+0000] {logging_mixin.py:188} INFO - [2025-05-09T16:12:21.773+0000] {dag.py:3096} INFO - Sync 1 DAGs
[2025-05-09T16:12:21.807+0000] {logging_mixin.py:188} INFO - [2025-05-09T16:12:21.806+0000] {dag.py:3954} INFO - Setting next_dagrun for example_python_operator to None, run_after=None
[2025-05-09T16:12:21.845+0000] {processor.py:183} INFO - Processing /home/airflow/.local/lib/python3.10/site-packages/airflow/example_dags/example_python_operator.py took 0.184 seconds
[2025-05-09T16:12:52.577+0000] {processor.py:161} INFO - Started process (PID=4227) to work on /home/airflow/.local/lib/python3.10/site-packages/airflow/example_dags/example_python_operator.py
[2025-05-09T16:12:52.578+0000] {processor.py:830} INFO - Processing file /home/airflow/.local/lib/python3.10/site-packages/airflow/example_dags/example_python_operator.py for tasks to queue
[2025-05-09T16:12:52.580+0000] {logging_mixin.py:188} INFO - [2025-05-09T16:12:52.580+0000] {dagbag.py:545} INFO - Filling up the DagBag from /home/airflow/.local/lib/python3.10/site-packages/airflow/example_dags/example_python_operator.py
[2025-05-09T16:12:52.590+0000] {processor.py:840} INFO - DAG(s) 'example_python_operator' retrieved from /home/airflow/.local/lib/python3.10/site-packages/airflow/example_dags/example_python_operator.py
[2025-05-09T16:12:52.623+0000] {logging_mixin.py:188} INFO - [2025-05-09T16:12:52.622+0000] {dag.py:3096} INFO - Sync 1 DAGs
[2025-05-09T16:12:52.640+0000] {logging_mixin.py:188} INFO - [2025-05-09T16:12:52.640+0000] {dag.py:3954} INFO - Setting next_dagrun for example_python_operator to None, run_after=None
[2025-05-09T16:12:52.670+0000] {processor.py:183} INFO - Processing /home/airflow/.local/lib/python3.10/site-packages/airflow/example_dags/example_python_operator.py took 0.100 seconds
[2025-05-09T16:13:23.168+0000] {processor.py:161} INFO - Started process (PID=4498) to work on /home/airflow/.local/lib/python3.10/site-packages/airflow/example_dags/example_python_operator.py
[2025-05-09T16:13:23.170+0000] {processor.py:830} INFO - Processing file /home/airflow/.local/lib/python3.10/site-packages/airflow/example_dags/example_python_operator.py for tasks to queue
[2025-05-09T16:13:23.172+0000] {logging_mixin.py:188} INFO - [2025-05-09T16:13:23.172+0000] {dagbag.py:545} INFO - Filling up the DagBag from /home/airflow/.local/lib/python3.10/site-packages/airflow/example_dags/example_python_operator.py
[2025-05-09T16:13:23.182+0000] {processor.py:840} INFO - DAG(s) 'example_python_operator' retrieved from /home/airflow/.local/lib/python3.10/site-packages/airflow/example_dags/example_python_operator.py
[2025-05-09T16:13:23.206+0000] {logging_mixin.py:188} INFO - [2025-05-09T16:13:23.205+0000] {dag.py:3096} INFO - Sync 1 DAGs
[2025-05-09T16:13:23.218+0000] {logging_mixin.py:188} INFO - [2025-05-09T16:13:23.218+0000] {dag.py:3954} INFO - Setting next_dagrun for example_python_operator to None, run_after=None
[2025-05-09T16:13:23.245+0000] {processor.py:183} INFO - Processing /home/airflow/.local/lib/python3.10/site-packages/airflow/example_dags/example_python_operator.py took 0.082 seconds
[2025-05-09T16:13:53.616+0000] {processor.py:161} INFO - Started process (PID=4760) to work on /home/airflow/.local/lib/python3.10/site-packages/airflow/example_dags/example_python_operator.py
[2025-05-09T16:13:53.618+0000] {processor.py:830} INFO - Processing file /home/airflow/.local/lib/python3.10/site-packages/airflow/example_dags/example_python_operator.py for tasks to queue
[2025-05-09T16:13:53.620+0000] {logging_mixin.py:188} INFO - [2025-05-09T16:13:53.620+0000] {dagbag.py:545} INFO - Filling up the DagBag from /home/airflow/.local/lib/python3.10/site-packages/airflow/example_dags/example_python_operator.py
[2025-05-09T16:13:53.630+0000] {processor.py:840} INFO - DAG(s) 'example_python_operator' retrieved from /home/airflow/.local/lib/python3.10/site-packages/airflow/example_dags/example_python_operator.py
[2025-05-09T16:13:53.655+0000] {logging_mixin.py:188} INFO - [2025-05-09T16:13:53.654+0000] {dag.py:3096} INFO - Sync 1 DAGs
[2025-05-09T16:13:53.667+0000] {logging_mixin.py:188} INFO - [2025-05-09T16:13:53.667+0000] {dag.py:3954} INFO - Setting next_dagrun for example_python_operator to None, run_after=None
[2025-05-09T16:13:53.692+0000] {processor.py:183} INFO - Processing /home/airflow/.local/lib/python3.10/site-packages/airflow/example_dags/example_python_operator.py took 0.082 seconds
[2025-05-09T16:14:24.518+0000] {processor.py:161} INFO - Started process (PID=5046) to work on /home/airflow/.local/lib/python3.10/site-packages/airflow/example_dags/example_python_operator.py
[2025-05-09T16:14:24.520+0000] {processor.py:830} INFO - Processing file /home/airflow/.local/lib/python3.10/site-packages/airflow/example_dags/example_python_operator.py for tasks to queue
[2025-05-09T16:14:24.523+0000] {logging_mixin.py:188} INFO - [2025-05-09T16:14:24.522+0000] {dagbag.py:545} INFO - Filling up the DagBag from /home/airflow/.local/lib/python3.10/site-packages/airflow/example_dags/example_python_operator.py
[2025-05-09T16:14:24.544+0000] {processor.py:840} INFO - DAG(s) 'example_python_operator' retrieved from /home/airflow/.local/lib/python3.10/site-packages/airflow/example_dags/example_python_operator.py
[2025-05-09T16:14:24.578+0000] {logging_mixin.py:188} INFO - [2025-05-09T16:14:24.578+0000] {dag.py:3096} INFO - Sync 1 DAGs
[2025-05-09T16:14:24.598+0000] {logging_mixin.py:188} INFO - [2025-05-09T16:14:24.597+0000] {dag.py:3954} INFO - Setting next_dagrun for example_python_operator to None, run_after=None
[2025-05-09T16:14:24.632+0000] {processor.py:183} INFO - Processing /home/airflow/.local/lib/python3.10/site-packages/airflow/example_dags/example_python_operator.py took 0.125 seconds
[2025-05-09T16:14:54.743+0000] {processor.py:161} INFO - Started process (PID=5311) to work on /home/airflow/.local/lib/python3.10/site-packages/airflow/example_dags/example_python_operator.py
[2025-05-09T16:14:54.744+0000] {processor.py:830} INFO - Processing file /home/airflow/.local/lib/python3.10/site-packages/airflow/example_dags/example_python_operator.py for tasks to queue
[2025-05-09T16:14:54.746+0000] {logging_mixin.py:188} INFO - [2025-05-09T16:14:54.746+0000] {dagbag.py:545} INFO - Filling up the DagBag from /home/airflow/.local/lib/python3.10/site-packages/airflow/example_dags/example_python_operator.py
[2025-05-09T16:14:54.758+0000] {processor.py:840} INFO - DAG(s) 'example_python_operator' retrieved from /home/airflow/.local/lib/python3.10/site-packages/airflow/example_dags/example_python_operator.py
[2025-05-09T16:14:54.782+0000] {logging_mixin.py:188} INFO - [2025-05-09T16:14:54.782+0000] {dag.py:3096} INFO - Sync 1 DAGs
[2025-05-09T16:14:54.794+0000] {logging_mixin.py:188} INFO - [2025-05-09T16:14:54.793+0000] {dag.py:3954} INFO - Setting next_dagrun for example_python_operator to None, run_after=None
[2025-05-09T16:14:54.813+0000] {processor.py:183} INFO - Processing /home/airflow/.local/lib/python3.10/site-packages/airflow/example_dags/example_python_operator.py took 0.076 seconds
[2025-05-09T16:15:24.921+0000] {processor.py:161} INFO - Started process (PID=5582) to work on /home/airflow/.local/lib/python3.10/site-packages/airflow/example_dags/example_python_operator.py
[2025-05-09T16:15:24.922+0000] {processor.py:830} INFO - Processing file /home/airflow/.local/lib/python3.10/site-packages/airflow/example_dags/example_python_operator.py for tasks to queue
[2025-05-09T16:15:24.924+0000] {logging_mixin.py:188} INFO - [2025-05-09T16:15:24.924+0000] {dagbag.py:545} INFO - Filling up the DagBag from /home/airflow/.local/lib/python3.10/site-packages/airflow/example_dags/example_python_operator.py
[2025-05-09T16:15:24.935+0000] {processor.py:840} INFO - DAG(s) 'example_python_operator' retrieved from /home/airflow/.local/lib/python3.10/site-packages/airflow/example_dags/example_python_operator.py
[2025-05-09T16:15:24.960+0000] {logging_mixin.py:188} INFO - [2025-05-09T16:15:24.960+0000] {dag.py:3096} INFO - Sync 1 DAGs
[2025-05-09T16:15:24.973+0000] {logging_mixin.py:188} INFO - [2025-05-09T16:15:24.973+0000] {dag.py:3954} INFO - Setting next_dagrun for example_python_operator to None, run_after=None
[2025-05-09T16:15:25.001+0000] {processor.py:183} INFO - Processing /home/airflow/.local/lib/python3.10/site-packages/airflow/example_dags/example_python_operator.py took 0.087 seconds
[2025-05-09T16:15:55.110+0000] {processor.py:161} INFO - Started process (PID=5865) to work on /home/airflow/.local/lib/python3.10/site-packages/airflow/example_dags/example_python_operator.py
[2025-05-09T16:15:55.113+0000] {processor.py:830} INFO - Processing file /home/airflow/.local/lib/python3.10/site-packages/airflow/example_dags/example_python_operator.py for tasks to queue
[2025-05-09T16:15:55.118+0000] {logging_mixin.py:188} INFO - [2025-05-09T16:15:55.117+0000] {dagbag.py:545} INFO - Filling up the DagBag from /home/airflow/.local/lib/python3.10/site-packages/airflow/example_dags/example_python_operator.py
[2025-05-09T16:15:55.131+0000] {processor.py:840} INFO - DAG(s) 'example_python_operator' retrieved from /home/airflow/.local/lib/python3.10/site-packages/airflow/example_dags/example_python_operator.py
[2025-05-09T16:15:55.159+0000] {logging_mixin.py:188} INFO - [2025-05-09T16:15:55.159+0000] {dag.py:3096} INFO - Sync 1 DAGs
[2025-05-09T16:15:55.174+0000] {logging_mixin.py:188} INFO - [2025-05-09T16:15:55.174+0000] {dag.py:3954} INFO - Setting next_dagrun for example_python_operator to None, run_after=None
[2025-05-09T16:15:55.200+0000] {processor.py:183} INFO - Processing /home/airflow/.local/lib/python3.10/site-packages/airflow/example_dags/example_python_operator.py took 0.096 seconds
[2025-05-09T16:16:25.557+0000] {processor.py:161} INFO - Started process (PID=6201) to work on /home/airflow/.local/lib/python3.10/site-packages/airflow/example_dags/example_python_operator.py
[2025-05-09T16:16:25.559+0000] {processor.py:830} INFO - Processing file /home/airflow/.local/lib/python3.10/site-packages/airflow/example_dags/example_python_operator.py for tasks to queue
[2025-05-09T16:16:25.562+0000] {logging_mixin.py:188} INFO - [2025-05-09T16:16:25.561+0000] {dagbag.py:545} INFO - Filling up the DagBag from /home/airflow/.local/lib/python3.10/site-packages/airflow/example_dags/example_python_operator.py
[2025-05-09T16:16:25.578+0000] {processor.py:840} INFO - DAG(s) 'example_python_operator' retrieved from /home/airflow/.local/lib/python3.10/site-packages/airflow/example_dags/example_python_operator.py
[2025-05-09T16:16:25.613+0000] {logging_mixin.py:188} INFO - [2025-05-09T16:16:25.613+0000] {dag.py:3096} INFO - Sync 1 DAGs
[2025-05-09T16:16:25.631+0000] {logging_mixin.py:188} INFO - [2025-05-09T16:16:25.630+0000] {dag.py:3954} INFO - Setting next_dagrun for example_python_operator to None, run_after=None
[2025-05-09T16:16:25.660+0000] {processor.py:183} INFO - Processing /home/airflow/.local/lib/python3.10/site-packages/airflow/example_dags/example_python_operator.py took 0.113 seconds
[2025-05-09T16:16:56.229+0000] {processor.py:161} INFO - Started process (PID=6500) to work on /home/airflow/.local/lib/python3.10/site-packages/airflow/example_dags/example_python_operator.py
[2025-05-09T16:16:56.231+0000] {processor.py:830} INFO - Processing file /home/airflow/.local/lib/python3.10/site-packages/airflow/example_dags/example_python_operator.py for tasks to queue
[2025-05-09T16:16:56.233+0000] {logging_mixin.py:188} INFO - [2025-05-09T16:16:56.233+0000] {dagbag.py:545} INFO - Filling up the DagBag from /home/airflow/.local/lib/python3.10/site-packages/airflow/example_dags/example_python_operator.py
[2025-05-09T16:16:56.246+0000] {processor.py:840} INFO - DAG(s) 'example_python_operator' retrieved from /home/airflow/.local/lib/python3.10/site-packages/airflow/example_dags/example_python_operator.py
[2025-05-09T16:16:56.275+0000] {logging_mixin.py:188} INFO - [2025-05-09T16:16:56.275+0000] {dag.py:3096} INFO - Sync 1 DAGs
[2025-05-09T16:16:56.296+0000] {logging_mixin.py:188} INFO - [2025-05-09T16:16:56.296+0000] {dag.py:3954} INFO - Setting next_dagrun for example_python_operator to None, run_after=None
[2025-05-09T16:16:56.330+0000] {processor.py:183} INFO - Processing /home/airflow/.local/lib/python3.10/site-packages/airflow/example_dags/example_python_operator.py took 0.109 seconds
[2025-05-09T16:17:26.881+0000] {processor.py:161} INFO - Started process (PID=6822) to work on /home/airflow/.local/lib/python3.10/site-packages/airflow/example_dags/example_python_operator.py
[2025-05-09T16:17:26.884+0000] {processor.py:830} INFO - Processing file /home/airflow/.local/lib/python3.10/site-packages/airflow/example_dags/example_python_operator.py for tasks to queue
[2025-05-09T16:17:26.887+0000] {logging_mixin.py:188} INFO - [2025-05-09T16:17:26.886+0000] {dagbag.py:545} INFO - Filling up the DagBag from /home/airflow/.local/lib/python3.10/site-packages/airflow/example_dags/example_python_operator.py
[2025-05-09T16:17:26.902+0000] {processor.py:840} INFO - DAG(s) 'example_python_operator' retrieved from /home/airflow/.local/lib/python3.10/site-packages/airflow/example_dags/example_python_operator.py
[2025-05-09T16:17:26.944+0000] {logging_mixin.py:188} INFO - [2025-05-09T16:17:26.944+0000] {dag.py:3096} INFO - Sync 1 DAGs
[2025-05-09T16:17:26.965+0000] {logging_mixin.py:188} INFO - [2025-05-09T16:17:26.964+0000] {dag.py:3954} INFO - Setting next_dagrun for example_python_operator to None, run_after=None
[2025-05-09T16:17:27.007+0000] {processor.py:183} INFO - Processing /home/airflow/.local/lib/python3.10/site-packages/airflow/example_dags/example_python_operator.py took 0.135 seconds
[2025-05-09T16:17:57.702+0000] {processor.py:161} INFO - Started process (PID=7084) to work on /home/airflow/.local/lib/python3.10/site-packages/airflow/example_dags/example_python_operator.py
[2025-05-09T16:17:57.704+0000] {processor.py:830} INFO - Processing file /home/airflow/.local/lib/python3.10/site-packages/airflow/example_dags/example_python_operator.py for tasks to queue
[2025-05-09T16:17:57.707+0000] {logging_mixin.py:188} INFO - [2025-05-09T16:17:57.707+0000] {dagbag.py:545} INFO - Filling up the DagBag from /home/airflow/.local/lib/python3.10/site-packages/airflow/example_dags/example_python_operator.py
[2025-05-09T16:17:57.722+0000] {processor.py:840} INFO - DAG(s) 'example_python_operator' retrieved from /home/airflow/.local/lib/python3.10/site-packages/airflow/example_dags/example_python_operator.py
[2025-05-09T16:17:57.755+0000] {logging_mixin.py:188} INFO - [2025-05-09T16:17:57.755+0000] {dag.py:3096} INFO - Sync 1 DAGs
[2025-05-09T16:17:57.770+0000] {logging_mixin.py:188} INFO - [2025-05-09T16:17:57.770+0000] {dag.py:3954} INFO - Setting next_dagrun for example_python_operator to None, run_after=None
[2025-05-09T16:17:57.795+0000] {processor.py:183} INFO - Processing /home/airflow/.local/lib/python3.10/site-packages/airflow/example_dags/example_python_operator.py took 0.103 seconds
[2025-05-09T16:18:27.884+0000] {processor.py:161} INFO - Started process (PID=7385) to work on /home/airflow/.local/lib/python3.10/site-packages/airflow/example_dags/example_python_operator.py
[2025-05-09T16:18:27.886+0000] {processor.py:830} INFO - Processing file /home/airflow/.local/lib/python3.10/site-packages/airflow/example_dags/example_python_operator.py for tasks to queue
[2025-05-09T16:18:27.888+0000] {logging_mixin.py:188} INFO - [2025-05-09T16:18:27.888+0000] {dagbag.py:545} INFO - Filling up the DagBag from /home/airflow/.local/lib/python3.10/site-packages/airflow/example_dags/example_python_operator.py
[2025-05-09T16:18:27.897+0000] {processor.py:840} INFO - DAG(s) 'example_python_operator' retrieved from /home/airflow/.local/lib/python3.10/site-packages/airflow/example_dags/example_python_operator.py
[2025-05-09T16:18:27.920+0000] {logging_mixin.py:188} INFO - [2025-05-09T16:18:27.920+0000] {dag.py:3096} INFO - Sync 1 DAGs
[2025-05-09T16:18:27.932+0000] {logging_mixin.py:188} INFO - [2025-05-09T16:18:27.932+0000] {dag.py:3954} INFO - Setting next_dagrun for example_python_operator to None, run_after=None
[2025-05-09T16:18:27.960+0000] {processor.py:183} INFO - Processing /home/airflow/.local/lib/python3.10/site-packages/airflow/example_dags/example_python_operator.py took 0.082 seconds
[2025-05-09T16:18:58.773+0000] {processor.py:161} INFO - Started process (PID=7647) to work on /home/airflow/.local/lib/python3.10/site-packages/airflow/example_dags/example_python_operator.py
[2025-05-09T16:18:58.776+0000] {processor.py:830} INFO - Processing file /home/airflow/.local/lib/python3.10/site-packages/airflow/example_dags/example_python_operator.py for tasks to queue
[2025-05-09T16:18:58.778+0000] {logging_mixin.py:188} INFO - [2025-05-09T16:18:58.778+0000] {dagbag.py:545} INFO - Filling up the DagBag from /home/airflow/.local/lib/python3.10/site-packages/airflow/example_dags/example_python_operator.py
[2025-05-09T16:18:58.788+0000] {processor.py:840} INFO - DAG(s) 'example_python_operator' retrieved from /home/airflow/.local/lib/python3.10/site-packages/airflow/example_dags/example_python_operator.py
[2025-05-09T16:18:58.813+0000] {logging_mixin.py:188} INFO - [2025-05-09T16:18:58.813+0000] {dag.py:3096} INFO - Sync 1 DAGs
[2025-05-09T16:18:58.829+0000] {logging_mixin.py:188} INFO - [2025-05-09T16:18:58.828+0000] {dag.py:3954} INFO - Setting next_dagrun for example_python_operator to None, run_after=None
[2025-05-09T16:18:58.856+0000] {processor.py:183} INFO - Processing /home/airflow/.local/lib/python3.10/site-packages/airflow/example_dags/example_python_operator.py took 0.090 seconds
[2025-05-09T16:19:29.503+0000] {processor.py:161} INFO - Started process (PID=7948) to work on /home/airflow/.local/lib/python3.10/site-packages/airflow/example_dags/example_python_operator.py
[2025-05-09T16:19:29.505+0000] {processor.py:830} INFO - Processing file /home/airflow/.local/lib/python3.10/site-packages/airflow/example_dags/example_python_operator.py for tasks to queue
[2025-05-09T16:19:29.507+0000] {logging_mixin.py:188} INFO - [2025-05-09T16:19:29.507+0000] {dagbag.py:545} INFO - Filling up the DagBag from /home/airflow/.local/lib/python3.10/site-packages/airflow/example_dags/example_python_operator.py
[2025-05-09T16:19:29.518+0000] {processor.py:840} INFO - DAG(s) 'example_python_operator' retrieved from /home/airflow/.local/lib/python3.10/site-packages/airflow/example_dags/example_python_operator.py
[2025-05-09T16:19:29.544+0000] {logging_mixin.py:188} INFO - [2025-05-09T16:19:29.544+0000] {dag.py:3096} INFO - Sync 1 DAGs
[2025-05-09T16:19:29.557+0000] {logging_mixin.py:188} INFO - [2025-05-09T16:19:29.557+0000] {dag.py:3954} INFO - Setting next_dagrun for example_python_operator to None, run_after=None
[2025-05-09T16:19:29.586+0000] {processor.py:183} INFO - Processing /home/airflow/.local/lib/python3.10/site-packages/airflow/example_dags/example_python_operator.py took 0.088 seconds
[2025-05-09T16:19:59.842+0000] {processor.py:161} INFO - Started process (PID=8228) to work on /home/airflow/.local/lib/python3.10/site-packages/airflow/example_dags/example_python_operator.py
[2025-05-09T16:19:59.843+0000] {processor.py:830} INFO - Processing file /home/airflow/.local/lib/python3.10/site-packages/airflow/example_dags/example_python_operator.py for tasks to queue
[2025-05-09T16:19:59.845+0000] {logging_mixin.py:188} INFO - [2025-05-09T16:19:59.845+0000] {dagbag.py:545} INFO - Filling up the DagBag from /home/airflow/.local/lib/python3.10/site-packages/airflow/example_dags/example_python_operator.py
[2025-05-09T16:19:59.857+0000] {processor.py:840} INFO - DAG(s) 'example_python_operator' retrieved from /home/airflow/.local/lib/python3.10/site-packages/airflow/example_dags/example_python_operator.py
[2025-05-09T16:19:59.881+0000] {logging_mixin.py:188} INFO - [2025-05-09T16:19:59.881+0000] {dag.py:3096} INFO - Sync 1 DAGs
[2025-05-09T16:19:59.892+0000] {logging_mixin.py:188} INFO - [2025-05-09T16:19:59.892+0000] {dag.py:3954} INFO - Setting next_dagrun for example_python_operator to None, run_after=None
[2025-05-09T16:19:59.919+0000] {processor.py:183} INFO - Processing /home/airflow/.local/lib/python3.10/site-packages/airflow/example_dags/example_python_operator.py took 0.083 seconds
[2025-05-09T16:20:29.984+0000] {processor.py:161} INFO - Started process (PID=8529) to work on /home/airflow/.local/lib/python3.10/site-packages/airflow/example_dags/example_python_operator.py
[2025-05-09T16:20:29.986+0000] {processor.py:830} INFO - Processing file /home/airflow/.local/lib/python3.10/site-packages/airflow/example_dags/example_python_operator.py for tasks to queue
[2025-05-09T16:20:29.989+0000] {logging_mixin.py:188} INFO - [2025-05-09T16:20:29.988+0000] {dagbag.py:545} INFO - Filling up the DagBag from /home/airflow/.local/lib/python3.10/site-packages/airflow/example_dags/example_python_operator.py
[2025-05-09T16:20:30.000+0000] {processor.py:840} INFO - DAG(s) 'example_python_operator' retrieved from /home/airflow/.local/lib/python3.10/site-packages/airflow/example_dags/example_python_operator.py
[2025-05-09T16:20:30.032+0000] {logging_mixin.py:188} INFO - [2025-05-09T16:20:30.031+0000] {dag.py:3096} INFO - Sync 1 DAGs
[2025-05-09T16:20:30.052+0000] {logging_mixin.py:188} INFO - [2025-05-09T16:20:30.052+0000] {dag.py:3954} INFO - Setting next_dagrun for example_python_operator to None, run_after=None
[2025-05-09T16:20:30.088+0000] {processor.py:183} INFO - Processing /home/airflow/.local/lib/python3.10/site-packages/airflow/example_dags/example_python_operator.py took 0.110 seconds
[2025-05-09T16:21:00.248+0000] {processor.py:161} INFO - Started process (PID=8794) to work on /home/airflow/.local/lib/python3.10/site-packages/airflow/example_dags/example_python_operator.py
[2025-05-09T16:21:00.250+0000] {processor.py:830} INFO - Processing file /home/airflow/.local/lib/python3.10/site-packages/airflow/example_dags/example_python_operator.py for tasks to queue
[2025-05-09T16:21:00.252+0000] {logging_mixin.py:188} INFO - [2025-05-09T16:21:00.252+0000] {dagbag.py:545} INFO - Filling up the DagBag from /home/airflow/.local/lib/python3.10/site-packages/airflow/example_dags/example_python_operator.py
[2025-05-09T16:21:00.265+0000] {processor.py:840} INFO - DAG(s) 'example_python_operator' retrieved from /home/airflow/.local/lib/python3.10/site-packages/airflow/example_dags/example_python_operator.py
[2025-05-09T16:21:00.297+0000] {logging_mixin.py:188} INFO - [2025-05-09T16:21:00.297+0000] {dag.py:3096} INFO - Sync 1 DAGs
[2025-05-09T16:21:00.314+0000] {logging_mixin.py:188} INFO - [2025-05-09T16:21:00.313+0000] {dag.py:3954} INFO - Setting next_dagrun for example_python_operator to None, run_after=None
[2025-05-09T16:21:00.344+0000] {processor.py:183} INFO - Processing /home/airflow/.local/lib/python3.10/site-packages/airflow/example_dags/example_python_operator.py took 0.103 seconds
[2025-05-09T16:21:30.692+0000] {processor.py:161} INFO - Started process (PID=9140) to work on /home/airflow/.local/lib/python3.10/site-packages/airflow/example_dags/example_python_operator.py
[2025-05-09T16:21:30.697+0000] {processor.py:830} INFO - Processing file /home/airflow/.local/lib/python3.10/site-packages/airflow/example_dags/example_python_operator.py for tasks to queue
[2025-05-09T16:21:30.702+0000] {logging_mixin.py:188} INFO - [2025-05-09T16:21:30.701+0000] {dagbag.py:545} INFO - Filling up the DagBag from /home/airflow/.local/lib/python3.10/site-packages/airflow/example_dags/example_python_operator.py
[2025-05-09T16:21:30.718+0000] {processor.py:840} INFO - DAG(s) 'example_python_operator' retrieved from /home/airflow/.local/lib/python3.10/site-packages/airflow/example_dags/example_python_operator.py
[2025-05-09T16:21:30.748+0000] {logging_mixin.py:188} INFO - [2025-05-09T16:21:30.747+0000] {dag.py:3096} INFO - Sync 1 DAGs
[2025-05-09T16:21:30.765+0000] {logging_mixin.py:188} INFO - [2025-05-09T16:21:30.764+0000] {dag.py:3954} INFO - Setting next_dagrun for example_python_operator to None, run_after=None
[2025-05-09T16:21:30.794+0000] {processor.py:183} INFO - Processing /home/airflow/.local/lib/python3.10/site-packages/airflow/example_dags/example_python_operator.py took 0.115 seconds
[2025-05-09T16:22:01.096+0000] {processor.py:161} INFO - Started process (PID=9434) to work on /home/airflow/.local/lib/python3.10/site-packages/airflow/example_dags/example_python_operator.py
[2025-05-09T16:22:01.098+0000] {processor.py:830} INFO - Processing file /home/airflow/.local/lib/python3.10/site-packages/airflow/example_dags/example_python_operator.py for tasks to queue
[2025-05-09T16:22:01.100+0000] {logging_mixin.py:188} INFO - [2025-05-09T16:22:01.100+0000] {dagbag.py:545} INFO - Filling up the DagBag from /home/airflow/.local/lib/python3.10/site-packages/airflow/example_dags/example_python_operator.py
[2025-05-09T16:22:01.118+0000] {processor.py:840} INFO - DAG(s) 'example_python_operator' retrieved from /home/airflow/.local/lib/python3.10/site-packages/airflow/example_dags/example_python_operator.py
[2025-05-09T16:22:01.157+0000] {logging_mixin.py:188} INFO - [2025-05-09T16:22:01.157+0000] {dag.py:3096} INFO - Sync 1 DAGs
[2025-05-09T16:22:01.178+0000] {logging_mixin.py:188} INFO - [2025-05-09T16:22:01.178+0000] {dag.py:3954} INFO - Setting next_dagrun for example_python_operator to None, run_after=None
[2025-05-09T16:22:01.216+0000] {processor.py:183} INFO - Processing /home/airflow/.local/lib/python3.10/site-packages/airflow/example_dags/example_python_operator.py took 0.127 seconds
[2025-05-09T16:22:31.273+0000] {processor.py:161} INFO - Started process (PID=9760) to work on /home/airflow/.local/lib/python3.10/site-packages/airflow/example_dags/example_python_operator.py
[2025-05-09T16:22:31.275+0000] {processor.py:830} INFO - Processing file /home/airflow/.local/lib/python3.10/site-packages/airflow/example_dags/example_python_operator.py for tasks to queue
[2025-05-09T16:22:31.277+0000] {logging_mixin.py:188} INFO - [2025-05-09T16:22:31.277+0000] {dagbag.py:545} INFO - Filling up the DagBag from /home/airflow/.local/lib/python3.10/site-packages/airflow/example_dags/example_python_operator.py
[2025-05-09T16:22:31.286+0000] {processor.py:840} INFO - DAG(s) 'example_python_operator' retrieved from /home/airflow/.local/lib/python3.10/site-packages/airflow/example_dags/example_python_operator.py
[2025-05-09T16:22:31.309+0000] {logging_mixin.py:188} INFO - [2025-05-09T16:22:31.309+0000] {dag.py:3096} INFO - Sync 1 DAGs
[2025-05-09T16:22:31.322+0000] {logging_mixin.py:188} INFO - [2025-05-09T16:22:31.322+0000] {dag.py:3954} INFO - Setting next_dagrun for example_python_operator to None, run_after=None
[2025-05-09T16:22:31.351+0000] {processor.py:183} INFO - Processing /home/airflow/.local/lib/python3.10/site-packages/airflow/example_dags/example_python_operator.py took 0.086 seconds
[2025-05-09T16:23:01.509+0000] {processor.py:161} INFO - Started process (PID=10025) to work on /home/airflow/.local/lib/python3.10/site-packages/airflow/example_dags/example_python_operator.py
[2025-05-09T16:23:01.512+0000] {processor.py:830} INFO - Processing file /home/airflow/.local/lib/python3.10/site-packages/airflow/example_dags/example_python_operator.py for tasks to queue
[2025-05-09T16:23:01.516+0000] {logging_mixin.py:188} INFO - [2025-05-09T16:23:01.515+0000] {dagbag.py:545} INFO - Filling up the DagBag from /home/airflow/.local/lib/python3.10/site-packages/airflow/example_dags/example_python_operator.py
[2025-05-09T16:23:01.529+0000] {processor.py:840} INFO - DAG(s) 'example_python_operator' retrieved from /home/airflow/.local/lib/python3.10/site-packages/airflow/example_dags/example_python_operator.py
[2025-05-09T16:23:01.556+0000] {logging_mixin.py:188} INFO - [2025-05-09T16:23:01.556+0000] {dag.py:3096} INFO - Sync 1 DAGs
[2025-05-09T16:23:01.568+0000] {logging_mixin.py:188} INFO - [2025-05-09T16:23:01.568+0000] {dag.py:3954} INFO - Setting next_dagrun for example_python_operator to None, run_after=None
[2025-05-09T16:23:01.591+0000] {processor.py:183} INFO - Processing /home/airflow/.local/lib/python3.10/site-packages/airflow/example_dags/example_python_operator.py took 0.089 seconds
[2025-05-09T16:23:31.882+0000] {processor.py:161} INFO - Started process (PID=10335) to work on /home/airflow/.local/lib/python3.10/site-packages/airflow/example_dags/example_python_operator.py
[2025-05-09T16:23:31.884+0000] {processor.py:830} INFO - Processing file /home/airflow/.local/lib/python3.10/site-packages/airflow/example_dags/example_python_operator.py for tasks to queue
[2025-05-09T16:23:31.886+0000] {logging_mixin.py:188} INFO - [2025-05-09T16:23:31.886+0000] {dagbag.py:545} INFO - Filling up the DagBag from /home/airflow/.local/lib/python3.10/site-packages/airflow/example_dags/example_python_operator.py
[2025-05-09T16:23:31.896+0000] {processor.py:840} INFO - DAG(s) 'example_python_operator' retrieved from /home/airflow/.local/lib/python3.10/site-packages/airflow/example_dags/example_python_operator.py
[2025-05-09T16:23:31.919+0000] {logging_mixin.py:188} INFO - [2025-05-09T16:23:31.918+0000] {dag.py:3096} INFO - Sync 1 DAGs
[2025-05-09T16:23:31.931+0000] {logging_mixin.py:188} INFO - [2025-05-09T16:23:31.931+0000] {dag.py:3954} INFO - Setting next_dagrun for example_python_operator to None, run_after=None
[2025-05-09T16:23:31.954+0000] {processor.py:183} INFO - Processing /home/airflow/.local/lib/python3.10/site-packages/airflow/example_dags/example_python_operator.py took 0.078 seconds
[2025-05-09T16:24:02.055+0000] {processor.py:161} INFO - Started process (PID=10600) to work on /home/airflow/.local/lib/python3.10/site-packages/airflow/example_dags/example_python_operator.py
[2025-05-09T16:24:02.057+0000] {processor.py:830} INFO - Processing file /home/airflow/.local/lib/python3.10/site-packages/airflow/example_dags/example_python_operator.py for tasks to queue
[2025-05-09T16:24:02.060+0000] {logging_mixin.py:188} INFO - [2025-05-09T16:24:02.060+0000] {dagbag.py:545} INFO - Filling up the DagBag from /home/airflow/.local/lib/python3.10/site-packages/airflow/example_dags/example_python_operator.py
[2025-05-09T16:24:02.077+0000] {processor.py:840} INFO - DAG(s) 'example_python_operator' retrieved from /home/airflow/.local/lib/python3.10/site-packages/airflow/example_dags/example_python_operator.py
[2025-05-09T16:24:02.116+0000] {logging_mixin.py:188} INFO - [2025-05-09T16:24:02.116+0000] {dag.py:3096} INFO - Sync 1 DAGs
[2025-05-09T16:24:02.136+0000] {logging_mixin.py:188} INFO - [2025-05-09T16:24:02.135+0000] {dag.py:3954} INFO - Setting next_dagrun for example_python_operator to None, run_after=None
[2025-05-09T16:24:02.164+0000] {processor.py:183} INFO - Processing /home/airflow/.local/lib/python3.10/site-packages/airflow/example_dags/example_python_operator.py took 0.124 seconds
[2025-05-09T16:24:32.509+0000] {processor.py:161} INFO - Started process (PID=10913) to work on /home/airflow/.local/lib/python3.10/site-packages/airflow/example_dags/example_python_operator.py
[2025-05-09T16:24:32.510+0000] {processor.py:830} INFO - Processing file /home/airflow/.local/lib/python3.10/site-packages/airflow/example_dags/example_python_operator.py for tasks to queue
[2025-05-09T16:24:32.513+0000] {logging_mixin.py:188} INFO - [2025-05-09T16:24:32.513+0000] {dagbag.py:545} INFO - Filling up the DagBag from /home/airflow/.local/lib/python3.10/site-packages/airflow/example_dags/example_python_operator.py
[2025-05-09T16:24:32.523+0000] {processor.py:840} INFO - DAG(s) 'example_python_operator' retrieved from /home/airflow/.local/lib/python3.10/site-packages/airflow/example_dags/example_python_operator.py
[2025-05-09T16:24:32.548+0000] {logging_mixin.py:188} INFO - [2025-05-09T16:24:32.548+0000] {dag.py:3096} INFO - Sync 1 DAGs
[2025-05-09T16:24:32.561+0000] {logging_mixin.py:188} INFO - [2025-05-09T16:24:32.561+0000] {dag.py:3954} INFO - Setting next_dagrun for example_python_operator to None, run_after=None
[2025-05-09T16:24:32.586+0000] {processor.py:183} INFO - Processing /home/airflow/.local/lib/python3.10/site-packages/airflow/example_dags/example_python_operator.py took 0.085 seconds
[2025-05-09T16:25:03.177+0000] {processor.py:161} INFO - Started process (PID=11228) to work on /home/airflow/.local/lib/python3.10/site-packages/airflow/example_dags/example_python_operator.py
[2025-05-09T16:25:03.178+0000] {processor.py:830} INFO - Processing file /home/airflow/.local/lib/python3.10/site-packages/airflow/example_dags/example_python_operator.py for tasks to queue
[2025-05-09T16:25:03.181+0000] {logging_mixin.py:188} INFO - [2025-05-09T16:25:03.180+0000] {dagbag.py:545} INFO - Filling up the DagBag from /home/airflow/.local/lib/python3.10/site-packages/airflow/example_dags/example_python_operator.py
[2025-05-09T16:25:03.194+0000] {processor.py:840} INFO - DAG(s) 'example_python_operator' retrieved from /home/airflow/.local/lib/python3.10/site-packages/airflow/example_dags/example_python_operator.py
[2025-05-09T16:25:03.226+0000] {logging_mixin.py:188} INFO - [2025-05-09T16:25:03.226+0000] {dag.py:3096} INFO - Sync 1 DAGs
[2025-05-09T16:25:03.243+0000] {logging_mixin.py:188} INFO - [2025-05-09T16:25:03.243+0000] {dag.py:3954} INFO - Setting next_dagrun for example_python_operator to None, run_after=None
[2025-05-09T16:25:03.284+0000] {processor.py:183} INFO - Processing /home/airflow/.local/lib/python3.10/site-packages/airflow/example_dags/example_python_operator.py took 0.115 seconds
[2025-05-09T16:25:33.937+0000] {processor.py:161} INFO - Started process (PID=11539) to work on /home/airflow/.local/lib/python3.10/site-packages/airflow/example_dags/example_python_operator.py
[2025-05-09T16:25:33.939+0000] {processor.py:830} INFO - Processing file /home/airflow/.local/lib/python3.10/site-packages/airflow/example_dags/example_python_operator.py for tasks to queue
[2025-05-09T16:25:33.942+0000] {logging_mixin.py:188} INFO - [2025-05-09T16:25:33.942+0000] {dagbag.py:545} INFO - Filling up the DagBag from /home/airflow/.local/lib/python3.10/site-packages/airflow/example_dags/example_python_operator.py
[2025-05-09T16:25:33.954+0000] {processor.py:840} INFO - DAG(s) 'example_python_operator' retrieved from /home/airflow/.local/lib/python3.10/site-packages/airflow/example_dags/example_python_operator.py
[2025-05-09T16:25:33.987+0000] {logging_mixin.py:188} INFO - [2025-05-09T16:25:33.987+0000] {dag.py:3096} INFO - Sync 1 DAGs
[2025-05-09T16:25:34.002+0000] {logging_mixin.py:188} INFO - [2025-05-09T16:25:34.001+0000] {dag.py:3954} INFO - Setting next_dagrun for example_python_operator to None, run_after=None
[2025-05-09T16:25:34.031+0000] {processor.py:183} INFO - Processing /home/airflow/.local/lib/python3.10/site-packages/airflow/example_dags/example_python_operator.py took 0.101 seconds
[2025-05-09T16:26:04.311+0000] {processor.py:161} INFO - Started process (PID=11845) to work on /home/airflow/.local/lib/python3.10/site-packages/airflow/example_dags/example_python_operator.py
[2025-05-09T16:26:04.312+0000] {processor.py:830} INFO - Processing file /home/airflow/.local/lib/python3.10/site-packages/airflow/example_dags/example_python_operator.py for tasks to queue
[2025-05-09T16:26:04.315+0000] {logging_mixin.py:188} INFO - [2025-05-09T16:26:04.314+0000] {dagbag.py:545} INFO - Filling up the DagBag from /home/airflow/.local/lib/python3.10/site-packages/airflow/example_dags/example_python_operator.py
[2025-05-09T16:26:04.328+0000] {processor.py:840} INFO - DAG(s) 'example_python_operator' retrieved from /home/airflow/.local/lib/python3.10/site-packages/airflow/example_dags/example_python_operator.py
[2025-05-09T16:26:04.364+0000] {logging_mixin.py:188} INFO - [2025-05-09T16:26:04.363+0000] {dag.py:3096} INFO - Sync 1 DAGs
[2025-05-09T16:26:04.384+0000] {logging_mixin.py:188} INFO - [2025-05-09T16:26:04.384+0000] {dag.py:3954} INFO - Setting next_dagrun for example_python_operator to None, run_after=None
[2025-05-09T16:26:04.417+0000] {processor.py:183} INFO - Processing /home/airflow/.local/lib/python3.10/site-packages/airflow/example_dags/example_python_operator.py took 0.116 seconds
[2025-05-09T16:26:34.977+0000] {processor.py:161} INFO - Started process (PID=12153) to work on /home/airflow/.local/lib/python3.10/site-packages/airflow/example_dags/example_python_operator.py
[2025-05-09T16:26:34.980+0000] {processor.py:830} INFO - Processing file /home/airflow/.local/lib/python3.10/site-packages/airflow/example_dags/example_python_operator.py for tasks to queue
[2025-05-09T16:26:34.982+0000] {logging_mixin.py:188} INFO - [2025-05-09T16:26:34.982+0000] {dagbag.py:545} INFO - Filling up the DagBag from /home/airflow/.local/lib/python3.10/site-packages/airflow/example_dags/example_python_operator.py
[2025-05-09T16:26:34.992+0000] {processor.py:840} INFO - DAG(s) 'example_python_operator' retrieved from /home/airflow/.local/lib/python3.10/site-packages/airflow/example_dags/example_python_operator.py
[2025-05-09T16:26:35.030+0000] {logging_mixin.py:188} INFO - [2025-05-09T16:26:35.029+0000] {dag.py:3096} INFO - Sync 1 DAGs
[2025-05-09T16:26:35.048+0000] {logging_mixin.py:188} INFO - [2025-05-09T16:26:35.048+0000] {dag.py:3954} INFO - Setting next_dagrun for example_python_operator to None, run_after=None
[2025-05-09T16:26:35.091+0000] {processor.py:183} INFO - Processing /home/airflow/.local/lib/python3.10/site-packages/airflow/example_dags/example_python_operator.py took 0.120 seconds
[2025-05-09T16:27:05.375+0000] {processor.py:161} INFO - Started process (PID=12444) to work on /home/airflow/.local/lib/python3.10/site-packages/airflow/example_dags/example_python_operator.py
[2025-05-09T16:27:05.376+0000] {processor.py:830} INFO - Processing file /home/airflow/.local/lib/python3.10/site-packages/airflow/example_dags/example_python_operator.py for tasks to queue
[2025-05-09T16:27:05.380+0000] {logging_mixin.py:188} INFO - [2025-05-09T16:27:05.379+0000] {dagbag.py:545} INFO - Filling up the DagBag from /home/airflow/.local/lib/python3.10/site-packages/airflow/example_dags/example_python_operator.py
[2025-05-09T16:27:05.392+0000] {processor.py:840} INFO - DAG(s) 'example_python_operator' retrieved from /home/airflow/.local/lib/python3.10/site-packages/airflow/example_dags/example_python_operator.py
[2025-05-09T16:27:05.429+0000] {logging_mixin.py:188} INFO - [2025-05-09T16:27:05.429+0000] {dag.py:3096} INFO - Sync 1 DAGs
[2025-05-09T16:27:05.449+0000] {logging_mixin.py:188} INFO - [2025-05-09T16:27:05.448+0000] {dag.py:3954} INFO - Setting next_dagrun for example_python_operator to None, run_after=None
[2025-05-09T16:27:05.487+0000] {processor.py:183} INFO - Processing /home/airflow/.local/lib/python3.10/site-packages/airflow/example_dags/example_python_operator.py took 0.120 seconds
[2025-05-09T16:27:35.730+0000] {processor.py:161} INFO - Started process (PID=12734) to work on /home/airflow/.local/lib/python3.10/site-packages/airflow/example_dags/example_python_operator.py
[2025-05-09T16:27:35.731+0000] {processor.py:830} INFO - Processing file /home/airflow/.local/lib/python3.10/site-packages/airflow/example_dags/example_python_operator.py for tasks to queue
[2025-05-09T16:27:35.734+0000] {logging_mixin.py:188} INFO - [2025-05-09T16:27:35.733+0000] {dagbag.py:545} INFO - Filling up the DagBag from /home/airflow/.local/lib/python3.10/site-packages/airflow/example_dags/example_python_operator.py
[2025-05-09T16:27:35.746+0000] {processor.py:840} INFO - DAG(s) 'example_python_operator' retrieved from /home/airflow/.local/lib/python3.10/site-packages/airflow/example_dags/example_python_operator.py
[2025-05-09T16:27:35.773+0000] {logging_mixin.py:188} INFO - [2025-05-09T16:27:35.772+0000] {dag.py:3096} INFO - Sync 1 DAGs
[2025-05-09T16:27:35.785+0000] {logging_mixin.py:188} INFO - [2025-05-09T16:27:35.785+0000] {dag.py:3954} INFO - Setting next_dagrun for example_python_operator to None, run_after=None
[2025-05-09T16:27:35.807+0000] {processor.py:183} INFO - Processing /home/airflow/.local/lib/python3.10/site-packages/airflow/example_dags/example_python_operator.py took 0.084 seconds
[2025-05-09T16:28:05.979+0000] {processor.py:161} INFO - Started process (PID=13002) to work on /home/airflow/.local/lib/python3.10/site-packages/airflow/example_dags/example_python_operator.py
[2025-05-09T16:28:05.981+0000] {processor.py:830} INFO - Processing file /home/airflow/.local/lib/python3.10/site-packages/airflow/example_dags/example_python_operator.py for tasks to queue
[2025-05-09T16:28:05.984+0000] {logging_mixin.py:188} INFO - [2025-05-09T16:28:05.984+0000] {dagbag.py:545} INFO - Filling up the DagBag from /home/airflow/.local/lib/python3.10/site-packages/airflow/example_dags/example_python_operator.py
[2025-05-09T16:28:05.998+0000] {processor.py:840} INFO - DAG(s) 'example_python_operator' retrieved from /home/airflow/.local/lib/python3.10/site-packages/airflow/example_dags/example_python_operator.py
[2025-05-09T16:28:06.034+0000] {logging_mixin.py:188} INFO - [2025-05-09T16:28:06.033+0000] {dag.py:3096} INFO - Sync 1 DAGs
[2025-05-09T16:28:06.055+0000] {logging_mixin.py:188} INFO - [2025-05-09T16:28:06.055+0000] {dag.py:3954} INFO - Setting next_dagrun for example_python_operator to None, run_after=None
[2025-05-09T16:28:06.088+0000] {processor.py:183} INFO - Processing /home/airflow/.local/lib/python3.10/site-packages/airflow/example_dags/example_python_operator.py took 0.115 seconds
[2025-05-09T16:28:36.971+0000] {processor.py:161} INFO - Started process (PID=13294) to work on /home/airflow/.local/lib/python3.10/site-packages/airflow/example_dags/example_python_operator.py
[2025-05-09T16:28:36.972+0000] {processor.py:830} INFO - Processing file /home/airflow/.local/lib/python3.10/site-packages/airflow/example_dags/example_python_operator.py for tasks to queue
[2025-05-09T16:28:36.975+0000] {logging_mixin.py:188} INFO - [2025-05-09T16:28:36.974+0000] {dagbag.py:545} INFO - Filling up the DagBag from /home/airflow/.local/lib/python3.10/site-packages/airflow/example_dags/example_python_operator.py
[2025-05-09T16:28:36.984+0000] {processor.py:840} INFO - DAG(s) 'example_python_operator' retrieved from /home/airflow/.local/lib/python3.10/site-packages/airflow/example_dags/example_python_operator.py
[2025-05-09T16:28:37.011+0000] {logging_mixin.py:188} INFO - [2025-05-09T16:28:37.010+0000] {dag.py:3096} INFO - Sync 1 DAGs
[2025-05-09T16:28:37.027+0000] {logging_mixin.py:188} INFO - [2025-05-09T16:28:37.027+0000] {dag.py:3954} INFO - Setting next_dagrun for example_python_operator to None, run_after=None
[2025-05-09T16:28:37.060+0000] {processor.py:183} INFO - Processing /home/airflow/.local/lib/python3.10/site-packages/airflow/example_dags/example_python_operator.py took 0.095 seconds
[2025-05-09T16:29:07.352+0000] {processor.py:161} INFO - Started process (PID=13595) to work on /home/airflow/.local/lib/python3.10/site-packages/airflow/example_dags/example_python_operator.py
[2025-05-09T16:29:07.355+0000] {processor.py:830} INFO - Processing file /home/airflow/.local/lib/python3.10/site-packages/airflow/example_dags/example_python_operator.py for tasks to queue
[2025-05-09T16:29:07.359+0000] {logging_mixin.py:188} INFO - [2025-05-09T16:29:07.359+0000] {dagbag.py:545} INFO - Filling up the DagBag from /home/airflow/.local/lib/python3.10/site-packages/airflow/example_dags/example_python_operator.py
[2025-05-09T16:29:07.381+0000] {processor.py:840} INFO - DAG(s) 'example_python_operator' retrieved from /home/airflow/.local/lib/python3.10/site-packages/airflow/example_dags/example_python_operator.py
[2025-05-09T16:29:07.425+0000] {logging_mixin.py:188} INFO - [2025-05-09T16:29:07.424+0000] {dag.py:3096} INFO - Sync 1 DAGs
[2025-05-09T16:29:07.443+0000] {logging_mixin.py:188} INFO - [2025-05-09T16:29:07.443+0000] {dag.py:3954} INFO - Setting next_dagrun for example_python_operator to None, run_after=None
[2025-05-09T16:29:07.478+0000] {processor.py:183} INFO - Processing /home/airflow/.local/lib/python3.10/site-packages/airflow/example_dags/example_python_operator.py took 0.152 seconds
[2025-05-09T16:29:38.092+0000] {processor.py:161} INFO - Started process (PID=13893) to work on /home/airflow/.local/lib/python3.10/site-packages/airflow/example_dags/example_python_operator.py
[2025-05-09T16:29:38.093+0000] {processor.py:830} INFO - Processing file /home/airflow/.local/lib/python3.10/site-packages/airflow/example_dags/example_python_operator.py for tasks to queue
[2025-05-09T16:29:38.095+0000] {logging_mixin.py:188} INFO - [2025-05-09T16:29:38.095+0000] {dagbag.py:545} INFO - Filling up the DagBag from /home/airflow/.local/lib/python3.10/site-packages/airflow/example_dags/example_python_operator.py
[2025-05-09T16:29:38.106+0000] {processor.py:840} INFO - DAG(s) 'example_python_operator' retrieved from /home/airflow/.local/lib/python3.10/site-packages/airflow/example_dags/example_python_operator.py
[2025-05-09T16:29:38.130+0000] {logging_mixin.py:188} INFO - [2025-05-09T16:29:38.130+0000] {dag.py:3096} INFO - Sync 1 DAGs
[2025-05-09T16:29:38.142+0000] {logging_mixin.py:188} INFO - [2025-05-09T16:29:38.142+0000] {dag.py:3954} INFO - Setting next_dagrun for example_python_operator to None, run_after=None
[2025-05-09T16:29:38.168+0000] {processor.py:183} INFO - Processing /home/airflow/.local/lib/python3.10/site-packages/airflow/example_dags/example_python_operator.py took 0.084 seconds
[2025-05-09T16:30:08.314+0000] {processor.py:161} INFO - Started process (PID=14206) to work on /home/airflow/.local/lib/python3.10/site-packages/airflow/example_dags/example_python_operator.py
[2025-05-09T16:30:08.316+0000] {processor.py:830} INFO - Processing file /home/airflow/.local/lib/python3.10/site-packages/airflow/example_dags/example_python_operator.py for tasks to queue
[2025-05-09T16:30:08.318+0000] {logging_mixin.py:188} INFO - [2025-05-09T16:30:08.318+0000] {dagbag.py:545} INFO - Filling up the DagBag from /home/airflow/.local/lib/python3.10/site-packages/airflow/example_dags/example_python_operator.py
[2025-05-09T16:30:08.334+0000] {processor.py:840} INFO - DAG(s) 'example_python_operator' retrieved from /home/airflow/.local/lib/python3.10/site-packages/airflow/example_dags/example_python_operator.py
[2025-05-09T16:30:08.368+0000] {logging_mixin.py:188} INFO - [2025-05-09T16:30:08.368+0000] {dag.py:3096} INFO - Sync 1 DAGs
[2025-05-09T16:30:08.390+0000] {logging_mixin.py:188} INFO - [2025-05-09T16:30:08.390+0000] {dag.py:3954} INFO - Setting next_dagrun for example_python_operator to None, run_after=None
[2025-05-09T16:30:08.422+0000] {processor.py:183} INFO - Processing /home/airflow/.local/lib/python3.10/site-packages/airflow/example_dags/example_python_operator.py took 0.117 seconds
[2025-05-09T16:30:38.787+0000] {processor.py:161} INFO - Started process (PID=14468) to work on /home/airflow/.local/lib/python3.10/site-packages/airflow/example_dags/example_python_operator.py
[2025-05-09T16:30:38.791+0000] {processor.py:830} INFO - Processing file /home/airflow/.local/lib/python3.10/site-packages/airflow/example_dags/example_python_operator.py for tasks to queue
[2025-05-09T16:30:38.797+0000] {logging_mixin.py:188} INFO - [2025-05-09T16:30:38.796+0000] {dagbag.py:545} INFO - Filling up the DagBag from /home/airflow/.local/lib/python3.10/site-packages/airflow/example_dags/example_python_operator.py
[2025-05-09T16:30:38.815+0000] {processor.py:840} INFO - DAG(s) 'example_python_operator' retrieved from /home/airflow/.local/lib/python3.10/site-packages/airflow/example_dags/example_python_operator.py
[2025-05-09T16:30:38.845+0000] {logging_mixin.py:188} INFO - [2025-05-09T16:30:38.845+0000] {dag.py:3096} INFO - Sync 1 DAGs
[2025-05-09T16:30:38.859+0000] {logging_mixin.py:188} INFO - [2025-05-09T16:30:38.859+0000] {dag.py:3954} INFO - Setting next_dagrun for example_python_operator to None, run_after=None
[2025-05-09T16:30:38.891+0000] {processor.py:183} INFO - Processing /home/airflow/.local/lib/python3.10/site-packages/airflow/example_dags/example_python_operator.py took 0.113 seconds
