[2025-05-09T12:10:21.056+0000] {processor.py:161} INFO - Started process (PID=286) to work on /home/airflow/.local/lib/python3.10/site-packages/airflow/example_dags/example_skip_dag.py
[2025-05-09T12:10:21.058+0000] {processor.py:830} INFO - Processing file /home/airflow/.local/lib/python3.10/site-packages/airflow/example_dags/example_skip_dag.py for tasks to queue
[2025-05-09T12:10:21.061+0000] {logging_mixin.py:188} INFO - [2025-05-09T12:10:21.060+0000] {dagbag.py:545} INFO - Filling up the DagBag from /home/airflow/.local/lib/python3.10/site-packages/airflow/example_dags/example_skip_dag.py
[2025-05-09T12:10:21.072+0000] {processor.py:840} INFO - DAG(s) 'example_skip_dag' retrieved from /home/airflow/.local/lib/python3.10/site-packages/airflow/example_dags/example_skip_dag.py
[2025-05-09T12:10:21.093+0000] {logging_mixin.py:188} INFO - [2025-05-09T12:10:21.093+0000] {dag.py:3096} INFO - Sync 1 DAGs
[2025-05-09T12:10:21.124+0000] {logging_mixin.py:188} INFO - [2025-05-09T12:10:21.124+0000] {dag.py:3954} INFO - Setting next_dagrun for example_skip_dag to 2025-05-08 00:00:00+00:00, run_after=2025-05-09 00:00:00+00:00
[2025-05-09T12:10:21.152+0000] {processor.py:183} INFO - Processing /home/airflow/.local/lib/python3.10/site-packages/airflow/example_dags/example_skip_dag.py took 0.109 seconds
[2025-05-09T12:10:52.460+0000] {processor.py:161} INFO - Started process (PID=542) to work on /home/airflow/.local/lib/python3.10/site-packages/airflow/example_dags/example_skip_dag.py
[2025-05-09T12:10:52.462+0000] {processor.py:830} INFO - Processing file /home/airflow/.local/lib/python3.10/site-packages/airflow/example_dags/example_skip_dag.py for tasks to queue
[2025-05-09T12:10:52.464+0000] {logging_mixin.py:188} INFO - [2025-05-09T12:10:52.464+0000] {dagbag.py:545} INFO - Filling up the DagBag from /home/airflow/.local/lib/python3.10/site-packages/airflow/example_dags/example_skip_dag.py
[2025-05-09T12:10:52.474+0000] {processor.py:840} INFO - DAG(s) 'example_skip_dag' retrieved from /home/airflow/.local/lib/python3.10/site-packages/airflow/example_dags/example_skip_dag.py
[2025-05-09T12:10:52.582+0000] {logging_mixin.py:188} INFO - [2025-05-09T12:10:52.581+0000] {dag.py:3096} INFO - Sync 1 DAGs
[2025-05-09T12:10:52.604+0000] {logging_mixin.py:188} INFO - [2025-05-09T12:10:52.604+0000] {dag.py:3954} INFO - Setting next_dagrun for example_skip_dag to 2025-05-08 00:00:00+00:00, run_after=2025-05-09 00:00:00+00:00
[2025-05-09T12:10:52.627+0000] {processor.py:183} INFO - Processing /home/airflow/.local/lib/python3.10/site-packages/airflow/example_dags/example_skip_dag.py took 0.177 seconds
[2025-05-09T12:11:23.199+0000] {processor.py:161} INFO - Started process (PID=800) to work on /home/airflow/.local/lib/python3.10/site-packages/airflow/example_dags/example_skip_dag.py
[2025-05-09T12:11:23.201+0000] {processor.py:830} INFO - Processing file /home/airflow/.local/lib/python3.10/site-packages/airflow/example_dags/example_skip_dag.py for tasks to queue
[2025-05-09T12:11:23.203+0000] {logging_mixin.py:188} INFO - [2025-05-09T12:11:23.202+0000] {dagbag.py:545} INFO - Filling up the DagBag from /home/airflow/.local/lib/python3.10/site-packages/airflow/example_dags/example_skip_dag.py
[2025-05-09T12:11:23.210+0000] {processor.py:840} INFO - DAG(s) 'example_skip_dag' retrieved from /home/airflow/.local/lib/python3.10/site-packages/airflow/example_dags/example_skip_dag.py
[2025-05-09T12:11:23.233+0000] {logging_mixin.py:188} INFO - [2025-05-09T12:11:23.233+0000] {dag.py:3096} INFO - Sync 1 DAGs
[2025-05-09T12:11:23.257+0000] {logging_mixin.py:188} INFO - [2025-05-09T12:11:23.257+0000] {dag.py:3954} INFO - Setting next_dagrun for example_skip_dag to 2025-05-08 00:00:00+00:00, run_after=2025-05-09 00:00:00+00:00
[2025-05-09T12:11:23.294+0000] {processor.py:183} INFO - Processing /home/airflow/.local/lib/python3.10/site-packages/airflow/example_dags/example_skip_dag.py took 0.102 seconds
[2025-05-09T12:11:53.455+0000] {processor.py:161} INFO - Started process (PID=1054) to work on /home/airflow/.local/lib/python3.10/site-packages/airflow/example_dags/example_skip_dag.py
[2025-05-09T12:11:53.456+0000] {processor.py:830} INFO - Processing file /home/airflow/.local/lib/python3.10/site-packages/airflow/example_dags/example_skip_dag.py for tasks to queue
[2025-05-09T12:11:53.468+0000] {logging_mixin.py:188} INFO - [2025-05-09T12:11:53.459+0000] {dagbag.py:545} INFO - Filling up the DagBag from /home/airflow/.local/lib/python3.10/site-packages/airflow/example_dags/example_skip_dag.py
[2025-05-09T12:11:53.479+0000] {processor.py:840} INFO - DAG(s) 'example_skip_dag' retrieved from /home/airflow/.local/lib/python3.10/site-packages/airflow/example_dags/example_skip_dag.py
[2025-05-09T12:11:53.515+0000] {logging_mixin.py:188} INFO - [2025-05-09T12:11:53.515+0000] {dag.py:3096} INFO - Sync 1 DAGs
[2025-05-09T12:11:53.544+0000] {logging_mixin.py:188} INFO - [2025-05-09T12:11:53.544+0000] {dag.py:3954} INFO - Setting next_dagrun for example_skip_dag to 2025-05-08 00:00:00+00:00, run_after=2025-05-09 00:00:00+00:00
[2025-05-09T12:11:53.564+0000] {processor.py:183} INFO - Processing /home/airflow/.local/lib/python3.10/site-packages/airflow/example_dags/example_skip_dag.py took 0.119 seconds
[2025-05-09T12:12:23.771+0000] {processor.py:161} INFO - Started process (PID=1310) to work on /home/airflow/.local/lib/python3.10/site-packages/airflow/example_dags/example_skip_dag.py
[2025-05-09T12:12:23.773+0000] {processor.py:830} INFO - Processing file /home/airflow/.local/lib/python3.10/site-packages/airflow/example_dags/example_skip_dag.py for tasks to queue
[2025-05-09T12:12:23.776+0000] {logging_mixin.py:188} INFO - [2025-05-09T12:12:23.775+0000] {dagbag.py:545} INFO - Filling up the DagBag from /home/airflow/.local/lib/python3.10/site-packages/airflow/example_dags/example_skip_dag.py
[2025-05-09T12:12:23.783+0000] {processor.py:840} INFO - DAG(s) 'example_skip_dag' retrieved from /home/airflow/.local/lib/python3.10/site-packages/airflow/example_dags/example_skip_dag.py
[2025-05-09T12:12:23.807+0000] {logging_mixin.py:188} INFO - [2025-05-09T12:12:23.806+0000] {dag.py:3096} INFO - Sync 1 DAGs
[2025-05-09T12:12:23.834+0000] {logging_mixin.py:188} INFO - [2025-05-09T12:12:23.833+0000] {dag.py:3954} INFO - Setting next_dagrun for example_skip_dag to 2025-05-08 00:00:00+00:00, run_after=2025-05-09 00:00:00+00:00
[2025-05-09T12:12:23.860+0000] {processor.py:183} INFO - Processing /home/airflow/.local/lib/python3.10/site-packages/airflow/example_dags/example_skip_dag.py took 0.097 seconds
[2025-05-09T12:12:54.291+0000] {processor.py:161} INFO - Started process (PID=1568) to work on /home/airflow/.local/lib/python3.10/site-packages/airflow/example_dags/example_skip_dag.py
[2025-05-09T12:12:54.293+0000] {processor.py:830} INFO - Processing file /home/airflow/.local/lib/python3.10/site-packages/airflow/example_dags/example_skip_dag.py for tasks to queue
[2025-05-09T12:12:54.295+0000] {logging_mixin.py:188} INFO - [2025-05-09T12:12:54.294+0000] {dagbag.py:545} INFO - Filling up the DagBag from /home/airflow/.local/lib/python3.10/site-packages/airflow/example_dags/example_skip_dag.py
[2025-05-09T12:12:54.303+0000] {processor.py:840} INFO - DAG(s) 'example_skip_dag' retrieved from /home/airflow/.local/lib/python3.10/site-packages/airflow/example_dags/example_skip_dag.py
[2025-05-09T12:12:54.330+0000] {logging_mixin.py:188} INFO - [2025-05-09T12:12:54.329+0000] {dag.py:3096} INFO - Sync 1 DAGs
[2025-05-09T12:12:54.363+0000] {logging_mixin.py:188} INFO - [2025-05-09T12:12:54.362+0000] {dag.py:3954} INFO - Setting next_dagrun for example_skip_dag to 2025-05-08 00:00:00+00:00, run_after=2025-05-09 00:00:00+00:00
[2025-05-09T12:12:54.408+0000] {processor.py:183} INFO - Processing /home/airflow/.local/lib/python3.10/site-packages/airflow/example_dags/example_skip_dag.py took 0.124 seconds
[2025-05-09T12:13:25.340+0000] {processor.py:161} INFO - Started process (PID=1822) to work on /home/airflow/.local/lib/python3.10/site-packages/airflow/example_dags/example_skip_dag.py
[2025-05-09T12:13:25.342+0000] {processor.py:830} INFO - Processing file /home/airflow/.local/lib/python3.10/site-packages/airflow/example_dags/example_skip_dag.py for tasks to queue
[2025-05-09T12:13:25.344+0000] {logging_mixin.py:188} INFO - [2025-05-09T12:13:25.344+0000] {dagbag.py:545} INFO - Filling up the DagBag from /home/airflow/.local/lib/python3.10/site-packages/airflow/example_dags/example_skip_dag.py
[2025-05-09T12:13:25.353+0000] {processor.py:840} INFO - DAG(s) 'example_skip_dag' retrieved from /home/airflow/.local/lib/python3.10/site-packages/airflow/example_dags/example_skip_dag.py
[2025-05-09T12:13:25.378+0000] {logging_mixin.py:188} INFO - [2025-05-09T12:13:25.378+0000] {dag.py:3096} INFO - Sync 1 DAGs
[2025-05-09T12:13:25.404+0000] {logging_mixin.py:188} INFO - [2025-05-09T12:13:25.404+0000] {dag.py:3954} INFO - Setting next_dagrun for example_skip_dag to 2025-05-08 00:00:00+00:00, run_after=2025-05-09 00:00:00+00:00
[2025-05-09T12:13:25.434+0000] {processor.py:183} INFO - Processing /home/airflow/.local/lib/python3.10/site-packages/airflow/example_dags/example_skip_dag.py took 0.103 seconds
[2025-05-09T12:13:55.790+0000] {processor.py:161} INFO - Started process (PID=2080) to work on /home/airflow/.local/lib/python3.10/site-packages/airflow/example_dags/example_skip_dag.py
[2025-05-09T12:13:55.791+0000] {processor.py:830} INFO - Processing file /home/airflow/.local/lib/python3.10/site-packages/airflow/example_dags/example_skip_dag.py for tasks to queue
[2025-05-09T12:13:55.793+0000] {logging_mixin.py:188} INFO - [2025-05-09T12:13:55.793+0000] {dagbag.py:545} INFO - Filling up the DagBag from /home/airflow/.local/lib/python3.10/site-packages/airflow/example_dags/example_skip_dag.py
[2025-05-09T12:13:55.800+0000] {processor.py:840} INFO - DAG(s) 'example_skip_dag' retrieved from /home/airflow/.local/lib/python3.10/site-packages/airflow/example_dags/example_skip_dag.py
[2025-05-09T12:13:55.823+0000] {logging_mixin.py:188} INFO - [2025-05-09T12:13:55.822+0000] {dag.py:3096} INFO - Sync 1 DAGs
[2025-05-09T12:13:55.848+0000] {logging_mixin.py:188} INFO - [2025-05-09T12:13:55.847+0000] {dag.py:3954} INFO - Setting next_dagrun for example_skip_dag to 2025-05-08 00:00:00+00:00, run_after=2025-05-09 00:00:00+00:00
[2025-05-09T12:13:55.879+0000] {processor.py:183} INFO - Processing /home/airflow/.local/lib/python3.10/site-packages/airflow/example_dags/example_skip_dag.py took 0.096 seconds
[2025-05-09T12:14:26.440+0000] {processor.py:161} INFO - Started process (PID=2336) to work on /home/airflow/.local/lib/python3.10/site-packages/airflow/example_dags/example_skip_dag.py
[2025-05-09T12:14:26.441+0000] {processor.py:830} INFO - Processing file /home/airflow/.local/lib/python3.10/site-packages/airflow/example_dags/example_skip_dag.py for tasks to queue
[2025-05-09T12:14:26.443+0000] {logging_mixin.py:188} INFO - [2025-05-09T12:14:26.443+0000] {dagbag.py:545} INFO - Filling up the DagBag from /home/airflow/.local/lib/python3.10/site-packages/airflow/example_dags/example_skip_dag.py
[2025-05-09T12:14:26.451+0000] {processor.py:840} INFO - DAG(s) 'example_skip_dag' retrieved from /home/airflow/.local/lib/python3.10/site-packages/airflow/example_dags/example_skip_dag.py
[2025-05-09T12:14:26.478+0000] {logging_mixin.py:188} INFO - [2025-05-09T12:14:26.478+0000] {dag.py:3096} INFO - Sync 1 DAGs
[2025-05-09T12:14:26.503+0000] {logging_mixin.py:188} INFO - [2025-05-09T12:14:26.502+0000] {dag.py:3954} INFO - Setting next_dagrun for example_skip_dag to 2025-05-08 00:00:00+00:00, run_after=2025-05-09 00:00:00+00:00
[2025-05-09T12:14:26.624+0000] {processor.py:183} INFO - Processing /home/airflow/.local/lib/python3.10/site-packages/airflow/example_dags/example_skip_dag.py took 0.109 seconds
[2025-05-09T12:14:56.983+0000] {processor.py:161} INFO - Started process (PID=2592) to work on /home/airflow/.local/lib/python3.10/site-packages/airflow/example_dags/example_skip_dag.py
[2025-05-09T12:14:56.985+0000] {processor.py:830} INFO - Processing file /home/airflow/.local/lib/python3.10/site-packages/airflow/example_dags/example_skip_dag.py for tasks to queue
[2025-05-09T12:14:56.987+0000] {logging_mixin.py:188} INFO - [2025-05-09T12:14:56.986+0000] {dagbag.py:545} INFO - Filling up the DagBag from /home/airflow/.local/lib/python3.10/site-packages/airflow/example_dags/example_skip_dag.py
[2025-05-09T12:14:56.994+0000] {processor.py:840} INFO - DAG(s) 'example_skip_dag' retrieved from /home/airflow/.local/lib/python3.10/site-packages/airflow/example_dags/example_skip_dag.py
[2025-05-09T12:14:57.019+0000] {logging_mixin.py:188} INFO - [2025-05-09T12:14:57.018+0000] {dag.py:3096} INFO - Sync 1 DAGs
[2025-05-09T12:14:57.047+0000] {logging_mixin.py:188} INFO - [2025-05-09T12:14:57.046+0000] {dag.py:3954} INFO - Setting next_dagrun for example_skip_dag to 2025-05-08 00:00:00+00:00, run_after=2025-05-09 00:00:00+00:00
[2025-05-09T12:14:57.067+0000] {processor.py:183} INFO - Processing /home/airflow/.local/lib/python3.10/site-packages/airflow/example_dags/example_skip_dag.py took 0.091 seconds
[2025-05-09T12:15:27.228+0000] {processor.py:161} INFO - Started process (PID=2853) to work on /home/airflow/.local/lib/python3.10/site-packages/airflow/example_dags/example_skip_dag.py
[2025-05-09T12:15:27.230+0000] {processor.py:830} INFO - Processing file /home/airflow/.local/lib/python3.10/site-packages/airflow/example_dags/example_skip_dag.py for tasks to queue
[2025-05-09T12:15:27.232+0000] {logging_mixin.py:188} INFO - [2025-05-09T12:15:27.232+0000] {dagbag.py:545} INFO - Filling up the DagBag from /home/airflow/.local/lib/python3.10/site-packages/airflow/example_dags/example_skip_dag.py
[2025-05-09T12:15:27.240+0000] {processor.py:840} INFO - DAG(s) 'example_skip_dag' retrieved from /home/airflow/.local/lib/python3.10/site-packages/airflow/example_dags/example_skip_dag.py
[2025-05-09T12:15:27.265+0000] {logging_mixin.py:188} INFO - [2025-05-09T12:15:27.265+0000] {dag.py:3096} INFO - Sync 1 DAGs
[2025-05-09T12:15:27.294+0000] {logging_mixin.py:188} INFO - [2025-05-09T12:15:27.294+0000] {dag.py:3954} INFO - Setting next_dagrun for example_skip_dag to 2025-05-08 00:00:00+00:00, run_after=2025-05-09 00:00:00+00:00
[2025-05-09T12:15:27.314+0000] {processor.py:183} INFO - Processing /home/airflow/.local/lib/python3.10/site-packages/airflow/example_dags/example_skip_dag.py took 0.093 seconds
[2025-05-09T12:43:53.574+0000] {processor.py:161} INFO - Started process (PID=294) to work on /home/airflow/.local/lib/python3.10/site-packages/airflow/example_dags/example_skip_dag.py
[2025-05-09T12:43:53.577+0000] {processor.py:830} INFO - Processing file /home/airflow/.local/lib/python3.10/site-packages/airflow/example_dags/example_skip_dag.py for tasks to queue
[2025-05-09T12:43:53.580+0000] {logging_mixin.py:188} INFO - [2025-05-09T12:43:53.579+0000] {dagbag.py:545} INFO - Filling up the DagBag from /home/airflow/.local/lib/python3.10/site-packages/airflow/example_dags/example_skip_dag.py
[2025-05-09T12:43:53.588+0000] {processor.py:840} INFO - DAG(s) 'example_skip_dag' retrieved from /home/airflow/.local/lib/python3.10/site-packages/airflow/example_dags/example_skip_dag.py
[2025-05-09T12:43:53.605+0000] {logging_mixin.py:188} INFO - [2025-05-09T12:43:53.604+0000] {dag.py:3096} INFO - Sync 1 DAGs
[2025-05-09T12:43:53.641+0000] {logging_mixin.py:188} INFO - [2025-05-09T12:43:53.641+0000] {dag.py:3954} INFO - Setting next_dagrun for example_skip_dag to 2025-05-08 00:00:00+00:00, run_after=2025-05-09 00:00:00+00:00
[2025-05-09T12:43:53.681+0000] {processor.py:183} INFO - Processing /home/airflow/.local/lib/python3.10/site-packages/airflow/example_dags/example_skip_dag.py took 0.115 seconds
[2025-05-09T12:44:25.156+0000] {processor.py:161} INFO - Started process (PID=554) to work on /home/airflow/.local/lib/python3.10/site-packages/airflow/example_dags/example_skip_dag.py
[2025-05-09T12:44:25.157+0000] {processor.py:830} INFO - Processing file /home/airflow/.local/lib/python3.10/site-packages/airflow/example_dags/example_skip_dag.py for tasks to queue
[2025-05-09T12:44:25.159+0000] {logging_mixin.py:188} INFO - [2025-05-09T12:44:25.159+0000] {dagbag.py:545} INFO - Filling up the DagBag from /home/airflow/.local/lib/python3.10/site-packages/airflow/example_dags/example_skip_dag.py
[2025-05-09T12:44:25.167+0000] {processor.py:840} INFO - DAG(s) 'example_skip_dag' retrieved from /home/airflow/.local/lib/python3.10/site-packages/airflow/example_dags/example_skip_dag.py
[2025-05-09T12:44:25.345+0000] {logging_mixin.py:188} INFO - [2025-05-09T12:44:25.345+0000] {dag.py:3096} INFO - Sync 1 DAGs
[2025-05-09T12:44:25.382+0000] {logging_mixin.py:188} INFO - [2025-05-09T12:44:25.381+0000] {dag.py:3954} INFO - Setting next_dagrun for example_skip_dag to 2025-05-08 00:00:00+00:00, run_after=2025-05-09 00:00:00+00:00
[2025-05-09T12:44:25.423+0000] {processor.py:183} INFO - Processing /home/airflow/.local/lib/python3.10/site-packages/airflow/example_dags/example_skip_dag.py took 0.276 seconds
[2025-05-09T12:44:55.761+0000] {processor.py:161} INFO - Started process (PID=816) to work on /home/airflow/.local/lib/python3.10/site-packages/airflow/example_dags/example_skip_dag.py
[2025-05-09T12:44:55.763+0000] {processor.py:830} INFO - Processing file /home/airflow/.local/lib/python3.10/site-packages/airflow/example_dags/example_skip_dag.py for tasks to queue
[2025-05-09T12:44:55.767+0000] {logging_mixin.py:188} INFO - [2025-05-09T12:44:55.767+0000] {dagbag.py:545} INFO - Filling up the DagBag from /home/airflow/.local/lib/python3.10/site-packages/airflow/example_dags/example_skip_dag.py
[2025-05-09T12:44:55.776+0000] {processor.py:840} INFO - DAG(s) 'example_skip_dag' retrieved from /home/airflow/.local/lib/python3.10/site-packages/airflow/example_dags/example_skip_dag.py
[2025-05-09T12:44:55.803+0000] {logging_mixin.py:188} INFO - [2025-05-09T12:44:55.803+0000] {dag.py:3096} INFO - Sync 1 DAGs
[2025-05-09T12:44:55.827+0000] {logging_mixin.py:188} INFO - [2025-05-09T12:44:55.827+0000] {dag.py:3954} INFO - Setting next_dagrun for example_skip_dag to 2025-05-08 00:00:00+00:00, run_after=2025-05-09 00:00:00+00:00
[2025-05-09T12:44:55.848+0000] {processor.py:183} INFO - Processing /home/airflow/.local/lib/python3.10/site-packages/airflow/example_dags/example_skip_dag.py took 0.095 seconds
[2025-05-09T12:45:26.709+0000] {processor.py:161} INFO - Started process (PID=1078) to work on /home/airflow/.local/lib/python3.10/site-packages/airflow/example_dags/example_skip_dag.py
[2025-05-09T12:45:26.712+0000] {processor.py:830} INFO - Processing file /home/airflow/.local/lib/python3.10/site-packages/airflow/example_dags/example_skip_dag.py for tasks to queue
[2025-05-09T12:45:26.716+0000] {logging_mixin.py:188} INFO - [2025-05-09T12:45:26.715+0000] {dagbag.py:545} INFO - Filling up the DagBag from /home/airflow/.local/lib/python3.10/site-packages/airflow/example_dags/example_skip_dag.py
[2025-05-09T12:45:26.750+0000] {processor.py:840} INFO - DAG(s) 'example_skip_dag' retrieved from /home/airflow/.local/lib/python3.10/site-packages/airflow/example_dags/example_skip_dag.py
[2025-05-09T12:45:26.837+0000] {logging_mixin.py:188} INFO - [2025-05-09T12:45:26.837+0000] {dag.py:3096} INFO - Sync 1 DAGs
[2025-05-09T12:45:26.963+0000] {logging_mixin.py:188} INFO - [2025-05-09T12:45:26.963+0000] {dag.py:3954} INFO - Setting next_dagrun for example_skip_dag to 2025-05-08 00:00:00+00:00, run_after=2025-05-09 00:00:00+00:00
[2025-05-09T12:45:27.065+0000] {processor.py:183} INFO - Processing /home/airflow/.local/lib/python3.10/site-packages/airflow/example_dags/example_skip_dag.py took 0.384 seconds
[2025-05-09T12:45:57.367+0000] {processor.py:161} INFO - Started process (PID=1340) to work on /home/airflow/.local/lib/python3.10/site-packages/airflow/example_dags/example_skip_dag.py
[2025-05-09T12:45:57.368+0000] {processor.py:830} INFO - Processing file /home/airflow/.local/lib/python3.10/site-packages/airflow/example_dags/example_skip_dag.py for tasks to queue
[2025-05-09T12:45:57.371+0000] {logging_mixin.py:188} INFO - [2025-05-09T12:45:57.371+0000] {dagbag.py:545} INFO - Filling up the DagBag from /home/airflow/.local/lib/python3.10/site-packages/airflow/example_dags/example_skip_dag.py
[2025-05-09T12:45:57.379+0000] {processor.py:840} INFO - DAG(s) 'example_skip_dag' retrieved from /home/airflow/.local/lib/python3.10/site-packages/airflow/example_dags/example_skip_dag.py
[2025-05-09T12:45:57.410+0000] {logging_mixin.py:188} INFO - [2025-05-09T12:45:57.410+0000] {dag.py:3096} INFO - Sync 1 DAGs
[2025-05-09T12:45:57.438+0000] {logging_mixin.py:188} INFO - [2025-05-09T12:45:57.438+0000] {dag.py:3954} INFO - Setting next_dagrun for example_skip_dag to 2025-05-08 00:00:00+00:00, run_after=2025-05-09 00:00:00+00:00
[2025-05-09T12:45:57.464+0000] {processor.py:183} INFO - Processing /home/airflow/.local/lib/python3.10/site-packages/airflow/example_dags/example_skip_dag.py took 0.105 seconds
[2025-05-09T12:46:27.928+0000] {processor.py:161} INFO - Started process (PID=1602) to work on /home/airflow/.local/lib/python3.10/site-packages/airflow/example_dags/example_skip_dag.py
[2025-05-09T12:46:27.930+0000] {processor.py:830} INFO - Processing file /home/airflow/.local/lib/python3.10/site-packages/airflow/example_dags/example_skip_dag.py for tasks to queue
[2025-05-09T12:46:27.932+0000] {logging_mixin.py:188} INFO - [2025-05-09T12:46:27.931+0000] {dagbag.py:545} INFO - Filling up the DagBag from /home/airflow/.local/lib/python3.10/site-packages/airflow/example_dags/example_skip_dag.py
[2025-05-09T12:46:27.940+0000] {processor.py:840} INFO - DAG(s) 'example_skip_dag' retrieved from /home/airflow/.local/lib/python3.10/site-packages/airflow/example_dags/example_skip_dag.py
[2025-05-09T12:46:27.967+0000] {logging_mixin.py:188} INFO - [2025-05-09T12:46:27.966+0000] {dag.py:3096} INFO - Sync 1 DAGs
[2025-05-09T12:46:27.990+0000] {logging_mixin.py:188} INFO - [2025-05-09T12:46:27.990+0000] {dag.py:3954} INFO - Setting next_dagrun for example_skip_dag to 2025-05-08 00:00:00+00:00, run_after=2025-05-09 00:00:00+00:00
[2025-05-09T12:46:28.014+0000] {processor.py:183} INFO - Processing /home/airflow/.local/lib/python3.10/site-packages/airflow/example_dags/example_skip_dag.py took 0.093 seconds
[2025-05-09T12:46:58.457+0000] {processor.py:161} INFO - Started process (PID=1864) to work on /home/airflow/.local/lib/python3.10/site-packages/airflow/example_dags/example_skip_dag.py
[2025-05-09T12:46:58.458+0000] {processor.py:830} INFO - Processing file /home/airflow/.local/lib/python3.10/site-packages/airflow/example_dags/example_skip_dag.py for tasks to queue
[2025-05-09T12:46:58.460+0000] {logging_mixin.py:188} INFO - [2025-05-09T12:46:58.460+0000] {dagbag.py:545} INFO - Filling up the DagBag from /home/airflow/.local/lib/python3.10/site-packages/airflow/example_dags/example_skip_dag.py
[2025-05-09T12:46:58.466+0000] {processor.py:840} INFO - DAG(s) 'example_skip_dag' retrieved from /home/airflow/.local/lib/python3.10/site-packages/airflow/example_dags/example_skip_dag.py
[2025-05-09T12:46:58.492+0000] {logging_mixin.py:188} INFO - [2025-05-09T12:46:58.492+0000] {dag.py:3096} INFO - Sync 1 DAGs
[2025-05-09T12:46:58.512+0000] {logging_mixin.py:188} INFO - [2025-05-09T12:46:58.512+0000] {dag.py:3954} INFO - Setting next_dagrun for example_skip_dag to 2025-05-08 00:00:00+00:00, run_after=2025-05-09 00:00:00+00:00
[2025-05-09T12:46:58.533+0000] {processor.py:183} INFO - Processing /home/airflow/.local/lib/python3.10/site-packages/airflow/example_dags/example_skip_dag.py took 0.082 seconds
[2025-05-09T12:47:28.923+0000] {processor.py:161} INFO - Started process (PID=2135) to work on /home/airflow/.local/lib/python3.10/site-packages/airflow/example_dags/example_skip_dag.py
[2025-05-09T12:47:28.925+0000] {processor.py:830} INFO - Processing file /home/airflow/.local/lib/python3.10/site-packages/airflow/example_dags/example_skip_dag.py for tasks to queue
[2025-05-09T12:47:28.927+0000] {logging_mixin.py:188} INFO - [2025-05-09T12:47:28.927+0000] {dagbag.py:545} INFO - Filling up the DagBag from /home/airflow/.local/lib/python3.10/site-packages/airflow/example_dags/example_skip_dag.py
[2025-05-09T12:47:28.933+0000] {processor.py:840} INFO - DAG(s) 'example_skip_dag' retrieved from /home/airflow/.local/lib/python3.10/site-packages/airflow/example_dags/example_skip_dag.py
[2025-05-09T12:47:28.957+0000] {logging_mixin.py:188} INFO - [2025-05-09T12:47:28.957+0000] {dag.py:3096} INFO - Sync 1 DAGs
[2025-05-09T12:47:28.978+0000] {logging_mixin.py:188} INFO - [2025-05-09T12:47:28.978+0000] {dag.py:3954} INFO - Setting next_dagrun for example_skip_dag to 2025-05-08 00:00:00+00:00, run_after=2025-05-09 00:00:00+00:00
[2025-05-09T12:47:28.999+0000] {processor.py:183} INFO - Processing /home/airflow/.local/lib/python3.10/site-packages/airflow/example_dags/example_skip_dag.py took 0.082 seconds
[2025-05-09T12:47:59.194+0000] {processor.py:161} INFO - Started process (PID=2392) to work on /home/airflow/.local/lib/python3.10/site-packages/airflow/example_dags/example_skip_dag.py
[2025-05-09T12:47:59.196+0000] {processor.py:830} INFO - Processing file /home/airflow/.local/lib/python3.10/site-packages/airflow/example_dags/example_skip_dag.py for tasks to queue
[2025-05-09T12:47:59.198+0000] {logging_mixin.py:188} INFO - [2025-05-09T12:47:59.197+0000] {dagbag.py:545} INFO - Filling up the DagBag from /home/airflow/.local/lib/python3.10/site-packages/airflow/example_dags/example_skip_dag.py
[2025-05-09T12:47:59.204+0000] {processor.py:840} INFO - DAG(s) 'example_skip_dag' retrieved from /home/airflow/.local/lib/python3.10/site-packages/airflow/example_dags/example_skip_dag.py
[2025-05-09T12:47:59.230+0000] {logging_mixin.py:188} INFO - [2025-05-09T12:47:59.229+0000] {dag.py:3096} INFO - Sync 1 DAGs
[2025-05-09T12:47:59.259+0000] {logging_mixin.py:188} INFO - [2025-05-09T12:47:59.259+0000] {dag.py:3954} INFO - Setting next_dagrun for example_skip_dag to 2025-05-08 00:00:00+00:00, run_after=2025-05-09 00:00:00+00:00
[2025-05-09T12:47:59.288+0000] {processor.py:183} INFO - Processing /home/airflow/.local/lib/python3.10/site-packages/airflow/example_dags/example_skip_dag.py took 0.099 seconds
[2025-05-09T12:48:29.569+0000] {processor.py:161} INFO - Started process (PID=2663) to work on /home/airflow/.local/lib/python3.10/site-packages/airflow/example_dags/example_skip_dag.py
[2025-05-09T12:48:29.572+0000] {processor.py:830} INFO - Processing file /home/airflow/.local/lib/python3.10/site-packages/airflow/example_dags/example_skip_dag.py for tasks to queue
[2025-05-09T12:48:29.575+0000] {logging_mixin.py:188} INFO - [2025-05-09T12:48:29.575+0000] {dagbag.py:545} INFO - Filling up the DagBag from /home/airflow/.local/lib/python3.10/site-packages/airflow/example_dags/example_skip_dag.py
[2025-05-09T12:48:29.583+0000] {processor.py:840} INFO - DAG(s) 'example_skip_dag' retrieved from /home/airflow/.local/lib/python3.10/site-packages/airflow/example_dags/example_skip_dag.py
[2025-05-09T12:48:29.615+0000] {logging_mixin.py:188} INFO - [2025-05-09T12:48:29.614+0000] {dag.py:3096} INFO - Sync 1 DAGs
[2025-05-09T12:48:29.647+0000] {logging_mixin.py:188} INFO - [2025-05-09T12:48:29.646+0000] {dag.py:3954} INFO - Setting next_dagrun for example_skip_dag to 2025-05-08 00:00:00+00:00, run_after=2025-05-09 00:00:00+00:00
[2025-05-09T12:48:29.672+0000] {processor.py:183} INFO - Processing /home/airflow/.local/lib/python3.10/site-packages/airflow/example_dags/example_skip_dag.py took 0.111 seconds
[2025-05-09T12:49:00.325+0000] {processor.py:161} INFO - Started process (PID=2930) to work on /home/airflow/.local/lib/python3.10/site-packages/airflow/example_dags/example_skip_dag.py
[2025-05-09T12:49:00.326+0000] {processor.py:830} INFO - Processing file /home/airflow/.local/lib/python3.10/site-packages/airflow/example_dags/example_skip_dag.py for tasks to queue
[2025-05-09T12:49:00.328+0000] {logging_mixin.py:188} INFO - [2025-05-09T12:49:00.328+0000] {dagbag.py:545} INFO - Filling up the DagBag from /home/airflow/.local/lib/python3.10/site-packages/airflow/example_dags/example_skip_dag.py
[2025-05-09T12:49:00.338+0000] {processor.py:840} INFO - DAG(s) 'example_skip_dag' retrieved from /home/airflow/.local/lib/python3.10/site-packages/airflow/example_dags/example_skip_dag.py
[2025-05-09T12:49:00.367+0000] {logging_mixin.py:188} INFO - [2025-05-09T12:49:00.367+0000] {dag.py:3096} INFO - Sync 1 DAGs
[2025-05-09T12:49:00.394+0000] {logging_mixin.py:188} INFO - [2025-05-09T12:49:00.394+0000] {dag.py:3954} INFO - Setting next_dagrun for example_skip_dag to 2025-05-08 00:00:00+00:00, run_after=2025-05-09 00:00:00+00:00
[2025-05-09T12:49:00.419+0000] {processor.py:183} INFO - Processing /home/airflow/.local/lib/python3.10/site-packages/airflow/example_dags/example_skip_dag.py took 0.102 seconds
[2025-05-09T12:49:31.720+0000] {processor.py:161} INFO - Started process (PID=3192) to work on /home/airflow/.local/lib/python3.10/site-packages/airflow/example_dags/example_skip_dag.py
[2025-05-09T12:49:31.722+0000] {processor.py:830} INFO - Processing file /home/airflow/.local/lib/python3.10/site-packages/airflow/example_dags/example_skip_dag.py for tasks to queue
[2025-05-09T12:49:31.724+0000] {logging_mixin.py:188} INFO - [2025-05-09T12:49:31.724+0000] {dagbag.py:545} INFO - Filling up the DagBag from /home/airflow/.local/lib/python3.10/site-packages/airflow/example_dags/example_skip_dag.py
[2025-05-09T12:49:31.733+0000] {processor.py:840} INFO - DAG(s) 'example_skip_dag' retrieved from /home/airflow/.local/lib/python3.10/site-packages/airflow/example_dags/example_skip_dag.py
[2025-05-09T12:49:31.766+0000] {logging_mixin.py:188} INFO - [2025-05-09T12:49:31.765+0000] {dag.py:3096} INFO - Sync 1 DAGs
[2025-05-09T12:49:31.799+0000] {logging_mixin.py:188} INFO - [2025-05-09T12:49:31.799+0000] {dag.py:3954} INFO - Setting next_dagrun for example_skip_dag to 2025-05-08 00:00:00+00:00, run_after=2025-05-09 00:00:00+00:00
[2025-05-09T12:49:31.826+0000] {processor.py:183} INFO - Processing /home/airflow/.local/lib/python3.10/site-packages/airflow/example_dags/example_skip_dag.py took 0.115 seconds
[2025-05-09T12:50:02.628+0000] {processor.py:161} INFO - Started process (PID=3457) to work on /home/airflow/.local/lib/python3.10/site-packages/airflow/example_dags/example_skip_dag.py
[2025-05-09T12:50:02.630+0000] {processor.py:830} INFO - Processing file /home/airflow/.local/lib/python3.10/site-packages/airflow/example_dags/example_skip_dag.py for tasks to queue
[2025-05-09T12:50:02.634+0000] {logging_mixin.py:188} INFO - [2025-05-09T12:50:02.633+0000] {dagbag.py:545} INFO - Filling up the DagBag from /home/airflow/.local/lib/python3.10/site-packages/airflow/example_dags/example_skip_dag.py
[2025-05-09T12:50:02.644+0000] {processor.py:840} INFO - DAG(s) 'example_skip_dag' retrieved from /home/airflow/.local/lib/python3.10/site-packages/airflow/example_dags/example_skip_dag.py
[2025-05-09T12:50:02.681+0000] {logging_mixin.py:188} INFO - [2025-05-09T12:50:02.681+0000] {dag.py:3096} INFO - Sync 1 DAGs
[2025-05-09T12:50:02.715+0000] {logging_mixin.py:188} INFO - [2025-05-09T12:50:02.715+0000] {dag.py:3954} INFO - Setting next_dagrun for example_skip_dag to 2025-05-08 00:00:00+00:00, run_after=2025-05-09 00:00:00+00:00
[2025-05-09T12:50:02.748+0000] {processor.py:183} INFO - Processing /home/airflow/.local/lib/python3.10/site-packages/airflow/example_dags/example_skip_dag.py took 0.131 seconds
[2025-05-09T12:50:33.421+0000] {processor.py:161} INFO - Started process (PID=3725) to work on /home/airflow/.local/lib/python3.10/site-packages/airflow/example_dags/example_skip_dag.py
[2025-05-09T12:50:33.423+0000] {processor.py:830} INFO - Processing file /home/airflow/.local/lib/python3.10/site-packages/airflow/example_dags/example_skip_dag.py for tasks to queue
[2025-05-09T12:50:33.427+0000] {logging_mixin.py:188} INFO - [2025-05-09T12:50:33.426+0000] {dagbag.py:545} INFO - Filling up the DagBag from /home/airflow/.local/lib/python3.10/site-packages/airflow/example_dags/example_skip_dag.py
[2025-05-09T12:50:33.436+0000] {processor.py:840} INFO - DAG(s) 'example_skip_dag' retrieved from /home/airflow/.local/lib/python3.10/site-packages/airflow/example_dags/example_skip_dag.py
[2025-05-09T12:50:33.478+0000] {logging_mixin.py:188} INFO - [2025-05-09T12:50:33.477+0000] {dag.py:3096} INFO - Sync 1 DAGs
[2025-05-09T12:50:33.515+0000] {logging_mixin.py:188} INFO - [2025-05-09T12:50:33.515+0000] {dag.py:3954} INFO - Setting next_dagrun for example_skip_dag to 2025-05-08 00:00:00+00:00, run_after=2025-05-09 00:00:00+00:00
[2025-05-09T12:50:33.550+0000] {processor.py:183} INFO - Processing /home/airflow/.local/lib/python3.10/site-packages/airflow/example_dags/example_skip_dag.py took 0.137 seconds
[2025-05-09T12:51:04.398+0000] {processor.py:161} INFO - Started process (PID=3989) to work on /home/airflow/.local/lib/python3.10/site-packages/airflow/example_dags/example_skip_dag.py
[2025-05-09T12:51:04.399+0000] {processor.py:830} INFO - Processing file /home/airflow/.local/lib/python3.10/site-packages/airflow/example_dags/example_skip_dag.py for tasks to queue
[2025-05-09T12:51:04.401+0000] {logging_mixin.py:188} INFO - [2025-05-09T12:51:04.400+0000] {dagbag.py:545} INFO - Filling up the DagBag from /home/airflow/.local/lib/python3.10/site-packages/airflow/example_dags/example_skip_dag.py
[2025-05-09T12:51:04.409+0000] {processor.py:840} INFO - DAG(s) 'example_skip_dag' retrieved from /home/airflow/.local/lib/python3.10/site-packages/airflow/example_dags/example_skip_dag.py
[2025-05-09T12:51:04.438+0000] {logging_mixin.py:188} INFO - [2025-05-09T12:51:04.438+0000] {dag.py:3096} INFO - Sync 1 DAGs
[2025-05-09T12:51:04.461+0000] {logging_mixin.py:188} INFO - [2025-05-09T12:51:04.461+0000] {dag.py:3954} INFO - Setting next_dagrun for example_skip_dag to 2025-05-08 00:00:00+00:00, run_after=2025-05-09 00:00:00+00:00
[2025-05-09T12:51:04.480+0000] {processor.py:183} INFO - Processing /home/airflow/.local/lib/python3.10/site-packages/airflow/example_dags/example_skip_dag.py took 0.089 seconds
[2025-05-09T12:52:23.237+0000] {processor.py:161} INFO - Started process (PID=297) to work on /home/airflow/.local/lib/python3.10/site-packages/airflow/example_dags/example_skip_dag.py
[2025-05-09T12:52:23.239+0000] {processor.py:830} INFO - Processing file /home/airflow/.local/lib/python3.10/site-packages/airflow/example_dags/example_skip_dag.py for tasks to queue
[2025-05-09T12:52:23.242+0000] {logging_mixin.py:188} INFO - [2025-05-09T12:52:23.241+0000] {dagbag.py:545} INFO - Filling up the DagBag from /home/airflow/.local/lib/python3.10/site-packages/airflow/example_dags/example_skip_dag.py
[2025-05-09T12:52:23.248+0000] {processor.py:840} INFO - DAG(s) 'example_skip_dag' retrieved from /home/airflow/.local/lib/python3.10/site-packages/airflow/example_dags/example_skip_dag.py
[2025-05-09T12:52:23.263+0000] {logging_mixin.py:188} INFO - [2025-05-09T12:52:23.263+0000] {dag.py:3096} INFO - Sync 1 DAGs
[2025-05-09T12:52:23.286+0000] {logging_mixin.py:188} INFO - [2025-05-09T12:52:23.286+0000] {dag.py:3954} INFO - Setting next_dagrun for example_skip_dag to 2025-05-08 00:00:00+00:00, run_after=2025-05-09 00:00:00+00:00
[2025-05-09T12:52:23.313+0000] {processor.py:183} INFO - Processing /home/airflow/.local/lib/python3.10/site-packages/airflow/example_dags/example_skip_dag.py took 0.082 seconds
[2025-05-09T12:52:54.631+0000] {processor.py:161} INFO - Started process (PID=557) to work on /home/airflow/.local/lib/python3.10/site-packages/airflow/example_dags/example_skip_dag.py
[2025-05-09T12:52:54.632+0000] {processor.py:830} INFO - Processing file /home/airflow/.local/lib/python3.10/site-packages/airflow/example_dags/example_skip_dag.py for tasks to queue
[2025-05-09T12:52:54.635+0000] {logging_mixin.py:188} INFO - [2025-05-09T12:52:54.634+0000] {dagbag.py:545} INFO - Filling up the DagBag from /home/airflow/.local/lib/python3.10/site-packages/airflow/example_dags/example_skip_dag.py
[2025-05-09T12:52:54.641+0000] {processor.py:840} INFO - DAG(s) 'example_skip_dag' retrieved from /home/airflow/.local/lib/python3.10/site-packages/airflow/example_dags/example_skip_dag.py
[2025-05-09T12:52:54.743+0000] {logging_mixin.py:188} INFO - [2025-05-09T12:52:54.743+0000] {dag.py:3096} INFO - Sync 1 DAGs
[2025-05-09T12:52:54.767+0000] {logging_mixin.py:188} INFO - [2025-05-09T12:52:54.767+0000] {dag.py:3954} INFO - Setting next_dagrun for example_skip_dag to 2025-05-08 00:00:00+00:00, run_after=2025-05-09 00:00:00+00:00
[2025-05-09T12:52:54.797+0000] {processor.py:183} INFO - Processing /home/airflow/.local/lib/python3.10/site-packages/airflow/example_dags/example_skip_dag.py took 0.173 seconds
[2025-05-09T12:53:24.967+0000] {processor.py:161} INFO - Started process (PID=820) to work on /home/airflow/.local/lib/python3.10/site-packages/airflow/example_dags/example_skip_dag.py
[2025-05-09T12:53:24.970+0000] {processor.py:830} INFO - Processing file /home/airflow/.local/lib/python3.10/site-packages/airflow/example_dags/example_skip_dag.py for tasks to queue
[2025-05-09T12:53:24.974+0000] {logging_mixin.py:188} INFO - [2025-05-09T12:53:24.973+0000] {dagbag.py:545} INFO - Filling up the DagBag from /home/airflow/.local/lib/python3.10/site-packages/airflow/example_dags/example_skip_dag.py
[2025-05-09T12:53:24.985+0000] {processor.py:840} INFO - DAG(s) 'example_skip_dag' retrieved from /home/airflow/.local/lib/python3.10/site-packages/airflow/example_dags/example_skip_dag.py
[2025-05-09T12:53:25.026+0000] {logging_mixin.py:188} INFO - [2025-05-09T12:53:25.026+0000] {dag.py:3096} INFO - Sync 1 DAGs
[2025-05-09T12:53:25.059+0000] {logging_mixin.py:188} INFO - [2025-05-09T12:53:25.059+0000] {dag.py:3954} INFO - Setting next_dagrun for example_skip_dag to 2025-05-08 00:00:00+00:00, run_after=2025-05-09 00:00:00+00:00
[2025-05-09T12:53:25.087+0000] {processor.py:183} INFO - Processing /home/airflow/.local/lib/python3.10/site-packages/airflow/example_dags/example_skip_dag.py took 0.128 seconds
[2025-05-09T12:53:55.861+0000] {processor.py:161} INFO - Started process (PID=1084) to work on /home/airflow/.local/lib/python3.10/site-packages/airflow/example_dags/example_skip_dag.py
[2025-05-09T12:53:55.862+0000] {processor.py:830} INFO - Processing file /home/airflow/.local/lib/python3.10/site-packages/airflow/example_dags/example_skip_dag.py for tasks to queue
[2025-05-09T12:53:55.865+0000] {logging_mixin.py:188} INFO - [2025-05-09T12:53:55.865+0000] {dagbag.py:545} INFO - Filling up the DagBag from /home/airflow/.local/lib/python3.10/site-packages/airflow/example_dags/example_skip_dag.py
[2025-05-09T12:53:55.877+0000] {processor.py:840} INFO - DAG(s) 'example_skip_dag' retrieved from /home/airflow/.local/lib/python3.10/site-packages/airflow/example_dags/example_skip_dag.py
[2025-05-09T12:53:55.914+0000] {logging_mixin.py:188} INFO - [2025-05-09T12:53:55.914+0000] {dag.py:3096} INFO - Sync 1 DAGs
[2025-05-09T12:53:55.941+0000] {logging_mixin.py:188} INFO - [2025-05-09T12:53:55.940+0000] {dag.py:3954} INFO - Setting next_dagrun for example_skip_dag to 2025-05-08 00:00:00+00:00, run_after=2025-05-09 00:00:00+00:00
[2025-05-09T12:53:55.965+0000] {processor.py:183} INFO - Processing /home/airflow/.local/lib/python3.10/site-packages/airflow/example_dags/example_skip_dag.py took 0.115 seconds
[2025-05-09T12:54:26.708+0000] {processor.py:161} INFO - Started process (PID=1346) to work on /home/airflow/.local/lib/python3.10/site-packages/airflow/example_dags/example_skip_dag.py
[2025-05-09T12:54:26.710+0000] {processor.py:830} INFO - Processing file /home/airflow/.local/lib/python3.10/site-packages/airflow/example_dags/example_skip_dag.py for tasks to queue
[2025-05-09T12:54:26.714+0000] {logging_mixin.py:188} INFO - [2025-05-09T12:54:26.713+0000] {dagbag.py:545} INFO - Filling up the DagBag from /home/airflow/.local/lib/python3.10/site-packages/airflow/example_dags/example_skip_dag.py
[2025-05-09T12:54:26.721+0000] {processor.py:840} INFO - DAG(s) 'example_skip_dag' retrieved from /home/airflow/.local/lib/python3.10/site-packages/airflow/example_dags/example_skip_dag.py
[2025-05-09T12:54:26.750+0000] {logging_mixin.py:188} INFO - [2025-05-09T12:54:26.750+0000] {dag.py:3096} INFO - Sync 1 DAGs
[2025-05-09T12:54:26.777+0000] {logging_mixin.py:188} INFO - [2025-05-09T12:54:26.777+0000] {dag.py:3954} INFO - Setting next_dagrun for example_skip_dag to 2025-05-08 00:00:00+00:00, run_after=2025-05-09 00:00:00+00:00
[2025-05-09T12:54:26.800+0000] {processor.py:183} INFO - Processing /home/airflow/.local/lib/python3.10/site-packages/airflow/example_dags/example_skip_dag.py took 0.099 seconds
[2025-05-09T12:54:57.087+0000] {processor.py:161} INFO - Started process (PID=1608) to work on /home/airflow/.local/lib/python3.10/site-packages/airflow/example_dags/example_skip_dag.py
[2025-05-09T12:54:57.089+0000] {processor.py:830} INFO - Processing file /home/airflow/.local/lib/python3.10/site-packages/airflow/example_dags/example_skip_dag.py for tasks to queue
[2025-05-09T12:54:57.092+0000] {logging_mixin.py:188} INFO - [2025-05-09T12:54:57.091+0000] {dagbag.py:545} INFO - Filling up the DagBag from /home/airflow/.local/lib/python3.10/site-packages/airflow/example_dags/example_skip_dag.py
[2025-05-09T12:54:57.101+0000] {processor.py:840} INFO - DAG(s) 'example_skip_dag' retrieved from /home/airflow/.local/lib/python3.10/site-packages/airflow/example_dags/example_skip_dag.py
[2025-05-09T12:54:57.129+0000] {logging_mixin.py:188} INFO - [2025-05-09T12:54:57.129+0000] {dag.py:3096} INFO - Sync 1 DAGs
[2025-05-09T12:54:57.155+0000] {logging_mixin.py:188} INFO - [2025-05-09T12:54:57.155+0000] {dag.py:3954} INFO - Setting next_dagrun for example_skip_dag to 2025-05-08 00:00:00+00:00, run_after=2025-05-09 00:00:00+00:00
[2025-05-09T12:54:57.180+0000] {processor.py:183} INFO - Processing /home/airflow/.local/lib/python3.10/site-packages/airflow/example_dags/example_skip_dag.py took 0.101 seconds
[2025-05-09T12:55:27.466+0000] {processor.py:161} INFO - Started process (PID=1873) to work on /home/airflow/.local/lib/python3.10/site-packages/airflow/example_dags/example_skip_dag.py
[2025-05-09T12:55:27.468+0000] {processor.py:830} INFO - Processing file /home/airflow/.local/lib/python3.10/site-packages/airflow/example_dags/example_skip_dag.py for tasks to queue
[2025-05-09T12:55:27.470+0000] {logging_mixin.py:188} INFO - [2025-05-09T12:55:27.470+0000] {dagbag.py:545} INFO - Filling up the DagBag from /home/airflow/.local/lib/python3.10/site-packages/airflow/example_dags/example_skip_dag.py
[2025-05-09T12:55:27.477+0000] {processor.py:840} INFO - DAG(s) 'example_skip_dag' retrieved from /home/airflow/.local/lib/python3.10/site-packages/airflow/example_dags/example_skip_dag.py
[2025-05-09T12:55:27.499+0000] {logging_mixin.py:188} INFO - [2025-05-09T12:55:27.499+0000] {dag.py:3096} INFO - Sync 1 DAGs
[2025-05-09T12:55:27.522+0000] {logging_mixin.py:188} INFO - [2025-05-09T12:55:27.522+0000] {dag.py:3954} INFO - Setting next_dagrun for example_skip_dag to 2025-05-08 00:00:00+00:00, run_after=2025-05-09 00:00:00+00:00
[2025-05-09T12:55:27.545+0000] {processor.py:183} INFO - Processing /home/airflow/.local/lib/python3.10/site-packages/airflow/example_dags/example_skip_dag.py took 0.086 seconds
[2025-05-09T12:57:16.201+0000] {processor.py:161} INFO - Started process (PID=293) to work on /home/airflow/.local/lib/python3.10/site-packages/airflow/example_dags/example_skip_dag.py
[2025-05-09T12:57:16.203+0000] {processor.py:830} INFO - Processing file /home/airflow/.local/lib/python3.10/site-packages/airflow/example_dags/example_skip_dag.py for tasks to queue
[2025-05-09T12:57:16.205+0000] {logging_mixin.py:188} INFO - [2025-05-09T12:57:16.205+0000] {dagbag.py:545} INFO - Filling up the DagBag from /home/airflow/.local/lib/python3.10/site-packages/airflow/example_dags/example_skip_dag.py
[2025-05-09T12:57:16.212+0000] {processor.py:840} INFO - DAG(s) 'example_skip_dag' retrieved from /home/airflow/.local/lib/python3.10/site-packages/airflow/example_dags/example_skip_dag.py
[2025-05-09T12:57:16.232+0000] {logging_mixin.py:188} INFO - [2025-05-09T12:57:16.231+0000] {dag.py:3096} INFO - Sync 1 DAGs
[2025-05-09T12:57:16.259+0000] {logging_mixin.py:188} INFO - [2025-05-09T12:57:16.258+0000] {dag.py:3954} INFO - Setting next_dagrun for example_skip_dag to 2025-05-08 00:00:00+00:00, run_after=2025-05-09 00:00:00+00:00
[2025-05-09T12:57:16.286+0000] {processor.py:183} INFO - Processing /home/airflow/.local/lib/python3.10/site-packages/airflow/example_dags/example_skip_dag.py took 0.093 seconds
[2025-05-09T12:57:46.659+0000] {processor.py:161} INFO - Started process (PID=555) to work on /home/airflow/.local/lib/python3.10/site-packages/airflow/example_dags/example_skip_dag.py
[2025-05-09T12:57:46.661+0000] {processor.py:830} INFO - Processing file /home/airflow/.local/lib/python3.10/site-packages/airflow/example_dags/example_skip_dag.py for tasks to queue
[2025-05-09T12:57:46.664+0000] {logging_mixin.py:188} INFO - [2025-05-09T12:57:46.663+0000] {dagbag.py:545} INFO - Filling up the DagBag from /home/airflow/.local/lib/python3.10/site-packages/airflow/example_dags/example_skip_dag.py
[2025-05-09T12:57:46.671+0000] {processor.py:840} INFO - DAG(s) 'example_skip_dag' retrieved from /home/airflow/.local/lib/python3.10/site-packages/airflow/example_dags/example_skip_dag.py
[2025-05-09T12:57:46.772+0000] {logging_mixin.py:188} INFO - [2025-05-09T12:57:46.771+0000] {dag.py:3096} INFO - Sync 1 DAGs
[2025-05-09T12:57:46.791+0000] {logging_mixin.py:188} INFO - [2025-05-09T12:57:46.791+0000] {dag.py:3954} INFO - Setting next_dagrun for example_skip_dag to 2025-05-08 00:00:00+00:00, run_after=2025-05-09 00:00:00+00:00
[2025-05-09T12:57:46.820+0000] {processor.py:183} INFO - Processing /home/airflow/.local/lib/python3.10/site-packages/airflow/example_dags/example_skip_dag.py took 0.167 seconds
[2025-05-09T12:58:17.200+0000] {processor.py:161} INFO - Started process (PID=817) to work on /home/airflow/.local/lib/python3.10/site-packages/airflow/example_dags/example_skip_dag.py
[2025-05-09T12:58:17.202+0000] {processor.py:830} INFO - Processing file /home/airflow/.local/lib/python3.10/site-packages/airflow/example_dags/example_skip_dag.py for tasks to queue
[2025-05-09T12:58:17.204+0000] {logging_mixin.py:188} INFO - [2025-05-09T12:58:17.204+0000] {dagbag.py:545} INFO - Filling up the DagBag from /home/airflow/.local/lib/python3.10/site-packages/airflow/example_dags/example_skip_dag.py
[2025-05-09T12:58:17.211+0000] {processor.py:840} INFO - DAG(s) 'example_skip_dag' retrieved from /home/airflow/.local/lib/python3.10/site-packages/airflow/example_dags/example_skip_dag.py
[2025-05-09T12:58:17.235+0000] {logging_mixin.py:188} INFO - [2025-05-09T12:58:17.235+0000] {dag.py:3096} INFO - Sync 1 DAGs
[2025-05-09T12:58:17.258+0000] {logging_mixin.py:188} INFO - [2025-05-09T12:58:17.258+0000] {dag.py:3954} INFO - Setting next_dagrun for example_skip_dag to 2025-05-08 00:00:00+00:00, run_after=2025-05-09 00:00:00+00:00
[2025-05-09T12:58:17.278+0000] {processor.py:183} INFO - Processing /home/airflow/.local/lib/python3.10/site-packages/airflow/example_dags/example_skip_dag.py took 0.084 seconds
[2025-05-09T12:58:47.671+0000] {processor.py:161} INFO - Started process (PID=1079) to work on /home/airflow/.local/lib/python3.10/site-packages/airflow/example_dags/example_skip_dag.py
[2025-05-09T12:58:47.673+0000] {processor.py:830} INFO - Processing file /home/airflow/.local/lib/python3.10/site-packages/airflow/example_dags/example_skip_dag.py for tasks to queue
[2025-05-09T12:58:47.676+0000] {logging_mixin.py:188} INFO - [2025-05-09T12:58:47.676+0000] {dagbag.py:545} INFO - Filling up the DagBag from /home/airflow/.local/lib/python3.10/site-packages/airflow/example_dags/example_skip_dag.py
[2025-05-09T12:58:47.684+0000] {processor.py:840} INFO - DAG(s) 'example_skip_dag' retrieved from /home/airflow/.local/lib/python3.10/site-packages/airflow/example_dags/example_skip_dag.py
[2025-05-09T12:58:47.713+0000] {logging_mixin.py:188} INFO - [2025-05-09T12:58:47.713+0000] {dag.py:3096} INFO - Sync 1 DAGs
[2025-05-09T12:58:47.739+0000] {logging_mixin.py:188} INFO - [2025-05-09T12:58:47.738+0000] {dag.py:3954} INFO - Setting next_dagrun for example_skip_dag to 2025-05-08 00:00:00+00:00, run_after=2025-05-09 00:00:00+00:00
[2025-05-09T12:58:47.767+0000] {processor.py:183} INFO - Processing /home/airflow/.local/lib/python3.10/site-packages/airflow/example_dags/example_skip_dag.py took 0.102 seconds
[2025-05-09T12:59:18.123+0000] {processor.py:161} INFO - Started process (PID=1341) to work on /home/airflow/.local/lib/python3.10/site-packages/airflow/example_dags/example_skip_dag.py
[2025-05-09T12:59:18.124+0000] {processor.py:830} INFO - Processing file /home/airflow/.local/lib/python3.10/site-packages/airflow/example_dags/example_skip_dag.py for tasks to queue
[2025-05-09T12:59:18.126+0000] {logging_mixin.py:188} INFO - [2025-05-09T12:59:18.126+0000] {dagbag.py:545} INFO - Filling up the DagBag from /home/airflow/.local/lib/python3.10/site-packages/airflow/example_dags/example_skip_dag.py
[2025-05-09T12:59:18.134+0000] {processor.py:840} INFO - DAG(s) 'example_skip_dag' retrieved from /home/airflow/.local/lib/python3.10/site-packages/airflow/example_dags/example_skip_dag.py
[2025-05-09T12:59:18.159+0000] {logging_mixin.py:188} INFO - [2025-05-09T12:59:18.158+0000] {dag.py:3096} INFO - Sync 1 DAGs
[2025-05-09T12:59:18.181+0000] {logging_mixin.py:188} INFO - [2025-05-09T12:59:18.181+0000] {dag.py:3954} INFO - Setting next_dagrun for example_skip_dag to 2025-05-08 00:00:00+00:00, run_after=2025-05-09 00:00:00+00:00
[2025-05-09T12:59:18.205+0000] {processor.py:183} INFO - Processing /home/airflow/.local/lib/python3.10/site-packages/airflow/example_dags/example_skip_dag.py took 0.088 seconds
[2025-05-09T12:59:49.216+0000] {processor.py:161} INFO - Started process (PID=1603) to work on /home/airflow/.local/lib/python3.10/site-packages/airflow/example_dags/example_skip_dag.py
[2025-05-09T12:59:49.217+0000] {processor.py:830} INFO - Processing file /home/airflow/.local/lib/python3.10/site-packages/airflow/example_dags/example_skip_dag.py for tasks to queue
[2025-05-09T12:59:49.220+0000] {logging_mixin.py:188} INFO - [2025-05-09T12:59:49.220+0000] {dagbag.py:545} INFO - Filling up the DagBag from /home/airflow/.local/lib/python3.10/site-packages/airflow/example_dags/example_skip_dag.py
[2025-05-09T12:59:49.226+0000] {processor.py:840} INFO - DAG(s) 'example_skip_dag' retrieved from /home/airflow/.local/lib/python3.10/site-packages/airflow/example_dags/example_skip_dag.py
[2025-05-09T12:59:49.248+0000] {logging_mixin.py:188} INFO - [2025-05-09T12:59:49.248+0000] {dag.py:3096} INFO - Sync 1 DAGs
[2025-05-09T12:59:49.271+0000] {logging_mixin.py:188} INFO - [2025-05-09T12:59:49.271+0000] {dag.py:3954} INFO - Setting next_dagrun for example_skip_dag to 2025-05-08 00:00:00+00:00, run_after=2025-05-09 00:00:00+00:00
[2025-05-09T12:59:49.292+0000] {processor.py:183} INFO - Processing /home/airflow/.local/lib/python3.10/site-packages/airflow/example_dags/example_skip_dag.py took 0.083 seconds
[2025-05-09T13:00:19.485+0000] {processor.py:161} INFO - Started process (PID=1874) to work on /home/airflow/.local/lib/python3.10/site-packages/airflow/example_dags/example_skip_dag.py
[2025-05-09T13:00:19.487+0000] {processor.py:830} INFO - Processing file /home/airflow/.local/lib/python3.10/site-packages/airflow/example_dags/example_skip_dag.py for tasks to queue
[2025-05-09T13:00:19.489+0000] {logging_mixin.py:188} INFO - [2025-05-09T13:00:19.489+0000] {dagbag.py:545} INFO - Filling up the DagBag from /home/airflow/.local/lib/python3.10/site-packages/airflow/example_dags/example_skip_dag.py
[2025-05-09T13:00:19.499+0000] {processor.py:840} INFO - DAG(s) 'example_skip_dag' retrieved from /home/airflow/.local/lib/python3.10/site-packages/airflow/example_dags/example_skip_dag.py
[2025-05-09T13:00:19.530+0000] {logging_mixin.py:188} INFO - [2025-05-09T13:00:19.530+0000] {dag.py:3096} INFO - Sync 1 DAGs
[2025-05-09T13:00:19.556+0000] {logging_mixin.py:188} INFO - [2025-05-09T13:00:19.555+0000] {dag.py:3954} INFO - Setting next_dagrun for example_skip_dag to 2025-05-08 00:00:00+00:00, run_after=2025-05-09 00:00:00+00:00
[2025-05-09T13:00:19.582+0000] {processor.py:183} INFO - Processing /home/airflow/.local/lib/python3.10/site-packages/airflow/example_dags/example_skip_dag.py took 0.103 seconds
[2025-05-09T13:00:50.248+0000] {processor.py:161} INFO - Started process (PID=2136) to work on /home/airflow/.local/lib/python3.10/site-packages/airflow/example_dags/example_skip_dag.py
[2025-05-09T13:00:50.250+0000] {processor.py:830} INFO - Processing file /home/airflow/.local/lib/python3.10/site-packages/airflow/example_dags/example_skip_dag.py for tasks to queue
[2025-05-09T13:00:50.253+0000] {logging_mixin.py:188} INFO - [2025-05-09T13:00:50.252+0000] {dagbag.py:545} INFO - Filling up the DagBag from /home/airflow/.local/lib/python3.10/site-packages/airflow/example_dags/example_skip_dag.py
[2025-05-09T13:00:50.259+0000] {processor.py:840} INFO - DAG(s) 'example_skip_dag' retrieved from /home/airflow/.local/lib/python3.10/site-packages/airflow/example_dags/example_skip_dag.py
[2025-05-09T13:00:50.284+0000] {logging_mixin.py:188} INFO - [2025-05-09T13:00:50.283+0000] {dag.py:3096} INFO - Sync 1 DAGs
[2025-05-09T13:00:50.305+0000] {logging_mixin.py:188} INFO - [2025-05-09T13:00:50.305+0000] {dag.py:3954} INFO - Setting next_dagrun for example_skip_dag to 2025-05-08 00:00:00+00:00, run_after=2025-05-09 00:00:00+00:00
[2025-05-09T13:00:50.327+0000] {processor.py:183} INFO - Processing /home/airflow/.local/lib/python3.10/site-packages/airflow/example_dags/example_skip_dag.py took 0.086 seconds
[2025-05-09T13:01:21.537+0000] {processor.py:161} INFO - Started process (PID=2398) to work on /home/airflow/.local/lib/python3.10/site-packages/airflow/example_dags/example_skip_dag.py
[2025-05-09T13:01:21.538+0000] {processor.py:830} INFO - Processing file /home/airflow/.local/lib/python3.10/site-packages/airflow/example_dags/example_skip_dag.py for tasks to queue
[2025-05-09T13:01:21.540+0000] {logging_mixin.py:188} INFO - [2025-05-09T13:01:21.540+0000] {dagbag.py:545} INFO - Filling up the DagBag from /home/airflow/.local/lib/python3.10/site-packages/airflow/example_dags/example_skip_dag.py
[2025-05-09T13:01:21.547+0000] {processor.py:840} INFO - DAG(s) 'example_skip_dag' retrieved from /home/airflow/.local/lib/python3.10/site-packages/airflow/example_dags/example_skip_dag.py
[2025-05-09T13:01:21.576+0000] {logging_mixin.py:188} INFO - [2025-05-09T13:01:21.575+0000] {dag.py:3096} INFO - Sync 1 DAGs
[2025-05-09T13:01:21.602+0000] {logging_mixin.py:188} INFO - [2025-05-09T13:01:21.601+0000] {dag.py:3954} INFO - Setting next_dagrun for example_skip_dag to 2025-05-08 00:00:00+00:00, run_after=2025-05-09 00:00:00+00:00
[2025-05-09T13:01:21.621+0000] {processor.py:183} INFO - Processing /home/airflow/.local/lib/python3.10/site-packages/airflow/example_dags/example_skip_dag.py took 0.092 seconds
[2025-05-09T13:01:51.959+0000] {processor.py:161} INFO - Started process (PID=2662) to work on /home/airflow/.local/lib/python3.10/site-packages/airflow/example_dags/example_skip_dag.py
[2025-05-09T13:01:51.960+0000] {processor.py:830} INFO - Processing file /home/airflow/.local/lib/python3.10/site-packages/airflow/example_dags/example_skip_dag.py for tasks to queue
[2025-05-09T13:01:51.962+0000] {logging_mixin.py:188} INFO - [2025-05-09T13:01:51.962+0000] {dagbag.py:545} INFO - Filling up the DagBag from /home/airflow/.local/lib/python3.10/site-packages/airflow/example_dags/example_skip_dag.py
[2025-05-09T13:01:51.969+0000] {processor.py:840} INFO - DAG(s) 'example_skip_dag' retrieved from /home/airflow/.local/lib/python3.10/site-packages/airflow/example_dags/example_skip_dag.py
[2025-05-09T13:01:51.998+0000] {logging_mixin.py:188} INFO - [2025-05-09T13:01:51.998+0000] {dag.py:3096} INFO - Sync 1 DAGs
[2025-05-09T13:01:52.037+0000] {logging_mixin.py:188} INFO - [2025-05-09T13:01:52.036+0000] {dag.py:3954} INFO - Setting next_dagrun for example_skip_dag to 2025-05-08 00:00:00+00:00, run_after=2025-05-09 00:00:00+00:00
[2025-05-09T13:01:52.088+0000] {processor.py:183} INFO - Processing /home/airflow/.local/lib/python3.10/site-packages/airflow/example_dags/example_skip_dag.py took 0.138 seconds
[2025-05-09T13:02:22.454+0000] {processor.py:161} INFO - Started process (PID=2922) to work on /home/airflow/.local/lib/python3.10/site-packages/airflow/example_dags/example_skip_dag.py
[2025-05-09T13:02:22.457+0000] {processor.py:830} INFO - Processing file /home/airflow/.local/lib/python3.10/site-packages/airflow/example_dags/example_skip_dag.py for tasks to queue
[2025-05-09T13:02:22.461+0000] {logging_mixin.py:188} INFO - [2025-05-09T13:02:22.460+0000] {dagbag.py:545} INFO - Filling up the DagBag from /home/airflow/.local/lib/python3.10/site-packages/airflow/example_dags/example_skip_dag.py
[2025-05-09T13:02:22.470+0000] {processor.py:840} INFO - DAG(s) 'example_skip_dag' retrieved from /home/airflow/.local/lib/python3.10/site-packages/airflow/example_dags/example_skip_dag.py
[2025-05-09T13:02:22.494+0000] {logging_mixin.py:188} INFO - [2025-05-09T13:02:22.493+0000] {dag.py:3096} INFO - Sync 1 DAGs
[2025-05-09T13:02:22.519+0000] {logging_mixin.py:188} INFO - [2025-05-09T13:02:22.519+0000] {dag.py:3954} INFO - Setting next_dagrun for example_skip_dag to 2025-05-08 00:00:00+00:00, run_after=2025-05-09 00:00:00+00:00
[2025-05-09T13:02:22.539+0000] {processor.py:183} INFO - Processing /home/airflow/.local/lib/python3.10/site-packages/airflow/example_dags/example_skip_dag.py took 0.095 seconds
[2025-05-09T13:02:53.058+0000] {processor.py:161} INFO - Started process (PID=3184) to work on /home/airflow/.local/lib/python3.10/site-packages/airflow/example_dags/example_skip_dag.py
[2025-05-09T13:02:53.060+0000] {processor.py:830} INFO - Processing file /home/airflow/.local/lib/python3.10/site-packages/airflow/example_dags/example_skip_dag.py for tasks to queue
[2025-05-09T13:02:53.063+0000] {logging_mixin.py:188} INFO - [2025-05-09T13:02:53.062+0000] {dagbag.py:545} INFO - Filling up the DagBag from /home/airflow/.local/lib/python3.10/site-packages/airflow/example_dags/example_skip_dag.py
[2025-05-09T13:02:53.075+0000] {processor.py:840} INFO - DAG(s) 'example_skip_dag' retrieved from /home/airflow/.local/lib/python3.10/site-packages/airflow/example_dags/example_skip_dag.py
[2025-05-09T13:02:53.108+0000] {logging_mixin.py:188} INFO - [2025-05-09T13:02:53.107+0000] {dag.py:3096} INFO - Sync 1 DAGs
[2025-05-09T13:02:53.145+0000] {logging_mixin.py:188} INFO - [2025-05-09T13:02:53.145+0000] {dag.py:3954} INFO - Setting next_dagrun for example_skip_dag to 2025-05-08 00:00:00+00:00, run_after=2025-05-09 00:00:00+00:00
[2025-05-09T13:02:53.178+0000] {processor.py:183} INFO - Processing /home/airflow/.local/lib/python3.10/site-packages/airflow/example_dags/example_skip_dag.py took 0.129 seconds
[2025-05-09T13:03:24.158+0000] {processor.py:161} INFO - Started process (PID=3446) to work on /home/airflow/.local/lib/python3.10/site-packages/airflow/example_dags/example_skip_dag.py
[2025-05-09T13:03:24.161+0000] {processor.py:830} INFO - Processing file /home/airflow/.local/lib/python3.10/site-packages/airflow/example_dags/example_skip_dag.py for tasks to queue
[2025-05-09T13:03:24.164+0000] {logging_mixin.py:188} INFO - [2025-05-09T13:03:24.164+0000] {dagbag.py:545} INFO - Filling up the DagBag from /home/airflow/.local/lib/python3.10/site-packages/airflow/example_dags/example_skip_dag.py
[2025-05-09T13:03:24.180+0000] {processor.py:840} INFO - DAG(s) 'example_skip_dag' retrieved from /home/airflow/.local/lib/python3.10/site-packages/airflow/example_dags/example_skip_dag.py
[2025-05-09T13:03:24.210+0000] {logging_mixin.py:188} INFO - [2025-05-09T13:03:24.210+0000] {dag.py:3096} INFO - Sync 1 DAGs
[2025-05-09T13:03:24.242+0000] {logging_mixin.py:188} INFO - [2025-05-09T13:03:24.242+0000] {dag.py:3954} INFO - Setting next_dagrun for example_skip_dag to 2025-05-08 00:00:00+00:00, run_after=2025-05-09 00:00:00+00:00
[2025-05-09T13:03:24.273+0000] {processor.py:183} INFO - Processing /home/airflow/.local/lib/python3.10/site-packages/airflow/example_dags/example_skip_dag.py took 0.123 seconds
[2025-05-09T13:03:54.770+0000] {processor.py:161} INFO - Started process (PID=3703) to work on /home/airflow/.local/lib/python3.10/site-packages/airflow/example_dags/example_skip_dag.py
[2025-05-09T13:03:54.771+0000] {processor.py:830} INFO - Processing file /home/airflow/.local/lib/python3.10/site-packages/airflow/example_dags/example_skip_dag.py for tasks to queue
[2025-05-09T13:03:54.773+0000] {logging_mixin.py:188} INFO - [2025-05-09T13:03:54.773+0000] {dagbag.py:545} INFO - Filling up the DagBag from /home/airflow/.local/lib/python3.10/site-packages/airflow/example_dags/example_skip_dag.py
[2025-05-09T13:03:54.782+0000] {processor.py:840} INFO - DAG(s) 'example_skip_dag' retrieved from /home/airflow/.local/lib/python3.10/site-packages/airflow/example_dags/example_skip_dag.py
[2025-05-09T13:03:54.809+0000] {logging_mixin.py:188} INFO - [2025-05-09T13:03:54.808+0000] {dag.py:3096} INFO - Sync 1 DAGs
[2025-05-09T13:03:54.836+0000] {logging_mixin.py:188} INFO - [2025-05-09T13:03:54.836+0000] {dag.py:3954} INFO - Setting next_dagrun for example_skip_dag to 2025-05-08 00:00:00+00:00, run_after=2025-05-09 00:00:00+00:00
[2025-05-09T13:03:54.863+0000] {processor.py:183} INFO - Processing /home/airflow/.local/lib/python3.10/site-packages/airflow/example_dags/example_skip_dag.py took 0.101 seconds
[2025-05-09T15:43:48.254+0000] {processor.py:161} INFO - Started process (PID=3985) to work on /home/airflow/.local/lib/python3.10/site-packages/airflow/example_dags/example_skip_dag.py
[2025-05-09T15:43:48.259+0000] {processor.py:830} INFO - Processing file /home/airflow/.local/lib/python3.10/site-packages/airflow/example_dags/example_skip_dag.py for tasks to queue
[2025-05-09T15:43:48.288+0000] {logging_mixin.py:188} INFO - [2025-05-09T15:43:48.287+0000] {dagbag.py:545} INFO - Filling up the DagBag from /home/airflow/.local/lib/python3.10/site-packages/airflow/example_dags/example_skip_dag.py
[2025-05-09T15:43:48.328+0000] {processor.py:840} INFO - DAG(s) 'example_skip_dag' retrieved from /home/airflow/.local/lib/python3.10/site-packages/airflow/example_dags/example_skip_dag.py
[2025-05-09T15:43:48.444+0000] {logging_mixin.py:188} INFO - [2025-05-09T15:43:48.443+0000] {dag.py:3096} INFO - Sync 1 DAGs
[2025-05-09T15:43:48.544+0000] {logging_mixin.py:188} INFO - [2025-05-09T15:43:48.543+0000] {dag.py:3954} INFO - Setting next_dagrun for example_skip_dag to 2025-05-08 00:00:00+00:00, run_after=2025-05-09 00:00:00+00:00
[2025-05-09T15:43:48.609+0000] {processor.py:183} INFO - Processing /home/airflow/.local/lib/python3.10/site-packages/airflow/example_dags/example_skip_dag.py took 0.387 seconds
[2025-05-09T15:44:18.857+0000] {processor.py:161} INFO - Started process (PID=4248) to work on /home/airflow/.local/lib/python3.10/site-packages/airflow/example_dags/example_skip_dag.py
[2025-05-09T15:44:18.859+0000] {processor.py:830} INFO - Processing file /home/airflow/.local/lib/python3.10/site-packages/airflow/example_dags/example_skip_dag.py for tasks to queue
[2025-05-09T15:44:18.862+0000] {logging_mixin.py:188} INFO - [2025-05-09T15:44:18.862+0000] {dagbag.py:545} INFO - Filling up the DagBag from /home/airflow/.local/lib/python3.10/site-packages/airflow/example_dags/example_skip_dag.py
[2025-05-09T15:44:18.870+0000] {processor.py:840} INFO - DAG(s) 'example_skip_dag' retrieved from /home/airflow/.local/lib/python3.10/site-packages/airflow/example_dags/example_skip_dag.py
[2025-05-09T15:44:18.895+0000] {logging_mixin.py:188} INFO - [2025-05-09T15:44:18.894+0000] {dag.py:3096} INFO - Sync 1 DAGs
[2025-05-09T15:44:18.919+0000] {logging_mixin.py:188} INFO - [2025-05-09T15:44:18.919+0000] {dag.py:3954} INFO - Setting next_dagrun for example_skip_dag to 2025-05-08 00:00:00+00:00, run_after=2025-05-09 00:00:00+00:00
[2025-05-09T15:44:18.944+0000] {processor.py:183} INFO - Processing /home/airflow/.local/lib/python3.10/site-packages/airflow/example_dags/example_skip_dag.py took 0.095 seconds
[2025-05-09T15:44:49.539+0000] {processor.py:161} INFO - Started process (PID=4523) to work on /home/airflow/.local/lib/python3.10/site-packages/airflow/example_dags/example_skip_dag.py
[2025-05-09T15:44:49.541+0000] {processor.py:830} INFO - Processing file /home/airflow/.local/lib/python3.10/site-packages/airflow/example_dags/example_skip_dag.py for tasks to queue
[2025-05-09T15:44:49.544+0000] {logging_mixin.py:188} INFO - [2025-05-09T15:44:49.544+0000] {dagbag.py:545} INFO - Filling up the DagBag from /home/airflow/.local/lib/python3.10/site-packages/airflow/example_dags/example_skip_dag.py
[2025-05-09T15:44:49.553+0000] {processor.py:840} INFO - DAG(s) 'example_skip_dag' retrieved from /home/airflow/.local/lib/python3.10/site-packages/airflow/example_dags/example_skip_dag.py
[2025-05-09T15:44:49.585+0000] {logging_mixin.py:188} INFO - [2025-05-09T15:44:49.584+0000] {dag.py:3096} INFO - Sync 1 DAGs
[2025-05-09T15:44:49.615+0000] {logging_mixin.py:188} INFO - [2025-05-09T15:44:49.615+0000] {dag.py:3954} INFO - Setting next_dagrun for example_skip_dag to 2025-05-08 00:00:00+00:00, run_after=2025-05-09 00:00:00+00:00
[2025-05-09T15:44:49.647+0000] {processor.py:183} INFO - Processing /home/airflow/.local/lib/python3.10/site-packages/airflow/example_dags/example_skip_dag.py took 0.119 seconds
[2025-05-09T15:45:20.055+0000] {processor.py:161} INFO - Started process (PID=4791) to work on /home/airflow/.local/lib/python3.10/site-packages/airflow/example_dags/example_skip_dag.py
[2025-05-09T15:45:20.057+0000] {processor.py:830} INFO - Processing file /home/airflow/.local/lib/python3.10/site-packages/airflow/example_dags/example_skip_dag.py for tasks to queue
[2025-05-09T15:45:20.060+0000] {logging_mixin.py:188} INFO - [2025-05-09T15:45:20.059+0000] {dagbag.py:545} INFO - Filling up the DagBag from /home/airflow/.local/lib/python3.10/site-packages/airflow/example_dags/example_skip_dag.py
[2025-05-09T15:45:20.068+0000] {processor.py:840} INFO - DAG(s) 'example_skip_dag' retrieved from /home/airflow/.local/lib/python3.10/site-packages/airflow/example_dags/example_skip_dag.py
[2025-05-09T15:45:20.100+0000] {logging_mixin.py:188} INFO - [2025-05-09T15:45:20.099+0000] {dag.py:3096} INFO - Sync 1 DAGs
[2025-05-09T15:45:20.127+0000] {logging_mixin.py:188} INFO - [2025-05-09T15:45:20.126+0000] {dag.py:3954} INFO - Setting next_dagrun for example_skip_dag to 2025-05-08 00:00:00+00:00, run_after=2025-05-09 00:00:00+00:00
[2025-05-09T15:45:20.152+0000] {processor.py:183} INFO - Processing /home/airflow/.local/lib/python3.10/site-packages/airflow/example_dags/example_skip_dag.py took 0.106 seconds
[2025-05-09T15:45:50.492+0000] {processor.py:161} INFO - Started process (PID=5053) to work on /home/airflow/.local/lib/python3.10/site-packages/airflow/example_dags/example_skip_dag.py
[2025-05-09T15:45:50.493+0000] {processor.py:830} INFO - Processing file /home/airflow/.local/lib/python3.10/site-packages/airflow/example_dags/example_skip_dag.py for tasks to queue
[2025-05-09T15:45:50.495+0000] {logging_mixin.py:188} INFO - [2025-05-09T15:45:50.495+0000] {dagbag.py:545} INFO - Filling up the DagBag from /home/airflow/.local/lib/python3.10/site-packages/airflow/example_dags/example_skip_dag.py
[2025-05-09T15:45:50.502+0000] {processor.py:840} INFO - DAG(s) 'example_skip_dag' retrieved from /home/airflow/.local/lib/python3.10/site-packages/airflow/example_dags/example_skip_dag.py
[2025-05-09T15:45:50.526+0000] {logging_mixin.py:188} INFO - [2025-05-09T15:45:50.526+0000] {dag.py:3096} INFO - Sync 1 DAGs
[2025-05-09T15:45:50.552+0000] {logging_mixin.py:188} INFO - [2025-05-09T15:45:50.552+0000] {dag.py:3954} INFO - Setting next_dagrun for example_skip_dag to 2025-05-08 00:00:00+00:00, run_after=2025-05-09 00:00:00+00:00
[2025-05-09T15:45:50.571+0000] {processor.py:183} INFO - Processing /home/airflow/.local/lib/python3.10/site-packages/airflow/example_dags/example_skip_dag.py took 0.087 seconds
[2025-05-09T15:46:20.812+0000] {processor.py:161} INFO - Started process (PID=5324) to work on /home/airflow/.local/lib/python3.10/site-packages/airflow/example_dags/example_skip_dag.py
[2025-05-09T15:46:20.814+0000] {processor.py:830} INFO - Processing file /home/airflow/.local/lib/python3.10/site-packages/airflow/example_dags/example_skip_dag.py for tasks to queue
[2025-05-09T15:46:20.816+0000] {logging_mixin.py:188} INFO - [2025-05-09T15:46:20.815+0000] {dagbag.py:545} INFO - Filling up the DagBag from /home/airflow/.local/lib/python3.10/site-packages/airflow/example_dags/example_skip_dag.py
[2025-05-09T15:46:20.823+0000] {processor.py:840} INFO - DAG(s) 'example_skip_dag' retrieved from /home/airflow/.local/lib/python3.10/site-packages/airflow/example_dags/example_skip_dag.py
[2025-05-09T15:46:20.846+0000] {logging_mixin.py:188} INFO - [2025-05-09T15:46:20.845+0000] {dag.py:3096} INFO - Sync 1 DAGs
[2025-05-09T15:46:20.873+0000] {logging_mixin.py:188} INFO - [2025-05-09T15:46:20.873+0000] {dag.py:3954} INFO - Setting next_dagrun for example_skip_dag to 2025-05-08 00:00:00+00:00, run_after=2025-05-09 00:00:00+00:00
[2025-05-09T15:46:20.906+0000] {processor.py:183} INFO - Processing /home/airflow/.local/lib/python3.10/site-packages/airflow/example_dags/example_skip_dag.py took 0.101 seconds
[2025-05-09T15:46:51.488+0000] {processor.py:161} INFO - Started process (PID=5586) to work on /home/airflow/.local/lib/python3.10/site-packages/airflow/example_dags/example_skip_dag.py
[2025-05-09T15:46:51.489+0000] {processor.py:830} INFO - Processing file /home/airflow/.local/lib/python3.10/site-packages/airflow/example_dags/example_skip_dag.py for tasks to queue
[2025-05-09T15:46:51.492+0000] {logging_mixin.py:188} INFO - [2025-05-09T15:46:51.491+0000] {dagbag.py:545} INFO - Filling up the DagBag from /home/airflow/.local/lib/python3.10/site-packages/airflow/example_dags/example_skip_dag.py
[2025-05-09T15:46:51.500+0000] {processor.py:840} INFO - DAG(s) 'example_skip_dag' retrieved from /home/airflow/.local/lib/python3.10/site-packages/airflow/example_dags/example_skip_dag.py
[2025-05-09T15:46:51.525+0000] {logging_mixin.py:188} INFO - [2025-05-09T15:46:51.525+0000] {dag.py:3096} INFO - Sync 1 DAGs
[2025-05-09T15:46:51.553+0000] {logging_mixin.py:188} INFO - [2025-05-09T15:46:51.553+0000] {dag.py:3954} INFO - Setting next_dagrun for example_skip_dag to 2025-05-08 00:00:00+00:00, run_after=2025-05-09 00:00:00+00:00
[2025-05-09T15:46:51.589+0000] {processor.py:183} INFO - Processing /home/airflow/.local/lib/python3.10/site-packages/airflow/example_dags/example_skip_dag.py took 0.108 seconds
[2025-05-09T15:47:22.246+0000] {processor.py:161} INFO - Started process (PID=5848) to work on /home/airflow/.local/lib/python3.10/site-packages/airflow/example_dags/example_skip_dag.py
[2025-05-09T15:47:22.248+0000] {processor.py:830} INFO - Processing file /home/airflow/.local/lib/python3.10/site-packages/airflow/example_dags/example_skip_dag.py for tasks to queue
[2025-05-09T15:47:22.250+0000] {logging_mixin.py:188} INFO - [2025-05-09T15:47:22.249+0000] {dagbag.py:545} INFO - Filling up the DagBag from /home/airflow/.local/lib/python3.10/site-packages/airflow/example_dags/example_skip_dag.py
[2025-05-09T15:47:22.257+0000] {processor.py:840} INFO - DAG(s) 'example_skip_dag' retrieved from /home/airflow/.local/lib/python3.10/site-packages/airflow/example_dags/example_skip_dag.py
[2025-05-09T15:47:22.278+0000] {logging_mixin.py:188} INFO - [2025-05-09T15:47:22.278+0000] {dag.py:3096} INFO - Sync 1 DAGs
[2025-05-09T15:47:22.302+0000] {logging_mixin.py:188} INFO - [2025-05-09T15:47:22.301+0000] {dag.py:3954} INFO - Setting next_dagrun for example_skip_dag to 2025-05-08 00:00:00+00:00, run_after=2025-05-09 00:00:00+00:00
[2025-05-09T15:47:22.338+0000] {processor.py:183} INFO - Processing /home/airflow/.local/lib/python3.10/site-packages/airflow/example_dags/example_skip_dag.py took 0.098 seconds
[2025-05-09T15:47:52.923+0000] {processor.py:161} INFO - Started process (PID=6110) to work on /home/airflow/.local/lib/python3.10/site-packages/airflow/example_dags/example_skip_dag.py
[2025-05-09T15:47:52.927+0000] {processor.py:830} INFO - Processing file /home/airflow/.local/lib/python3.10/site-packages/airflow/example_dags/example_skip_dag.py for tasks to queue
[2025-05-09T15:47:52.930+0000] {logging_mixin.py:188} INFO - [2025-05-09T15:47:52.930+0000] {dagbag.py:545} INFO - Filling up the DagBag from /home/airflow/.local/lib/python3.10/site-packages/airflow/example_dags/example_skip_dag.py
[2025-05-09T15:47:52.940+0000] {processor.py:840} INFO - DAG(s) 'example_skip_dag' retrieved from /home/airflow/.local/lib/python3.10/site-packages/airflow/example_dags/example_skip_dag.py
[2025-05-09T15:47:52.968+0000] {logging_mixin.py:188} INFO - [2025-05-09T15:47:52.967+0000] {dag.py:3096} INFO - Sync 1 DAGs
[2025-05-09T15:47:53.014+0000] {logging_mixin.py:188} INFO - [2025-05-09T15:47:53.013+0000] {dag.py:3954} INFO - Setting next_dagrun for example_skip_dag to 2025-05-08 00:00:00+00:00, run_after=2025-05-09 00:00:00+00:00
[2025-05-09T15:47:53.056+0000] {processor.py:183} INFO - Processing /home/airflow/.local/lib/python3.10/site-packages/airflow/example_dags/example_skip_dag.py took 0.143 seconds
[2025-05-09T15:48:23.159+0000] {processor.py:161} INFO - Started process (PID=6383) to work on /home/airflow/.local/lib/python3.10/site-packages/airflow/example_dags/example_skip_dag.py
[2025-05-09T15:48:23.161+0000] {processor.py:830} INFO - Processing file /home/airflow/.local/lib/python3.10/site-packages/airflow/example_dags/example_skip_dag.py for tasks to queue
[2025-05-09T15:48:23.163+0000] {logging_mixin.py:188} INFO - [2025-05-09T15:48:23.162+0000] {dagbag.py:545} INFO - Filling up the DagBag from /home/airflow/.local/lib/python3.10/site-packages/airflow/example_dags/example_skip_dag.py
[2025-05-09T15:48:23.170+0000] {processor.py:840} INFO - DAG(s) 'example_skip_dag' retrieved from /home/airflow/.local/lib/python3.10/site-packages/airflow/example_dags/example_skip_dag.py
[2025-05-09T15:48:23.198+0000] {logging_mixin.py:188} INFO - [2025-05-09T15:48:23.198+0000] {dag.py:3096} INFO - Sync 1 DAGs
[2025-05-09T15:48:23.222+0000] {logging_mixin.py:188} INFO - [2025-05-09T15:48:23.222+0000] {dag.py:3954} INFO - Setting next_dagrun for example_skip_dag to 2025-05-08 00:00:00+00:00, run_after=2025-05-09 00:00:00+00:00
[2025-05-09T15:48:23.257+0000] {processor.py:183} INFO - Processing /home/airflow/.local/lib/python3.10/site-packages/airflow/example_dags/example_skip_dag.py took 0.106 seconds
[2025-05-09T15:48:54.084+0000] {processor.py:161} INFO - Started process (PID=6669) to work on /home/airflow/.local/lib/python3.10/site-packages/airflow/example_dags/example_skip_dag.py
[2025-05-09T15:48:54.085+0000] {processor.py:830} INFO - Processing file /home/airflow/.local/lib/python3.10/site-packages/airflow/example_dags/example_skip_dag.py for tasks to queue
[2025-05-09T15:48:54.089+0000] {logging_mixin.py:188} INFO - [2025-05-09T15:48:54.088+0000] {dagbag.py:545} INFO - Filling up the DagBag from /home/airflow/.local/lib/python3.10/site-packages/airflow/example_dags/example_skip_dag.py
[2025-05-09T15:48:54.099+0000] {processor.py:840} INFO - DAG(s) 'example_skip_dag' retrieved from /home/airflow/.local/lib/python3.10/site-packages/airflow/example_dags/example_skip_dag.py
[2025-05-09T15:48:54.128+0000] {logging_mixin.py:188} INFO - [2025-05-09T15:48:54.128+0000] {dag.py:3096} INFO - Sync 1 DAGs
[2025-05-09T15:48:54.156+0000] {logging_mixin.py:188} INFO - [2025-05-09T15:48:54.155+0000] {dag.py:3954} INFO - Setting next_dagrun for example_skip_dag to 2025-05-08 00:00:00+00:00, run_after=2025-05-09 00:00:00+00:00
[2025-05-09T15:48:54.184+0000] {processor.py:183} INFO - Processing /home/airflow/.local/lib/python3.10/site-packages/airflow/example_dags/example_skip_dag.py took 0.108 seconds
[2025-05-09T15:49:24.431+0000] {processor.py:161} INFO - Started process (PID=6943) to work on /home/airflow/.local/lib/python3.10/site-packages/airflow/example_dags/example_skip_dag.py
[2025-05-09T15:49:24.433+0000] {processor.py:830} INFO - Processing file /home/airflow/.local/lib/python3.10/site-packages/airflow/example_dags/example_skip_dag.py for tasks to queue
[2025-05-09T15:49:24.436+0000] {logging_mixin.py:188} INFO - [2025-05-09T15:49:24.435+0000] {dagbag.py:545} INFO - Filling up the DagBag from /home/airflow/.local/lib/python3.10/site-packages/airflow/example_dags/example_skip_dag.py
[2025-05-09T15:49:24.446+0000] {processor.py:840} INFO - DAG(s) 'example_skip_dag' retrieved from /home/airflow/.local/lib/python3.10/site-packages/airflow/example_dags/example_skip_dag.py
[2025-05-09T15:49:24.475+0000] {logging_mixin.py:188} INFO - [2025-05-09T15:49:24.475+0000] {dag.py:3096} INFO - Sync 1 DAGs
[2025-05-09T15:49:24.503+0000] {logging_mixin.py:188} INFO - [2025-05-09T15:49:24.503+0000] {dag.py:3954} INFO - Setting next_dagrun for example_skip_dag to 2025-05-08 00:00:00+00:00, run_after=2025-05-09 00:00:00+00:00
[2025-05-09T15:49:24.537+0000] {processor.py:183} INFO - Processing /home/airflow/.local/lib/python3.10/site-packages/airflow/example_dags/example_skip_dag.py took 0.117 seconds
[2025-05-09T15:49:54.731+0000] {processor.py:161} INFO - Started process (PID=7205) to work on /home/airflow/.local/lib/python3.10/site-packages/airflow/example_dags/example_skip_dag.py
[2025-05-09T15:49:54.733+0000] {processor.py:830} INFO - Processing file /home/airflow/.local/lib/python3.10/site-packages/airflow/example_dags/example_skip_dag.py for tasks to queue
[2025-05-09T15:49:54.736+0000] {logging_mixin.py:188} INFO - [2025-05-09T15:49:54.735+0000] {dagbag.py:545} INFO - Filling up the DagBag from /home/airflow/.local/lib/python3.10/site-packages/airflow/example_dags/example_skip_dag.py
[2025-05-09T15:49:54.745+0000] {processor.py:840} INFO - DAG(s) 'example_skip_dag' retrieved from /home/airflow/.local/lib/python3.10/site-packages/airflow/example_dags/example_skip_dag.py
[2025-05-09T15:49:54.773+0000] {logging_mixin.py:188} INFO - [2025-05-09T15:49:54.772+0000] {dag.py:3096} INFO - Sync 1 DAGs
[2025-05-09T15:49:54.798+0000] {logging_mixin.py:188} INFO - [2025-05-09T15:49:54.798+0000] {dag.py:3954} INFO - Setting next_dagrun for example_skip_dag to 2025-05-08 00:00:00+00:00, run_after=2025-05-09 00:00:00+00:00
[2025-05-09T15:49:54.819+0000] {processor.py:183} INFO - Processing /home/airflow/.local/lib/python3.10/site-packages/airflow/example_dags/example_skip_dag.py took 0.098 seconds
[2025-05-09T15:50:25.089+0000] {processor.py:161} INFO - Started process (PID=7473) to work on /home/airflow/.local/lib/python3.10/site-packages/airflow/example_dags/example_skip_dag.py
[2025-05-09T15:50:25.090+0000] {processor.py:830} INFO - Processing file /home/airflow/.local/lib/python3.10/site-packages/airflow/example_dags/example_skip_dag.py for tasks to queue
[2025-05-09T15:50:25.092+0000] {logging_mixin.py:188} INFO - [2025-05-09T15:50:25.091+0000] {dagbag.py:545} INFO - Filling up the DagBag from /home/airflow/.local/lib/python3.10/site-packages/airflow/example_dags/example_skip_dag.py
[2025-05-09T15:50:25.100+0000] {processor.py:840} INFO - DAG(s) 'example_skip_dag' retrieved from /home/airflow/.local/lib/python3.10/site-packages/airflow/example_dags/example_skip_dag.py
[2025-05-09T15:50:25.125+0000] {logging_mixin.py:188} INFO - [2025-05-09T15:50:25.125+0000] {dag.py:3096} INFO - Sync 1 DAGs
[2025-05-09T15:50:25.151+0000] {logging_mixin.py:188} INFO - [2025-05-09T15:50:25.151+0000] {dag.py:3954} INFO - Setting next_dagrun for example_skip_dag to 2025-05-08 00:00:00+00:00, run_after=2025-05-09 00:00:00+00:00
[2025-05-09T15:50:25.186+0000] {processor.py:183} INFO - Processing /home/airflow/.local/lib/python3.10/site-packages/airflow/example_dags/example_skip_dag.py took 0.104 seconds
[2025-05-09T15:50:55.446+0000] {processor.py:161} INFO - Started process (PID=7735) to work on /home/airflow/.local/lib/python3.10/site-packages/airflow/example_dags/example_skip_dag.py
[2025-05-09T15:50:55.448+0000] {processor.py:830} INFO - Processing file /home/airflow/.local/lib/python3.10/site-packages/airflow/example_dags/example_skip_dag.py for tasks to queue
[2025-05-09T15:50:55.450+0000] {logging_mixin.py:188} INFO - [2025-05-09T15:50:55.450+0000] {dagbag.py:545} INFO - Filling up the DagBag from /home/airflow/.local/lib/python3.10/site-packages/airflow/example_dags/example_skip_dag.py
[2025-05-09T15:50:55.464+0000] {processor.py:840} INFO - DAG(s) 'example_skip_dag' retrieved from /home/airflow/.local/lib/python3.10/site-packages/airflow/example_dags/example_skip_dag.py
[2025-05-09T15:50:55.495+0000] {logging_mixin.py:188} INFO - [2025-05-09T15:50:55.495+0000] {dag.py:3096} INFO - Sync 1 DAGs
[2025-05-09T15:50:55.520+0000] {logging_mixin.py:188} INFO - [2025-05-09T15:50:55.520+0000] {dag.py:3954} INFO - Setting next_dagrun for example_skip_dag to 2025-05-08 00:00:00+00:00, run_after=2025-05-09 00:00:00+00:00
[2025-05-09T15:50:55.546+0000] {processor.py:183} INFO - Processing /home/airflow/.local/lib/python3.10/site-packages/airflow/example_dags/example_skip_dag.py took 0.111 seconds
[2025-05-09T15:51:25.735+0000] {processor.py:161} INFO - Started process (PID=8004) to work on /home/airflow/.local/lib/python3.10/site-packages/airflow/example_dags/example_skip_dag.py
[2025-05-09T15:51:25.737+0000] {processor.py:830} INFO - Processing file /home/airflow/.local/lib/python3.10/site-packages/airflow/example_dags/example_skip_dag.py for tasks to queue
[2025-05-09T15:51:25.740+0000] {logging_mixin.py:188} INFO - [2025-05-09T15:51:25.739+0000] {dagbag.py:545} INFO - Filling up the DagBag from /home/airflow/.local/lib/python3.10/site-packages/airflow/example_dags/example_skip_dag.py
[2025-05-09T15:51:25.749+0000] {processor.py:840} INFO - DAG(s) 'example_skip_dag' retrieved from /home/airflow/.local/lib/python3.10/site-packages/airflow/example_dags/example_skip_dag.py
[2025-05-09T15:51:25.772+0000] {logging_mixin.py:188} INFO - [2025-05-09T15:51:25.772+0000] {dag.py:3096} INFO - Sync 1 DAGs
[2025-05-09T15:51:25.793+0000] {logging_mixin.py:188} INFO - [2025-05-09T15:51:25.792+0000] {dag.py:3954} INFO - Setting next_dagrun for example_skip_dag to 2025-05-08 00:00:00+00:00, run_after=2025-05-09 00:00:00+00:00
[2025-05-09T15:51:25.814+0000] {processor.py:183} INFO - Processing /home/airflow/.local/lib/python3.10/site-packages/airflow/example_dags/example_skip_dag.py took 0.085 seconds
[2025-05-09T15:51:56.367+0000] {processor.py:161} INFO - Started process (PID=8268) to work on /home/airflow/.local/lib/python3.10/site-packages/airflow/example_dags/example_skip_dag.py
[2025-05-09T15:51:56.369+0000] {processor.py:830} INFO - Processing file /home/airflow/.local/lib/python3.10/site-packages/airflow/example_dags/example_skip_dag.py for tasks to queue
[2025-05-09T15:51:56.371+0000] {logging_mixin.py:188} INFO - [2025-05-09T15:51:56.371+0000] {dagbag.py:545} INFO - Filling up the DagBag from /home/airflow/.local/lib/python3.10/site-packages/airflow/example_dags/example_skip_dag.py
[2025-05-09T15:51:56.376+0000] {processor.py:840} INFO - DAG(s) 'example_skip_dag' retrieved from /home/airflow/.local/lib/python3.10/site-packages/airflow/example_dags/example_skip_dag.py
[2025-05-09T15:51:56.402+0000] {logging_mixin.py:188} INFO - [2025-05-09T15:51:56.401+0000] {dag.py:3096} INFO - Sync 1 DAGs
[2025-05-09T15:51:56.424+0000] {logging_mixin.py:188} INFO - [2025-05-09T15:51:56.424+0000] {dag.py:3954} INFO - Setting next_dagrun for example_skip_dag to 2025-05-08 00:00:00+00:00, run_after=2025-05-09 00:00:00+00:00
[2025-05-09T15:51:56.446+0000] {processor.py:183} INFO - Processing /home/airflow/.local/lib/python3.10/site-packages/airflow/example_dags/example_skip_dag.py took 0.085 seconds
[2025-05-09T15:52:27.118+0000] {processor.py:161} INFO - Started process (PID=8534) to work on /home/airflow/.local/lib/python3.10/site-packages/airflow/example_dags/example_skip_dag.py
[2025-05-09T15:52:27.120+0000] {processor.py:830} INFO - Processing file /home/airflow/.local/lib/python3.10/site-packages/airflow/example_dags/example_skip_dag.py for tasks to queue
[2025-05-09T15:52:27.123+0000] {logging_mixin.py:188} INFO - [2025-05-09T15:52:27.122+0000] {dagbag.py:545} INFO - Filling up the DagBag from /home/airflow/.local/lib/python3.10/site-packages/airflow/example_dags/example_skip_dag.py
[2025-05-09T15:52:27.134+0000] {processor.py:840} INFO - DAG(s) 'example_skip_dag' retrieved from /home/airflow/.local/lib/python3.10/site-packages/airflow/example_dags/example_skip_dag.py
[2025-05-09T15:52:27.165+0000] {logging_mixin.py:188} INFO - [2025-05-09T15:52:27.165+0000] {dag.py:3096} INFO - Sync 1 DAGs
[2025-05-09T15:52:27.192+0000] {logging_mixin.py:188} INFO - [2025-05-09T15:52:27.192+0000] {dag.py:3954} INFO - Setting next_dagrun for example_skip_dag to 2025-05-08 00:00:00+00:00, run_after=2025-05-09 00:00:00+00:00
[2025-05-09T15:52:27.224+0000] {processor.py:183} INFO - Processing /home/airflow/.local/lib/python3.10/site-packages/airflow/example_dags/example_skip_dag.py took 0.113 seconds
[2025-05-09T15:52:57.332+0000] {processor.py:161} INFO - Started process (PID=8796) to work on /home/airflow/.local/lib/python3.10/site-packages/airflow/example_dags/example_skip_dag.py
[2025-05-09T15:52:57.333+0000] {processor.py:830} INFO - Processing file /home/airflow/.local/lib/python3.10/site-packages/airflow/example_dags/example_skip_dag.py for tasks to queue
[2025-05-09T15:52:57.335+0000] {logging_mixin.py:188} INFO - [2025-05-09T15:52:57.335+0000] {dagbag.py:545} INFO - Filling up the DagBag from /home/airflow/.local/lib/python3.10/site-packages/airflow/example_dags/example_skip_dag.py
[2025-05-09T15:52:57.342+0000] {processor.py:840} INFO - DAG(s) 'example_skip_dag' retrieved from /home/airflow/.local/lib/python3.10/site-packages/airflow/example_dags/example_skip_dag.py
[2025-05-09T15:52:57.370+0000] {logging_mixin.py:188} INFO - [2025-05-09T15:52:57.370+0000] {dag.py:3096} INFO - Sync 1 DAGs
[2025-05-09T15:52:57.393+0000] {logging_mixin.py:188} INFO - [2025-05-09T15:52:57.392+0000] {dag.py:3954} INFO - Setting next_dagrun for example_skip_dag to 2025-05-08 00:00:00+00:00, run_after=2025-05-09 00:00:00+00:00
[2025-05-09T15:52:57.415+0000] {processor.py:183} INFO - Processing /home/airflow/.local/lib/python3.10/site-packages/airflow/example_dags/example_skip_dag.py took 0.091 seconds
[2025-05-09T15:53:27.930+0000] {processor.py:161} INFO - Started process (PID=9069) to work on /home/airflow/.local/lib/python3.10/site-packages/airflow/example_dags/example_skip_dag.py
[2025-05-09T15:53:27.931+0000] {processor.py:830} INFO - Processing file /home/airflow/.local/lib/python3.10/site-packages/airflow/example_dags/example_skip_dag.py for tasks to queue
[2025-05-09T15:53:27.933+0000] {logging_mixin.py:188} INFO - [2025-05-09T15:53:27.933+0000] {dagbag.py:545} INFO - Filling up the DagBag from /home/airflow/.local/lib/python3.10/site-packages/airflow/example_dags/example_skip_dag.py
[2025-05-09T15:53:27.944+0000] {processor.py:840} INFO - DAG(s) 'example_skip_dag' retrieved from /home/airflow/.local/lib/python3.10/site-packages/airflow/example_dags/example_skip_dag.py
[2025-05-09T15:53:27.970+0000] {logging_mixin.py:188} INFO - [2025-05-09T15:53:27.969+0000] {dag.py:3096} INFO - Sync 1 DAGs
[2025-05-09T15:53:27.997+0000] {logging_mixin.py:188} INFO - [2025-05-09T15:53:27.997+0000] {dag.py:3954} INFO - Setting next_dagrun for example_skip_dag to 2025-05-08 00:00:00+00:00, run_after=2025-05-09 00:00:00+00:00
[2025-05-09T15:53:28.029+0000] {processor.py:183} INFO - Processing /home/airflow/.local/lib/python3.10/site-packages/airflow/example_dags/example_skip_dag.py took 0.105 seconds
[2025-05-09T15:53:58.324+0000] {processor.py:161} INFO - Started process (PID=9343) to work on /home/airflow/.local/lib/python3.10/site-packages/airflow/example_dags/example_skip_dag.py
[2025-05-09T15:53:58.326+0000] {processor.py:830} INFO - Processing file /home/airflow/.local/lib/python3.10/site-packages/airflow/example_dags/example_skip_dag.py for tasks to queue
[2025-05-09T15:53:58.328+0000] {logging_mixin.py:188} INFO - [2025-05-09T15:53:58.328+0000] {dagbag.py:545} INFO - Filling up the DagBag from /home/airflow/.local/lib/python3.10/site-packages/airflow/example_dags/example_skip_dag.py
[2025-05-09T15:53:58.336+0000] {processor.py:840} INFO - DAG(s) 'example_skip_dag' retrieved from /home/airflow/.local/lib/python3.10/site-packages/airflow/example_dags/example_skip_dag.py
[2025-05-09T15:53:58.365+0000] {logging_mixin.py:188} INFO - [2025-05-09T15:53:58.364+0000] {dag.py:3096} INFO - Sync 1 DAGs
[2025-05-09T15:53:58.393+0000] {logging_mixin.py:188} INFO - [2025-05-09T15:53:58.393+0000] {dag.py:3954} INFO - Setting next_dagrun for example_skip_dag to 2025-05-08 00:00:00+00:00, run_after=2025-05-09 00:00:00+00:00
[2025-05-09T15:53:58.417+0000] {processor.py:183} INFO - Processing /home/airflow/.local/lib/python3.10/site-packages/airflow/example_dags/example_skip_dag.py took 0.100 seconds
[2025-05-09T15:54:29.016+0000] {processor.py:161} INFO - Started process (PID=9615) to work on /home/airflow/.local/lib/python3.10/site-packages/airflow/example_dags/example_skip_dag.py
[2025-05-09T15:54:29.017+0000] {processor.py:830} INFO - Processing file /home/airflow/.local/lib/python3.10/site-packages/airflow/example_dags/example_skip_dag.py for tasks to queue
[2025-05-09T15:54:29.019+0000] {logging_mixin.py:188} INFO - [2025-05-09T15:54:29.019+0000] {dagbag.py:545} INFO - Filling up the DagBag from /home/airflow/.local/lib/python3.10/site-packages/airflow/example_dags/example_skip_dag.py
[2025-05-09T15:54:29.025+0000] {processor.py:840} INFO - DAG(s) 'example_skip_dag' retrieved from /home/airflow/.local/lib/python3.10/site-packages/airflow/example_dags/example_skip_dag.py
[2025-05-09T15:54:29.057+0000] {logging_mixin.py:188} INFO - [2025-05-09T15:54:29.057+0000] {dag.py:3096} INFO - Sync 1 DAGs
[2025-05-09T15:54:29.080+0000] {logging_mixin.py:188} INFO - [2025-05-09T15:54:29.080+0000] {dag.py:3954} INFO - Setting next_dagrun for example_skip_dag to 2025-05-08 00:00:00+00:00, run_after=2025-05-09 00:00:00+00:00
[2025-05-09T15:54:29.106+0000] {processor.py:183} INFO - Processing /home/airflow/.local/lib/python3.10/site-packages/airflow/example_dags/example_skip_dag.py took 0.096 seconds
[2025-05-09T15:54:59.687+0000] {processor.py:161} INFO - Started process (PID=9879) to work on /home/airflow/.local/lib/python3.10/site-packages/airflow/example_dags/example_skip_dag.py
[2025-05-09T15:54:59.689+0000] {processor.py:830} INFO - Processing file /home/airflow/.local/lib/python3.10/site-packages/airflow/example_dags/example_skip_dag.py for tasks to queue
[2025-05-09T15:54:59.691+0000] {logging_mixin.py:188} INFO - [2025-05-09T15:54:59.690+0000] {dagbag.py:545} INFO - Filling up the DagBag from /home/airflow/.local/lib/python3.10/site-packages/airflow/example_dags/example_skip_dag.py
[2025-05-09T15:54:59.697+0000] {processor.py:840} INFO - DAG(s) 'example_skip_dag' retrieved from /home/airflow/.local/lib/python3.10/site-packages/airflow/example_dags/example_skip_dag.py
[2025-05-09T15:54:59.721+0000] {logging_mixin.py:188} INFO - [2025-05-09T15:54:59.721+0000] {dag.py:3096} INFO - Sync 1 DAGs
[2025-05-09T15:54:59.741+0000] {logging_mixin.py:188} INFO - [2025-05-09T15:54:59.741+0000] {dag.py:3954} INFO - Setting next_dagrun for example_skip_dag to 2025-05-08 00:00:00+00:00, run_after=2025-05-09 00:00:00+00:00
[2025-05-09T15:54:59.762+0000] {processor.py:183} INFO - Processing /home/airflow/.local/lib/python3.10/site-packages/airflow/example_dags/example_skip_dag.py took 0.080 seconds
[2025-05-09T15:55:29.852+0000] {processor.py:161} INFO - Started process (PID=10150) to work on /home/airflow/.local/lib/python3.10/site-packages/airflow/example_dags/example_skip_dag.py
[2025-05-09T15:55:29.854+0000] {processor.py:830} INFO - Processing file /home/airflow/.local/lib/python3.10/site-packages/airflow/example_dags/example_skip_dag.py for tasks to queue
[2025-05-09T15:55:29.856+0000] {logging_mixin.py:188} INFO - [2025-05-09T15:55:29.855+0000] {dagbag.py:545} INFO - Filling up the DagBag from /home/airflow/.local/lib/python3.10/site-packages/airflow/example_dags/example_skip_dag.py
[2025-05-09T15:55:29.861+0000] {processor.py:840} INFO - DAG(s) 'example_skip_dag' retrieved from /home/airflow/.local/lib/python3.10/site-packages/airflow/example_dags/example_skip_dag.py
[2025-05-09T15:55:29.885+0000] {logging_mixin.py:188} INFO - [2025-05-09T15:55:29.885+0000] {dag.py:3096} INFO - Sync 1 DAGs
[2025-05-09T15:55:29.905+0000] {logging_mixin.py:188} INFO - [2025-05-09T15:55:29.905+0000] {dag.py:3954} INFO - Setting next_dagrun for example_skip_dag to 2025-05-08 00:00:00+00:00, run_after=2025-05-09 00:00:00+00:00
[2025-05-09T15:55:29.939+0000] {processor.py:183} INFO - Processing /home/airflow/.local/lib/python3.10/site-packages/airflow/example_dags/example_skip_dag.py took 0.093 seconds
[2025-05-09T15:56:00.229+0000] {processor.py:161} INFO - Started process (PID=10410) to work on /home/airflow/.local/lib/python3.10/site-packages/airflow/example_dags/example_skip_dag.py
[2025-05-09T15:56:00.231+0000] {processor.py:830} INFO - Processing file /home/airflow/.local/lib/python3.10/site-packages/airflow/example_dags/example_skip_dag.py for tasks to queue
[2025-05-09T15:56:00.233+0000] {logging_mixin.py:188} INFO - [2025-05-09T15:56:00.233+0000] {dagbag.py:545} INFO - Filling up the DagBag from /home/airflow/.local/lib/python3.10/site-packages/airflow/example_dags/example_skip_dag.py
[2025-05-09T15:56:00.242+0000] {processor.py:840} INFO - DAG(s) 'example_skip_dag' retrieved from /home/airflow/.local/lib/python3.10/site-packages/airflow/example_dags/example_skip_dag.py
[2025-05-09T15:56:00.277+0000] {logging_mixin.py:188} INFO - [2025-05-09T15:56:00.276+0000] {dag.py:3096} INFO - Sync 1 DAGs
[2025-05-09T15:56:00.303+0000] {logging_mixin.py:188} INFO - [2025-05-09T15:56:00.303+0000] {dag.py:3954} INFO - Setting next_dagrun for example_skip_dag to 2025-05-08 00:00:00+00:00, run_after=2025-05-09 00:00:00+00:00
[2025-05-09T15:56:00.330+0000] {processor.py:183} INFO - Processing /home/airflow/.local/lib/python3.10/site-packages/airflow/example_dags/example_skip_dag.py took 0.109 seconds
[2025-05-09T15:56:30.611+0000] {processor.py:161} INFO - Started process (PID=10678) to work on /home/airflow/.local/lib/python3.10/site-packages/airflow/example_dags/example_skip_dag.py
[2025-05-09T15:56:30.613+0000] {processor.py:830} INFO - Processing file /home/airflow/.local/lib/python3.10/site-packages/airflow/example_dags/example_skip_dag.py for tasks to queue
[2025-05-09T15:56:30.615+0000] {logging_mixin.py:188} INFO - [2025-05-09T15:56:30.615+0000] {dagbag.py:545} INFO - Filling up the DagBag from /home/airflow/.local/lib/python3.10/site-packages/airflow/example_dags/example_skip_dag.py
[2025-05-09T15:56:30.621+0000] {processor.py:840} INFO - DAG(s) 'example_skip_dag' retrieved from /home/airflow/.local/lib/python3.10/site-packages/airflow/example_dags/example_skip_dag.py
[2025-05-09T15:56:30.649+0000] {logging_mixin.py:188} INFO - [2025-05-09T15:56:30.649+0000] {dag.py:3096} INFO - Sync 1 DAGs
[2025-05-09T15:56:30.671+0000] {logging_mixin.py:188} INFO - [2025-05-09T15:56:30.671+0000] {dag.py:3954} INFO - Setting next_dagrun for example_skip_dag to 2025-05-08 00:00:00+00:00, run_after=2025-05-09 00:00:00+00:00
[2025-05-09T15:56:30.700+0000] {processor.py:183} INFO - Processing /home/airflow/.local/lib/python3.10/site-packages/airflow/example_dags/example_skip_dag.py took 0.097 seconds
[2025-05-09T15:57:00.817+0000] {processor.py:161} INFO - Started process (PID=10945) to work on /home/airflow/.local/lib/python3.10/site-packages/airflow/example_dags/example_skip_dag.py
[2025-05-09T15:57:00.819+0000] {processor.py:830} INFO - Processing file /home/airflow/.local/lib/python3.10/site-packages/airflow/example_dags/example_skip_dag.py for tasks to queue
[2025-05-09T15:57:00.823+0000] {logging_mixin.py:188} INFO - [2025-05-09T15:57:00.822+0000] {dagbag.py:545} INFO - Filling up the DagBag from /home/airflow/.local/lib/python3.10/site-packages/airflow/example_dags/example_skip_dag.py
[2025-05-09T15:57:00.833+0000] {processor.py:840} INFO - DAG(s) 'example_skip_dag' retrieved from /home/airflow/.local/lib/python3.10/site-packages/airflow/example_dags/example_skip_dag.py
[2025-05-09T15:57:00.861+0000] {logging_mixin.py:188} INFO - [2025-05-09T15:57:00.860+0000] {dag.py:3096} INFO - Sync 1 DAGs
[2025-05-09T15:57:00.889+0000] {logging_mixin.py:188} INFO - [2025-05-09T15:57:00.889+0000] {dag.py:3954} INFO - Setting next_dagrun for example_skip_dag to 2025-05-08 00:00:00+00:00, run_after=2025-05-09 00:00:00+00:00
[2025-05-09T15:57:00.918+0000] {processor.py:183} INFO - Processing /home/airflow/.local/lib/python3.10/site-packages/airflow/example_dags/example_skip_dag.py took 0.110 seconds
[2025-05-09T15:57:30.970+0000] {processor.py:161} INFO - Started process (PID=11211) to work on /home/airflow/.local/lib/python3.10/site-packages/airflow/example_dags/example_skip_dag.py
[2025-05-09T15:57:30.972+0000] {processor.py:830} INFO - Processing file /home/airflow/.local/lib/python3.10/site-packages/airflow/example_dags/example_skip_dag.py for tasks to queue
[2025-05-09T15:57:30.974+0000] {logging_mixin.py:188} INFO - [2025-05-09T15:57:30.974+0000] {dagbag.py:545} INFO - Filling up the DagBag from /home/airflow/.local/lib/python3.10/site-packages/airflow/example_dags/example_skip_dag.py
[2025-05-09T15:57:30.981+0000] {processor.py:840} INFO - DAG(s) 'example_skip_dag' retrieved from /home/airflow/.local/lib/python3.10/site-packages/airflow/example_dags/example_skip_dag.py
[2025-05-09T15:57:31.004+0000] {logging_mixin.py:188} INFO - [2025-05-09T15:57:31.004+0000] {dag.py:3096} INFO - Sync 1 DAGs
[2025-05-09T15:57:31.024+0000] {logging_mixin.py:188} INFO - [2025-05-09T15:57:31.024+0000] {dag.py:3954} INFO - Setting next_dagrun for example_skip_dag to 2025-05-08 00:00:00+00:00, run_after=2025-05-09 00:00:00+00:00
[2025-05-09T15:57:31.045+0000] {processor.py:183} INFO - Processing /home/airflow/.local/lib/python3.10/site-packages/airflow/example_dags/example_skip_dag.py took 0.080 seconds
[2025-05-09T15:58:01.917+0000] {processor.py:161} INFO - Started process (PID=11481) to work on /home/airflow/.local/lib/python3.10/site-packages/airflow/example_dags/example_skip_dag.py
[2025-05-09T15:58:01.919+0000] {processor.py:830} INFO - Processing file /home/airflow/.local/lib/python3.10/site-packages/airflow/example_dags/example_skip_dag.py for tasks to queue
[2025-05-09T15:58:01.921+0000] {logging_mixin.py:188} INFO - [2025-05-09T15:58:01.921+0000] {dagbag.py:545} INFO - Filling up the DagBag from /home/airflow/.local/lib/python3.10/site-packages/airflow/example_dags/example_skip_dag.py
[2025-05-09T15:58:01.933+0000] {processor.py:840} INFO - DAG(s) 'example_skip_dag' retrieved from /home/airflow/.local/lib/python3.10/site-packages/airflow/example_dags/example_skip_dag.py
[2025-05-09T15:58:01.967+0000] {logging_mixin.py:188} INFO - [2025-05-09T15:58:01.967+0000] {dag.py:3096} INFO - Sync 1 DAGs
[2025-05-09T15:58:01.993+0000] {logging_mixin.py:188} INFO - [2025-05-09T15:58:01.993+0000] {dag.py:3954} INFO - Setting next_dagrun for example_skip_dag to 2025-05-08 00:00:00+00:00, run_after=2025-05-09 00:00:00+00:00
[2025-05-09T15:58:02.016+0000] {processor.py:183} INFO - Processing /home/airflow/.local/lib/python3.10/site-packages/airflow/example_dags/example_skip_dag.py took 0.111 seconds
[2025-05-09T15:58:32.250+0000] {processor.py:161} INFO - Started process (PID=11749) to work on /home/airflow/.local/lib/python3.10/site-packages/airflow/example_dags/example_skip_dag.py
[2025-05-09T15:58:32.252+0000] {processor.py:830} INFO - Processing file /home/airflow/.local/lib/python3.10/site-packages/airflow/example_dags/example_skip_dag.py for tasks to queue
[2025-05-09T15:58:32.254+0000] {logging_mixin.py:188} INFO - [2025-05-09T15:58:32.253+0000] {dagbag.py:545} INFO - Filling up the DagBag from /home/airflow/.local/lib/python3.10/site-packages/airflow/example_dags/example_skip_dag.py
[2025-05-09T15:58:32.262+0000] {processor.py:840} INFO - DAG(s) 'example_skip_dag' retrieved from /home/airflow/.local/lib/python3.10/site-packages/airflow/example_dags/example_skip_dag.py
[2025-05-09T15:58:32.285+0000] {logging_mixin.py:188} INFO - [2025-05-09T15:58:32.284+0000] {dag.py:3096} INFO - Sync 1 DAGs
[2025-05-09T15:58:32.306+0000] {logging_mixin.py:188} INFO - [2025-05-09T15:58:32.305+0000] {dag.py:3954} INFO - Setting next_dagrun for example_skip_dag to 2025-05-08 00:00:00+00:00, run_after=2025-05-09 00:00:00+00:00
[2025-05-09T15:58:32.327+0000] {processor.py:183} INFO - Processing /home/airflow/.local/lib/python3.10/site-packages/airflow/example_dags/example_skip_dag.py took 0.083 seconds
[2025-05-09T15:59:03.103+0000] {processor.py:161} INFO - Started process (PID=12016) to work on /home/airflow/.local/lib/python3.10/site-packages/airflow/example_dags/example_skip_dag.py
[2025-05-09T15:59:03.104+0000] {processor.py:830} INFO - Processing file /home/airflow/.local/lib/python3.10/site-packages/airflow/example_dags/example_skip_dag.py for tasks to queue
[2025-05-09T15:59:03.107+0000] {logging_mixin.py:188} INFO - [2025-05-09T15:59:03.106+0000] {dagbag.py:545} INFO - Filling up the DagBag from /home/airflow/.local/lib/python3.10/site-packages/airflow/example_dags/example_skip_dag.py
[2025-05-09T15:59:03.116+0000] {processor.py:840} INFO - DAG(s) 'example_skip_dag' retrieved from /home/airflow/.local/lib/python3.10/site-packages/airflow/example_dags/example_skip_dag.py
[2025-05-09T15:59:03.144+0000] {logging_mixin.py:188} INFO - [2025-05-09T15:59:03.144+0000] {dag.py:3096} INFO - Sync 1 DAGs
[2025-05-09T15:59:03.170+0000] {logging_mixin.py:188} INFO - [2025-05-09T15:59:03.170+0000] {dag.py:3954} INFO - Setting next_dagrun for example_skip_dag to 2025-05-08 00:00:00+00:00, run_after=2025-05-09 00:00:00+00:00
[2025-05-09T15:59:03.198+0000] {processor.py:183} INFO - Processing /home/airflow/.local/lib/python3.10/site-packages/airflow/example_dags/example_skip_dag.py took 0.103 seconds
[2025-05-09T15:59:33.802+0000] {processor.py:161} INFO - Started process (PID=12280) to work on /home/airflow/.local/lib/python3.10/site-packages/airflow/example_dags/example_skip_dag.py
[2025-05-09T15:59:33.803+0000] {processor.py:830} INFO - Processing file /home/airflow/.local/lib/python3.10/site-packages/airflow/example_dags/example_skip_dag.py for tasks to queue
[2025-05-09T15:59:33.805+0000] {logging_mixin.py:188} INFO - [2025-05-09T15:59:33.805+0000] {dagbag.py:545} INFO - Filling up the DagBag from /home/airflow/.local/lib/python3.10/site-packages/airflow/example_dags/example_skip_dag.py
[2025-05-09T15:59:33.815+0000] {processor.py:840} INFO - DAG(s) 'example_skip_dag' retrieved from /home/airflow/.local/lib/python3.10/site-packages/airflow/example_dags/example_skip_dag.py
[2025-05-09T15:59:33.841+0000] {logging_mixin.py:188} INFO - [2025-05-09T15:59:33.841+0000] {dag.py:3096} INFO - Sync 1 DAGs
[2025-05-09T15:59:33.869+0000] {logging_mixin.py:188} INFO - [2025-05-09T15:59:33.869+0000] {dag.py:3954} INFO - Setting next_dagrun for example_skip_dag to 2025-05-08 00:00:00+00:00, run_after=2025-05-09 00:00:00+00:00
[2025-05-09T15:59:33.895+0000] {processor.py:183} INFO - Processing /home/airflow/.local/lib/python3.10/site-packages/airflow/example_dags/example_skip_dag.py took 0.099 seconds
[2025-05-09T16:00:04.790+0000] {processor.py:161} INFO - Started process (PID=12571) to work on /home/airflow/.local/lib/python3.10/site-packages/airflow/example_dags/example_skip_dag.py
[2025-05-09T16:00:04.792+0000] {processor.py:830} INFO - Processing file /home/airflow/.local/lib/python3.10/site-packages/airflow/example_dags/example_skip_dag.py for tasks to queue
[2025-05-09T16:00:04.795+0000] {logging_mixin.py:188} INFO - [2025-05-09T16:00:04.795+0000] {dagbag.py:545} INFO - Filling up the DagBag from /home/airflow/.local/lib/python3.10/site-packages/airflow/example_dags/example_skip_dag.py
[2025-05-09T16:00:04.808+0000] {processor.py:840} INFO - DAG(s) 'example_skip_dag' retrieved from /home/airflow/.local/lib/python3.10/site-packages/airflow/example_dags/example_skip_dag.py
[2025-05-09T16:00:04.855+0000] {logging_mixin.py:188} INFO - [2025-05-09T16:00:04.855+0000] {dag.py:3096} INFO - Sync 1 DAGs
[2025-05-09T16:00:04.899+0000] {logging_mixin.py:188} INFO - [2025-05-09T16:00:04.899+0000] {dag.py:3954} INFO - Setting next_dagrun for example_skip_dag to 2025-05-08 00:00:00+00:00, run_after=2025-05-09 00:00:00+00:00
[2025-05-09T16:00:04.936+0000] {processor.py:183} INFO - Processing /home/airflow/.local/lib/python3.10/site-packages/airflow/example_dags/example_skip_dag.py took 0.160 seconds
[2025-05-09T16:00:35.794+0000] {processor.py:161} INFO - Started process (PID=12869) to work on /home/airflow/.local/lib/python3.10/site-packages/airflow/example_dags/example_skip_dag.py
[2025-05-09T16:00:35.796+0000] {processor.py:830} INFO - Processing file /home/airflow/.local/lib/python3.10/site-packages/airflow/example_dags/example_skip_dag.py for tasks to queue
[2025-05-09T16:00:35.800+0000] {logging_mixin.py:188} INFO - [2025-05-09T16:00:35.799+0000] {dagbag.py:545} INFO - Filling up the DagBag from /home/airflow/.local/lib/python3.10/site-packages/airflow/example_dags/example_skip_dag.py
[2025-05-09T16:00:35.811+0000] {processor.py:840} INFO - DAG(s) 'example_skip_dag' retrieved from /home/airflow/.local/lib/python3.10/site-packages/airflow/example_dags/example_skip_dag.py
[2025-05-09T16:00:35.838+0000] {logging_mixin.py:188} INFO - [2025-05-09T16:00:35.838+0000] {dag.py:3096} INFO - Sync 1 DAGs
[2025-05-09T16:00:35.862+0000] {logging_mixin.py:188} INFO - [2025-05-09T16:00:35.861+0000] {dag.py:3954} INFO - Setting next_dagrun for example_skip_dag to 2025-05-08 00:00:00+00:00, run_after=2025-05-09 00:00:00+00:00
[2025-05-09T16:00:35.887+0000] {processor.py:183} INFO - Processing /home/airflow/.local/lib/python3.10/site-packages/airflow/example_dags/example_skip_dag.py took 0.103 seconds
[2025-05-09T16:01:06.049+0000] {processor.py:161} INFO - Started process (PID=13153) to work on /home/airflow/.local/lib/python3.10/site-packages/airflow/example_dags/example_skip_dag.py
[2025-05-09T16:01:06.051+0000] {processor.py:830} INFO - Processing file /home/airflow/.local/lib/python3.10/site-packages/airflow/example_dags/example_skip_dag.py for tasks to queue
[2025-05-09T16:01:06.052+0000] {logging_mixin.py:188} INFO - [2025-05-09T16:01:06.052+0000] {dagbag.py:545} INFO - Filling up the DagBag from /home/airflow/.local/lib/python3.10/site-packages/airflow/example_dags/example_skip_dag.py
[2025-05-09T16:01:06.060+0000] {processor.py:840} INFO - DAG(s) 'example_skip_dag' retrieved from /home/airflow/.local/lib/python3.10/site-packages/airflow/example_dags/example_skip_dag.py
[2025-05-09T16:01:06.088+0000] {logging_mixin.py:188} INFO - [2025-05-09T16:01:06.088+0000] {dag.py:3096} INFO - Sync 1 DAGs
[2025-05-09T16:01:06.109+0000] {logging_mixin.py:188} INFO - [2025-05-09T16:01:06.109+0000] {dag.py:3954} INFO - Setting next_dagrun for example_skip_dag to 2025-05-08 00:00:00+00:00, run_after=2025-05-09 00:00:00+00:00
[2025-05-09T16:01:06.138+0000] {processor.py:183} INFO - Processing /home/airflow/.local/lib/python3.10/site-packages/airflow/example_dags/example_skip_dag.py took 0.097 seconds
[2025-05-09T16:01:36.195+0000] {processor.py:161} INFO - Started process (PID=13417) to work on /home/airflow/.local/lib/python3.10/site-packages/airflow/example_dags/example_skip_dag.py
[2025-05-09T16:01:36.196+0000] {processor.py:830} INFO - Processing file /home/airflow/.local/lib/python3.10/site-packages/airflow/example_dags/example_skip_dag.py for tasks to queue
[2025-05-09T16:01:36.198+0000] {logging_mixin.py:188} INFO - [2025-05-09T16:01:36.197+0000] {dagbag.py:545} INFO - Filling up the DagBag from /home/airflow/.local/lib/python3.10/site-packages/airflow/example_dags/example_skip_dag.py
[2025-05-09T16:01:36.204+0000] {processor.py:840} INFO - DAG(s) 'example_skip_dag' retrieved from /home/airflow/.local/lib/python3.10/site-packages/airflow/example_dags/example_skip_dag.py
[2025-05-09T16:01:36.235+0000] {logging_mixin.py:188} INFO - [2025-05-09T16:01:36.235+0000] {dag.py:3096} INFO - Sync 1 DAGs
[2025-05-09T16:01:36.263+0000] {logging_mixin.py:188} INFO - [2025-05-09T16:01:36.263+0000] {dag.py:3954} INFO - Setting next_dagrun for example_skip_dag to 2025-05-08 00:00:00+00:00, run_after=2025-05-09 00:00:00+00:00
[2025-05-09T16:01:36.294+0000] {processor.py:183} INFO - Processing /home/airflow/.local/lib/python3.10/site-packages/airflow/example_dags/example_skip_dag.py took 0.105 seconds
[2025-05-09T16:02:06.585+0000] {processor.py:161} INFO - Started process (PID=13726) to work on /home/airflow/.local/lib/python3.10/site-packages/airflow/example_dags/example_skip_dag.py
[2025-05-09T16:02:06.587+0000] {processor.py:830} INFO - Processing file /home/airflow/.local/lib/python3.10/site-packages/airflow/example_dags/example_skip_dag.py for tasks to queue
[2025-05-09T16:02:06.588+0000] {logging_mixin.py:188} INFO - [2025-05-09T16:02:06.588+0000] {dagbag.py:545} INFO - Filling up the DagBag from /home/airflow/.local/lib/python3.10/site-packages/airflow/example_dags/example_skip_dag.py
[2025-05-09T16:02:06.594+0000] {processor.py:840} INFO - DAG(s) 'example_skip_dag' retrieved from /home/airflow/.local/lib/python3.10/site-packages/airflow/example_dags/example_skip_dag.py
[2025-05-09T16:02:06.621+0000] {logging_mixin.py:188} INFO - [2025-05-09T16:02:06.621+0000] {dag.py:3096} INFO - Sync 1 DAGs
[2025-05-09T16:02:06.646+0000] {logging_mixin.py:188} INFO - [2025-05-09T16:02:06.646+0000] {dag.py:3954} INFO - Setting next_dagrun for example_skip_dag to 2025-05-08 00:00:00+00:00, run_after=2025-05-09 00:00:00+00:00
[2025-05-09T16:02:06.671+0000] {processor.py:183} INFO - Processing /home/airflow/.local/lib/python3.10/site-packages/airflow/example_dags/example_skip_dag.py took 0.092 seconds
[2025-05-09T16:02:36.866+0000] {processor.py:161} INFO - Started process (PID=14004) to work on /home/airflow/.local/lib/python3.10/site-packages/airflow/example_dags/example_skip_dag.py
[2025-05-09T16:02:36.868+0000] {processor.py:830} INFO - Processing file /home/airflow/.local/lib/python3.10/site-packages/airflow/example_dags/example_skip_dag.py for tasks to queue
[2025-05-09T16:02:36.870+0000] {logging_mixin.py:188} INFO - [2025-05-09T16:02:36.869+0000] {dagbag.py:545} INFO - Filling up the DagBag from /home/airflow/.local/lib/python3.10/site-packages/airflow/example_dags/example_skip_dag.py
[2025-05-09T16:02:36.876+0000] {processor.py:840} INFO - DAG(s) 'example_skip_dag' retrieved from /home/airflow/.local/lib/python3.10/site-packages/airflow/example_dags/example_skip_dag.py
[2025-05-09T16:02:36.902+0000] {logging_mixin.py:188} INFO - [2025-05-09T16:02:36.902+0000] {dag.py:3096} INFO - Sync 1 DAGs
[2025-05-09T16:02:36.927+0000] {logging_mixin.py:188} INFO - [2025-05-09T16:02:36.927+0000] {dag.py:3954} INFO - Setting next_dagrun for example_skip_dag to 2025-05-08 00:00:00+00:00, run_after=2025-05-09 00:00:00+00:00
[2025-05-09T16:02:36.955+0000] {processor.py:183} INFO - Processing /home/airflow/.local/lib/python3.10/site-packages/airflow/example_dags/example_skip_dag.py took 0.094 seconds
[2025-05-09T16:03:07.765+0000] {processor.py:161} INFO - Started process (PID=14313) to work on /home/airflow/.local/lib/python3.10/site-packages/airflow/example_dags/example_skip_dag.py
[2025-05-09T16:03:07.767+0000] {processor.py:830} INFO - Processing file /home/airflow/.local/lib/python3.10/site-packages/airflow/example_dags/example_skip_dag.py for tasks to queue
[2025-05-09T16:03:07.768+0000] {logging_mixin.py:188} INFO - [2025-05-09T16:03:07.768+0000] {dagbag.py:545} INFO - Filling up the DagBag from /home/airflow/.local/lib/python3.10/site-packages/airflow/example_dags/example_skip_dag.py
[2025-05-09T16:03:07.776+0000] {processor.py:840} INFO - DAG(s) 'example_skip_dag' retrieved from /home/airflow/.local/lib/python3.10/site-packages/airflow/example_dags/example_skip_dag.py
[2025-05-09T16:03:07.803+0000] {logging_mixin.py:188} INFO - [2025-05-09T16:03:07.803+0000] {dag.py:3096} INFO - Sync 1 DAGs
[2025-05-09T16:03:07.829+0000] {logging_mixin.py:188} INFO - [2025-05-09T16:03:07.828+0000] {dag.py:3954} INFO - Setting next_dagrun for example_skip_dag to 2025-05-08 00:00:00+00:00, run_after=2025-05-09 00:00:00+00:00
[2025-05-09T16:03:07.857+0000] {processor.py:183} INFO - Processing /home/airflow/.local/lib/python3.10/site-packages/airflow/example_dags/example_skip_dag.py took 0.097 seconds
[2025-05-09T16:03:38.736+0000] {processor.py:161} INFO - Started process (PID=14587) to work on /home/airflow/.local/lib/python3.10/site-packages/airflow/example_dags/example_skip_dag.py
[2025-05-09T16:03:38.738+0000] {processor.py:830} INFO - Processing file /home/airflow/.local/lib/python3.10/site-packages/airflow/example_dags/example_skip_dag.py for tasks to queue
[2025-05-09T16:03:38.740+0000] {logging_mixin.py:188} INFO - [2025-05-09T16:03:38.740+0000] {dagbag.py:545} INFO - Filling up the DagBag from /home/airflow/.local/lib/python3.10/site-packages/airflow/example_dags/example_skip_dag.py
[2025-05-09T16:03:38.752+0000] {processor.py:840} INFO - DAG(s) 'example_skip_dag' retrieved from /home/airflow/.local/lib/python3.10/site-packages/airflow/example_dags/example_skip_dag.py
[2025-05-09T16:03:38.789+0000] {logging_mixin.py:188} INFO - [2025-05-09T16:03:38.789+0000] {dag.py:3096} INFO - Sync 1 DAGs
[2025-05-09T16:03:38.832+0000] {logging_mixin.py:188} INFO - [2025-05-09T16:03:38.831+0000] {dag.py:3954} INFO - Setting next_dagrun for example_skip_dag to 2025-05-08 00:00:00+00:00, run_after=2025-05-09 00:00:00+00:00
[2025-05-09T16:03:38.877+0000] {processor.py:183} INFO - Processing /home/airflow/.local/lib/python3.10/site-packages/airflow/example_dags/example_skip_dag.py took 0.148 seconds
[2025-05-09T16:04:09.301+0000] {processor.py:161} INFO - Started process (PID=14849) to work on /home/airflow/.local/lib/python3.10/site-packages/airflow/example_dags/example_skip_dag.py
[2025-05-09T16:04:09.303+0000] {processor.py:830} INFO - Processing file /home/airflow/.local/lib/python3.10/site-packages/airflow/example_dags/example_skip_dag.py for tasks to queue
[2025-05-09T16:04:09.304+0000] {logging_mixin.py:188} INFO - [2025-05-09T16:04:09.304+0000] {dagbag.py:545} INFO - Filling up the DagBag from /home/airflow/.local/lib/python3.10/site-packages/airflow/example_dags/example_skip_dag.py
[2025-05-09T16:04:09.312+0000] {processor.py:840} INFO - DAG(s) 'example_skip_dag' retrieved from /home/airflow/.local/lib/python3.10/site-packages/airflow/example_dags/example_skip_dag.py
[2025-05-09T16:04:09.339+0000] {logging_mixin.py:188} INFO - [2025-05-09T16:04:09.338+0000] {dag.py:3096} INFO - Sync 1 DAGs
[2025-05-09T16:04:09.363+0000] {logging_mixin.py:188} INFO - [2025-05-09T16:04:09.362+0000] {dag.py:3954} INFO - Setting next_dagrun for example_skip_dag to 2025-05-08 00:00:00+00:00, run_after=2025-05-09 00:00:00+00:00
[2025-05-09T16:04:09.388+0000] {processor.py:183} INFO - Processing /home/airflow/.local/lib/python3.10/site-packages/airflow/example_dags/example_skip_dag.py took 0.094 seconds
[2025-05-09T16:05:17.330+0000] {processor.py:161} INFO - Started process (PID=292) to work on /home/airflow/.local/lib/python3.10/site-packages/airflow/example_dags/example_skip_dag.py
[2025-05-09T16:05:17.332+0000] {processor.py:830} INFO - Processing file /home/airflow/.local/lib/python3.10/site-packages/airflow/example_dags/example_skip_dag.py for tasks to queue
[2025-05-09T16:05:17.336+0000] {logging_mixin.py:188} INFO - [2025-05-09T16:05:17.336+0000] {dagbag.py:545} INFO - Filling up the DagBag from /home/airflow/.local/lib/python3.10/site-packages/airflow/example_dags/example_skip_dag.py
[2025-05-09T16:05:17.347+0000] {processor.py:840} INFO - DAG(s) 'example_skip_dag' retrieved from /home/airflow/.local/lib/python3.10/site-packages/airflow/example_dags/example_skip_dag.py
[2025-05-09T16:05:17.367+0000] {logging_mixin.py:188} INFO - [2025-05-09T16:05:17.367+0000] {dag.py:3096} INFO - Sync 1 DAGs
[2025-05-09T16:05:17.412+0000] {logging_mixin.py:188} INFO - [2025-05-09T16:05:17.412+0000] {dag.py:3954} INFO - Setting next_dagrun for example_skip_dag to 2025-05-08 00:00:00+00:00, run_after=2025-05-09 00:00:00+00:00
[2025-05-09T16:05:17.450+0000] {processor.py:183} INFO - Processing /home/airflow/.local/lib/python3.10/site-packages/airflow/example_dags/example_skip_dag.py took 0.130 seconds
[2025-05-09T16:05:48.387+0000] {processor.py:161} INFO - Started process (PID=556) to work on /home/airflow/.local/lib/python3.10/site-packages/airflow/example_dags/example_skip_dag.py
[2025-05-09T16:05:48.388+0000] {processor.py:830} INFO - Processing file /home/airflow/.local/lib/python3.10/site-packages/airflow/example_dags/example_skip_dag.py for tasks to queue
[2025-05-09T16:05:48.391+0000] {logging_mixin.py:188} INFO - [2025-05-09T16:05:48.390+0000] {dagbag.py:545} INFO - Filling up the DagBag from /home/airflow/.local/lib/python3.10/site-packages/airflow/example_dags/example_skip_dag.py
[2025-05-09T16:05:48.399+0000] {processor.py:840} INFO - DAG(s) 'example_skip_dag' retrieved from /home/airflow/.local/lib/python3.10/site-packages/airflow/example_dags/example_skip_dag.py
[2025-05-09T16:05:48.504+0000] {logging_mixin.py:188} INFO - [2025-05-09T16:05:48.504+0000] {dag.py:3096} INFO - Sync 1 DAGs
[2025-05-09T16:05:48.525+0000] {logging_mixin.py:188} INFO - [2025-05-09T16:05:48.525+0000] {dag.py:3954} INFO - Setting next_dagrun for example_skip_dag to 2025-05-08 00:00:00+00:00, run_after=2025-05-09 00:00:00+00:00
[2025-05-09T16:05:48.548+0000] {processor.py:183} INFO - Processing /home/airflow/.local/lib/python3.10/site-packages/airflow/example_dags/example_skip_dag.py took 0.168 seconds
[2025-05-09T16:06:19.180+0000] {processor.py:161} INFO - Started process (PID=816) to work on /home/airflow/.local/lib/python3.10/site-packages/airflow/example_dags/example_skip_dag.py
[2025-05-09T16:06:19.181+0000] {processor.py:830} INFO - Processing file /home/airflow/.local/lib/python3.10/site-packages/airflow/example_dags/example_skip_dag.py for tasks to queue
[2025-05-09T16:06:19.184+0000] {logging_mixin.py:188} INFO - [2025-05-09T16:06:19.183+0000] {dagbag.py:545} INFO - Filling up the DagBag from /home/airflow/.local/lib/python3.10/site-packages/airflow/example_dags/example_skip_dag.py
[2025-05-09T16:06:19.192+0000] {processor.py:840} INFO - DAG(s) 'example_skip_dag' retrieved from /home/airflow/.local/lib/python3.10/site-packages/airflow/example_dags/example_skip_dag.py
[2025-05-09T16:06:19.222+0000] {logging_mixin.py:188} INFO - [2025-05-09T16:06:19.221+0000] {dag.py:3096} INFO - Sync 1 DAGs
[2025-05-09T16:06:19.248+0000] {logging_mixin.py:188} INFO - [2025-05-09T16:06:19.248+0000] {dag.py:3954} INFO - Setting next_dagrun for example_skip_dag to 2025-05-08 00:00:00+00:00, run_after=2025-05-09 00:00:00+00:00
[2025-05-09T16:06:19.276+0000] {processor.py:183} INFO - Processing /home/airflow/.local/lib/python3.10/site-packages/airflow/example_dags/example_skip_dag.py took 0.103 seconds
[2025-05-09T16:06:49.573+0000] {processor.py:161} INFO - Started process (PID=1078) to work on /home/airflow/.local/lib/python3.10/site-packages/airflow/example_dags/example_skip_dag.py
[2025-05-09T16:06:49.575+0000] {processor.py:830} INFO - Processing file /home/airflow/.local/lib/python3.10/site-packages/airflow/example_dags/example_skip_dag.py for tasks to queue
[2025-05-09T16:06:49.577+0000] {logging_mixin.py:188} INFO - [2025-05-09T16:06:49.577+0000] {dagbag.py:545} INFO - Filling up the DagBag from /home/airflow/.local/lib/python3.10/site-packages/airflow/example_dags/example_skip_dag.py
[2025-05-09T16:06:49.585+0000] {processor.py:840} INFO - DAG(s) 'example_skip_dag' retrieved from /home/airflow/.local/lib/python3.10/site-packages/airflow/example_dags/example_skip_dag.py
[2025-05-09T16:06:49.614+0000] {logging_mixin.py:188} INFO - [2025-05-09T16:06:49.614+0000] {dag.py:3096} INFO - Sync 1 DAGs
[2025-05-09T16:06:49.642+0000] {logging_mixin.py:188} INFO - [2025-05-09T16:06:49.642+0000] {dag.py:3954} INFO - Setting next_dagrun for example_skip_dag to 2025-05-08 00:00:00+00:00, run_after=2025-05-09 00:00:00+00:00
[2025-05-09T16:06:49.667+0000] {processor.py:183} INFO - Processing /home/airflow/.local/lib/python3.10/site-packages/airflow/example_dags/example_skip_dag.py took 0.102 seconds
[2025-05-09T16:07:20.191+0000] {processor.py:161} INFO - Started process (PID=1376) to work on /home/airflow/.local/lib/python3.10/site-packages/airflow/example_dags/example_skip_dag.py
[2025-05-09T16:07:20.192+0000] {processor.py:830} INFO - Processing file /home/airflow/.local/lib/python3.10/site-packages/airflow/example_dags/example_skip_dag.py for tasks to queue
[2025-05-09T16:07:20.194+0000] {logging_mixin.py:188} INFO - [2025-05-09T16:07:20.194+0000] {dagbag.py:545} INFO - Filling up the DagBag from /home/airflow/.local/lib/python3.10/site-packages/airflow/example_dags/example_skip_dag.py
[2025-05-09T16:07:20.202+0000] {processor.py:840} INFO - DAG(s) 'example_skip_dag' retrieved from /home/airflow/.local/lib/python3.10/site-packages/airflow/example_dags/example_skip_dag.py
[2025-05-09T16:07:20.230+0000] {logging_mixin.py:188} INFO - [2025-05-09T16:07:20.230+0000] {dag.py:3096} INFO - Sync 1 DAGs
[2025-05-09T16:07:20.255+0000] {logging_mixin.py:188} INFO - [2025-05-09T16:07:20.255+0000] {dag.py:3954} INFO - Setting next_dagrun for example_skip_dag to 2025-05-08 00:00:00+00:00, run_after=2025-05-09 00:00:00+00:00
[2025-05-09T16:07:20.282+0000] {processor.py:183} INFO - Processing /home/airflow/.local/lib/python3.10/site-packages/airflow/example_dags/example_skip_dag.py took 0.099 seconds
[2025-05-09T16:07:50.686+0000] {processor.py:161} INFO - Started process (PID=1638) to work on /home/airflow/.local/lib/python3.10/site-packages/airflow/example_dags/example_skip_dag.py
[2025-05-09T16:07:50.688+0000] {processor.py:830} INFO - Processing file /home/airflow/.local/lib/python3.10/site-packages/airflow/example_dags/example_skip_dag.py for tasks to queue
[2025-05-09T16:07:50.692+0000] {logging_mixin.py:188} INFO - [2025-05-09T16:07:50.691+0000] {dagbag.py:545} INFO - Filling up the DagBag from /home/airflow/.local/lib/python3.10/site-packages/airflow/example_dags/example_skip_dag.py
[2025-05-09T16:07:50.699+0000] {processor.py:840} INFO - DAG(s) 'example_skip_dag' retrieved from /home/airflow/.local/lib/python3.10/site-packages/airflow/example_dags/example_skip_dag.py
[2025-05-09T16:07:50.724+0000] {logging_mixin.py:188} INFO - [2025-05-09T16:07:50.724+0000] {dag.py:3096} INFO - Sync 1 DAGs
[2025-05-09T16:07:50.747+0000] {logging_mixin.py:188} INFO - [2025-05-09T16:07:50.746+0000] {dag.py:3954} INFO - Setting next_dagrun for example_skip_dag to 2025-05-08 00:00:00+00:00, run_after=2025-05-09 00:00:00+00:00
[2025-05-09T16:07:50.770+0000] {processor.py:183} INFO - Processing /home/airflow/.local/lib/python3.10/site-packages/airflow/example_dags/example_skip_dag.py took 0.091 seconds
[2025-05-09T16:08:21.865+0000] {processor.py:161} INFO - Started process (PID=1906) to work on /home/airflow/.local/lib/python3.10/site-packages/airflow/example_dags/example_skip_dag.py
[2025-05-09T16:08:21.867+0000] {processor.py:830} INFO - Processing file /home/airflow/.local/lib/python3.10/site-packages/airflow/example_dags/example_skip_dag.py for tasks to queue
[2025-05-09T16:08:21.869+0000] {logging_mixin.py:188} INFO - [2025-05-09T16:08:21.869+0000] {dagbag.py:545} INFO - Filling up the DagBag from /home/airflow/.local/lib/python3.10/site-packages/airflow/example_dags/example_skip_dag.py
[2025-05-09T16:08:21.876+0000] {processor.py:840} INFO - DAG(s) 'example_skip_dag' retrieved from /home/airflow/.local/lib/python3.10/site-packages/airflow/example_dags/example_skip_dag.py
[2025-05-09T16:08:21.899+0000] {logging_mixin.py:188} INFO - [2025-05-09T16:08:21.899+0000] {dag.py:3096} INFO - Sync 1 DAGs
[2025-05-09T16:08:21.920+0000] {logging_mixin.py:188} INFO - [2025-05-09T16:08:21.920+0000] {dag.py:3954} INFO - Setting next_dagrun for example_skip_dag to 2025-05-08 00:00:00+00:00, run_after=2025-05-09 00:00:00+00:00
[2025-05-09T16:08:21.942+0000] {processor.py:183} INFO - Processing /home/airflow/.local/lib/python3.10/site-packages/airflow/example_dags/example_skip_dag.py took 0.083 seconds
[2025-05-09T16:08:52.567+0000] {processor.py:161} INFO - Started process (PID=2192) to work on /home/airflow/.local/lib/python3.10/site-packages/airflow/example_dags/example_skip_dag.py
[2025-05-09T16:08:52.569+0000] {processor.py:830} INFO - Processing file /home/airflow/.local/lib/python3.10/site-packages/airflow/example_dags/example_skip_dag.py for tasks to queue
[2025-05-09T16:08:52.572+0000] {logging_mixin.py:188} INFO - [2025-05-09T16:08:52.571+0000] {dagbag.py:545} INFO - Filling up the DagBag from /home/airflow/.local/lib/python3.10/site-packages/airflow/example_dags/example_skip_dag.py
[2025-05-09T16:08:52.581+0000] {processor.py:840} INFO - DAG(s) 'example_skip_dag' retrieved from /home/airflow/.local/lib/python3.10/site-packages/airflow/example_dags/example_skip_dag.py
[2025-05-09T16:08:52.608+0000] {logging_mixin.py:188} INFO - [2025-05-09T16:08:52.607+0000] {dag.py:3096} INFO - Sync 1 DAGs
[2025-05-09T16:08:52.632+0000] {logging_mixin.py:188} INFO - [2025-05-09T16:08:52.632+0000] {dag.py:3954} INFO - Setting next_dagrun for example_skip_dag to 2025-05-08 00:00:00+00:00, run_after=2025-05-09 00:00:00+00:00
[2025-05-09T16:08:52.662+0000] {processor.py:183} INFO - Processing /home/airflow/.local/lib/python3.10/site-packages/airflow/example_dags/example_skip_dag.py took 0.102 seconds
[2025-05-09T16:09:22.994+0000] {processor.py:161} INFO - Started process (PID=2466) to work on /home/airflow/.local/lib/python3.10/site-packages/airflow/example_dags/example_skip_dag.py
[2025-05-09T16:09:22.996+0000] {processor.py:830} INFO - Processing file /home/airflow/.local/lib/python3.10/site-packages/airflow/example_dags/example_skip_dag.py for tasks to queue
[2025-05-09T16:09:23.000+0000] {logging_mixin.py:188} INFO - [2025-05-09T16:09:23.000+0000] {dagbag.py:545} INFO - Filling up the DagBag from /home/airflow/.local/lib/python3.10/site-packages/airflow/example_dags/example_skip_dag.py
[2025-05-09T16:09:23.007+0000] {processor.py:840} INFO - DAG(s) 'example_skip_dag' retrieved from /home/airflow/.local/lib/python3.10/site-packages/airflow/example_dags/example_skip_dag.py
[2025-05-09T16:09:23.035+0000] {logging_mixin.py:188} INFO - [2025-05-09T16:09:23.035+0000] {dag.py:3096} INFO - Sync 1 DAGs
[2025-05-09T16:09:23.059+0000] {logging_mixin.py:188} INFO - [2025-05-09T16:09:23.059+0000] {dag.py:3954} INFO - Setting next_dagrun for example_skip_dag to 2025-05-08 00:00:00+00:00, run_after=2025-05-09 00:00:00+00:00
[2025-05-09T16:09:23.087+0000] {processor.py:183} INFO - Processing /home/airflow/.local/lib/python3.10/site-packages/airflow/example_dags/example_skip_dag.py took 0.102 seconds
[2025-05-09T16:09:53.799+0000] {processor.py:161} INFO - Started process (PID=2728) to work on /home/airflow/.local/lib/python3.10/site-packages/airflow/example_dags/example_skip_dag.py
[2025-05-09T16:09:53.800+0000] {processor.py:830} INFO - Processing file /home/airflow/.local/lib/python3.10/site-packages/airflow/example_dags/example_skip_dag.py for tasks to queue
[2025-05-09T16:09:53.803+0000] {logging_mixin.py:188} INFO - [2025-05-09T16:09:53.802+0000] {dagbag.py:545} INFO - Filling up the DagBag from /home/airflow/.local/lib/python3.10/site-packages/airflow/example_dags/example_skip_dag.py
[2025-05-09T16:09:53.810+0000] {processor.py:840} INFO - DAG(s) 'example_skip_dag' retrieved from /home/airflow/.local/lib/python3.10/site-packages/airflow/example_dags/example_skip_dag.py
[2025-05-09T16:09:53.837+0000] {logging_mixin.py:188} INFO - [2025-05-09T16:09:53.837+0000] {dag.py:3096} INFO - Sync 1 DAGs
[2025-05-09T16:09:53.861+0000] {logging_mixin.py:188} INFO - [2025-05-09T16:09:53.860+0000] {dag.py:3954} INFO - Setting next_dagrun for example_skip_dag to 2025-05-08 00:00:00+00:00, run_after=2025-05-09 00:00:00+00:00
[2025-05-09T16:09:53.887+0000] {processor.py:183} INFO - Processing /home/airflow/.local/lib/python3.10/site-packages/airflow/example_dags/example_skip_dag.py took 0.095 seconds
[2025-05-09T16:10:24.437+0000] {processor.py:161} INFO - Started process (PID=2996) to work on /home/airflow/.local/lib/python3.10/site-packages/airflow/example_dags/example_skip_dag.py
[2025-05-09T16:10:24.441+0000] {processor.py:830} INFO - Processing file /home/airflow/.local/lib/python3.10/site-packages/airflow/example_dags/example_skip_dag.py for tasks to queue
[2025-05-09T16:10:24.449+0000] {logging_mixin.py:188} INFO - [2025-05-09T16:10:24.448+0000] {dagbag.py:545} INFO - Filling up the DagBag from /home/airflow/.local/lib/python3.10/site-packages/airflow/example_dags/example_skip_dag.py
[2025-05-09T16:10:24.468+0000] {processor.py:840} INFO - DAG(s) 'example_skip_dag' retrieved from /home/airflow/.local/lib/python3.10/site-packages/airflow/example_dags/example_skip_dag.py
[2025-05-09T16:10:24.530+0000] {logging_mixin.py:188} INFO - [2025-05-09T16:10:24.529+0000] {dag.py:3096} INFO - Sync 1 DAGs
[2025-05-09T16:10:24.603+0000] {logging_mixin.py:188} INFO - [2025-05-09T16:10:24.602+0000] {dag.py:3954} INFO - Setting next_dagrun for example_skip_dag to 2025-05-08 00:00:00+00:00, run_after=2025-05-09 00:00:00+00:00
[2025-05-09T16:10:24.690+0000] {processor.py:183} INFO - Processing /home/airflow/.local/lib/python3.10/site-packages/airflow/example_dags/example_skip_dag.py took 0.266 seconds
[2025-05-09T16:10:54.817+0000] {processor.py:161} INFO - Started process (PID=3266) to work on /home/airflow/.local/lib/python3.10/site-packages/airflow/example_dags/example_skip_dag.py
[2025-05-09T16:10:54.819+0000] {processor.py:830} INFO - Processing file /home/airflow/.local/lib/python3.10/site-packages/airflow/example_dags/example_skip_dag.py for tasks to queue
[2025-05-09T16:10:54.821+0000] {logging_mixin.py:188} INFO - [2025-05-09T16:10:54.821+0000] {dagbag.py:545} INFO - Filling up the DagBag from /home/airflow/.local/lib/python3.10/site-packages/airflow/example_dags/example_skip_dag.py
[2025-05-09T16:10:54.827+0000] {processor.py:840} INFO - DAG(s) 'example_skip_dag' retrieved from /home/airflow/.local/lib/python3.10/site-packages/airflow/example_dags/example_skip_dag.py
[2025-05-09T16:10:54.850+0000] {logging_mixin.py:188} INFO - [2025-05-09T16:10:54.849+0000] {dag.py:3096} INFO - Sync 1 DAGs
[2025-05-09T16:10:54.871+0000] {logging_mixin.py:188} INFO - [2025-05-09T16:10:54.871+0000] {dag.py:3954} INFO - Setting next_dagrun for example_skip_dag to 2025-05-08 00:00:00+00:00, run_after=2025-05-09 00:00:00+00:00
[2025-05-09T16:10:54.893+0000] {processor.py:183} INFO - Processing /home/airflow/.local/lib/python3.10/site-packages/airflow/example_dags/example_skip_dag.py took 0.083 seconds
[2025-05-09T16:11:25.386+0000] {processor.py:161} INFO - Started process (PID=3538) to work on /home/airflow/.local/lib/python3.10/site-packages/airflow/example_dags/example_skip_dag.py
[2025-05-09T16:11:25.388+0000] {processor.py:830} INFO - Processing file /home/airflow/.local/lib/python3.10/site-packages/airflow/example_dags/example_skip_dag.py for tasks to queue
[2025-05-09T16:11:25.390+0000] {logging_mixin.py:188} INFO - [2025-05-09T16:11:25.390+0000] {dagbag.py:545} INFO - Filling up the DagBag from /home/airflow/.local/lib/python3.10/site-packages/airflow/example_dags/example_skip_dag.py
[2025-05-09T16:11:25.397+0000] {processor.py:840} INFO - DAG(s) 'example_skip_dag' retrieved from /home/airflow/.local/lib/python3.10/site-packages/airflow/example_dags/example_skip_dag.py
[2025-05-09T16:11:25.424+0000] {logging_mixin.py:188} INFO - [2025-05-09T16:11:25.423+0000] {dag.py:3096} INFO - Sync 1 DAGs
[2025-05-09T16:11:25.452+0000] {logging_mixin.py:188} INFO - [2025-05-09T16:11:25.451+0000] {dag.py:3954} INFO - Setting next_dagrun for example_skip_dag to 2025-05-08 00:00:00+00:00, run_after=2025-05-09 00:00:00+00:00
[2025-05-09T16:11:25.480+0000] {processor.py:183} INFO - Processing /home/airflow/.local/lib/python3.10/site-packages/airflow/example_dags/example_skip_dag.py took 0.100 seconds
[2025-05-09T16:11:56.105+0000] {processor.py:161} INFO - Started process (PID=3806) to work on /home/airflow/.local/lib/python3.10/site-packages/airflow/example_dags/example_skip_dag.py
[2025-05-09T16:11:56.107+0000] {processor.py:830} INFO - Processing file /home/airflow/.local/lib/python3.10/site-packages/airflow/example_dags/example_skip_dag.py for tasks to queue
[2025-05-09T16:11:56.110+0000] {logging_mixin.py:188} INFO - [2025-05-09T16:11:56.109+0000] {dagbag.py:545} INFO - Filling up the DagBag from /home/airflow/.local/lib/python3.10/site-packages/airflow/example_dags/example_skip_dag.py
[2025-05-09T16:11:56.119+0000] {processor.py:840} INFO - DAG(s) 'example_skip_dag' retrieved from /home/airflow/.local/lib/python3.10/site-packages/airflow/example_dags/example_skip_dag.py
[2025-05-09T16:11:56.148+0000] {logging_mixin.py:188} INFO - [2025-05-09T16:11:56.148+0000] {dag.py:3096} INFO - Sync 1 DAGs
[2025-05-09T16:11:56.173+0000] {logging_mixin.py:188} INFO - [2025-05-09T16:11:56.172+0000] {dag.py:3954} INFO - Setting next_dagrun for example_skip_dag to 2025-05-08 00:00:00+00:00, run_after=2025-05-09 00:00:00+00:00
[2025-05-09T16:11:56.200+0000] {processor.py:183} INFO - Processing /home/airflow/.local/lib/python3.10/site-packages/airflow/example_dags/example_skip_dag.py took 0.102 seconds
[2025-05-09T16:12:26.880+0000] {processor.py:161} INFO - Started process (PID=4083) to work on /home/airflow/.local/lib/python3.10/site-packages/airflow/example_dags/example_skip_dag.py
[2025-05-09T16:12:26.882+0000] {processor.py:830} INFO - Processing file /home/airflow/.local/lib/python3.10/site-packages/airflow/example_dags/example_skip_dag.py for tasks to queue
[2025-05-09T16:12:26.885+0000] {logging_mixin.py:188} INFO - [2025-05-09T16:12:26.885+0000] {dagbag.py:545} INFO - Filling up the DagBag from /home/airflow/.local/lib/python3.10/site-packages/airflow/example_dags/example_skip_dag.py
[2025-05-09T16:12:26.898+0000] {processor.py:840} INFO - DAG(s) 'example_skip_dag' retrieved from /home/airflow/.local/lib/python3.10/site-packages/airflow/example_dags/example_skip_dag.py
[2025-05-09T16:12:26.936+0000] {logging_mixin.py:188} INFO - [2025-05-09T16:12:26.936+0000] {dag.py:3096} INFO - Sync 1 DAGs
[2025-05-09T16:12:26.967+0000] {logging_mixin.py:188} INFO - [2025-05-09T16:12:26.966+0000] {dag.py:3954} INFO - Setting next_dagrun for example_skip_dag to 2025-05-08 00:00:00+00:00, run_after=2025-05-09 00:00:00+00:00
[2025-05-09T16:12:27.003+0000] {processor.py:183} INFO - Processing /home/airflow/.local/lib/python3.10/site-packages/airflow/example_dags/example_skip_dag.py took 0.134 seconds
[2025-05-09T16:12:57.580+0000] {processor.py:161} INFO - Started process (PID=4345) to work on /home/airflow/.local/lib/python3.10/site-packages/airflow/example_dags/example_skip_dag.py
[2025-05-09T16:12:57.582+0000] {processor.py:830} INFO - Processing file /home/airflow/.local/lib/python3.10/site-packages/airflow/example_dags/example_skip_dag.py for tasks to queue
[2025-05-09T16:12:57.585+0000] {logging_mixin.py:188} INFO - [2025-05-09T16:12:57.585+0000] {dagbag.py:545} INFO - Filling up the DagBag from /home/airflow/.local/lib/python3.10/site-packages/airflow/example_dags/example_skip_dag.py
[2025-05-09T16:12:57.594+0000] {processor.py:840} INFO - DAG(s) 'example_skip_dag' retrieved from /home/airflow/.local/lib/python3.10/site-packages/airflow/example_dags/example_skip_dag.py
[2025-05-09T16:12:57.628+0000] {logging_mixin.py:188} INFO - [2025-05-09T16:12:57.627+0000] {dag.py:3096} INFO - Sync 1 DAGs
[2025-05-09T16:12:57.658+0000] {logging_mixin.py:188} INFO - [2025-05-09T16:12:57.658+0000] {dag.py:3954} INFO - Setting next_dagrun for example_skip_dag to 2025-05-08 00:00:00+00:00, run_after=2025-05-09 00:00:00+00:00
[2025-05-09T16:12:57.692+0000] {processor.py:183} INFO - Processing /home/airflow/.local/lib/python3.10/site-packages/airflow/example_dags/example_skip_dag.py took 0.120 seconds
[2025-05-09T16:13:27.911+0000] {processor.py:161} INFO - Started process (PID=4616) to work on /home/airflow/.local/lib/python3.10/site-packages/airflow/example_dags/example_skip_dag.py
[2025-05-09T16:13:27.913+0000] {processor.py:830} INFO - Processing file /home/airflow/.local/lib/python3.10/site-packages/airflow/example_dags/example_skip_dag.py for tasks to queue
[2025-05-09T16:13:27.916+0000] {logging_mixin.py:188} INFO - [2025-05-09T16:13:27.916+0000] {dagbag.py:545} INFO - Filling up the DagBag from /home/airflow/.local/lib/python3.10/site-packages/airflow/example_dags/example_skip_dag.py
[2025-05-09T16:13:27.924+0000] {processor.py:840} INFO - DAG(s) 'example_skip_dag' retrieved from /home/airflow/.local/lib/python3.10/site-packages/airflow/example_dags/example_skip_dag.py
[2025-05-09T16:13:27.956+0000] {logging_mixin.py:188} INFO - [2025-05-09T16:13:27.955+0000] {dag.py:3096} INFO - Sync 1 DAGs
[2025-05-09T16:13:27.981+0000] {logging_mixin.py:188} INFO - [2025-05-09T16:13:27.981+0000] {dag.py:3954} INFO - Setting next_dagrun for example_skip_dag to 2025-05-08 00:00:00+00:00, run_after=2025-05-09 00:00:00+00:00
[2025-05-09T16:13:28.009+0000] {processor.py:183} INFO - Processing /home/airflow/.local/lib/python3.10/site-packages/airflow/example_dags/example_skip_dag.py took 0.105 seconds
[2025-05-09T16:13:58.311+0000] {processor.py:161} INFO - Started process (PID=4878) to work on /home/airflow/.local/lib/python3.10/site-packages/airflow/example_dags/example_skip_dag.py
[2025-05-09T16:13:58.312+0000] {processor.py:830} INFO - Processing file /home/airflow/.local/lib/python3.10/site-packages/airflow/example_dags/example_skip_dag.py for tasks to queue
[2025-05-09T16:13:58.314+0000] {logging_mixin.py:188} INFO - [2025-05-09T16:13:58.314+0000] {dagbag.py:545} INFO - Filling up the DagBag from /home/airflow/.local/lib/python3.10/site-packages/airflow/example_dags/example_skip_dag.py
[2025-05-09T16:13:58.320+0000] {processor.py:840} INFO - DAG(s) 'example_skip_dag' retrieved from /home/airflow/.local/lib/python3.10/site-packages/airflow/example_dags/example_skip_dag.py
[2025-05-09T16:13:58.343+0000] {logging_mixin.py:188} INFO - [2025-05-09T16:13:58.343+0000] {dag.py:3096} INFO - Sync 1 DAGs
[2025-05-09T16:13:58.364+0000] {logging_mixin.py:188} INFO - [2025-05-09T16:13:58.364+0000] {dag.py:3954} INFO - Setting next_dagrun for example_skip_dag to 2025-05-08 00:00:00+00:00, run_after=2025-05-09 00:00:00+00:00
[2025-05-09T16:13:58.388+0000] {processor.py:183} INFO - Processing /home/airflow/.local/lib/python3.10/site-packages/airflow/example_dags/example_skip_dag.py took 0.084 seconds
[2025-05-09T16:14:28.630+0000] {processor.py:161} INFO - Started process (PID=5167) to work on /home/airflow/.local/lib/python3.10/site-packages/airflow/example_dags/example_skip_dag.py
[2025-05-09T16:14:28.632+0000] {processor.py:830} INFO - Processing file /home/airflow/.local/lib/python3.10/site-packages/airflow/example_dags/example_skip_dag.py for tasks to queue
[2025-05-09T16:14:28.634+0000] {logging_mixin.py:188} INFO - [2025-05-09T16:14:28.634+0000] {dagbag.py:545} INFO - Filling up the DagBag from /home/airflow/.local/lib/python3.10/site-packages/airflow/example_dags/example_skip_dag.py
[2025-05-09T16:14:28.642+0000] {processor.py:840} INFO - DAG(s) 'example_skip_dag' retrieved from /home/airflow/.local/lib/python3.10/site-packages/airflow/example_dags/example_skip_dag.py
[2025-05-09T16:14:28.665+0000] {logging_mixin.py:188} INFO - [2025-05-09T16:14:28.664+0000] {dag.py:3096} INFO - Sync 1 DAGs
[2025-05-09T16:14:28.683+0000] {logging_mixin.py:188} INFO - [2025-05-09T16:14:28.682+0000] {dag.py:3954} INFO - Setting next_dagrun for example_skip_dag to 2025-05-08 00:00:00+00:00, run_after=2025-05-09 00:00:00+00:00
[2025-05-09T16:14:28.709+0000] {processor.py:183} INFO - Processing /home/airflow/.local/lib/python3.10/site-packages/airflow/example_dags/example_skip_dag.py took 0.085 seconds
[2025-05-09T16:14:58.989+0000] {processor.py:161} INFO - Started process (PID=5435) to work on /home/airflow/.local/lib/python3.10/site-packages/airflow/example_dags/example_skip_dag.py
[2025-05-09T16:14:58.991+0000] {processor.py:830} INFO - Processing file /home/airflow/.local/lib/python3.10/site-packages/airflow/example_dags/example_skip_dag.py for tasks to queue
[2025-05-09T16:14:58.993+0000] {logging_mixin.py:188} INFO - [2025-05-09T16:14:58.993+0000] {dagbag.py:545} INFO - Filling up the DagBag from /home/airflow/.local/lib/python3.10/site-packages/airflow/example_dags/example_skip_dag.py
[2025-05-09T16:14:59.002+0000] {processor.py:840} INFO - DAG(s) 'example_skip_dag' retrieved from /home/airflow/.local/lib/python3.10/site-packages/airflow/example_dags/example_skip_dag.py
[2025-05-09T16:14:59.032+0000] {logging_mixin.py:188} INFO - [2025-05-09T16:14:59.032+0000] {dag.py:3096} INFO - Sync 1 DAGs
[2025-05-09T16:14:59.061+0000] {logging_mixin.py:188} INFO - [2025-05-09T16:14:59.060+0000] {dag.py:3954} INFO - Setting next_dagrun for example_skip_dag to 2025-05-08 00:00:00+00:00, run_after=2025-05-09 00:00:00+00:00
[2025-05-09T16:14:59.092+0000] {processor.py:183} INFO - Processing /home/airflow/.local/lib/python3.10/site-packages/airflow/example_dags/example_skip_dag.py took 0.113 seconds
[2025-05-09T16:15:29.819+0000] {processor.py:161} INFO - Started process (PID=5706) to work on /home/airflow/.local/lib/python3.10/site-packages/airflow/example_dags/example_skip_dag.py
[2025-05-09T16:15:29.821+0000] {processor.py:830} INFO - Processing file /home/airflow/.local/lib/python3.10/site-packages/airflow/example_dags/example_skip_dag.py for tasks to queue
[2025-05-09T16:15:29.823+0000] {logging_mixin.py:188} INFO - [2025-05-09T16:15:29.823+0000] {dagbag.py:545} INFO - Filling up the DagBag from /home/airflow/.local/lib/python3.10/site-packages/airflow/example_dags/example_skip_dag.py
[2025-05-09T16:15:29.831+0000] {processor.py:840} INFO - DAG(s) 'example_skip_dag' retrieved from /home/airflow/.local/lib/python3.10/site-packages/airflow/example_dags/example_skip_dag.py
[2025-05-09T16:15:29.855+0000] {logging_mixin.py:188} INFO - [2025-05-09T16:15:29.855+0000] {dag.py:3096} INFO - Sync 1 DAGs
[2025-05-09T16:15:29.882+0000] {logging_mixin.py:188} INFO - [2025-05-09T16:15:29.882+0000] {dag.py:3954} INFO - Setting next_dagrun for example_skip_dag to 2025-05-08 00:00:00+00:00, run_after=2025-05-09 00:00:00+00:00
[2025-05-09T16:15:29.906+0000] {processor.py:183} INFO - Processing /home/airflow/.local/lib/python3.10/site-packages/airflow/example_dags/example_skip_dag.py took 0.094 seconds
[2025-05-09T16:16:00.915+0000] {processor.py:161} INFO - Started process (PID=5988) to work on /home/airflow/.local/lib/python3.10/site-packages/airflow/example_dags/example_skip_dag.py
[2025-05-09T16:16:00.919+0000] {processor.py:830} INFO - Processing file /home/airflow/.local/lib/python3.10/site-packages/airflow/example_dags/example_skip_dag.py for tasks to queue
[2025-05-09T16:16:00.925+0000] {logging_mixin.py:188} INFO - [2025-05-09T16:16:00.924+0000] {dagbag.py:545} INFO - Filling up the DagBag from /home/airflow/.local/lib/python3.10/site-packages/airflow/example_dags/example_skip_dag.py
[2025-05-09T16:16:00.951+0000] {processor.py:840} INFO - DAG(s) 'example_skip_dag' retrieved from /home/airflow/.local/lib/python3.10/site-packages/airflow/example_dags/example_skip_dag.py
[2025-05-09T16:16:01.013+0000] {logging_mixin.py:188} INFO - [2025-05-09T16:16:01.013+0000] {dag.py:3096} INFO - Sync 1 DAGs
[2025-05-09T16:16:01.084+0000] {logging_mixin.py:188} INFO - [2025-05-09T16:16:01.084+0000] {dag.py:3954} INFO - Setting next_dagrun for example_skip_dag to 2025-05-08 00:00:00+00:00, run_after=2025-05-09 00:00:00+00:00
[2025-05-09T16:16:01.137+0000] {processor.py:183} INFO - Processing /home/airflow/.local/lib/python3.10/site-packages/airflow/example_dags/example_skip_dag.py took 0.241 seconds
[2025-05-09T16:16:31.468+0000] {processor.py:161} INFO - Started process (PID=6338) to work on /home/airflow/.local/lib/python3.10/site-packages/airflow/example_dags/example_skip_dag.py
[2025-05-09T16:16:31.471+0000] {processor.py:830} INFO - Processing file /home/airflow/.local/lib/python3.10/site-packages/airflow/example_dags/example_skip_dag.py for tasks to queue
[2025-05-09T16:16:31.474+0000] {logging_mixin.py:188} INFO - [2025-05-09T16:16:31.474+0000] {dagbag.py:545} INFO - Filling up the DagBag from /home/airflow/.local/lib/python3.10/site-packages/airflow/example_dags/example_skip_dag.py
[2025-05-09T16:16:31.482+0000] {processor.py:840} INFO - DAG(s) 'example_skip_dag' retrieved from /home/airflow/.local/lib/python3.10/site-packages/airflow/example_dags/example_skip_dag.py
[2025-05-09T16:16:31.509+0000] {logging_mixin.py:188} INFO - [2025-05-09T16:16:31.508+0000] {dag.py:3096} INFO - Sync 1 DAGs
[2025-05-09T16:16:31.531+0000] {logging_mixin.py:188} INFO - [2025-05-09T16:16:31.531+0000] {dag.py:3954} INFO - Setting next_dagrun for example_skip_dag to 2025-05-08 00:00:00+00:00, run_after=2025-05-09 00:00:00+00:00
[2025-05-09T16:16:31.556+0000] {processor.py:183} INFO - Processing /home/airflow/.local/lib/python3.10/site-packages/airflow/example_dags/example_skip_dag.py took 0.094 seconds
[2025-05-09T16:17:02.374+0000] {processor.py:161} INFO - Started process (PID=6627) to work on /home/airflow/.local/lib/python3.10/site-packages/airflow/example_dags/example_skip_dag.py
[2025-05-09T16:17:02.376+0000] {processor.py:830} INFO - Processing file /home/airflow/.local/lib/python3.10/site-packages/airflow/example_dags/example_skip_dag.py for tasks to queue
[2025-05-09T16:17:02.379+0000] {logging_mixin.py:188} INFO - [2025-05-09T16:17:02.379+0000] {dagbag.py:545} INFO - Filling up the DagBag from /home/airflow/.local/lib/python3.10/site-packages/airflow/example_dags/example_skip_dag.py
[2025-05-09T16:17:02.389+0000] {processor.py:840} INFO - DAG(s) 'example_skip_dag' retrieved from /home/airflow/.local/lib/python3.10/site-packages/airflow/example_dags/example_skip_dag.py
[2025-05-09T16:17:02.416+0000] {logging_mixin.py:188} INFO - [2025-05-09T16:17:02.415+0000] {dag.py:3096} INFO - Sync 1 DAGs
[2025-05-09T16:17:02.443+0000] {logging_mixin.py:188} INFO - [2025-05-09T16:17:02.443+0000] {dag.py:3954} INFO - Setting next_dagrun for example_skip_dag to 2025-05-08 00:00:00+00:00, run_after=2025-05-09 00:00:00+00:00
[2025-05-09T16:17:02.474+0000] {processor.py:183} INFO - Processing /home/airflow/.local/lib/python3.10/site-packages/airflow/example_dags/example_skip_dag.py took 0.107 seconds
[2025-05-09T16:17:32.719+0000] {processor.py:161} INFO - Started process (PID=6940) to work on /home/airflow/.local/lib/python3.10/site-packages/airflow/example_dags/example_skip_dag.py
[2025-05-09T16:17:32.720+0000] {processor.py:830} INFO - Processing file /home/airflow/.local/lib/python3.10/site-packages/airflow/example_dags/example_skip_dag.py for tasks to queue
[2025-05-09T16:17:32.723+0000] {logging_mixin.py:188} INFO - [2025-05-09T16:17:32.722+0000] {dagbag.py:545} INFO - Filling up the DagBag from /home/airflow/.local/lib/python3.10/site-packages/airflow/example_dags/example_skip_dag.py
[2025-05-09T16:17:32.730+0000] {processor.py:840} INFO - DAG(s) 'example_skip_dag' retrieved from /home/airflow/.local/lib/python3.10/site-packages/airflow/example_dags/example_skip_dag.py
[2025-05-09T16:17:32.758+0000] {logging_mixin.py:188} INFO - [2025-05-09T16:17:32.758+0000] {dag.py:3096} INFO - Sync 1 DAGs
[2025-05-09T16:17:32.785+0000] {logging_mixin.py:188} INFO - [2025-05-09T16:17:32.784+0000] {dag.py:3954} INFO - Setting next_dagrun for example_skip_dag to 2025-05-08 00:00:00+00:00, run_after=2025-05-09 00:00:00+00:00
[2025-05-09T16:17:32.808+0000] {processor.py:183} INFO - Processing /home/airflow/.local/lib/python3.10/site-packages/airflow/example_dags/example_skip_dag.py took 0.096 seconds
[2025-05-09T16:18:03.587+0000] {processor.py:161} INFO - Started process (PID=7208) to work on /home/airflow/.local/lib/python3.10/site-packages/airflow/example_dags/example_skip_dag.py
[2025-05-09T16:18:03.590+0000] {processor.py:830} INFO - Processing file /home/airflow/.local/lib/python3.10/site-packages/airflow/example_dags/example_skip_dag.py for tasks to queue
[2025-05-09T16:18:03.594+0000] {logging_mixin.py:188} INFO - [2025-05-09T16:18:03.593+0000] {dagbag.py:545} INFO - Filling up the DagBag from /home/airflow/.local/lib/python3.10/site-packages/airflow/example_dags/example_skip_dag.py
[2025-05-09T16:18:03.606+0000] {processor.py:840} INFO - DAG(s) 'example_skip_dag' retrieved from /home/airflow/.local/lib/python3.10/site-packages/airflow/example_dags/example_skip_dag.py
[2025-05-09T16:18:03.644+0000] {logging_mixin.py:188} INFO - [2025-05-09T16:18:03.643+0000] {dag.py:3096} INFO - Sync 1 DAGs
[2025-05-09T16:18:03.676+0000] {logging_mixin.py:188} INFO - [2025-05-09T16:18:03.676+0000] {dag.py:3954} INFO - Setting next_dagrun for example_skip_dag to 2025-05-08 00:00:00+00:00, run_after=2025-05-09 00:00:00+00:00
[2025-05-09T16:18:03.706+0000] {processor.py:183} INFO - Processing /home/airflow/.local/lib/python3.10/site-packages/airflow/example_dags/example_skip_dag.py took 0.130 seconds
[2025-05-09T16:18:33.952+0000] {processor.py:161} INFO - Started process (PID=7503) to work on /home/airflow/.local/lib/python3.10/site-packages/airflow/example_dags/example_skip_dag.py
[2025-05-09T16:18:33.954+0000] {processor.py:830} INFO - Processing file /home/airflow/.local/lib/python3.10/site-packages/airflow/example_dags/example_skip_dag.py for tasks to queue
[2025-05-09T16:18:33.957+0000] {logging_mixin.py:188} INFO - [2025-05-09T16:18:33.957+0000] {dagbag.py:545} INFO - Filling up the DagBag from /home/airflow/.local/lib/python3.10/site-packages/airflow/example_dags/example_skip_dag.py
[2025-05-09T16:18:33.968+0000] {processor.py:840} INFO - DAG(s) 'example_skip_dag' retrieved from /home/airflow/.local/lib/python3.10/site-packages/airflow/example_dags/example_skip_dag.py
[2025-05-09T16:18:34.007+0000] {logging_mixin.py:188} INFO - [2025-05-09T16:18:34.006+0000] {dag.py:3096} INFO - Sync 1 DAGs
[2025-05-09T16:18:34.038+0000] {logging_mixin.py:188} INFO - [2025-05-09T16:18:34.038+0000] {dag.py:3954} INFO - Setting next_dagrun for example_skip_dag to 2025-05-08 00:00:00+00:00, run_after=2025-05-09 00:00:00+00:00
[2025-05-09T16:18:34.075+0000] {processor.py:183} INFO - Processing /home/airflow/.local/lib/python3.10/site-packages/airflow/example_dags/example_skip_dag.py took 0.130 seconds
[2025-05-09T16:19:04.738+0000] {processor.py:161} INFO - Started process (PID=7775) to work on /home/airflow/.local/lib/python3.10/site-packages/airflow/example_dags/example_skip_dag.py
[2025-05-09T16:19:04.742+0000] {processor.py:830} INFO - Processing file /home/airflow/.local/lib/python3.10/site-packages/airflow/example_dags/example_skip_dag.py for tasks to queue
[2025-05-09T16:19:04.746+0000] {logging_mixin.py:188} INFO - [2025-05-09T16:19:04.745+0000] {dagbag.py:545} INFO - Filling up the DagBag from /home/airflow/.local/lib/python3.10/site-packages/airflow/example_dags/example_skip_dag.py
[2025-05-09T16:19:04.759+0000] {processor.py:840} INFO - DAG(s) 'example_skip_dag' retrieved from /home/airflow/.local/lib/python3.10/site-packages/airflow/example_dags/example_skip_dag.py
[2025-05-09T16:19:04.800+0000] {logging_mixin.py:188} INFO - [2025-05-09T16:19:04.800+0000] {dag.py:3096} INFO - Sync 1 DAGs
[2025-05-09T16:19:04.848+0000] {logging_mixin.py:188} INFO - [2025-05-09T16:19:04.847+0000] {dag.py:3954} INFO - Setting next_dagrun for example_skip_dag to 2025-05-08 00:00:00+00:00, run_after=2025-05-09 00:00:00+00:00
[2025-05-09T16:19:04.887+0000] {processor.py:183} INFO - Processing /home/airflow/.local/lib/python3.10/site-packages/airflow/example_dags/example_skip_dag.py took 0.162 seconds
[2025-05-09T16:19:35.275+0000] {processor.py:161} INFO - Started process (PID=8066) to work on /home/airflow/.local/lib/python3.10/site-packages/airflow/example_dags/example_skip_dag.py
[2025-05-09T16:19:35.277+0000] {processor.py:830} INFO - Processing file /home/airflow/.local/lib/python3.10/site-packages/airflow/example_dags/example_skip_dag.py for tasks to queue
[2025-05-09T16:19:35.280+0000] {logging_mixin.py:188} INFO - [2025-05-09T16:19:35.280+0000] {dagbag.py:545} INFO - Filling up the DagBag from /home/airflow/.local/lib/python3.10/site-packages/airflow/example_dags/example_skip_dag.py
[2025-05-09T16:19:35.289+0000] {processor.py:840} INFO - DAG(s) 'example_skip_dag' retrieved from /home/airflow/.local/lib/python3.10/site-packages/airflow/example_dags/example_skip_dag.py
[2025-05-09T16:19:35.320+0000] {logging_mixin.py:188} INFO - [2025-05-09T16:19:35.320+0000] {dag.py:3096} INFO - Sync 1 DAGs
[2025-05-09T16:19:35.347+0000] {logging_mixin.py:188} INFO - [2025-05-09T16:19:35.346+0000] {dag.py:3954} INFO - Setting next_dagrun for example_skip_dag to 2025-05-08 00:00:00+00:00, run_after=2025-05-09 00:00:00+00:00
[2025-05-09T16:19:35.371+0000] {processor.py:183} INFO - Processing /home/airflow/.local/lib/python3.10/site-packages/airflow/example_dags/example_skip_dag.py took 0.104 seconds
[2025-05-09T16:20:06.069+0000] {processor.py:161} INFO - Started process (PID=8358) to work on /home/airflow/.local/lib/python3.10/site-packages/airflow/example_dags/example_skip_dag.py
[2025-05-09T16:20:06.071+0000] {processor.py:830} INFO - Processing file /home/airflow/.local/lib/python3.10/site-packages/airflow/example_dags/example_skip_dag.py for tasks to queue
[2025-05-09T16:20:06.074+0000] {logging_mixin.py:188} INFO - [2025-05-09T16:20:06.073+0000] {dagbag.py:545} INFO - Filling up the DagBag from /home/airflow/.local/lib/python3.10/site-packages/airflow/example_dags/example_skip_dag.py
[2025-05-09T16:20:06.084+0000] {processor.py:840} INFO - DAG(s) 'example_skip_dag' retrieved from /home/airflow/.local/lib/python3.10/site-packages/airflow/example_dags/example_skip_dag.py
[2025-05-09T16:20:06.112+0000] {logging_mixin.py:188} INFO - [2025-05-09T16:20:06.112+0000] {dag.py:3096} INFO - Sync 1 DAGs
[2025-05-09T16:20:06.138+0000] {logging_mixin.py:188} INFO - [2025-05-09T16:20:06.137+0000] {dag.py:3954} INFO - Setting next_dagrun for example_skip_dag to 2025-05-08 00:00:00+00:00, run_after=2025-05-09 00:00:00+00:00
[2025-05-09T16:20:06.165+0000] {processor.py:183} INFO - Processing /home/airflow/.local/lib/python3.10/site-packages/airflow/example_dags/example_skip_dag.py took 0.104 seconds
[2025-05-09T16:20:36.771+0000] {processor.py:161} INFO - Started process (PID=8647) to work on /home/airflow/.local/lib/python3.10/site-packages/airflow/example_dags/example_skip_dag.py
[2025-05-09T16:20:36.772+0000] {processor.py:830} INFO - Processing file /home/airflow/.local/lib/python3.10/site-packages/airflow/example_dags/example_skip_dag.py for tasks to queue
[2025-05-09T16:20:36.774+0000] {logging_mixin.py:188} INFO - [2025-05-09T16:20:36.774+0000] {dagbag.py:545} INFO - Filling up the DagBag from /home/airflow/.local/lib/python3.10/site-packages/airflow/example_dags/example_skip_dag.py
[2025-05-09T16:20:36.780+0000] {processor.py:840} INFO - DAG(s) 'example_skip_dag' retrieved from /home/airflow/.local/lib/python3.10/site-packages/airflow/example_dags/example_skip_dag.py
[2025-05-09T16:20:36.804+0000] {logging_mixin.py:188} INFO - [2025-05-09T16:20:36.804+0000] {dag.py:3096} INFO - Sync 1 DAGs
[2025-05-09T16:20:36.826+0000] {logging_mixin.py:188} INFO - [2025-05-09T16:20:36.826+0000] {dag.py:3954} INFO - Setting next_dagrun for example_skip_dag to 2025-05-08 00:00:00+00:00, run_after=2025-05-09 00:00:00+00:00
[2025-05-09T16:20:36.853+0000] {processor.py:183} INFO - Processing /home/airflow/.local/lib/python3.10/site-packages/airflow/example_dags/example_skip_dag.py took 0.088 seconds
[2025-05-09T16:21:07.690+0000] {processor.py:161} INFO - Started process (PID=8938) to work on /home/airflow/.local/lib/python3.10/site-packages/airflow/example_dags/example_skip_dag.py
[2025-05-09T16:21:07.696+0000] {processor.py:830} INFO - Processing file /home/airflow/.local/lib/python3.10/site-packages/airflow/example_dags/example_skip_dag.py for tasks to queue
[2025-05-09T16:21:07.700+0000] {logging_mixin.py:188} INFO - [2025-05-09T16:21:07.700+0000] {dagbag.py:545} INFO - Filling up the DagBag from /home/airflow/.local/lib/python3.10/site-packages/airflow/example_dags/example_skip_dag.py
[2025-05-09T16:21:07.713+0000] {processor.py:840} INFO - DAG(s) 'example_skip_dag' retrieved from /home/airflow/.local/lib/python3.10/site-packages/airflow/example_dags/example_skip_dag.py
[2025-05-09T16:21:07.750+0000] {logging_mixin.py:188} INFO - [2025-05-09T16:21:07.750+0000] {dag.py:3096} INFO - Sync 1 DAGs
[2025-05-09T16:21:07.782+0000] {logging_mixin.py:188} INFO - [2025-05-09T16:21:07.782+0000] {dag.py:3954} INFO - Setting next_dagrun for example_skip_dag to 2025-05-08 00:00:00+00:00, run_after=2025-05-09 00:00:00+00:00
[2025-05-09T16:21:07.815+0000] {processor.py:183} INFO - Processing /home/airflow/.local/lib/python3.10/site-packages/airflow/example_dags/example_skip_dag.py took 0.135 seconds
[2025-05-09T16:21:37.980+0000] {processor.py:161} INFO - Started process (PID=9279) to work on /home/airflow/.local/lib/python3.10/site-packages/airflow/example_dags/example_skip_dag.py
[2025-05-09T16:21:37.984+0000] {processor.py:830} INFO - Processing file /home/airflow/.local/lib/python3.10/site-packages/airflow/example_dags/example_skip_dag.py for tasks to queue
[2025-05-09T16:21:37.987+0000] {logging_mixin.py:188} INFO - [2025-05-09T16:21:37.987+0000] {dagbag.py:545} INFO - Filling up the DagBag from /home/airflow/.local/lib/python3.10/site-packages/airflow/example_dags/example_skip_dag.py
[2025-05-09T16:21:37.998+0000] {processor.py:840} INFO - DAG(s) 'example_skip_dag' retrieved from /home/airflow/.local/lib/python3.10/site-packages/airflow/example_dags/example_skip_dag.py
[2025-05-09T16:21:38.038+0000] {logging_mixin.py:188} INFO - [2025-05-09T16:21:38.038+0000] {dag.py:3096} INFO - Sync 1 DAGs
[2025-05-09T16:21:38.066+0000] {logging_mixin.py:188} INFO - [2025-05-09T16:21:38.066+0000] {dag.py:3954} INFO - Setting next_dagrun for example_skip_dag to 2025-05-08 00:00:00+00:00, run_after=2025-05-09 00:00:00+00:00
[2025-05-09T16:21:38.090+0000] {processor.py:183} INFO - Processing /home/airflow/.local/lib/python3.10/site-packages/airflow/example_dags/example_skip_dag.py took 0.125 seconds
[2025-05-09T16:22:08.494+0000] {processor.py:161} INFO - Started process (PID=9596) to work on /home/airflow/.local/lib/python3.10/site-packages/airflow/example_dags/example_skip_dag.py
[2025-05-09T16:22:08.496+0000] {processor.py:830} INFO - Processing file /home/airflow/.local/lib/python3.10/site-packages/airflow/example_dags/example_skip_dag.py for tasks to queue
[2025-05-09T16:22:08.499+0000] {logging_mixin.py:188} INFO - [2025-05-09T16:22:08.499+0000] {dagbag.py:545} INFO - Filling up the DagBag from /home/airflow/.local/lib/python3.10/site-packages/airflow/example_dags/example_skip_dag.py
[2025-05-09T16:22:08.509+0000] {processor.py:840} INFO - DAG(s) 'example_skip_dag' retrieved from /home/airflow/.local/lib/python3.10/site-packages/airflow/example_dags/example_skip_dag.py
[2025-05-09T16:22:08.541+0000] {logging_mixin.py:188} INFO - [2025-05-09T16:22:08.541+0000] {dag.py:3096} INFO - Sync 1 DAGs
[2025-05-09T16:22:08.566+0000] {logging_mixin.py:188} INFO - [2025-05-09T16:22:08.566+0000] {dag.py:3954} INFO - Setting next_dagrun for example_skip_dag to 2025-05-08 00:00:00+00:00, run_after=2025-05-09 00:00:00+00:00
[2025-05-09T16:22:08.600+0000] {processor.py:183} INFO - Processing /home/airflow/.local/lib/python3.10/site-packages/airflow/example_dags/example_skip_dag.py took 0.113 seconds
[2025-05-09T16:22:39.016+0000] {processor.py:161} INFO - Started process (PID=9884) to work on /home/airflow/.local/lib/python3.10/site-packages/airflow/example_dags/example_skip_dag.py
[2025-05-09T16:22:39.018+0000] {processor.py:830} INFO - Processing file /home/airflow/.local/lib/python3.10/site-packages/airflow/example_dags/example_skip_dag.py for tasks to queue
[2025-05-09T16:22:39.021+0000] {logging_mixin.py:188} INFO - [2025-05-09T16:22:39.020+0000] {dagbag.py:545} INFO - Filling up the DagBag from /home/airflow/.local/lib/python3.10/site-packages/airflow/example_dags/example_skip_dag.py
[2025-05-09T16:22:39.027+0000] {processor.py:840} INFO - DAG(s) 'example_skip_dag' retrieved from /home/airflow/.local/lib/python3.10/site-packages/airflow/example_dags/example_skip_dag.py
[2025-05-09T16:22:39.050+0000] {logging_mixin.py:188} INFO - [2025-05-09T16:22:39.050+0000] {dag.py:3096} INFO - Sync 1 DAGs
[2025-05-09T16:22:39.070+0000] {logging_mixin.py:188} INFO - [2025-05-09T16:22:39.070+0000] {dag.py:3954} INFO - Setting next_dagrun for example_skip_dag to 2025-05-08 00:00:00+00:00, run_after=2025-05-09 00:00:00+00:00
[2025-05-09T16:22:39.096+0000] {processor.py:183} INFO - Processing /home/airflow/.local/lib/python3.10/site-packages/airflow/example_dags/example_skip_dag.py took 0.087 seconds
[2025-05-09T16:23:10.147+0000] {processor.py:161} INFO - Started process (PID=10183) to work on /home/airflow/.local/lib/python3.10/site-packages/airflow/example_dags/example_skip_dag.py
[2025-05-09T16:23:10.149+0000] {processor.py:830} INFO - Processing file /home/airflow/.local/lib/python3.10/site-packages/airflow/example_dags/example_skip_dag.py for tasks to queue
[2025-05-09T16:23:10.153+0000] {logging_mixin.py:188} INFO - [2025-05-09T16:23:10.152+0000] {dagbag.py:545} INFO - Filling up the DagBag from /home/airflow/.local/lib/python3.10/site-packages/airflow/example_dags/example_skip_dag.py
[2025-05-09T16:23:10.164+0000] {processor.py:840} INFO - DAG(s) 'example_skip_dag' retrieved from /home/airflow/.local/lib/python3.10/site-packages/airflow/example_dags/example_skip_dag.py
[2025-05-09T16:23:10.197+0000] {logging_mixin.py:188} INFO - [2025-05-09T16:23:10.196+0000] {dag.py:3096} INFO - Sync 1 DAGs
[2025-05-09T16:23:10.227+0000] {logging_mixin.py:188} INFO - [2025-05-09T16:23:10.227+0000] {dag.py:3954} INFO - Setting next_dagrun for example_skip_dag to 2025-05-08 00:00:00+00:00, run_after=2025-05-09 00:00:00+00:00
[2025-05-09T16:23:10.256+0000] {processor.py:183} INFO - Processing /home/airflow/.local/lib/python3.10/site-packages/airflow/example_dags/example_skip_dag.py took 0.116 seconds
[2025-05-09T16:23:40.518+0000] {processor.py:161} INFO - Started process (PID=10459) to work on /home/airflow/.local/lib/python3.10/site-packages/airflow/example_dags/example_skip_dag.py
[2025-05-09T16:23:40.520+0000] {processor.py:830} INFO - Processing file /home/airflow/.local/lib/python3.10/site-packages/airflow/example_dags/example_skip_dag.py for tasks to queue
[2025-05-09T16:23:40.522+0000] {logging_mixin.py:188} INFO - [2025-05-09T16:23:40.522+0000] {dagbag.py:545} INFO - Filling up the DagBag from /home/airflow/.local/lib/python3.10/site-packages/airflow/example_dags/example_skip_dag.py
[2025-05-09T16:23:40.530+0000] {processor.py:840} INFO - DAG(s) 'example_skip_dag' retrieved from /home/airflow/.local/lib/python3.10/site-packages/airflow/example_dags/example_skip_dag.py
[2025-05-09T16:23:40.553+0000] {logging_mixin.py:188} INFO - [2025-05-09T16:23:40.553+0000] {dag.py:3096} INFO - Sync 1 DAGs
[2025-05-09T16:23:40.575+0000] {logging_mixin.py:188} INFO - [2025-05-09T16:23:40.575+0000] {dag.py:3954} INFO - Setting next_dagrun for example_skip_dag to 2025-05-08 00:00:00+00:00, run_after=2025-05-09 00:00:00+00:00
[2025-05-09T16:23:40.597+0000] {processor.py:183} INFO - Processing /home/airflow/.local/lib/python3.10/site-packages/airflow/example_dags/example_skip_dag.py took 0.085 seconds
[2025-05-09T16:24:11.305+0000] {processor.py:161} INFO - Started process (PID=10772) to work on /home/airflow/.local/lib/python3.10/site-packages/airflow/example_dags/example_skip_dag.py
[2025-05-09T16:24:11.306+0000] {processor.py:830} INFO - Processing file /home/airflow/.local/lib/python3.10/site-packages/airflow/example_dags/example_skip_dag.py for tasks to queue
[2025-05-09T16:24:11.309+0000] {logging_mixin.py:188} INFO - [2025-05-09T16:24:11.308+0000] {dagbag.py:545} INFO - Filling up the DagBag from /home/airflow/.local/lib/python3.10/site-packages/airflow/example_dags/example_skip_dag.py
[2025-05-09T16:24:11.315+0000] {processor.py:840} INFO - DAG(s) 'example_skip_dag' retrieved from /home/airflow/.local/lib/python3.10/site-packages/airflow/example_dags/example_skip_dag.py
[2025-05-09T16:24:11.341+0000] {logging_mixin.py:188} INFO - [2025-05-09T16:24:11.341+0000] {dag.py:3096} INFO - Sync 1 DAGs
[2025-05-09T16:24:11.366+0000] {logging_mixin.py:188} INFO - [2025-05-09T16:24:11.366+0000] {dag.py:3954} INFO - Setting next_dagrun for example_skip_dag to 2025-05-08 00:00:00+00:00, run_after=2025-05-09 00:00:00+00:00
[2025-05-09T16:24:11.405+0000] {processor.py:183} INFO - Processing /home/airflow/.local/lib/python3.10/site-packages/airflow/example_dags/example_skip_dag.py took 0.107 seconds
[2025-05-09T16:24:41.658+0000] {processor.py:161} INFO - Started process (PID=11046) to work on /home/airflow/.local/lib/python3.10/site-packages/airflow/example_dags/example_skip_dag.py
[2025-05-09T16:24:41.659+0000] {processor.py:830} INFO - Processing file /home/airflow/.local/lib/python3.10/site-packages/airflow/example_dags/example_skip_dag.py for tasks to queue
[2025-05-09T16:24:41.661+0000] {logging_mixin.py:188} INFO - [2025-05-09T16:24:41.661+0000] {dagbag.py:545} INFO - Filling up the DagBag from /home/airflow/.local/lib/python3.10/site-packages/airflow/example_dags/example_skip_dag.py
[2025-05-09T16:24:41.667+0000] {processor.py:840} INFO - DAG(s) 'example_skip_dag' retrieved from /home/airflow/.local/lib/python3.10/site-packages/airflow/example_dags/example_skip_dag.py
[2025-05-09T16:24:41.692+0000] {logging_mixin.py:188} INFO - [2025-05-09T16:24:41.692+0000] {dag.py:3096} INFO - Sync 1 DAGs
[2025-05-09T16:24:41.715+0000] {logging_mixin.py:188} INFO - [2025-05-09T16:24:41.715+0000] {dag.py:3954} INFO - Setting next_dagrun for example_skip_dag to 2025-05-08 00:00:00+00:00, run_after=2025-05-09 00:00:00+00:00
[2025-05-09T16:24:41.741+0000] {processor.py:183} INFO - Processing /home/airflow/.local/lib/python3.10/site-packages/airflow/example_dags/example_skip_dag.py took 0.091 seconds
[2025-05-09T16:25:11.859+0000] {processor.py:161} INFO - Started process (PID=11401) to work on /home/airflow/.local/lib/python3.10/site-packages/airflow/example_dags/example_skip_dag.py
[2025-05-09T16:25:11.861+0000] {processor.py:830} INFO - Processing file /home/airflow/.local/lib/python3.10/site-packages/airflow/example_dags/example_skip_dag.py for tasks to queue
[2025-05-09T16:25:11.863+0000] {logging_mixin.py:188} INFO - [2025-05-09T16:25:11.863+0000] {dagbag.py:545} INFO - Filling up the DagBag from /home/airflow/.local/lib/python3.10/site-packages/airflow/example_dags/example_skip_dag.py
[2025-05-09T16:25:11.870+0000] {processor.py:840} INFO - DAG(s) 'example_skip_dag' retrieved from /home/airflow/.local/lib/python3.10/site-packages/airflow/example_dags/example_skip_dag.py
[2025-05-09T16:25:11.902+0000] {logging_mixin.py:188} INFO - [2025-05-09T16:25:11.901+0000] {dag.py:3096} INFO - Sync 1 DAGs
[2025-05-09T16:25:11.928+0000] {logging_mixin.py:188} INFO - [2025-05-09T16:25:11.927+0000] {dag.py:3954} INFO - Setting next_dagrun for example_skip_dag to 2025-05-08 00:00:00+00:00, run_after=2025-05-09 00:00:00+00:00
[2025-05-09T16:25:11.961+0000] {processor.py:183} INFO - Processing /home/airflow/.local/lib/python3.10/site-packages/airflow/example_dags/example_skip_dag.py took 0.110 seconds
[2025-05-09T16:25:42.595+0000] {processor.py:161} INFO - Started process (PID=11669) to work on /home/airflow/.local/lib/python3.10/site-packages/airflow/example_dags/example_skip_dag.py
[2025-05-09T16:25:42.596+0000] {processor.py:830} INFO - Processing file /home/airflow/.local/lib/python3.10/site-packages/airflow/example_dags/example_skip_dag.py for tasks to queue
[2025-05-09T16:25:42.599+0000] {logging_mixin.py:188} INFO - [2025-05-09T16:25:42.599+0000] {dagbag.py:545} INFO - Filling up the DagBag from /home/airflow/.local/lib/python3.10/site-packages/airflow/example_dags/example_skip_dag.py
[2025-05-09T16:25:42.605+0000] {processor.py:840} INFO - DAG(s) 'example_skip_dag' retrieved from /home/airflow/.local/lib/python3.10/site-packages/airflow/example_dags/example_skip_dag.py
[2025-05-09T16:25:42.628+0000] {logging_mixin.py:188} INFO - [2025-05-09T16:25:42.627+0000] {dag.py:3096} INFO - Sync 1 DAGs
[2025-05-09T16:25:42.649+0000] {logging_mixin.py:188} INFO - [2025-05-09T16:25:42.649+0000] {dag.py:3954} INFO - Setting next_dagrun for example_skip_dag to 2025-05-08 00:00:00+00:00, run_after=2025-05-09 00:00:00+00:00
[2025-05-09T16:25:42.672+0000] {processor.py:183} INFO - Processing /home/airflow/.local/lib/python3.10/site-packages/airflow/example_dags/example_skip_dag.py took 0.083 seconds
[2025-05-09T16:26:12.885+0000] {processor.py:161} INFO - Started process (PID=11989) to work on /home/airflow/.local/lib/python3.10/site-packages/airflow/example_dags/example_skip_dag.py
[2025-05-09T16:26:12.887+0000] {processor.py:830} INFO - Processing file /home/airflow/.local/lib/python3.10/site-packages/airflow/example_dags/example_skip_dag.py for tasks to queue
[2025-05-09T16:26:12.891+0000] {logging_mixin.py:188} INFO - [2025-05-09T16:26:12.890+0000] {dagbag.py:545} INFO - Filling up the DagBag from /home/airflow/.local/lib/python3.10/site-packages/airflow/example_dags/example_skip_dag.py
[2025-05-09T16:26:12.897+0000] {processor.py:840} INFO - DAG(s) 'example_skip_dag' retrieved from /home/airflow/.local/lib/python3.10/site-packages/airflow/example_dags/example_skip_dag.py
[2025-05-09T16:26:12.923+0000] {logging_mixin.py:188} INFO - [2025-05-09T16:26:12.923+0000] {dag.py:3096} INFO - Sync 1 DAGs
[2025-05-09T16:26:12.946+0000] {logging_mixin.py:188} INFO - [2025-05-09T16:26:12.946+0000] {dag.py:3954} INFO - Setting next_dagrun for example_skip_dag to 2025-05-08 00:00:00+00:00, run_after=2025-05-09 00:00:00+00:00
[2025-05-09T16:26:12.977+0000] {processor.py:183} INFO - Processing /home/airflow/.local/lib/python3.10/site-packages/airflow/example_dags/example_skip_dag.py took 0.098 seconds
[2025-05-09T16:26:43.529+0000] {processor.py:161} INFO - Started process (PID=12271) to work on /home/airflow/.local/lib/python3.10/site-packages/airflow/example_dags/example_skip_dag.py
[2025-05-09T16:26:43.530+0000] {processor.py:830} INFO - Processing file /home/airflow/.local/lib/python3.10/site-packages/airflow/example_dags/example_skip_dag.py for tasks to queue
[2025-05-09T16:26:43.533+0000] {logging_mixin.py:188} INFO - [2025-05-09T16:26:43.533+0000] {dagbag.py:545} INFO - Filling up the DagBag from /home/airflow/.local/lib/python3.10/site-packages/airflow/example_dags/example_skip_dag.py
[2025-05-09T16:26:43.542+0000] {processor.py:840} INFO - DAG(s) 'example_skip_dag' retrieved from /home/airflow/.local/lib/python3.10/site-packages/airflow/example_dags/example_skip_dag.py
[2025-05-09T16:26:43.565+0000] {logging_mixin.py:188} INFO - [2025-05-09T16:26:43.565+0000] {dag.py:3096} INFO - Sync 1 DAGs
[2025-05-09T16:26:43.590+0000] {logging_mixin.py:188} INFO - [2025-05-09T16:26:43.590+0000] {dag.py:3954} INFO - Setting next_dagrun for example_skip_dag to 2025-05-08 00:00:00+00:00, run_after=2025-05-09 00:00:00+00:00
[2025-05-09T16:26:43.613+0000] {processor.py:183} INFO - Processing /home/airflow/.local/lib/python3.10/site-packages/airflow/example_dags/example_skip_dag.py took 0.090 seconds
[2025-05-09T16:27:14.174+0000] {processor.py:161} INFO - Started process (PID=12590) to work on /home/airflow/.local/lib/python3.10/site-packages/airflow/example_dags/example_skip_dag.py
[2025-05-09T16:27:14.176+0000] {processor.py:830} INFO - Processing file /home/airflow/.local/lib/python3.10/site-packages/airflow/example_dags/example_skip_dag.py for tasks to queue
[2025-05-09T16:27:14.180+0000] {logging_mixin.py:188} INFO - [2025-05-09T16:27:14.180+0000] {dagbag.py:545} INFO - Filling up the DagBag from /home/airflow/.local/lib/python3.10/site-packages/airflow/example_dags/example_skip_dag.py
[2025-05-09T16:27:14.191+0000] {processor.py:840} INFO - DAG(s) 'example_skip_dag' retrieved from /home/airflow/.local/lib/python3.10/site-packages/airflow/example_dags/example_skip_dag.py
[2025-05-09T16:27:14.226+0000] {logging_mixin.py:188} INFO - [2025-05-09T16:27:14.226+0000] {dag.py:3096} INFO - Sync 1 DAGs
[2025-05-09T16:27:14.263+0000] {logging_mixin.py:188} INFO - [2025-05-09T16:27:14.262+0000] {dag.py:3954} INFO - Setting next_dagrun for example_skip_dag to 2025-05-08 00:00:00+00:00, run_after=2025-05-09 00:00:00+00:00
[2025-05-09T16:27:14.297+0000] {processor.py:183} INFO - Processing /home/airflow/.local/lib/python3.10/site-packages/airflow/example_dags/example_skip_dag.py took 0.136 seconds
[2025-05-09T16:27:44.574+0000] {processor.py:161} INFO - Started process (PID=12852) to work on /home/airflow/.local/lib/python3.10/site-packages/airflow/example_dags/example_skip_dag.py
[2025-05-09T16:27:44.575+0000] {processor.py:830} INFO - Processing file /home/airflow/.local/lib/python3.10/site-packages/airflow/example_dags/example_skip_dag.py for tasks to queue
[2025-05-09T16:27:44.578+0000] {logging_mixin.py:188} INFO - [2025-05-09T16:27:44.578+0000] {dagbag.py:545} INFO - Filling up the DagBag from /home/airflow/.local/lib/python3.10/site-packages/airflow/example_dags/example_skip_dag.py
[2025-05-09T16:27:44.586+0000] {processor.py:840} INFO - DAG(s) 'example_skip_dag' retrieved from /home/airflow/.local/lib/python3.10/site-packages/airflow/example_dags/example_skip_dag.py
[2025-05-09T16:27:44.613+0000] {logging_mixin.py:188} INFO - [2025-05-09T16:27:44.612+0000] {dag.py:3096} INFO - Sync 1 DAGs
[2025-05-09T16:27:44.635+0000] {logging_mixin.py:188} INFO - [2025-05-09T16:27:44.635+0000] {dag.py:3954} INFO - Setting next_dagrun for example_skip_dag to 2025-05-08 00:00:00+00:00, run_after=2025-05-09 00:00:00+00:00
[2025-05-09T16:27:44.658+0000] {processor.py:183} INFO - Processing /home/airflow/.local/lib/python3.10/site-packages/airflow/example_dags/example_skip_dag.py took 0.090 seconds
[2025-05-09T16:28:14.810+0000] {processor.py:161} INFO - Started process (PID=13150) to work on /home/airflow/.local/lib/python3.10/site-packages/airflow/example_dags/example_skip_dag.py
[2025-05-09T16:28:14.812+0000] {processor.py:830} INFO - Processing file /home/airflow/.local/lib/python3.10/site-packages/airflow/example_dags/example_skip_dag.py for tasks to queue
[2025-05-09T16:28:14.816+0000] {logging_mixin.py:188} INFO - [2025-05-09T16:28:14.815+0000] {dagbag.py:545} INFO - Filling up the DagBag from /home/airflow/.local/lib/python3.10/site-packages/airflow/example_dags/example_skip_dag.py
[2025-05-09T16:28:14.826+0000] {processor.py:840} INFO - DAG(s) 'example_skip_dag' retrieved from /home/airflow/.local/lib/python3.10/site-packages/airflow/example_dags/example_skip_dag.py
[2025-05-09T16:28:14.861+0000] {logging_mixin.py:188} INFO - [2025-05-09T16:28:14.861+0000] {dag.py:3096} INFO - Sync 1 DAGs
[2025-05-09T16:28:14.897+0000] {logging_mixin.py:188} INFO - [2025-05-09T16:28:14.897+0000] {dag.py:3954} INFO - Setting next_dagrun for example_skip_dag to 2025-05-08 00:00:00+00:00, run_after=2025-05-09 00:00:00+00:00
[2025-05-09T16:28:14.933+0000] {processor.py:183} INFO - Processing /home/airflow/.local/lib/python3.10/site-packages/airflow/example_dags/example_skip_dag.py took 0.131 seconds
[2025-05-09T16:28:45.892+0000] {processor.py:161} INFO - Started process (PID=13412) to work on /home/airflow/.local/lib/python3.10/site-packages/airflow/example_dags/example_skip_dag.py
[2025-05-09T16:28:45.893+0000] {processor.py:830} INFO - Processing file /home/airflow/.local/lib/python3.10/site-packages/airflow/example_dags/example_skip_dag.py for tasks to queue
[2025-05-09T16:28:45.896+0000] {logging_mixin.py:188} INFO - [2025-05-09T16:28:45.896+0000] {dagbag.py:545} INFO - Filling up the DagBag from /home/airflow/.local/lib/python3.10/site-packages/airflow/example_dags/example_skip_dag.py
[2025-05-09T16:28:45.905+0000] {processor.py:840} INFO - DAG(s) 'example_skip_dag' retrieved from /home/airflow/.local/lib/python3.10/site-packages/airflow/example_dags/example_skip_dag.py
[2025-05-09T16:28:45.932+0000] {logging_mixin.py:188} INFO - [2025-05-09T16:28:45.932+0000] {dag.py:3096} INFO - Sync 1 DAGs
[2025-05-09T16:28:45.957+0000] {logging_mixin.py:188} INFO - [2025-05-09T16:28:45.956+0000] {dag.py:3954} INFO - Setting next_dagrun for example_skip_dag to 2025-05-08 00:00:00+00:00, run_after=2025-05-09 00:00:00+00:00
[2025-05-09T16:28:45.981+0000] {processor.py:183} INFO - Processing /home/airflow/.local/lib/python3.10/site-packages/airflow/example_dags/example_skip_dag.py took 0.101 seconds
[2025-05-09T16:29:16.312+0000] {processor.py:161} INFO - Started process (PID=13751) to work on /home/airflow/.local/lib/python3.10/site-packages/airflow/example_dags/example_skip_dag.py
[2025-05-09T16:29:16.314+0000] {processor.py:830} INFO - Processing file /home/airflow/.local/lib/python3.10/site-packages/airflow/example_dags/example_skip_dag.py for tasks to queue
[2025-05-09T16:29:16.316+0000] {logging_mixin.py:188} INFO - [2025-05-09T16:29:16.315+0000] {dagbag.py:545} INFO - Filling up the DagBag from /home/airflow/.local/lib/python3.10/site-packages/airflow/example_dags/example_skip_dag.py
[2025-05-09T16:29:16.322+0000] {processor.py:840} INFO - DAG(s) 'example_skip_dag' retrieved from /home/airflow/.local/lib/python3.10/site-packages/airflow/example_dags/example_skip_dag.py
[2025-05-09T16:29:16.343+0000] {logging_mixin.py:188} INFO - [2025-05-09T16:29:16.342+0000] {dag.py:3096} INFO - Sync 1 DAGs
[2025-05-09T16:29:16.362+0000] {logging_mixin.py:188} INFO - [2025-05-09T16:29:16.361+0000] {dag.py:3954} INFO - Setting next_dagrun for example_skip_dag to 2025-05-08 00:00:00+00:00, run_after=2025-05-09 00:00:00+00:00
[2025-05-09T16:29:16.386+0000] {processor.py:183} INFO - Processing /home/airflow/.local/lib/python3.10/site-packages/airflow/example_dags/example_skip_dag.py took 0.080 seconds
[2025-05-09T16:29:46.674+0000] {processor.py:161} INFO - Started process (PID=14011) to work on /home/airflow/.local/lib/python3.10/site-packages/airflow/example_dags/example_skip_dag.py
[2025-05-09T16:29:46.675+0000] {processor.py:830} INFO - Processing file /home/airflow/.local/lib/python3.10/site-packages/airflow/example_dags/example_skip_dag.py for tasks to queue
[2025-05-09T16:29:46.678+0000] {logging_mixin.py:188} INFO - [2025-05-09T16:29:46.677+0000] {dagbag.py:545} INFO - Filling up the DagBag from /home/airflow/.local/lib/python3.10/site-packages/airflow/example_dags/example_skip_dag.py
[2025-05-09T16:29:46.684+0000] {processor.py:840} INFO - DAG(s) 'example_skip_dag' retrieved from /home/airflow/.local/lib/python3.10/site-packages/airflow/example_dags/example_skip_dag.py
[2025-05-09T16:29:46.716+0000] {logging_mixin.py:188} INFO - [2025-05-09T16:29:46.715+0000] {dag.py:3096} INFO - Sync 1 DAGs
[2025-05-09T16:29:46.738+0000] {logging_mixin.py:188} INFO - [2025-05-09T16:29:46.737+0000] {dag.py:3954} INFO - Setting next_dagrun for example_skip_dag to 2025-05-08 00:00:00+00:00, run_after=2025-05-09 00:00:00+00:00
[2025-05-09T16:29:46.763+0000] {processor.py:183} INFO - Processing /home/airflow/.local/lib/python3.10/site-packages/airflow/example_dags/example_skip_dag.py took 0.095 seconds
[2025-05-09T16:30:17.228+0000] {processor.py:161} INFO - Started process (PID=14324) to work on /home/airflow/.local/lib/python3.10/site-packages/airflow/example_dags/example_skip_dag.py
[2025-05-09T16:30:17.229+0000] {processor.py:830} INFO - Processing file /home/airflow/.local/lib/python3.10/site-packages/airflow/example_dags/example_skip_dag.py for tasks to queue
[2025-05-09T16:30:17.232+0000] {logging_mixin.py:188} INFO - [2025-05-09T16:30:17.231+0000] {dagbag.py:545} INFO - Filling up the DagBag from /home/airflow/.local/lib/python3.10/site-packages/airflow/example_dags/example_skip_dag.py
[2025-05-09T16:30:17.239+0000] {processor.py:840} INFO - DAG(s) 'example_skip_dag' retrieved from /home/airflow/.local/lib/python3.10/site-packages/airflow/example_dags/example_skip_dag.py
[2025-05-09T16:30:17.270+0000] {logging_mixin.py:188} INFO - [2025-05-09T16:30:17.269+0000] {dag.py:3096} INFO - Sync 1 DAGs
[2025-05-09T16:30:17.296+0000] {logging_mixin.py:188} INFO - [2025-05-09T16:30:17.296+0000] {dag.py:3954} INFO - Setting next_dagrun for example_skip_dag to 2025-05-08 00:00:00+00:00, run_after=2025-05-09 00:00:00+00:00
[2025-05-09T16:30:17.323+0000] {processor.py:183} INFO - Processing /home/airflow/.local/lib/python3.10/site-packages/airflow/example_dags/example_skip_dag.py took 0.101 seconds
[2025-05-09T16:30:47.631+0000] {processor.py:161} INFO - Started process (PID=14586) to work on /home/airflow/.local/lib/python3.10/site-packages/airflow/example_dags/example_skip_dag.py
[2025-05-09T16:30:47.633+0000] {processor.py:830} INFO - Processing file /home/airflow/.local/lib/python3.10/site-packages/airflow/example_dags/example_skip_dag.py for tasks to queue
[2025-05-09T16:30:47.635+0000] {logging_mixin.py:188} INFO - [2025-05-09T16:30:47.635+0000] {dagbag.py:545} INFO - Filling up the DagBag from /home/airflow/.local/lib/python3.10/site-packages/airflow/example_dags/example_skip_dag.py
[2025-05-09T16:30:47.642+0000] {processor.py:840} INFO - DAG(s) 'example_skip_dag' retrieved from /home/airflow/.local/lib/python3.10/site-packages/airflow/example_dags/example_skip_dag.py
[2025-05-09T16:30:47.665+0000] {logging_mixin.py:188} INFO - [2025-05-09T16:30:47.664+0000] {dag.py:3096} INFO - Sync 1 DAGs
[2025-05-09T16:30:47.687+0000] {logging_mixin.py:188} INFO - [2025-05-09T16:30:47.687+0000] {dag.py:3954} INFO - Setting next_dagrun for example_skip_dag to 2025-05-08 00:00:00+00:00, run_after=2025-05-09 00:00:00+00:00
[2025-05-09T16:30:47.715+0000] {processor.py:183} INFO - Processing /home/airflow/.local/lib/python3.10/site-packages/airflow/example_dags/example_skip_dag.py took 0.090 seconds
