[2025-05-09T12:10:21.259+0000] {processor.py:161} INFO - Started process (PID=301) to work on /home/airflow/.local/lib/python3.10/site-packages/airflow/example_dags/example_setup_teardown_taskflow.py
[2025-05-09T12:10:21.260+0000] {processor.py:830} INFO - Processing file /home/airflow/.local/lib/python3.10/site-packages/airflow/example_dags/example_setup_teardown_taskflow.py for tasks to queue
[2025-05-09T12:10:21.263+0000] {logging_mixin.py:188} INFO - [2025-05-09T12:10:21.263+0000] {dagbag.py:545} INFO - Filling up the DagBag from /home/airflow/.local/lib/python3.10/site-packages/airflow/example_dags/example_setup_teardown_taskflow.py
[2025-05-09T12:10:21.278+0000] {processor.py:840} INFO - DAG(s) 'example_setup_teardown_taskflow' retrieved from /home/airflow/.local/lib/python3.10/site-packages/airflow/example_dags/example_setup_teardown_taskflow.py
[2025-05-09T12:10:21.295+0000] {logging_mixin.py:188} INFO - [2025-05-09T12:10:21.294+0000] {dag.py:3096} INFO - Sync 1 DAGs
[2025-05-09T12:10:21.323+0000] {logging_mixin.py:188} INFO - [2025-05-09T12:10:21.323+0000] {dag.py:3954} INFO - Setting next_dagrun for example_setup_teardown_taskflow to 2025-05-08 00:00:00+00:00, run_after=2025-05-09 00:00:00+00:00
[2025-05-09T12:10:21.355+0000] {processor.py:183} INFO - Processing /home/airflow/.local/lib/python3.10/site-packages/airflow/example_dags/example_setup_teardown_taskflow.py took 0.104 seconds
[2025-05-09T12:10:52.913+0000] {processor.py:161} INFO - Started process (PID=556) to work on /home/airflow/.local/lib/python3.10/site-packages/airflow/example_dags/example_setup_teardown_taskflow.py
[2025-05-09T12:10:52.914+0000] {processor.py:830} INFO - Processing file /home/airflow/.local/lib/python3.10/site-packages/airflow/example_dags/example_setup_teardown_taskflow.py for tasks to queue
[2025-05-09T12:10:52.917+0000] {logging_mixin.py:188} INFO - [2025-05-09T12:10:52.917+0000] {dagbag.py:545} INFO - Filling up the DagBag from /home/airflow/.local/lib/python3.10/site-packages/airflow/example_dags/example_setup_teardown_taskflow.py
[2025-05-09T12:10:52.927+0000] {processor.py:840} INFO - DAG(s) 'example_setup_teardown_taskflow' retrieved from /home/airflow/.local/lib/python3.10/site-packages/airflow/example_dags/example_setup_teardown_taskflow.py
[2025-05-09T12:10:53.063+0000] {logging_mixin.py:188} INFO - [2025-05-09T12:10:53.063+0000] {dag.py:3096} INFO - Sync 1 DAGs
[2025-05-09T12:10:53.097+0000] {logging_mixin.py:188} INFO - [2025-05-09T12:10:53.096+0000] {dag.py:3954} INFO - Setting next_dagrun for example_setup_teardown_taskflow to 2025-05-08 00:00:00+00:00, run_after=2025-05-09 00:00:00+00:00
[2025-05-09T12:10:53.128+0000] {processor.py:183} INFO - Processing /home/airflow/.local/lib/python3.10/site-packages/airflow/example_dags/example_setup_teardown_taskflow.py took 0.222 seconds
[2025-05-09T12:11:23.543+0000] {processor.py:161} INFO - Started process (PID=813) to work on /home/airflow/.local/lib/python3.10/site-packages/airflow/example_dags/example_setup_teardown_taskflow.py
[2025-05-09T12:11:23.544+0000] {processor.py:830} INFO - Processing file /home/airflow/.local/lib/python3.10/site-packages/airflow/example_dags/example_setup_teardown_taskflow.py for tasks to queue
[2025-05-09T12:11:23.546+0000] {logging_mixin.py:188} INFO - [2025-05-09T12:11:23.546+0000] {dagbag.py:545} INFO - Filling up the DagBag from /home/airflow/.local/lib/python3.10/site-packages/airflow/example_dags/example_setup_teardown_taskflow.py
[2025-05-09T12:11:23.558+0000] {processor.py:840} INFO - DAG(s) 'example_setup_teardown_taskflow' retrieved from /home/airflow/.local/lib/python3.10/site-packages/airflow/example_dags/example_setup_teardown_taskflow.py
[2025-05-09T12:11:23.586+0000] {logging_mixin.py:188} INFO - [2025-05-09T12:11:23.586+0000] {dag.py:3096} INFO - Sync 1 DAGs
[2025-05-09T12:11:23.612+0000] {logging_mixin.py:188} INFO - [2025-05-09T12:11:23.612+0000] {dag.py:3954} INFO - Setting next_dagrun for example_setup_teardown_taskflow to 2025-05-08 00:00:00+00:00, run_after=2025-05-09 00:00:00+00:00
[2025-05-09T12:11:23.634+0000] {processor.py:183} INFO - Processing /home/airflow/.local/lib/python3.10/site-packages/airflow/example_dags/example_setup_teardown_taskflow.py took 0.098 seconds
[2025-05-09T12:11:53.745+0000] {processor.py:161} INFO - Started process (PID=1069) to work on /home/airflow/.local/lib/python3.10/site-packages/airflow/example_dags/example_setup_teardown_taskflow.py
[2025-05-09T12:11:53.747+0000] {processor.py:830} INFO - Processing file /home/airflow/.local/lib/python3.10/site-packages/airflow/example_dags/example_setup_teardown_taskflow.py for tasks to queue
[2025-05-09T12:11:53.749+0000] {logging_mixin.py:188} INFO - [2025-05-09T12:11:53.748+0000] {dagbag.py:545} INFO - Filling up the DagBag from /home/airflow/.local/lib/python3.10/site-packages/airflow/example_dags/example_setup_teardown_taskflow.py
[2025-05-09T12:11:53.760+0000] {processor.py:840} INFO - DAG(s) 'example_setup_teardown_taskflow' retrieved from /home/airflow/.local/lib/python3.10/site-packages/airflow/example_dags/example_setup_teardown_taskflow.py
[2025-05-09T12:11:53.793+0000] {logging_mixin.py:188} INFO - [2025-05-09T12:11:53.792+0000] {dag.py:3096} INFO - Sync 1 DAGs
[2025-05-09T12:11:53.819+0000] {logging_mixin.py:188} INFO - [2025-05-09T12:11:53.818+0000] {dag.py:3954} INFO - Setting next_dagrun for example_setup_teardown_taskflow to 2025-05-08 00:00:00+00:00, run_after=2025-05-09 00:00:00+00:00
[2025-05-09T12:11:53.859+0000] {processor.py:183} INFO - Processing /home/airflow/.local/lib/python3.10/site-packages/airflow/example_dags/example_setup_teardown_taskflow.py took 0.122 seconds
[2025-05-09T12:12:23.909+0000] {processor.py:161} INFO - Started process (PID=1320) to work on /home/airflow/.local/lib/python3.10/site-packages/airflow/example_dags/example_setup_teardown_taskflow.py
[2025-05-09T12:12:23.910+0000] {processor.py:830} INFO - Processing file /home/airflow/.local/lib/python3.10/site-packages/airflow/example_dags/example_setup_teardown_taskflow.py for tasks to queue
[2025-05-09T12:12:23.912+0000] {logging_mixin.py:188} INFO - [2025-05-09T12:12:23.912+0000] {dagbag.py:545} INFO - Filling up the DagBag from /home/airflow/.local/lib/python3.10/site-packages/airflow/example_dags/example_setup_teardown_taskflow.py
[2025-05-09T12:12:23.923+0000] {processor.py:840} INFO - DAG(s) 'example_setup_teardown_taskflow' retrieved from /home/airflow/.local/lib/python3.10/site-packages/airflow/example_dags/example_setup_teardown_taskflow.py
[2025-05-09T12:12:23.953+0000] {logging_mixin.py:188} INFO - [2025-05-09T12:12:23.952+0000] {dag.py:3096} INFO - Sync 1 DAGs
[2025-05-09T12:12:23.986+0000] {logging_mixin.py:188} INFO - [2025-05-09T12:12:23.986+0000] {dag.py:3954} INFO - Setting next_dagrun for example_setup_teardown_taskflow to 2025-05-08 00:00:00+00:00, run_after=2025-05-09 00:00:00+00:00
[2025-05-09T12:12:24.009+0000] {processor.py:183} INFO - Processing /home/airflow/.local/lib/python3.10/site-packages/airflow/example_dags/example_setup_teardown_taskflow.py took 0.109 seconds
[2025-05-09T12:12:54.766+0000] {processor.py:161} INFO - Started process (PID=1581) to work on /home/airflow/.local/lib/python3.10/site-packages/airflow/example_dags/example_setup_teardown_taskflow.py
[2025-05-09T12:12:54.768+0000] {processor.py:830} INFO - Processing file /home/airflow/.local/lib/python3.10/site-packages/airflow/example_dags/example_setup_teardown_taskflow.py for tasks to queue
[2025-05-09T12:12:54.773+0000] {logging_mixin.py:188} INFO - [2025-05-09T12:12:54.772+0000] {dagbag.py:545} INFO - Filling up the DagBag from /home/airflow/.local/lib/python3.10/site-packages/airflow/example_dags/example_setup_teardown_taskflow.py
[2025-05-09T12:12:54.797+0000] {processor.py:840} INFO - DAG(s) 'example_setup_teardown_taskflow' retrieved from /home/airflow/.local/lib/python3.10/site-packages/airflow/example_dags/example_setup_teardown_taskflow.py
[2025-05-09T12:12:54.847+0000] {logging_mixin.py:188} INFO - [2025-05-09T12:12:54.847+0000] {dag.py:3096} INFO - Sync 1 DAGs
[2025-05-09T12:12:54.888+0000] {logging_mixin.py:188} INFO - [2025-05-09T12:12:54.888+0000] {dag.py:3954} INFO - Setting next_dagrun for example_setup_teardown_taskflow to 2025-05-08 00:00:00+00:00, run_after=2025-05-09 00:00:00+00:00
[2025-05-09T12:12:54.930+0000] {processor.py:183} INFO - Processing /home/airflow/.local/lib/python3.10/site-packages/airflow/example_dags/example_setup_teardown_taskflow.py took 0.181 seconds
[2025-05-09T12:13:25.517+0000] {processor.py:161} INFO - Started process (PID=1837) to work on /home/airflow/.local/lib/python3.10/site-packages/airflow/example_dags/example_setup_teardown_taskflow.py
[2025-05-09T12:13:25.518+0000] {processor.py:830} INFO - Processing file /home/airflow/.local/lib/python3.10/site-packages/airflow/example_dags/example_setup_teardown_taskflow.py for tasks to queue
[2025-05-09T12:13:25.521+0000] {logging_mixin.py:188} INFO - [2025-05-09T12:13:25.521+0000] {dagbag.py:545} INFO - Filling up the DagBag from /home/airflow/.local/lib/python3.10/site-packages/airflow/example_dags/example_setup_teardown_taskflow.py
[2025-05-09T12:13:25.531+0000] {processor.py:840} INFO - DAG(s) 'example_setup_teardown_taskflow' retrieved from /home/airflow/.local/lib/python3.10/site-packages/airflow/example_dags/example_setup_teardown_taskflow.py
[2025-05-09T12:13:25.559+0000] {logging_mixin.py:188} INFO - [2025-05-09T12:13:25.559+0000] {dag.py:3096} INFO - Sync 1 DAGs
[2025-05-09T12:13:25.584+0000] {logging_mixin.py:188} INFO - [2025-05-09T12:13:25.583+0000] {dag.py:3954} INFO - Setting next_dagrun for example_setup_teardown_taskflow to 2025-05-08 00:00:00+00:00, run_after=2025-05-09 00:00:00+00:00
[2025-05-09T12:13:25.615+0000] {processor.py:183} INFO - Processing /home/airflow/.local/lib/python3.10/site-packages/airflow/example_dags/example_setup_teardown_taskflow.py took 0.104 seconds
[2025-05-09T12:13:56.113+0000] {processor.py:161} INFO - Started process (PID=2093) to work on /home/airflow/.local/lib/python3.10/site-packages/airflow/example_dags/example_setup_teardown_taskflow.py
[2025-05-09T12:13:56.115+0000] {processor.py:830} INFO - Processing file /home/airflow/.local/lib/python3.10/site-packages/airflow/example_dags/example_setup_teardown_taskflow.py for tasks to queue
[2025-05-09T12:13:56.117+0000] {logging_mixin.py:188} INFO - [2025-05-09T12:13:56.116+0000] {dagbag.py:545} INFO - Filling up the DagBag from /home/airflow/.local/lib/python3.10/site-packages/airflow/example_dags/example_setup_teardown_taskflow.py
[2025-05-09T12:13:56.129+0000] {processor.py:840} INFO - DAG(s) 'example_setup_teardown_taskflow' retrieved from /home/airflow/.local/lib/python3.10/site-packages/airflow/example_dags/example_setup_teardown_taskflow.py
[2025-05-09T12:13:56.158+0000] {logging_mixin.py:188} INFO - [2025-05-09T12:13:56.157+0000] {dag.py:3096} INFO - Sync 1 DAGs
[2025-05-09T12:13:56.190+0000] {logging_mixin.py:188} INFO - [2025-05-09T12:13:56.190+0000] {dag.py:3954} INFO - Setting next_dagrun for example_setup_teardown_taskflow to 2025-05-08 00:00:00+00:00, run_after=2025-05-09 00:00:00+00:00
[2025-05-09T12:13:56.222+0000] {processor.py:183} INFO - Processing /home/airflow/.local/lib/python3.10/site-packages/airflow/example_dags/example_setup_teardown_taskflow.py took 0.118 seconds
[2025-05-09T12:14:26.842+0000] {processor.py:161} INFO - Started process (PID=2349) to work on /home/airflow/.local/lib/python3.10/site-packages/airflow/example_dags/example_setup_teardown_taskflow.py
[2025-05-09T12:14:26.843+0000] {processor.py:830} INFO - Processing file /home/airflow/.local/lib/python3.10/site-packages/airflow/example_dags/example_setup_teardown_taskflow.py for tasks to queue
[2025-05-09T12:14:26.845+0000] {logging_mixin.py:188} INFO - [2025-05-09T12:14:26.845+0000] {dagbag.py:545} INFO - Filling up the DagBag from /home/airflow/.local/lib/python3.10/site-packages/airflow/example_dags/example_setup_teardown_taskflow.py
[2025-05-09T12:14:26.862+0000] {processor.py:840} INFO - DAG(s) 'example_setup_teardown_taskflow' retrieved from /home/airflow/.local/lib/python3.10/site-packages/airflow/example_dags/example_setup_teardown_taskflow.py
[2025-05-09T12:14:26.892+0000] {logging_mixin.py:188} INFO - [2025-05-09T12:14:26.892+0000] {dag.py:3096} INFO - Sync 1 DAGs
[2025-05-09T12:14:26.919+0000] {logging_mixin.py:188} INFO - [2025-05-09T12:14:26.919+0000] {dag.py:3954} INFO - Setting next_dagrun for example_setup_teardown_taskflow to 2025-05-08 00:00:00+00:00, run_after=2025-05-09 00:00:00+00:00
[2025-05-09T12:14:26.941+0000] {processor.py:183} INFO - Processing /home/airflow/.local/lib/python3.10/site-packages/airflow/example_dags/example_setup_teardown_taskflow.py took 0.107 seconds
[2025-05-09T12:14:57.302+0000] {processor.py:161} INFO - Started process (PID=2607) to work on /home/airflow/.local/lib/python3.10/site-packages/airflow/example_dags/example_setup_teardown_taskflow.py
[2025-05-09T12:14:57.303+0000] {processor.py:830} INFO - Processing file /home/airflow/.local/lib/python3.10/site-packages/airflow/example_dags/example_setup_teardown_taskflow.py for tasks to queue
[2025-05-09T12:14:57.306+0000] {logging_mixin.py:188} INFO - [2025-05-09T12:14:57.305+0000] {dagbag.py:545} INFO - Filling up the DagBag from /home/airflow/.local/lib/python3.10/site-packages/airflow/example_dags/example_setup_teardown_taskflow.py
[2025-05-09T12:14:57.321+0000] {processor.py:840} INFO - DAG(s) 'example_setup_teardown_taskflow' retrieved from /home/airflow/.local/lib/python3.10/site-packages/airflow/example_dags/example_setup_teardown_taskflow.py
[2025-05-09T12:14:57.350+0000] {logging_mixin.py:188} INFO - [2025-05-09T12:14:57.350+0000] {dag.py:3096} INFO - Sync 1 DAGs
[2025-05-09T12:14:57.401+0000] {logging_mixin.py:188} INFO - [2025-05-09T12:14:57.401+0000] {dag.py:3954} INFO - Setting next_dagrun for example_setup_teardown_taskflow to 2025-05-08 00:00:00+00:00, run_after=2025-05-09 00:00:00+00:00
[2025-05-09T12:14:57.424+0000] {processor.py:183} INFO - Processing /home/airflow/.local/lib/python3.10/site-packages/airflow/example_dags/example_setup_teardown_taskflow.py took 0.130 seconds
[2025-05-09T12:15:27.522+0000] {processor.py:161} INFO - Started process (PID=2867) to work on /home/airflow/.local/lib/python3.10/site-packages/airflow/example_dags/example_setup_teardown_taskflow.py
[2025-05-09T12:15:27.523+0000] {processor.py:830} INFO - Processing file /home/airflow/.local/lib/python3.10/site-packages/airflow/example_dags/example_setup_teardown_taskflow.py for tasks to queue
[2025-05-09T12:15:27.531+0000] {logging_mixin.py:188} INFO - [2025-05-09T12:15:27.526+0000] {dagbag.py:545} INFO - Filling up the DagBag from /home/airflow/.local/lib/python3.10/site-packages/airflow/example_dags/example_setup_teardown_taskflow.py
[2025-05-09T12:15:27.556+0000] {processor.py:840} INFO - DAG(s) 'example_setup_teardown_taskflow' retrieved from /home/airflow/.local/lib/python3.10/site-packages/airflow/example_dags/example_setup_teardown_taskflow.py
[2025-05-09T12:15:27.588+0000] {logging_mixin.py:188} INFO - [2025-05-09T12:15:27.587+0000] {dag.py:3096} INFO - Sync 1 DAGs
[2025-05-09T12:15:27.612+0000] {logging_mixin.py:188} INFO - [2025-05-09T12:15:27.611+0000] {dag.py:3954} INFO - Setting next_dagrun for example_setup_teardown_taskflow to 2025-05-08 00:00:00+00:00, run_after=2025-05-09 00:00:00+00:00
[2025-05-09T12:15:27.633+0000] {processor.py:183} INFO - Processing /home/airflow/.local/lib/python3.10/site-packages/airflow/example_dags/example_setup_teardown_taskflow.py took 0.119 seconds
[2025-05-09T12:43:53.913+0000] {processor.py:161} INFO - Started process (PID=307) to work on /home/airflow/.local/lib/python3.10/site-packages/airflow/example_dags/example_setup_teardown_taskflow.py
[2025-05-09T12:43:53.917+0000] {processor.py:830} INFO - Processing file /home/airflow/.local/lib/python3.10/site-packages/airflow/example_dags/example_setup_teardown_taskflow.py for tasks to queue
[2025-05-09T12:43:53.920+0000] {logging_mixin.py:188} INFO - [2025-05-09T12:43:53.919+0000] {dagbag.py:545} INFO - Filling up the DagBag from /home/airflow/.local/lib/python3.10/site-packages/airflow/example_dags/example_setup_teardown_taskflow.py
[2025-05-09T12:43:53.937+0000] {processor.py:840} INFO - DAG(s) 'example_setup_teardown_taskflow' retrieved from /home/airflow/.local/lib/python3.10/site-packages/airflow/example_dags/example_setup_teardown_taskflow.py
[2025-05-09T12:43:53.954+0000] {logging_mixin.py:188} INFO - [2025-05-09T12:43:53.954+0000] {dag.py:3096} INFO - Sync 1 DAGs
[2025-05-09T12:43:54.011+0000] {logging_mixin.py:188} INFO - [2025-05-09T12:43:54.010+0000] {dag.py:3954} INFO - Setting next_dagrun for example_setup_teardown_taskflow to 2025-05-08 00:00:00+00:00, run_after=2025-05-09 00:00:00+00:00
[2025-05-09T12:43:54.046+0000] {processor.py:183} INFO - Processing /home/airflow/.local/lib/python3.10/site-packages/airflow/example_dags/example_setup_teardown_taskflow.py took 0.142 seconds
[2025-05-09T12:44:25.533+0000] {processor.py:161} INFO - Started process (PID=569) to work on /home/airflow/.local/lib/python3.10/site-packages/airflow/example_dags/example_setup_teardown_taskflow.py
[2025-05-09T12:44:25.534+0000] {processor.py:830} INFO - Processing file /home/airflow/.local/lib/python3.10/site-packages/airflow/example_dags/example_setup_teardown_taskflow.py for tasks to queue
[2025-05-09T12:44:25.537+0000] {logging_mixin.py:188} INFO - [2025-05-09T12:44:25.536+0000] {dagbag.py:545} INFO - Filling up the DagBag from /home/airflow/.local/lib/python3.10/site-packages/airflow/example_dags/example_setup_teardown_taskflow.py
[2025-05-09T12:44:25.546+0000] {processor.py:840} INFO - DAG(s) 'example_setup_teardown_taskflow' retrieved from /home/airflow/.local/lib/python3.10/site-packages/airflow/example_dags/example_setup_teardown_taskflow.py
[2025-05-09T12:44:25.658+0000] {logging_mixin.py:188} INFO - [2025-05-09T12:44:25.658+0000] {dag.py:3096} INFO - Sync 1 DAGs
[2025-05-09T12:44:25.679+0000] {logging_mixin.py:188} INFO - [2025-05-09T12:44:25.679+0000] {dag.py:3954} INFO - Setting next_dagrun for example_setup_teardown_taskflow to 2025-05-08 00:00:00+00:00, run_after=2025-05-09 00:00:00+00:00
[2025-05-09T12:44:25.707+0000] {processor.py:183} INFO - Processing /home/airflow/.local/lib/python3.10/site-packages/airflow/example_dags/example_setup_teardown_taskflow.py took 0.181 seconds
[2025-05-09T12:44:55.948+0000] {processor.py:161} INFO - Started process (PID=831) to work on /home/airflow/.local/lib/python3.10/site-packages/airflow/example_dags/example_setup_teardown_taskflow.py
[2025-05-09T12:44:55.949+0000] {processor.py:830} INFO - Processing file /home/airflow/.local/lib/python3.10/site-packages/airflow/example_dags/example_setup_teardown_taskflow.py for tasks to queue
[2025-05-09T12:44:55.952+0000] {logging_mixin.py:188} INFO - [2025-05-09T12:44:55.951+0000] {dagbag.py:545} INFO - Filling up the DagBag from /home/airflow/.local/lib/python3.10/site-packages/airflow/example_dags/example_setup_teardown_taskflow.py
[2025-05-09T12:44:55.964+0000] {processor.py:840} INFO - DAG(s) 'example_setup_teardown_taskflow' retrieved from /home/airflow/.local/lib/python3.10/site-packages/airflow/example_dags/example_setup_teardown_taskflow.py
[2025-05-09T12:44:55.992+0000] {logging_mixin.py:188} INFO - [2025-05-09T12:44:55.992+0000] {dag.py:3096} INFO - Sync 1 DAGs
[2025-05-09T12:44:56.019+0000] {logging_mixin.py:188} INFO - [2025-05-09T12:44:56.019+0000] {dag.py:3954} INFO - Setting next_dagrun for example_setup_teardown_taskflow to 2025-05-08 00:00:00+00:00, run_after=2025-05-09 00:00:00+00:00
[2025-05-09T12:44:56.053+0000] {processor.py:183} INFO - Processing /home/airflow/.local/lib/python3.10/site-packages/airflow/example_dags/example_setup_teardown_taskflow.py took 0.113 seconds
[2025-05-09T12:45:27.216+0000] {processor.py:161} INFO - Started process (PID=1093) to work on /home/airflow/.local/lib/python3.10/site-packages/airflow/example_dags/example_setup_teardown_taskflow.py
[2025-05-09T12:45:27.218+0000] {processor.py:830} INFO - Processing file /home/airflow/.local/lib/python3.10/site-packages/airflow/example_dags/example_setup_teardown_taskflow.py for tasks to queue
[2025-05-09T12:45:27.222+0000] {logging_mixin.py:188} INFO - [2025-05-09T12:45:27.222+0000] {dagbag.py:545} INFO - Filling up the DagBag from /home/airflow/.local/lib/python3.10/site-packages/airflow/example_dags/example_setup_teardown_taskflow.py
[2025-05-09T12:45:27.239+0000] {processor.py:840} INFO - DAG(s) 'example_setup_teardown_taskflow' retrieved from /home/airflow/.local/lib/python3.10/site-packages/airflow/example_dags/example_setup_teardown_taskflow.py
[2025-05-09T12:45:27.283+0000] {logging_mixin.py:188} INFO - [2025-05-09T12:45:27.282+0000] {dag.py:3096} INFO - Sync 1 DAGs
[2025-05-09T12:45:27.326+0000] {logging_mixin.py:188} INFO - [2025-05-09T12:45:27.325+0000] {dag.py:3954} INFO - Setting next_dagrun for example_setup_teardown_taskflow to 2025-05-08 00:00:00+00:00, run_after=2025-05-09 00:00:00+00:00
[2025-05-09T12:45:27.367+0000] {processor.py:183} INFO - Processing /home/airflow/.local/lib/python3.10/site-packages/airflow/example_dags/example_setup_teardown_taskflow.py took 0.161 seconds
[2025-05-09T12:45:57.568+0000] {processor.py:161} INFO - Started process (PID=1355) to work on /home/airflow/.local/lib/python3.10/site-packages/airflow/example_dags/example_setup_teardown_taskflow.py
[2025-05-09T12:45:57.569+0000] {processor.py:830} INFO - Processing file /home/airflow/.local/lib/python3.10/site-packages/airflow/example_dags/example_setup_teardown_taskflow.py for tasks to queue
[2025-05-09T12:45:57.571+0000] {logging_mixin.py:188} INFO - [2025-05-09T12:45:57.571+0000] {dagbag.py:545} INFO - Filling up the DagBag from /home/airflow/.local/lib/python3.10/site-packages/airflow/example_dags/example_setup_teardown_taskflow.py
[2025-05-09T12:45:57.580+0000] {processor.py:840} INFO - DAG(s) 'example_setup_teardown_taskflow' retrieved from /home/airflow/.local/lib/python3.10/site-packages/airflow/example_dags/example_setup_teardown_taskflow.py
[2025-05-09T12:45:57.605+0000] {logging_mixin.py:188} INFO - [2025-05-09T12:45:57.605+0000] {dag.py:3096} INFO - Sync 1 DAGs
[2025-05-09T12:45:57.628+0000] {logging_mixin.py:188} INFO - [2025-05-09T12:45:57.627+0000] {dag.py:3954} INFO - Setting next_dagrun for example_setup_teardown_taskflow to 2025-05-08 00:00:00+00:00, run_after=2025-05-09 00:00:00+00:00
[2025-05-09T12:45:57.651+0000] {processor.py:183} INFO - Processing /home/airflow/.local/lib/python3.10/site-packages/airflow/example_dags/example_setup_teardown_taskflow.py took 0.090 seconds
[2025-05-09T12:46:28.144+0000] {processor.py:161} INFO - Started process (PID=1617) to work on /home/airflow/.local/lib/python3.10/site-packages/airflow/example_dags/example_setup_teardown_taskflow.py
[2025-05-09T12:46:28.145+0000] {processor.py:830} INFO - Processing file /home/airflow/.local/lib/python3.10/site-packages/airflow/example_dags/example_setup_teardown_taskflow.py for tasks to queue
[2025-05-09T12:46:28.148+0000] {logging_mixin.py:188} INFO - [2025-05-09T12:46:28.147+0000] {dagbag.py:545} INFO - Filling up the DagBag from /home/airflow/.local/lib/python3.10/site-packages/airflow/example_dags/example_setup_teardown_taskflow.py
[2025-05-09T12:46:28.159+0000] {processor.py:840} INFO - DAG(s) 'example_setup_teardown_taskflow' retrieved from /home/airflow/.local/lib/python3.10/site-packages/airflow/example_dags/example_setup_teardown_taskflow.py
[2025-05-09T12:46:28.186+0000] {logging_mixin.py:188} INFO - [2025-05-09T12:46:28.186+0000] {dag.py:3096} INFO - Sync 1 DAGs
[2025-05-09T12:46:28.210+0000] {logging_mixin.py:188} INFO - [2025-05-09T12:46:28.210+0000] {dag.py:3954} INFO - Setting next_dagrun for example_setup_teardown_taskflow to 2025-05-08 00:00:00+00:00, run_after=2025-05-09 00:00:00+00:00
[2025-05-09T12:46:28.239+0000] {processor.py:183} INFO - Processing /home/airflow/.local/lib/python3.10/site-packages/airflow/example_dags/example_setup_teardown_taskflow.py took 0.104 seconds
[2025-05-09T12:46:58.663+0000] {processor.py:161} INFO - Started process (PID=1879) to work on /home/airflow/.local/lib/python3.10/site-packages/airflow/example_dags/example_setup_teardown_taskflow.py
[2025-05-09T12:46:58.665+0000] {processor.py:830} INFO - Processing file /home/airflow/.local/lib/python3.10/site-packages/airflow/example_dags/example_setup_teardown_taskflow.py for tasks to queue
[2025-05-09T12:46:58.667+0000] {logging_mixin.py:188} INFO - [2025-05-09T12:46:58.666+0000] {dagbag.py:545} INFO - Filling up the DagBag from /home/airflow/.local/lib/python3.10/site-packages/airflow/example_dags/example_setup_teardown_taskflow.py
[2025-05-09T12:46:58.676+0000] {processor.py:840} INFO - DAG(s) 'example_setup_teardown_taskflow' retrieved from /home/airflow/.local/lib/python3.10/site-packages/airflow/example_dags/example_setup_teardown_taskflow.py
[2025-05-09T12:46:58.708+0000] {logging_mixin.py:188} INFO - [2025-05-09T12:46:58.707+0000] {dag.py:3096} INFO - Sync 1 DAGs
[2025-05-09T12:46:58.741+0000] {logging_mixin.py:188} INFO - [2025-05-09T12:46:58.740+0000] {dag.py:3954} INFO - Setting next_dagrun for example_setup_teardown_taskflow to 2025-05-08 00:00:00+00:00, run_after=2025-05-09 00:00:00+00:00
[2025-05-09T12:46:58.766+0000] {processor.py:183} INFO - Processing /home/airflow/.local/lib/python3.10/site-packages/airflow/example_dags/example_setup_teardown_taskflow.py took 0.108 seconds
[2025-05-09T12:47:29.201+0000] {processor.py:161} INFO - Started process (PID=2150) to work on /home/airflow/.local/lib/python3.10/site-packages/airflow/example_dags/example_setup_teardown_taskflow.py
[2025-05-09T12:47:29.203+0000] {processor.py:830} INFO - Processing file /home/airflow/.local/lib/python3.10/site-packages/airflow/example_dags/example_setup_teardown_taskflow.py for tasks to queue
[2025-05-09T12:47:29.205+0000] {logging_mixin.py:188} INFO - [2025-05-09T12:47:29.205+0000] {dagbag.py:545} INFO - Filling up the DagBag from /home/airflow/.local/lib/python3.10/site-packages/airflow/example_dags/example_setup_teardown_taskflow.py
[2025-05-09T12:47:29.215+0000] {processor.py:840} INFO - DAG(s) 'example_setup_teardown_taskflow' retrieved from /home/airflow/.local/lib/python3.10/site-packages/airflow/example_dags/example_setup_teardown_taskflow.py
[2025-05-09T12:47:29.242+0000] {logging_mixin.py:188} INFO - [2025-05-09T12:47:29.242+0000] {dag.py:3096} INFO - Sync 1 DAGs
[2025-05-09T12:47:29.268+0000] {logging_mixin.py:188} INFO - [2025-05-09T12:47:29.268+0000] {dag.py:3954} INFO - Setting next_dagrun for example_setup_teardown_taskflow to 2025-05-08 00:00:00+00:00, run_after=2025-05-09 00:00:00+00:00
[2025-05-09T12:47:29.296+0000] {processor.py:183} INFO - Processing /home/airflow/.local/lib/python3.10/site-packages/airflow/example_dags/example_setup_teardown_taskflow.py took 0.102 seconds
[2025-05-09T12:47:59.468+0000] {processor.py:161} INFO - Started process (PID=2412) to work on /home/airflow/.local/lib/python3.10/site-packages/airflow/example_dags/example_setup_teardown_taskflow.py
[2025-05-09T12:47:59.469+0000] {processor.py:830} INFO - Processing file /home/airflow/.local/lib/python3.10/site-packages/airflow/example_dags/example_setup_teardown_taskflow.py for tasks to queue
[2025-05-09T12:47:59.472+0000] {logging_mixin.py:188} INFO - [2025-05-09T12:47:59.471+0000] {dagbag.py:545} INFO - Filling up the DagBag from /home/airflow/.local/lib/python3.10/site-packages/airflow/example_dags/example_setup_teardown_taskflow.py
[2025-05-09T12:47:59.480+0000] {processor.py:840} INFO - DAG(s) 'example_setup_teardown_taskflow' retrieved from /home/airflow/.local/lib/python3.10/site-packages/airflow/example_dags/example_setup_teardown_taskflow.py
[2025-05-09T12:47:59.502+0000] {logging_mixin.py:188} INFO - [2025-05-09T12:47:59.502+0000] {dag.py:3096} INFO - Sync 1 DAGs
[2025-05-09T12:47:59.522+0000] {logging_mixin.py:188} INFO - [2025-05-09T12:47:59.522+0000] {dag.py:3954} INFO - Setting next_dagrun for example_setup_teardown_taskflow to 2025-05-08 00:00:00+00:00, run_after=2025-05-09 00:00:00+00:00
[2025-05-09T12:47:59.543+0000] {processor.py:183} INFO - Processing /home/airflow/.local/lib/python3.10/site-packages/airflow/example_dags/example_setup_teardown_taskflow.py took 0.080 seconds
[2025-05-09T12:48:29.874+0000] {processor.py:161} INFO - Started process (PID=2683) to work on /home/airflow/.local/lib/python3.10/site-packages/airflow/example_dags/example_setup_teardown_taskflow.py
[2025-05-09T12:48:29.876+0000] {processor.py:830} INFO - Processing file /home/airflow/.local/lib/python3.10/site-packages/airflow/example_dags/example_setup_teardown_taskflow.py for tasks to queue
[2025-05-09T12:48:29.879+0000] {logging_mixin.py:188} INFO - [2025-05-09T12:48:29.878+0000] {dagbag.py:545} INFO - Filling up the DagBag from /home/airflow/.local/lib/python3.10/site-packages/airflow/example_dags/example_setup_teardown_taskflow.py
[2025-05-09T12:48:29.891+0000] {processor.py:840} INFO - DAG(s) 'example_setup_teardown_taskflow' retrieved from /home/airflow/.local/lib/python3.10/site-packages/airflow/example_dags/example_setup_teardown_taskflow.py
[2025-05-09T12:48:29.921+0000] {logging_mixin.py:188} INFO - [2025-05-09T12:48:29.920+0000] {dag.py:3096} INFO - Sync 1 DAGs
[2025-05-09T12:48:29.944+0000] {logging_mixin.py:188} INFO - [2025-05-09T12:48:29.944+0000] {dag.py:3954} INFO - Setting next_dagrun for example_setup_teardown_taskflow to 2025-05-08 00:00:00+00:00, run_after=2025-05-09 00:00:00+00:00
[2025-05-09T12:48:29.971+0000] {processor.py:183} INFO - Processing /home/airflow/.local/lib/python3.10/site-packages/airflow/example_dags/example_setup_teardown_taskflow.py took 0.106 seconds
[2025-05-09T12:49:00.572+0000] {processor.py:161} INFO - Started process (PID=2945) to work on /home/airflow/.local/lib/python3.10/site-packages/airflow/example_dags/example_setup_teardown_taskflow.py
[2025-05-09T12:49:00.573+0000] {processor.py:830} INFO - Processing file /home/airflow/.local/lib/python3.10/site-packages/airflow/example_dags/example_setup_teardown_taskflow.py for tasks to queue
[2025-05-09T12:49:00.575+0000] {logging_mixin.py:188} INFO - [2025-05-09T12:49:00.575+0000] {dagbag.py:545} INFO - Filling up the DagBag from /home/airflow/.local/lib/python3.10/site-packages/airflow/example_dags/example_setup_teardown_taskflow.py
[2025-05-09T12:49:00.585+0000] {processor.py:840} INFO - DAG(s) 'example_setup_teardown_taskflow' retrieved from /home/airflow/.local/lib/python3.10/site-packages/airflow/example_dags/example_setup_teardown_taskflow.py
[2025-05-09T12:49:00.614+0000] {logging_mixin.py:188} INFO - [2025-05-09T12:49:00.613+0000] {dag.py:3096} INFO - Sync 1 DAGs
[2025-05-09T12:49:00.637+0000] {logging_mixin.py:188} INFO - [2025-05-09T12:49:00.637+0000] {dag.py:3954} INFO - Setting next_dagrun for example_setup_teardown_taskflow to 2025-05-08 00:00:00+00:00, run_after=2025-05-09 00:00:00+00:00
[2025-05-09T12:49:00.664+0000] {processor.py:183} INFO - Processing /home/airflow/.local/lib/python3.10/site-packages/airflow/example_dags/example_setup_teardown_taskflow.py took 0.100 seconds
[2025-05-09T12:49:31.979+0000] {processor.py:161} INFO - Started process (PID=3207) to work on /home/airflow/.local/lib/python3.10/site-packages/airflow/example_dags/example_setup_teardown_taskflow.py
[2025-05-09T12:49:31.981+0000] {processor.py:830} INFO - Processing file /home/airflow/.local/lib/python3.10/site-packages/airflow/example_dags/example_setup_teardown_taskflow.py for tasks to queue
[2025-05-09T12:49:31.985+0000] {logging_mixin.py:188} INFO - [2025-05-09T12:49:31.985+0000] {dagbag.py:545} INFO - Filling up the DagBag from /home/airflow/.local/lib/python3.10/site-packages/airflow/example_dags/example_setup_teardown_taskflow.py
[2025-05-09T12:49:32.001+0000] {processor.py:840} INFO - DAG(s) 'example_setup_teardown_taskflow' retrieved from /home/airflow/.local/lib/python3.10/site-packages/airflow/example_dags/example_setup_teardown_taskflow.py
[2025-05-09T12:49:32.039+0000] {logging_mixin.py:188} INFO - [2025-05-09T12:49:32.039+0000] {dag.py:3096} INFO - Sync 1 DAGs
[2025-05-09T12:49:32.333+0000] {logging_mixin.py:188} INFO - [2025-05-09T12:49:32.332+0000] {dag.py:3954} INFO - Setting next_dagrun for example_setup_teardown_taskflow to 2025-05-08 00:00:00+00:00, run_after=2025-05-09 00:00:00+00:00
[2025-05-09T12:49:32.371+0000] {processor.py:183} INFO - Processing /home/airflow/.local/lib/python3.10/site-packages/airflow/example_dags/example_setup_teardown_taskflow.py took 0.156 seconds
[2025-05-09T12:50:02.846+0000] {processor.py:161} INFO - Started process (PID=3472) to work on /home/airflow/.local/lib/python3.10/site-packages/airflow/example_dags/example_setup_teardown_taskflow.py
[2025-05-09T12:50:02.849+0000] {processor.py:830} INFO - Processing file /home/airflow/.local/lib/python3.10/site-packages/airflow/example_dags/example_setup_teardown_taskflow.py for tasks to queue
[2025-05-09T12:50:02.853+0000] {logging_mixin.py:188} INFO - [2025-05-09T12:50:02.853+0000] {dagbag.py:545} INFO - Filling up the DagBag from /home/airflow/.local/lib/python3.10/site-packages/airflow/example_dags/example_setup_teardown_taskflow.py
[2025-05-09T12:50:02.866+0000] {processor.py:840} INFO - DAG(s) 'example_setup_teardown_taskflow' retrieved from /home/airflow/.local/lib/python3.10/site-packages/airflow/example_dags/example_setup_teardown_taskflow.py
[2025-05-09T12:50:02.900+0000] {logging_mixin.py:188} INFO - [2025-05-09T12:50:02.899+0000] {dag.py:3096} INFO - Sync 1 DAGs
[2025-05-09T12:50:02.928+0000] {logging_mixin.py:188} INFO - [2025-05-09T12:50:02.928+0000] {dag.py:3954} INFO - Setting next_dagrun for example_setup_teardown_taskflow to 2025-05-08 00:00:00+00:00, run_after=2025-05-09 00:00:00+00:00
[2025-05-09T12:50:02.959+0000] {processor.py:183} INFO - Processing /home/airflow/.local/lib/python3.10/site-packages/airflow/example_dags/example_setup_teardown_taskflow.py took 0.123 seconds
[2025-05-09T12:50:33.687+0000] {processor.py:161} INFO - Started process (PID=3740) to work on /home/airflow/.local/lib/python3.10/site-packages/airflow/example_dags/example_setup_teardown_taskflow.py
[2025-05-09T12:50:33.688+0000] {processor.py:830} INFO - Processing file /home/airflow/.local/lib/python3.10/site-packages/airflow/example_dags/example_setup_teardown_taskflow.py for tasks to queue
[2025-05-09T12:50:33.690+0000] {logging_mixin.py:188} INFO - [2025-05-09T12:50:33.690+0000] {dagbag.py:545} INFO - Filling up the DagBag from /home/airflow/.local/lib/python3.10/site-packages/airflow/example_dags/example_setup_teardown_taskflow.py
[2025-05-09T12:50:33.703+0000] {processor.py:840} INFO - DAG(s) 'example_setup_teardown_taskflow' retrieved from /home/airflow/.local/lib/python3.10/site-packages/airflow/example_dags/example_setup_teardown_taskflow.py
[2025-05-09T12:50:33.738+0000] {logging_mixin.py:188} INFO - [2025-05-09T12:50:33.738+0000] {dag.py:3096} INFO - Sync 1 DAGs
[2025-05-09T12:50:33.765+0000] {logging_mixin.py:188} INFO - [2025-05-09T12:50:33.765+0000] {dag.py:3954} INFO - Setting next_dagrun for example_setup_teardown_taskflow to 2025-05-08 00:00:00+00:00, run_after=2025-05-09 00:00:00+00:00
[2025-05-09T12:50:33.794+0000] {processor.py:183} INFO - Processing /home/airflow/.local/lib/python3.10/site-packages/airflow/example_dags/example_setup_teardown_taskflow.py took 0.115 seconds
[2025-05-09T12:51:04.664+0000] {processor.py:161} INFO - Started process (PID=4002) to work on /home/airflow/.local/lib/python3.10/site-packages/airflow/example_dags/example_setup_teardown_taskflow.py
[2025-05-09T12:51:04.666+0000] {processor.py:830} INFO - Processing file /home/airflow/.local/lib/python3.10/site-packages/airflow/example_dags/example_setup_teardown_taskflow.py for tasks to queue
[2025-05-09T12:51:04.669+0000] {logging_mixin.py:188} INFO - [2025-05-09T12:51:04.669+0000] {dagbag.py:545} INFO - Filling up the DagBag from /home/airflow/.local/lib/python3.10/site-packages/airflow/example_dags/example_setup_teardown_taskflow.py
[2025-05-09T12:51:04.679+0000] {processor.py:840} INFO - DAG(s) 'example_setup_teardown_taskflow' retrieved from /home/airflow/.local/lib/python3.10/site-packages/airflow/example_dags/example_setup_teardown_taskflow.py
[2025-05-09T12:51:04.714+0000] {logging_mixin.py:188} INFO - [2025-05-09T12:51:04.713+0000] {dag.py:3096} INFO - Sync 1 DAGs
[2025-05-09T12:51:04.754+0000] {logging_mixin.py:188} INFO - [2025-05-09T12:51:04.754+0000] {dag.py:3954} INFO - Setting next_dagrun for example_setup_teardown_taskflow to 2025-05-08 00:00:00+00:00, run_after=2025-05-09 00:00:00+00:00
[2025-05-09T12:51:04.789+0000] {processor.py:183} INFO - Processing /home/airflow/.local/lib/python3.10/site-packages/airflow/example_dags/example_setup_teardown_taskflow.py took 0.131 seconds
[2025-05-09T12:52:23.523+0000] {processor.py:161} INFO - Started process (PID=310) to work on /home/airflow/.local/lib/python3.10/site-packages/airflow/example_dags/example_setup_teardown_taskflow.py
[2025-05-09T12:52:23.525+0000] {processor.py:830} INFO - Processing file /home/airflow/.local/lib/python3.10/site-packages/airflow/example_dags/example_setup_teardown_taskflow.py for tasks to queue
[2025-05-09T12:52:23.528+0000] {logging_mixin.py:188} INFO - [2025-05-09T12:52:23.528+0000] {dagbag.py:545} INFO - Filling up the DagBag from /home/airflow/.local/lib/python3.10/site-packages/airflow/example_dags/example_setup_teardown_taskflow.py
[2025-05-09T12:52:23.540+0000] {processor.py:840} INFO - DAG(s) 'example_setup_teardown_taskflow' retrieved from /home/airflow/.local/lib/python3.10/site-packages/airflow/example_dags/example_setup_teardown_taskflow.py
[2025-05-09T12:52:23.557+0000] {logging_mixin.py:188} INFO - [2025-05-09T12:52:23.557+0000] {dag.py:3096} INFO - Sync 1 DAGs
[2025-05-09T12:52:23.587+0000] {logging_mixin.py:188} INFO - [2025-05-09T12:52:23.586+0000] {dag.py:3954} INFO - Setting next_dagrun for example_setup_teardown_taskflow to 2025-05-08 00:00:00+00:00, run_after=2025-05-09 00:00:00+00:00
[2025-05-09T12:52:23.616+0000] {processor.py:183} INFO - Processing /home/airflow/.local/lib/python3.10/site-packages/airflow/example_dags/example_setup_teardown_taskflow.py took 0.101 seconds
[2025-05-09T12:52:55.042+0000] {processor.py:161} INFO - Started process (PID=572) to work on /home/airflow/.local/lib/python3.10/site-packages/airflow/example_dags/example_setup_teardown_taskflow.py
[2025-05-09T12:52:55.044+0000] {processor.py:830} INFO - Processing file /home/airflow/.local/lib/python3.10/site-packages/airflow/example_dags/example_setup_teardown_taskflow.py for tasks to queue
[2025-05-09T12:52:55.046+0000] {logging_mixin.py:188} INFO - [2025-05-09T12:52:55.046+0000] {dagbag.py:545} INFO - Filling up the DagBag from /home/airflow/.local/lib/python3.10/site-packages/airflow/example_dags/example_setup_teardown_taskflow.py
[2025-05-09T12:52:55.057+0000] {processor.py:840} INFO - DAG(s) 'example_setup_teardown_taskflow' retrieved from /home/airflow/.local/lib/python3.10/site-packages/airflow/example_dags/example_setup_teardown_taskflow.py
[2025-05-09T12:52:55.166+0000] {logging_mixin.py:188} INFO - [2025-05-09T12:52:55.166+0000] {dag.py:3096} INFO - Sync 1 DAGs
[2025-05-09T12:52:55.189+0000] {logging_mixin.py:188} INFO - [2025-05-09T12:52:55.188+0000] {dag.py:3954} INFO - Setting next_dagrun for example_setup_teardown_taskflow to 2025-05-08 00:00:00+00:00, run_after=2025-05-09 00:00:00+00:00
[2025-05-09T12:52:55.218+0000] {processor.py:183} INFO - Processing /home/airflow/.local/lib/python3.10/site-packages/airflow/example_dags/example_setup_teardown_taskflow.py took 0.183 seconds
[2025-05-09T12:53:25.315+0000] {processor.py:161} INFO - Started process (PID=838) to work on /home/airflow/.local/lib/python3.10/site-packages/airflow/example_dags/example_setup_teardown_taskflow.py
[2025-05-09T12:53:25.317+0000] {processor.py:830} INFO - Processing file /home/airflow/.local/lib/python3.10/site-packages/airflow/example_dags/example_setup_teardown_taskflow.py for tasks to queue
[2025-05-09T12:53:25.319+0000] {logging_mixin.py:188} INFO - [2025-05-09T12:53:25.319+0000] {dagbag.py:545} INFO - Filling up the DagBag from /home/airflow/.local/lib/python3.10/site-packages/airflow/example_dags/example_setup_teardown_taskflow.py
[2025-05-09T12:53:25.331+0000] {processor.py:840} INFO - DAG(s) 'example_setup_teardown_taskflow' retrieved from /home/airflow/.local/lib/python3.10/site-packages/airflow/example_dags/example_setup_teardown_taskflow.py
[2025-05-09T12:53:25.358+0000] {logging_mixin.py:188} INFO - [2025-05-09T12:53:25.358+0000] {dag.py:3096} INFO - Sync 1 DAGs
[2025-05-09T12:53:25.384+0000] {logging_mixin.py:188} INFO - [2025-05-09T12:53:25.382+0000] {dag.py:3954} INFO - Setting next_dagrun for example_setup_teardown_taskflow to 2025-05-08 00:00:00+00:00, run_after=2025-05-09 00:00:00+00:00
[2025-05-09T12:53:25.418+0000] {processor.py:183} INFO - Processing /home/airflow/.local/lib/python3.10/site-packages/airflow/example_dags/example_setup_teardown_taskflow.py took 0.109 seconds
[2025-05-09T12:53:56.077+0000] {processor.py:161} INFO - Started process (PID=1099) to work on /home/airflow/.local/lib/python3.10/site-packages/airflow/example_dags/example_setup_teardown_taskflow.py
[2025-05-09T12:53:56.079+0000] {processor.py:830} INFO - Processing file /home/airflow/.local/lib/python3.10/site-packages/airflow/example_dags/example_setup_teardown_taskflow.py for tasks to queue
[2025-05-09T12:53:56.081+0000] {logging_mixin.py:188} INFO - [2025-05-09T12:53:56.080+0000] {dagbag.py:545} INFO - Filling up the DagBag from /home/airflow/.local/lib/python3.10/site-packages/airflow/example_dags/example_setup_teardown_taskflow.py
[2025-05-09T12:53:56.092+0000] {processor.py:840} INFO - DAG(s) 'example_setup_teardown_taskflow' retrieved from /home/airflow/.local/lib/python3.10/site-packages/airflow/example_dags/example_setup_teardown_taskflow.py
[2025-05-09T12:53:56.117+0000] {logging_mixin.py:188} INFO - [2025-05-09T12:53:56.117+0000] {dag.py:3096} INFO - Sync 1 DAGs
[2025-05-09T12:53:56.140+0000] {logging_mixin.py:188} INFO - [2025-05-09T12:53:56.139+0000] {dag.py:3954} INFO - Setting next_dagrun for example_setup_teardown_taskflow to 2025-05-08 00:00:00+00:00, run_after=2025-05-09 00:00:00+00:00
[2025-05-09T12:53:56.164+0000] {processor.py:183} INFO - Processing /home/airflow/.local/lib/python3.10/site-packages/airflow/example_dags/example_setup_teardown_taskflow.py took 0.094 seconds
[2025-05-09T12:54:26.926+0000] {processor.py:161} INFO - Started process (PID=1361) to work on /home/airflow/.local/lib/python3.10/site-packages/airflow/example_dags/example_setup_teardown_taskflow.py
[2025-05-09T12:54:26.928+0000] {processor.py:830} INFO - Processing file /home/airflow/.local/lib/python3.10/site-packages/airflow/example_dags/example_setup_teardown_taskflow.py for tasks to queue
[2025-05-09T12:54:26.932+0000] {logging_mixin.py:188} INFO - [2025-05-09T12:54:26.931+0000] {dagbag.py:545} INFO - Filling up the DagBag from /home/airflow/.local/lib/python3.10/site-packages/airflow/example_dags/example_setup_teardown_taskflow.py
[2025-05-09T12:54:26.943+0000] {processor.py:840} INFO - DAG(s) 'example_setup_teardown_taskflow' retrieved from /home/airflow/.local/lib/python3.10/site-packages/airflow/example_dags/example_setup_teardown_taskflow.py
[2025-05-09T12:54:26.973+0000] {logging_mixin.py:188} INFO - [2025-05-09T12:54:26.973+0000] {dag.py:3096} INFO - Sync 1 DAGs
[2025-05-09T12:54:26.999+0000] {logging_mixin.py:188} INFO - [2025-05-09T12:54:26.999+0000] {dag.py:3954} INFO - Setting next_dagrun for example_setup_teardown_taskflow to 2025-05-08 00:00:00+00:00, run_after=2025-05-09 00:00:00+00:00
[2025-05-09T12:54:27.030+0000] {processor.py:183} INFO - Processing /home/airflow/.local/lib/python3.10/site-packages/airflow/example_dags/example_setup_teardown_taskflow.py took 0.111 seconds
[2025-05-09T12:54:57.293+0000] {processor.py:161} INFO - Started process (PID=1623) to work on /home/airflow/.local/lib/python3.10/site-packages/airflow/example_dags/example_setup_teardown_taskflow.py
[2025-05-09T12:54:57.295+0000] {processor.py:830} INFO - Processing file /home/airflow/.local/lib/python3.10/site-packages/airflow/example_dags/example_setup_teardown_taskflow.py for tasks to queue
[2025-05-09T12:54:57.298+0000] {logging_mixin.py:188} INFO - [2025-05-09T12:54:57.298+0000] {dagbag.py:545} INFO - Filling up the DagBag from /home/airflow/.local/lib/python3.10/site-packages/airflow/example_dags/example_setup_teardown_taskflow.py
[2025-05-09T12:54:57.316+0000] {processor.py:840} INFO - DAG(s) 'example_setup_teardown_taskflow' retrieved from /home/airflow/.local/lib/python3.10/site-packages/airflow/example_dags/example_setup_teardown_taskflow.py
[2025-05-09T12:54:57.356+0000] {logging_mixin.py:188} INFO - [2025-05-09T12:54:57.355+0000] {dag.py:3096} INFO - Sync 1 DAGs
[2025-05-09T12:54:57.386+0000] {logging_mixin.py:188} INFO - [2025-05-09T12:54:57.385+0000] {dag.py:3954} INFO - Setting next_dagrun for example_setup_teardown_taskflow to 2025-05-08 00:00:00+00:00, run_after=2025-05-09 00:00:00+00:00
[2025-05-09T12:54:57.411+0000] {processor.py:183} INFO - Processing /home/airflow/.local/lib/python3.10/site-packages/airflow/example_dags/example_setup_teardown_taskflow.py took 0.125 seconds
[2025-05-09T12:55:27.632+0000] {processor.py:161} INFO - Started process (PID=1888) to work on /home/airflow/.local/lib/python3.10/site-packages/airflow/example_dags/example_setup_teardown_taskflow.py
[2025-05-09T12:55:27.634+0000] {processor.py:830} INFO - Processing file /home/airflow/.local/lib/python3.10/site-packages/airflow/example_dags/example_setup_teardown_taskflow.py for tasks to queue
[2025-05-09T12:55:27.636+0000] {logging_mixin.py:188} INFO - [2025-05-09T12:55:27.636+0000] {dagbag.py:545} INFO - Filling up the DagBag from /home/airflow/.local/lib/python3.10/site-packages/airflow/example_dags/example_setup_teardown_taskflow.py
[2025-05-09T12:55:27.647+0000] {processor.py:840} INFO - DAG(s) 'example_setup_teardown_taskflow' retrieved from /home/airflow/.local/lib/python3.10/site-packages/airflow/example_dags/example_setup_teardown_taskflow.py
[2025-05-09T12:55:27.677+0000] {logging_mixin.py:188} INFO - [2025-05-09T12:55:27.676+0000] {dag.py:3096} INFO - Sync 1 DAGs
[2025-05-09T12:55:27.704+0000] {logging_mixin.py:188} INFO - [2025-05-09T12:55:27.704+0000] {dag.py:3954} INFO - Setting next_dagrun for example_setup_teardown_taskflow to 2025-05-08 00:00:00+00:00, run_after=2025-05-09 00:00:00+00:00
[2025-05-09T12:55:27.736+0000] {processor.py:183} INFO - Processing /home/airflow/.local/lib/python3.10/site-packages/airflow/example_dags/example_setup_teardown_taskflow.py took 0.110 seconds
[2025-05-09T12:57:16.472+0000] {processor.py:161} INFO - Started process (PID=308) to work on /home/airflow/.local/lib/python3.10/site-packages/airflow/example_dags/example_setup_teardown_taskflow.py
[2025-05-09T12:57:16.474+0000] {processor.py:830} INFO - Processing file /home/airflow/.local/lib/python3.10/site-packages/airflow/example_dags/example_setup_teardown_taskflow.py for tasks to queue
[2025-05-09T12:57:16.477+0000] {logging_mixin.py:188} INFO - [2025-05-09T12:57:16.477+0000] {dagbag.py:545} INFO - Filling up the DagBag from /home/airflow/.local/lib/python3.10/site-packages/airflow/example_dags/example_setup_teardown_taskflow.py
[2025-05-09T12:57:16.490+0000] {processor.py:840} INFO - DAG(s) 'example_setup_teardown_taskflow' retrieved from /home/airflow/.local/lib/python3.10/site-packages/airflow/example_dags/example_setup_teardown_taskflow.py
[2025-05-09T12:57:16.506+0000] {logging_mixin.py:188} INFO - [2025-05-09T12:57:16.506+0000] {dag.py:3096} INFO - Sync 1 DAGs
[2025-05-09T12:57:16.534+0000] {logging_mixin.py:188} INFO - [2025-05-09T12:57:16.534+0000] {dag.py:3954} INFO - Setting next_dagrun for example_setup_teardown_taskflow to 2025-05-08 00:00:00+00:00, run_after=2025-05-09 00:00:00+00:00
[2025-05-09T12:57:16.563+0000] {processor.py:183} INFO - Processing /home/airflow/.local/lib/python3.10/site-packages/airflow/example_dags/example_setup_teardown_taskflow.py took 0.097 seconds
[2025-05-09T12:57:46.942+0000] {processor.py:161} INFO - Started process (PID=570) to work on /home/airflow/.local/lib/python3.10/site-packages/airflow/example_dags/example_setup_teardown_taskflow.py
[2025-05-09T12:57:46.944+0000] {processor.py:830} INFO - Processing file /home/airflow/.local/lib/python3.10/site-packages/airflow/example_dags/example_setup_teardown_taskflow.py for tasks to queue
[2025-05-09T12:57:46.947+0000] {logging_mixin.py:188} INFO - [2025-05-09T12:57:46.946+0000] {dagbag.py:545} INFO - Filling up the DagBag from /home/airflow/.local/lib/python3.10/site-packages/airflow/example_dags/example_setup_teardown_taskflow.py
[2025-05-09T12:57:46.958+0000] {processor.py:840} INFO - DAG(s) 'example_setup_teardown_taskflow' retrieved from /home/airflow/.local/lib/python3.10/site-packages/airflow/example_dags/example_setup_teardown_taskflow.py
[2025-05-09T12:57:47.082+0000] {logging_mixin.py:188} INFO - [2025-05-09T12:57:47.082+0000] {dag.py:3096} INFO - Sync 1 DAGs
[2025-05-09T12:57:47.103+0000] {logging_mixin.py:188} INFO - [2025-05-09T12:57:47.103+0000] {dag.py:3954} INFO - Setting next_dagrun for example_setup_teardown_taskflow to 2025-05-08 00:00:00+00:00, run_after=2025-05-09 00:00:00+00:00
[2025-05-09T12:57:47.132+0000] {processor.py:183} INFO - Processing /home/airflow/.local/lib/python3.10/site-packages/airflow/example_dags/example_setup_teardown_taskflow.py took 0.198 seconds
[2025-05-09T12:58:17.410+0000] {processor.py:161} INFO - Started process (PID=832) to work on /home/airflow/.local/lib/python3.10/site-packages/airflow/example_dags/example_setup_teardown_taskflow.py
[2025-05-09T12:58:17.412+0000] {processor.py:830} INFO - Processing file /home/airflow/.local/lib/python3.10/site-packages/airflow/example_dags/example_setup_teardown_taskflow.py for tasks to queue
[2025-05-09T12:58:17.415+0000] {logging_mixin.py:188} INFO - [2025-05-09T12:58:17.414+0000] {dagbag.py:545} INFO - Filling up the DagBag from /home/airflow/.local/lib/python3.10/site-packages/airflow/example_dags/example_setup_teardown_taskflow.py
[2025-05-09T12:58:17.424+0000] {processor.py:840} INFO - DAG(s) 'example_setup_teardown_taskflow' retrieved from /home/airflow/.local/lib/python3.10/site-packages/airflow/example_dags/example_setup_teardown_taskflow.py
[2025-05-09T12:58:17.448+0000] {logging_mixin.py:188} INFO - [2025-05-09T12:58:17.448+0000] {dag.py:3096} INFO - Sync 1 DAGs
[2025-05-09T12:58:17.469+0000] {logging_mixin.py:188} INFO - [2025-05-09T12:58:17.468+0000] {dag.py:3954} INFO - Setting next_dagrun for example_setup_teardown_taskflow to 2025-05-08 00:00:00+00:00, run_after=2025-05-09 00:00:00+00:00
[2025-05-09T12:58:17.489+0000] {processor.py:183} INFO - Processing /home/airflow/.local/lib/python3.10/site-packages/airflow/example_dags/example_setup_teardown_taskflow.py took 0.085 seconds
[2025-05-09T12:58:47.926+0000] {processor.py:161} INFO - Started process (PID=1094) to work on /home/airflow/.local/lib/python3.10/site-packages/airflow/example_dags/example_setup_teardown_taskflow.py
[2025-05-09T12:58:47.929+0000] {processor.py:830} INFO - Processing file /home/airflow/.local/lib/python3.10/site-packages/airflow/example_dags/example_setup_teardown_taskflow.py for tasks to queue
[2025-05-09T12:58:47.933+0000] {logging_mixin.py:188} INFO - [2025-05-09T12:58:47.933+0000] {dagbag.py:545} INFO - Filling up the DagBag from /home/airflow/.local/lib/python3.10/site-packages/airflow/example_dags/example_setup_teardown_taskflow.py
[2025-05-09T12:58:47.948+0000] {processor.py:840} INFO - DAG(s) 'example_setup_teardown_taskflow' retrieved from /home/airflow/.local/lib/python3.10/site-packages/airflow/example_dags/example_setup_teardown_taskflow.py
[2025-05-09T12:58:47.986+0000] {logging_mixin.py:188} INFO - [2025-05-09T12:58:47.986+0000] {dag.py:3096} INFO - Sync 1 DAGs
[2025-05-09T12:58:48.018+0000] {logging_mixin.py:188} INFO - [2025-05-09T12:58:48.017+0000] {dag.py:3954} INFO - Setting next_dagrun for example_setup_teardown_taskflow to 2025-05-08 00:00:00+00:00, run_after=2025-05-09 00:00:00+00:00
[2025-05-09T12:58:48.042+0000] {processor.py:183} INFO - Processing /home/airflow/.local/lib/python3.10/site-packages/airflow/example_dags/example_setup_teardown_taskflow.py took 0.130 seconds
[2025-05-09T12:59:18.298+0000] {processor.py:161} INFO - Started process (PID=1356) to work on /home/airflow/.local/lib/python3.10/site-packages/airflow/example_dags/example_setup_teardown_taskflow.py
[2025-05-09T12:59:18.300+0000] {processor.py:830} INFO - Processing file /home/airflow/.local/lib/python3.10/site-packages/airflow/example_dags/example_setup_teardown_taskflow.py for tasks to queue
[2025-05-09T12:59:18.301+0000] {logging_mixin.py:188} INFO - [2025-05-09T12:59:18.301+0000] {dagbag.py:545} INFO - Filling up the DagBag from /home/airflow/.local/lib/python3.10/site-packages/airflow/example_dags/example_setup_teardown_taskflow.py
[2025-05-09T12:59:18.310+0000] {processor.py:840} INFO - DAG(s) 'example_setup_teardown_taskflow' retrieved from /home/airflow/.local/lib/python3.10/site-packages/airflow/example_dags/example_setup_teardown_taskflow.py
[2025-05-09T12:59:18.337+0000] {logging_mixin.py:188} INFO - [2025-05-09T12:59:18.337+0000] {dag.py:3096} INFO - Sync 1 DAGs
[2025-05-09T12:59:18.356+0000] {logging_mixin.py:188} INFO - [2025-05-09T12:59:18.356+0000] {dag.py:3954} INFO - Setting next_dagrun for example_setup_teardown_taskflow to 2025-05-08 00:00:00+00:00, run_after=2025-05-09 00:00:00+00:00
[2025-05-09T12:59:18.378+0000] {processor.py:183} INFO - Processing /home/airflow/.local/lib/python3.10/site-packages/airflow/example_dags/example_setup_teardown_taskflow.py took 0.086 seconds
[2025-05-09T12:59:49.425+0000] {processor.py:161} INFO - Started process (PID=1618) to work on /home/airflow/.local/lib/python3.10/site-packages/airflow/example_dags/example_setup_teardown_taskflow.py
[2025-05-09T12:59:49.427+0000] {processor.py:830} INFO - Processing file /home/airflow/.local/lib/python3.10/site-packages/airflow/example_dags/example_setup_teardown_taskflow.py for tasks to queue
[2025-05-09T12:59:49.429+0000] {logging_mixin.py:188} INFO - [2025-05-09T12:59:49.429+0000] {dagbag.py:545} INFO - Filling up the DagBag from /home/airflow/.local/lib/python3.10/site-packages/airflow/example_dags/example_setup_teardown_taskflow.py
[2025-05-09T12:59:49.443+0000] {processor.py:840} INFO - DAG(s) 'example_setup_teardown_taskflow' retrieved from /home/airflow/.local/lib/python3.10/site-packages/airflow/example_dags/example_setup_teardown_taskflow.py
[2025-05-09T12:59:49.469+0000] {logging_mixin.py:188} INFO - [2025-05-09T12:59:49.469+0000] {dag.py:3096} INFO - Sync 1 DAGs
[2025-05-09T12:59:49.491+0000] {logging_mixin.py:188} INFO - [2025-05-09T12:59:49.491+0000] {dag.py:3954} INFO - Setting next_dagrun for example_setup_teardown_taskflow to 2025-05-08 00:00:00+00:00, run_after=2025-05-09 00:00:00+00:00
[2025-05-09T12:59:49.515+0000] {processor.py:183} INFO - Processing /home/airflow/.local/lib/python3.10/site-packages/airflow/example_dags/example_setup_teardown_taskflow.py took 0.095 seconds
[2025-05-09T13:00:19.688+0000] {processor.py:161} INFO - Started process (PID=1889) to work on /home/airflow/.local/lib/python3.10/site-packages/airflow/example_dags/example_setup_teardown_taskflow.py
[2025-05-09T13:00:19.690+0000] {processor.py:830} INFO - Processing file /home/airflow/.local/lib/python3.10/site-packages/airflow/example_dags/example_setup_teardown_taskflow.py for tasks to queue
[2025-05-09T13:00:19.692+0000] {logging_mixin.py:188} INFO - [2025-05-09T13:00:19.692+0000] {dagbag.py:545} INFO - Filling up the DagBag from /home/airflow/.local/lib/python3.10/site-packages/airflow/example_dags/example_setup_teardown_taskflow.py
[2025-05-09T13:00:19.701+0000] {processor.py:840} INFO - DAG(s) 'example_setup_teardown_taskflow' retrieved from /home/airflow/.local/lib/python3.10/site-packages/airflow/example_dags/example_setup_teardown_taskflow.py
[2025-05-09T13:00:19.725+0000] {logging_mixin.py:188} INFO - [2025-05-09T13:00:19.724+0000] {dag.py:3096} INFO - Sync 1 DAGs
[2025-05-09T13:00:19.748+0000] {logging_mixin.py:188} INFO - [2025-05-09T13:00:19.748+0000] {dag.py:3954} INFO - Setting next_dagrun for example_setup_teardown_taskflow to 2025-05-08 00:00:00+00:00, run_after=2025-05-09 00:00:00+00:00
[2025-05-09T13:00:19.770+0000] {processor.py:183} INFO - Processing /home/airflow/.local/lib/python3.10/site-packages/airflow/example_dags/example_setup_teardown_taskflow.py took 0.088 seconds
[2025-05-09T13:00:50.409+0000] {processor.py:161} INFO - Started process (PID=2151) to work on /home/airflow/.local/lib/python3.10/site-packages/airflow/example_dags/example_setup_teardown_taskflow.py
[2025-05-09T13:00:50.411+0000] {processor.py:830} INFO - Processing file /home/airflow/.local/lib/python3.10/site-packages/airflow/example_dags/example_setup_teardown_taskflow.py for tasks to queue
[2025-05-09T13:00:50.414+0000] {logging_mixin.py:188} INFO - [2025-05-09T13:00:50.414+0000] {dagbag.py:545} INFO - Filling up the DagBag from /home/airflow/.local/lib/python3.10/site-packages/airflow/example_dags/example_setup_teardown_taskflow.py
[2025-05-09T13:00:50.423+0000] {processor.py:840} INFO - DAG(s) 'example_setup_teardown_taskflow' retrieved from /home/airflow/.local/lib/python3.10/site-packages/airflow/example_dags/example_setup_teardown_taskflow.py
[2025-05-09T13:00:50.448+0000] {logging_mixin.py:188} INFO - [2025-05-09T13:00:50.447+0000] {dag.py:3096} INFO - Sync 1 DAGs
[2025-05-09T13:00:50.466+0000] {logging_mixin.py:188} INFO - [2025-05-09T13:00:50.466+0000] {dag.py:3954} INFO - Setting next_dagrun for example_setup_teardown_taskflow to 2025-05-08 00:00:00+00:00, run_after=2025-05-09 00:00:00+00:00
[2025-05-09T13:00:50.490+0000] {processor.py:183} INFO - Processing /home/airflow/.local/lib/python3.10/site-packages/airflow/example_dags/example_setup_teardown_taskflow.py took 0.087 seconds
[2025-05-09T13:01:21.739+0000] {processor.py:161} INFO - Started process (PID=2413) to work on /home/airflow/.local/lib/python3.10/site-packages/airflow/example_dags/example_setup_teardown_taskflow.py
[2025-05-09T13:01:21.741+0000] {processor.py:830} INFO - Processing file /home/airflow/.local/lib/python3.10/site-packages/airflow/example_dags/example_setup_teardown_taskflow.py for tasks to queue
[2025-05-09T13:01:21.743+0000] {logging_mixin.py:188} INFO - [2025-05-09T13:01:21.742+0000] {dagbag.py:545} INFO - Filling up the DagBag from /home/airflow/.local/lib/python3.10/site-packages/airflow/example_dags/example_setup_teardown_taskflow.py
[2025-05-09T13:01:21.753+0000] {processor.py:840} INFO - DAG(s) 'example_setup_teardown_taskflow' retrieved from /home/airflow/.local/lib/python3.10/site-packages/airflow/example_dags/example_setup_teardown_taskflow.py
[2025-05-09T13:01:21.779+0000] {logging_mixin.py:188} INFO - [2025-05-09T13:01:21.779+0000] {dag.py:3096} INFO - Sync 1 DAGs
[2025-05-09T13:01:21.806+0000] {logging_mixin.py:188} INFO - [2025-05-09T13:01:21.806+0000] {dag.py:3954} INFO - Setting next_dagrun for example_setup_teardown_taskflow to 2025-05-08 00:00:00+00:00, run_after=2025-05-09 00:00:00+00:00
[2025-05-09T13:01:21.826+0000] {processor.py:183} INFO - Processing /home/airflow/.local/lib/python3.10/site-packages/airflow/example_dags/example_setup_teardown_taskflow.py took 0.094 seconds
[2025-05-09T13:01:52.290+0000] {processor.py:161} INFO - Started process (PID=2677) to work on /home/airflow/.local/lib/python3.10/site-packages/airflow/example_dags/example_setup_teardown_taskflow.py
[2025-05-09T13:01:52.291+0000] {processor.py:830} INFO - Processing file /home/airflow/.local/lib/python3.10/site-packages/airflow/example_dags/example_setup_teardown_taskflow.py for tasks to queue
[2025-05-09T13:01:52.294+0000] {logging_mixin.py:188} INFO - [2025-05-09T13:01:52.293+0000] {dagbag.py:545} INFO - Filling up the DagBag from /home/airflow/.local/lib/python3.10/site-packages/airflow/example_dags/example_setup_teardown_taskflow.py
[2025-05-09T13:01:52.303+0000] {processor.py:840} INFO - DAG(s) 'example_setup_teardown_taskflow' retrieved from /home/airflow/.local/lib/python3.10/site-packages/airflow/example_dags/example_setup_teardown_taskflow.py
[2025-05-09T13:01:52.326+0000] {logging_mixin.py:188} INFO - [2025-05-09T13:01:52.326+0000] {dag.py:3096} INFO - Sync 1 DAGs
[2025-05-09T13:01:52.350+0000] {logging_mixin.py:188} INFO - [2025-05-09T13:01:52.350+0000] {dag.py:3954} INFO - Setting next_dagrun for example_setup_teardown_taskflow to 2025-05-08 00:00:00+00:00, run_after=2025-05-09 00:00:00+00:00
[2025-05-09T13:01:52.371+0000] {processor.py:183} INFO - Processing /home/airflow/.local/lib/python3.10/site-packages/airflow/example_dags/example_setup_teardown_taskflow.py took 0.087 seconds
[2025-05-09T13:02:22.619+0000] {processor.py:161} INFO - Started process (PID=2937) to work on /home/airflow/.local/lib/python3.10/site-packages/airflow/example_dags/example_setup_teardown_taskflow.py
[2025-05-09T13:02:22.621+0000] {processor.py:830} INFO - Processing file /home/airflow/.local/lib/python3.10/site-packages/airflow/example_dags/example_setup_teardown_taskflow.py for tasks to queue
[2025-05-09T13:02:22.623+0000] {logging_mixin.py:188} INFO - [2025-05-09T13:02:22.623+0000] {dagbag.py:545} INFO - Filling up the DagBag from /home/airflow/.local/lib/python3.10/site-packages/airflow/example_dags/example_setup_teardown_taskflow.py
[2025-05-09T13:02:22.635+0000] {processor.py:840} INFO - DAG(s) 'example_setup_teardown_taskflow' retrieved from /home/airflow/.local/lib/python3.10/site-packages/airflow/example_dags/example_setup_teardown_taskflow.py
[2025-05-09T13:02:22.660+0000] {logging_mixin.py:188} INFO - [2025-05-09T13:02:22.660+0000] {dag.py:3096} INFO - Sync 1 DAGs
[2025-05-09T13:02:22.684+0000] {logging_mixin.py:188} INFO - [2025-05-09T13:02:22.684+0000] {dag.py:3954} INFO - Setting next_dagrun for example_setup_teardown_taskflow to 2025-05-08 00:00:00+00:00, run_after=2025-05-09 00:00:00+00:00
[2025-05-09T13:02:22.713+0000] {processor.py:183} INFO - Processing /home/airflow/.local/lib/python3.10/site-packages/airflow/example_dags/example_setup_teardown_taskflow.py took 0.100 seconds
[2025-05-09T13:02:53.290+0000] {processor.py:161} INFO - Started process (PID=3199) to work on /home/airflow/.local/lib/python3.10/site-packages/airflow/example_dags/example_setup_teardown_taskflow.py
[2025-05-09T13:02:53.291+0000] {processor.py:830} INFO - Processing file /home/airflow/.local/lib/python3.10/site-packages/airflow/example_dags/example_setup_teardown_taskflow.py for tasks to queue
[2025-05-09T13:02:53.294+0000] {logging_mixin.py:188} INFO - [2025-05-09T13:02:53.294+0000] {dagbag.py:545} INFO - Filling up the DagBag from /home/airflow/.local/lib/python3.10/site-packages/airflow/example_dags/example_setup_teardown_taskflow.py
[2025-05-09T13:02:53.307+0000] {processor.py:840} INFO - DAG(s) 'example_setup_teardown_taskflow' retrieved from /home/airflow/.local/lib/python3.10/site-packages/airflow/example_dags/example_setup_teardown_taskflow.py
[2025-05-09T13:02:53.337+0000] {logging_mixin.py:188} INFO - [2025-05-09T13:02:53.337+0000] {dag.py:3096} INFO - Sync 1 DAGs
[2025-05-09T13:02:53.361+0000] {logging_mixin.py:188} INFO - [2025-05-09T13:02:53.361+0000] {dag.py:3954} INFO - Setting next_dagrun for example_setup_teardown_taskflow to 2025-05-08 00:00:00+00:00, run_after=2025-05-09 00:00:00+00:00
[2025-05-09T13:02:53.391+0000] {processor.py:183} INFO - Processing /home/airflow/.local/lib/python3.10/site-packages/airflow/example_dags/example_setup_teardown_taskflow.py took 0.110 seconds
[2025-05-09T13:03:24.446+0000] {processor.py:161} INFO - Started process (PID=3461) to work on /home/airflow/.local/lib/python3.10/site-packages/airflow/example_dags/example_setup_teardown_taskflow.py
[2025-05-09T13:03:24.448+0000] {processor.py:830} INFO - Processing file /home/airflow/.local/lib/python3.10/site-packages/airflow/example_dags/example_setup_teardown_taskflow.py for tasks to queue
[2025-05-09T13:03:24.450+0000] {logging_mixin.py:188} INFO - [2025-05-09T13:03:24.450+0000] {dagbag.py:545} INFO - Filling up the DagBag from /home/airflow/.local/lib/python3.10/site-packages/airflow/example_dags/example_setup_teardown_taskflow.py
[2025-05-09T13:03:24.461+0000] {processor.py:840} INFO - DAG(s) 'example_setup_teardown_taskflow' retrieved from /home/airflow/.local/lib/python3.10/site-packages/airflow/example_dags/example_setup_teardown_taskflow.py
[2025-05-09T13:03:24.488+0000] {logging_mixin.py:188} INFO - [2025-05-09T13:03:24.488+0000] {dag.py:3096} INFO - Sync 1 DAGs
[2025-05-09T13:03:24.514+0000] {logging_mixin.py:188} INFO - [2025-05-09T13:03:24.514+0000] {dag.py:3954} INFO - Setting next_dagrun for example_setup_teardown_taskflow to 2025-05-08 00:00:00+00:00, run_after=2025-05-09 00:00:00+00:00
[2025-05-09T13:03:24.549+0000] {processor.py:183} INFO - Processing /home/airflow/.local/lib/python3.10/site-packages/airflow/example_dags/example_setup_teardown_taskflow.py took 0.113 seconds
[2025-05-09T13:03:55.239+0000] {processor.py:161} INFO - Started process (PID=3723) to work on /home/airflow/.local/lib/python3.10/site-packages/airflow/example_dags/example_setup_teardown_taskflow.py
[2025-05-09T13:03:55.240+0000] {processor.py:830} INFO - Processing file /home/airflow/.local/lib/python3.10/site-packages/airflow/example_dags/example_setup_teardown_taskflow.py for tasks to queue
[2025-05-09T13:03:55.243+0000] {logging_mixin.py:188} INFO - [2025-05-09T13:03:55.243+0000] {dagbag.py:545} INFO - Filling up the DagBag from /home/airflow/.local/lib/python3.10/site-packages/airflow/example_dags/example_setup_teardown_taskflow.py
[2025-05-09T13:03:55.259+0000] {processor.py:840} INFO - DAG(s) 'example_setup_teardown_taskflow' retrieved from /home/airflow/.local/lib/python3.10/site-packages/airflow/example_dags/example_setup_teardown_taskflow.py
[2025-05-09T13:03:55.287+0000] {logging_mixin.py:188} INFO - [2025-05-09T13:03:55.287+0000] {dag.py:3096} INFO - Sync 1 DAGs
[2025-05-09T13:03:55.315+0000] {logging_mixin.py:188} INFO - [2025-05-09T13:03:55.315+0000] {dag.py:3954} INFO - Setting next_dagrun for example_setup_teardown_taskflow to 2025-05-08 00:00:00+00:00, run_after=2025-05-09 00:00:00+00:00
[2025-05-09T13:03:55.342+0000] {processor.py:183} INFO - Processing /home/airflow/.local/lib/python3.10/site-packages/airflow/example_dags/example_setup_teardown_taskflow.py took 0.112 seconds
[2025-05-09T15:43:48.844+0000] {processor.py:161} INFO - Started process (PID=4000) to work on /home/airflow/.local/lib/python3.10/site-packages/airflow/example_dags/example_setup_teardown_taskflow.py
[2025-05-09T15:43:48.848+0000] {processor.py:830} INFO - Processing file /home/airflow/.local/lib/python3.10/site-packages/airflow/example_dags/example_setup_teardown_taskflow.py for tasks to queue
[2025-05-09T15:43:48.853+0000] {logging_mixin.py:188} INFO - [2025-05-09T15:43:48.853+0000] {dagbag.py:545} INFO - Filling up the DagBag from /home/airflow/.local/lib/python3.10/site-packages/airflow/example_dags/example_setup_teardown_taskflow.py
[2025-05-09T15:43:48.888+0000] {processor.py:840} INFO - DAG(s) 'example_setup_teardown_taskflow' retrieved from /home/airflow/.local/lib/python3.10/site-packages/airflow/example_dags/example_setup_teardown_taskflow.py
[2025-05-09T15:43:48.956+0000] {logging_mixin.py:188} INFO - [2025-05-09T15:43:48.956+0000] {dag.py:3096} INFO - Sync 1 DAGs
[2025-05-09T15:43:49.018+0000] {logging_mixin.py:188} INFO - [2025-05-09T15:43:49.017+0000] {dag.py:3954} INFO - Setting next_dagrun for example_setup_teardown_taskflow to 2025-05-08 00:00:00+00:00, run_after=2025-05-09 00:00:00+00:00
[2025-05-09T15:43:49.079+0000] {processor.py:183} INFO - Processing /home/airflow/.local/lib/python3.10/site-packages/airflow/example_dags/example_setup_teardown_taskflow.py took 0.252 seconds
[2025-05-09T15:44:20.005+0000] {processor.py:161} INFO - Started process (PID=4262) to work on /home/airflow/.local/lib/python3.10/site-packages/airflow/example_dags/example_setup_teardown_taskflow.py
[2025-05-09T15:44:20.006+0000] {processor.py:830} INFO - Processing file /home/airflow/.local/lib/python3.10/site-packages/airflow/example_dags/example_setup_teardown_taskflow.py for tasks to queue
[2025-05-09T15:44:20.008+0000] {logging_mixin.py:188} INFO - [2025-05-09T15:44:20.007+0000] {dagbag.py:545} INFO - Filling up the DagBag from /home/airflow/.local/lib/python3.10/site-packages/airflow/example_dags/example_setup_teardown_taskflow.py
[2025-05-09T15:44:20.018+0000] {processor.py:840} INFO - DAG(s) 'example_setup_teardown_taskflow' retrieved from /home/airflow/.local/lib/python3.10/site-packages/airflow/example_dags/example_setup_teardown_taskflow.py
[2025-05-09T15:44:20.044+0000] {logging_mixin.py:188} INFO - [2025-05-09T15:44:20.044+0000] {dag.py:3096} INFO - Sync 1 DAGs
[2025-05-09T15:44:20.069+0000] {logging_mixin.py:188} INFO - [2025-05-09T15:44:20.069+0000] {dag.py:3954} INFO - Setting next_dagrun for example_setup_teardown_taskflow to 2025-05-08 00:00:00+00:00, run_after=2025-05-09 00:00:00+00:00
[2025-05-09T15:44:20.095+0000] {processor.py:183} INFO - Processing /home/airflow/.local/lib/python3.10/site-packages/airflow/example_dags/example_setup_teardown_taskflow.py took 0.097 seconds
[2025-05-09T15:44:50.750+0000] {processor.py:161} INFO - Started process (PID=4536) to work on /home/airflow/.local/lib/python3.10/site-packages/airflow/example_dags/example_setup_teardown_taskflow.py
[2025-05-09T15:44:50.760+0000] {processor.py:830} INFO - Processing file /home/airflow/.local/lib/python3.10/site-packages/airflow/example_dags/example_setup_teardown_taskflow.py for tasks to queue
[2025-05-09T15:44:50.764+0000] {logging_mixin.py:188} INFO - [2025-05-09T15:44:50.763+0000] {dagbag.py:545} INFO - Filling up the DagBag from /home/airflow/.local/lib/python3.10/site-packages/airflow/example_dags/example_setup_teardown_taskflow.py
[2025-05-09T15:44:50.780+0000] {processor.py:840} INFO - DAG(s) 'example_setup_teardown_taskflow' retrieved from /home/airflow/.local/lib/python3.10/site-packages/airflow/example_dags/example_setup_teardown_taskflow.py
[2025-05-09T15:44:50.817+0000] {logging_mixin.py:188} INFO - [2025-05-09T15:44:50.816+0000] {dag.py:3096} INFO - Sync 1 DAGs
[2025-05-09T15:44:50.851+0000] {logging_mixin.py:188} INFO - [2025-05-09T15:44:50.850+0000] {dag.py:3954} INFO - Setting next_dagrun for example_setup_teardown_taskflow to 2025-05-08 00:00:00+00:00, run_after=2025-05-09 00:00:00+00:00
[2025-05-09T15:44:50.910+0000] {processor.py:183} INFO - Processing /home/airflow/.local/lib/python3.10/site-packages/airflow/example_dags/example_setup_teardown_taskflow.py took 0.169 seconds
[2025-05-09T15:45:21.215+0000] {processor.py:161} INFO - Started process (PID=4804) to work on /home/airflow/.local/lib/python3.10/site-packages/airflow/example_dags/example_setup_teardown_taskflow.py
[2025-05-09T15:45:21.217+0000] {processor.py:830} INFO - Processing file /home/airflow/.local/lib/python3.10/site-packages/airflow/example_dags/example_setup_teardown_taskflow.py for tasks to queue
[2025-05-09T15:45:21.219+0000] {logging_mixin.py:188} INFO - [2025-05-09T15:45:21.219+0000] {dagbag.py:545} INFO - Filling up the DagBag from /home/airflow/.local/lib/python3.10/site-packages/airflow/example_dags/example_setup_teardown_taskflow.py
[2025-05-09T15:45:21.235+0000] {processor.py:840} INFO - DAG(s) 'example_setup_teardown_taskflow' retrieved from /home/airflow/.local/lib/python3.10/site-packages/airflow/example_dags/example_setup_teardown_taskflow.py
[2025-05-09T15:45:21.264+0000] {logging_mixin.py:188} INFO - [2025-05-09T15:45:21.264+0000] {dag.py:3096} INFO - Sync 1 DAGs
[2025-05-09T15:45:21.293+0000] {logging_mixin.py:188} INFO - [2025-05-09T15:45:21.293+0000] {dag.py:3954} INFO - Setting next_dagrun for example_setup_teardown_taskflow to 2025-05-08 00:00:00+00:00, run_after=2025-05-09 00:00:00+00:00
[2025-05-09T15:45:21.332+0000] {processor.py:183} INFO - Processing /home/airflow/.local/lib/python3.10/site-packages/airflow/example_dags/example_setup_teardown_taskflow.py took 0.125 seconds
[2025-05-09T15:45:51.673+0000] {processor.py:161} INFO - Started process (PID=5066) to work on /home/airflow/.local/lib/python3.10/site-packages/airflow/example_dags/example_setup_teardown_taskflow.py
[2025-05-09T15:45:51.676+0000] {processor.py:830} INFO - Processing file /home/airflow/.local/lib/python3.10/site-packages/airflow/example_dags/example_setup_teardown_taskflow.py for tasks to queue
[2025-05-09T15:45:51.680+0000] {logging_mixin.py:188} INFO - [2025-05-09T15:45:51.680+0000] {dagbag.py:545} INFO - Filling up the DagBag from /home/airflow/.local/lib/python3.10/site-packages/airflow/example_dags/example_setup_teardown_taskflow.py
[2025-05-09T15:45:51.699+0000] {processor.py:840} INFO - DAG(s) 'example_setup_teardown_taskflow' retrieved from /home/airflow/.local/lib/python3.10/site-packages/airflow/example_dags/example_setup_teardown_taskflow.py
[2025-05-09T15:45:51.738+0000] {logging_mixin.py:188} INFO - [2025-05-09T15:45:51.738+0000] {dag.py:3096} INFO - Sync 1 DAGs
[2025-05-09T15:45:51.775+0000] {logging_mixin.py:188} INFO - [2025-05-09T15:45:51.775+0000] {dag.py:3954} INFO - Setting next_dagrun for example_setup_teardown_taskflow to 2025-05-08 00:00:00+00:00, run_after=2025-05-09 00:00:00+00:00
[2025-05-09T15:45:51.815+0000] {processor.py:183} INFO - Processing /home/airflow/.local/lib/python3.10/site-packages/airflow/example_dags/example_setup_teardown_taskflow.py took 0.152 seconds
[2025-05-09T15:46:22.014+0000] {processor.py:161} INFO - Started process (PID=5337) to work on /home/airflow/.local/lib/python3.10/site-packages/airflow/example_dags/example_setup_teardown_taskflow.py
[2025-05-09T15:46:22.025+0000] {processor.py:830} INFO - Processing file /home/airflow/.local/lib/python3.10/site-packages/airflow/example_dags/example_setup_teardown_taskflow.py for tasks to queue
[2025-05-09T15:46:22.029+0000] {logging_mixin.py:188} INFO - [2025-05-09T15:46:22.029+0000] {dagbag.py:545} INFO - Filling up the DagBag from /home/airflow/.local/lib/python3.10/site-packages/airflow/example_dags/example_setup_teardown_taskflow.py
[2025-05-09T15:46:22.044+0000] {processor.py:840} INFO - DAG(s) 'example_setup_teardown_taskflow' retrieved from /home/airflow/.local/lib/python3.10/site-packages/airflow/example_dags/example_setup_teardown_taskflow.py
[2025-05-09T15:46:22.083+0000] {logging_mixin.py:188} INFO - [2025-05-09T15:46:22.083+0000] {dag.py:3096} INFO - Sync 1 DAGs
[2025-05-09T15:46:22.112+0000] {logging_mixin.py:188} INFO - [2025-05-09T15:46:22.112+0000] {dag.py:3954} INFO - Setting next_dagrun for example_setup_teardown_taskflow to 2025-05-08 00:00:00+00:00, run_after=2025-05-09 00:00:00+00:00
[2025-05-09T15:46:22.153+0000] {processor.py:183} INFO - Processing /home/airflow/.local/lib/python3.10/site-packages/airflow/example_dags/example_setup_teardown_taskflow.py took 0.146 seconds
[2025-05-09T15:46:52.668+0000] {processor.py:161} INFO - Started process (PID=5599) to work on /home/airflow/.local/lib/python3.10/site-packages/airflow/example_dags/example_setup_teardown_taskflow.py
[2025-05-09T15:46:52.670+0000] {processor.py:830} INFO - Processing file /home/airflow/.local/lib/python3.10/site-packages/airflow/example_dags/example_setup_teardown_taskflow.py for tasks to queue
[2025-05-09T15:46:52.673+0000] {logging_mixin.py:188} INFO - [2025-05-09T15:46:52.672+0000] {dagbag.py:545} INFO - Filling up the DagBag from /home/airflow/.local/lib/python3.10/site-packages/airflow/example_dags/example_setup_teardown_taskflow.py
[2025-05-09T15:46:52.685+0000] {processor.py:840} INFO - DAG(s) 'example_setup_teardown_taskflow' retrieved from /home/airflow/.local/lib/python3.10/site-packages/airflow/example_dags/example_setup_teardown_taskflow.py
[2025-05-09T15:46:52.724+0000] {logging_mixin.py:188} INFO - [2025-05-09T15:46:52.724+0000] {dag.py:3096} INFO - Sync 1 DAGs
[2025-05-09T15:46:52.758+0000] {logging_mixin.py:188} INFO - [2025-05-09T15:46:52.758+0000] {dag.py:3954} INFO - Setting next_dagrun for example_setup_teardown_taskflow to 2025-05-08 00:00:00+00:00, run_after=2025-05-09 00:00:00+00:00
[2025-05-09T15:46:52.781+0000] {processor.py:183} INFO - Processing /home/airflow/.local/lib/python3.10/site-packages/airflow/example_dags/example_setup_teardown_taskflow.py took 0.123 seconds
[2025-05-09T15:47:23.419+0000] {processor.py:161} INFO - Started process (PID=5861) to work on /home/airflow/.local/lib/python3.10/site-packages/airflow/example_dags/example_setup_teardown_taskflow.py
[2025-05-09T15:47:23.421+0000] {processor.py:830} INFO - Processing file /home/airflow/.local/lib/python3.10/site-packages/airflow/example_dags/example_setup_teardown_taskflow.py for tasks to queue
[2025-05-09T15:47:23.425+0000] {logging_mixin.py:188} INFO - [2025-05-09T15:47:23.424+0000] {dagbag.py:545} INFO - Filling up the DagBag from /home/airflow/.local/lib/python3.10/site-packages/airflow/example_dags/example_setup_teardown_taskflow.py
[2025-05-09T15:47:23.437+0000] {processor.py:840} INFO - DAG(s) 'example_setup_teardown_taskflow' retrieved from /home/airflow/.local/lib/python3.10/site-packages/airflow/example_dags/example_setup_teardown_taskflow.py
[2025-05-09T15:47:23.468+0000] {logging_mixin.py:188} INFO - [2025-05-09T15:47:23.468+0000] {dag.py:3096} INFO - Sync 1 DAGs
[2025-05-09T15:47:23.499+0000] {logging_mixin.py:188} INFO - [2025-05-09T15:47:23.499+0000] {dag.py:3954} INFO - Setting next_dagrun for example_setup_teardown_taskflow to 2025-05-08 00:00:00+00:00, run_after=2025-05-09 00:00:00+00:00
[2025-05-09T15:47:23.537+0000] {processor.py:183} INFO - Processing /home/airflow/.local/lib/python3.10/site-packages/airflow/example_dags/example_setup_teardown_taskflow.py took 0.127 seconds
[2025-05-09T15:47:53.953+0000] {processor.py:161} INFO - Started process (PID=6123) to work on /home/airflow/.local/lib/python3.10/site-packages/airflow/example_dags/example_setup_teardown_taskflow.py
[2025-05-09T15:47:53.954+0000] {processor.py:830} INFO - Processing file /home/airflow/.local/lib/python3.10/site-packages/airflow/example_dags/example_setup_teardown_taskflow.py for tasks to queue
[2025-05-09T15:47:53.956+0000] {logging_mixin.py:188} INFO - [2025-05-09T15:47:53.955+0000] {dagbag.py:545} INFO - Filling up the DagBag from /home/airflow/.local/lib/python3.10/site-packages/airflow/example_dags/example_setup_teardown_taskflow.py
[2025-05-09T15:47:53.965+0000] {processor.py:840} INFO - DAG(s) 'example_setup_teardown_taskflow' retrieved from /home/airflow/.local/lib/python3.10/site-packages/airflow/example_dags/example_setup_teardown_taskflow.py
[2025-05-09T15:47:53.990+0000] {logging_mixin.py:188} INFO - [2025-05-09T15:47:53.990+0000] {dag.py:3096} INFO - Sync 1 DAGs
[2025-05-09T15:47:54.013+0000] {logging_mixin.py:188} INFO - [2025-05-09T15:47:54.012+0000] {dag.py:3954} INFO - Setting next_dagrun for example_setup_teardown_taskflow to 2025-05-08 00:00:00+00:00, run_after=2025-05-09 00:00:00+00:00
[2025-05-09T15:47:54.048+0000] {processor.py:183} INFO - Processing /home/airflow/.local/lib/python3.10/site-packages/airflow/example_dags/example_setup_teardown_taskflow.py took 0.104 seconds
[2025-05-09T15:48:24.341+0000] {processor.py:161} INFO - Started process (PID=6396) to work on /home/airflow/.local/lib/python3.10/site-packages/airflow/example_dags/example_setup_teardown_taskflow.py
[2025-05-09T15:48:24.342+0000] {processor.py:830} INFO - Processing file /home/airflow/.local/lib/python3.10/site-packages/airflow/example_dags/example_setup_teardown_taskflow.py for tasks to queue
[2025-05-09T15:48:24.346+0000] {logging_mixin.py:188} INFO - [2025-05-09T15:48:24.345+0000] {dagbag.py:545} INFO - Filling up the DagBag from /home/airflow/.local/lib/python3.10/site-packages/airflow/example_dags/example_setup_teardown_taskflow.py
[2025-05-09T15:48:24.363+0000] {processor.py:840} INFO - DAG(s) 'example_setup_teardown_taskflow' retrieved from /home/airflow/.local/lib/python3.10/site-packages/airflow/example_dags/example_setup_teardown_taskflow.py
[2025-05-09T15:48:24.413+0000] {logging_mixin.py:188} INFO - [2025-05-09T15:48:24.413+0000] {dag.py:3096} INFO - Sync 1 DAGs
[2025-05-09T15:48:24.441+0000] {logging_mixin.py:188} INFO - [2025-05-09T15:48:24.441+0000] {dag.py:3954} INFO - Setting next_dagrun for example_setup_teardown_taskflow to 2025-05-08 00:00:00+00:00, run_after=2025-05-09 00:00:00+00:00
[2025-05-09T15:48:24.476+0000] {processor.py:183} INFO - Processing /home/airflow/.local/lib/python3.10/site-packages/airflow/example_dags/example_setup_teardown_taskflow.py took 0.148 seconds
[2025-05-09T15:48:55.275+0000] {processor.py:161} INFO - Started process (PID=6682) to work on /home/airflow/.local/lib/python3.10/site-packages/airflow/example_dags/example_setup_teardown_taskflow.py
[2025-05-09T15:48:55.280+0000] {processor.py:830} INFO - Processing file /home/airflow/.local/lib/python3.10/site-packages/airflow/example_dags/example_setup_teardown_taskflow.py for tasks to queue
[2025-05-09T15:48:55.285+0000] {logging_mixin.py:188} INFO - [2025-05-09T15:48:55.284+0000] {dagbag.py:545} INFO - Filling up the DagBag from /home/airflow/.local/lib/python3.10/site-packages/airflow/example_dags/example_setup_teardown_taskflow.py
[2025-05-09T15:48:55.304+0000] {processor.py:840} INFO - DAG(s) 'example_setup_teardown_taskflow' retrieved from /home/airflow/.local/lib/python3.10/site-packages/airflow/example_dags/example_setup_teardown_taskflow.py
[2025-05-09T15:48:55.340+0000] {logging_mixin.py:188} INFO - [2025-05-09T15:48:55.339+0000] {dag.py:3096} INFO - Sync 1 DAGs
[2025-05-09T15:48:55.370+0000] {logging_mixin.py:188} INFO - [2025-05-09T15:48:55.370+0000] {dag.py:3954} INFO - Setting next_dagrun for example_setup_teardown_taskflow to 2025-05-08 00:00:00+00:00, run_after=2025-05-09 00:00:00+00:00
[2025-05-09T15:48:55.402+0000] {processor.py:183} INFO - Processing /home/airflow/.local/lib/python3.10/site-packages/airflow/example_dags/example_setup_teardown_taskflow.py took 0.136 seconds
[2025-05-09T15:49:25.623+0000] {processor.py:161} INFO - Started process (PID=6956) to work on /home/airflow/.local/lib/python3.10/site-packages/airflow/example_dags/example_setup_teardown_taskflow.py
[2025-05-09T15:49:25.624+0000] {processor.py:830} INFO - Processing file /home/airflow/.local/lib/python3.10/site-packages/airflow/example_dags/example_setup_teardown_taskflow.py for tasks to queue
[2025-05-09T15:49:25.628+0000] {logging_mixin.py:188} INFO - [2025-05-09T15:49:25.627+0000] {dagbag.py:545} INFO - Filling up the DagBag from /home/airflow/.local/lib/python3.10/site-packages/airflow/example_dags/example_setup_teardown_taskflow.py
[2025-05-09T15:49:25.640+0000] {processor.py:840} INFO - DAG(s) 'example_setup_teardown_taskflow' retrieved from /home/airflow/.local/lib/python3.10/site-packages/airflow/example_dags/example_setup_teardown_taskflow.py
[2025-05-09T15:49:25.672+0000] {logging_mixin.py:188} INFO - [2025-05-09T15:49:25.671+0000] {dag.py:3096} INFO - Sync 1 DAGs
[2025-05-09T15:49:25.700+0000] {logging_mixin.py:188} INFO - [2025-05-09T15:49:25.700+0000] {dag.py:3954} INFO - Setting next_dagrun for example_setup_teardown_taskflow to 2025-05-08 00:00:00+00:00, run_after=2025-05-09 00:00:00+00:00
[2025-05-09T15:49:25.731+0000] {processor.py:183} INFO - Processing /home/airflow/.local/lib/python3.10/site-packages/airflow/example_dags/example_setup_teardown_taskflow.py took 0.117 seconds
[2025-05-09T15:49:55.905+0000] {processor.py:161} INFO - Started process (PID=7218) to work on /home/airflow/.local/lib/python3.10/site-packages/airflow/example_dags/example_setup_teardown_taskflow.py
[2025-05-09T15:49:55.907+0000] {processor.py:830} INFO - Processing file /home/airflow/.local/lib/python3.10/site-packages/airflow/example_dags/example_setup_teardown_taskflow.py for tasks to queue
[2025-05-09T15:49:55.910+0000] {logging_mixin.py:188} INFO - [2025-05-09T15:49:55.910+0000] {dagbag.py:545} INFO - Filling up the DagBag from /home/airflow/.local/lib/python3.10/site-packages/airflow/example_dags/example_setup_teardown_taskflow.py
[2025-05-09T15:49:55.924+0000] {processor.py:840} INFO - DAG(s) 'example_setup_teardown_taskflow' retrieved from /home/airflow/.local/lib/python3.10/site-packages/airflow/example_dags/example_setup_teardown_taskflow.py
[2025-05-09T15:49:55.952+0000] {logging_mixin.py:188} INFO - [2025-05-09T15:49:55.952+0000] {dag.py:3096} INFO - Sync 1 DAGs
[2025-05-09T15:49:55.994+0000] {logging_mixin.py:188} INFO - [2025-05-09T15:49:55.993+0000] {dag.py:3954} INFO - Setting next_dagrun for example_setup_teardown_taskflow to 2025-05-08 00:00:00+00:00, run_after=2025-05-09 00:00:00+00:00
[2025-05-09T15:49:56.020+0000] {processor.py:183} INFO - Processing /home/airflow/.local/lib/python3.10/site-packages/airflow/example_dags/example_setup_teardown_taskflow.py took 0.125 seconds
[2025-05-09T15:50:26.121+0000] {processor.py:161} INFO - Started process (PID=7486) to work on /home/airflow/.local/lib/python3.10/site-packages/airflow/example_dags/example_setup_teardown_taskflow.py
[2025-05-09T15:50:26.122+0000] {processor.py:830} INFO - Processing file /home/airflow/.local/lib/python3.10/site-packages/airflow/example_dags/example_setup_teardown_taskflow.py for tasks to queue
[2025-05-09T15:50:26.124+0000] {logging_mixin.py:188} INFO - [2025-05-09T15:50:26.124+0000] {dagbag.py:545} INFO - Filling up the DagBag from /home/airflow/.local/lib/python3.10/site-packages/airflow/example_dags/example_setup_teardown_taskflow.py
[2025-05-09T15:50:26.139+0000] {processor.py:840} INFO - DAG(s) 'example_setup_teardown_taskflow' retrieved from /home/airflow/.local/lib/python3.10/site-packages/airflow/example_dags/example_setup_teardown_taskflow.py
[2025-05-09T15:50:26.169+0000] {logging_mixin.py:188} INFO - [2025-05-09T15:50:26.168+0000] {dag.py:3096} INFO - Sync 1 DAGs
[2025-05-09T15:50:26.194+0000] {logging_mixin.py:188} INFO - [2025-05-09T15:50:26.194+0000] {dag.py:3954} INFO - Setting next_dagrun for example_setup_teardown_taskflow to 2025-05-08 00:00:00+00:00, run_after=2025-05-09 00:00:00+00:00
[2025-05-09T15:50:26.219+0000] {processor.py:183} INFO - Processing /home/airflow/.local/lib/python3.10/site-packages/airflow/example_dags/example_setup_teardown_taskflow.py took 0.108 seconds
[2025-05-09T15:50:56.478+0000] {processor.py:161} INFO - Started process (PID=7748) to work on /home/airflow/.local/lib/python3.10/site-packages/airflow/example_dags/example_setup_teardown_taskflow.py
[2025-05-09T15:50:56.480+0000] {processor.py:830} INFO - Processing file /home/airflow/.local/lib/python3.10/site-packages/airflow/example_dags/example_setup_teardown_taskflow.py for tasks to queue
[2025-05-09T15:50:56.482+0000] {logging_mixin.py:188} INFO - [2025-05-09T15:50:56.482+0000] {dagbag.py:545} INFO - Filling up the DagBag from /home/airflow/.local/lib/python3.10/site-packages/airflow/example_dags/example_setup_teardown_taskflow.py
[2025-05-09T15:50:56.497+0000] {processor.py:840} INFO - DAG(s) 'example_setup_teardown_taskflow' retrieved from /home/airflow/.local/lib/python3.10/site-packages/airflow/example_dags/example_setup_teardown_taskflow.py
[2025-05-09T15:50:56.533+0000] {logging_mixin.py:188} INFO - [2025-05-09T15:50:56.533+0000] {dag.py:3096} INFO - Sync 1 DAGs
[2025-05-09T15:50:56.559+0000] {logging_mixin.py:188} INFO - [2025-05-09T15:50:56.559+0000] {dag.py:3954} INFO - Setting next_dagrun for example_setup_teardown_taskflow to 2025-05-08 00:00:00+00:00, run_after=2025-05-09 00:00:00+00:00
[2025-05-09T15:50:56.586+0000] {processor.py:183} INFO - Processing /home/airflow/.local/lib/python3.10/site-packages/airflow/example_dags/example_setup_teardown_taskflow.py took 0.118 seconds
[2025-05-09T15:51:26.919+0000] {processor.py:161} INFO - Started process (PID=8019) to work on /home/airflow/.local/lib/python3.10/site-packages/airflow/example_dags/example_setup_teardown_taskflow.py
[2025-05-09T15:51:26.921+0000] {processor.py:830} INFO - Processing file /home/airflow/.local/lib/python3.10/site-packages/airflow/example_dags/example_setup_teardown_taskflow.py for tasks to queue
[2025-05-09T15:51:26.925+0000] {logging_mixin.py:188} INFO - [2025-05-09T15:51:26.924+0000] {dagbag.py:545} INFO - Filling up the DagBag from /home/airflow/.local/lib/python3.10/site-packages/airflow/example_dags/example_setup_teardown_taskflow.py
[2025-05-09T15:51:26.951+0000] {processor.py:840} INFO - DAG(s) 'example_setup_teardown_taskflow' retrieved from /home/airflow/.local/lib/python3.10/site-packages/airflow/example_dags/example_setup_teardown_taskflow.py
[2025-05-09T15:51:26.987+0000] {logging_mixin.py:188} INFO - [2025-05-09T15:51:26.986+0000] {dag.py:3096} INFO - Sync 1 DAGs
[2025-05-09T15:51:27.025+0000] {logging_mixin.py:188} INFO - [2025-05-09T15:51:27.025+0000] {dag.py:3954} INFO - Setting next_dagrun for example_setup_teardown_taskflow to 2025-05-08 00:00:00+00:00, run_after=2025-05-09 00:00:00+00:00
[2025-05-09T15:51:27.068+0000] {processor.py:183} INFO - Processing /home/airflow/.local/lib/python3.10/site-packages/airflow/example_dags/example_setup_teardown_taskflow.py took 0.165 seconds
[2025-05-09T15:51:57.393+0000] {processor.py:161} INFO - Started process (PID=8281) to work on /home/airflow/.local/lib/python3.10/site-packages/airflow/example_dags/example_setup_teardown_taskflow.py
[2025-05-09T15:51:57.395+0000] {processor.py:830} INFO - Processing file /home/airflow/.local/lib/python3.10/site-packages/airflow/example_dags/example_setup_teardown_taskflow.py for tasks to queue
[2025-05-09T15:51:57.397+0000] {logging_mixin.py:188} INFO - [2025-05-09T15:51:57.396+0000] {dagbag.py:545} INFO - Filling up the DagBag from /home/airflow/.local/lib/python3.10/site-packages/airflow/example_dags/example_setup_teardown_taskflow.py
[2025-05-09T15:51:57.408+0000] {processor.py:840} INFO - DAG(s) 'example_setup_teardown_taskflow' retrieved from /home/airflow/.local/lib/python3.10/site-packages/airflow/example_dags/example_setup_teardown_taskflow.py
[2025-05-09T15:51:57.436+0000] {logging_mixin.py:188} INFO - [2025-05-09T15:51:57.435+0000] {dag.py:3096} INFO - Sync 1 DAGs
[2025-05-09T15:51:57.462+0000] {logging_mixin.py:188} INFO - [2025-05-09T15:51:57.462+0000] {dag.py:3954} INFO - Setting next_dagrun for example_setup_teardown_taskflow to 2025-05-08 00:00:00+00:00, run_after=2025-05-09 00:00:00+00:00
[2025-05-09T15:51:57.487+0000] {processor.py:183} INFO - Processing /home/airflow/.local/lib/python3.10/site-packages/airflow/example_dags/example_setup_teardown_taskflow.py took 0.100 seconds
[2025-05-09T15:52:28.287+0000] {processor.py:161} INFO - Started process (PID=8549) to work on /home/airflow/.local/lib/python3.10/site-packages/airflow/example_dags/example_setup_teardown_taskflow.py
[2025-05-09T15:52:28.290+0000] {processor.py:830} INFO - Processing file /home/airflow/.local/lib/python3.10/site-packages/airflow/example_dags/example_setup_teardown_taskflow.py for tasks to queue
[2025-05-09T15:52:28.292+0000] {logging_mixin.py:188} INFO - [2025-05-09T15:52:28.292+0000] {dagbag.py:545} INFO - Filling up the DagBag from /home/airflow/.local/lib/python3.10/site-packages/airflow/example_dags/example_setup_teardown_taskflow.py
[2025-05-09T15:52:28.302+0000] {processor.py:840} INFO - DAG(s) 'example_setup_teardown_taskflow' retrieved from /home/airflow/.local/lib/python3.10/site-packages/airflow/example_dags/example_setup_teardown_taskflow.py
[2025-05-09T15:52:28.329+0000] {logging_mixin.py:188} INFO - [2025-05-09T15:52:28.328+0000] {dag.py:3096} INFO - Sync 1 DAGs
[2025-05-09T15:52:28.350+0000] {logging_mixin.py:188} INFO - [2025-05-09T15:52:28.350+0000] {dag.py:3954} INFO - Setting next_dagrun for example_setup_teardown_taskflow to 2025-05-08 00:00:00+00:00, run_after=2025-05-09 00:00:00+00:00
[2025-05-09T15:52:28.376+0000] {processor.py:183} INFO - Processing /home/airflow/.local/lib/python3.10/site-packages/airflow/example_dags/example_setup_teardown_taskflow.py took 0.095 seconds
[2025-05-09T15:52:58.494+0000] {processor.py:161} INFO - Started process (PID=8811) to work on /home/airflow/.local/lib/python3.10/site-packages/airflow/example_dags/example_setup_teardown_taskflow.py
[2025-05-09T15:52:58.497+0000] {processor.py:830} INFO - Processing file /home/airflow/.local/lib/python3.10/site-packages/airflow/example_dags/example_setup_teardown_taskflow.py for tasks to queue
[2025-05-09T15:52:58.499+0000] {logging_mixin.py:188} INFO - [2025-05-09T15:52:58.499+0000] {dagbag.py:545} INFO - Filling up the DagBag from /home/airflow/.local/lib/python3.10/site-packages/airflow/example_dags/example_setup_teardown_taskflow.py
[2025-05-09T15:52:58.508+0000] {processor.py:840} INFO - DAG(s) 'example_setup_teardown_taskflow' retrieved from /home/airflow/.local/lib/python3.10/site-packages/airflow/example_dags/example_setup_teardown_taskflow.py
[2025-05-09T15:52:58.536+0000] {logging_mixin.py:188} INFO - [2025-05-09T15:52:58.536+0000] {dag.py:3096} INFO - Sync 1 DAGs
[2025-05-09T15:52:58.563+0000] {logging_mixin.py:188} INFO - [2025-05-09T15:52:58.562+0000] {dag.py:3954} INFO - Setting next_dagrun for example_setup_teardown_taskflow to 2025-05-08 00:00:00+00:00, run_after=2025-05-09 00:00:00+00:00
[2025-05-09T15:52:58.586+0000] {processor.py:183} INFO - Processing /home/airflow/.local/lib/python3.10/site-packages/airflow/example_dags/example_setup_teardown_taskflow.py took 0.098 seconds
[2025-05-09T15:53:29.121+0000] {processor.py:161} INFO - Started process (PID=9082) to work on /home/airflow/.local/lib/python3.10/site-packages/airflow/example_dags/example_setup_teardown_taskflow.py
[2025-05-09T15:53:29.123+0000] {processor.py:830} INFO - Processing file /home/airflow/.local/lib/python3.10/site-packages/airflow/example_dags/example_setup_teardown_taskflow.py for tasks to queue
[2025-05-09T15:53:29.126+0000] {logging_mixin.py:188} INFO - [2025-05-09T15:53:29.126+0000] {dagbag.py:545} INFO - Filling up the DagBag from /home/airflow/.local/lib/python3.10/site-packages/airflow/example_dags/example_setup_teardown_taskflow.py
[2025-05-09T15:53:29.136+0000] {processor.py:840} INFO - DAG(s) 'example_setup_teardown_taskflow' retrieved from /home/airflow/.local/lib/python3.10/site-packages/airflow/example_dags/example_setup_teardown_taskflow.py
[2025-05-09T15:53:29.166+0000] {logging_mixin.py:188} INFO - [2025-05-09T15:53:29.166+0000] {dag.py:3096} INFO - Sync 1 DAGs
[2025-05-09T15:53:29.195+0000] {logging_mixin.py:188} INFO - [2025-05-09T15:53:29.194+0000] {dag.py:3954} INFO - Setting next_dagrun for example_setup_teardown_taskflow to 2025-05-08 00:00:00+00:00, run_after=2025-05-09 00:00:00+00:00
[2025-05-09T15:53:29.229+0000] {processor.py:183} INFO - Processing /home/airflow/.local/lib/python3.10/site-packages/airflow/example_dags/example_setup_teardown_taskflow.py took 0.115 seconds
[2025-05-09T15:53:59.352+0000] {processor.py:161} INFO - Started process (PID=9356) to work on /home/airflow/.local/lib/python3.10/site-packages/airflow/example_dags/example_setup_teardown_taskflow.py
[2025-05-09T15:53:59.354+0000] {processor.py:830} INFO - Processing file /home/airflow/.local/lib/python3.10/site-packages/airflow/example_dags/example_setup_teardown_taskflow.py for tasks to queue
[2025-05-09T15:53:59.356+0000] {logging_mixin.py:188} INFO - [2025-05-09T15:53:59.356+0000] {dagbag.py:545} INFO - Filling up the DagBag from /home/airflow/.local/lib/python3.10/site-packages/airflow/example_dags/example_setup_teardown_taskflow.py
[2025-05-09T15:53:59.369+0000] {processor.py:840} INFO - DAG(s) 'example_setup_teardown_taskflow' retrieved from /home/airflow/.local/lib/python3.10/site-packages/airflow/example_dags/example_setup_teardown_taskflow.py
[2025-05-09T15:53:59.402+0000] {logging_mixin.py:188} INFO - [2025-05-09T15:53:59.402+0000] {dag.py:3096} INFO - Sync 1 DAGs
[2025-05-09T15:53:59.428+0000] {logging_mixin.py:188} INFO - [2025-05-09T15:53:59.428+0000] {dag.py:3954} INFO - Setting next_dagrun for example_setup_teardown_taskflow to 2025-05-08 00:00:00+00:00, run_after=2025-05-09 00:00:00+00:00
[2025-05-09T15:53:59.457+0000] {processor.py:183} INFO - Processing /home/airflow/.local/lib/python3.10/site-packages/airflow/example_dags/example_setup_teardown_taskflow.py took 0.112 seconds
[2025-05-09T15:54:30.186+0000] {processor.py:161} INFO - Started process (PID=9630) to work on /home/airflow/.local/lib/python3.10/site-packages/airflow/example_dags/example_setup_teardown_taskflow.py
[2025-05-09T15:54:30.188+0000] {processor.py:830} INFO - Processing file /home/airflow/.local/lib/python3.10/site-packages/airflow/example_dags/example_setup_teardown_taskflow.py for tasks to queue
[2025-05-09T15:54:30.190+0000] {logging_mixin.py:188} INFO - [2025-05-09T15:54:30.190+0000] {dagbag.py:545} INFO - Filling up the DagBag from /home/airflow/.local/lib/python3.10/site-packages/airflow/example_dags/example_setup_teardown_taskflow.py
[2025-05-09T15:54:30.199+0000] {processor.py:840} INFO - DAG(s) 'example_setup_teardown_taskflow' retrieved from /home/airflow/.local/lib/python3.10/site-packages/airflow/example_dags/example_setup_teardown_taskflow.py
[2025-05-09T15:54:30.226+0000] {logging_mixin.py:188} INFO - [2025-05-09T15:54:30.226+0000] {dag.py:3096} INFO - Sync 1 DAGs
[2025-05-09T15:54:30.252+0000] {logging_mixin.py:188} INFO - [2025-05-09T15:54:30.251+0000] {dag.py:3954} INFO - Setting next_dagrun for example_setup_teardown_taskflow to 2025-05-08 00:00:00+00:00, run_after=2025-05-09 00:00:00+00:00
[2025-05-09T15:54:30.274+0000] {processor.py:183} INFO - Processing /home/airflow/.local/lib/python3.10/site-packages/airflow/example_dags/example_setup_teardown_taskflow.py took 0.096 seconds
[2025-05-09T15:55:00.712+0000] {processor.py:161} INFO - Started process (PID=9894) to work on /home/airflow/.local/lib/python3.10/site-packages/airflow/example_dags/example_setup_teardown_taskflow.py
[2025-05-09T15:55:00.714+0000] {processor.py:830} INFO - Processing file /home/airflow/.local/lib/python3.10/site-packages/airflow/example_dags/example_setup_teardown_taskflow.py for tasks to queue
[2025-05-09T15:55:00.717+0000] {logging_mixin.py:188} INFO - [2025-05-09T15:55:00.717+0000] {dagbag.py:545} INFO - Filling up the DagBag from /home/airflow/.local/lib/python3.10/site-packages/airflow/example_dags/example_setup_teardown_taskflow.py
[2025-05-09T15:55:00.726+0000] {processor.py:840} INFO - DAG(s) 'example_setup_teardown_taskflow' retrieved from /home/airflow/.local/lib/python3.10/site-packages/airflow/example_dags/example_setup_teardown_taskflow.py
[2025-05-09T15:55:00.757+0000] {logging_mixin.py:188} INFO - [2025-05-09T15:55:00.756+0000] {dag.py:3096} INFO - Sync 1 DAGs
[2025-05-09T15:55:00.783+0000] {logging_mixin.py:188} INFO - [2025-05-09T15:55:00.782+0000] {dag.py:3954} INFO - Setting next_dagrun for example_setup_teardown_taskflow to 2025-05-08 00:00:00+00:00, run_after=2025-05-09 00:00:00+00:00
[2025-05-09T15:55:00.815+0000] {processor.py:183} INFO - Processing /home/airflow/.local/lib/python3.10/site-packages/airflow/example_dags/example_setup_teardown_taskflow.py took 0.108 seconds
[2025-05-09T15:55:30.995+0000] {processor.py:161} INFO - Started process (PID=10163) to work on /home/airflow/.local/lib/python3.10/site-packages/airflow/example_dags/example_setup_teardown_taskflow.py
[2025-05-09T15:55:30.997+0000] {processor.py:830} INFO - Processing file /home/airflow/.local/lib/python3.10/site-packages/airflow/example_dags/example_setup_teardown_taskflow.py for tasks to queue
[2025-05-09T15:55:30.999+0000] {logging_mixin.py:188} INFO - [2025-05-09T15:55:30.998+0000] {dagbag.py:545} INFO - Filling up the DagBag from /home/airflow/.local/lib/python3.10/site-packages/airflow/example_dags/example_setup_teardown_taskflow.py
[2025-05-09T15:55:31.008+0000] {processor.py:840} INFO - DAG(s) 'example_setup_teardown_taskflow' retrieved from /home/airflow/.local/lib/python3.10/site-packages/airflow/example_dags/example_setup_teardown_taskflow.py
[2025-05-09T15:55:31.034+0000] {logging_mixin.py:188} INFO - [2025-05-09T15:55:31.033+0000] {dag.py:3096} INFO - Sync 1 DAGs
[2025-05-09T15:55:31.055+0000] {logging_mixin.py:188} INFO - [2025-05-09T15:55:31.055+0000] {dag.py:3954} INFO - Setting next_dagrun for example_setup_teardown_taskflow to 2025-05-08 00:00:00+00:00, run_after=2025-05-09 00:00:00+00:00
[2025-05-09T15:55:31.079+0000] {processor.py:183} INFO - Processing /home/airflow/.local/lib/python3.10/site-packages/airflow/example_dags/example_setup_teardown_taskflow.py took 0.090 seconds
[2025-05-09T15:56:01.419+0000] {processor.py:161} INFO - Started process (PID=10427) to work on /home/airflow/.local/lib/python3.10/site-packages/airflow/example_dags/example_setup_teardown_taskflow.py
[2025-05-09T15:56:01.422+0000] {processor.py:830} INFO - Processing file /home/airflow/.local/lib/python3.10/site-packages/airflow/example_dags/example_setup_teardown_taskflow.py for tasks to queue
[2025-05-09T15:56:01.426+0000] {logging_mixin.py:188} INFO - [2025-05-09T15:56:01.425+0000] {dagbag.py:545} INFO - Filling up the DagBag from /home/airflow/.local/lib/python3.10/site-packages/airflow/example_dags/example_setup_teardown_taskflow.py
[2025-05-09T15:56:01.437+0000] {processor.py:840} INFO - DAG(s) 'example_setup_teardown_taskflow' retrieved from /home/airflow/.local/lib/python3.10/site-packages/airflow/example_dags/example_setup_teardown_taskflow.py
[2025-05-09T15:56:01.467+0000] {logging_mixin.py:188} INFO - [2025-05-09T15:56:01.466+0000] {dag.py:3096} INFO - Sync 1 DAGs
[2025-05-09T15:56:01.494+0000] {logging_mixin.py:188} INFO - [2025-05-09T15:56:01.494+0000] {dag.py:3954} INFO - Setting next_dagrun for example_setup_teardown_taskflow to 2025-05-08 00:00:00+00:00, run_after=2025-05-09 00:00:00+00:00
[2025-05-09T15:56:01.525+0000] {processor.py:183} INFO - Processing /home/airflow/.local/lib/python3.10/site-packages/airflow/example_dags/example_setup_teardown_taskflow.py took 0.113 seconds
[2025-05-09T15:56:31.780+0000] {processor.py:161} INFO - Started process (PID=10696) to work on /home/airflow/.local/lib/python3.10/site-packages/airflow/example_dags/example_setup_teardown_taskflow.py
[2025-05-09T15:56:31.781+0000] {processor.py:830} INFO - Processing file /home/airflow/.local/lib/python3.10/site-packages/airflow/example_dags/example_setup_teardown_taskflow.py for tasks to queue
[2025-05-09T15:56:31.783+0000] {logging_mixin.py:188} INFO - [2025-05-09T15:56:31.783+0000] {dagbag.py:545} INFO - Filling up the DagBag from /home/airflow/.local/lib/python3.10/site-packages/airflow/example_dags/example_setup_teardown_taskflow.py
[2025-05-09T15:56:31.791+0000] {processor.py:840} INFO - DAG(s) 'example_setup_teardown_taskflow' retrieved from /home/airflow/.local/lib/python3.10/site-packages/airflow/example_dags/example_setup_teardown_taskflow.py
[2025-05-09T15:56:31.816+0000] {logging_mixin.py:188} INFO - [2025-05-09T15:56:31.816+0000] {dag.py:3096} INFO - Sync 1 DAGs
[2025-05-09T15:56:31.838+0000] {logging_mixin.py:188} INFO - [2025-05-09T15:56:31.837+0000] {dag.py:3954} INFO - Setting next_dagrun for example_setup_teardown_taskflow to 2025-05-08 00:00:00+00:00, run_after=2025-05-09 00:00:00+00:00
[2025-05-09T15:56:31.867+0000] {processor.py:183} INFO - Processing /home/airflow/.local/lib/python3.10/site-packages/airflow/example_dags/example_setup_teardown_taskflow.py took 0.093 seconds
[2025-05-09T15:57:01.994+0000] {processor.py:161} INFO - Started process (PID=10961) to work on /home/airflow/.local/lib/python3.10/site-packages/airflow/example_dags/example_setup_teardown_taskflow.py
[2025-05-09T15:57:01.996+0000] {processor.py:830} INFO - Processing file /home/airflow/.local/lib/python3.10/site-packages/airflow/example_dags/example_setup_teardown_taskflow.py for tasks to queue
[2025-05-09T15:57:01.999+0000] {logging_mixin.py:188} INFO - [2025-05-09T15:57:01.999+0000] {dagbag.py:545} INFO - Filling up the DagBag from /home/airflow/.local/lib/python3.10/site-packages/airflow/example_dags/example_setup_teardown_taskflow.py
[2025-05-09T15:57:02.008+0000] {processor.py:840} INFO - DAG(s) 'example_setup_teardown_taskflow' retrieved from /home/airflow/.local/lib/python3.10/site-packages/airflow/example_dags/example_setup_teardown_taskflow.py
[2025-05-09T15:57:02.031+0000] {logging_mixin.py:188} INFO - [2025-05-09T15:57:02.031+0000] {dag.py:3096} INFO - Sync 1 DAGs
[2025-05-09T15:57:02.054+0000] {logging_mixin.py:188} INFO - [2025-05-09T15:57:02.053+0000] {dag.py:3954} INFO - Setting next_dagrun for example_setup_teardown_taskflow to 2025-05-08 00:00:00+00:00, run_after=2025-05-09 00:00:00+00:00
[2025-05-09T15:57:02.078+0000] {processor.py:183} INFO - Processing /home/airflow/.local/lib/python3.10/site-packages/airflow/example_dags/example_setup_teardown_taskflow.py took 0.092 seconds
[2025-05-09T15:57:32.241+0000] {processor.py:161} INFO - Started process (PID=11229) to work on /home/airflow/.local/lib/python3.10/site-packages/airflow/example_dags/example_setup_teardown_taskflow.py
[2025-05-09T15:57:32.242+0000] {processor.py:830} INFO - Processing file /home/airflow/.local/lib/python3.10/site-packages/airflow/example_dags/example_setup_teardown_taskflow.py for tasks to queue
[2025-05-09T15:57:32.245+0000] {logging_mixin.py:188} INFO - [2025-05-09T15:57:32.244+0000] {dagbag.py:545} INFO - Filling up the DagBag from /home/airflow/.local/lib/python3.10/site-packages/airflow/example_dags/example_setup_teardown_taskflow.py
[2025-05-09T15:57:32.253+0000] {processor.py:840} INFO - DAG(s) 'example_setup_teardown_taskflow' retrieved from /home/airflow/.local/lib/python3.10/site-packages/airflow/example_dags/example_setup_teardown_taskflow.py
[2025-05-09T15:57:32.277+0000] {logging_mixin.py:188} INFO - [2025-05-09T15:57:32.277+0000] {dag.py:3096} INFO - Sync 1 DAGs
[2025-05-09T15:57:32.297+0000] {logging_mixin.py:188} INFO - [2025-05-09T15:57:32.297+0000] {dag.py:3954} INFO - Setting next_dagrun for example_setup_teardown_taskflow to 2025-05-08 00:00:00+00:00, run_after=2025-05-09 00:00:00+00:00
[2025-05-09T15:57:32.321+0000] {processor.py:183} INFO - Processing /home/airflow/.local/lib/python3.10/site-packages/airflow/example_dags/example_setup_teardown_taskflow.py took 0.088 seconds
[2025-05-09T15:58:02.927+0000] {processor.py:161} INFO - Started process (PID=11495) to work on /home/airflow/.local/lib/python3.10/site-packages/airflow/example_dags/example_setup_teardown_taskflow.py
[2025-05-09T15:58:02.928+0000] {processor.py:830} INFO - Processing file /home/airflow/.local/lib/python3.10/site-packages/airflow/example_dags/example_setup_teardown_taskflow.py for tasks to queue
[2025-05-09T15:58:02.931+0000] {logging_mixin.py:188} INFO - [2025-05-09T15:58:02.931+0000] {dagbag.py:545} INFO - Filling up the DagBag from /home/airflow/.local/lib/python3.10/site-packages/airflow/example_dags/example_setup_teardown_taskflow.py
[2025-05-09T15:58:02.944+0000] {processor.py:840} INFO - DAG(s) 'example_setup_teardown_taskflow' retrieved from /home/airflow/.local/lib/python3.10/site-packages/airflow/example_dags/example_setup_teardown_taskflow.py
[2025-05-09T15:58:02.974+0000] {logging_mixin.py:188} INFO - [2025-05-09T15:58:02.974+0000] {dag.py:3096} INFO - Sync 1 DAGs
[2025-05-09T15:58:03.002+0000] {logging_mixin.py:188} INFO - [2025-05-09T15:58:03.001+0000] {dag.py:3954} INFO - Setting next_dagrun for example_setup_teardown_taskflow to 2025-05-08 00:00:00+00:00, run_after=2025-05-09 00:00:00+00:00
[2025-05-09T15:58:03.030+0000] {processor.py:183} INFO - Processing /home/airflow/.local/lib/python3.10/site-packages/airflow/example_dags/example_setup_teardown_taskflow.py took 0.110 seconds
[2025-05-09T15:58:33.274+0000] {processor.py:161} INFO - Started process (PID=11762) to work on /home/airflow/.local/lib/python3.10/site-packages/airflow/example_dags/example_setup_teardown_taskflow.py
[2025-05-09T15:58:33.275+0000] {processor.py:830} INFO - Processing file /home/airflow/.local/lib/python3.10/site-packages/airflow/example_dags/example_setup_teardown_taskflow.py for tasks to queue
[2025-05-09T15:58:33.277+0000] {logging_mixin.py:188} INFO - [2025-05-09T15:58:33.277+0000] {dagbag.py:545} INFO - Filling up the DagBag from /home/airflow/.local/lib/python3.10/site-packages/airflow/example_dags/example_setup_teardown_taskflow.py
[2025-05-09T15:58:33.288+0000] {processor.py:840} INFO - DAG(s) 'example_setup_teardown_taskflow' retrieved from /home/airflow/.local/lib/python3.10/site-packages/airflow/example_dags/example_setup_teardown_taskflow.py
[2025-05-09T15:58:33.314+0000] {logging_mixin.py:188} INFO - [2025-05-09T15:58:33.313+0000] {dag.py:3096} INFO - Sync 1 DAGs
[2025-05-09T15:58:33.339+0000] {logging_mixin.py:188} INFO - [2025-05-09T15:58:33.338+0000] {dag.py:3954} INFO - Setting next_dagrun for example_setup_teardown_taskflow to 2025-05-08 00:00:00+00:00, run_after=2025-05-09 00:00:00+00:00
[2025-05-09T15:58:33.362+0000] {processor.py:183} INFO - Processing /home/airflow/.local/lib/python3.10/site-packages/airflow/example_dags/example_setup_teardown_taskflow.py took 0.094 seconds
[2025-05-09T15:59:04.257+0000] {processor.py:161} INFO - Started process (PID=12031) to work on /home/airflow/.local/lib/python3.10/site-packages/airflow/example_dags/example_setup_teardown_taskflow.py
[2025-05-09T15:59:04.259+0000] {processor.py:830} INFO - Processing file /home/airflow/.local/lib/python3.10/site-packages/airflow/example_dags/example_setup_teardown_taskflow.py for tasks to queue
[2025-05-09T15:59:04.262+0000] {logging_mixin.py:188} INFO - [2025-05-09T15:59:04.261+0000] {dagbag.py:545} INFO - Filling up the DagBag from /home/airflow/.local/lib/python3.10/site-packages/airflow/example_dags/example_setup_teardown_taskflow.py
[2025-05-09T15:59:04.276+0000] {processor.py:840} INFO - DAG(s) 'example_setup_teardown_taskflow' retrieved from /home/airflow/.local/lib/python3.10/site-packages/airflow/example_dags/example_setup_teardown_taskflow.py
[2025-05-09T15:59:04.316+0000] {logging_mixin.py:188} INFO - [2025-05-09T15:59:04.316+0000] {dag.py:3096} INFO - Sync 1 DAGs
[2025-05-09T15:59:04.350+0000] {logging_mixin.py:188} INFO - [2025-05-09T15:59:04.350+0000] {dag.py:3954} INFO - Setting next_dagrun for example_setup_teardown_taskflow to 2025-05-08 00:00:00+00:00, run_after=2025-05-09 00:00:00+00:00
[2025-05-09T15:59:04.386+0000] {processor.py:183} INFO - Processing /home/airflow/.local/lib/python3.10/site-packages/airflow/example_dags/example_setup_teardown_taskflow.py took 0.137 seconds
[2025-05-09T15:59:34.978+0000] {processor.py:161} INFO - Started process (PID=12295) to work on /home/airflow/.local/lib/python3.10/site-packages/airflow/example_dags/example_setup_teardown_taskflow.py
[2025-05-09T15:59:34.981+0000] {processor.py:830} INFO - Processing file /home/airflow/.local/lib/python3.10/site-packages/airflow/example_dags/example_setup_teardown_taskflow.py for tasks to queue
[2025-05-09T15:59:34.985+0000] {logging_mixin.py:188} INFO - [2025-05-09T15:59:34.985+0000] {dagbag.py:545} INFO - Filling up the DagBag from /home/airflow/.local/lib/python3.10/site-packages/airflow/example_dags/example_setup_teardown_taskflow.py
[2025-05-09T15:59:35.002+0000] {processor.py:840} INFO - DAG(s) 'example_setup_teardown_taskflow' retrieved from /home/airflow/.local/lib/python3.10/site-packages/airflow/example_dags/example_setup_teardown_taskflow.py
[2025-05-09T15:59:35.038+0000] {logging_mixin.py:188} INFO - [2025-05-09T15:59:35.038+0000] {dag.py:3096} INFO - Sync 1 DAGs
[2025-05-09T15:59:35.072+0000] {logging_mixin.py:188} INFO - [2025-05-09T15:59:35.072+0000] {dag.py:3954} INFO - Setting next_dagrun for example_setup_teardown_taskflow to 2025-05-08 00:00:00+00:00, run_after=2025-05-09 00:00:00+00:00
[2025-05-09T15:59:35.103+0000] {processor.py:183} INFO - Processing /home/airflow/.local/lib/python3.10/site-packages/airflow/example_dags/example_setup_teardown_taskflow.py took 0.132 seconds
[2025-05-09T16:00:06.034+0000] {processor.py:161} INFO - Started process (PID=12586) to work on /home/airflow/.local/lib/python3.10/site-packages/airflow/example_dags/example_setup_teardown_taskflow.py
[2025-05-09T16:00:06.036+0000] {processor.py:830} INFO - Processing file /home/airflow/.local/lib/python3.10/site-packages/airflow/example_dags/example_setup_teardown_taskflow.py for tasks to queue
[2025-05-09T16:00:06.040+0000] {logging_mixin.py:188} INFO - [2025-05-09T16:00:06.039+0000] {dagbag.py:545} INFO - Filling up the DagBag from /home/airflow/.local/lib/python3.10/site-packages/airflow/example_dags/example_setup_teardown_taskflow.py
[2025-05-09T16:00:06.055+0000] {processor.py:840} INFO - DAG(s) 'example_setup_teardown_taskflow' retrieved from /home/airflow/.local/lib/python3.10/site-packages/airflow/example_dags/example_setup_teardown_taskflow.py
[2025-05-09T16:00:06.092+0000] {logging_mixin.py:188} INFO - [2025-05-09T16:00:06.091+0000] {dag.py:3096} INFO - Sync 1 DAGs
[2025-05-09T16:00:06.128+0000] {logging_mixin.py:188} INFO - [2025-05-09T16:00:06.128+0000] {dag.py:3954} INFO - Setting next_dagrun for example_setup_teardown_taskflow to 2025-05-08 00:00:00+00:00, run_after=2025-05-09 00:00:00+00:00
[2025-05-09T16:00:06.160+0000] {processor.py:183} INFO - Processing /home/airflow/.local/lib/python3.10/site-packages/airflow/example_dags/example_setup_teardown_taskflow.py took 0.134 seconds
[2025-05-09T16:00:36.809+0000] {processor.py:161} INFO - Started process (PID=12882) to work on /home/airflow/.local/lib/python3.10/site-packages/airflow/example_dags/example_setup_teardown_taskflow.py
[2025-05-09T16:00:36.811+0000] {processor.py:830} INFO - Processing file /home/airflow/.local/lib/python3.10/site-packages/airflow/example_dags/example_setup_teardown_taskflow.py for tasks to queue
[2025-05-09T16:00:36.813+0000] {logging_mixin.py:188} INFO - [2025-05-09T16:00:36.813+0000] {dagbag.py:545} INFO - Filling up the DagBag from /home/airflow/.local/lib/python3.10/site-packages/airflow/example_dags/example_setup_teardown_taskflow.py
[2025-05-09T16:00:36.823+0000] {processor.py:840} INFO - DAG(s) 'example_setup_teardown_taskflow' retrieved from /home/airflow/.local/lib/python3.10/site-packages/airflow/example_dags/example_setup_teardown_taskflow.py
[2025-05-09T16:00:36.846+0000] {logging_mixin.py:188} INFO - [2025-05-09T16:00:36.846+0000] {dag.py:3096} INFO - Sync 1 DAGs
[2025-05-09T16:00:36.879+0000] {logging_mixin.py:188} INFO - [2025-05-09T16:00:36.879+0000] {dag.py:3954} INFO - Setting next_dagrun for example_setup_teardown_taskflow to 2025-05-08 00:00:00+00:00, run_after=2025-05-09 00:00:00+00:00
[2025-05-09T16:00:36.913+0000] {processor.py:183} INFO - Processing /home/airflow/.local/lib/python3.10/site-packages/airflow/example_dags/example_setup_teardown_taskflow.py took 0.111 seconds
[2025-05-09T16:01:07.222+0000] {processor.py:161} INFO - Started process (PID=13168) to work on /home/airflow/.local/lib/python3.10/site-packages/airflow/example_dags/example_setup_teardown_taskflow.py
[2025-05-09T16:01:07.225+0000] {processor.py:830} INFO - Processing file /home/airflow/.local/lib/python3.10/site-packages/airflow/example_dags/example_setup_teardown_taskflow.py for tasks to queue
[2025-05-09T16:01:07.227+0000] {logging_mixin.py:188} INFO - [2025-05-09T16:01:07.226+0000] {dagbag.py:545} INFO - Filling up the DagBag from /home/airflow/.local/lib/python3.10/site-packages/airflow/example_dags/example_setup_teardown_taskflow.py
[2025-05-09T16:01:07.240+0000] {processor.py:840} INFO - DAG(s) 'example_setup_teardown_taskflow' retrieved from /home/airflow/.local/lib/python3.10/site-packages/airflow/example_dags/example_setup_teardown_taskflow.py
[2025-05-09T16:01:07.275+0000] {logging_mixin.py:188} INFO - [2025-05-09T16:01:07.275+0000] {dag.py:3096} INFO - Sync 1 DAGs
[2025-05-09T16:01:07.310+0000] {logging_mixin.py:188} INFO - [2025-05-09T16:01:07.310+0000] {dag.py:3954} INFO - Setting next_dagrun for example_setup_teardown_taskflow to 2025-05-08 00:00:00+00:00, run_after=2025-05-09 00:00:00+00:00
[2025-05-09T16:01:07.351+0000] {processor.py:183} INFO - Processing /home/airflow/.local/lib/python3.10/site-packages/airflow/example_dags/example_setup_teardown_taskflow.py took 0.136 seconds
[2025-05-09T16:01:37.797+0000] {processor.py:161} INFO - Started process (PID=13441) to work on /home/airflow/.local/lib/python3.10/site-packages/airflow/example_dags/example_setup_teardown_taskflow.py
[2025-05-09T16:01:37.800+0000] {processor.py:830} INFO - Processing file /home/airflow/.local/lib/python3.10/site-packages/airflow/example_dags/example_setup_teardown_taskflow.py for tasks to queue
[2025-05-09T16:01:37.802+0000] {logging_mixin.py:188} INFO - [2025-05-09T16:01:37.801+0000] {dagbag.py:545} INFO - Filling up the DagBag from /home/airflow/.local/lib/python3.10/site-packages/airflow/example_dags/example_setup_teardown_taskflow.py
[2025-05-09T16:01:37.823+0000] {processor.py:840} INFO - DAG(s) 'example_setup_teardown_taskflow' retrieved from /home/airflow/.local/lib/python3.10/site-packages/airflow/example_dags/example_setup_teardown_taskflow.py
[2025-05-09T16:01:37.867+0000] {logging_mixin.py:188} INFO - [2025-05-09T16:01:37.866+0000] {dag.py:3096} INFO - Sync 1 DAGs
[2025-05-09T16:01:37.911+0000] {logging_mixin.py:188} INFO - [2025-05-09T16:01:37.911+0000] {dag.py:3954} INFO - Setting next_dagrun for example_setup_teardown_taskflow to 2025-05-08 00:00:00+00:00, run_after=2025-05-09 00:00:00+00:00
[2025-05-09T16:01:37.940+0000] {processor.py:183} INFO - Processing /home/airflow/.local/lib/python3.10/site-packages/airflow/example_dags/example_setup_teardown_taskflow.py took 0.156 seconds
[2025-05-09T16:02:08.045+0000] {processor.py:161} INFO - Started process (PID=13746) to work on /home/airflow/.local/lib/python3.10/site-packages/airflow/example_dags/example_setup_teardown_taskflow.py
[2025-05-09T16:02:08.047+0000] {processor.py:830} INFO - Processing file /home/airflow/.local/lib/python3.10/site-packages/airflow/example_dags/example_setup_teardown_taskflow.py for tasks to queue
[2025-05-09T16:02:08.048+0000] {logging_mixin.py:188} INFO - [2025-05-09T16:02:08.048+0000] {dagbag.py:545} INFO - Filling up the DagBag from /home/airflow/.local/lib/python3.10/site-packages/airflow/example_dags/example_setup_teardown_taskflow.py
[2025-05-09T16:02:08.060+0000] {processor.py:840} INFO - DAG(s) 'example_setup_teardown_taskflow' retrieved from /home/airflow/.local/lib/python3.10/site-packages/airflow/example_dags/example_setup_teardown_taskflow.py
[2025-05-09T16:02:08.086+0000] {logging_mixin.py:188} INFO - [2025-05-09T16:02:08.086+0000] {dag.py:3096} INFO - Sync 1 DAGs
[2025-05-09T16:02:08.111+0000] {logging_mixin.py:188} INFO - [2025-05-09T16:02:08.111+0000] {dag.py:3954} INFO - Setting next_dagrun for example_setup_teardown_taskflow to 2025-05-08 00:00:00+00:00, run_after=2025-05-09 00:00:00+00:00
[2025-05-09T16:02:08.137+0000] {processor.py:183} INFO - Processing /home/airflow/.local/lib/python3.10/site-packages/airflow/example_dags/example_setup_teardown_taskflow.py took 0.099 seconds
[2025-05-09T16:02:39.161+0000] {processor.py:161} INFO - Started process (PID=14021) to work on /home/airflow/.local/lib/python3.10/site-packages/airflow/example_dags/example_setup_teardown_taskflow.py
[2025-05-09T16:02:39.163+0000] {processor.py:830} INFO - Processing file /home/airflow/.local/lib/python3.10/site-packages/airflow/example_dags/example_setup_teardown_taskflow.py for tasks to queue
[2025-05-09T16:02:39.164+0000] {logging_mixin.py:188} INFO - [2025-05-09T16:02:39.164+0000] {dagbag.py:545} INFO - Filling up the DagBag from /home/airflow/.local/lib/python3.10/site-packages/airflow/example_dags/example_setup_teardown_taskflow.py
[2025-05-09T16:02:39.173+0000] {processor.py:840} INFO - DAG(s) 'example_setup_teardown_taskflow' retrieved from /home/airflow/.local/lib/python3.10/site-packages/airflow/example_dags/example_setup_teardown_taskflow.py
[2025-05-09T16:02:39.198+0000] {logging_mixin.py:188} INFO - [2025-05-09T16:02:39.198+0000] {dag.py:3096} INFO - Sync 1 DAGs
[2025-05-09T16:02:39.219+0000] {logging_mixin.py:188} INFO - [2025-05-09T16:02:39.219+0000] {dag.py:3954} INFO - Setting next_dagrun for example_setup_teardown_taskflow to 2025-05-08 00:00:00+00:00, run_after=2025-05-09 00:00:00+00:00
[2025-05-09T16:02:39.249+0000] {processor.py:183} INFO - Processing /home/airflow/.local/lib/python3.10/site-packages/airflow/example_dags/example_setup_teardown_taskflow.py took 0.094 seconds
[2025-05-09T16:03:09.576+0000] {processor.py:161} INFO - Started process (PID=14336) to work on /home/airflow/.local/lib/python3.10/site-packages/airflow/example_dags/example_setup_teardown_taskflow.py
[2025-05-09T16:03:09.578+0000] {processor.py:830} INFO - Processing file /home/airflow/.local/lib/python3.10/site-packages/airflow/example_dags/example_setup_teardown_taskflow.py for tasks to queue
[2025-05-09T16:03:09.579+0000] {logging_mixin.py:188} INFO - [2025-05-09T16:03:09.579+0000] {dagbag.py:545} INFO - Filling up the DagBag from /home/airflow/.local/lib/python3.10/site-packages/airflow/example_dags/example_setup_teardown_taskflow.py
[2025-05-09T16:03:09.587+0000] {processor.py:840} INFO - DAG(s) 'example_setup_teardown_taskflow' retrieved from /home/airflow/.local/lib/python3.10/site-packages/airflow/example_dags/example_setup_teardown_taskflow.py
[2025-05-09T16:03:09.613+0000] {logging_mixin.py:188} INFO - [2025-05-09T16:03:09.612+0000] {dag.py:3096} INFO - Sync 1 DAGs
[2025-05-09T16:03:09.637+0000] {logging_mixin.py:188} INFO - [2025-05-09T16:03:09.637+0000] {dag.py:3954} INFO - Setting next_dagrun for example_setup_teardown_taskflow to 2025-05-08 00:00:00+00:00, run_after=2025-05-09 00:00:00+00:00
[2025-05-09T16:03:09.659+0000] {processor.py:183} INFO - Processing /home/airflow/.local/lib/python3.10/site-packages/airflow/example_dags/example_setup_teardown_taskflow.py took 0.090 seconds
[2025-05-09T16:03:40.219+0000] {processor.py:161} INFO - Started process (PID=14604) to work on /home/airflow/.local/lib/python3.10/site-packages/airflow/example_dags/example_setup_teardown_taskflow.py
[2025-05-09T16:03:40.220+0000] {processor.py:830} INFO - Processing file /home/airflow/.local/lib/python3.10/site-packages/airflow/example_dags/example_setup_teardown_taskflow.py for tasks to queue
[2025-05-09T16:03:40.222+0000] {logging_mixin.py:188} INFO - [2025-05-09T16:03:40.222+0000] {dagbag.py:545} INFO - Filling up the DagBag from /home/airflow/.local/lib/python3.10/site-packages/airflow/example_dags/example_setup_teardown_taskflow.py
[2025-05-09T16:03:40.238+0000] {processor.py:840} INFO - DAG(s) 'example_setup_teardown_taskflow' retrieved from /home/airflow/.local/lib/python3.10/site-packages/airflow/example_dags/example_setup_teardown_taskflow.py
[2025-05-09T16:03:40.286+0000] {logging_mixin.py:188} INFO - [2025-05-09T16:03:40.286+0000] {dag.py:3096} INFO - Sync 1 DAGs
[2025-05-09T16:03:40.320+0000] {logging_mixin.py:188} INFO - [2025-05-09T16:03:40.320+0000] {dag.py:3954} INFO - Setting next_dagrun for example_setup_teardown_taskflow to 2025-05-08 00:00:00+00:00, run_after=2025-05-09 00:00:00+00:00
[2025-05-09T16:03:40.360+0000] {processor.py:183} INFO - Processing /home/airflow/.local/lib/python3.10/site-packages/airflow/example_dags/example_setup_teardown_taskflow.py took 0.152 seconds
[2025-05-09T16:04:10.598+0000] {processor.py:161} INFO - Started process (PID=14866) to work on /home/airflow/.local/lib/python3.10/site-packages/airflow/example_dags/example_setup_teardown_taskflow.py
[2025-05-09T16:04:10.600+0000] {processor.py:830} INFO - Processing file /home/airflow/.local/lib/python3.10/site-packages/airflow/example_dags/example_setup_teardown_taskflow.py for tasks to queue
[2025-05-09T16:04:10.601+0000] {logging_mixin.py:188} INFO - [2025-05-09T16:04:10.601+0000] {dagbag.py:545} INFO - Filling up the DagBag from /home/airflow/.local/lib/python3.10/site-packages/airflow/example_dags/example_setup_teardown_taskflow.py
[2025-05-09T16:04:10.610+0000] {processor.py:840} INFO - DAG(s) 'example_setup_teardown_taskflow' retrieved from /home/airflow/.local/lib/python3.10/site-packages/airflow/example_dags/example_setup_teardown_taskflow.py
[2025-05-09T16:04:10.638+0000] {logging_mixin.py:188} INFO - [2025-05-09T16:04:10.638+0000] {dag.py:3096} INFO - Sync 1 DAGs
[2025-05-09T16:04:10.663+0000] {logging_mixin.py:188} INFO - [2025-05-09T16:04:10.663+0000] {dag.py:3954} INFO - Setting next_dagrun for example_setup_teardown_taskflow to 2025-05-08 00:00:00+00:00, run_after=2025-05-09 00:00:00+00:00
[2025-05-09T16:04:10.687+0000] {processor.py:183} INFO - Processing /home/airflow/.local/lib/python3.10/site-packages/airflow/example_dags/example_setup_teardown_taskflow.py took 0.095 seconds
[2025-05-09T16:05:17.610+0000] {processor.py:161} INFO - Started process (PID=307) to work on /home/airflow/.local/lib/python3.10/site-packages/airflow/example_dags/example_setup_teardown_taskflow.py
[2025-05-09T16:05:17.612+0000] {processor.py:830} INFO - Processing file /home/airflow/.local/lib/python3.10/site-packages/airflow/example_dags/example_setup_teardown_taskflow.py for tasks to queue
[2025-05-09T16:05:17.615+0000] {logging_mixin.py:188} INFO - [2025-05-09T16:05:17.615+0000] {dagbag.py:545} INFO - Filling up the DagBag from /home/airflow/.local/lib/python3.10/site-packages/airflow/example_dags/example_setup_teardown_taskflow.py
[2025-05-09T16:05:17.627+0000] {processor.py:840} INFO - DAG(s) 'example_setup_teardown_taskflow' retrieved from /home/airflow/.local/lib/python3.10/site-packages/airflow/example_dags/example_setup_teardown_taskflow.py
[2025-05-09T16:05:17.646+0000] {logging_mixin.py:188} INFO - [2025-05-09T16:05:17.646+0000] {dag.py:3096} INFO - Sync 1 DAGs
[2025-05-09T16:05:17.678+0000] {logging_mixin.py:188} INFO - [2025-05-09T16:05:17.677+0000] {dag.py:3954} INFO - Setting next_dagrun for example_setup_teardown_taskflow to 2025-05-08 00:00:00+00:00, run_after=2025-05-09 00:00:00+00:00
[2025-05-09T16:05:17.719+0000] {processor.py:183} INFO - Processing /home/airflow/.local/lib/python3.10/site-packages/airflow/example_dags/example_setup_teardown_taskflow.py took 0.116 seconds
[2025-05-09T16:05:48.880+0000] {processor.py:161} INFO - Started process (PID=569) to work on /home/airflow/.local/lib/python3.10/site-packages/airflow/example_dags/example_setup_teardown_taskflow.py
[2025-05-09T16:05:48.882+0000] {processor.py:830} INFO - Processing file /home/airflow/.local/lib/python3.10/site-packages/airflow/example_dags/example_setup_teardown_taskflow.py for tasks to queue
[2025-05-09T16:05:48.885+0000] {logging_mixin.py:188} INFO - [2025-05-09T16:05:48.884+0000] {dagbag.py:545} INFO - Filling up the DagBag from /home/airflow/.local/lib/python3.10/site-packages/airflow/example_dags/example_setup_teardown_taskflow.py
[2025-05-09T16:05:48.896+0000] {processor.py:840} INFO - DAG(s) 'example_setup_teardown_taskflow' retrieved from /home/airflow/.local/lib/python3.10/site-packages/airflow/example_dags/example_setup_teardown_taskflow.py
[2025-05-09T16:05:49.040+0000] {logging_mixin.py:188} INFO - [2025-05-09T16:05:49.040+0000] {dag.py:3096} INFO - Sync 1 DAGs
[2025-05-09T16:05:49.066+0000] {logging_mixin.py:188} INFO - [2025-05-09T16:05:49.066+0000] {dag.py:3954} INFO - Setting next_dagrun for example_setup_teardown_taskflow to 2025-05-08 00:00:00+00:00, run_after=2025-05-09 00:00:00+00:00
[2025-05-09T16:05:49.110+0000] {processor.py:183} INFO - Processing /home/airflow/.local/lib/python3.10/site-packages/airflow/example_dags/example_setup_teardown_taskflow.py took 0.236 seconds
[2025-05-09T16:06:19.512+0000] {processor.py:161} INFO - Started process (PID=831) to work on /home/airflow/.local/lib/python3.10/site-packages/airflow/example_dags/example_setup_teardown_taskflow.py
[2025-05-09T16:06:19.515+0000] {processor.py:830} INFO - Processing file /home/airflow/.local/lib/python3.10/site-packages/airflow/example_dags/example_setup_teardown_taskflow.py for tasks to queue
[2025-05-09T16:06:19.518+0000] {logging_mixin.py:188} INFO - [2025-05-09T16:06:19.518+0000] {dagbag.py:545} INFO - Filling up the DagBag from /home/airflow/.local/lib/python3.10/site-packages/airflow/example_dags/example_setup_teardown_taskflow.py
[2025-05-09T16:06:19.531+0000] {processor.py:840} INFO - DAG(s) 'example_setup_teardown_taskflow' retrieved from /home/airflow/.local/lib/python3.10/site-packages/airflow/example_dags/example_setup_teardown_taskflow.py
[2025-05-09T16:06:19.558+0000] {logging_mixin.py:188} INFO - [2025-05-09T16:06:19.557+0000] {dag.py:3096} INFO - Sync 1 DAGs
[2025-05-09T16:06:19.583+0000] {logging_mixin.py:188} INFO - [2025-05-09T16:06:19.583+0000] {dag.py:3954} INFO - Setting next_dagrun for example_setup_teardown_taskflow to 2025-05-08 00:00:00+00:00, run_after=2025-05-09 00:00:00+00:00
[2025-05-09T16:06:19.609+0000] {processor.py:183} INFO - Processing /home/airflow/.local/lib/python3.10/site-packages/airflow/example_dags/example_setup_teardown_taskflow.py took 0.106 seconds
[2025-05-09T16:06:49.871+0000] {processor.py:161} INFO - Started process (PID=1093) to work on /home/airflow/.local/lib/python3.10/site-packages/airflow/example_dags/example_setup_teardown_taskflow.py
[2025-05-09T16:06:49.873+0000] {processor.py:830} INFO - Processing file /home/airflow/.local/lib/python3.10/site-packages/airflow/example_dags/example_setup_teardown_taskflow.py for tasks to queue
[2025-05-09T16:06:49.875+0000] {logging_mixin.py:188} INFO - [2025-05-09T16:06:49.875+0000] {dagbag.py:545} INFO - Filling up the DagBag from /home/airflow/.local/lib/python3.10/site-packages/airflow/example_dags/example_setup_teardown_taskflow.py
[2025-05-09T16:06:49.886+0000] {processor.py:840} INFO - DAG(s) 'example_setup_teardown_taskflow' retrieved from /home/airflow/.local/lib/python3.10/site-packages/airflow/example_dags/example_setup_teardown_taskflow.py
[2025-05-09T16:06:49.915+0000] {logging_mixin.py:188} INFO - [2025-05-09T16:06:49.914+0000] {dag.py:3096} INFO - Sync 1 DAGs
[2025-05-09T16:06:49.941+0000] {logging_mixin.py:188} INFO - [2025-05-09T16:06:49.941+0000] {dag.py:3954} INFO - Setting next_dagrun for example_setup_teardown_taskflow to 2025-05-08 00:00:00+00:00, run_after=2025-05-09 00:00:00+00:00
[2025-05-09T16:06:49.963+0000] {processor.py:183} INFO - Processing /home/airflow/.local/lib/python3.10/site-packages/airflow/example_dags/example_setup_teardown_taskflow.py took 0.101 seconds
[2025-05-09T16:07:20.388+0000] {processor.py:161} INFO - Started process (PID=1391) to work on /home/airflow/.local/lib/python3.10/site-packages/airflow/example_dags/example_setup_teardown_taskflow.py
[2025-05-09T16:07:20.390+0000] {processor.py:830} INFO - Processing file /home/airflow/.local/lib/python3.10/site-packages/airflow/example_dags/example_setup_teardown_taskflow.py for tasks to queue
[2025-05-09T16:07:20.393+0000] {logging_mixin.py:188} INFO - [2025-05-09T16:07:20.393+0000] {dagbag.py:545} INFO - Filling up the DagBag from /home/airflow/.local/lib/python3.10/site-packages/airflow/example_dags/example_setup_teardown_taskflow.py
[2025-05-09T16:07:20.407+0000] {processor.py:840} INFO - DAG(s) 'example_setup_teardown_taskflow' retrieved from /home/airflow/.local/lib/python3.10/site-packages/airflow/example_dags/example_setup_teardown_taskflow.py
[2025-05-09T16:07:20.441+0000] {logging_mixin.py:188} INFO - [2025-05-09T16:07:20.440+0000] {dag.py:3096} INFO - Sync 1 DAGs
[2025-05-09T16:07:20.474+0000] {logging_mixin.py:188} INFO - [2025-05-09T16:07:20.474+0000] {dag.py:3954} INFO - Setting next_dagrun for example_setup_teardown_taskflow to 2025-05-08 00:00:00+00:00, run_after=2025-05-09 00:00:00+00:00
[2025-05-09T16:07:20.507+0000] {processor.py:183} INFO - Processing /home/airflow/.local/lib/python3.10/site-packages/airflow/example_dags/example_setup_teardown_taskflow.py took 0.125 seconds
[2025-05-09T16:07:50.932+0000] {processor.py:161} INFO - Started process (PID=1653) to work on /home/airflow/.local/lib/python3.10/site-packages/airflow/example_dags/example_setup_teardown_taskflow.py
[2025-05-09T16:07:50.933+0000] {processor.py:830} INFO - Processing file /home/airflow/.local/lib/python3.10/site-packages/airflow/example_dags/example_setup_teardown_taskflow.py for tasks to queue
[2025-05-09T16:07:50.936+0000] {logging_mixin.py:188} INFO - [2025-05-09T16:07:50.935+0000] {dagbag.py:545} INFO - Filling up the DagBag from /home/airflow/.local/lib/python3.10/site-packages/airflow/example_dags/example_setup_teardown_taskflow.py
[2025-05-09T16:07:50.946+0000] {processor.py:840} INFO - DAG(s) 'example_setup_teardown_taskflow' retrieved from /home/airflow/.local/lib/python3.10/site-packages/airflow/example_dags/example_setup_teardown_taskflow.py
[2025-05-09T16:07:50.974+0000] {logging_mixin.py:188} INFO - [2025-05-09T16:07:50.974+0000] {dag.py:3096} INFO - Sync 1 DAGs
[2025-05-09T16:07:50.996+0000] {logging_mixin.py:188} INFO - [2025-05-09T16:07:50.995+0000] {dag.py:3954} INFO - Setting next_dagrun for example_setup_teardown_taskflow to 2025-05-08 00:00:00+00:00, run_after=2025-05-09 00:00:00+00:00
[2025-05-09T16:07:51.017+0000] {processor.py:183} INFO - Processing /home/airflow/.local/lib/python3.10/site-packages/airflow/example_dags/example_setup_teardown_taskflow.py took 0.092 seconds
[2025-05-09T16:08:22.050+0000] {processor.py:161} INFO - Started process (PID=1921) to work on /home/airflow/.local/lib/python3.10/site-packages/airflow/example_dags/example_setup_teardown_taskflow.py
[2025-05-09T16:08:22.053+0000] {processor.py:830} INFO - Processing file /home/airflow/.local/lib/python3.10/site-packages/airflow/example_dags/example_setup_teardown_taskflow.py for tasks to queue
[2025-05-09T16:08:22.058+0000] {logging_mixin.py:188} INFO - [2025-05-09T16:08:22.057+0000] {dagbag.py:545} INFO - Filling up the DagBag from /home/airflow/.local/lib/python3.10/site-packages/airflow/example_dags/example_setup_teardown_taskflow.py
[2025-05-09T16:08:22.079+0000] {processor.py:840} INFO - DAG(s) 'example_setup_teardown_taskflow' retrieved from /home/airflow/.local/lib/python3.10/site-packages/airflow/example_dags/example_setup_teardown_taskflow.py
[2025-05-09T16:08:22.110+0000] {logging_mixin.py:188} INFO - [2025-05-09T16:08:22.109+0000] {dag.py:3096} INFO - Sync 1 DAGs
[2025-05-09T16:08:22.134+0000] {logging_mixin.py:188} INFO - [2025-05-09T16:08:22.133+0000] {dag.py:3954} INFO - Setting next_dagrun for example_setup_teardown_taskflow to 2025-05-08 00:00:00+00:00, run_after=2025-05-09 00:00:00+00:00
[2025-05-09T16:08:22.166+0000] {processor.py:183} INFO - Processing /home/airflow/.local/lib/python3.10/site-packages/airflow/example_dags/example_setup_teardown_taskflow.py took 0.126 seconds
[2025-05-09T16:08:52.842+0000] {processor.py:161} INFO - Started process (PID=2207) to work on /home/airflow/.local/lib/python3.10/site-packages/airflow/example_dags/example_setup_teardown_taskflow.py
[2025-05-09T16:08:52.843+0000] {processor.py:830} INFO - Processing file /home/airflow/.local/lib/python3.10/site-packages/airflow/example_dags/example_setup_teardown_taskflow.py for tasks to queue
[2025-05-09T16:08:52.846+0000] {logging_mixin.py:188} INFO - [2025-05-09T16:08:52.845+0000] {dagbag.py:545} INFO - Filling up the DagBag from /home/airflow/.local/lib/python3.10/site-packages/airflow/example_dags/example_setup_teardown_taskflow.py
[2025-05-09T16:08:52.855+0000] {processor.py:840} INFO - DAG(s) 'example_setup_teardown_taskflow' retrieved from /home/airflow/.local/lib/python3.10/site-packages/airflow/example_dags/example_setup_teardown_taskflow.py
[2025-05-09T16:08:52.877+0000] {logging_mixin.py:188} INFO - [2025-05-09T16:08:52.877+0000] {dag.py:3096} INFO - Sync 1 DAGs
[2025-05-09T16:08:52.898+0000] {logging_mixin.py:188} INFO - [2025-05-09T16:08:52.897+0000] {dag.py:3954} INFO - Setting next_dagrun for example_setup_teardown_taskflow to 2025-05-08 00:00:00+00:00, run_after=2025-05-09 00:00:00+00:00
[2025-05-09T16:08:52.920+0000] {processor.py:183} INFO - Processing /home/airflow/.local/lib/python3.10/site-packages/airflow/example_dags/example_setup_teardown_taskflow.py took 0.084 seconds
[2025-05-09T16:09:23.236+0000] {processor.py:161} INFO - Started process (PID=2481) to work on /home/airflow/.local/lib/python3.10/site-packages/airflow/example_dags/example_setup_teardown_taskflow.py
[2025-05-09T16:09:23.237+0000] {processor.py:830} INFO - Processing file /home/airflow/.local/lib/python3.10/site-packages/airflow/example_dags/example_setup_teardown_taskflow.py for tasks to queue
[2025-05-09T16:09:23.240+0000] {logging_mixin.py:188} INFO - [2025-05-09T16:09:23.239+0000] {dagbag.py:545} INFO - Filling up the DagBag from /home/airflow/.local/lib/python3.10/site-packages/airflow/example_dags/example_setup_teardown_taskflow.py
[2025-05-09T16:09:23.252+0000] {processor.py:840} INFO - DAG(s) 'example_setup_teardown_taskflow' retrieved from /home/airflow/.local/lib/python3.10/site-packages/airflow/example_dags/example_setup_teardown_taskflow.py
[2025-05-09T16:09:23.283+0000] {logging_mixin.py:188} INFO - [2025-05-09T16:09:23.282+0000] {dag.py:3096} INFO - Sync 1 DAGs
[2025-05-09T16:09:23.311+0000] {logging_mixin.py:188} INFO - [2025-05-09T16:09:23.310+0000] {dag.py:3954} INFO - Setting next_dagrun for example_setup_teardown_taskflow to 2025-05-08 00:00:00+00:00, run_after=2025-05-09 00:00:00+00:00
[2025-05-09T16:09:23.344+0000] {processor.py:183} INFO - Processing /home/airflow/.local/lib/python3.10/site-packages/airflow/example_dags/example_setup_teardown_taskflow.py took 0.116 seconds
[2025-05-09T16:09:53.984+0000] {processor.py:161} INFO - Started process (PID=2743) to work on /home/airflow/.local/lib/python3.10/site-packages/airflow/example_dags/example_setup_teardown_taskflow.py
[2025-05-09T16:09:53.986+0000] {processor.py:830} INFO - Processing file /home/airflow/.local/lib/python3.10/site-packages/airflow/example_dags/example_setup_teardown_taskflow.py for tasks to queue
[2025-05-09T16:09:53.989+0000] {logging_mixin.py:188} INFO - [2025-05-09T16:09:53.988+0000] {dagbag.py:545} INFO - Filling up the DagBag from /home/airflow/.local/lib/python3.10/site-packages/airflow/example_dags/example_setup_teardown_taskflow.py
[2025-05-09T16:09:54.000+0000] {processor.py:840} INFO - DAG(s) 'example_setup_teardown_taskflow' retrieved from /home/airflow/.local/lib/python3.10/site-packages/airflow/example_dags/example_setup_teardown_taskflow.py
[2025-05-09T16:09:54.025+0000] {logging_mixin.py:188} INFO - [2025-05-09T16:09:54.024+0000] {dag.py:3096} INFO - Sync 1 DAGs
[2025-05-09T16:09:54.046+0000] {logging_mixin.py:188} INFO - [2025-05-09T16:09:54.046+0000] {dag.py:3954} INFO - Setting next_dagrun for example_setup_teardown_taskflow to 2025-05-08 00:00:00+00:00, run_after=2025-05-09 00:00:00+00:00
[2025-05-09T16:09:54.071+0000] {processor.py:183} INFO - Processing /home/airflow/.local/lib/python3.10/site-packages/airflow/example_dags/example_setup_teardown_taskflow.py took 0.093 seconds
[2025-05-09T16:10:24.899+0000] {processor.py:161} INFO - Started process (PID=3011) to work on /home/airflow/.local/lib/python3.10/site-packages/airflow/example_dags/example_setup_teardown_taskflow.py
[2025-05-09T16:10:24.901+0000] {processor.py:830} INFO - Processing file /home/airflow/.local/lib/python3.10/site-packages/airflow/example_dags/example_setup_teardown_taskflow.py for tasks to queue
[2025-05-09T16:10:24.905+0000] {logging_mixin.py:188} INFO - [2025-05-09T16:10:24.904+0000] {dagbag.py:545} INFO - Filling up the DagBag from /home/airflow/.local/lib/python3.10/site-packages/airflow/example_dags/example_setup_teardown_taskflow.py
[2025-05-09T16:10:24.921+0000] {processor.py:840} INFO - DAG(s) 'example_setup_teardown_taskflow' retrieved from /home/airflow/.local/lib/python3.10/site-packages/airflow/example_dags/example_setup_teardown_taskflow.py
[2025-05-09T16:10:24.961+0000] {logging_mixin.py:188} INFO - [2025-05-09T16:10:24.960+0000] {dag.py:3096} INFO - Sync 1 DAGs
[2025-05-09T16:10:25.015+0000] {logging_mixin.py:188} INFO - [2025-05-09T16:10:25.015+0000] {dag.py:3954} INFO - Setting next_dagrun for example_setup_teardown_taskflow to 2025-05-08 00:00:00+00:00, run_after=2025-05-09 00:00:00+00:00
[2025-05-09T16:10:25.068+0000] {processor.py:183} INFO - Processing /home/airflow/.local/lib/python3.10/site-packages/airflow/example_dags/example_setup_teardown_taskflow.py took 0.180 seconds
[2025-05-09T16:10:55.281+0000] {processor.py:161} INFO - Started process (PID=3281) to work on /home/airflow/.local/lib/python3.10/site-packages/airflow/example_dags/example_setup_teardown_taskflow.py
[2025-05-09T16:10:55.283+0000] {processor.py:830} INFO - Processing file /home/airflow/.local/lib/python3.10/site-packages/airflow/example_dags/example_setup_teardown_taskflow.py for tasks to queue
[2025-05-09T16:10:55.286+0000] {logging_mixin.py:188} INFO - [2025-05-09T16:10:55.286+0000] {dagbag.py:545} INFO - Filling up the DagBag from /home/airflow/.local/lib/python3.10/site-packages/airflow/example_dags/example_setup_teardown_taskflow.py
[2025-05-09T16:10:55.295+0000] {processor.py:840} INFO - DAG(s) 'example_setup_teardown_taskflow' retrieved from /home/airflow/.local/lib/python3.10/site-packages/airflow/example_dags/example_setup_teardown_taskflow.py
[2025-05-09T16:10:55.321+0000] {logging_mixin.py:188} INFO - [2025-05-09T16:10:55.321+0000] {dag.py:3096} INFO - Sync 1 DAGs
[2025-05-09T16:10:55.341+0000] {logging_mixin.py:188} INFO - [2025-05-09T16:10:55.341+0000] {dag.py:3954} INFO - Setting next_dagrun for example_setup_teardown_taskflow to 2025-05-08 00:00:00+00:00, run_after=2025-05-09 00:00:00+00:00
[2025-05-09T16:10:55.365+0000] {processor.py:183} INFO - Processing /home/airflow/.local/lib/python3.10/site-packages/airflow/example_dags/example_setup_teardown_taskflow.py took 0.090 seconds
[2025-05-09T16:11:25.584+0000] {processor.py:161} INFO - Started process (PID=3553) to work on /home/airflow/.local/lib/python3.10/site-packages/airflow/example_dags/example_setup_teardown_taskflow.py
[2025-05-09T16:11:25.586+0000] {processor.py:830} INFO - Processing file /home/airflow/.local/lib/python3.10/site-packages/airflow/example_dags/example_setup_teardown_taskflow.py for tasks to queue
[2025-05-09T16:11:25.589+0000] {logging_mixin.py:188} INFO - [2025-05-09T16:11:25.588+0000] {dagbag.py:545} INFO - Filling up the DagBag from /home/airflow/.local/lib/python3.10/site-packages/airflow/example_dags/example_setup_teardown_taskflow.py
[2025-05-09T16:11:25.600+0000] {processor.py:840} INFO - DAG(s) 'example_setup_teardown_taskflow' retrieved from /home/airflow/.local/lib/python3.10/site-packages/airflow/example_dags/example_setup_teardown_taskflow.py
[2025-05-09T16:11:25.623+0000] {logging_mixin.py:188} INFO - [2025-05-09T16:11:25.623+0000] {dag.py:3096} INFO - Sync 1 DAGs
[2025-05-09T16:11:25.645+0000] {logging_mixin.py:188} INFO - [2025-05-09T16:11:25.645+0000] {dag.py:3954} INFO - Setting next_dagrun for example_setup_teardown_taskflow to 2025-05-08 00:00:00+00:00, run_after=2025-05-09 00:00:00+00:00
[2025-05-09T16:11:25.672+0000] {processor.py:183} INFO - Processing /home/airflow/.local/lib/python3.10/site-packages/airflow/example_dags/example_setup_teardown_taskflow.py took 0.094 seconds
[2025-05-09T16:11:56.320+0000] {processor.py:161} INFO - Started process (PID=3821) to work on /home/airflow/.local/lib/python3.10/site-packages/airflow/example_dags/example_setup_teardown_taskflow.py
[2025-05-09T16:11:56.322+0000] {processor.py:830} INFO - Processing file /home/airflow/.local/lib/python3.10/site-packages/airflow/example_dags/example_setup_teardown_taskflow.py for tasks to queue
[2025-05-09T16:11:56.325+0000] {logging_mixin.py:188} INFO - [2025-05-09T16:11:56.324+0000] {dagbag.py:545} INFO - Filling up the DagBag from /home/airflow/.local/lib/python3.10/site-packages/airflow/example_dags/example_setup_teardown_taskflow.py
[2025-05-09T16:11:56.337+0000] {processor.py:840} INFO - DAG(s) 'example_setup_teardown_taskflow' retrieved from /home/airflow/.local/lib/python3.10/site-packages/airflow/example_dags/example_setup_teardown_taskflow.py
[2025-05-09T16:11:56.368+0000] {logging_mixin.py:188} INFO - [2025-05-09T16:11:56.368+0000] {dag.py:3096} INFO - Sync 1 DAGs
[2025-05-09T16:11:56.392+0000] {logging_mixin.py:188} INFO - [2025-05-09T16:11:56.392+0000] {dag.py:3954} INFO - Setting next_dagrun for example_setup_teardown_taskflow to 2025-05-08 00:00:00+00:00, run_after=2025-05-09 00:00:00+00:00
[2025-05-09T16:11:56.423+0000] {processor.py:183} INFO - Processing /home/airflow/.local/lib/python3.10/site-packages/airflow/example_dags/example_setup_teardown_taskflow.py took 0.112 seconds
[2025-05-09T16:12:27.124+0000] {processor.py:161} INFO - Started process (PID=4098) to work on /home/airflow/.local/lib/python3.10/site-packages/airflow/example_dags/example_setup_teardown_taskflow.py
[2025-05-09T16:12:27.126+0000] {processor.py:830} INFO - Processing file /home/airflow/.local/lib/python3.10/site-packages/airflow/example_dags/example_setup_teardown_taskflow.py for tasks to queue
[2025-05-09T16:12:27.128+0000] {logging_mixin.py:188} INFO - [2025-05-09T16:12:27.128+0000] {dagbag.py:545} INFO - Filling up the DagBag from /home/airflow/.local/lib/python3.10/site-packages/airflow/example_dags/example_setup_teardown_taskflow.py
[2025-05-09T16:12:27.139+0000] {processor.py:840} INFO - DAG(s) 'example_setup_teardown_taskflow' retrieved from /home/airflow/.local/lib/python3.10/site-packages/airflow/example_dags/example_setup_teardown_taskflow.py
[2025-05-09T16:12:27.170+0000] {logging_mixin.py:188} INFO - [2025-05-09T16:12:27.170+0000] {dag.py:3096} INFO - Sync 1 DAGs
[2025-05-09T16:12:27.197+0000] {logging_mixin.py:188} INFO - [2025-05-09T16:12:27.196+0000] {dag.py:3954} INFO - Setting next_dagrun for example_setup_teardown_taskflow to 2025-05-08 00:00:00+00:00, run_after=2025-05-09 00:00:00+00:00
[2025-05-09T16:12:27.226+0000] {processor.py:183} INFO - Processing /home/airflow/.local/lib/python3.10/site-packages/airflow/example_dags/example_setup_teardown_taskflow.py took 0.110 seconds
[2025-05-09T16:12:57.805+0000] {processor.py:161} INFO - Started process (PID=4360) to work on /home/airflow/.local/lib/python3.10/site-packages/airflow/example_dags/example_setup_teardown_taskflow.py
[2025-05-09T16:12:57.807+0000] {processor.py:830} INFO - Processing file /home/airflow/.local/lib/python3.10/site-packages/airflow/example_dags/example_setup_teardown_taskflow.py for tasks to queue
[2025-05-09T16:12:57.810+0000] {logging_mixin.py:188} INFO - [2025-05-09T16:12:57.809+0000] {dagbag.py:545} INFO - Filling up the DagBag from /home/airflow/.local/lib/python3.10/site-packages/airflow/example_dags/example_setup_teardown_taskflow.py
[2025-05-09T16:12:57.821+0000] {processor.py:840} INFO - DAG(s) 'example_setup_teardown_taskflow' retrieved from /home/airflow/.local/lib/python3.10/site-packages/airflow/example_dags/example_setup_teardown_taskflow.py
[2025-05-09T16:12:57.853+0000] {logging_mixin.py:188} INFO - [2025-05-09T16:12:57.853+0000] {dag.py:3096} INFO - Sync 1 DAGs
[2025-05-09T16:12:57.887+0000] {logging_mixin.py:188} INFO - [2025-05-09T16:12:57.887+0000] {dag.py:3954} INFO - Setting next_dagrun for example_setup_teardown_taskflow to 2025-05-08 00:00:00+00:00, run_after=2025-05-09 00:00:00+00:00
[2025-05-09T16:12:57.919+0000] {processor.py:183} INFO - Processing /home/airflow/.local/lib/python3.10/site-packages/airflow/example_dags/example_setup_teardown_taskflow.py took 0.120 seconds
[2025-05-09T16:13:28.109+0000] {processor.py:161} INFO - Started process (PID=4631) to work on /home/airflow/.local/lib/python3.10/site-packages/airflow/example_dags/example_setup_teardown_taskflow.py
[2025-05-09T16:13:28.111+0000] {processor.py:830} INFO - Processing file /home/airflow/.local/lib/python3.10/site-packages/airflow/example_dags/example_setup_teardown_taskflow.py for tasks to queue
[2025-05-09T16:13:28.114+0000] {logging_mixin.py:188} INFO - [2025-05-09T16:13:28.113+0000] {dagbag.py:545} INFO - Filling up the DagBag from /home/airflow/.local/lib/python3.10/site-packages/airflow/example_dags/example_setup_teardown_taskflow.py
[2025-05-09T16:13:28.125+0000] {processor.py:840} INFO - DAG(s) 'example_setup_teardown_taskflow' retrieved from /home/airflow/.local/lib/python3.10/site-packages/airflow/example_dags/example_setup_teardown_taskflow.py
[2025-05-09T16:13:28.157+0000] {logging_mixin.py:188} INFO - [2025-05-09T16:13:28.156+0000] {dag.py:3096} INFO - Sync 1 DAGs
[2025-05-09T16:13:28.181+0000] {logging_mixin.py:188} INFO - [2025-05-09T16:13:28.181+0000] {dag.py:3954} INFO - Setting next_dagrun for example_setup_teardown_taskflow to 2025-05-08 00:00:00+00:00, run_after=2025-05-09 00:00:00+00:00
[2025-05-09T16:13:28.212+0000] {processor.py:183} INFO - Processing /home/airflow/.local/lib/python3.10/site-packages/airflow/example_dags/example_setup_teardown_taskflow.py took 0.109 seconds
[2025-05-09T16:13:58.522+0000] {processor.py:161} INFO - Started process (PID=4893) to work on /home/airflow/.local/lib/python3.10/site-packages/airflow/example_dags/example_setup_teardown_taskflow.py
[2025-05-09T16:13:58.524+0000] {processor.py:830} INFO - Processing file /home/airflow/.local/lib/python3.10/site-packages/airflow/example_dags/example_setup_teardown_taskflow.py for tasks to queue
[2025-05-09T16:13:58.526+0000] {logging_mixin.py:188} INFO - [2025-05-09T16:13:58.525+0000] {dagbag.py:545} INFO - Filling up the DagBag from /home/airflow/.local/lib/python3.10/site-packages/airflow/example_dags/example_setup_teardown_taskflow.py
[2025-05-09T16:13:58.535+0000] {processor.py:840} INFO - DAG(s) 'example_setup_teardown_taskflow' retrieved from /home/airflow/.local/lib/python3.10/site-packages/airflow/example_dags/example_setup_teardown_taskflow.py
[2025-05-09T16:13:58.558+0000] {logging_mixin.py:188} INFO - [2025-05-09T16:13:58.558+0000] {dag.py:3096} INFO - Sync 1 DAGs
[2025-05-09T16:13:58.581+0000] {logging_mixin.py:188} INFO - [2025-05-09T16:13:58.580+0000] {dag.py:3954} INFO - Setting next_dagrun for example_setup_teardown_taskflow to 2025-05-08 00:00:00+00:00, run_after=2025-05-09 00:00:00+00:00
[2025-05-09T16:13:58.604+0000] {processor.py:183} INFO - Processing /home/airflow/.local/lib/python3.10/site-packages/airflow/example_dags/example_setup_teardown_taskflow.py took 0.088 seconds
[2025-05-09T16:14:28.853+0000] {processor.py:161} INFO - Started process (PID=5182) to work on /home/airflow/.local/lib/python3.10/site-packages/airflow/example_dags/example_setup_teardown_taskflow.py
[2025-05-09T16:14:28.855+0000] {processor.py:830} INFO - Processing file /home/airflow/.local/lib/python3.10/site-packages/airflow/example_dags/example_setup_teardown_taskflow.py for tasks to queue
[2025-05-09T16:14:28.858+0000] {logging_mixin.py:188} INFO - [2025-05-09T16:14:28.857+0000] {dagbag.py:545} INFO - Filling up the DagBag from /home/airflow/.local/lib/python3.10/site-packages/airflow/example_dags/example_setup_teardown_taskflow.py
[2025-05-09T16:14:28.872+0000] {processor.py:840} INFO - DAG(s) 'example_setup_teardown_taskflow' retrieved from /home/airflow/.local/lib/python3.10/site-packages/airflow/example_dags/example_setup_teardown_taskflow.py
[2025-05-09T16:14:28.898+0000] {logging_mixin.py:188} INFO - [2025-05-09T16:14:28.897+0000] {dag.py:3096} INFO - Sync 1 DAGs
[2025-05-09T16:14:28.919+0000] {logging_mixin.py:188} INFO - [2025-05-09T16:14:28.919+0000] {dag.py:3954} INFO - Setting next_dagrun for example_setup_teardown_taskflow to 2025-05-08 00:00:00+00:00, run_after=2025-05-09 00:00:00+00:00
[2025-05-09T16:14:28.946+0000] {processor.py:183} INFO - Processing /home/airflow/.local/lib/python3.10/site-packages/airflow/example_dags/example_setup_teardown_taskflow.py took 0.099 seconds
[2025-05-09T16:14:59.195+0000] {processor.py:161} INFO - Started process (PID=5450) to work on /home/airflow/.local/lib/python3.10/site-packages/airflow/example_dags/example_setup_teardown_taskflow.py
[2025-05-09T16:14:59.196+0000] {processor.py:830} INFO - Processing file /home/airflow/.local/lib/python3.10/site-packages/airflow/example_dags/example_setup_teardown_taskflow.py for tasks to queue
[2025-05-09T16:14:59.198+0000] {logging_mixin.py:188} INFO - [2025-05-09T16:14:59.198+0000] {dagbag.py:545} INFO - Filling up the DagBag from /home/airflow/.local/lib/python3.10/site-packages/airflow/example_dags/example_setup_teardown_taskflow.py
[2025-05-09T16:14:59.209+0000] {processor.py:840} INFO - DAG(s) 'example_setup_teardown_taskflow' retrieved from /home/airflow/.local/lib/python3.10/site-packages/airflow/example_dags/example_setup_teardown_taskflow.py
[2025-05-09T16:14:59.237+0000] {logging_mixin.py:188} INFO - [2025-05-09T16:14:59.237+0000] {dag.py:3096} INFO - Sync 1 DAGs
[2025-05-09T16:14:59.261+0000] {logging_mixin.py:188} INFO - [2025-05-09T16:14:59.261+0000] {dag.py:3954} INFO - Setting next_dagrun for example_setup_teardown_taskflow to 2025-05-08 00:00:00+00:00, run_after=2025-05-09 00:00:00+00:00
[2025-05-09T16:14:59.290+0000] {processor.py:183} INFO - Processing /home/airflow/.local/lib/python3.10/site-packages/airflow/example_dags/example_setup_teardown_taskflow.py took 0.102 seconds
[2025-05-09T16:15:30.069+0000] {processor.py:161} INFO - Started process (PID=5721) to work on /home/airflow/.local/lib/python3.10/site-packages/airflow/example_dags/example_setup_teardown_taskflow.py
[2025-05-09T16:15:30.071+0000] {processor.py:830} INFO - Processing file /home/airflow/.local/lib/python3.10/site-packages/airflow/example_dags/example_setup_teardown_taskflow.py for tasks to queue
[2025-05-09T16:15:30.073+0000] {logging_mixin.py:188} INFO - [2025-05-09T16:15:30.073+0000] {dagbag.py:545} INFO - Filling up the DagBag from /home/airflow/.local/lib/python3.10/site-packages/airflow/example_dags/example_setup_teardown_taskflow.py
[2025-05-09T16:15:30.084+0000] {processor.py:840} INFO - DAG(s) 'example_setup_teardown_taskflow' retrieved from /home/airflow/.local/lib/python3.10/site-packages/airflow/example_dags/example_setup_teardown_taskflow.py
[2025-05-09T16:15:30.114+0000] {logging_mixin.py:188} INFO - [2025-05-09T16:15:30.113+0000] {dag.py:3096} INFO - Sync 1 DAGs
[2025-05-09T16:15:30.138+0000] {logging_mixin.py:188} INFO - [2025-05-09T16:15:30.138+0000] {dag.py:3954} INFO - Setting next_dagrun for example_setup_teardown_taskflow to 2025-05-08 00:00:00+00:00, run_after=2025-05-09 00:00:00+00:00
[2025-05-09T16:15:30.163+0000] {processor.py:183} INFO - Processing /home/airflow/.local/lib/python3.10/site-packages/airflow/example_dags/example_setup_teardown_taskflow.py took 0.100 seconds
[2025-05-09T16:16:01.438+0000] {processor.py:161} INFO - Started process (PID=6005) to work on /home/airflow/.local/lib/python3.10/site-packages/airflow/example_dags/example_setup_teardown_taskflow.py
[2025-05-09T16:16:01.448+0000] {processor.py:830} INFO - Processing file /home/airflow/.local/lib/python3.10/site-packages/airflow/example_dags/example_setup_teardown_taskflow.py for tasks to queue
[2025-05-09T16:16:01.462+0000] {logging_mixin.py:188} INFO - [2025-05-09T16:16:01.459+0000] {dagbag.py:545} INFO - Filling up the DagBag from /home/airflow/.local/lib/python3.10/site-packages/airflow/example_dags/example_setup_teardown_taskflow.py
[2025-05-09T16:16:01.519+0000] {processor.py:840} INFO - DAG(s) 'example_setup_teardown_taskflow' retrieved from /home/airflow/.local/lib/python3.10/site-packages/airflow/example_dags/example_setup_teardown_taskflow.py
[2025-05-09T16:16:01.583+0000] {logging_mixin.py:188} INFO - [2025-05-09T16:16:01.583+0000] {dag.py:3096} INFO - Sync 1 DAGs
[2025-05-09T16:16:01.617+0000] {logging_mixin.py:188} INFO - [2025-05-09T16:16:01.616+0000] {dag.py:3954} INFO - Setting next_dagrun for example_setup_teardown_taskflow to 2025-05-08 00:00:00+00:00, run_after=2025-05-09 00:00:00+00:00
[2025-05-09T16:16:01.668+0000] {processor.py:183} INFO - Processing /home/airflow/.local/lib/python3.10/site-packages/airflow/example_dags/example_setup_teardown_taskflow.py took 0.298 seconds
[2025-05-09T16:16:31.749+0000] {processor.py:161} INFO - Started process (PID=6355) to work on /home/airflow/.local/lib/python3.10/site-packages/airflow/example_dags/example_setup_teardown_taskflow.py
[2025-05-09T16:16:31.751+0000] {processor.py:830} INFO - Processing file /home/airflow/.local/lib/python3.10/site-packages/airflow/example_dags/example_setup_teardown_taskflow.py for tasks to queue
[2025-05-09T16:16:31.753+0000] {logging_mixin.py:188} INFO - [2025-05-09T16:16:31.753+0000] {dagbag.py:545} INFO - Filling up the DagBag from /home/airflow/.local/lib/python3.10/site-packages/airflow/example_dags/example_setup_teardown_taskflow.py
[2025-05-09T16:16:31.761+0000] {processor.py:840} INFO - DAG(s) 'example_setup_teardown_taskflow' retrieved from /home/airflow/.local/lib/python3.10/site-packages/airflow/example_dags/example_setup_teardown_taskflow.py
[2025-05-09T16:16:31.783+0000] {logging_mixin.py:188} INFO - [2025-05-09T16:16:31.783+0000] {dag.py:3096} INFO - Sync 1 DAGs
[2025-05-09T16:16:31.802+0000] {logging_mixin.py:188} INFO - [2025-05-09T16:16:31.802+0000] {dag.py:3954} INFO - Setting next_dagrun for example_setup_teardown_taskflow to 2025-05-08 00:00:00+00:00, run_after=2025-05-09 00:00:00+00:00
[2025-05-09T16:16:31.821+0000] {processor.py:183} INFO - Processing /home/airflow/.local/lib/python3.10/site-packages/airflow/example_dags/example_setup_teardown_taskflow.py took 0.078 seconds
[2025-05-09T16:17:02.599+0000] {processor.py:161} INFO - Started process (PID=6642) to work on /home/airflow/.local/lib/python3.10/site-packages/airflow/example_dags/example_setup_teardown_taskflow.py
[2025-05-09T16:17:02.601+0000] {processor.py:830} INFO - Processing file /home/airflow/.local/lib/python3.10/site-packages/airflow/example_dags/example_setup_teardown_taskflow.py for tasks to queue
[2025-05-09T16:17:02.603+0000] {logging_mixin.py:188} INFO - [2025-05-09T16:17:02.603+0000] {dagbag.py:545} INFO - Filling up the DagBag from /home/airflow/.local/lib/python3.10/site-packages/airflow/example_dags/example_setup_teardown_taskflow.py
[2025-05-09T16:17:02.613+0000] {processor.py:840} INFO - DAG(s) 'example_setup_teardown_taskflow' retrieved from /home/airflow/.local/lib/python3.10/site-packages/airflow/example_dags/example_setup_teardown_taskflow.py
[2025-05-09T16:17:02.637+0000] {logging_mixin.py:188} INFO - [2025-05-09T16:17:02.637+0000] {dag.py:3096} INFO - Sync 1 DAGs
[2025-05-09T16:17:02.661+0000] {logging_mixin.py:188} INFO - [2025-05-09T16:17:02.660+0000] {dag.py:3954} INFO - Setting next_dagrun for example_setup_teardown_taskflow to 2025-05-08 00:00:00+00:00, run_after=2025-05-09 00:00:00+00:00
[2025-05-09T16:17:02.681+0000] {processor.py:183} INFO - Processing /home/airflow/.local/lib/python3.10/site-packages/airflow/example_dags/example_setup_teardown_taskflow.py took 0.088 seconds
[2025-05-09T16:17:32.943+0000] {processor.py:161} INFO - Started process (PID=6955) to work on /home/airflow/.local/lib/python3.10/site-packages/airflow/example_dags/example_setup_teardown_taskflow.py
[2025-05-09T16:17:32.944+0000] {processor.py:830} INFO - Processing file /home/airflow/.local/lib/python3.10/site-packages/airflow/example_dags/example_setup_teardown_taskflow.py for tasks to queue
[2025-05-09T16:17:32.947+0000] {logging_mixin.py:188} INFO - [2025-05-09T16:17:32.946+0000] {dagbag.py:545} INFO - Filling up the DagBag from /home/airflow/.local/lib/python3.10/site-packages/airflow/example_dags/example_setup_teardown_taskflow.py
[2025-05-09T16:17:32.959+0000] {processor.py:840} INFO - DAG(s) 'example_setup_teardown_taskflow' retrieved from /home/airflow/.local/lib/python3.10/site-packages/airflow/example_dags/example_setup_teardown_taskflow.py
[2025-05-09T16:17:32.997+0000] {logging_mixin.py:188} INFO - [2025-05-09T16:17:32.997+0000] {dag.py:3096} INFO - Sync 1 DAGs
[2025-05-09T16:17:33.027+0000] {logging_mixin.py:188} INFO - [2025-05-09T16:17:33.026+0000] {dag.py:3954} INFO - Setting next_dagrun for example_setup_teardown_taskflow to 2025-05-08 00:00:00+00:00, run_after=2025-05-09 00:00:00+00:00
[2025-05-09T16:17:33.053+0000] {processor.py:183} INFO - Processing /home/airflow/.local/lib/python3.10/site-packages/airflow/example_dags/example_setup_teardown_taskflow.py took 0.117 seconds
[2025-05-09T16:18:03.925+0000] {processor.py:161} INFO - Started process (PID=7223) to work on /home/airflow/.local/lib/python3.10/site-packages/airflow/example_dags/example_setup_teardown_taskflow.py
[2025-05-09T16:18:03.927+0000] {processor.py:830} INFO - Processing file /home/airflow/.local/lib/python3.10/site-packages/airflow/example_dags/example_setup_teardown_taskflow.py for tasks to queue
[2025-05-09T16:18:03.930+0000] {logging_mixin.py:188} INFO - [2025-05-09T16:18:03.929+0000] {dagbag.py:545} INFO - Filling up the DagBag from /home/airflow/.local/lib/python3.10/site-packages/airflow/example_dags/example_setup_teardown_taskflow.py
[2025-05-09T16:18:03.941+0000] {processor.py:840} INFO - DAG(s) 'example_setup_teardown_taskflow' retrieved from /home/airflow/.local/lib/python3.10/site-packages/airflow/example_dags/example_setup_teardown_taskflow.py
[2025-05-09T16:18:03.974+0000] {logging_mixin.py:188} INFO - [2025-05-09T16:18:03.973+0000] {dag.py:3096} INFO - Sync 1 DAGs
[2025-05-09T16:18:04.001+0000] {logging_mixin.py:188} INFO - [2025-05-09T16:18:04.000+0000] {dag.py:3954} INFO - Setting next_dagrun for example_setup_teardown_taskflow to 2025-05-08 00:00:00+00:00, run_after=2025-05-09 00:00:00+00:00
[2025-05-09T16:18:04.026+0000] {processor.py:183} INFO - Processing /home/airflow/.local/lib/python3.10/site-packages/airflow/example_dags/example_setup_teardown_taskflow.py took 0.110 seconds
[2025-05-09T16:18:34.264+0000] {processor.py:161} INFO - Started process (PID=7518) to work on /home/airflow/.local/lib/python3.10/site-packages/airflow/example_dags/example_setup_teardown_taskflow.py
[2025-05-09T16:18:34.266+0000] {processor.py:830} INFO - Processing file /home/airflow/.local/lib/python3.10/site-packages/airflow/example_dags/example_setup_teardown_taskflow.py for tasks to queue
[2025-05-09T16:18:34.268+0000] {logging_mixin.py:188} INFO - [2025-05-09T16:18:34.268+0000] {dagbag.py:545} INFO - Filling up the DagBag from /home/airflow/.local/lib/python3.10/site-packages/airflow/example_dags/example_setup_teardown_taskflow.py
[2025-05-09T16:18:34.282+0000] {processor.py:840} INFO - DAG(s) 'example_setup_teardown_taskflow' retrieved from /home/airflow/.local/lib/python3.10/site-packages/airflow/example_dags/example_setup_teardown_taskflow.py
[2025-05-09T16:18:34.314+0000] {logging_mixin.py:188} INFO - [2025-05-09T16:18:34.314+0000] {dag.py:3096} INFO - Sync 1 DAGs
[2025-05-09T16:18:34.339+0000] {logging_mixin.py:188} INFO - [2025-05-09T16:18:34.339+0000] {dag.py:3954} INFO - Setting next_dagrun for example_setup_teardown_taskflow to 2025-05-08 00:00:00+00:00, run_after=2025-05-09 00:00:00+00:00
[2025-05-09T16:18:34.368+0000] {processor.py:183} INFO - Processing /home/airflow/.local/lib/python3.10/site-packages/airflow/example_dags/example_setup_teardown_taskflow.py took 0.113 seconds
[2025-05-09T16:19:05.048+0000] {processor.py:161} INFO - Started process (PID=7790) to work on /home/airflow/.local/lib/python3.10/site-packages/airflow/example_dags/example_setup_teardown_taskflow.py
[2025-05-09T16:19:05.050+0000] {processor.py:830} INFO - Processing file /home/airflow/.local/lib/python3.10/site-packages/airflow/example_dags/example_setup_teardown_taskflow.py for tasks to queue
[2025-05-09T16:19:05.054+0000] {logging_mixin.py:188} INFO - [2025-05-09T16:19:05.053+0000] {dagbag.py:545} INFO - Filling up the DagBag from /home/airflow/.local/lib/python3.10/site-packages/airflow/example_dags/example_setup_teardown_taskflow.py
[2025-05-09T16:19:05.069+0000] {processor.py:840} INFO - DAG(s) 'example_setup_teardown_taskflow' retrieved from /home/airflow/.local/lib/python3.10/site-packages/airflow/example_dags/example_setup_teardown_taskflow.py
[2025-05-09T16:19:05.111+0000] {logging_mixin.py:188} INFO - [2025-05-09T16:19:05.111+0000] {dag.py:3096} INFO - Sync 1 DAGs
[2025-05-09T16:19:05.146+0000] {logging_mixin.py:188} INFO - [2025-05-09T16:19:05.146+0000] {dag.py:3954} INFO - Setting next_dagrun for example_setup_teardown_taskflow to 2025-05-08 00:00:00+00:00, run_after=2025-05-09 00:00:00+00:00
[2025-05-09T16:19:05.182+0000] {processor.py:183} INFO - Processing /home/airflow/.local/lib/python3.10/site-packages/airflow/example_dags/example_setup_teardown_taskflow.py took 0.147 seconds
[2025-05-09T16:19:35.472+0000] {processor.py:161} INFO - Started process (PID=8081) to work on /home/airflow/.local/lib/python3.10/site-packages/airflow/example_dags/example_setup_teardown_taskflow.py
[2025-05-09T16:19:35.473+0000] {processor.py:830} INFO - Processing file /home/airflow/.local/lib/python3.10/site-packages/airflow/example_dags/example_setup_teardown_taskflow.py for tasks to queue
[2025-05-09T16:19:35.476+0000] {logging_mixin.py:188} INFO - [2025-05-09T16:19:35.476+0000] {dagbag.py:545} INFO - Filling up the DagBag from /home/airflow/.local/lib/python3.10/site-packages/airflow/example_dags/example_setup_teardown_taskflow.py
[2025-05-09T16:19:35.486+0000] {processor.py:840} INFO - DAG(s) 'example_setup_teardown_taskflow' retrieved from /home/airflow/.local/lib/python3.10/site-packages/airflow/example_dags/example_setup_teardown_taskflow.py
[2025-05-09T16:19:35.514+0000] {logging_mixin.py:188} INFO - [2025-05-09T16:19:35.514+0000] {dag.py:3096} INFO - Sync 1 DAGs
[2025-05-09T16:19:35.536+0000] {logging_mixin.py:188} INFO - [2025-05-09T16:19:35.536+0000] {dag.py:3954} INFO - Setting next_dagrun for example_setup_teardown_taskflow to 2025-05-08 00:00:00+00:00, run_after=2025-05-09 00:00:00+00:00
[2025-05-09T16:19:35.567+0000] {processor.py:183} INFO - Processing /home/airflow/.local/lib/python3.10/site-packages/airflow/example_dags/example_setup_teardown_taskflow.py took 0.102 seconds
[2025-05-09T16:20:06.276+0000] {processor.py:161} INFO - Started process (PID=8385) to work on /home/airflow/.local/lib/python3.10/site-packages/airflow/example_dags/example_setup_teardown_taskflow.py
[2025-05-09T16:20:06.277+0000] {processor.py:830} INFO - Processing file /home/airflow/.local/lib/python3.10/site-packages/airflow/example_dags/example_setup_teardown_taskflow.py for tasks to queue
[2025-05-09T16:20:06.280+0000] {logging_mixin.py:188} INFO - [2025-05-09T16:20:06.279+0000] {dagbag.py:545} INFO - Filling up the DagBag from /home/airflow/.local/lib/python3.10/site-packages/airflow/example_dags/example_setup_teardown_taskflow.py
[2025-05-09T16:20:06.290+0000] {processor.py:840} INFO - DAG(s) 'example_setup_teardown_taskflow' retrieved from /home/airflow/.local/lib/python3.10/site-packages/airflow/example_dags/example_setup_teardown_taskflow.py
[2025-05-09T16:20:06.318+0000] {logging_mixin.py:188} INFO - [2025-05-09T16:20:06.318+0000] {dag.py:3096} INFO - Sync 1 DAGs
[2025-05-09T16:20:06.346+0000] {logging_mixin.py:188} INFO - [2025-05-09T16:20:06.346+0000] {dag.py:3954} INFO - Setting next_dagrun for example_setup_teardown_taskflow to 2025-05-08 00:00:00+00:00, run_after=2025-05-09 00:00:00+00:00
[2025-05-09T16:20:06.376+0000] {processor.py:183} INFO - Processing /home/airflow/.local/lib/python3.10/site-packages/airflow/example_dags/example_setup_teardown_taskflow.py took 0.108 seconds
[2025-05-09T16:20:37.033+0000] {processor.py:161} INFO - Started process (PID=8662) to work on /home/airflow/.local/lib/python3.10/site-packages/airflow/example_dags/example_setup_teardown_taskflow.py
[2025-05-09T16:20:37.034+0000] {processor.py:830} INFO - Processing file /home/airflow/.local/lib/python3.10/site-packages/airflow/example_dags/example_setup_teardown_taskflow.py for tasks to queue
[2025-05-09T16:20:37.036+0000] {logging_mixin.py:188} INFO - [2025-05-09T16:20:37.036+0000] {dagbag.py:545} INFO - Filling up the DagBag from /home/airflow/.local/lib/python3.10/site-packages/airflow/example_dags/example_setup_teardown_taskflow.py
[2025-05-09T16:20:37.045+0000] {processor.py:840} INFO - DAG(s) 'example_setup_teardown_taskflow' retrieved from /home/airflow/.local/lib/python3.10/site-packages/airflow/example_dags/example_setup_teardown_taskflow.py
[2025-05-09T16:20:37.070+0000] {logging_mixin.py:188} INFO - [2025-05-09T16:20:37.070+0000] {dag.py:3096} INFO - Sync 1 DAGs
[2025-05-09T16:20:37.093+0000] {logging_mixin.py:188} INFO - [2025-05-09T16:20:37.093+0000] {dag.py:3954} INFO - Setting next_dagrun for example_setup_teardown_taskflow to 2025-05-08 00:00:00+00:00, run_after=2025-05-09 00:00:00+00:00
[2025-05-09T16:20:37.121+0000] {processor.py:183} INFO - Processing /home/airflow/.local/lib/python3.10/site-packages/airflow/example_dags/example_setup_teardown_taskflow.py took 0.095 seconds
[2025-05-09T16:21:07.941+0000] {processor.py:161} INFO - Started process (PID=8954) to work on /home/airflow/.local/lib/python3.10/site-packages/airflow/example_dags/example_setup_teardown_taskflow.py
[2025-05-09T16:21:07.943+0000] {processor.py:830} INFO - Processing file /home/airflow/.local/lib/python3.10/site-packages/airflow/example_dags/example_setup_teardown_taskflow.py for tasks to queue
[2025-05-09T16:21:07.947+0000] {logging_mixin.py:188} INFO - [2025-05-09T16:21:07.946+0000] {dagbag.py:545} INFO - Filling up the DagBag from /home/airflow/.local/lib/python3.10/site-packages/airflow/example_dags/example_setup_teardown_taskflow.py
[2025-05-09T16:21:07.960+0000] {processor.py:840} INFO - DAG(s) 'example_setup_teardown_taskflow' retrieved from /home/airflow/.local/lib/python3.10/site-packages/airflow/example_dags/example_setup_teardown_taskflow.py
[2025-05-09T16:21:07.993+0000] {logging_mixin.py:188} INFO - [2025-05-09T16:21:07.992+0000] {dag.py:3096} INFO - Sync 1 DAGs
[2025-05-09T16:21:08.017+0000] {logging_mixin.py:188} INFO - [2025-05-09T16:21:08.017+0000] {dag.py:3954} INFO - Setting next_dagrun for example_setup_teardown_taskflow to 2025-05-08 00:00:00+00:00, run_after=2025-05-09 00:00:00+00:00
[2025-05-09T16:21:08.051+0000] {processor.py:183} INFO - Processing /home/airflow/.local/lib/python3.10/site-packages/airflow/example_dags/example_setup_teardown_taskflow.py took 0.120 seconds
[2025-05-09T16:21:38.184+0000] {processor.py:161} INFO - Started process (PID=9294) to work on /home/airflow/.local/lib/python3.10/site-packages/airflow/example_dags/example_setup_teardown_taskflow.py
[2025-05-09T16:21:38.186+0000] {processor.py:830} INFO - Processing file /home/airflow/.local/lib/python3.10/site-packages/airflow/example_dags/example_setup_teardown_taskflow.py for tasks to queue
[2025-05-09T16:21:38.188+0000] {logging_mixin.py:188} INFO - [2025-05-09T16:21:38.187+0000] {dagbag.py:545} INFO - Filling up the DagBag from /home/airflow/.local/lib/python3.10/site-packages/airflow/example_dags/example_setup_teardown_taskflow.py
[2025-05-09T16:21:38.197+0000] {processor.py:840} INFO - DAG(s) 'example_setup_teardown_taskflow' retrieved from /home/airflow/.local/lib/python3.10/site-packages/airflow/example_dags/example_setup_teardown_taskflow.py
[2025-05-09T16:21:38.232+0000] {logging_mixin.py:188} INFO - [2025-05-09T16:21:38.232+0000] {dag.py:3096} INFO - Sync 1 DAGs
[2025-05-09T16:21:38.264+0000] {logging_mixin.py:188} INFO - [2025-05-09T16:21:38.264+0000] {dag.py:3954} INFO - Setting next_dagrun for example_setup_teardown_taskflow to 2025-05-08 00:00:00+00:00, run_after=2025-05-09 00:00:00+00:00
[2025-05-09T16:21:38.300+0000] {processor.py:183} INFO - Processing /home/airflow/.local/lib/python3.10/site-packages/airflow/example_dags/example_setup_teardown_taskflow.py took 0.121 seconds
[2025-05-09T16:22:08.839+0000] {processor.py:161} INFO - Started process (PID=9611) to work on /home/airflow/.local/lib/python3.10/site-packages/airflow/example_dags/example_setup_teardown_taskflow.py
[2025-05-09T16:22:08.840+0000] {processor.py:830} INFO - Processing file /home/airflow/.local/lib/python3.10/site-packages/airflow/example_dags/example_setup_teardown_taskflow.py for tasks to queue
[2025-05-09T16:22:08.844+0000] {logging_mixin.py:188} INFO - [2025-05-09T16:22:08.843+0000] {dagbag.py:545} INFO - Filling up the DagBag from /home/airflow/.local/lib/python3.10/site-packages/airflow/example_dags/example_setup_teardown_taskflow.py
[2025-05-09T16:22:08.857+0000] {processor.py:840} INFO - DAG(s) 'example_setup_teardown_taskflow' retrieved from /home/airflow/.local/lib/python3.10/site-packages/airflow/example_dags/example_setup_teardown_taskflow.py
[2025-05-09T16:22:08.908+0000] {logging_mixin.py:188} INFO - [2025-05-09T16:22:08.908+0000] {dag.py:3096} INFO - Sync 1 DAGs
[2025-05-09T16:22:08.946+0000] {logging_mixin.py:188} INFO - [2025-05-09T16:22:08.946+0000] {dag.py:3954} INFO - Setting next_dagrun for example_setup_teardown_taskflow to 2025-05-08 00:00:00+00:00, run_after=2025-05-09 00:00:00+00:00
[2025-05-09T16:22:08.978+0000] {processor.py:183} INFO - Processing /home/airflow/.local/lib/python3.10/site-packages/airflow/example_dags/example_setup_teardown_taskflow.py took 0.146 seconds
[2025-05-09T16:22:39.236+0000] {processor.py:161} INFO - Started process (PID=9899) to work on /home/airflow/.local/lib/python3.10/site-packages/airflow/example_dags/example_setup_teardown_taskflow.py
[2025-05-09T16:22:39.237+0000] {processor.py:830} INFO - Processing file /home/airflow/.local/lib/python3.10/site-packages/airflow/example_dags/example_setup_teardown_taskflow.py for tasks to queue
[2025-05-09T16:22:39.239+0000] {logging_mixin.py:188} INFO - [2025-05-09T16:22:39.239+0000] {dagbag.py:545} INFO - Filling up the DagBag from /home/airflow/.local/lib/python3.10/site-packages/airflow/example_dags/example_setup_teardown_taskflow.py
[2025-05-09T16:22:39.251+0000] {processor.py:840} INFO - DAG(s) 'example_setup_teardown_taskflow' retrieved from /home/airflow/.local/lib/python3.10/site-packages/airflow/example_dags/example_setup_teardown_taskflow.py
[2025-05-09T16:22:39.275+0000] {logging_mixin.py:188} INFO - [2025-05-09T16:22:39.275+0000] {dag.py:3096} INFO - Sync 1 DAGs
[2025-05-09T16:22:39.295+0000] {logging_mixin.py:188} INFO - [2025-05-09T16:22:39.295+0000] {dag.py:3954} INFO - Setting next_dagrun for example_setup_teardown_taskflow to 2025-05-08 00:00:00+00:00, run_after=2025-05-09 00:00:00+00:00
[2025-05-09T16:22:39.318+0000] {processor.py:183} INFO - Processing /home/airflow/.local/lib/python3.10/site-packages/airflow/example_dags/example_setup_teardown_taskflow.py took 0.088 seconds
[2025-05-09T16:23:10.419+0000] {processor.py:161} INFO - Started process (PID=10199) to work on /home/airflow/.local/lib/python3.10/site-packages/airflow/example_dags/example_setup_teardown_taskflow.py
[2025-05-09T16:23:10.420+0000] {processor.py:830} INFO - Processing file /home/airflow/.local/lib/python3.10/site-packages/airflow/example_dags/example_setup_teardown_taskflow.py for tasks to queue
[2025-05-09T16:23:10.424+0000] {logging_mixin.py:188} INFO - [2025-05-09T16:23:10.423+0000] {dagbag.py:545} INFO - Filling up the DagBag from /home/airflow/.local/lib/python3.10/site-packages/airflow/example_dags/example_setup_teardown_taskflow.py
[2025-05-09T16:23:10.437+0000] {processor.py:840} INFO - DAG(s) 'example_setup_teardown_taskflow' retrieved from /home/airflow/.local/lib/python3.10/site-packages/airflow/example_dags/example_setup_teardown_taskflow.py
[2025-05-09T16:23:10.471+0000] {logging_mixin.py:188} INFO - [2025-05-09T16:23:10.471+0000] {dag.py:3096} INFO - Sync 1 DAGs
[2025-05-09T16:23:10.502+0000] {logging_mixin.py:188} INFO - [2025-05-09T16:23:10.502+0000] {dag.py:3954} INFO - Setting next_dagrun for example_setup_teardown_taskflow to 2025-05-08 00:00:00+00:00, run_after=2025-05-09 00:00:00+00:00
[2025-05-09T16:23:10.532+0000] {processor.py:183} INFO - Processing /home/airflow/.local/lib/python3.10/site-packages/airflow/example_dags/example_setup_teardown_taskflow.py took 0.122 seconds
[2025-05-09T16:23:40.699+0000] {processor.py:161} INFO - Started process (PID=10474) to work on /home/airflow/.local/lib/python3.10/site-packages/airflow/example_dags/example_setup_teardown_taskflow.py
[2025-05-09T16:23:40.700+0000] {processor.py:830} INFO - Processing file /home/airflow/.local/lib/python3.10/site-packages/airflow/example_dags/example_setup_teardown_taskflow.py for tasks to queue
[2025-05-09T16:23:40.703+0000] {logging_mixin.py:188} INFO - [2025-05-09T16:23:40.702+0000] {dagbag.py:545} INFO - Filling up the DagBag from /home/airflow/.local/lib/python3.10/site-packages/airflow/example_dags/example_setup_teardown_taskflow.py
[2025-05-09T16:23:40.715+0000] {processor.py:840} INFO - DAG(s) 'example_setup_teardown_taskflow' retrieved from /home/airflow/.local/lib/python3.10/site-packages/airflow/example_dags/example_setup_teardown_taskflow.py
[2025-05-09T16:23:40.744+0000] {logging_mixin.py:188} INFO - [2025-05-09T16:23:40.743+0000] {dag.py:3096} INFO - Sync 1 DAGs
[2025-05-09T16:23:40.767+0000] {logging_mixin.py:188} INFO - [2025-05-09T16:23:40.767+0000] {dag.py:3954} INFO - Setting next_dagrun for example_setup_teardown_taskflow to 2025-05-08 00:00:00+00:00, run_after=2025-05-09 00:00:00+00:00
[2025-05-09T16:23:40.793+0000] {processor.py:183} INFO - Processing /home/airflow/.local/lib/python3.10/site-packages/airflow/example_dags/example_setup_teardown_taskflow.py took 0.100 seconds
[2025-05-09T16:24:11.546+0000] {processor.py:161} INFO - Started process (PID=10787) to work on /home/airflow/.local/lib/python3.10/site-packages/airflow/example_dags/example_setup_teardown_taskflow.py
[2025-05-09T16:24:11.547+0000] {processor.py:830} INFO - Processing file /home/airflow/.local/lib/python3.10/site-packages/airflow/example_dags/example_setup_teardown_taskflow.py for tasks to queue
[2025-05-09T16:24:11.549+0000] {logging_mixin.py:188} INFO - [2025-05-09T16:24:11.549+0000] {dagbag.py:545} INFO - Filling up the DagBag from /home/airflow/.local/lib/python3.10/site-packages/airflow/example_dags/example_setup_teardown_taskflow.py
[2025-05-09T16:24:11.562+0000] {processor.py:840} INFO - DAG(s) 'example_setup_teardown_taskflow' retrieved from /home/airflow/.local/lib/python3.10/site-packages/airflow/example_dags/example_setup_teardown_taskflow.py
[2025-05-09T16:24:11.591+0000] {logging_mixin.py:188} INFO - [2025-05-09T16:24:11.590+0000] {dag.py:3096} INFO - Sync 1 DAGs
[2025-05-09T16:24:11.619+0000] {logging_mixin.py:188} INFO - [2025-05-09T16:24:11.619+0000] {dag.py:3954} INFO - Setting next_dagrun for example_setup_teardown_taskflow to 2025-05-08 00:00:00+00:00, run_after=2025-05-09 00:00:00+00:00
[2025-05-09T16:24:11.647+0000] {processor.py:183} INFO - Processing /home/airflow/.local/lib/python3.10/site-packages/airflow/example_dags/example_setup_teardown_taskflow.py took 0.110 seconds
[2025-05-09T16:24:42.163+0000] {processor.py:161} INFO - Started process (PID=11063) to work on /home/airflow/.local/lib/python3.10/site-packages/airflow/example_dags/example_setup_teardown_taskflow.py
[2025-05-09T16:24:42.164+0000] {processor.py:830} INFO - Processing file /home/airflow/.local/lib/python3.10/site-packages/airflow/example_dags/example_setup_teardown_taskflow.py for tasks to queue
[2025-05-09T16:24:42.167+0000] {logging_mixin.py:188} INFO - [2025-05-09T16:24:42.166+0000] {dagbag.py:545} INFO - Filling up the DagBag from /home/airflow/.local/lib/python3.10/site-packages/airflow/example_dags/example_setup_teardown_taskflow.py
[2025-05-09T16:24:42.175+0000] {processor.py:840} INFO - DAG(s) 'example_setup_teardown_taskflow' retrieved from /home/airflow/.local/lib/python3.10/site-packages/airflow/example_dags/example_setup_teardown_taskflow.py
[2025-05-09T16:24:42.201+0000] {logging_mixin.py:188} INFO - [2025-05-09T16:24:42.200+0000] {dag.py:3096} INFO - Sync 1 DAGs
[2025-05-09T16:24:42.223+0000] {logging_mixin.py:188} INFO - [2025-05-09T16:24:42.222+0000] {dag.py:3954} INFO - Setting next_dagrun for example_setup_teardown_taskflow to 2025-05-08 00:00:00+00:00, run_after=2025-05-09 00:00:00+00:00
[2025-05-09T16:24:42.251+0000] {processor.py:183} INFO - Processing /home/airflow/.local/lib/python3.10/site-packages/airflow/example_dags/example_setup_teardown_taskflow.py took 0.094 seconds
[2025-05-09T16:25:13.043+0000] {processor.py:161} INFO - Started process (PID=11416) to work on /home/airflow/.local/lib/python3.10/site-packages/airflow/example_dags/example_setup_teardown_taskflow.py
[2025-05-09T16:25:13.045+0000] {processor.py:830} INFO - Processing file /home/airflow/.local/lib/python3.10/site-packages/airflow/example_dags/example_setup_teardown_taskflow.py for tasks to queue
[2025-05-09T16:25:13.047+0000] {logging_mixin.py:188} INFO - [2025-05-09T16:25:13.047+0000] {dagbag.py:545} INFO - Filling up the DagBag from /home/airflow/.local/lib/python3.10/site-packages/airflow/example_dags/example_setup_teardown_taskflow.py
[2025-05-09T16:25:13.055+0000] {processor.py:840} INFO - DAG(s) 'example_setup_teardown_taskflow' retrieved from /home/airflow/.local/lib/python3.10/site-packages/airflow/example_dags/example_setup_teardown_taskflow.py
[2025-05-09T16:25:13.079+0000] {logging_mixin.py:188} INFO - [2025-05-09T16:25:13.079+0000] {dag.py:3096} INFO - Sync 1 DAGs
[2025-05-09T16:25:13.099+0000] {logging_mixin.py:188} INFO - [2025-05-09T16:25:13.098+0000] {dag.py:3954} INFO - Setting next_dagrun for example_setup_teardown_taskflow to 2025-05-08 00:00:00+00:00, run_after=2025-05-09 00:00:00+00:00
[2025-05-09T16:25:13.121+0000] {processor.py:183} INFO - Processing /home/airflow/.local/lib/python3.10/site-packages/airflow/example_dags/example_setup_teardown_taskflow.py took 0.083 seconds
[2025-05-09T16:25:43.751+0000] {processor.py:161} INFO - Started process (PID=11684) to work on /home/airflow/.local/lib/python3.10/site-packages/airflow/example_dags/example_setup_teardown_taskflow.py
[2025-05-09T16:25:43.752+0000] {processor.py:830} INFO - Processing file /home/airflow/.local/lib/python3.10/site-packages/airflow/example_dags/example_setup_teardown_taskflow.py for tasks to queue
[2025-05-09T16:25:43.756+0000] {logging_mixin.py:188} INFO - [2025-05-09T16:25:43.755+0000] {dagbag.py:545} INFO - Filling up the DagBag from /home/airflow/.local/lib/python3.10/site-packages/airflow/example_dags/example_setup_teardown_taskflow.py
[2025-05-09T16:25:43.766+0000] {processor.py:840} INFO - DAG(s) 'example_setup_teardown_taskflow' retrieved from /home/airflow/.local/lib/python3.10/site-packages/airflow/example_dags/example_setup_teardown_taskflow.py
[2025-05-09T16:25:43.793+0000] {logging_mixin.py:188} INFO - [2025-05-09T16:25:43.793+0000] {dag.py:3096} INFO - Sync 1 DAGs
[2025-05-09T16:25:43.816+0000] {logging_mixin.py:188} INFO - [2025-05-09T16:25:43.816+0000] {dag.py:3954} INFO - Setting next_dagrun for example_setup_teardown_taskflow to 2025-05-08 00:00:00+00:00, run_after=2025-05-09 00:00:00+00:00
[2025-05-09T16:25:43.838+0000] {processor.py:183} INFO - Processing /home/airflow/.local/lib/python3.10/site-packages/airflow/example_dags/example_setup_teardown_taskflow.py took 0.095 seconds
[2025-05-09T16:26:14.192+0000] {processor.py:161} INFO - Started process (PID=12009) to work on /home/airflow/.local/lib/python3.10/site-packages/airflow/example_dags/example_setup_teardown_taskflow.py
[2025-05-09T16:26:14.193+0000] {processor.py:830} INFO - Processing file /home/airflow/.local/lib/python3.10/site-packages/airflow/example_dags/example_setup_teardown_taskflow.py for tasks to queue
[2025-05-09T16:26:14.196+0000] {logging_mixin.py:188} INFO - [2025-05-09T16:26:14.196+0000] {dagbag.py:545} INFO - Filling up the DagBag from /home/airflow/.local/lib/python3.10/site-packages/airflow/example_dags/example_setup_teardown_taskflow.py
[2025-05-09T16:26:14.206+0000] {processor.py:840} INFO - DAG(s) 'example_setup_teardown_taskflow' retrieved from /home/airflow/.local/lib/python3.10/site-packages/airflow/example_dags/example_setup_teardown_taskflow.py
[2025-05-09T16:26:14.232+0000] {logging_mixin.py:188} INFO - [2025-05-09T16:26:14.232+0000] {dag.py:3096} INFO - Sync 1 DAGs
[2025-05-09T16:26:14.254+0000] {logging_mixin.py:188} INFO - [2025-05-09T16:26:14.254+0000] {dag.py:3954} INFO - Setting next_dagrun for example_setup_teardown_taskflow to 2025-05-08 00:00:00+00:00, run_after=2025-05-09 00:00:00+00:00
[2025-05-09T16:26:14.280+0000] {processor.py:183} INFO - Processing /home/airflow/.local/lib/python3.10/site-packages/airflow/example_dags/example_setup_teardown_taskflow.py took 0.096 seconds
[2025-05-09T16:26:44.668+0000] {processor.py:161} INFO - Started process (PID=12286) to work on /home/airflow/.local/lib/python3.10/site-packages/airflow/example_dags/example_setup_teardown_taskflow.py
[2025-05-09T16:26:44.670+0000] {processor.py:830} INFO - Processing file /home/airflow/.local/lib/python3.10/site-packages/airflow/example_dags/example_setup_teardown_taskflow.py for tasks to queue
[2025-05-09T16:26:44.672+0000] {logging_mixin.py:188} INFO - [2025-05-09T16:26:44.671+0000] {dagbag.py:545} INFO - Filling up the DagBag from /home/airflow/.local/lib/python3.10/site-packages/airflow/example_dags/example_setup_teardown_taskflow.py
[2025-05-09T16:26:44.681+0000] {processor.py:840} INFO - DAG(s) 'example_setup_teardown_taskflow' retrieved from /home/airflow/.local/lib/python3.10/site-packages/airflow/example_dags/example_setup_teardown_taskflow.py
[2025-05-09T16:26:44.704+0000] {logging_mixin.py:188} INFO - [2025-05-09T16:26:44.704+0000] {dag.py:3096} INFO - Sync 1 DAGs
[2025-05-09T16:26:44.724+0000] {logging_mixin.py:188} INFO - [2025-05-09T16:26:44.724+0000] {dag.py:3954} INFO - Setting next_dagrun for example_setup_teardown_taskflow to 2025-05-08 00:00:00+00:00, run_after=2025-05-09 00:00:00+00:00
[2025-05-09T16:26:44.746+0000] {processor.py:183} INFO - Processing /home/airflow/.local/lib/python3.10/site-packages/airflow/example_dags/example_setup_teardown_taskflow.py took 0.083 seconds
[2025-05-09T16:27:15.377+0000] {processor.py:161} INFO - Started process (PID=12605) to work on /home/airflow/.local/lib/python3.10/site-packages/airflow/example_dags/example_setup_teardown_taskflow.py
[2025-05-09T16:27:15.379+0000] {processor.py:830} INFO - Processing file /home/airflow/.local/lib/python3.10/site-packages/airflow/example_dags/example_setup_teardown_taskflow.py for tasks to queue
[2025-05-09T16:27:15.383+0000] {logging_mixin.py:188} INFO - [2025-05-09T16:27:15.382+0000] {dagbag.py:545} INFO - Filling up the DagBag from /home/airflow/.local/lib/python3.10/site-packages/airflow/example_dags/example_setup_teardown_taskflow.py
[2025-05-09T16:27:15.393+0000] {processor.py:840} INFO - DAG(s) 'example_setup_teardown_taskflow' retrieved from /home/airflow/.local/lib/python3.10/site-packages/airflow/example_dags/example_setup_teardown_taskflow.py
[2025-05-09T16:27:15.422+0000] {logging_mixin.py:188} INFO - [2025-05-09T16:27:15.422+0000] {dag.py:3096} INFO - Sync 1 DAGs
[2025-05-09T16:27:15.450+0000] {logging_mixin.py:188} INFO - [2025-05-09T16:27:15.449+0000] {dag.py:3954} INFO - Setting next_dagrun for example_setup_teardown_taskflow to 2025-05-08 00:00:00+00:00, run_after=2025-05-09 00:00:00+00:00
[2025-05-09T16:27:15.481+0000] {processor.py:183} INFO - Processing /home/airflow/.local/lib/python3.10/site-packages/airflow/example_dags/example_setup_teardown_taskflow.py took 0.110 seconds
[2025-05-09T16:27:45.720+0000] {processor.py:161} INFO - Started process (PID=12867) to work on /home/airflow/.local/lib/python3.10/site-packages/airflow/example_dags/example_setup_teardown_taskflow.py
[2025-05-09T16:27:45.721+0000] {processor.py:830} INFO - Processing file /home/airflow/.local/lib/python3.10/site-packages/airflow/example_dags/example_setup_teardown_taskflow.py for tasks to queue
[2025-05-09T16:27:45.723+0000] {logging_mixin.py:188} INFO - [2025-05-09T16:27:45.723+0000] {dagbag.py:545} INFO - Filling up the DagBag from /home/airflow/.local/lib/python3.10/site-packages/airflow/example_dags/example_setup_teardown_taskflow.py
[2025-05-09T16:27:45.735+0000] {processor.py:840} INFO - DAG(s) 'example_setup_teardown_taskflow' retrieved from /home/airflow/.local/lib/python3.10/site-packages/airflow/example_dags/example_setup_teardown_taskflow.py
[2025-05-09T16:27:45.759+0000] {logging_mixin.py:188} INFO - [2025-05-09T16:27:45.758+0000] {dag.py:3096} INFO - Sync 1 DAGs
[2025-05-09T16:27:45.782+0000] {logging_mixin.py:188} INFO - [2025-05-09T16:27:45.782+0000] {dag.py:3954} INFO - Setting next_dagrun for example_setup_teardown_taskflow to 2025-05-08 00:00:00+00:00, run_after=2025-05-09 00:00:00+00:00
[2025-05-09T16:27:45.813+0000] {processor.py:183} INFO - Processing /home/airflow/.local/lib/python3.10/site-packages/airflow/example_dags/example_setup_teardown_taskflow.py took 0.099 seconds
[2025-05-09T16:28:16.000+0000] {processor.py:161} INFO - Started process (PID=13165) to work on /home/airflow/.local/lib/python3.10/site-packages/airflow/example_dags/example_setup_teardown_taskflow.py
[2025-05-09T16:28:16.001+0000] {processor.py:830} INFO - Processing file /home/airflow/.local/lib/python3.10/site-packages/airflow/example_dags/example_setup_teardown_taskflow.py for tasks to queue
[2025-05-09T16:28:16.004+0000] {logging_mixin.py:188} INFO - [2025-05-09T16:28:16.003+0000] {dagbag.py:545} INFO - Filling up the DagBag from /home/airflow/.local/lib/python3.10/site-packages/airflow/example_dags/example_setup_teardown_taskflow.py
[2025-05-09T16:28:16.017+0000] {processor.py:840} INFO - DAG(s) 'example_setup_teardown_taskflow' retrieved from /home/airflow/.local/lib/python3.10/site-packages/airflow/example_dags/example_setup_teardown_taskflow.py
[2025-05-09T16:28:16.048+0000] {logging_mixin.py:188} INFO - [2025-05-09T16:28:16.047+0000] {dag.py:3096} INFO - Sync 1 DAGs
[2025-05-09T16:28:16.073+0000] {logging_mixin.py:188} INFO - [2025-05-09T16:28:16.073+0000] {dag.py:3954} INFO - Setting next_dagrun for example_setup_teardown_taskflow to 2025-05-08 00:00:00+00:00, run_after=2025-05-09 00:00:00+00:00
[2025-05-09T16:28:16.095+0000] {processor.py:183} INFO - Processing /home/airflow/.local/lib/python3.10/site-packages/airflow/example_dags/example_setup_teardown_taskflow.py took 0.103 seconds
[2025-05-09T16:28:47.051+0000] {processor.py:161} INFO - Started process (PID=13427) to work on /home/airflow/.local/lib/python3.10/site-packages/airflow/example_dags/example_setup_teardown_taskflow.py
[2025-05-09T16:28:47.052+0000] {processor.py:830} INFO - Processing file /home/airflow/.local/lib/python3.10/site-packages/airflow/example_dags/example_setup_teardown_taskflow.py for tasks to queue
[2025-05-09T16:28:47.054+0000] {logging_mixin.py:188} INFO - [2025-05-09T16:28:47.054+0000] {dagbag.py:545} INFO - Filling up the DagBag from /home/airflow/.local/lib/python3.10/site-packages/airflow/example_dags/example_setup_teardown_taskflow.py
[2025-05-09T16:28:47.064+0000] {processor.py:840} INFO - DAG(s) 'example_setup_teardown_taskflow' retrieved from /home/airflow/.local/lib/python3.10/site-packages/airflow/example_dags/example_setup_teardown_taskflow.py
[2025-05-09T16:28:47.095+0000] {logging_mixin.py:188} INFO - [2025-05-09T16:28:47.095+0000] {dag.py:3096} INFO - Sync 1 DAGs
[2025-05-09T16:28:47.119+0000] {logging_mixin.py:188} INFO - [2025-05-09T16:28:47.119+0000] {dag.py:3954} INFO - Setting next_dagrun for example_setup_teardown_taskflow to 2025-05-08 00:00:00+00:00, run_after=2025-05-09 00:00:00+00:00
[2025-05-09T16:28:47.148+0000] {processor.py:183} INFO - Processing /home/airflow/.local/lib/python3.10/site-packages/airflow/example_dags/example_setup_teardown_taskflow.py took 0.103 seconds
[2025-05-09T16:29:17.467+0000] {processor.py:161} INFO - Started process (PID=13764) to work on /home/airflow/.local/lib/python3.10/site-packages/airflow/example_dags/example_setup_teardown_taskflow.py
[2025-05-09T16:29:17.469+0000] {processor.py:830} INFO - Processing file /home/airflow/.local/lib/python3.10/site-packages/airflow/example_dags/example_setup_teardown_taskflow.py for tasks to queue
[2025-05-09T16:29:17.471+0000] {logging_mixin.py:188} INFO - [2025-05-09T16:29:17.471+0000] {dagbag.py:545} INFO - Filling up the DagBag from /home/airflow/.local/lib/python3.10/site-packages/airflow/example_dags/example_setup_teardown_taskflow.py
[2025-05-09T16:29:17.483+0000] {processor.py:840} INFO - DAG(s) 'example_setup_teardown_taskflow' retrieved from /home/airflow/.local/lib/python3.10/site-packages/airflow/example_dags/example_setup_teardown_taskflow.py
[2025-05-09T16:29:17.510+0000] {logging_mixin.py:188} INFO - [2025-05-09T16:29:17.509+0000] {dag.py:3096} INFO - Sync 1 DAGs
[2025-05-09T16:29:17.536+0000] {logging_mixin.py:188} INFO - [2025-05-09T16:29:17.536+0000] {dag.py:3954} INFO - Setting next_dagrun for example_setup_teardown_taskflow to 2025-05-08 00:00:00+00:00, run_after=2025-05-09 00:00:00+00:00
[2025-05-09T16:29:17.569+0000] {processor.py:183} INFO - Processing /home/airflow/.local/lib/python3.10/site-packages/airflow/example_dags/example_setup_teardown_taskflow.py took 0.109 seconds
[2025-05-09T16:29:47.820+0000] {processor.py:161} INFO - Started process (PID=14026) to work on /home/airflow/.local/lib/python3.10/site-packages/airflow/example_dags/example_setup_teardown_taskflow.py
[2025-05-09T16:29:47.823+0000] {processor.py:830} INFO - Processing file /home/airflow/.local/lib/python3.10/site-packages/airflow/example_dags/example_setup_teardown_taskflow.py for tasks to queue
[2025-05-09T16:29:47.827+0000] {logging_mixin.py:188} INFO - [2025-05-09T16:29:47.827+0000] {dagbag.py:545} INFO - Filling up the DagBag from /home/airflow/.local/lib/python3.10/site-packages/airflow/example_dags/example_setup_teardown_taskflow.py
[2025-05-09T16:29:47.843+0000] {processor.py:840} INFO - DAG(s) 'example_setup_teardown_taskflow' retrieved from /home/airflow/.local/lib/python3.10/site-packages/airflow/example_dags/example_setup_teardown_taskflow.py
[2025-05-09T16:29:47.869+0000] {logging_mixin.py:188} INFO - [2025-05-09T16:29:47.868+0000] {dag.py:3096} INFO - Sync 1 DAGs
[2025-05-09T16:29:47.892+0000] {logging_mixin.py:188} INFO - [2025-05-09T16:29:47.892+0000] {dag.py:3954} INFO - Setting next_dagrun for example_setup_teardown_taskflow to 2025-05-08 00:00:00+00:00, run_after=2025-05-09 00:00:00+00:00
[2025-05-09T16:29:47.914+0000] {processor.py:183} INFO - Processing /home/airflow/.local/lib/python3.10/site-packages/airflow/example_dags/example_setup_teardown_taskflow.py took 0.100 seconds
[2025-05-09T16:30:18.393+0000] {processor.py:161} INFO - Started process (PID=14339) to work on /home/airflow/.local/lib/python3.10/site-packages/airflow/example_dags/example_setup_teardown_taskflow.py
[2025-05-09T16:30:18.395+0000] {processor.py:830} INFO - Processing file /home/airflow/.local/lib/python3.10/site-packages/airflow/example_dags/example_setup_teardown_taskflow.py for tasks to queue
[2025-05-09T16:30:18.399+0000] {logging_mixin.py:188} INFO - [2025-05-09T16:30:18.398+0000] {dagbag.py:545} INFO - Filling up the DagBag from /home/airflow/.local/lib/python3.10/site-packages/airflow/example_dags/example_setup_teardown_taskflow.py
[2025-05-09T16:30:18.411+0000] {processor.py:840} INFO - DAG(s) 'example_setup_teardown_taskflow' retrieved from /home/airflow/.local/lib/python3.10/site-packages/airflow/example_dags/example_setup_teardown_taskflow.py
[2025-05-09T16:30:18.444+0000] {logging_mixin.py:188} INFO - [2025-05-09T16:30:18.444+0000] {dag.py:3096} INFO - Sync 1 DAGs
[2025-05-09T16:30:18.467+0000] {logging_mixin.py:188} INFO - [2025-05-09T16:30:18.466+0000] {dag.py:3954} INFO - Setting next_dagrun for example_setup_teardown_taskflow to 2025-05-08 00:00:00+00:00, run_after=2025-05-09 00:00:00+00:00
[2025-05-09T16:30:18.492+0000] {processor.py:183} INFO - Processing /home/airflow/.local/lib/python3.10/site-packages/airflow/example_dags/example_setup_teardown_taskflow.py took 0.108 seconds
[2025-05-09T16:30:48.776+0000] {processor.py:161} INFO - Started process (PID=14601) to work on /home/airflow/.local/lib/python3.10/site-packages/airflow/example_dags/example_setup_teardown_taskflow.py
[2025-05-09T16:30:48.778+0000] {processor.py:830} INFO - Processing file /home/airflow/.local/lib/python3.10/site-packages/airflow/example_dags/example_setup_teardown_taskflow.py for tasks to queue
[2025-05-09T16:30:48.780+0000] {logging_mixin.py:188} INFO - [2025-05-09T16:30:48.780+0000] {dagbag.py:545} INFO - Filling up the DagBag from /home/airflow/.local/lib/python3.10/site-packages/airflow/example_dags/example_setup_teardown_taskflow.py
[2025-05-09T16:30:48.789+0000] {processor.py:840} INFO - DAG(s) 'example_setup_teardown_taskflow' retrieved from /home/airflow/.local/lib/python3.10/site-packages/airflow/example_dags/example_setup_teardown_taskflow.py
[2025-05-09T16:30:48.816+0000] {logging_mixin.py:188} INFO - [2025-05-09T16:30:48.815+0000] {dag.py:3096} INFO - Sync 1 DAGs
[2025-05-09T16:30:48.839+0000] {logging_mixin.py:188} INFO - [2025-05-09T16:30:48.839+0000] {dag.py:3954} INFO - Setting next_dagrun for example_setup_teardown_taskflow to 2025-05-08 00:00:00+00:00, run_after=2025-05-09 00:00:00+00:00
[2025-05-09T16:30:48.868+0000] {processor.py:183} INFO - Processing /home/airflow/.local/lib/python3.10/site-packages/airflow/example_dags/example_setup_teardown_taskflow.py took 0.097 seconds
