[2025-05-09T12:10:20.690+0000] {processor.py:161} INFO - Started process (PID=261) to work on /home/airflow/.local/lib/python3.10/site-packages/airflow/example_dags/example_time_delta_sensor_async.py
[2025-05-09T12:10:20.691+0000] {processor.py:830} INFO - Processing file /home/airflow/.local/lib/python3.10/site-packages/airflow/example_dags/example_time_delta_sensor_async.py for tasks to queue
[2025-05-09T12:10:20.695+0000] {logging_mixin.py:188} INFO - [2025-05-09T12:10:20.694+0000] {dagbag.py:545} INFO - Filling up the DagBag from /home/airflow/.local/lib/python3.10/site-packages/airflow/example_dags/example_time_delta_sensor_async.py
[2025-05-09T12:10:20.703+0000] {processor.py:840} INFO - DAG(s) 'example_time_delta_sensor_async' retrieved from /home/airflow/.local/lib/python3.10/site-packages/airflow/example_dags/example_time_delta_sensor_async.py
[2025-05-09T12:10:20.721+0000] {logging_mixin.py:188} INFO - [2025-05-09T12:10:20.721+0000] {dag.py:3096} INFO - Sync 1 DAGs
[2025-05-09T12:10:20.743+0000] {logging_mixin.py:188} INFO - [2025-05-09T12:10:20.743+0000] {dag.py:3954} INFO - Setting next_dagrun for example_time_delta_sensor_async to None, run_after=None
[2025-05-09T12:10:20.771+0000] {processor.py:183} INFO - Processing /home/airflow/.local/lib/python3.10/site-packages/airflow/example_dags/example_time_delta_sensor_async.py took 0.088 seconds
[2025-05-09T12:10:51.873+0000] {processor.py:161} INFO - Started process (PID=517) to work on /home/airflow/.local/lib/python3.10/site-packages/airflow/example_dags/example_time_delta_sensor_async.py
[2025-05-09T12:10:51.875+0000] {processor.py:830} INFO - Processing file /home/airflow/.local/lib/python3.10/site-packages/airflow/example_dags/example_time_delta_sensor_async.py for tasks to queue
[2025-05-09T12:10:51.878+0000] {logging_mixin.py:188} INFO - [2025-05-09T12:10:51.877+0000] {dagbag.py:545} INFO - Filling up the DagBag from /home/airflow/.local/lib/python3.10/site-packages/airflow/example_dags/example_time_delta_sensor_async.py
[2025-05-09T12:10:51.887+0000] {processor.py:840} INFO - DAG(s) 'example_time_delta_sensor_async' retrieved from /home/airflow/.local/lib/python3.10/site-packages/airflow/example_dags/example_time_delta_sensor_async.py
[2025-05-09T12:10:52.068+0000] {logging_mixin.py:188} INFO - [2025-05-09T12:10:52.068+0000] {dag.py:3096} INFO - Sync 1 DAGs
[2025-05-09T12:10:52.083+0000] {logging_mixin.py:188} INFO - [2025-05-09T12:10:52.083+0000] {dag.py:3954} INFO - Setting next_dagrun for example_time_delta_sensor_async to None, run_after=None
[2025-05-09T12:10:52.127+0000] {processor.py:183} INFO - Processing /home/airflow/.local/lib/python3.10/site-packages/airflow/example_dags/example_time_delta_sensor_async.py took 0.263 seconds
[2025-05-09T12:11:22.759+0000] {processor.py:161} INFO - Started process (PID=775) to work on /home/airflow/.local/lib/python3.10/site-packages/airflow/example_dags/example_time_delta_sensor_async.py
[2025-05-09T12:11:22.760+0000] {processor.py:830} INFO - Processing file /home/airflow/.local/lib/python3.10/site-packages/airflow/example_dags/example_time_delta_sensor_async.py for tasks to queue
[2025-05-09T12:11:22.764+0000] {logging_mixin.py:188} INFO - [2025-05-09T12:11:22.763+0000] {dagbag.py:545} INFO - Filling up the DagBag from /home/airflow/.local/lib/python3.10/site-packages/airflow/example_dags/example_time_delta_sensor_async.py
[2025-05-09T12:11:22.770+0000] {processor.py:840} INFO - DAG(s) 'example_time_delta_sensor_async' retrieved from /home/airflow/.local/lib/python3.10/site-packages/airflow/example_dags/example_time_delta_sensor_async.py
[2025-05-09T12:11:22.797+0000] {logging_mixin.py:188} INFO - [2025-05-09T12:11:22.796+0000] {dag.py:3096} INFO - Sync 1 DAGs
[2025-05-09T12:11:22.812+0000] {logging_mixin.py:188} INFO - [2025-05-09T12:11:22.812+0000] {dag.py:3954} INFO - Setting next_dagrun for example_time_delta_sensor_async to None, run_after=None
[2025-05-09T12:11:22.850+0000] {processor.py:183} INFO - Processing /home/airflow/.local/lib/python3.10/site-packages/airflow/example_dags/example_time_delta_sensor_async.py took 0.101 seconds
[2025-05-09T12:11:52.954+0000] {processor.py:161} INFO - Started process (PID=1031) to work on /home/airflow/.local/lib/python3.10/site-packages/airflow/example_dags/example_time_delta_sensor_async.py
[2025-05-09T12:11:52.955+0000] {processor.py:830} INFO - Processing file /home/airflow/.local/lib/python3.10/site-packages/airflow/example_dags/example_time_delta_sensor_async.py for tasks to queue
[2025-05-09T12:11:52.957+0000] {logging_mixin.py:188} INFO - [2025-05-09T12:11:52.957+0000] {dagbag.py:545} INFO - Filling up the DagBag from /home/airflow/.local/lib/python3.10/site-packages/airflow/example_dags/example_time_delta_sensor_async.py
[2025-05-09T12:11:52.962+0000] {processor.py:840} INFO - DAG(s) 'example_time_delta_sensor_async' retrieved from /home/airflow/.local/lib/python3.10/site-packages/airflow/example_dags/example_time_delta_sensor_async.py
[2025-05-09T12:11:52.989+0000] {logging_mixin.py:188} INFO - [2025-05-09T12:11:52.989+0000] {dag.py:3096} INFO - Sync 1 DAGs
[2025-05-09T12:11:53.004+0000] {logging_mixin.py:188} INFO - [2025-05-09T12:11:53.004+0000] {dag.py:3954} INFO - Setting next_dagrun for example_time_delta_sensor_async to None, run_after=None
[2025-05-09T12:11:53.030+0000] {processor.py:183} INFO - Processing /home/airflow/.local/lib/python3.10/site-packages/airflow/example_dags/example_time_delta_sensor_async.py took 0.085 seconds
[2025-05-09T12:12:23.431+0000] {processor.py:161} INFO - Started process (PID=1285) to work on /home/airflow/.local/lib/python3.10/site-packages/airflow/example_dags/example_time_delta_sensor_async.py
[2025-05-09T12:12:23.432+0000] {processor.py:830} INFO - Processing file /home/airflow/.local/lib/python3.10/site-packages/airflow/example_dags/example_time_delta_sensor_async.py for tasks to queue
[2025-05-09T12:12:23.434+0000] {logging_mixin.py:188} INFO - [2025-05-09T12:12:23.434+0000] {dagbag.py:545} INFO - Filling up the DagBag from /home/airflow/.local/lib/python3.10/site-packages/airflow/example_dags/example_time_delta_sensor_async.py
[2025-05-09T12:12:23.440+0000] {processor.py:840} INFO - DAG(s) 'example_time_delta_sensor_async' retrieved from /home/airflow/.local/lib/python3.10/site-packages/airflow/example_dags/example_time_delta_sensor_async.py
[2025-05-09T12:12:23.468+0000] {logging_mixin.py:188} INFO - [2025-05-09T12:12:23.467+0000] {dag.py:3096} INFO - Sync 1 DAGs
[2025-05-09T12:12:23.483+0000] {logging_mixin.py:188} INFO - [2025-05-09T12:12:23.482+0000] {dag.py:3954} INFO - Setting next_dagrun for example_time_delta_sensor_async to None, run_after=None
[2025-05-09T12:12:23.509+0000] {processor.py:183} INFO - Processing /home/airflow/.local/lib/python3.10/site-packages/airflow/example_dags/example_time_delta_sensor_async.py took 0.085 seconds
[2025-05-09T12:12:53.821+0000] {processor.py:161} INFO - Started process (PID=1543) to work on /home/airflow/.local/lib/python3.10/site-packages/airflow/example_dags/example_time_delta_sensor_async.py
[2025-05-09T12:12:53.822+0000] {processor.py:830} INFO - Processing file /home/airflow/.local/lib/python3.10/site-packages/airflow/example_dags/example_time_delta_sensor_async.py for tasks to queue
[2025-05-09T12:12:53.824+0000] {logging_mixin.py:188} INFO - [2025-05-09T12:12:53.824+0000] {dagbag.py:545} INFO - Filling up the DagBag from /home/airflow/.local/lib/python3.10/site-packages/airflow/example_dags/example_time_delta_sensor_async.py
[2025-05-09T12:12:53.829+0000] {processor.py:840} INFO - DAG(s) 'example_time_delta_sensor_async' retrieved from /home/airflow/.local/lib/python3.10/site-packages/airflow/example_dags/example_time_delta_sensor_async.py
[2025-05-09T12:12:53.854+0000] {logging_mixin.py:188} INFO - [2025-05-09T12:12:53.853+0000] {dag.py:3096} INFO - Sync 1 DAGs
[2025-05-09T12:12:53.872+0000] {logging_mixin.py:188} INFO - [2025-05-09T12:12:53.872+0000] {dag.py:3954} INFO - Setting next_dagrun for example_time_delta_sensor_async to None, run_after=None
[2025-05-09T12:12:53.898+0000] {processor.py:183} INFO - Processing /home/airflow/.local/lib/python3.10/site-packages/airflow/example_dags/example_time_delta_sensor_async.py took 0.088 seconds
[2025-05-09T12:13:23.991+0000] {processor.py:161} INFO - Started process (PID=1799) to work on /home/airflow/.local/lib/python3.10/site-packages/airflow/example_dags/example_time_delta_sensor_async.py
[2025-05-09T12:13:23.992+0000] {processor.py:830} INFO - Processing file /home/airflow/.local/lib/python3.10/site-packages/airflow/example_dags/example_time_delta_sensor_async.py for tasks to queue
[2025-05-09T12:13:23.995+0000] {logging_mixin.py:188} INFO - [2025-05-09T12:13:23.994+0000] {dagbag.py:545} INFO - Filling up the DagBag from /home/airflow/.local/lib/python3.10/site-packages/airflow/example_dags/example_time_delta_sensor_async.py
[2025-05-09T12:13:24.001+0000] {processor.py:840} INFO - DAG(s) 'example_time_delta_sensor_async' retrieved from /home/airflow/.local/lib/python3.10/site-packages/airflow/example_dags/example_time_delta_sensor_async.py
[2025-05-09T12:13:24.030+0000] {logging_mixin.py:188} INFO - [2025-05-09T12:13:24.029+0000] {dag.py:3096} INFO - Sync 1 DAGs
[2025-05-09T12:13:24.044+0000] {logging_mixin.py:188} INFO - [2025-05-09T12:13:24.044+0000] {dag.py:3954} INFO - Setting next_dagrun for example_time_delta_sensor_async to None, run_after=None
[2025-05-09T12:13:24.074+0000] {processor.py:183} INFO - Processing /home/airflow/.local/lib/python3.10/site-packages/airflow/example_dags/example_time_delta_sensor_async.py took 0.090 seconds
[2025-05-09T12:13:54.353+0000] {processor.py:161} INFO - Started process (PID=2053) to work on /home/airflow/.local/lib/python3.10/site-packages/airflow/example_dags/example_time_delta_sensor_async.py
[2025-05-09T12:13:54.354+0000] {processor.py:830} INFO - Processing file /home/airflow/.local/lib/python3.10/site-packages/airflow/example_dags/example_time_delta_sensor_async.py for tasks to queue
[2025-05-09T12:13:54.356+0000] {logging_mixin.py:188} INFO - [2025-05-09T12:13:54.356+0000] {dagbag.py:545} INFO - Filling up the DagBag from /home/airflow/.local/lib/python3.10/site-packages/airflow/example_dags/example_time_delta_sensor_async.py
[2025-05-09T12:13:54.361+0000] {processor.py:840} INFO - DAG(s) 'example_time_delta_sensor_async' retrieved from /home/airflow/.local/lib/python3.10/site-packages/airflow/example_dags/example_time_delta_sensor_async.py
[2025-05-09T12:13:54.385+0000] {logging_mixin.py:188} INFO - [2025-05-09T12:13:54.384+0000] {dag.py:3096} INFO - Sync 1 DAGs
[2025-05-09T12:13:54.399+0000] {logging_mixin.py:188} INFO - [2025-05-09T12:13:54.399+0000] {dag.py:3954} INFO - Setting next_dagrun for example_time_delta_sensor_async to None, run_after=None
[2025-05-09T12:13:54.433+0000] {processor.py:183} INFO - Processing /home/airflow/.local/lib/python3.10/site-packages/airflow/example_dags/example_time_delta_sensor_async.py took 0.087 seconds
[2025-05-09T12:14:25.087+0000] {processor.py:161} INFO - Started process (PID=2311) to work on /home/airflow/.local/lib/python3.10/site-packages/airflow/example_dags/example_time_delta_sensor_async.py
[2025-05-09T12:14:25.088+0000] {processor.py:830} INFO - Processing file /home/airflow/.local/lib/python3.10/site-packages/airflow/example_dags/example_time_delta_sensor_async.py for tasks to queue
[2025-05-09T12:14:25.090+0000] {logging_mixin.py:188} INFO - [2025-05-09T12:14:25.089+0000] {dagbag.py:545} INFO - Filling up the DagBag from /home/airflow/.local/lib/python3.10/site-packages/airflow/example_dags/example_time_delta_sensor_async.py
[2025-05-09T12:14:25.097+0000] {processor.py:840} INFO - DAG(s) 'example_time_delta_sensor_async' retrieved from /home/airflow/.local/lib/python3.10/site-packages/airflow/example_dags/example_time_delta_sensor_async.py
[2025-05-09T12:14:25.124+0000] {logging_mixin.py:188} INFO - [2025-05-09T12:14:25.124+0000] {dag.py:3096} INFO - Sync 1 DAGs
[2025-05-09T12:14:25.139+0000] {logging_mixin.py:188} INFO - [2025-05-09T12:14:25.139+0000] {dag.py:3954} INFO - Setting next_dagrun for example_time_delta_sensor_async to None, run_after=None
[2025-05-09T12:14:25.175+0000] {processor.py:183} INFO - Processing /home/airflow/.local/lib/python3.10/site-packages/airflow/example_dags/example_time_delta_sensor_async.py took 0.097 seconds
[2025-05-09T12:14:55.396+0000] {processor.py:161} INFO - Started process (PID=2565) to work on /home/airflow/.local/lib/python3.10/site-packages/airflow/example_dags/example_time_delta_sensor_async.py
[2025-05-09T12:14:55.398+0000] {processor.py:830} INFO - Processing file /home/airflow/.local/lib/python3.10/site-packages/airflow/example_dags/example_time_delta_sensor_async.py for tasks to queue
[2025-05-09T12:14:55.402+0000] {logging_mixin.py:188} INFO - [2025-05-09T12:14:55.402+0000] {dagbag.py:545} INFO - Filling up the DagBag from /home/airflow/.local/lib/python3.10/site-packages/airflow/example_dags/example_time_delta_sensor_async.py
[2025-05-09T12:14:55.410+0000] {processor.py:840} INFO - DAG(s) 'example_time_delta_sensor_async' retrieved from /home/airflow/.local/lib/python3.10/site-packages/airflow/example_dags/example_time_delta_sensor_async.py
[2025-05-09T12:14:55.444+0000] {logging_mixin.py:188} INFO - [2025-05-09T12:14:55.444+0000] {dag.py:3096} INFO - Sync 1 DAGs
[2025-05-09T12:14:55.467+0000] {logging_mixin.py:188} INFO - [2025-05-09T12:14:55.466+0000] {dag.py:3954} INFO - Setting next_dagrun for example_time_delta_sensor_async to None, run_after=None
[2025-05-09T12:14:55.505+0000] {processor.py:183} INFO - Processing /home/airflow/.local/lib/python3.10/site-packages/airflow/example_dags/example_time_delta_sensor_async.py took 0.118 seconds
[2025-05-09T12:15:25.604+0000] {processor.py:161} INFO - Started process (PID=2827) to work on /home/airflow/.local/lib/python3.10/site-packages/airflow/example_dags/example_time_delta_sensor_async.py
[2025-05-09T12:15:25.606+0000] {processor.py:830} INFO - Processing file /home/airflow/.local/lib/python3.10/site-packages/airflow/example_dags/example_time_delta_sensor_async.py for tasks to queue
[2025-05-09T12:15:25.609+0000] {logging_mixin.py:188} INFO - [2025-05-09T12:15:25.608+0000] {dagbag.py:545} INFO - Filling up the DagBag from /home/airflow/.local/lib/python3.10/site-packages/airflow/example_dags/example_time_delta_sensor_async.py
[2025-05-09T12:15:25.617+0000] {processor.py:840} INFO - DAG(s) 'example_time_delta_sensor_async' retrieved from /home/airflow/.local/lib/python3.10/site-packages/airflow/example_dags/example_time_delta_sensor_async.py
[2025-05-09T12:15:25.642+0000] {logging_mixin.py:188} INFO - [2025-05-09T12:15:25.641+0000] {dag.py:3096} INFO - Sync 1 DAGs
[2025-05-09T12:15:25.657+0000] {logging_mixin.py:188} INFO - [2025-05-09T12:15:25.656+0000] {dag.py:3954} INFO - Setting next_dagrun for example_time_delta_sensor_async to None, run_after=None
[2025-05-09T12:15:25.694+0000] {processor.py:183} INFO - Processing /home/airflow/.local/lib/python3.10/site-packages/airflow/example_dags/example_time_delta_sensor_async.py took 0.099 seconds
[2025-05-09T12:43:53.103+0000] {processor.py:161} INFO - Started process (PID=269) to work on /home/airflow/.local/lib/python3.10/site-packages/airflow/example_dags/example_time_delta_sensor_async.py
[2025-05-09T12:43:53.105+0000] {processor.py:830} INFO - Processing file /home/airflow/.local/lib/python3.10/site-packages/airflow/example_dags/example_time_delta_sensor_async.py for tasks to queue
[2025-05-09T12:43:53.109+0000] {logging_mixin.py:188} INFO - [2025-05-09T12:43:53.108+0000] {dagbag.py:545} INFO - Filling up the DagBag from /home/airflow/.local/lib/python3.10/site-packages/airflow/example_dags/example_time_delta_sensor_async.py
[2025-05-09T12:43:53.115+0000] {processor.py:840} INFO - DAG(s) 'example_time_delta_sensor_async' retrieved from /home/airflow/.local/lib/python3.10/site-packages/airflow/example_dags/example_time_delta_sensor_async.py
[2025-05-09T12:43:53.134+0000] {logging_mixin.py:188} INFO - [2025-05-09T12:43:53.134+0000] {dag.py:3096} INFO - Sync 1 DAGs
[2025-05-09T12:43:53.154+0000] {logging_mixin.py:188} INFO - [2025-05-09T12:43:53.154+0000] {dag.py:3954} INFO - Setting next_dagrun for example_time_delta_sensor_async to None, run_after=None
[2025-05-09T12:43:53.181+0000] {processor.py:183} INFO - Processing /home/airflow/.local/lib/python3.10/site-packages/airflow/example_dags/example_time_delta_sensor_async.py took 0.085 seconds
[2025-05-09T12:44:24.513+0000] {processor.py:161} INFO - Started process (PID=529) to work on /home/airflow/.local/lib/python3.10/site-packages/airflow/example_dags/example_time_delta_sensor_async.py
[2025-05-09T12:44:24.514+0000] {processor.py:830} INFO - Processing file /home/airflow/.local/lib/python3.10/site-packages/airflow/example_dags/example_time_delta_sensor_async.py for tasks to queue
[2025-05-09T12:44:24.517+0000] {logging_mixin.py:188} INFO - [2025-05-09T12:44:24.516+0000] {dagbag.py:545} INFO - Filling up the DagBag from /home/airflow/.local/lib/python3.10/site-packages/airflow/example_dags/example_time_delta_sensor_async.py
[2025-05-09T12:44:24.522+0000] {processor.py:840} INFO - DAG(s) 'example_time_delta_sensor_async' retrieved from /home/airflow/.local/lib/python3.10/site-packages/airflow/example_dags/example_time_delta_sensor_async.py
[2025-05-09T12:44:24.646+0000] {logging_mixin.py:188} INFO - [2025-05-09T12:44:24.646+0000] {dag.py:3096} INFO - Sync 1 DAGs
[2025-05-09T12:44:24.660+0000] {logging_mixin.py:188} INFO - [2025-05-09T12:44:24.659+0000] {dag.py:3954} INFO - Setting next_dagrun for example_time_delta_sensor_async to None, run_after=None
[2025-05-09T12:44:24.683+0000] {processor.py:183} INFO - Processing /home/airflow/.local/lib/python3.10/site-packages/airflow/example_dags/example_time_delta_sensor_async.py took 0.177 seconds
[2025-05-09T12:44:55.371+0000] {processor.py:161} INFO - Started process (PID=791) to work on /home/airflow/.local/lib/python3.10/site-packages/airflow/example_dags/example_time_delta_sensor_async.py
[2025-05-09T12:44:55.373+0000] {processor.py:830} INFO - Processing file /home/airflow/.local/lib/python3.10/site-packages/airflow/example_dags/example_time_delta_sensor_async.py for tasks to queue
[2025-05-09T12:44:55.375+0000] {logging_mixin.py:188} INFO - [2025-05-09T12:44:55.375+0000] {dagbag.py:545} INFO - Filling up the DagBag from /home/airflow/.local/lib/python3.10/site-packages/airflow/example_dags/example_time_delta_sensor_async.py
[2025-05-09T12:44:55.380+0000] {processor.py:840} INFO - DAG(s) 'example_time_delta_sensor_async' retrieved from /home/airflow/.local/lib/python3.10/site-packages/airflow/example_dags/example_time_delta_sensor_async.py
[2025-05-09T12:44:55.407+0000] {logging_mixin.py:188} INFO - [2025-05-09T12:44:55.406+0000] {dag.py:3096} INFO - Sync 1 DAGs
[2025-05-09T12:44:55.424+0000] {logging_mixin.py:188} INFO - [2025-05-09T12:44:55.424+0000] {dag.py:3954} INFO - Setting next_dagrun for example_time_delta_sensor_async to None, run_after=None
[2025-05-09T12:44:55.459+0000] {processor.py:183} INFO - Processing /home/airflow/.local/lib/python3.10/site-packages/airflow/example_dags/example_time_delta_sensor_async.py took 0.101 seconds
[2025-05-09T12:45:26.060+0000] {processor.py:161} INFO - Started process (PID=1053) to work on /home/airflow/.local/lib/python3.10/site-packages/airflow/example_dags/example_time_delta_sensor_async.py
[2025-05-09T12:45:26.062+0000] {processor.py:830} INFO - Processing file /home/airflow/.local/lib/python3.10/site-packages/airflow/example_dags/example_time_delta_sensor_async.py for tasks to queue
[2025-05-09T12:45:26.065+0000] {logging_mixin.py:188} INFO - [2025-05-09T12:45:26.064+0000] {dagbag.py:545} INFO - Filling up the DagBag from /home/airflow/.local/lib/python3.10/site-packages/airflow/example_dags/example_time_delta_sensor_async.py
[2025-05-09T12:45:26.072+0000] {processor.py:840} INFO - DAG(s) 'example_time_delta_sensor_async' retrieved from /home/airflow/.local/lib/python3.10/site-packages/airflow/example_dags/example_time_delta_sensor_async.py
[2025-05-09T12:45:26.103+0000] {logging_mixin.py:188} INFO - [2025-05-09T12:45:26.102+0000] {dag.py:3096} INFO - Sync 1 DAGs
[2025-05-09T12:45:26.162+0000] {logging_mixin.py:188} INFO - [2025-05-09T12:45:26.161+0000] {dag.py:3954} INFO - Setting next_dagrun for example_time_delta_sensor_async to None, run_after=None
[2025-05-09T12:45:26.204+0000] {processor.py:183} INFO - Processing /home/airflow/.local/lib/python3.10/site-packages/airflow/example_dags/example_time_delta_sensor_async.py took 0.152 seconds
[2025-05-09T12:45:56.940+0000] {processor.py:161} INFO - Started process (PID=1315) to work on /home/airflow/.local/lib/python3.10/site-packages/airflow/example_dags/example_time_delta_sensor_async.py
[2025-05-09T12:45:56.941+0000] {processor.py:830} INFO - Processing file /home/airflow/.local/lib/python3.10/site-packages/airflow/example_dags/example_time_delta_sensor_async.py for tasks to queue
[2025-05-09T12:45:56.943+0000] {logging_mixin.py:188} INFO - [2025-05-09T12:45:56.943+0000] {dagbag.py:545} INFO - Filling up the DagBag from /home/airflow/.local/lib/python3.10/site-packages/airflow/example_dags/example_time_delta_sensor_async.py
[2025-05-09T12:45:56.948+0000] {processor.py:840} INFO - DAG(s) 'example_time_delta_sensor_async' retrieved from /home/airflow/.local/lib/python3.10/site-packages/airflow/example_dags/example_time_delta_sensor_async.py
[2025-05-09T12:45:56.974+0000] {logging_mixin.py:188} INFO - [2025-05-09T12:45:56.974+0000] {dag.py:3096} INFO - Sync 1 DAGs
[2025-05-09T12:45:56.996+0000] {logging_mixin.py:188} INFO - [2025-05-09T12:45:56.996+0000] {dag.py:3954} INFO - Setting next_dagrun for example_time_delta_sensor_async to None, run_after=None
[2025-05-09T12:45:57.024+0000] {processor.py:183} INFO - Processing /home/airflow/.local/lib/python3.10/site-packages/airflow/example_dags/example_time_delta_sensor_async.py took 0.091 seconds
[2025-05-09T12:46:27.508+0000] {processor.py:161} INFO - Started process (PID=1577) to work on /home/airflow/.local/lib/python3.10/site-packages/airflow/example_dags/example_time_delta_sensor_async.py
[2025-05-09T12:46:27.510+0000] {processor.py:830} INFO - Processing file /home/airflow/.local/lib/python3.10/site-packages/airflow/example_dags/example_time_delta_sensor_async.py for tasks to queue
[2025-05-09T12:46:27.512+0000] {logging_mixin.py:188} INFO - [2025-05-09T12:46:27.511+0000] {dagbag.py:545} INFO - Filling up the DagBag from /home/airflow/.local/lib/python3.10/site-packages/airflow/example_dags/example_time_delta_sensor_async.py
[2025-05-09T12:46:27.516+0000] {processor.py:840} INFO - DAG(s) 'example_time_delta_sensor_async' retrieved from /home/airflow/.local/lib/python3.10/site-packages/airflow/example_dags/example_time_delta_sensor_async.py
[2025-05-09T12:46:27.548+0000] {logging_mixin.py:188} INFO - [2025-05-09T12:46:27.547+0000] {dag.py:3096} INFO - Sync 1 DAGs
[2025-05-09T12:46:27.562+0000] {logging_mixin.py:188} INFO - [2025-05-09T12:46:27.562+0000] {dag.py:3954} INFO - Setting next_dagrun for example_time_delta_sensor_async to None, run_after=None
[2025-05-09T12:46:27.589+0000] {processor.py:183} INFO - Processing /home/airflow/.local/lib/python3.10/site-packages/airflow/example_dags/example_time_delta_sensor_async.py took 0.087 seconds
[2025-05-09T12:46:58.137+0000] {processor.py:161} INFO - Started process (PID=1839) to work on /home/airflow/.local/lib/python3.10/site-packages/airflow/example_dags/example_time_delta_sensor_async.py
[2025-05-09T12:46:58.140+0000] {processor.py:830} INFO - Processing file /home/airflow/.local/lib/python3.10/site-packages/airflow/example_dags/example_time_delta_sensor_async.py for tasks to queue
[2025-05-09T12:46:58.145+0000] {logging_mixin.py:188} INFO - [2025-05-09T12:46:58.144+0000] {dagbag.py:545} INFO - Filling up the DagBag from /home/airflow/.local/lib/python3.10/site-packages/airflow/example_dags/example_time_delta_sensor_async.py
[2025-05-09T12:46:58.152+0000] {processor.py:840} INFO - DAG(s) 'example_time_delta_sensor_async' retrieved from /home/airflow/.local/lib/python3.10/site-packages/airflow/example_dags/example_time_delta_sensor_async.py
[2025-05-09T12:46:58.181+0000] {logging_mixin.py:188} INFO - [2025-05-09T12:46:58.181+0000] {dag.py:3096} INFO - Sync 1 DAGs
[2025-05-09T12:46:58.198+0000] {logging_mixin.py:188} INFO - [2025-05-09T12:46:58.198+0000] {dag.py:3954} INFO - Setting next_dagrun for example_time_delta_sensor_async to None, run_after=None
[2025-05-09T12:46:58.224+0000] {processor.py:183} INFO - Processing /home/airflow/.local/lib/python3.10/site-packages/airflow/example_dags/example_time_delta_sensor_async.py took 0.100 seconds
[2025-05-09T12:47:28.540+0000] {processor.py:161} INFO - Started process (PID=2112) to work on /home/airflow/.local/lib/python3.10/site-packages/airflow/example_dags/example_time_delta_sensor_async.py
[2025-05-09T12:47:28.541+0000] {processor.py:830} INFO - Processing file /home/airflow/.local/lib/python3.10/site-packages/airflow/example_dags/example_time_delta_sensor_async.py for tasks to queue
[2025-05-09T12:47:28.544+0000] {logging_mixin.py:188} INFO - [2025-05-09T12:47:28.544+0000] {dagbag.py:545} INFO - Filling up the DagBag from /home/airflow/.local/lib/python3.10/site-packages/airflow/example_dags/example_time_delta_sensor_async.py
[2025-05-09T12:47:28.550+0000] {processor.py:840} INFO - DAG(s) 'example_time_delta_sensor_async' retrieved from /home/airflow/.local/lib/python3.10/site-packages/airflow/example_dags/example_time_delta_sensor_async.py
[2025-05-09T12:47:28.572+0000] {logging_mixin.py:188} INFO - [2025-05-09T12:47:28.572+0000] {dag.py:3096} INFO - Sync 1 DAGs
[2025-05-09T12:47:28.585+0000] {logging_mixin.py:188} INFO - [2025-05-09T12:47:28.584+0000] {dag.py:3954} INFO - Setting next_dagrun for example_time_delta_sensor_async to None, run_after=None
[2025-05-09T12:47:28.609+0000] {processor.py:183} INFO - Processing /home/airflow/.local/lib/python3.10/site-packages/airflow/example_dags/example_time_delta_sensor_async.py took 0.075 seconds
[2025-05-09T12:47:58.875+0000] {processor.py:161} INFO - Started process (PID=2372) to work on /home/airflow/.local/lib/python3.10/site-packages/airflow/example_dags/example_time_delta_sensor_async.py
[2025-05-09T12:47:58.877+0000] {processor.py:830} INFO - Processing file /home/airflow/.local/lib/python3.10/site-packages/airflow/example_dags/example_time_delta_sensor_async.py for tasks to queue
[2025-05-09T12:47:58.879+0000] {logging_mixin.py:188} INFO - [2025-05-09T12:47:58.879+0000] {dagbag.py:545} INFO - Filling up the DagBag from /home/airflow/.local/lib/python3.10/site-packages/airflow/example_dags/example_time_delta_sensor_async.py
[2025-05-09T12:47:58.884+0000] {processor.py:840} INFO - DAG(s) 'example_time_delta_sensor_async' retrieved from /home/airflow/.local/lib/python3.10/site-packages/airflow/example_dags/example_time_delta_sensor_async.py
[2025-05-09T12:47:58.912+0000] {logging_mixin.py:188} INFO - [2025-05-09T12:47:58.912+0000] {dag.py:3096} INFO - Sync 1 DAGs
[2025-05-09T12:47:58.929+0000] {logging_mixin.py:188} INFO - [2025-05-09T12:47:58.929+0000] {dag.py:3954} INFO - Setting next_dagrun for example_time_delta_sensor_async to None, run_after=None
[2025-05-09T12:47:58.961+0000] {processor.py:183} INFO - Processing /home/airflow/.local/lib/python3.10/site-packages/airflow/example_dags/example_time_delta_sensor_async.py took 0.094 seconds
[2025-05-09T12:48:29.322+0000] {processor.py:161} INFO - Started process (PID=2643) to work on /home/airflow/.local/lib/python3.10/site-packages/airflow/example_dags/example_time_delta_sensor_async.py
[2025-05-09T12:48:29.323+0000] {processor.py:830} INFO - Processing file /home/airflow/.local/lib/python3.10/site-packages/airflow/example_dags/example_time_delta_sensor_async.py for tasks to queue
[2025-05-09T12:48:29.325+0000] {logging_mixin.py:188} INFO - [2025-05-09T12:48:29.325+0000] {dagbag.py:545} INFO - Filling up the DagBag from /home/airflow/.local/lib/python3.10/site-packages/airflow/example_dags/example_time_delta_sensor_async.py
[2025-05-09T12:48:29.330+0000] {processor.py:840} INFO - DAG(s) 'example_time_delta_sensor_async' retrieved from /home/airflow/.local/lib/python3.10/site-packages/airflow/example_dags/example_time_delta_sensor_async.py
[2025-05-09T12:48:29.354+0000] {logging_mixin.py:188} INFO - [2025-05-09T12:48:29.353+0000] {dag.py:3096} INFO - Sync 1 DAGs
[2025-05-09T12:48:29.368+0000] {logging_mixin.py:188} INFO - [2025-05-09T12:48:29.368+0000] {dag.py:3954} INFO - Setting next_dagrun for example_time_delta_sensor_async to None, run_after=None
[2025-05-09T12:48:29.391+0000] {processor.py:183} INFO - Processing /home/airflow/.local/lib/python3.10/site-packages/airflow/example_dags/example_time_delta_sensor_async.py took 0.075 seconds
[2025-05-09T12:48:59.998+0000] {processor.py:161} INFO - Started process (PID=2905) to work on /home/airflow/.local/lib/python3.10/site-packages/airflow/example_dags/example_time_delta_sensor_async.py
[2025-05-09T12:49:00.000+0000] {processor.py:830} INFO - Processing file /home/airflow/.local/lib/python3.10/site-packages/airflow/example_dags/example_time_delta_sensor_async.py for tasks to queue
[2025-05-09T12:49:00.002+0000] {logging_mixin.py:188} INFO - [2025-05-09T12:49:00.002+0000] {dagbag.py:545} INFO - Filling up the DagBag from /home/airflow/.local/lib/python3.10/site-packages/airflow/example_dags/example_time_delta_sensor_async.py
[2025-05-09T12:49:00.008+0000] {processor.py:840} INFO - DAG(s) 'example_time_delta_sensor_async' retrieved from /home/airflow/.local/lib/python3.10/site-packages/airflow/example_dags/example_time_delta_sensor_async.py
[2025-05-09T12:49:00.032+0000] {logging_mixin.py:188} INFO - [2025-05-09T12:49:00.031+0000] {dag.py:3096} INFO - Sync 1 DAGs
[2025-05-09T12:49:00.045+0000] {logging_mixin.py:188} INFO - [2025-05-09T12:49:00.045+0000] {dag.py:3954} INFO - Setting next_dagrun for example_time_delta_sensor_async to None, run_after=None
[2025-05-09T12:49:00.068+0000] {processor.py:183} INFO - Processing /home/airflow/.local/lib/python3.10/site-packages/airflow/example_dags/example_time_delta_sensor_async.py took 0.076 seconds
[2025-05-09T12:49:31.350+0000] {processor.py:161} INFO - Started process (PID=3167) to work on /home/airflow/.local/lib/python3.10/site-packages/airflow/example_dags/example_time_delta_sensor_async.py
[2025-05-09T12:49:31.353+0000] {processor.py:830} INFO - Processing file /home/airflow/.local/lib/python3.10/site-packages/airflow/example_dags/example_time_delta_sensor_async.py for tasks to queue
[2025-05-09T12:49:31.356+0000] {logging_mixin.py:188} INFO - [2025-05-09T12:49:31.355+0000] {dagbag.py:545} INFO - Filling up the DagBag from /home/airflow/.local/lib/python3.10/site-packages/airflow/example_dags/example_time_delta_sensor_async.py
[2025-05-09T12:49:31.361+0000] {processor.py:840} INFO - DAG(s) 'example_time_delta_sensor_async' retrieved from /home/airflow/.local/lib/python3.10/site-packages/airflow/example_dags/example_time_delta_sensor_async.py
[2025-05-09T12:49:31.386+0000] {logging_mixin.py:188} INFO - [2025-05-09T12:49:31.386+0000] {dag.py:3096} INFO - Sync 1 DAGs
[2025-05-09T12:49:31.400+0000] {logging_mixin.py:188} INFO - [2025-05-09T12:49:31.400+0000] {dag.py:3954} INFO - Setting next_dagrun for example_time_delta_sensor_async to None, run_after=None
[2025-05-09T12:49:31.429+0000] {processor.py:183} INFO - Processing /home/airflow/.local/lib/python3.10/site-packages/airflow/example_dags/example_time_delta_sensor_async.py took 0.085 seconds
[2025-05-09T12:50:01.834+0000] {processor.py:161} INFO - Started process (PID=3431) to work on /home/airflow/.local/lib/python3.10/site-packages/airflow/example_dags/example_time_delta_sensor_async.py
[2025-05-09T12:50:01.836+0000] {processor.py:830} INFO - Processing file /home/airflow/.local/lib/python3.10/site-packages/airflow/example_dags/example_time_delta_sensor_async.py for tasks to queue
[2025-05-09T12:50:01.840+0000] {logging_mixin.py:188} INFO - [2025-05-09T12:50:01.840+0000] {dagbag.py:545} INFO - Filling up the DagBag from /home/airflow/.local/lib/python3.10/site-packages/airflow/example_dags/example_time_delta_sensor_async.py
[2025-05-09T12:50:01.849+0000] {processor.py:840} INFO - DAG(s) 'example_time_delta_sensor_async' retrieved from /home/airflow/.local/lib/python3.10/site-packages/airflow/example_dags/example_time_delta_sensor_async.py
[2025-05-09T12:50:01.891+0000] {logging_mixin.py:188} INFO - [2025-05-09T12:50:01.891+0000] {dag.py:3096} INFO - Sync 1 DAGs
[2025-05-09T12:50:01.922+0000] {logging_mixin.py:188} INFO - [2025-05-09T12:50:01.922+0000] {dag.py:3954} INFO - Setting next_dagrun for example_time_delta_sensor_async to None, run_after=None
[2025-05-09T12:50:01.958+0000] {processor.py:183} INFO - Processing /home/airflow/.local/lib/python3.10/site-packages/airflow/example_dags/example_time_delta_sensor_async.py took 0.136 seconds
[2025-05-09T12:50:33.056+0000] {processor.py:161} INFO - Started process (PID=3700) to work on /home/airflow/.local/lib/python3.10/site-packages/airflow/example_dags/example_time_delta_sensor_async.py
[2025-05-09T12:50:33.058+0000] {processor.py:830} INFO - Processing file /home/airflow/.local/lib/python3.10/site-packages/airflow/example_dags/example_time_delta_sensor_async.py for tasks to queue
[2025-05-09T12:50:33.060+0000] {logging_mixin.py:188} INFO - [2025-05-09T12:50:33.060+0000] {dagbag.py:545} INFO - Filling up the DagBag from /home/airflow/.local/lib/python3.10/site-packages/airflow/example_dags/example_time_delta_sensor_async.py
[2025-05-09T12:50:33.065+0000] {processor.py:840} INFO - DAG(s) 'example_time_delta_sensor_async' retrieved from /home/airflow/.local/lib/python3.10/site-packages/airflow/example_dags/example_time_delta_sensor_async.py
[2025-05-09T12:50:33.093+0000] {logging_mixin.py:188} INFO - [2025-05-09T12:50:33.093+0000] {dag.py:3096} INFO - Sync 1 DAGs
[2025-05-09T12:50:33.105+0000] {logging_mixin.py:188} INFO - [2025-05-09T12:50:33.105+0000] {dag.py:3954} INFO - Setting next_dagrun for example_time_delta_sensor_async to None, run_after=None
[2025-05-09T12:50:33.130+0000] {processor.py:183} INFO - Processing /home/airflow/.local/lib/python3.10/site-packages/airflow/example_dags/example_time_delta_sensor_async.py took 0.080 seconds
[2025-05-09T12:51:03.961+0000] {processor.py:161} INFO - Started process (PID=3964) to work on /home/airflow/.local/lib/python3.10/site-packages/airflow/example_dags/example_time_delta_sensor_async.py
[2025-05-09T12:51:03.964+0000] {processor.py:830} INFO - Processing file /home/airflow/.local/lib/python3.10/site-packages/airflow/example_dags/example_time_delta_sensor_async.py for tasks to queue
[2025-05-09T12:51:03.968+0000] {logging_mixin.py:188} INFO - [2025-05-09T12:51:03.967+0000] {dagbag.py:545} INFO - Filling up the DagBag from /home/airflow/.local/lib/python3.10/site-packages/airflow/example_dags/example_time_delta_sensor_async.py
[2025-05-09T12:51:03.973+0000] {processor.py:840} INFO - DAG(s) 'example_time_delta_sensor_async' retrieved from /home/airflow/.local/lib/python3.10/site-packages/airflow/example_dags/example_time_delta_sensor_async.py
[2025-05-09T12:51:03.998+0000] {logging_mixin.py:188} INFO - [2025-05-09T12:51:03.998+0000] {dag.py:3096} INFO - Sync 1 DAGs
[2025-05-09T12:51:04.012+0000] {logging_mixin.py:188} INFO - [2025-05-09T12:51:04.012+0000] {dag.py:3954} INFO - Setting next_dagrun for example_time_delta_sensor_async to None, run_after=None
[2025-05-09T12:51:04.041+0000] {processor.py:183} INFO - Processing /home/airflow/.local/lib/python3.10/site-packages/airflow/example_dags/example_time_delta_sensor_async.py took 0.087 seconds
[2025-05-09T12:52:22.763+0000] {processor.py:161} INFO - Started process (PID=272) to work on /home/airflow/.local/lib/python3.10/site-packages/airflow/example_dags/example_time_delta_sensor_async.py
[2025-05-09T12:52:22.765+0000] {processor.py:830} INFO - Processing file /home/airflow/.local/lib/python3.10/site-packages/airflow/example_dags/example_time_delta_sensor_async.py for tasks to queue
[2025-05-09T12:52:22.768+0000] {logging_mixin.py:188} INFO - [2025-05-09T12:52:22.767+0000] {dagbag.py:545} INFO - Filling up the DagBag from /home/airflow/.local/lib/python3.10/site-packages/airflow/example_dags/example_time_delta_sensor_async.py
[2025-05-09T12:52:22.777+0000] {processor.py:840} INFO - DAG(s) 'example_time_delta_sensor_async' retrieved from /home/airflow/.local/lib/python3.10/site-packages/airflow/example_dags/example_time_delta_sensor_async.py
[2025-05-09T12:52:22.799+0000] {logging_mixin.py:188} INFO - [2025-05-09T12:52:22.798+0000] {dag.py:3096} INFO - Sync 1 DAGs
[2025-05-09T12:52:22.815+0000] {logging_mixin.py:188} INFO - [2025-05-09T12:52:22.815+0000] {dag.py:3954} INFO - Setting next_dagrun for example_time_delta_sensor_async to None, run_after=None
[2025-05-09T12:52:22.848+0000] {processor.py:183} INFO - Processing /home/airflow/.local/lib/python3.10/site-packages/airflow/example_dags/example_time_delta_sensor_async.py took 0.095 seconds
[2025-05-09T12:52:54.153+0000] {processor.py:161} INFO - Started process (PID=532) to work on /home/airflow/.local/lib/python3.10/site-packages/airflow/example_dags/example_time_delta_sensor_async.py
[2025-05-09T12:52:54.156+0000] {processor.py:830} INFO - Processing file /home/airflow/.local/lib/python3.10/site-packages/airflow/example_dags/example_time_delta_sensor_async.py for tasks to queue
[2025-05-09T12:52:54.159+0000] {logging_mixin.py:188} INFO - [2025-05-09T12:52:54.159+0000] {dagbag.py:545} INFO - Filling up the DagBag from /home/airflow/.local/lib/python3.10/site-packages/airflow/example_dags/example_time_delta_sensor_async.py
[2025-05-09T12:52:54.165+0000] {processor.py:840} INFO - DAG(s) 'example_time_delta_sensor_async' retrieved from /home/airflow/.local/lib/python3.10/site-packages/airflow/example_dags/example_time_delta_sensor_async.py
[2025-05-09T12:52:54.274+0000] {logging_mixin.py:188} INFO - [2025-05-09T12:52:54.273+0000] {dag.py:3096} INFO - Sync 1 DAGs
[2025-05-09T12:52:54.287+0000] {logging_mixin.py:188} INFO - [2025-05-09T12:52:54.286+0000] {dag.py:3954} INFO - Setting next_dagrun for example_time_delta_sensor_async to None, run_after=None
[2025-05-09T12:52:54.313+0000] {processor.py:183} INFO - Processing /home/airflow/.local/lib/python3.10/site-packages/airflow/example_dags/example_time_delta_sensor_async.py took 0.168 seconds
[2025-05-09T12:53:24.575+0000] {processor.py:161} INFO - Started process (PID=794) to work on /home/airflow/.local/lib/python3.10/site-packages/airflow/example_dags/example_time_delta_sensor_async.py
[2025-05-09T12:53:24.577+0000] {processor.py:830} INFO - Processing file /home/airflow/.local/lib/python3.10/site-packages/airflow/example_dags/example_time_delta_sensor_async.py for tasks to queue
[2025-05-09T12:53:24.579+0000] {logging_mixin.py:188} INFO - [2025-05-09T12:53:24.579+0000] {dagbag.py:545} INFO - Filling up the DagBag from /home/airflow/.local/lib/python3.10/site-packages/airflow/example_dags/example_time_delta_sensor_async.py
[2025-05-09T12:53:24.584+0000] {processor.py:840} INFO - DAG(s) 'example_time_delta_sensor_async' retrieved from /home/airflow/.local/lib/python3.10/site-packages/airflow/example_dags/example_time_delta_sensor_async.py
[2025-05-09T12:53:24.605+0000] {logging_mixin.py:188} INFO - [2025-05-09T12:53:24.605+0000] {dag.py:3096} INFO - Sync 1 DAGs
[2025-05-09T12:53:24.619+0000] {logging_mixin.py:188} INFO - [2025-05-09T12:53:24.619+0000] {dag.py:3954} INFO - Setting next_dagrun for example_time_delta_sensor_async to None, run_after=None
[2025-05-09T12:53:24.641+0000] {processor.py:183} INFO - Processing /home/airflow/.local/lib/python3.10/site-packages/airflow/example_dags/example_time_delta_sensor_async.py took 0.072 seconds
[2025-05-09T12:53:55.460+0000] {processor.py:161} INFO - Started process (PID=1059) to work on /home/airflow/.local/lib/python3.10/site-packages/airflow/example_dags/example_time_delta_sensor_async.py
[2025-05-09T12:53:55.461+0000] {processor.py:830} INFO - Processing file /home/airflow/.local/lib/python3.10/site-packages/airflow/example_dags/example_time_delta_sensor_async.py for tasks to queue
[2025-05-09T12:53:55.463+0000] {logging_mixin.py:188} INFO - [2025-05-09T12:53:55.463+0000] {dagbag.py:545} INFO - Filling up the DagBag from /home/airflow/.local/lib/python3.10/site-packages/airflow/example_dags/example_time_delta_sensor_async.py
[2025-05-09T12:53:55.467+0000] {processor.py:840} INFO - DAG(s) 'example_time_delta_sensor_async' retrieved from /home/airflow/.local/lib/python3.10/site-packages/airflow/example_dags/example_time_delta_sensor_async.py
[2025-05-09T12:53:55.494+0000] {logging_mixin.py:188} INFO - [2025-05-09T12:53:55.492+0000] {dag.py:3096} INFO - Sync 1 DAGs
[2025-05-09T12:53:55.515+0000] {logging_mixin.py:188} INFO - [2025-05-09T12:53:55.514+0000] {dag.py:3954} INFO - Setting next_dagrun for example_time_delta_sensor_async to None, run_after=None
[2025-05-09T12:53:55.546+0000] {processor.py:183} INFO - Processing /home/airflow/.local/lib/python3.10/site-packages/airflow/example_dags/example_time_delta_sensor_async.py took 0.094 seconds
[2025-05-09T12:54:26.307+0000] {processor.py:161} INFO - Started process (PID=1321) to work on /home/airflow/.local/lib/python3.10/site-packages/airflow/example_dags/example_time_delta_sensor_async.py
[2025-05-09T12:54:26.309+0000] {processor.py:830} INFO - Processing file /home/airflow/.local/lib/python3.10/site-packages/airflow/example_dags/example_time_delta_sensor_async.py for tasks to queue
[2025-05-09T12:54:26.313+0000] {logging_mixin.py:188} INFO - [2025-05-09T12:54:26.312+0000] {dagbag.py:545} INFO - Filling up the DagBag from /home/airflow/.local/lib/python3.10/site-packages/airflow/example_dags/example_time_delta_sensor_async.py
[2025-05-09T12:54:26.319+0000] {processor.py:840} INFO - DAG(s) 'example_time_delta_sensor_async' retrieved from /home/airflow/.local/lib/python3.10/site-packages/airflow/example_dags/example_time_delta_sensor_async.py
[2025-05-09T12:54:26.348+0000] {logging_mixin.py:188} INFO - [2025-05-09T12:54:26.347+0000] {dag.py:3096} INFO - Sync 1 DAGs
[2025-05-09T12:54:26.364+0000] {logging_mixin.py:188} INFO - [2025-05-09T12:54:26.364+0000] {dag.py:3954} INFO - Setting next_dagrun for example_time_delta_sensor_async to None, run_after=None
[2025-05-09T12:54:26.392+0000] {processor.py:183} INFO - Processing /home/airflow/.local/lib/python3.10/site-packages/airflow/example_dags/example_time_delta_sensor_async.py took 0.091 seconds
[2025-05-09T12:54:56.685+0000] {processor.py:161} INFO - Started process (PID=1583) to work on /home/airflow/.local/lib/python3.10/site-packages/airflow/example_dags/example_time_delta_sensor_async.py
[2025-05-09T12:54:56.688+0000] {processor.py:830} INFO - Processing file /home/airflow/.local/lib/python3.10/site-packages/airflow/example_dags/example_time_delta_sensor_async.py for tasks to queue
[2025-05-09T12:54:56.692+0000] {logging_mixin.py:188} INFO - [2025-05-09T12:54:56.692+0000] {dagbag.py:545} INFO - Filling up the DagBag from /home/airflow/.local/lib/python3.10/site-packages/airflow/example_dags/example_time_delta_sensor_async.py
[2025-05-09T12:54:56.698+0000] {processor.py:840} INFO - DAG(s) 'example_time_delta_sensor_async' retrieved from /home/airflow/.local/lib/python3.10/site-packages/airflow/example_dags/example_time_delta_sensor_async.py
[2025-05-09T12:54:56.729+0000] {logging_mixin.py:188} INFO - [2025-05-09T12:54:56.729+0000] {dag.py:3096} INFO - Sync 1 DAGs
[2025-05-09T12:54:56.747+0000] {logging_mixin.py:188} INFO - [2025-05-09T12:54:56.747+0000] {dag.py:3954} INFO - Setting next_dagrun for example_time_delta_sensor_async to None, run_after=None
[2025-05-09T12:54:56.775+0000] {processor.py:183} INFO - Processing /home/airflow/.local/lib/python3.10/site-packages/airflow/example_dags/example_time_delta_sensor_async.py took 0.102 seconds
[2025-05-09T12:55:27.115+0000] {processor.py:161} INFO - Started process (PID=1848) to work on /home/airflow/.local/lib/python3.10/site-packages/airflow/example_dags/example_time_delta_sensor_async.py
[2025-05-09T12:55:27.117+0000] {processor.py:830} INFO - Processing file /home/airflow/.local/lib/python3.10/site-packages/airflow/example_dags/example_time_delta_sensor_async.py for tasks to queue
[2025-05-09T12:55:27.119+0000] {logging_mixin.py:188} INFO - [2025-05-09T12:55:27.119+0000] {dagbag.py:545} INFO - Filling up the DagBag from /home/airflow/.local/lib/python3.10/site-packages/airflow/example_dags/example_time_delta_sensor_async.py
[2025-05-09T12:55:27.124+0000] {processor.py:840} INFO - DAG(s) 'example_time_delta_sensor_async' retrieved from /home/airflow/.local/lib/python3.10/site-packages/airflow/example_dags/example_time_delta_sensor_async.py
[2025-05-09T12:55:27.148+0000] {logging_mixin.py:188} INFO - [2025-05-09T12:55:27.147+0000] {dag.py:3096} INFO - Sync 1 DAGs
[2025-05-09T12:55:27.161+0000] {logging_mixin.py:188} INFO - [2025-05-09T12:55:27.161+0000] {dag.py:3954} INFO - Setting next_dagrun for example_time_delta_sensor_async to None, run_after=None
[2025-05-09T12:55:27.186+0000] {processor.py:183} INFO - Processing /home/airflow/.local/lib/python3.10/site-packages/airflow/example_dags/example_time_delta_sensor_async.py took 0.077 seconds
[2025-05-09T12:57:15.691+0000] {processor.py:161} INFO - Started process (PID=270) to work on /home/airflow/.local/lib/python3.10/site-packages/airflow/example_dags/example_time_delta_sensor_async.py
[2025-05-09T12:57:15.692+0000] {processor.py:830} INFO - Processing file /home/airflow/.local/lib/python3.10/site-packages/airflow/example_dags/example_time_delta_sensor_async.py for tasks to queue
[2025-05-09T12:57:15.695+0000] {logging_mixin.py:188} INFO - [2025-05-09T12:57:15.694+0000] {dagbag.py:545} INFO - Filling up the DagBag from /home/airflow/.local/lib/python3.10/site-packages/airflow/example_dags/example_time_delta_sensor_async.py
[2025-05-09T12:57:15.701+0000] {processor.py:840} INFO - DAG(s) 'example_time_delta_sensor_async' retrieved from /home/airflow/.local/lib/python3.10/site-packages/airflow/example_dags/example_time_delta_sensor_async.py
[2025-05-09T12:57:15.717+0000] {logging_mixin.py:188} INFO - [2025-05-09T12:57:15.717+0000] {dag.py:3096} INFO - Sync 1 DAGs
[2025-05-09T12:57:15.734+0000] {logging_mixin.py:188} INFO - [2025-05-09T12:57:15.734+0000] {dag.py:3954} INFO - Setting next_dagrun for example_time_delta_sensor_async to None, run_after=None
[2025-05-09T12:57:15.772+0000] {processor.py:183} INFO - Processing /home/airflow/.local/lib/python3.10/site-packages/airflow/example_dags/example_time_delta_sensor_async.py took 0.089 seconds
[2025-05-09T12:57:46.113+0000] {processor.py:161} INFO - Started process (PID=530) to work on /home/airflow/.local/lib/python3.10/site-packages/airflow/example_dags/example_time_delta_sensor_async.py
[2025-05-09T12:57:46.114+0000] {processor.py:830} INFO - Processing file /home/airflow/.local/lib/python3.10/site-packages/airflow/example_dags/example_time_delta_sensor_async.py for tasks to queue
[2025-05-09T12:57:46.116+0000] {logging_mixin.py:188} INFO - [2025-05-09T12:57:46.116+0000] {dagbag.py:545} INFO - Filling up the DagBag from /home/airflow/.local/lib/python3.10/site-packages/airflow/example_dags/example_time_delta_sensor_async.py
[2025-05-09T12:57:46.121+0000] {processor.py:840} INFO - DAG(s) 'example_time_delta_sensor_async' retrieved from /home/airflow/.local/lib/python3.10/site-packages/airflow/example_dags/example_time_delta_sensor_async.py
[2025-05-09T12:57:46.209+0000] {logging_mixin.py:188} INFO - [2025-05-09T12:57:46.209+0000] {dag.py:3096} INFO - Sync 1 DAGs
[2025-05-09T12:57:46.220+0000] {logging_mixin.py:188} INFO - [2025-05-09T12:57:46.219+0000] {dag.py:3954} INFO - Setting next_dagrun for example_time_delta_sensor_async to None, run_after=None
[2025-05-09T12:57:46.243+0000] {processor.py:183} INFO - Processing /home/airflow/.local/lib/python3.10/site-packages/airflow/example_dags/example_time_delta_sensor_async.py took 0.136 seconds
[2025-05-09T12:58:16.914+0000] {processor.py:161} INFO - Started process (PID=792) to work on /home/airflow/.local/lib/python3.10/site-packages/airflow/example_dags/example_time_delta_sensor_async.py
[2025-05-09T12:58:16.915+0000] {processor.py:830} INFO - Processing file /home/airflow/.local/lib/python3.10/site-packages/airflow/example_dags/example_time_delta_sensor_async.py for tasks to queue
[2025-05-09T12:58:16.918+0000] {logging_mixin.py:188} INFO - [2025-05-09T12:58:16.917+0000] {dagbag.py:545} INFO - Filling up the DagBag from /home/airflow/.local/lib/python3.10/site-packages/airflow/example_dags/example_time_delta_sensor_async.py
[2025-05-09T12:58:16.923+0000] {processor.py:840} INFO - DAG(s) 'example_time_delta_sensor_async' retrieved from /home/airflow/.local/lib/python3.10/site-packages/airflow/example_dags/example_time_delta_sensor_async.py
[2025-05-09T12:58:16.945+0000] {logging_mixin.py:188} INFO - [2025-05-09T12:58:16.945+0000] {dag.py:3096} INFO - Sync 1 DAGs
[2025-05-09T12:58:16.957+0000] {logging_mixin.py:188} INFO - [2025-05-09T12:58:16.957+0000] {dag.py:3954} INFO - Setting next_dagrun for example_time_delta_sensor_async to None, run_after=None
[2025-05-09T12:58:16.982+0000] {processor.py:183} INFO - Processing /home/airflow/.local/lib/python3.10/site-packages/airflow/example_dags/example_time_delta_sensor_async.py took 0.075 seconds
[2025-05-09T12:58:47.370+0000] {processor.py:161} INFO - Started process (PID=1054) to work on /home/airflow/.local/lib/python3.10/site-packages/airflow/example_dags/example_time_delta_sensor_async.py
[2025-05-09T12:58:47.372+0000] {processor.py:830} INFO - Processing file /home/airflow/.local/lib/python3.10/site-packages/airflow/example_dags/example_time_delta_sensor_async.py for tasks to queue
[2025-05-09T12:58:47.374+0000] {logging_mixin.py:188} INFO - [2025-05-09T12:58:47.374+0000] {dagbag.py:545} INFO - Filling up the DagBag from /home/airflow/.local/lib/python3.10/site-packages/airflow/example_dags/example_time_delta_sensor_async.py
[2025-05-09T12:58:47.379+0000] {processor.py:840} INFO - DAG(s) 'example_time_delta_sensor_async' retrieved from /home/airflow/.local/lib/python3.10/site-packages/airflow/example_dags/example_time_delta_sensor_async.py
[2025-05-09T12:58:47.399+0000] {logging_mixin.py:188} INFO - [2025-05-09T12:58:47.399+0000] {dag.py:3096} INFO - Sync 1 DAGs
[2025-05-09T12:58:47.412+0000] {logging_mixin.py:188} INFO - [2025-05-09T12:58:47.412+0000] {dag.py:3954} INFO - Setting next_dagrun for example_time_delta_sensor_async to None, run_after=None
[2025-05-09T12:58:47.433+0000] {processor.py:183} INFO - Processing /home/airflow/.local/lib/python3.10/site-packages/airflow/example_dags/example_time_delta_sensor_async.py took 0.068 seconds
[2025-05-09T12:59:17.706+0000] {processor.py:161} INFO - Started process (PID=1316) to work on /home/airflow/.local/lib/python3.10/site-packages/airflow/example_dags/example_time_delta_sensor_async.py
[2025-05-09T12:59:17.707+0000] {processor.py:830} INFO - Processing file /home/airflow/.local/lib/python3.10/site-packages/airflow/example_dags/example_time_delta_sensor_async.py for tasks to queue
[2025-05-09T12:59:17.709+0000] {logging_mixin.py:188} INFO - [2025-05-09T12:59:17.709+0000] {dagbag.py:545} INFO - Filling up the DagBag from /home/airflow/.local/lib/python3.10/site-packages/airflow/example_dags/example_time_delta_sensor_async.py
[2025-05-09T12:59:17.714+0000] {processor.py:840} INFO - DAG(s) 'example_time_delta_sensor_async' retrieved from /home/airflow/.local/lib/python3.10/site-packages/airflow/example_dags/example_time_delta_sensor_async.py
[2025-05-09T12:59:17.737+0000] {logging_mixin.py:188} INFO - [2025-05-09T12:59:17.737+0000] {dag.py:3096} INFO - Sync 1 DAGs
[2025-05-09T12:59:17.751+0000] {logging_mixin.py:188} INFO - [2025-05-09T12:59:17.750+0000] {dag.py:3954} INFO - Setting next_dagrun for example_time_delta_sensor_async to None, run_after=None
[2025-05-09T12:59:17.789+0000] {processor.py:183} INFO - Processing /home/airflow/.local/lib/python3.10/site-packages/airflow/example_dags/example_time_delta_sensor_async.py took 0.090 seconds
[2025-05-09T12:59:48.869+0000] {processor.py:161} INFO - Started process (PID=1578) to work on /home/airflow/.local/lib/python3.10/site-packages/airflow/example_dags/example_time_delta_sensor_async.py
[2025-05-09T12:59:48.871+0000] {processor.py:830} INFO - Processing file /home/airflow/.local/lib/python3.10/site-packages/airflow/example_dags/example_time_delta_sensor_async.py for tasks to queue
[2025-05-09T12:59:48.873+0000] {logging_mixin.py:188} INFO - [2025-05-09T12:59:48.873+0000] {dagbag.py:545} INFO - Filling up the DagBag from /home/airflow/.local/lib/python3.10/site-packages/airflow/example_dags/example_time_delta_sensor_async.py
[2025-05-09T12:59:48.878+0000] {processor.py:840} INFO - DAG(s) 'example_time_delta_sensor_async' retrieved from /home/airflow/.local/lib/python3.10/site-packages/airflow/example_dags/example_time_delta_sensor_async.py
[2025-05-09T12:59:48.900+0000] {logging_mixin.py:188} INFO - [2025-05-09T12:59:48.900+0000] {dag.py:3096} INFO - Sync 1 DAGs
[2025-05-09T12:59:48.912+0000] {logging_mixin.py:188} INFO - [2025-05-09T12:59:48.912+0000] {dag.py:3954} INFO - Setting next_dagrun for example_time_delta_sensor_async to None, run_after=None
[2025-05-09T12:59:48.940+0000] {processor.py:183} INFO - Processing /home/airflow/.local/lib/python3.10/site-packages/airflow/example_dags/example_time_delta_sensor_async.py took 0.078 seconds
[2025-05-09T13:00:19.146+0000] {processor.py:161} INFO - Started process (PID=1849) to work on /home/airflow/.local/lib/python3.10/site-packages/airflow/example_dags/example_time_delta_sensor_async.py
[2025-05-09T13:00:19.148+0000] {processor.py:830} INFO - Processing file /home/airflow/.local/lib/python3.10/site-packages/airflow/example_dags/example_time_delta_sensor_async.py for tasks to queue
[2025-05-09T13:00:19.150+0000] {logging_mixin.py:188} INFO - [2025-05-09T13:00:19.150+0000] {dagbag.py:545} INFO - Filling up the DagBag from /home/airflow/.local/lib/python3.10/site-packages/airflow/example_dags/example_time_delta_sensor_async.py
[2025-05-09T13:00:19.154+0000] {processor.py:840} INFO - DAG(s) 'example_time_delta_sensor_async' retrieved from /home/airflow/.local/lib/python3.10/site-packages/airflow/example_dags/example_time_delta_sensor_async.py
[2025-05-09T13:00:19.178+0000] {logging_mixin.py:188} INFO - [2025-05-09T13:00:19.178+0000] {dag.py:3096} INFO - Sync 1 DAGs
[2025-05-09T13:00:19.194+0000] {logging_mixin.py:188} INFO - [2025-05-09T13:00:19.193+0000] {dag.py:3954} INFO - Setting next_dagrun for example_time_delta_sensor_async to None, run_after=None
[2025-05-09T13:00:19.215+0000] {processor.py:183} INFO - Processing /home/airflow/.local/lib/python3.10/site-packages/airflow/example_dags/example_time_delta_sensor_async.py took 0.075 seconds
[2025-05-09T13:00:49.888+0000] {processor.py:161} INFO - Started process (PID=2111) to work on /home/airflow/.local/lib/python3.10/site-packages/airflow/example_dags/example_time_delta_sensor_async.py
[2025-05-09T13:00:49.890+0000] {processor.py:830} INFO - Processing file /home/airflow/.local/lib/python3.10/site-packages/airflow/example_dags/example_time_delta_sensor_async.py for tasks to queue
[2025-05-09T13:00:49.892+0000] {logging_mixin.py:188} INFO - [2025-05-09T13:00:49.891+0000] {dagbag.py:545} INFO - Filling up the DagBag from /home/airflow/.local/lib/python3.10/site-packages/airflow/example_dags/example_time_delta_sensor_async.py
[2025-05-09T13:00:49.896+0000] {processor.py:840} INFO - DAG(s) 'example_time_delta_sensor_async' retrieved from /home/airflow/.local/lib/python3.10/site-packages/airflow/example_dags/example_time_delta_sensor_async.py
[2025-05-09T13:00:49.919+0000] {logging_mixin.py:188} INFO - [2025-05-09T13:00:49.919+0000] {dag.py:3096} INFO - Sync 1 DAGs
[2025-05-09T13:00:49.932+0000] {logging_mixin.py:188} INFO - [2025-05-09T13:00:49.932+0000] {dag.py:3954} INFO - Setting next_dagrun for example_time_delta_sensor_async to None, run_after=None
[2025-05-09T13:00:49.956+0000] {processor.py:183} INFO - Processing /home/airflow/.local/lib/python3.10/site-packages/airflow/example_dags/example_time_delta_sensor_async.py took 0.073 seconds
[2025-05-09T13:01:21.188+0000] {processor.py:161} INFO - Started process (PID=2373) to work on /home/airflow/.local/lib/python3.10/site-packages/airflow/example_dags/example_time_delta_sensor_async.py
[2025-05-09T13:01:21.189+0000] {processor.py:830} INFO - Processing file /home/airflow/.local/lib/python3.10/site-packages/airflow/example_dags/example_time_delta_sensor_async.py for tasks to queue
[2025-05-09T13:01:21.192+0000] {logging_mixin.py:188} INFO - [2025-05-09T13:01:21.191+0000] {dagbag.py:545} INFO - Filling up the DagBag from /home/airflow/.local/lib/python3.10/site-packages/airflow/example_dags/example_time_delta_sensor_async.py
[2025-05-09T13:01:21.200+0000] {processor.py:840} INFO - DAG(s) 'example_time_delta_sensor_async' retrieved from /home/airflow/.local/lib/python3.10/site-packages/airflow/example_dags/example_time_delta_sensor_async.py
[2025-05-09T13:01:21.228+0000] {logging_mixin.py:188} INFO - [2025-05-09T13:01:21.228+0000] {dag.py:3096} INFO - Sync 1 DAGs
[2025-05-09T13:01:21.243+0000] {logging_mixin.py:188} INFO - [2025-05-09T13:01:21.243+0000] {dag.py:3954} INFO - Setting next_dagrun for example_time_delta_sensor_async to None, run_after=None
[2025-05-09T13:01:21.275+0000] {processor.py:183} INFO - Processing /home/airflow/.local/lib/python3.10/site-packages/airflow/example_dags/example_time_delta_sensor_async.py took 0.095 seconds
[2025-05-09T13:01:51.390+0000] {processor.py:161} INFO - Started process (PID=2635) to work on /home/airflow/.local/lib/python3.10/site-packages/airflow/example_dags/example_time_delta_sensor_async.py
[2025-05-09T13:01:51.391+0000] {processor.py:830} INFO - Processing file /home/airflow/.local/lib/python3.10/site-packages/airflow/example_dags/example_time_delta_sensor_async.py for tasks to queue
[2025-05-09T13:01:51.393+0000] {logging_mixin.py:188} INFO - [2025-05-09T13:01:51.393+0000] {dagbag.py:545} INFO - Filling up the DagBag from /home/airflow/.local/lib/python3.10/site-packages/airflow/example_dags/example_time_delta_sensor_async.py
[2025-05-09T13:01:51.398+0000] {processor.py:840} INFO - DAG(s) 'example_time_delta_sensor_async' retrieved from /home/airflow/.local/lib/python3.10/site-packages/airflow/example_dags/example_time_delta_sensor_async.py
[2025-05-09T13:01:51.419+0000] {logging_mixin.py:188} INFO - [2025-05-09T13:01:51.418+0000] {dag.py:3096} INFO - Sync 1 DAGs
[2025-05-09T13:01:51.431+0000] {logging_mixin.py:188} INFO - [2025-05-09T13:01:51.431+0000] {dag.py:3954} INFO - Setting next_dagrun for example_time_delta_sensor_async to None, run_after=None
[2025-05-09T13:01:51.454+0000] {processor.py:183} INFO - Processing /home/airflow/.local/lib/python3.10/site-packages/airflow/example_dags/example_time_delta_sensor_async.py took 0.073 seconds
[2025-05-09T13:02:21.882+0000] {processor.py:161} INFO - Started process (PID=2897) to work on /home/airflow/.local/lib/python3.10/site-packages/airflow/example_dags/example_time_delta_sensor_async.py
[2025-05-09T13:02:21.884+0000] {processor.py:830} INFO - Processing file /home/airflow/.local/lib/python3.10/site-packages/airflow/example_dags/example_time_delta_sensor_async.py for tasks to queue
[2025-05-09T13:02:21.886+0000] {logging_mixin.py:188} INFO - [2025-05-09T13:02:21.886+0000] {dagbag.py:545} INFO - Filling up the DagBag from /home/airflow/.local/lib/python3.10/site-packages/airflow/example_dags/example_time_delta_sensor_async.py
[2025-05-09T13:02:21.892+0000] {processor.py:840} INFO - DAG(s) 'example_time_delta_sensor_async' retrieved from /home/airflow/.local/lib/python3.10/site-packages/airflow/example_dags/example_time_delta_sensor_async.py
[2025-05-09T13:02:21.917+0000] {logging_mixin.py:188} INFO - [2025-05-09T13:02:21.917+0000] {dag.py:3096} INFO - Sync 1 DAGs
[2025-05-09T13:02:21.933+0000] {logging_mixin.py:188} INFO - [2025-05-09T13:02:21.933+0000] {dag.py:3954} INFO - Setting next_dagrun for example_time_delta_sensor_async to None, run_after=None
[2025-05-09T13:02:21.967+0000] {processor.py:183} INFO - Processing /home/airflow/.local/lib/python3.10/site-packages/airflow/example_dags/example_time_delta_sensor_async.py took 0.094 seconds
[2025-05-09T13:02:52.692+0000] {processor.py:161} INFO - Started process (PID=3159) to work on /home/airflow/.local/lib/python3.10/site-packages/airflow/example_dags/example_time_delta_sensor_async.py
[2025-05-09T13:02:52.694+0000] {processor.py:830} INFO - Processing file /home/airflow/.local/lib/python3.10/site-packages/airflow/example_dags/example_time_delta_sensor_async.py for tasks to queue
[2025-05-09T13:02:52.697+0000] {logging_mixin.py:188} INFO - [2025-05-09T13:02:52.696+0000] {dagbag.py:545} INFO - Filling up the DagBag from /home/airflow/.local/lib/python3.10/site-packages/airflow/example_dags/example_time_delta_sensor_async.py
[2025-05-09T13:02:52.703+0000] {processor.py:840} INFO - DAG(s) 'example_time_delta_sensor_async' retrieved from /home/airflow/.local/lib/python3.10/site-packages/airflow/example_dags/example_time_delta_sensor_async.py
[2025-05-09T13:02:52.730+0000] {logging_mixin.py:188} INFO - [2025-05-09T13:02:52.730+0000] {dag.py:3096} INFO - Sync 1 DAGs
[2025-05-09T13:02:52.751+0000] {logging_mixin.py:188} INFO - [2025-05-09T13:02:52.750+0000] {dag.py:3954} INFO - Setting next_dagrun for example_time_delta_sensor_async to None, run_after=None
[2025-05-09T13:02:52.775+0000] {processor.py:183} INFO - Processing /home/airflow/.local/lib/python3.10/site-packages/airflow/example_dags/example_time_delta_sensor_async.py took 0.091 seconds
[2025-05-09T13:03:23.762+0000] {processor.py:161} INFO - Started process (PID=3421) to work on /home/airflow/.local/lib/python3.10/site-packages/airflow/example_dags/example_time_delta_sensor_async.py
[2025-05-09T13:03:23.764+0000] {processor.py:830} INFO - Processing file /home/airflow/.local/lib/python3.10/site-packages/airflow/example_dags/example_time_delta_sensor_async.py for tasks to queue
[2025-05-09T13:03:23.766+0000] {logging_mixin.py:188} INFO - [2025-05-09T13:03:23.765+0000] {dagbag.py:545} INFO - Filling up the DagBag from /home/airflow/.local/lib/python3.10/site-packages/airflow/example_dags/example_time_delta_sensor_async.py
[2025-05-09T13:03:23.771+0000] {processor.py:840} INFO - DAG(s) 'example_time_delta_sensor_async' retrieved from /home/airflow/.local/lib/python3.10/site-packages/airflow/example_dags/example_time_delta_sensor_async.py
[2025-05-09T13:03:23.795+0000] {logging_mixin.py:188} INFO - [2025-05-09T13:03:23.794+0000] {dag.py:3096} INFO - Sync 1 DAGs
[2025-05-09T13:03:23.808+0000] {logging_mixin.py:188} INFO - [2025-05-09T13:03:23.808+0000] {dag.py:3954} INFO - Setting next_dagrun for example_time_delta_sensor_async to None, run_after=None
[2025-05-09T13:03:23.827+0000] {processor.py:183} INFO - Processing /home/airflow/.local/lib/python3.10/site-packages/airflow/example_dags/example_time_delta_sensor_async.py took 0.073 seconds
[2025-05-09T13:03:54.459+0000] {processor.py:161} INFO - Started process (PID=3683) to work on /home/airflow/.local/lib/python3.10/site-packages/airflow/example_dags/example_time_delta_sensor_async.py
[2025-05-09T13:03:54.461+0000] {processor.py:830} INFO - Processing file /home/airflow/.local/lib/python3.10/site-packages/airflow/example_dags/example_time_delta_sensor_async.py for tasks to queue
[2025-05-09T13:03:54.463+0000] {logging_mixin.py:188} INFO - [2025-05-09T13:03:54.463+0000] {dagbag.py:545} INFO - Filling up the DagBag from /home/airflow/.local/lib/python3.10/site-packages/airflow/example_dags/example_time_delta_sensor_async.py
[2025-05-09T13:03:54.469+0000] {processor.py:840} INFO - DAG(s) 'example_time_delta_sensor_async' retrieved from /home/airflow/.local/lib/python3.10/site-packages/airflow/example_dags/example_time_delta_sensor_async.py
[2025-05-09T13:03:54.494+0000] {logging_mixin.py:188} INFO - [2025-05-09T13:03:54.493+0000] {dag.py:3096} INFO - Sync 1 DAGs
[2025-05-09T13:03:54.508+0000] {logging_mixin.py:188} INFO - [2025-05-09T13:03:54.508+0000] {dag.py:3954} INFO - Setting next_dagrun for example_time_delta_sensor_async to None, run_after=None
[2025-05-09T13:03:54.546+0000] {processor.py:183} INFO - Processing /home/airflow/.local/lib/python3.10/site-packages/airflow/example_dags/example_time_delta_sensor_async.py took 0.094 seconds
[2025-05-09T15:43:46.516+0000] {processor.py:161} INFO - Started process (PID=3958) to work on /home/airflow/.local/lib/python3.10/site-packages/airflow/example_dags/example_time_delta_sensor_async.py
[2025-05-09T15:43:46.523+0000] {processor.py:830} INFO - Processing file /home/airflow/.local/lib/python3.10/site-packages/airflow/example_dags/example_time_delta_sensor_async.py for tasks to queue
[2025-05-09T15:43:46.542+0000] {logging_mixin.py:188} INFO - [2025-05-09T15:43:46.541+0000] {dagbag.py:545} INFO - Filling up the DagBag from /home/airflow/.local/lib/python3.10/site-packages/airflow/example_dags/example_time_delta_sensor_async.py
[2025-05-09T15:43:46.580+0000] {processor.py:840} INFO - DAG(s) 'example_time_delta_sensor_async' retrieved from /home/airflow/.local/lib/python3.10/site-packages/airflow/example_dags/example_time_delta_sensor_async.py
[2025-05-09T15:43:46.695+0000] {logging_mixin.py:188} INFO - [2025-05-09T15:43:46.694+0000] {dag.py:3096} INFO - Sync 1 DAGs
[2025-05-09T15:43:46.778+0000] {logging_mixin.py:188} INFO - [2025-05-09T15:43:46.778+0000] {dag.py:3954} INFO - Setting next_dagrun for example_time_delta_sensor_async to None, run_after=None
[2025-05-09T15:43:46.929+0000] {processor.py:183} INFO - Processing /home/airflow/.local/lib/python3.10/site-packages/airflow/example_dags/example_time_delta_sensor_async.py took 0.463 seconds
[2025-05-09T15:44:17.404+0000] {processor.py:161} INFO - Started process (PID=4222) to work on /home/airflow/.local/lib/python3.10/site-packages/airflow/example_dags/example_time_delta_sensor_async.py
[2025-05-09T15:44:17.408+0000] {processor.py:830} INFO - Processing file /home/airflow/.local/lib/python3.10/site-packages/airflow/example_dags/example_time_delta_sensor_async.py for tasks to queue
[2025-05-09T15:44:17.410+0000] {logging_mixin.py:188} INFO - [2025-05-09T15:44:17.410+0000] {dagbag.py:545} INFO - Filling up the DagBag from /home/airflow/.local/lib/python3.10/site-packages/airflow/example_dags/example_time_delta_sensor_async.py
[2025-05-09T15:44:17.416+0000] {processor.py:840} INFO - DAG(s) 'example_time_delta_sensor_async' retrieved from /home/airflow/.local/lib/python3.10/site-packages/airflow/example_dags/example_time_delta_sensor_async.py
[2025-05-09T15:44:17.442+0000] {logging_mixin.py:188} INFO - [2025-05-09T15:44:17.442+0000] {dag.py:3096} INFO - Sync 1 DAGs
[2025-05-09T15:44:17.456+0000] {logging_mixin.py:188} INFO - [2025-05-09T15:44:17.456+0000] {dag.py:3954} INFO - Setting next_dagrun for example_time_delta_sensor_async to None, run_after=None
[2025-05-09T15:44:17.480+0000] {processor.py:183} INFO - Processing /home/airflow/.local/lib/python3.10/site-packages/airflow/example_dags/example_time_delta_sensor_async.py took 0.083 seconds
[2025-05-09T15:44:48.049+0000] {processor.py:161} INFO - Started process (PID=4496) to work on /home/airflow/.local/lib/python3.10/site-packages/airflow/example_dags/example_time_delta_sensor_async.py
[2025-05-09T15:44:48.051+0000] {processor.py:830} INFO - Processing file /home/airflow/.local/lib/python3.10/site-packages/airflow/example_dags/example_time_delta_sensor_async.py for tasks to queue
[2025-05-09T15:44:48.054+0000] {logging_mixin.py:188} INFO - [2025-05-09T15:44:48.053+0000] {dagbag.py:545} INFO - Filling up the DagBag from /home/airflow/.local/lib/python3.10/site-packages/airflow/example_dags/example_time_delta_sensor_async.py
[2025-05-09T15:44:48.062+0000] {processor.py:840} INFO - DAG(s) 'example_time_delta_sensor_async' retrieved from /home/airflow/.local/lib/python3.10/site-packages/airflow/example_dags/example_time_delta_sensor_async.py
[2025-05-09T15:44:48.092+0000] {logging_mixin.py:188} INFO - [2025-05-09T15:44:48.092+0000] {dag.py:3096} INFO - Sync 1 DAGs
[2025-05-09T15:44:48.112+0000] {logging_mixin.py:188} INFO - [2025-05-09T15:44:48.112+0000] {dag.py:3954} INFO - Setting next_dagrun for example_time_delta_sensor_async to None, run_after=None
[2025-05-09T15:44:48.136+0000] {processor.py:183} INFO - Processing /home/airflow/.local/lib/python3.10/site-packages/airflow/example_dags/example_time_delta_sensor_async.py took 0.096 seconds
[2025-05-09T15:45:18.476+0000] {processor.py:161} INFO - Started process (PID=4764) to work on /home/airflow/.local/lib/python3.10/site-packages/airflow/example_dags/example_time_delta_sensor_async.py
[2025-05-09T15:45:18.477+0000] {processor.py:830} INFO - Processing file /home/airflow/.local/lib/python3.10/site-packages/airflow/example_dags/example_time_delta_sensor_async.py for tasks to queue
[2025-05-09T15:45:18.479+0000] {logging_mixin.py:188} INFO - [2025-05-09T15:45:18.479+0000] {dagbag.py:545} INFO - Filling up the DagBag from /home/airflow/.local/lib/python3.10/site-packages/airflow/example_dags/example_time_delta_sensor_async.py
[2025-05-09T15:45:18.487+0000] {processor.py:840} INFO - DAG(s) 'example_time_delta_sensor_async' retrieved from /home/airflow/.local/lib/python3.10/site-packages/airflow/example_dags/example_time_delta_sensor_async.py
[2025-05-09T15:45:18.518+0000] {logging_mixin.py:188} INFO - [2025-05-09T15:45:18.517+0000] {dag.py:3096} INFO - Sync 1 DAGs
[2025-05-09T15:45:18.534+0000] {logging_mixin.py:188} INFO - [2025-05-09T15:45:18.534+0000] {dag.py:3954} INFO - Setting next_dagrun for example_time_delta_sensor_async to None, run_after=None
[2025-05-09T15:45:18.559+0000] {processor.py:183} INFO - Processing /home/airflow/.local/lib/python3.10/site-packages/airflow/example_dags/example_time_delta_sensor_async.py took 0.092 seconds
[2025-05-09T15:45:49.013+0000] {processor.py:161} INFO - Started process (PID=5026) to work on /home/airflow/.local/lib/python3.10/site-packages/airflow/example_dags/example_time_delta_sensor_async.py
[2025-05-09T15:45:49.015+0000] {processor.py:830} INFO - Processing file /home/airflow/.local/lib/python3.10/site-packages/airflow/example_dags/example_time_delta_sensor_async.py for tasks to queue
[2025-05-09T15:45:49.017+0000] {logging_mixin.py:188} INFO - [2025-05-09T15:45:49.017+0000] {dagbag.py:545} INFO - Filling up the DagBag from /home/airflow/.local/lib/python3.10/site-packages/airflow/example_dags/example_time_delta_sensor_async.py
[2025-05-09T15:45:49.033+0000] {processor.py:840} INFO - DAG(s) 'example_time_delta_sensor_async' retrieved from /home/airflow/.local/lib/python3.10/site-packages/airflow/example_dags/example_time_delta_sensor_async.py
[2025-05-09T15:45:49.063+0000] {logging_mixin.py:188} INFO - [2025-05-09T15:45:49.063+0000] {dag.py:3096} INFO - Sync 1 DAGs
[2025-05-09T15:45:49.081+0000] {logging_mixin.py:188} INFO - [2025-05-09T15:45:49.080+0000] {dag.py:3954} INFO - Setting next_dagrun for example_time_delta_sensor_async to None, run_after=None
[2025-05-09T15:45:49.125+0000] {processor.py:183} INFO - Processing /home/airflow/.local/lib/python3.10/site-packages/airflow/example_dags/example_time_delta_sensor_async.py took 0.124 seconds
[2025-05-09T15:46:19.343+0000] {processor.py:161} INFO - Started process (PID=5297) to work on /home/airflow/.local/lib/python3.10/site-packages/airflow/example_dags/example_time_delta_sensor_async.py
[2025-05-09T15:46:19.345+0000] {processor.py:830} INFO - Processing file /home/airflow/.local/lib/python3.10/site-packages/airflow/example_dags/example_time_delta_sensor_async.py for tasks to queue
[2025-05-09T15:46:19.348+0000] {logging_mixin.py:188} INFO - [2025-05-09T15:46:19.348+0000] {dagbag.py:545} INFO - Filling up the DagBag from /home/airflow/.local/lib/python3.10/site-packages/airflow/example_dags/example_time_delta_sensor_async.py
[2025-05-09T15:46:19.353+0000] {processor.py:840} INFO - DAG(s) 'example_time_delta_sensor_async' retrieved from /home/airflow/.local/lib/python3.10/site-packages/airflow/example_dags/example_time_delta_sensor_async.py
[2025-05-09T15:46:19.378+0000] {logging_mixin.py:188} INFO - [2025-05-09T15:46:19.378+0000] {dag.py:3096} INFO - Sync 1 DAGs
[2025-05-09T15:46:19.395+0000] {logging_mixin.py:188} INFO - [2025-05-09T15:46:19.394+0000] {dag.py:3954} INFO - Setting next_dagrun for example_time_delta_sensor_async to None, run_after=None
[2025-05-09T15:46:19.433+0000] {processor.py:183} INFO - Processing /home/airflow/.local/lib/python3.10/site-packages/airflow/example_dags/example_time_delta_sensor_async.py took 0.099 seconds
[2025-05-09T15:46:49.980+0000] {processor.py:161} INFO - Started process (PID=5559) to work on /home/airflow/.local/lib/python3.10/site-packages/airflow/example_dags/example_time_delta_sensor_async.py
[2025-05-09T15:46:49.982+0000] {processor.py:830} INFO - Processing file /home/airflow/.local/lib/python3.10/site-packages/airflow/example_dags/example_time_delta_sensor_async.py for tasks to queue
[2025-05-09T15:46:49.985+0000] {logging_mixin.py:188} INFO - [2025-05-09T15:46:49.984+0000] {dagbag.py:545} INFO - Filling up the DagBag from /home/airflow/.local/lib/python3.10/site-packages/airflow/example_dags/example_time_delta_sensor_async.py
[2025-05-09T15:46:49.992+0000] {processor.py:840} INFO - DAG(s) 'example_time_delta_sensor_async' retrieved from /home/airflow/.local/lib/python3.10/site-packages/airflow/example_dags/example_time_delta_sensor_async.py
[2025-05-09T15:46:50.021+0000] {logging_mixin.py:188} INFO - [2025-05-09T15:46:50.019+0000] {dag.py:3096} INFO - Sync 1 DAGs
[2025-05-09T15:46:50.039+0000] {logging_mixin.py:188} INFO - [2025-05-09T15:46:50.039+0000] {dag.py:3954} INFO - Setting next_dagrun for example_time_delta_sensor_async to None, run_after=None
[2025-05-09T15:46:50.084+0000] {processor.py:183} INFO - Processing /home/airflow/.local/lib/python3.10/site-packages/airflow/example_dags/example_time_delta_sensor_async.py took 0.113 seconds
[2025-05-09T15:47:20.760+0000] {processor.py:161} INFO - Started process (PID=5821) to work on /home/airflow/.local/lib/python3.10/site-packages/airflow/example_dags/example_time_delta_sensor_async.py
[2025-05-09T15:47:20.763+0000] {processor.py:830} INFO - Processing file /home/airflow/.local/lib/python3.10/site-packages/airflow/example_dags/example_time_delta_sensor_async.py for tasks to queue
[2025-05-09T15:47:20.766+0000] {logging_mixin.py:188} INFO - [2025-05-09T15:47:20.766+0000] {dagbag.py:545} INFO - Filling up the DagBag from /home/airflow/.local/lib/python3.10/site-packages/airflow/example_dags/example_time_delta_sensor_async.py
[2025-05-09T15:47:20.772+0000] {processor.py:840} INFO - DAG(s) 'example_time_delta_sensor_async' retrieved from /home/airflow/.local/lib/python3.10/site-packages/airflow/example_dags/example_time_delta_sensor_async.py
[2025-05-09T15:47:20.797+0000] {logging_mixin.py:188} INFO - [2025-05-09T15:47:20.797+0000] {dag.py:3096} INFO - Sync 1 DAGs
[2025-05-09T15:47:20.814+0000] {logging_mixin.py:188} INFO - [2025-05-09T15:47:20.814+0000] {dag.py:3954} INFO - Setting next_dagrun for example_time_delta_sensor_async to None, run_after=None
[2025-05-09T15:47:20.854+0000] {processor.py:183} INFO - Processing /home/airflow/.local/lib/python3.10/site-packages/airflow/example_dags/example_time_delta_sensor_async.py took 0.101 seconds
[2025-05-09T15:47:51.444+0000] {processor.py:161} INFO - Started process (PID=6083) to work on /home/airflow/.local/lib/python3.10/site-packages/airflow/example_dags/example_time_delta_sensor_async.py
[2025-05-09T15:47:51.447+0000] {processor.py:830} INFO - Processing file /home/airflow/.local/lib/python3.10/site-packages/airflow/example_dags/example_time_delta_sensor_async.py for tasks to queue
[2025-05-09T15:47:51.450+0000] {logging_mixin.py:188} INFO - [2025-05-09T15:47:51.449+0000] {dagbag.py:545} INFO - Filling up the DagBag from /home/airflow/.local/lib/python3.10/site-packages/airflow/example_dags/example_time_delta_sensor_async.py
[2025-05-09T15:47:51.457+0000] {processor.py:840} INFO - DAG(s) 'example_time_delta_sensor_async' retrieved from /home/airflow/.local/lib/python3.10/site-packages/airflow/example_dags/example_time_delta_sensor_async.py
[2025-05-09T15:47:51.492+0000] {logging_mixin.py:188} INFO - [2025-05-09T15:47:51.492+0000] {dag.py:3096} INFO - Sync 1 DAGs
[2025-05-09T15:47:51.514+0000] {logging_mixin.py:188} INFO - [2025-05-09T15:47:51.514+0000] {dag.py:3954} INFO - Setting next_dagrun for example_time_delta_sensor_async to None, run_after=None
[2025-05-09T15:47:51.546+0000] {processor.py:183} INFO - Processing /home/airflow/.local/lib/python3.10/site-packages/airflow/example_dags/example_time_delta_sensor_async.py took 0.113 seconds
[2025-05-09T15:48:21.670+0000] {processor.py:161} INFO - Started process (PID=6358) to work on /home/airflow/.local/lib/python3.10/site-packages/airflow/example_dags/example_time_delta_sensor_async.py
[2025-05-09T15:48:21.672+0000] {processor.py:830} INFO - Processing file /home/airflow/.local/lib/python3.10/site-packages/airflow/example_dags/example_time_delta_sensor_async.py for tasks to queue
[2025-05-09T15:48:21.674+0000] {logging_mixin.py:188} INFO - [2025-05-09T15:48:21.673+0000] {dagbag.py:545} INFO - Filling up the DagBag from /home/airflow/.local/lib/python3.10/site-packages/airflow/example_dags/example_time_delta_sensor_async.py
[2025-05-09T15:48:21.680+0000] {processor.py:840} INFO - DAG(s) 'example_time_delta_sensor_async' retrieved from /home/airflow/.local/lib/python3.10/site-packages/airflow/example_dags/example_time_delta_sensor_async.py
[2025-05-09T15:48:21.704+0000] {logging_mixin.py:188} INFO - [2025-05-09T15:48:21.704+0000] {dag.py:3096} INFO - Sync 1 DAGs
[2025-05-09T15:48:21.717+0000] {logging_mixin.py:188} INFO - [2025-05-09T15:48:21.716+0000] {dag.py:3954} INFO - Setting next_dagrun for example_time_delta_sensor_async to None, run_after=None
[2025-05-09T15:48:21.734+0000] {processor.py:183} INFO - Processing /home/airflow/.local/lib/python3.10/site-packages/airflow/example_dags/example_time_delta_sensor_async.py took 0.071 seconds
[2025-05-09T15:48:52.547+0000] {processor.py:161} INFO - Started process (PID=6638) to work on /home/airflow/.local/lib/python3.10/site-packages/airflow/example_dags/example_time_delta_sensor_async.py
[2025-05-09T15:48:52.550+0000] {processor.py:830} INFO - Processing file /home/airflow/.local/lib/python3.10/site-packages/airflow/example_dags/example_time_delta_sensor_async.py for tasks to queue
[2025-05-09T15:48:52.554+0000] {logging_mixin.py:188} INFO - [2025-05-09T15:48:52.553+0000] {dagbag.py:545} INFO - Filling up the DagBag from /home/airflow/.local/lib/python3.10/site-packages/airflow/example_dags/example_time_delta_sensor_async.py
[2025-05-09T15:48:52.568+0000] {processor.py:840} INFO - DAG(s) 'example_time_delta_sensor_async' retrieved from /home/airflow/.local/lib/python3.10/site-packages/airflow/example_dags/example_time_delta_sensor_async.py
[2025-05-09T15:48:52.610+0000] {logging_mixin.py:188} INFO - [2025-05-09T15:48:52.610+0000] {dag.py:3096} INFO - Sync 1 DAGs
[2025-05-09T15:48:52.637+0000] {logging_mixin.py:188} INFO - [2025-05-09T15:48:52.636+0000] {dag.py:3954} INFO - Setting next_dagrun for example_time_delta_sensor_async to None, run_after=None
[2025-05-09T15:48:52.685+0000] {processor.py:183} INFO - Processing /home/airflow/.local/lib/python3.10/site-packages/airflow/example_dags/example_time_delta_sensor_async.py took 0.153 seconds
[2025-05-09T15:49:22.952+0000] {processor.py:161} INFO - Started process (PID=6918) to work on /home/airflow/.local/lib/python3.10/site-packages/airflow/example_dags/example_time_delta_sensor_async.py
[2025-05-09T15:49:22.958+0000] {processor.py:830} INFO - Processing file /home/airflow/.local/lib/python3.10/site-packages/airflow/example_dags/example_time_delta_sensor_async.py for tasks to queue
[2025-05-09T15:49:22.962+0000] {logging_mixin.py:188} INFO - [2025-05-09T15:49:22.961+0000] {dagbag.py:545} INFO - Filling up the DagBag from /home/airflow/.local/lib/python3.10/site-packages/airflow/example_dags/example_time_delta_sensor_async.py
[2025-05-09T15:49:22.976+0000] {processor.py:840} INFO - DAG(s) 'example_time_delta_sensor_async' retrieved from /home/airflow/.local/lib/python3.10/site-packages/airflow/example_dags/example_time_delta_sensor_async.py
[2025-05-09T15:49:23.012+0000] {logging_mixin.py:188} INFO - [2025-05-09T15:49:23.012+0000] {dag.py:3096} INFO - Sync 1 DAGs
[2025-05-09T15:49:23.031+0000] {logging_mixin.py:188} INFO - [2025-05-09T15:49:23.031+0000] {dag.py:3954} INFO - Setting next_dagrun for example_time_delta_sensor_async to None, run_after=None
[2025-05-09T15:49:23.072+0000] {processor.py:183} INFO - Processing /home/airflow/.local/lib/python3.10/site-packages/airflow/example_dags/example_time_delta_sensor_async.py took 0.130 seconds
[2025-05-09T15:49:53.218+0000] {processor.py:161} INFO - Started process (PID=7180) to work on /home/airflow/.local/lib/python3.10/site-packages/airflow/example_dags/example_time_delta_sensor_async.py
[2025-05-09T15:49:53.220+0000] {processor.py:830} INFO - Processing file /home/airflow/.local/lib/python3.10/site-packages/airflow/example_dags/example_time_delta_sensor_async.py for tasks to queue
[2025-05-09T15:49:53.223+0000] {logging_mixin.py:188} INFO - [2025-05-09T15:49:53.222+0000] {dagbag.py:545} INFO - Filling up the DagBag from /home/airflow/.local/lib/python3.10/site-packages/airflow/example_dags/example_time_delta_sensor_async.py
[2025-05-09T15:49:53.230+0000] {processor.py:840} INFO - DAG(s) 'example_time_delta_sensor_async' retrieved from /home/airflow/.local/lib/python3.10/site-packages/airflow/example_dags/example_time_delta_sensor_async.py
[2025-05-09T15:49:53.262+0000] {logging_mixin.py:188} INFO - [2025-05-09T15:49:53.262+0000] {dag.py:3096} INFO - Sync 1 DAGs
[2025-05-09T15:49:53.278+0000] {logging_mixin.py:188} INFO - [2025-05-09T15:49:53.278+0000] {dag.py:3954} INFO - Setting next_dagrun for example_time_delta_sensor_async to None, run_after=None
[2025-05-09T15:49:53.303+0000] {processor.py:183} INFO - Processing /home/airflow/.local/lib/python3.10/site-packages/airflow/example_dags/example_time_delta_sensor_async.py took 0.099 seconds
[2025-05-09T15:50:23.575+0000] {processor.py:161} INFO - Started process (PID=7446) to work on /home/airflow/.local/lib/python3.10/site-packages/airflow/example_dags/example_time_delta_sensor_async.py
[2025-05-09T15:50:23.577+0000] {processor.py:830} INFO - Processing file /home/airflow/.local/lib/python3.10/site-packages/airflow/example_dags/example_time_delta_sensor_async.py for tasks to queue
[2025-05-09T15:50:23.580+0000] {logging_mixin.py:188} INFO - [2025-05-09T15:50:23.579+0000] {dagbag.py:545} INFO - Filling up the DagBag from /home/airflow/.local/lib/python3.10/site-packages/airflow/example_dags/example_time_delta_sensor_async.py
[2025-05-09T15:50:23.586+0000] {processor.py:840} INFO - DAG(s) 'example_time_delta_sensor_async' retrieved from /home/airflow/.local/lib/python3.10/site-packages/airflow/example_dags/example_time_delta_sensor_async.py
[2025-05-09T15:50:23.615+0000] {logging_mixin.py:188} INFO - [2025-05-09T15:50:23.615+0000] {dag.py:3096} INFO - Sync 1 DAGs
[2025-05-09T15:50:23.632+0000] {logging_mixin.py:188} INFO - [2025-05-09T15:50:23.632+0000] {dag.py:3954} INFO - Setting next_dagrun for example_time_delta_sensor_async to None, run_after=None
[2025-05-09T15:50:23.690+0000] {processor.py:183} INFO - Processing /home/airflow/.local/lib/python3.10/site-packages/airflow/example_dags/example_time_delta_sensor_async.py took 0.123 seconds
[2025-05-09T15:50:53.907+0000] {processor.py:161} INFO - Started process (PID=7708) to work on /home/airflow/.local/lib/python3.10/site-packages/airflow/example_dags/example_time_delta_sensor_async.py
[2025-05-09T15:50:53.908+0000] {processor.py:830} INFO - Processing file /home/airflow/.local/lib/python3.10/site-packages/airflow/example_dags/example_time_delta_sensor_async.py for tasks to queue
[2025-05-09T15:50:53.910+0000] {logging_mixin.py:188} INFO - [2025-05-09T15:50:53.910+0000] {dagbag.py:545} INFO - Filling up the DagBag from /home/airflow/.local/lib/python3.10/site-packages/airflow/example_dags/example_time_delta_sensor_async.py
[2025-05-09T15:50:53.916+0000] {processor.py:840} INFO - DAG(s) 'example_time_delta_sensor_async' retrieved from /home/airflow/.local/lib/python3.10/site-packages/airflow/example_dags/example_time_delta_sensor_async.py
[2025-05-09T15:50:53.944+0000] {logging_mixin.py:188} INFO - [2025-05-09T15:50:53.944+0000] {dag.py:3096} INFO - Sync 1 DAGs
[2025-05-09T15:50:53.958+0000] {logging_mixin.py:188} INFO - [2025-05-09T15:50:53.957+0000] {dag.py:3954} INFO - Setting next_dagrun for example_time_delta_sensor_async to None, run_after=None
[2025-05-09T15:50:53.981+0000] {processor.py:183} INFO - Processing /home/airflow/.local/lib/python3.10/site-packages/airflow/example_dags/example_time_delta_sensor_async.py took 0.083 seconds
[2025-05-09T15:51:24.422+0000] {processor.py:161} INFO - Started process (PID=7979) to work on /home/airflow/.local/lib/python3.10/site-packages/airflow/example_dags/example_time_delta_sensor_async.py
[2025-05-09T15:51:24.424+0000] {processor.py:830} INFO - Processing file /home/airflow/.local/lib/python3.10/site-packages/airflow/example_dags/example_time_delta_sensor_async.py for tasks to queue
[2025-05-09T15:51:24.428+0000] {logging_mixin.py:188} INFO - [2025-05-09T15:51:24.427+0000] {dagbag.py:545} INFO - Filling up the DagBag from /home/airflow/.local/lib/python3.10/site-packages/airflow/example_dags/example_time_delta_sensor_async.py
[2025-05-09T15:51:24.435+0000] {processor.py:840} INFO - DAG(s) 'example_time_delta_sensor_async' retrieved from /home/airflow/.local/lib/python3.10/site-packages/airflow/example_dags/example_time_delta_sensor_async.py
[2025-05-09T15:51:24.464+0000] {logging_mixin.py:188} INFO - [2025-05-09T15:51:24.464+0000] {dag.py:3096} INFO - Sync 1 DAGs
[2025-05-09T15:51:24.482+0000] {logging_mixin.py:188} INFO - [2025-05-09T15:51:24.482+0000] {dag.py:3954} INFO - Setting next_dagrun for example_time_delta_sensor_async to None, run_after=None
[2025-05-09T15:51:24.518+0000] {processor.py:183} INFO - Processing /home/airflow/.local/lib/python3.10/site-packages/airflow/example_dags/example_time_delta_sensor_async.py took 0.104 seconds
[2025-05-09T15:51:54.958+0000] {processor.py:161} INFO - Started process (PID=8241) to work on /home/airflow/.local/lib/python3.10/site-packages/airflow/example_dags/example_time_delta_sensor_async.py
[2025-05-09T15:51:54.959+0000] {processor.py:830} INFO - Processing file /home/airflow/.local/lib/python3.10/site-packages/airflow/example_dags/example_time_delta_sensor_async.py for tasks to queue
[2025-05-09T15:51:54.962+0000] {logging_mixin.py:188} INFO - [2025-05-09T15:51:54.962+0000] {dagbag.py:545} INFO - Filling up the DagBag from /home/airflow/.local/lib/python3.10/site-packages/airflow/example_dags/example_time_delta_sensor_async.py
[2025-05-09T15:51:54.969+0000] {processor.py:840} INFO - DAG(s) 'example_time_delta_sensor_async' retrieved from /home/airflow/.local/lib/python3.10/site-packages/airflow/example_dags/example_time_delta_sensor_async.py
[2025-05-09T15:51:54.992+0000] {logging_mixin.py:188} INFO - [2025-05-09T15:51:54.992+0000] {dag.py:3096} INFO - Sync 1 DAGs
[2025-05-09T15:51:55.005+0000] {logging_mixin.py:188} INFO - [2025-05-09T15:51:55.005+0000] {dag.py:3954} INFO - Setting next_dagrun for example_time_delta_sensor_async to None, run_after=None
[2025-05-09T15:51:55.027+0000] {processor.py:183} INFO - Processing /home/airflow/.local/lib/python3.10/site-packages/airflow/example_dags/example_time_delta_sensor_async.py took 0.077 seconds
[2025-05-09T15:52:25.746+0000] {processor.py:161} INFO - Started process (PID=8509) to work on /home/airflow/.local/lib/python3.10/site-packages/airflow/example_dags/example_time_delta_sensor_async.py
[2025-05-09T15:52:25.747+0000] {processor.py:830} INFO - Processing file /home/airflow/.local/lib/python3.10/site-packages/airflow/example_dags/example_time_delta_sensor_async.py for tasks to queue
[2025-05-09T15:52:25.750+0000] {logging_mixin.py:188} INFO - [2025-05-09T15:52:25.750+0000] {dagbag.py:545} INFO - Filling up the DagBag from /home/airflow/.local/lib/python3.10/site-packages/airflow/example_dags/example_time_delta_sensor_async.py
[2025-05-09T15:52:25.755+0000] {processor.py:840} INFO - DAG(s) 'example_time_delta_sensor_async' retrieved from /home/airflow/.local/lib/python3.10/site-packages/airflow/example_dags/example_time_delta_sensor_async.py
[2025-05-09T15:52:25.783+0000] {logging_mixin.py:188} INFO - [2025-05-09T15:52:25.783+0000] {dag.py:3096} INFO - Sync 1 DAGs
[2025-05-09T15:52:25.800+0000] {logging_mixin.py:188} INFO - [2025-05-09T15:52:25.799+0000] {dag.py:3954} INFO - Setting next_dagrun for example_time_delta_sensor_async to None, run_after=None
[2025-05-09T15:52:25.828+0000] {processor.py:183} INFO - Processing /home/airflow/.local/lib/python3.10/site-packages/airflow/example_dags/example_time_delta_sensor_async.py took 0.092 seconds
[2025-05-09T15:52:56.033+0000] {processor.py:161} INFO - Started process (PID=8771) to work on /home/airflow/.local/lib/python3.10/site-packages/airflow/example_dags/example_time_delta_sensor_async.py
[2025-05-09T15:52:56.035+0000] {processor.py:830} INFO - Processing file /home/airflow/.local/lib/python3.10/site-packages/airflow/example_dags/example_time_delta_sensor_async.py for tasks to queue
[2025-05-09T15:52:56.038+0000] {logging_mixin.py:188} INFO - [2025-05-09T15:52:56.037+0000] {dagbag.py:545} INFO - Filling up the DagBag from /home/airflow/.local/lib/python3.10/site-packages/airflow/example_dags/example_time_delta_sensor_async.py
[2025-05-09T15:52:56.044+0000] {processor.py:840} INFO - DAG(s) 'example_time_delta_sensor_async' retrieved from /home/airflow/.local/lib/python3.10/site-packages/airflow/example_dags/example_time_delta_sensor_async.py
[2025-05-09T15:52:56.071+0000] {logging_mixin.py:188} INFO - [2025-05-09T15:52:56.071+0000] {dag.py:3096} INFO - Sync 1 DAGs
[2025-05-09T15:52:56.089+0000] {logging_mixin.py:188} INFO - [2025-05-09T15:52:56.089+0000] {dag.py:3954} INFO - Setting next_dagrun for example_time_delta_sensor_async to None, run_after=None
[2025-05-09T15:52:56.119+0000] {processor.py:183} INFO - Processing /home/airflow/.local/lib/python3.10/site-packages/airflow/example_dags/example_time_delta_sensor_async.py took 0.095 seconds
[2025-05-09T15:53:26.365+0000] {processor.py:161} INFO - Started process (PID=9042) to work on /home/airflow/.local/lib/python3.10/site-packages/airflow/example_dags/example_time_delta_sensor_async.py
[2025-05-09T15:53:26.367+0000] {processor.py:830} INFO - Processing file /home/airflow/.local/lib/python3.10/site-packages/airflow/example_dags/example_time_delta_sensor_async.py for tasks to queue
[2025-05-09T15:53:26.370+0000] {logging_mixin.py:188} INFO - [2025-05-09T15:53:26.370+0000] {dagbag.py:545} INFO - Filling up the DagBag from /home/airflow/.local/lib/python3.10/site-packages/airflow/example_dags/example_time_delta_sensor_async.py
[2025-05-09T15:53:26.377+0000] {processor.py:840} INFO - DAG(s) 'example_time_delta_sensor_async' retrieved from /home/airflow/.local/lib/python3.10/site-packages/airflow/example_dags/example_time_delta_sensor_async.py
[2025-05-09T15:53:26.402+0000] {logging_mixin.py:188} INFO - [2025-05-09T15:53:26.402+0000] {dag.py:3096} INFO - Sync 1 DAGs
[2025-05-09T15:53:26.418+0000] {logging_mixin.py:188} INFO - [2025-05-09T15:53:26.418+0000] {dag.py:3954} INFO - Setting next_dagrun for example_time_delta_sensor_async to None, run_after=None
[2025-05-09T15:53:26.450+0000] {processor.py:183} INFO - Processing /home/airflow/.local/lib/python3.10/site-packages/airflow/example_dags/example_time_delta_sensor_async.py took 0.090 seconds
[2025-05-09T15:53:56.807+0000] {processor.py:161} INFO - Started process (PID=9316) to work on /home/airflow/.local/lib/python3.10/site-packages/airflow/example_dags/example_time_delta_sensor_async.py
[2025-05-09T15:53:56.809+0000] {processor.py:830} INFO - Processing file /home/airflow/.local/lib/python3.10/site-packages/airflow/example_dags/example_time_delta_sensor_async.py for tasks to queue
[2025-05-09T15:53:56.813+0000] {logging_mixin.py:188} INFO - [2025-05-09T15:53:56.812+0000] {dagbag.py:545} INFO - Filling up the DagBag from /home/airflow/.local/lib/python3.10/site-packages/airflow/example_dags/example_time_delta_sensor_async.py
[2025-05-09T15:53:56.821+0000] {processor.py:840} INFO - DAG(s) 'example_time_delta_sensor_async' retrieved from /home/airflow/.local/lib/python3.10/site-packages/airflow/example_dags/example_time_delta_sensor_async.py
[2025-05-09T15:53:56.858+0000] {logging_mixin.py:188} INFO - [2025-05-09T15:53:56.857+0000] {dag.py:3096} INFO - Sync 1 DAGs
[2025-05-09T15:53:56.879+0000] {logging_mixin.py:188} INFO - [2025-05-09T15:53:56.878+0000] {dag.py:3954} INFO - Setting next_dagrun for example_time_delta_sensor_async to None, run_after=None
[2025-05-09T15:53:56.915+0000] {processor.py:183} INFO - Processing /home/airflow/.local/lib/python3.10/site-packages/airflow/example_dags/example_time_delta_sensor_async.py took 0.120 seconds
[2025-05-09T15:54:27.759+0000] {processor.py:161} INFO - Started process (PID=9590) to work on /home/airflow/.local/lib/python3.10/site-packages/airflow/example_dags/example_time_delta_sensor_async.py
[2025-05-09T15:54:27.760+0000] {processor.py:830} INFO - Processing file /home/airflow/.local/lib/python3.10/site-packages/airflow/example_dags/example_time_delta_sensor_async.py for tasks to queue
[2025-05-09T15:54:27.763+0000] {logging_mixin.py:188} INFO - [2025-05-09T15:54:27.762+0000] {dagbag.py:545} INFO - Filling up the DagBag from /home/airflow/.local/lib/python3.10/site-packages/airflow/example_dags/example_time_delta_sensor_async.py
[2025-05-09T15:54:27.768+0000] {processor.py:840} INFO - DAG(s) 'example_time_delta_sensor_async' retrieved from /home/airflow/.local/lib/python3.10/site-packages/airflow/example_dags/example_time_delta_sensor_async.py
[2025-05-09T15:54:27.787+0000] {logging_mixin.py:188} INFO - [2025-05-09T15:54:27.787+0000] {dag.py:3096} INFO - Sync 1 DAGs
[2025-05-09T15:54:27.800+0000] {logging_mixin.py:188} INFO - [2025-05-09T15:54:27.799+0000] {dag.py:3954} INFO - Setting next_dagrun for example_time_delta_sensor_async to None, run_after=None
[2025-05-09T15:54:27.823+0000] {processor.py:183} INFO - Processing /home/airflow/.local/lib/python3.10/site-packages/airflow/example_dags/example_time_delta_sensor_async.py took 0.069 seconds
[2025-05-09T15:54:58.290+0000] {processor.py:161} INFO - Started process (PID=9852) to work on /home/airflow/.local/lib/python3.10/site-packages/airflow/example_dags/example_time_delta_sensor_async.py
[2025-05-09T15:54:58.292+0000] {processor.py:830} INFO - Processing file /home/airflow/.local/lib/python3.10/site-packages/airflow/example_dags/example_time_delta_sensor_async.py for tasks to queue
[2025-05-09T15:54:58.294+0000] {logging_mixin.py:188} INFO - [2025-05-09T15:54:58.294+0000] {dagbag.py:545} INFO - Filling up the DagBag from /home/airflow/.local/lib/python3.10/site-packages/airflow/example_dags/example_time_delta_sensor_async.py
[2025-05-09T15:54:58.300+0000] {processor.py:840} INFO - DAG(s) 'example_time_delta_sensor_async' retrieved from /home/airflow/.local/lib/python3.10/site-packages/airflow/example_dags/example_time_delta_sensor_async.py
[2025-05-09T15:54:58.323+0000] {logging_mixin.py:188} INFO - [2025-05-09T15:54:58.322+0000] {dag.py:3096} INFO - Sync 1 DAGs
[2025-05-09T15:54:58.336+0000] {logging_mixin.py:188} INFO - [2025-05-09T15:54:58.336+0000] {dag.py:3954} INFO - Setting next_dagrun for example_time_delta_sensor_async to None, run_after=None
[2025-05-09T15:54:58.358+0000] {processor.py:183} INFO - Processing /home/airflow/.local/lib/python3.10/site-packages/airflow/example_dags/example_time_delta_sensor_async.py took 0.075 seconds
[2025-05-09T15:55:28.470+0000] {processor.py:161} INFO - Started process (PID=10123) to work on /home/airflow/.local/lib/python3.10/site-packages/airflow/example_dags/example_time_delta_sensor_async.py
[2025-05-09T15:55:28.471+0000] {processor.py:830} INFO - Processing file /home/airflow/.local/lib/python3.10/site-packages/airflow/example_dags/example_time_delta_sensor_async.py for tasks to queue
[2025-05-09T15:55:28.473+0000] {logging_mixin.py:188} INFO - [2025-05-09T15:55:28.473+0000] {dagbag.py:545} INFO - Filling up the DagBag from /home/airflow/.local/lib/python3.10/site-packages/airflow/example_dags/example_time_delta_sensor_async.py
[2025-05-09T15:55:28.478+0000] {processor.py:840} INFO - DAG(s) 'example_time_delta_sensor_async' retrieved from /home/airflow/.local/lib/python3.10/site-packages/airflow/example_dags/example_time_delta_sensor_async.py
[2025-05-09T15:55:28.497+0000] {logging_mixin.py:188} INFO - [2025-05-09T15:55:28.497+0000] {dag.py:3096} INFO - Sync 1 DAGs
[2025-05-09T15:55:28.509+0000] {logging_mixin.py:188} INFO - [2025-05-09T15:55:28.509+0000] {dag.py:3954} INFO - Setting next_dagrun for example_time_delta_sensor_async to None, run_after=None
[2025-05-09T15:55:28.534+0000] {processor.py:183} INFO - Processing /home/airflow/.local/lib/python3.10/site-packages/airflow/example_dags/example_time_delta_sensor_async.py took 0.070 seconds
[2025-05-09T15:55:58.912+0000] {processor.py:161} INFO - Started process (PID=10385) to work on /home/airflow/.local/lib/python3.10/site-packages/airflow/example_dags/example_time_delta_sensor_async.py
[2025-05-09T15:55:58.913+0000] {processor.py:830} INFO - Processing file /home/airflow/.local/lib/python3.10/site-packages/airflow/example_dags/example_time_delta_sensor_async.py for tasks to queue
[2025-05-09T15:55:58.916+0000] {logging_mixin.py:188} INFO - [2025-05-09T15:55:58.915+0000] {dagbag.py:545} INFO - Filling up the DagBag from /home/airflow/.local/lib/python3.10/site-packages/airflow/example_dags/example_time_delta_sensor_async.py
[2025-05-09T15:55:58.923+0000] {processor.py:840} INFO - DAG(s) 'example_time_delta_sensor_async' retrieved from /home/airflow/.local/lib/python3.10/site-packages/airflow/example_dags/example_time_delta_sensor_async.py
[2025-05-09T15:55:58.946+0000] {logging_mixin.py:188} INFO - [2025-05-09T15:55:58.946+0000] {dag.py:3096} INFO - Sync 1 DAGs
[2025-05-09T15:55:58.960+0000] {logging_mixin.py:188} INFO - [2025-05-09T15:55:58.960+0000] {dag.py:3954} INFO - Setting next_dagrun for example_time_delta_sensor_async to None, run_after=None
[2025-05-09T15:55:58.986+0000] {processor.py:183} INFO - Processing /home/airflow/.local/lib/python3.10/site-packages/airflow/example_dags/example_time_delta_sensor_async.py took 0.083 seconds
[2025-05-09T15:56:29.257+0000] {processor.py:161} INFO - Started process (PID=10656) to work on /home/airflow/.local/lib/python3.10/site-packages/airflow/example_dags/example_time_delta_sensor_async.py
[2025-05-09T15:56:29.258+0000] {processor.py:830} INFO - Processing file /home/airflow/.local/lib/python3.10/site-packages/airflow/example_dags/example_time_delta_sensor_async.py for tasks to queue
[2025-05-09T15:56:29.261+0000] {logging_mixin.py:188} INFO - [2025-05-09T15:56:29.261+0000] {dagbag.py:545} INFO - Filling up the DagBag from /home/airflow/.local/lib/python3.10/site-packages/airflow/example_dags/example_time_delta_sensor_async.py
[2025-05-09T15:56:29.269+0000] {processor.py:840} INFO - DAG(s) 'example_time_delta_sensor_async' retrieved from /home/airflow/.local/lib/python3.10/site-packages/airflow/example_dags/example_time_delta_sensor_async.py
[2025-05-09T15:56:29.296+0000] {logging_mixin.py:188} INFO - [2025-05-09T15:56:29.296+0000] {dag.py:3096} INFO - Sync 1 DAGs
[2025-05-09T15:56:29.310+0000] {logging_mixin.py:188} INFO - [2025-05-09T15:56:29.310+0000] {dag.py:3954} INFO - Setting next_dagrun for example_time_delta_sensor_async to None, run_after=None
[2025-05-09T15:56:29.337+0000] {processor.py:183} INFO - Processing /home/airflow/.local/lib/python3.10/site-packages/airflow/example_dags/example_time_delta_sensor_async.py took 0.089 seconds
[2025-05-09T15:56:59.502+0000] {processor.py:161} INFO - Started process (PID=10918) to work on /home/airflow/.local/lib/python3.10/site-packages/airflow/example_dags/example_time_delta_sensor_async.py
[2025-05-09T15:56:59.504+0000] {processor.py:830} INFO - Processing file /home/airflow/.local/lib/python3.10/site-packages/airflow/example_dags/example_time_delta_sensor_async.py for tasks to queue
[2025-05-09T15:56:59.507+0000] {logging_mixin.py:188} INFO - [2025-05-09T15:56:59.507+0000] {dagbag.py:545} INFO - Filling up the DagBag from /home/airflow/.local/lib/python3.10/site-packages/airflow/example_dags/example_time_delta_sensor_async.py
[2025-05-09T15:56:59.513+0000] {processor.py:840} INFO - DAG(s) 'example_time_delta_sensor_async' retrieved from /home/airflow/.local/lib/python3.10/site-packages/airflow/example_dags/example_time_delta_sensor_async.py
[2025-05-09T15:56:59.543+0000] {logging_mixin.py:188} INFO - [2025-05-09T15:56:59.542+0000] {dag.py:3096} INFO - Sync 1 DAGs
[2025-05-09T15:56:59.560+0000] {logging_mixin.py:188} INFO - [2025-05-09T15:56:59.560+0000] {dag.py:3954} INFO - Setting next_dagrun for example_time_delta_sensor_async to None, run_after=None
[2025-05-09T15:56:59.585+0000] {processor.py:183} INFO - Processing /home/airflow/.local/lib/python3.10/site-packages/airflow/example_dags/example_time_delta_sensor_async.py took 0.090 seconds
[2025-05-09T15:57:29.648+0000] {processor.py:161} INFO - Started process (PID=11189) to work on /home/airflow/.local/lib/python3.10/site-packages/airflow/example_dags/example_time_delta_sensor_async.py
[2025-05-09T15:57:29.649+0000] {processor.py:830} INFO - Processing file /home/airflow/.local/lib/python3.10/site-packages/airflow/example_dags/example_time_delta_sensor_async.py for tasks to queue
[2025-05-09T15:57:29.653+0000] {logging_mixin.py:188} INFO - [2025-05-09T15:57:29.652+0000] {dagbag.py:545} INFO - Filling up the DagBag from /home/airflow/.local/lib/python3.10/site-packages/airflow/example_dags/example_time_delta_sensor_async.py
[2025-05-09T15:57:29.658+0000] {processor.py:840} INFO - DAG(s) 'example_time_delta_sensor_async' retrieved from /home/airflow/.local/lib/python3.10/site-packages/airflow/example_dags/example_time_delta_sensor_async.py
[2025-05-09T15:57:29.680+0000] {logging_mixin.py:188} INFO - [2025-05-09T15:57:29.680+0000] {dag.py:3096} INFO - Sync 1 DAGs
[2025-05-09T15:57:29.693+0000] {logging_mixin.py:188} INFO - [2025-05-09T15:57:29.692+0000] {dag.py:3954} INFO - Setting next_dagrun for example_time_delta_sensor_async to None, run_after=None
[2025-05-09T15:57:29.714+0000] {processor.py:183} INFO - Processing /home/airflow/.local/lib/python3.10/site-packages/airflow/example_dags/example_time_delta_sensor_async.py took 0.072 seconds
[2025-05-09T15:58:00.392+0000] {processor.py:161} INFO - Started process (PID=11451) to work on /home/airflow/.local/lib/python3.10/site-packages/airflow/example_dags/example_time_delta_sensor_async.py
[2025-05-09T15:58:00.394+0000] {processor.py:830} INFO - Processing file /home/airflow/.local/lib/python3.10/site-packages/airflow/example_dags/example_time_delta_sensor_async.py for tasks to queue
[2025-05-09T15:58:00.398+0000] {logging_mixin.py:188} INFO - [2025-05-09T15:58:00.397+0000] {dagbag.py:545} INFO - Filling up the DagBag from /home/airflow/.local/lib/python3.10/site-packages/airflow/example_dags/example_time_delta_sensor_async.py
[2025-05-09T15:58:00.403+0000] {processor.py:840} INFO - DAG(s) 'example_time_delta_sensor_async' retrieved from /home/airflow/.local/lib/python3.10/site-packages/airflow/example_dags/example_time_delta_sensor_async.py
[2025-05-09T15:58:00.425+0000] {logging_mixin.py:188} INFO - [2025-05-09T15:58:00.425+0000] {dag.py:3096} INFO - Sync 1 DAGs
[2025-05-09T15:58:00.438+0000] {logging_mixin.py:188} INFO - [2025-05-09T15:58:00.438+0000] {dag.py:3954} INFO - Setting next_dagrun for example_time_delta_sensor_async to None, run_after=None
[2025-05-09T15:58:00.460+0000] {processor.py:183} INFO - Processing /home/airflow/.local/lib/python3.10/site-packages/airflow/example_dags/example_time_delta_sensor_async.py took 0.074 seconds
[2025-05-09T15:58:30.822+0000] {processor.py:161} INFO - Started process (PID=11722) to work on /home/airflow/.local/lib/python3.10/site-packages/airflow/example_dags/example_time_delta_sensor_async.py
[2025-05-09T15:58:30.824+0000] {processor.py:830} INFO - Processing file /home/airflow/.local/lib/python3.10/site-packages/airflow/example_dags/example_time_delta_sensor_async.py for tasks to queue
[2025-05-09T15:58:30.828+0000] {logging_mixin.py:188} INFO - [2025-05-09T15:58:30.828+0000] {dagbag.py:545} INFO - Filling up the DagBag from /home/airflow/.local/lib/python3.10/site-packages/airflow/example_dags/example_time_delta_sensor_async.py
[2025-05-09T15:58:30.834+0000] {processor.py:840} INFO - DAG(s) 'example_time_delta_sensor_async' retrieved from /home/airflow/.local/lib/python3.10/site-packages/airflow/example_dags/example_time_delta_sensor_async.py
[2025-05-09T15:58:30.862+0000] {logging_mixin.py:188} INFO - [2025-05-09T15:58:30.862+0000] {dag.py:3096} INFO - Sync 1 DAGs
[2025-05-09T15:58:30.877+0000] {logging_mixin.py:188} INFO - [2025-05-09T15:58:30.876+0000] {dag.py:3954} INFO - Setting next_dagrun for example_time_delta_sensor_async to None, run_after=None
[2025-05-09T15:58:30.900+0000] {processor.py:183} INFO - Processing /home/airflow/.local/lib/python3.10/site-packages/airflow/example_dags/example_time_delta_sensor_async.py took 0.086 seconds
[2025-05-09T15:59:01.482+0000] {processor.py:161} INFO - Started process (PID=11986) to work on /home/airflow/.local/lib/python3.10/site-packages/airflow/example_dags/example_time_delta_sensor_async.py
[2025-05-09T15:59:01.484+0000] {processor.py:830} INFO - Processing file /home/airflow/.local/lib/python3.10/site-packages/airflow/example_dags/example_time_delta_sensor_async.py for tasks to queue
[2025-05-09T15:59:01.487+0000] {logging_mixin.py:188} INFO - [2025-05-09T15:59:01.487+0000] {dagbag.py:545} INFO - Filling up the DagBag from /home/airflow/.local/lib/python3.10/site-packages/airflow/example_dags/example_time_delta_sensor_async.py
[2025-05-09T15:59:01.494+0000] {processor.py:840} INFO - DAG(s) 'example_time_delta_sensor_async' retrieved from /home/airflow/.local/lib/python3.10/site-packages/airflow/example_dags/example_time_delta_sensor_async.py
[2025-05-09T15:59:01.534+0000] {logging_mixin.py:188} INFO - [2025-05-09T15:59:01.533+0000] {dag.py:3096} INFO - Sync 1 DAGs
[2025-05-09T15:59:01.552+0000] {logging_mixin.py:188} INFO - [2025-05-09T15:59:01.551+0000] {dag.py:3954} INFO - Setting next_dagrun for example_time_delta_sensor_async to None, run_after=None
[2025-05-09T15:59:01.586+0000] {processor.py:183} INFO - Processing /home/airflow/.local/lib/python3.10/site-packages/airflow/example_dags/example_time_delta_sensor_async.py took 0.113 seconds
[2025-05-09T15:59:32.478+0000] {processor.py:161} INFO - Started process (PID=12255) to work on /home/airflow/.local/lib/python3.10/site-packages/airflow/example_dags/example_time_delta_sensor_async.py
[2025-05-09T15:59:32.480+0000] {processor.py:830} INFO - Processing file /home/airflow/.local/lib/python3.10/site-packages/airflow/example_dags/example_time_delta_sensor_async.py for tasks to queue
[2025-05-09T15:59:32.484+0000] {logging_mixin.py:188} INFO - [2025-05-09T15:59:32.483+0000] {dagbag.py:545} INFO - Filling up the DagBag from /home/airflow/.local/lib/python3.10/site-packages/airflow/example_dags/example_time_delta_sensor_async.py
[2025-05-09T15:59:32.490+0000] {processor.py:840} INFO - DAG(s) 'example_time_delta_sensor_async' retrieved from /home/airflow/.local/lib/python3.10/site-packages/airflow/example_dags/example_time_delta_sensor_async.py
[2025-05-09T15:59:32.514+0000] {logging_mixin.py:188} INFO - [2025-05-09T15:59:32.513+0000] {dag.py:3096} INFO - Sync 1 DAGs
[2025-05-09T15:59:32.526+0000] {logging_mixin.py:188} INFO - [2025-05-09T15:59:32.526+0000] {dag.py:3954} INFO - Setting next_dagrun for example_time_delta_sensor_async to None, run_after=None
[2025-05-09T15:59:32.549+0000] {processor.py:183} INFO - Processing /home/airflow/.local/lib/python3.10/site-packages/airflow/example_dags/example_time_delta_sensor_async.py took 0.078 seconds
[2025-05-09T16:00:02.832+0000] {processor.py:161} INFO - Started process (PID=12538) to work on /home/airflow/.local/lib/python3.10/site-packages/airflow/example_dags/example_time_delta_sensor_async.py
[2025-05-09T16:00:02.834+0000] {processor.py:830} INFO - Processing file /home/airflow/.local/lib/python3.10/site-packages/airflow/example_dags/example_time_delta_sensor_async.py for tasks to queue
[2025-05-09T16:00:02.837+0000] {logging_mixin.py:188} INFO - [2025-05-09T16:00:02.836+0000] {dagbag.py:545} INFO - Filling up the DagBag from /home/airflow/.local/lib/python3.10/site-packages/airflow/example_dags/example_time_delta_sensor_async.py
[2025-05-09T16:00:02.842+0000] {processor.py:840} INFO - DAG(s) 'example_time_delta_sensor_async' retrieved from /home/airflow/.local/lib/python3.10/site-packages/airflow/example_dags/example_time_delta_sensor_async.py
[2025-05-09T16:00:02.866+0000] {logging_mixin.py:188} INFO - [2025-05-09T16:00:02.866+0000] {dag.py:3096} INFO - Sync 1 DAGs
[2025-05-09T16:00:02.884+0000] {logging_mixin.py:188} INFO - [2025-05-09T16:00:02.883+0000] {dag.py:3954} INFO - Setting next_dagrun for example_time_delta_sensor_async to None, run_after=None
[2025-05-09T16:00:02.928+0000] {processor.py:183} INFO - Processing /home/airflow/.local/lib/python3.10/site-packages/airflow/example_dags/example_time_delta_sensor_async.py took 0.103 seconds
[2025-05-09T16:00:33.311+0000] {processor.py:161} INFO - Started process (PID=12837) to work on /home/airflow/.local/lib/python3.10/site-packages/airflow/example_dags/example_time_delta_sensor_async.py
[2025-05-09T16:00:33.313+0000] {processor.py:830} INFO - Processing file /home/airflow/.local/lib/python3.10/site-packages/airflow/example_dags/example_time_delta_sensor_async.py for tasks to queue
[2025-05-09T16:00:33.316+0000] {logging_mixin.py:188} INFO - [2025-05-09T16:00:33.316+0000] {dagbag.py:545} INFO - Filling up the DagBag from /home/airflow/.local/lib/python3.10/site-packages/airflow/example_dags/example_time_delta_sensor_async.py
[2025-05-09T16:00:33.322+0000] {processor.py:840} INFO - DAG(s) 'example_time_delta_sensor_async' retrieved from /home/airflow/.local/lib/python3.10/site-packages/airflow/example_dags/example_time_delta_sensor_async.py
[2025-05-09T16:00:33.341+0000] {logging_mixin.py:188} INFO - [2025-05-09T16:00:33.340+0000] {dag.py:3096} INFO - Sync 1 DAGs
[2025-05-09T16:00:33.354+0000] {logging_mixin.py:188} INFO - [2025-05-09T16:00:33.354+0000] {dag.py:3954} INFO - Setting next_dagrun for example_time_delta_sensor_async to None, run_after=None
[2025-05-09T16:00:33.380+0000] {processor.py:183} INFO - Processing /home/airflow/.local/lib/python3.10/site-packages/airflow/example_dags/example_time_delta_sensor_async.py took 0.075 seconds
[2025-05-09T16:01:03.536+0000] {processor.py:161} INFO - Started process (PID=13122) to work on /home/airflow/.local/lib/python3.10/site-packages/airflow/example_dags/example_time_delta_sensor_async.py
[2025-05-09T16:01:03.538+0000] {processor.py:830} INFO - Processing file /home/airflow/.local/lib/python3.10/site-packages/airflow/example_dags/example_time_delta_sensor_async.py for tasks to queue
[2025-05-09T16:01:03.542+0000] {logging_mixin.py:188} INFO - [2025-05-09T16:01:03.541+0000] {dagbag.py:545} INFO - Filling up the DagBag from /home/airflow/.local/lib/python3.10/site-packages/airflow/example_dags/example_time_delta_sensor_async.py
[2025-05-09T16:01:03.552+0000] {processor.py:840} INFO - DAG(s) 'example_time_delta_sensor_async' retrieved from /home/airflow/.local/lib/python3.10/site-packages/airflow/example_dags/example_time_delta_sensor_async.py
[2025-05-09T16:01:03.575+0000] {logging_mixin.py:188} INFO - [2025-05-09T16:01:03.575+0000] {dag.py:3096} INFO - Sync 1 DAGs
[2025-05-09T16:01:03.591+0000] {logging_mixin.py:188} INFO - [2025-05-09T16:01:03.591+0000] {dag.py:3954} INFO - Setting next_dagrun for example_time_delta_sensor_async to None, run_after=None
[2025-05-09T16:01:03.622+0000] {processor.py:183} INFO - Processing /home/airflow/.local/lib/python3.10/site-packages/airflow/example_dags/example_time_delta_sensor_async.py took 0.095 seconds
[2025-05-09T16:01:33.837+0000] {processor.py:161} INFO - Started process (PID=13395) to work on /home/airflow/.local/lib/python3.10/site-packages/airflow/example_dags/example_time_delta_sensor_async.py
[2025-05-09T16:01:33.839+0000] {processor.py:830} INFO - Processing file /home/airflow/.local/lib/python3.10/site-packages/airflow/example_dags/example_time_delta_sensor_async.py for tasks to queue
[2025-05-09T16:01:33.840+0000] {logging_mixin.py:188} INFO - [2025-05-09T16:01:33.840+0000] {dagbag.py:545} INFO - Filling up the DagBag from /home/airflow/.local/lib/python3.10/site-packages/airflow/example_dags/example_time_delta_sensor_async.py
[2025-05-09T16:01:33.845+0000] {processor.py:840} INFO - DAG(s) 'example_time_delta_sensor_async' retrieved from /home/airflow/.local/lib/python3.10/site-packages/airflow/example_dags/example_time_delta_sensor_async.py
[2025-05-09T16:01:33.875+0000] {logging_mixin.py:188} INFO - [2025-05-09T16:01:33.875+0000] {dag.py:3096} INFO - Sync 1 DAGs
[2025-05-09T16:01:33.890+0000] {logging_mixin.py:188} INFO - [2025-05-09T16:01:33.890+0000] {dag.py:3954} INFO - Setting next_dagrun for example_time_delta_sensor_async to None, run_after=None
[2025-05-09T16:01:33.919+0000] {processor.py:183} INFO - Processing /home/airflow/.local/lib/python3.10/site-packages/airflow/example_dags/example_time_delta_sensor_async.py took 0.090 seconds
[2025-05-09T16:02:04.292+0000] {processor.py:161} INFO - Started process (PID=13701) to work on /home/airflow/.local/lib/python3.10/site-packages/airflow/example_dags/example_time_delta_sensor_async.py
[2025-05-09T16:02:04.294+0000] {processor.py:830} INFO - Processing file /home/airflow/.local/lib/python3.10/site-packages/airflow/example_dags/example_time_delta_sensor_async.py for tasks to queue
[2025-05-09T16:02:04.295+0000] {logging_mixin.py:188} INFO - [2025-05-09T16:02:04.295+0000] {dagbag.py:545} INFO - Filling up the DagBag from /home/airflow/.local/lib/python3.10/site-packages/airflow/example_dags/example_time_delta_sensor_async.py
[2025-05-09T16:02:04.302+0000] {processor.py:840} INFO - DAG(s) 'example_time_delta_sensor_async' retrieved from /home/airflow/.local/lib/python3.10/site-packages/airflow/example_dags/example_time_delta_sensor_async.py
[2025-05-09T16:02:04.330+0000] {logging_mixin.py:188} INFO - [2025-05-09T16:02:04.330+0000] {dag.py:3096} INFO - Sync 1 DAGs
[2025-05-09T16:02:04.346+0000] {logging_mixin.py:188} INFO - [2025-05-09T16:02:04.346+0000] {dag.py:3954} INFO - Setting next_dagrun for example_time_delta_sensor_async to None, run_after=None
[2025-05-09T16:02:04.375+0000] {processor.py:183} INFO - Processing /home/airflow/.local/lib/python3.10/site-packages/airflow/example_dags/example_time_delta_sensor_async.py took 0.090 seconds
[2025-05-09T16:02:34.596+0000] {processor.py:161} INFO - Started process (PID=13979) to work on /home/airflow/.local/lib/python3.10/site-packages/airflow/example_dags/example_time_delta_sensor_async.py
[2025-05-09T16:02:34.598+0000] {processor.py:830} INFO - Processing file /home/airflow/.local/lib/python3.10/site-packages/airflow/example_dags/example_time_delta_sensor_async.py for tasks to queue
[2025-05-09T16:02:34.599+0000] {logging_mixin.py:188} INFO - [2025-05-09T16:02:34.599+0000] {dagbag.py:545} INFO - Filling up the DagBag from /home/airflow/.local/lib/python3.10/site-packages/airflow/example_dags/example_time_delta_sensor_async.py
[2025-05-09T16:02:34.604+0000] {processor.py:840} INFO - DAG(s) 'example_time_delta_sensor_async' retrieved from /home/airflow/.local/lib/python3.10/site-packages/airflow/example_dags/example_time_delta_sensor_async.py
[2025-05-09T16:02:34.625+0000] {logging_mixin.py:188} INFO - [2025-05-09T16:02:34.625+0000] {dag.py:3096} INFO - Sync 1 DAGs
[2025-05-09T16:02:34.637+0000] {logging_mixin.py:188} INFO - [2025-05-09T16:02:34.636+0000] {dag.py:3954} INFO - Setting next_dagrun for example_time_delta_sensor_async to None, run_after=None
[2025-05-09T16:02:34.660+0000] {processor.py:183} INFO - Processing /home/airflow/.local/lib/python3.10/site-packages/airflow/example_dags/example_time_delta_sensor_async.py took 0.070 seconds
[2025-05-09T16:03:05.506+0000] {processor.py:161} INFO - Started process (PID=14288) to work on /home/airflow/.local/lib/python3.10/site-packages/airflow/example_dags/example_time_delta_sensor_async.py
[2025-05-09T16:03:05.507+0000] {processor.py:830} INFO - Processing file /home/airflow/.local/lib/python3.10/site-packages/airflow/example_dags/example_time_delta_sensor_async.py for tasks to queue
[2025-05-09T16:03:05.509+0000] {logging_mixin.py:188} INFO - [2025-05-09T16:03:05.508+0000] {dagbag.py:545} INFO - Filling up the DagBag from /home/airflow/.local/lib/python3.10/site-packages/airflow/example_dags/example_time_delta_sensor_async.py
[2025-05-09T16:03:05.514+0000] {processor.py:840} INFO - DAG(s) 'example_time_delta_sensor_async' retrieved from /home/airflow/.local/lib/python3.10/site-packages/airflow/example_dags/example_time_delta_sensor_async.py
[2025-05-09T16:03:05.535+0000] {logging_mixin.py:188} INFO - [2025-05-09T16:03:05.535+0000] {dag.py:3096} INFO - Sync 1 DAGs
[2025-05-09T16:03:05.547+0000] {logging_mixin.py:188} INFO - [2025-05-09T16:03:05.546+0000] {dag.py:3954} INFO - Setting next_dagrun for example_time_delta_sensor_async to None, run_after=None
[2025-05-09T16:03:05.574+0000] {processor.py:183} INFO - Processing /home/airflow/.local/lib/python3.10/site-packages/airflow/example_dags/example_time_delta_sensor_async.py took 0.074 seconds
[2025-05-09T16:03:36.414+0000] {processor.py:161} INFO - Started process (PID=14562) to work on /home/airflow/.local/lib/python3.10/site-packages/airflow/example_dags/example_time_delta_sensor_async.py
[2025-05-09T16:03:36.415+0000] {processor.py:830} INFO - Processing file /home/airflow/.local/lib/python3.10/site-packages/airflow/example_dags/example_time_delta_sensor_async.py for tasks to queue
[2025-05-09T16:03:36.417+0000] {logging_mixin.py:188} INFO - [2025-05-09T16:03:36.416+0000] {dagbag.py:545} INFO - Filling up the DagBag from /home/airflow/.local/lib/python3.10/site-packages/airflow/example_dags/example_time_delta_sensor_async.py
[2025-05-09T16:03:36.422+0000] {processor.py:840} INFO - DAG(s) 'example_time_delta_sensor_async' retrieved from /home/airflow/.local/lib/python3.10/site-packages/airflow/example_dags/example_time_delta_sensor_async.py
[2025-05-09T16:03:36.450+0000] {logging_mixin.py:188} INFO - [2025-05-09T16:03:36.449+0000] {dag.py:3096} INFO - Sync 1 DAGs
[2025-05-09T16:03:36.465+0000] {logging_mixin.py:188} INFO - [2025-05-09T16:03:36.465+0000] {dag.py:3954} INFO - Setting next_dagrun for example_time_delta_sensor_async to None, run_after=None
[2025-05-09T16:03:36.486+0000] {processor.py:183} INFO - Processing /home/airflow/.local/lib/python3.10/site-packages/airflow/example_dags/example_time_delta_sensor_async.py took 0.080 seconds
[2025-05-09T16:04:06.997+0000] {processor.py:161} INFO - Started process (PID=14824) to work on /home/airflow/.local/lib/python3.10/site-packages/airflow/example_dags/example_time_delta_sensor_async.py
[2025-05-09T16:04:06.999+0000] {processor.py:830} INFO - Processing file /home/airflow/.local/lib/python3.10/site-packages/airflow/example_dags/example_time_delta_sensor_async.py for tasks to queue
[2025-05-09T16:04:07.000+0000] {logging_mixin.py:188} INFO - [2025-05-09T16:04:07.000+0000] {dagbag.py:545} INFO - Filling up the DagBag from /home/airflow/.local/lib/python3.10/site-packages/airflow/example_dags/example_time_delta_sensor_async.py
[2025-05-09T16:04:07.007+0000] {processor.py:840} INFO - DAG(s) 'example_time_delta_sensor_async' retrieved from /home/airflow/.local/lib/python3.10/site-packages/airflow/example_dags/example_time_delta_sensor_async.py
[2025-05-09T16:04:07.030+0000] {logging_mixin.py:188} INFO - [2025-05-09T16:04:07.030+0000] {dag.py:3096} INFO - Sync 1 DAGs
[2025-05-09T16:04:07.045+0000] {logging_mixin.py:188} INFO - [2025-05-09T16:04:07.045+0000] {dag.py:3954} INFO - Setting next_dagrun for example_time_delta_sensor_async to None, run_after=None
[2025-05-09T16:04:07.071+0000] {processor.py:183} INFO - Processing /home/airflow/.local/lib/python3.10/site-packages/airflow/example_dags/example_time_delta_sensor_async.py took 0.081 seconds
[2025-05-09T16:05:16.943+0000] {processor.py:161} INFO - Started process (PID=267) to work on /home/airflow/.local/lib/python3.10/site-packages/airflow/example_dags/example_time_delta_sensor_async.py
[2025-05-09T16:05:16.945+0000] {processor.py:830} INFO - Processing file /home/airflow/.local/lib/python3.10/site-packages/airflow/example_dags/example_time_delta_sensor_async.py for tasks to queue
[2025-05-09T16:05:16.950+0000] {logging_mixin.py:188} INFO - [2025-05-09T16:05:16.950+0000] {dagbag.py:545} INFO - Filling up the DagBag from /home/airflow/.local/lib/python3.10/site-packages/airflow/example_dags/example_time_delta_sensor_async.py
[2025-05-09T16:05:16.956+0000] {processor.py:840} INFO - DAG(s) 'example_time_delta_sensor_async' retrieved from /home/airflow/.local/lib/python3.10/site-packages/airflow/example_dags/example_time_delta_sensor_async.py
[2025-05-09T16:05:16.977+0000] {logging_mixin.py:188} INFO - [2025-05-09T16:05:16.976+0000] {dag.py:3096} INFO - Sync 1 DAGs
[2025-05-09T16:05:16.997+0000] {logging_mixin.py:188} INFO - [2025-05-09T16:05:16.997+0000] {dag.py:3954} INFO - Setting next_dagrun for example_time_delta_sensor_async to None, run_after=None
[2025-05-09T16:05:17.029+0000] {processor.py:183} INFO - Processing /home/airflow/.local/lib/python3.10/site-packages/airflow/example_dags/example_time_delta_sensor_async.py took 0.095 seconds
[2025-05-09T16:05:47.530+0000] {processor.py:161} INFO - Started process (PID=529) to work on /home/airflow/.local/lib/python3.10/site-packages/airflow/example_dags/example_time_delta_sensor_async.py
[2025-05-09T16:05:47.532+0000] {processor.py:830} INFO - Processing file /home/airflow/.local/lib/python3.10/site-packages/airflow/example_dags/example_time_delta_sensor_async.py for tasks to queue
[2025-05-09T16:05:47.535+0000] {logging_mixin.py:188} INFO - [2025-05-09T16:05:47.534+0000] {dagbag.py:545} INFO - Filling up the DagBag from /home/airflow/.local/lib/python3.10/site-packages/airflow/example_dags/example_time_delta_sensor_async.py
[2025-05-09T16:05:47.540+0000] {processor.py:840} INFO - DAG(s) 'example_time_delta_sensor_async' retrieved from /home/airflow/.local/lib/python3.10/site-packages/airflow/example_dags/example_time_delta_sensor_async.py
[2025-05-09T16:05:47.647+0000] {logging_mixin.py:188} INFO - [2025-05-09T16:05:47.647+0000] {dag.py:3096} INFO - Sync 1 DAGs
[2025-05-09T16:05:47.660+0000] {logging_mixin.py:188} INFO - [2025-05-09T16:05:47.660+0000] {dag.py:3954} INFO - Setting next_dagrun for example_time_delta_sensor_async to None, run_after=None
[2025-05-09T16:05:47.685+0000] {processor.py:183} INFO - Processing /home/airflow/.local/lib/python3.10/site-packages/airflow/example_dags/example_time_delta_sensor_async.py took 0.163 seconds
[2025-05-09T16:06:17.791+0000] {processor.py:161} INFO - Started process (PID=791) to work on /home/airflow/.local/lib/python3.10/site-packages/airflow/example_dags/example_time_delta_sensor_async.py
[2025-05-09T16:06:17.793+0000] {processor.py:830} INFO - Processing file /home/airflow/.local/lib/python3.10/site-packages/airflow/example_dags/example_time_delta_sensor_async.py for tasks to queue
[2025-05-09T16:06:17.796+0000] {logging_mixin.py:188} INFO - [2025-05-09T16:06:17.795+0000] {dagbag.py:545} INFO - Filling up the DagBag from /home/airflow/.local/lib/python3.10/site-packages/airflow/example_dags/example_time_delta_sensor_async.py
[2025-05-09T16:06:17.801+0000] {processor.py:840} INFO - DAG(s) 'example_time_delta_sensor_async' retrieved from /home/airflow/.local/lib/python3.10/site-packages/airflow/example_dags/example_time_delta_sensor_async.py
[2025-05-09T16:06:17.823+0000] {logging_mixin.py:188} INFO - [2025-05-09T16:06:17.823+0000] {dag.py:3096} INFO - Sync 1 DAGs
[2025-05-09T16:06:17.836+0000] {logging_mixin.py:188} INFO - [2025-05-09T16:06:17.836+0000] {dag.py:3954} INFO - Setting next_dagrun for example_time_delta_sensor_async to None, run_after=None
[2025-05-09T16:06:17.867+0000] {processor.py:183} INFO - Processing /home/airflow/.local/lib/python3.10/site-packages/airflow/example_dags/example_time_delta_sensor_async.py took 0.081 seconds
[2025-05-09T16:06:48.362+0000] {processor.py:161} INFO - Started process (PID=1055) to work on /home/airflow/.local/lib/python3.10/site-packages/airflow/example_dags/example_time_delta_sensor_async.py
[2025-05-09T16:06:48.363+0000] {processor.py:830} INFO - Processing file /home/airflow/.local/lib/python3.10/site-packages/airflow/example_dags/example_time_delta_sensor_async.py for tasks to queue
[2025-05-09T16:06:48.366+0000] {logging_mixin.py:188} INFO - [2025-05-09T16:06:48.365+0000] {dagbag.py:545} INFO - Filling up the DagBag from /home/airflow/.local/lib/python3.10/site-packages/airflow/example_dags/example_time_delta_sensor_async.py
[2025-05-09T16:06:48.372+0000] {processor.py:840} INFO - DAG(s) 'example_time_delta_sensor_async' retrieved from /home/airflow/.local/lib/python3.10/site-packages/airflow/example_dags/example_time_delta_sensor_async.py
[2025-05-09T16:06:48.398+0000] {logging_mixin.py:188} INFO - [2025-05-09T16:06:48.397+0000] {dag.py:3096} INFO - Sync 1 DAGs
[2025-05-09T16:06:48.412+0000] {logging_mixin.py:188} INFO - [2025-05-09T16:06:48.411+0000] {dag.py:3954} INFO - Setting next_dagrun for example_time_delta_sensor_async to None, run_after=None
[2025-05-09T16:06:48.435+0000] {processor.py:183} INFO - Processing /home/airflow/.local/lib/python3.10/site-packages/airflow/example_dags/example_time_delta_sensor_async.py took 0.079 seconds
[2025-05-09T16:07:19.724+0000] {processor.py:161} INFO - Started process (PID=1351) to work on /home/airflow/.local/lib/python3.10/site-packages/airflow/example_dags/example_time_delta_sensor_async.py
[2025-05-09T16:07:19.727+0000] {processor.py:830} INFO - Processing file /home/airflow/.local/lib/python3.10/site-packages/airflow/example_dags/example_time_delta_sensor_async.py for tasks to queue
[2025-05-09T16:07:19.730+0000] {logging_mixin.py:188} INFO - [2025-05-09T16:07:19.730+0000] {dagbag.py:545} INFO - Filling up the DagBag from /home/airflow/.local/lib/python3.10/site-packages/airflow/example_dags/example_time_delta_sensor_async.py
[2025-05-09T16:07:19.736+0000] {processor.py:840} INFO - DAG(s) 'example_time_delta_sensor_async' retrieved from /home/airflow/.local/lib/python3.10/site-packages/airflow/example_dags/example_time_delta_sensor_async.py
[2025-05-09T16:07:19.773+0000] {logging_mixin.py:188} INFO - [2025-05-09T16:07:19.772+0000] {dag.py:3096} INFO - Sync 1 DAGs
[2025-05-09T16:07:19.793+0000] {logging_mixin.py:188} INFO - [2025-05-09T16:07:19.792+0000] {dag.py:3954} INFO - Setting next_dagrun for example_time_delta_sensor_async to None, run_after=None
[2025-05-09T16:07:19.825+0000] {processor.py:183} INFO - Processing /home/airflow/.local/lib/python3.10/site-packages/airflow/example_dags/example_time_delta_sensor_async.py took 0.115 seconds
[2025-05-09T16:07:50.370+0000] {processor.py:161} INFO - Started process (PID=1613) to work on /home/airflow/.local/lib/python3.10/site-packages/airflow/example_dags/example_time_delta_sensor_async.py
[2025-05-09T16:07:50.371+0000] {processor.py:830} INFO - Processing file /home/airflow/.local/lib/python3.10/site-packages/airflow/example_dags/example_time_delta_sensor_async.py for tasks to queue
[2025-05-09T16:07:50.374+0000] {logging_mixin.py:188} INFO - [2025-05-09T16:07:50.373+0000] {dagbag.py:545} INFO - Filling up the DagBag from /home/airflow/.local/lib/python3.10/site-packages/airflow/example_dags/example_time_delta_sensor_async.py
[2025-05-09T16:07:50.379+0000] {processor.py:840} INFO - DAG(s) 'example_time_delta_sensor_async' retrieved from /home/airflow/.local/lib/python3.10/site-packages/airflow/example_dags/example_time_delta_sensor_async.py
[2025-05-09T16:07:50.400+0000] {logging_mixin.py:188} INFO - [2025-05-09T16:07:50.400+0000] {dag.py:3096} INFO - Sync 1 DAGs
[2025-05-09T16:07:50.411+0000] {logging_mixin.py:188} INFO - [2025-05-09T16:07:50.411+0000] {dag.py:3954} INFO - Setting next_dagrun for example_time_delta_sensor_async to None, run_after=None
[2025-05-09T16:07:50.435+0000] {processor.py:183} INFO - Processing /home/airflow/.local/lib/python3.10/site-packages/airflow/example_dags/example_time_delta_sensor_async.py took 0.070 seconds
[2025-05-09T16:08:21.520+0000] {processor.py:161} INFO - Started process (PID=1881) to work on /home/airflow/.local/lib/python3.10/site-packages/airflow/example_dags/example_time_delta_sensor_async.py
[2025-05-09T16:08:21.521+0000] {processor.py:830} INFO - Processing file /home/airflow/.local/lib/python3.10/site-packages/airflow/example_dags/example_time_delta_sensor_async.py for tasks to queue
[2025-05-09T16:08:21.524+0000] {logging_mixin.py:188} INFO - [2025-05-09T16:08:21.523+0000] {dagbag.py:545} INFO - Filling up the DagBag from /home/airflow/.local/lib/python3.10/site-packages/airflow/example_dags/example_time_delta_sensor_async.py
[2025-05-09T16:08:21.530+0000] {processor.py:840} INFO - DAG(s) 'example_time_delta_sensor_async' retrieved from /home/airflow/.local/lib/python3.10/site-packages/airflow/example_dags/example_time_delta_sensor_async.py
[2025-05-09T16:08:21.562+0000] {logging_mixin.py:188} INFO - [2025-05-09T16:08:21.561+0000] {dag.py:3096} INFO - Sync 1 DAGs
[2025-05-09T16:08:21.576+0000] {logging_mixin.py:188} INFO - [2025-05-09T16:08:21.576+0000] {dag.py:3954} INFO - Setting next_dagrun for example_time_delta_sensor_async to None, run_after=None
[2025-05-09T16:08:21.597+0000] {processor.py:183} INFO - Processing /home/airflow/.local/lib/python3.10/site-packages/airflow/example_dags/example_time_delta_sensor_async.py took 0.085 seconds
[2025-05-09T16:08:52.145+0000] {processor.py:161} INFO - Started process (PID=2169) to work on /home/airflow/.local/lib/python3.10/site-packages/airflow/example_dags/example_time_delta_sensor_async.py
[2025-05-09T16:08:52.147+0000] {processor.py:830} INFO - Processing file /home/airflow/.local/lib/python3.10/site-packages/airflow/example_dags/example_time_delta_sensor_async.py for tasks to queue
[2025-05-09T16:08:52.149+0000] {logging_mixin.py:188} INFO - [2025-05-09T16:08:52.149+0000] {dagbag.py:545} INFO - Filling up the DagBag from /home/airflow/.local/lib/python3.10/site-packages/airflow/example_dags/example_time_delta_sensor_async.py
[2025-05-09T16:08:52.154+0000] {processor.py:840} INFO - DAG(s) 'example_time_delta_sensor_async' retrieved from /home/airflow/.local/lib/python3.10/site-packages/airflow/example_dags/example_time_delta_sensor_async.py
[2025-05-09T16:08:52.179+0000] {logging_mixin.py:188} INFO - [2025-05-09T16:08:52.179+0000] {dag.py:3096} INFO - Sync 1 DAGs
[2025-05-09T16:08:52.191+0000] {logging_mixin.py:188} INFO - [2025-05-09T16:08:52.190+0000] {dag.py:3954} INFO - Setting next_dagrun for example_time_delta_sensor_async to None, run_after=None
[2025-05-09T16:08:52.213+0000] {processor.py:183} INFO - Processing /home/airflow/.local/lib/python3.10/site-packages/airflow/example_dags/example_time_delta_sensor_async.py took 0.074 seconds
[2025-05-09T16:09:22.627+0000] {processor.py:161} INFO - Started process (PID=2441) to work on /home/airflow/.local/lib/python3.10/site-packages/airflow/example_dags/example_time_delta_sensor_async.py
[2025-05-09T16:09:22.628+0000] {processor.py:830} INFO - Processing file /home/airflow/.local/lib/python3.10/site-packages/airflow/example_dags/example_time_delta_sensor_async.py for tasks to queue
[2025-05-09T16:09:22.631+0000] {logging_mixin.py:188} INFO - [2025-05-09T16:09:22.630+0000] {dagbag.py:545} INFO - Filling up the DagBag from /home/airflow/.local/lib/python3.10/site-packages/airflow/example_dags/example_time_delta_sensor_async.py
[2025-05-09T16:09:22.637+0000] {processor.py:840} INFO - DAG(s) 'example_time_delta_sensor_async' retrieved from /home/airflow/.local/lib/python3.10/site-packages/airflow/example_dags/example_time_delta_sensor_async.py
[2025-05-09T16:09:22.660+0000] {logging_mixin.py:188} INFO - [2025-05-09T16:09:22.659+0000] {dag.py:3096} INFO - Sync 1 DAGs
[2025-05-09T16:09:22.676+0000] {logging_mixin.py:188} INFO - [2025-05-09T16:09:22.676+0000] {dag.py:3954} INFO - Setting next_dagrun for example_time_delta_sensor_async to None, run_after=None
[2025-05-09T16:09:22.705+0000] {processor.py:183} INFO - Processing /home/airflow/.local/lib/python3.10/site-packages/airflow/example_dags/example_time_delta_sensor_async.py took 0.086 seconds
[2025-05-09T16:09:53.399+0000] {processor.py:161} INFO - Started process (PID=2703) to work on /home/airflow/.local/lib/python3.10/site-packages/airflow/example_dags/example_time_delta_sensor_async.py
[2025-05-09T16:09:53.400+0000] {processor.py:830} INFO - Processing file /home/airflow/.local/lib/python3.10/site-packages/airflow/example_dags/example_time_delta_sensor_async.py for tasks to queue
[2025-05-09T16:09:53.404+0000] {logging_mixin.py:188} INFO - [2025-05-09T16:09:53.403+0000] {dagbag.py:545} INFO - Filling up the DagBag from /home/airflow/.local/lib/python3.10/site-packages/airflow/example_dags/example_time_delta_sensor_async.py
[2025-05-09T16:09:53.410+0000] {processor.py:840} INFO - DAG(s) 'example_time_delta_sensor_async' retrieved from /home/airflow/.local/lib/python3.10/site-packages/airflow/example_dags/example_time_delta_sensor_async.py
[2025-05-09T16:09:53.440+0000] {logging_mixin.py:188} INFO - [2025-05-09T16:09:53.440+0000] {dag.py:3096} INFO - Sync 1 DAGs
[2025-05-09T16:09:53.458+0000] {logging_mixin.py:188} INFO - [2025-05-09T16:09:53.458+0000] {dag.py:3954} INFO - Setting next_dagrun for example_time_delta_sensor_async to None, run_after=None
[2025-05-09T16:09:53.485+0000] {processor.py:183} INFO - Processing /home/airflow/.local/lib/python3.10/site-packages/airflow/example_dags/example_time_delta_sensor_async.py took 0.093 seconds
[2025-05-09T16:10:23.972+0000] {processor.py:161} INFO - Started process (PID=2971) to work on /home/airflow/.local/lib/python3.10/site-packages/airflow/example_dags/example_time_delta_sensor_async.py
[2025-05-09T16:10:23.973+0000] {processor.py:830} INFO - Processing file /home/airflow/.local/lib/python3.10/site-packages/airflow/example_dags/example_time_delta_sensor_async.py for tasks to queue
[2025-05-09T16:10:23.976+0000] {logging_mixin.py:188} INFO - [2025-05-09T16:10:23.976+0000] {dagbag.py:545} INFO - Filling up the DagBag from /home/airflow/.local/lib/python3.10/site-packages/airflow/example_dags/example_time_delta_sensor_async.py
[2025-05-09T16:10:23.982+0000] {processor.py:840} INFO - DAG(s) 'example_time_delta_sensor_async' retrieved from /home/airflow/.local/lib/python3.10/site-packages/airflow/example_dags/example_time_delta_sensor_async.py
[2025-05-09T16:10:24.006+0000] {logging_mixin.py:188} INFO - [2025-05-09T16:10:24.005+0000] {dag.py:3096} INFO - Sync 1 DAGs
[2025-05-09T16:10:24.019+0000] {logging_mixin.py:188} INFO - [2025-05-09T16:10:24.019+0000] {dag.py:3954} INFO - Setting next_dagrun for example_time_delta_sensor_async to None, run_after=None
[2025-05-09T16:10:24.040+0000] {processor.py:183} INFO - Processing /home/airflow/.local/lib/python3.10/site-packages/airflow/example_dags/example_time_delta_sensor_async.py took 0.075 seconds
[2025-05-09T16:10:54.295+0000] {processor.py:161} INFO - Started process (PID=3239) to work on /home/airflow/.local/lib/python3.10/site-packages/airflow/example_dags/example_time_delta_sensor_async.py
[2025-05-09T16:10:54.297+0000] {processor.py:830} INFO - Processing file /home/airflow/.local/lib/python3.10/site-packages/airflow/example_dags/example_time_delta_sensor_async.py for tasks to queue
[2025-05-09T16:10:54.302+0000] {logging_mixin.py:188} INFO - [2025-05-09T16:10:54.301+0000] {dagbag.py:545} INFO - Filling up the DagBag from /home/airflow/.local/lib/python3.10/site-packages/airflow/example_dags/example_time_delta_sensor_async.py
[2025-05-09T16:10:54.310+0000] {processor.py:840} INFO - DAG(s) 'example_time_delta_sensor_async' retrieved from /home/airflow/.local/lib/python3.10/site-packages/airflow/example_dags/example_time_delta_sensor_async.py
[2025-05-09T16:10:54.346+0000] {logging_mixin.py:188} INFO - [2025-05-09T16:10:54.345+0000] {dag.py:3096} INFO - Sync 1 DAGs
[2025-05-09T16:10:54.372+0000] {logging_mixin.py:188} INFO - [2025-05-09T16:10:54.372+0000] {dag.py:3954} INFO - Setting next_dagrun for example_time_delta_sensor_async to None, run_after=None
[2025-05-09T16:10:54.416+0000] {processor.py:183} INFO - Processing /home/airflow/.local/lib/python3.10/site-packages/airflow/example_dags/example_time_delta_sensor_async.py took 0.130 seconds
[2025-05-09T16:11:25.044+0000] {processor.py:161} INFO - Started process (PID=3513) to work on /home/airflow/.local/lib/python3.10/site-packages/airflow/example_dags/example_time_delta_sensor_async.py
[2025-05-09T16:11:25.046+0000] {processor.py:830} INFO - Processing file /home/airflow/.local/lib/python3.10/site-packages/airflow/example_dags/example_time_delta_sensor_async.py for tasks to queue
[2025-05-09T16:11:25.048+0000] {logging_mixin.py:188} INFO - [2025-05-09T16:11:25.048+0000] {dagbag.py:545} INFO - Filling up the DagBag from /home/airflow/.local/lib/python3.10/site-packages/airflow/example_dags/example_time_delta_sensor_async.py
[2025-05-09T16:11:25.054+0000] {processor.py:840} INFO - DAG(s) 'example_time_delta_sensor_async' retrieved from /home/airflow/.local/lib/python3.10/site-packages/airflow/example_dags/example_time_delta_sensor_async.py
[2025-05-09T16:11:25.077+0000] {logging_mixin.py:188} INFO - [2025-05-09T16:11:25.077+0000] {dag.py:3096} INFO - Sync 1 DAGs
[2025-05-09T16:11:25.091+0000] {logging_mixin.py:188} INFO - [2025-05-09T16:11:25.090+0000] {dag.py:3954} INFO - Setting next_dagrun for example_time_delta_sensor_async to None, run_after=None
[2025-05-09T16:11:25.115+0000] {processor.py:183} INFO - Processing /home/airflow/.local/lib/python3.10/site-packages/airflow/example_dags/example_time_delta_sensor_async.py took 0.077 seconds
[2025-05-09T16:11:55.683+0000] {processor.py:161} INFO - Started process (PID=3781) to work on /home/airflow/.local/lib/python3.10/site-packages/airflow/example_dags/example_time_delta_sensor_async.py
[2025-05-09T16:11:55.685+0000] {processor.py:830} INFO - Processing file /home/airflow/.local/lib/python3.10/site-packages/airflow/example_dags/example_time_delta_sensor_async.py for tasks to queue
[2025-05-09T16:11:55.688+0000] {logging_mixin.py:188} INFO - [2025-05-09T16:11:55.688+0000] {dagbag.py:545} INFO - Filling up the DagBag from /home/airflow/.local/lib/python3.10/site-packages/airflow/example_dags/example_time_delta_sensor_async.py
[2025-05-09T16:11:55.693+0000] {processor.py:840} INFO - DAG(s) 'example_time_delta_sensor_async' retrieved from /home/airflow/.local/lib/python3.10/site-packages/airflow/example_dags/example_time_delta_sensor_async.py
[2025-05-09T16:11:55.721+0000] {logging_mixin.py:188} INFO - [2025-05-09T16:11:55.721+0000] {dag.py:3096} INFO - Sync 1 DAGs
[2025-05-09T16:11:55.737+0000] {logging_mixin.py:188} INFO - [2025-05-09T16:11:55.737+0000] {dag.py:3954} INFO - Setting next_dagrun for example_time_delta_sensor_async to None, run_after=None
[2025-05-09T16:11:55.774+0000] {processor.py:183} INFO - Processing /home/airflow/.local/lib/python3.10/site-packages/airflow/example_dags/example_time_delta_sensor_async.py took 0.098 seconds
[2025-05-09T16:12:26.458+0000] {processor.py:161} INFO - Started process (PID=4058) to work on /home/airflow/.local/lib/python3.10/site-packages/airflow/example_dags/example_time_delta_sensor_async.py
[2025-05-09T16:12:26.461+0000] {processor.py:830} INFO - Processing file /home/airflow/.local/lib/python3.10/site-packages/airflow/example_dags/example_time_delta_sensor_async.py for tasks to queue
[2025-05-09T16:12:26.464+0000] {logging_mixin.py:188} INFO - [2025-05-09T16:12:26.463+0000] {dagbag.py:545} INFO - Filling up the DagBag from /home/airflow/.local/lib/python3.10/site-packages/airflow/example_dags/example_time_delta_sensor_async.py
[2025-05-09T16:12:26.470+0000] {processor.py:840} INFO - DAG(s) 'example_time_delta_sensor_async' retrieved from /home/airflow/.local/lib/python3.10/site-packages/airflow/example_dags/example_time_delta_sensor_async.py
[2025-05-09T16:12:26.497+0000] {logging_mixin.py:188} INFO - [2025-05-09T16:12:26.497+0000] {dag.py:3096} INFO - Sync 1 DAGs
[2025-05-09T16:12:26.514+0000] {logging_mixin.py:188} INFO - [2025-05-09T16:12:26.514+0000] {dag.py:3954} INFO - Setting next_dagrun for example_time_delta_sensor_async to None, run_after=None
[2025-05-09T16:12:26.542+0000] {processor.py:183} INFO - Processing /home/airflow/.local/lib/python3.10/site-packages/airflow/example_dags/example_time_delta_sensor_async.py took 0.096 seconds
[2025-05-09T16:12:57.201+0000] {processor.py:161} INFO - Started process (PID=4320) to work on /home/airflow/.local/lib/python3.10/site-packages/airflow/example_dags/example_time_delta_sensor_async.py
[2025-05-09T16:12:57.203+0000] {processor.py:830} INFO - Processing file /home/airflow/.local/lib/python3.10/site-packages/airflow/example_dags/example_time_delta_sensor_async.py for tasks to queue
[2025-05-09T16:12:57.206+0000] {logging_mixin.py:188} INFO - [2025-05-09T16:12:57.206+0000] {dagbag.py:545} INFO - Filling up the DagBag from /home/airflow/.local/lib/python3.10/site-packages/airflow/example_dags/example_time_delta_sensor_async.py
[2025-05-09T16:12:57.213+0000] {processor.py:840} INFO - DAG(s) 'example_time_delta_sensor_async' retrieved from /home/airflow/.local/lib/python3.10/site-packages/airflow/example_dags/example_time_delta_sensor_async.py
[2025-05-09T16:12:57.237+0000] {logging_mixin.py:188} INFO - [2025-05-09T16:12:57.237+0000] {dag.py:3096} INFO - Sync 1 DAGs
[2025-05-09T16:12:57.253+0000] {logging_mixin.py:188} INFO - [2025-05-09T16:12:57.253+0000] {dag.py:3954} INFO - Setting next_dagrun for example_time_delta_sensor_async to None, run_after=None
[2025-05-09T16:12:57.274+0000] {processor.py:183} INFO - Processing /home/airflow/.local/lib/python3.10/site-packages/airflow/example_dags/example_time_delta_sensor_async.py took 0.085 seconds
[2025-05-09T16:13:27.545+0000] {processor.py:161} INFO - Started process (PID=4591) to work on /home/airflow/.local/lib/python3.10/site-packages/airflow/example_dags/example_time_delta_sensor_async.py
[2025-05-09T16:13:27.547+0000] {processor.py:830} INFO - Processing file /home/airflow/.local/lib/python3.10/site-packages/airflow/example_dags/example_time_delta_sensor_async.py for tasks to queue
[2025-05-09T16:13:27.550+0000] {logging_mixin.py:188} INFO - [2025-05-09T16:13:27.549+0000] {dagbag.py:545} INFO - Filling up the DagBag from /home/airflow/.local/lib/python3.10/site-packages/airflow/example_dags/example_time_delta_sensor_async.py
[2025-05-09T16:13:27.557+0000] {processor.py:840} INFO - DAG(s) 'example_time_delta_sensor_async' retrieved from /home/airflow/.local/lib/python3.10/site-packages/airflow/example_dags/example_time_delta_sensor_async.py
[2025-05-09T16:13:27.583+0000] {logging_mixin.py:188} INFO - [2025-05-09T16:13:27.583+0000] {dag.py:3096} INFO - Sync 1 DAGs
[2025-05-09T16:13:27.599+0000] {logging_mixin.py:188} INFO - [2025-05-09T16:13:27.599+0000] {dag.py:3954} INFO - Setting next_dagrun for example_time_delta_sensor_async to None, run_after=None
[2025-05-09T16:13:27.630+0000] {processor.py:183} INFO - Processing /home/airflow/.local/lib/python3.10/site-packages/airflow/example_dags/example_time_delta_sensor_async.py took 0.091 seconds
[2025-05-09T16:13:58.014+0000] {processor.py:161} INFO - Started process (PID=4853) to work on /home/airflow/.local/lib/python3.10/site-packages/airflow/example_dags/example_time_delta_sensor_async.py
[2025-05-09T16:13:58.015+0000] {processor.py:830} INFO - Processing file /home/airflow/.local/lib/python3.10/site-packages/airflow/example_dags/example_time_delta_sensor_async.py for tasks to queue
[2025-05-09T16:13:58.018+0000] {logging_mixin.py:188} INFO - [2025-05-09T16:13:58.017+0000] {dagbag.py:545} INFO - Filling up the DagBag from /home/airflow/.local/lib/python3.10/site-packages/airflow/example_dags/example_time_delta_sensor_async.py
[2025-05-09T16:13:58.023+0000] {processor.py:840} INFO - DAG(s) 'example_time_delta_sensor_async' retrieved from /home/airflow/.local/lib/python3.10/site-packages/airflow/example_dags/example_time_delta_sensor_async.py
[2025-05-09T16:13:58.043+0000] {logging_mixin.py:188} INFO - [2025-05-09T16:13:58.043+0000] {dag.py:3096} INFO - Sync 1 DAGs
[2025-05-09T16:13:58.055+0000] {logging_mixin.py:188} INFO - [2025-05-09T16:13:58.055+0000] {dag.py:3954} INFO - Setting next_dagrun for example_time_delta_sensor_async to None, run_after=None
[2025-05-09T16:13:58.075+0000] {processor.py:183} INFO - Processing /home/airflow/.local/lib/python3.10/site-packages/airflow/example_dags/example_time_delta_sensor_async.py took 0.067 seconds
[2025-05-09T16:14:28.323+0000] {processor.py:161} INFO - Started process (PID=5142) to work on /home/airflow/.local/lib/python3.10/site-packages/airflow/example_dags/example_time_delta_sensor_async.py
[2025-05-09T16:14:28.325+0000] {processor.py:830} INFO - Processing file /home/airflow/.local/lib/python3.10/site-packages/airflow/example_dags/example_time_delta_sensor_async.py for tasks to queue
[2025-05-09T16:14:28.328+0000] {logging_mixin.py:188} INFO - [2025-05-09T16:14:28.327+0000] {dagbag.py:545} INFO - Filling up the DagBag from /home/airflow/.local/lib/python3.10/site-packages/airflow/example_dags/example_time_delta_sensor_async.py
[2025-05-09T16:14:28.338+0000] {processor.py:840} INFO - DAG(s) 'example_time_delta_sensor_async' retrieved from /home/airflow/.local/lib/python3.10/site-packages/airflow/example_dags/example_time_delta_sensor_async.py
[2025-05-09T16:14:28.369+0000] {logging_mixin.py:188} INFO - [2025-05-09T16:14:28.368+0000] {dag.py:3096} INFO - Sync 1 DAGs
[2025-05-09T16:14:28.384+0000] {logging_mixin.py:188} INFO - [2025-05-09T16:14:28.384+0000] {dag.py:3954} INFO - Setting next_dagrun for example_time_delta_sensor_async to None, run_after=None
[2025-05-09T16:14:28.406+0000] {processor.py:183} INFO - Processing /home/airflow/.local/lib/python3.10/site-packages/airflow/example_dags/example_time_delta_sensor_async.py took 0.090 seconds
[2025-05-09T16:14:58.566+0000] {processor.py:161} INFO - Started process (PID=5410) to work on /home/airflow/.local/lib/python3.10/site-packages/airflow/example_dags/example_time_delta_sensor_async.py
[2025-05-09T16:14:58.568+0000] {processor.py:830} INFO - Processing file /home/airflow/.local/lib/python3.10/site-packages/airflow/example_dags/example_time_delta_sensor_async.py for tasks to queue
[2025-05-09T16:14:58.572+0000] {logging_mixin.py:188} INFO - [2025-05-09T16:14:58.571+0000] {dagbag.py:545} INFO - Filling up the DagBag from /home/airflow/.local/lib/python3.10/site-packages/airflow/example_dags/example_time_delta_sensor_async.py
[2025-05-09T16:14:58.577+0000] {processor.py:840} INFO - DAG(s) 'example_time_delta_sensor_async' retrieved from /home/airflow/.local/lib/python3.10/site-packages/airflow/example_dags/example_time_delta_sensor_async.py
[2025-05-09T16:14:58.603+0000] {logging_mixin.py:188} INFO - [2025-05-09T16:14:58.603+0000] {dag.py:3096} INFO - Sync 1 DAGs
[2025-05-09T16:14:58.619+0000] {logging_mixin.py:188} INFO - [2025-05-09T16:14:58.619+0000] {dag.py:3954} INFO - Setting next_dagrun for example_time_delta_sensor_async to None, run_after=None
[2025-05-09T16:14:58.646+0000] {processor.py:183} INFO - Processing /home/airflow/.local/lib/python3.10/site-packages/airflow/example_dags/example_time_delta_sensor_async.py took 0.086 seconds
[2025-05-09T16:15:29.450+0000] {processor.py:161} INFO - Started process (PID=5681) to work on /home/airflow/.local/lib/python3.10/site-packages/airflow/example_dags/example_time_delta_sensor_async.py
[2025-05-09T16:15:29.452+0000] {processor.py:830} INFO - Processing file /home/airflow/.local/lib/python3.10/site-packages/airflow/example_dags/example_time_delta_sensor_async.py for tasks to queue
[2025-05-09T16:15:29.455+0000] {logging_mixin.py:188} INFO - [2025-05-09T16:15:29.454+0000] {dagbag.py:545} INFO - Filling up the DagBag from /home/airflow/.local/lib/python3.10/site-packages/airflow/example_dags/example_time_delta_sensor_async.py
[2025-05-09T16:15:29.460+0000] {processor.py:840} INFO - DAG(s) 'example_time_delta_sensor_async' retrieved from /home/airflow/.local/lib/python3.10/site-packages/airflow/example_dags/example_time_delta_sensor_async.py
[2025-05-09T16:15:29.486+0000] {logging_mixin.py:188} INFO - [2025-05-09T16:15:29.486+0000] {dag.py:3096} INFO - Sync 1 DAGs
[2025-05-09T16:15:29.505+0000] {logging_mixin.py:188} INFO - [2025-05-09T16:15:29.505+0000] {dag.py:3954} INFO - Setting next_dagrun for example_time_delta_sensor_async to None, run_after=None
[2025-05-09T16:15:29.535+0000] {processor.py:183} INFO - Processing /home/airflow/.local/lib/python3.10/site-packages/airflow/example_dags/example_time_delta_sensor_async.py took 0.091 seconds
[2025-05-09T16:16:00.368+0000] {processor.py:161} INFO - Started process (PID=5963) to work on /home/airflow/.local/lib/python3.10/site-packages/airflow/example_dags/example_time_delta_sensor_async.py
[2025-05-09T16:16:00.370+0000] {processor.py:830} INFO - Processing file /home/airflow/.local/lib/python3.10/site-packages/airflow/example_dags/example_time_delta_sensor_async.py for tasks to queue
[2025-05-09T16:16:00.372+0000] {logging_mixin.py:188} INFO - [2025-05-09T16:16:00.372+0000] {dagbag.py:545} INFO - Filling up the DagBag from /home/airflow/.local/lib/python3.10/site-packages/airflow/example_dags/example_time_delta_sensor_async.py
[2025-05-09T16:16:00.378+0000] {processor.py:840} INFO - DAG(s) 'example_time_delta_sensor_async' retrieved from /home/airflow/.local/lib/python3.10/site-packages/airflow/example_dags/example_time_delta_sensor_async.py
[2025-05-09T16:16:00.411+0000] {logging_mixin.py:188} INFO - [2025-05-09T16:16:00.410+0000] {dag.py:3096} INFO - Sync 1 DAGs
[2025-05-09T16:16:00.430+0000] {logging_mixin.py:188} INFO - [2025-05-09T16:16:00.429+0000] {dag.py:3954} INFO - Setting next_dagrun for example_time_delta_sensor_async to None, run_after=None
[2025-05-09T16:16:00.463+0000] {processor.py:183} INFO - Processing /home/airflow/.local/lib/python3.10/site-packages/airflow/example_dags/example_time_delta_sensor_async.py took 0.104 seconds
[2025-05-09T16:16:31.007+0000] {processor.py:161} INFO - Started process (PID=6313) to work on /home/airflow/.local/lib/python3.10/site-packages/airflow/example_dags/example_time_delta_sensor_async.py
[2025-05-09T16:16:31.009+0000] {processor.py:830} INFO - Processing file /home/airflow/.local/lib/python3.10/site-packages/airflow/example_dags/example_time_delta_sensor_async.py for tasks to queue
[2025-05-09T16:16:31.011+0000] {logging_mixin.py:188} INFO - [2025-05-09T16:16:31.011+0000] {dagbag.py:545} INFO - Filling up the DagBag from /home/airflow/.local/lib/python3.10/site-packages/airflow/example_dags/example_time_delta_sensor_async.py
[2025-05-09T16:16:31.017+0000] {processor.py:840} INFO - DAG(s) 'example_time_delta_sensor_async' retrieved from /home/airflow/.local/lib/python3.10/site-packages/airflow/example_dags/example_time_delta_sensor_async.py
[2025-05-09T16:16:31.047+0000] {logging_mixin.py:188} INFO - [2025-05-09T16:16:31.046+0000] {dag.py:3096} INFO - Sync 1 DAGs
[2025-05-09T16:16:31.062+0000] {logging_mixin.py:188} INFO - [2025-05-09T16:16:31.062+0000] {dag.py:3954} INFO - Setting next_dagrun for example_time_delta_sensor_async to None, run_after=None
[2025-05-09T16:16:31.103+0000] {processor.py:183} INFO - Processing /home/airflow/.local/lib/python3.10/site-packages/airflow/example_dags/example_time_delta_sensor_async.py took 0.105 seconds
[2025-05-09T16:17:01.963+0000] {processor.py:161} INFO - Started process (PID=6601) to work on /home/airflow/.local/lib/python3.10/site-packages/airflow/example_dags/example_time_delta_sensor_async.py
[2025-05-09T16:17:01.965+0000] {processor.py:830} INFO - Processing file /home/airflow/.local/lib/python3.10/site-packages/airflow/example_dags/example_time_delta_sensor_async.py for tasks to queue
[2025-05-09T16:17:01.970+0000] {logging_mixin.py:188} INFO - [2025-05-09T16:17:01.970+0000] {dagbag.py:545} INFO - Filling up the DagBag from /home/airflow/.local/lib/python3.10/site-packages/airflow/example_dags/example_time_delta_sensor_async.py
[2025-05-09T16:17:01.978+0000] {processor.py:840} INFO - DAG(s) 'example_time_delta_sensor_async' retrieved from /home/airflow/.local/lib/python3.10/site-packages/airflow/example_dags/example_time_delta_sensor_async.py
[2025-05-09T16:17:02.015+0000] {logging_mixin.py:188} INFO - [2025-05-09T16:17:02.014+0000] {dag.py:3096} INFO - Sync 1 DAGs
[2025-05-09T16:17:02.034+0000] {logging_mixin.py:188} INFO - [2025-05-09T16:17:02.034+0000] {dag.py:3954} INFO - Setting next_dagrun for example_time_delta_sensor_async to None, run_after=None
[2025-05-09T16:17:02.065+0000] {processor.py:183} INFO - Processing /home/airflow/.local/lib/python3.10/site-packages/airflow/example_dags/example_time_delta_sensor_async.py took 0.113 seconds
[2025-05-09T16:17:32.343+0000] {processor.py:161} INFO - Started process (PID=6915) to work on /home/airflow/.local/lib/python3.10/site-packages/airflow/example_dags/example_time_delta_sensor_async.py
[2025-05-09T16:17:32.344+0000] {processor.py:830} INFO - Processing file /home/airflow/.local/lib/python3.10/site-packages/airflow/example_dags/example_time_delta_sensor_async.py for tasks to queue
[2025-05-09T16:17:32.346+0000] {logging_mixin.py:188} INFO - [2025-05-09T16:17:32.346+0000] {dagbag.py:545} INFO - Filling up the DagBag from /home/airflow/.local/lib/python3.10/site-packages/airflow/example_dags/example_time_delta_sensor_async.py
[2025-05-09T16:17:32.353+0000] {processor.py:840} INFO - DAG(s) 'example_time_delta_sensor_async' retrieved from /home/airflow/.local/lib/python3.10/site-packages/airflow/example_dags/example_time_delta_sensor_async.py
[2025-05-09T16:17:32.377+0000] {logging_mixin.py:188} INFO - [2025-05-09T16:17:32.377+0000] {dag.py:3096} INFO - Sync 1 DAGs
[2025-05-09T16:17:32.391+0000] {logging_mixin.py:188} INFO - [2025-05-09T16:17:32.391+0000] {dag.py:3954} INFO - Setting next_dagrun for example_time_delta_sensor_async to None, run_after=None
[2025-05-09T16:17:32.417+0000] {processor.py:183} INFO - Processing /home/airflow/.local/lib/python3.10/site-packages/airflow/example_dags/example_time_delta_sensor_async.py took 0.080 seconds
[2025-05-09T16:18:03.246+0000] {processor.py:161} INFO - Started process (PID=7182) to work on /home/airflow/.local/lib/python3.10/site-packages/airflow/example_dags/example_time_delta_sensor_async.py
[2025-05-09T16:18:03.247+0000] {processor.py:830} INFO - Processing file /home/airflow/.local/lib/python3.10/site-packages/airflow/example_dags/example_time_delta_sensor_async.py for tasks to queue
[2025-05-09T16:18:03.250+0000] {logging_mixin.py:188} INFO - [2025-05-09T16:18:03.250+0000] {dagbag.py:545} INFO - Filling up the DagBag from /home/airflow/.local/lib/python3.10/site-packages/airflow/example_dags/example_time_delta_sensor_async.py
[2025-05-09T16:18:03.256+0000] {processor.py:840} INFO - DAG(s) 'example_time_delta_sensor_async' retrieved from /home/airflow/.local/lib/python3.10/site-packages/airflow/example_dags/example_time_delta_sensor_async.py
[2025-05-09T16:18:03.279+0000] {logging_mixin.py:188} INFO - [2025-05-09T16:18:03.279+0000] {dag.py:3096} INFO - Sync 1 DAGs
[2025-05-09T16:18:03.296+0000] {logging_mixin.py:188} INFO - [2025-05-09T16:18:03.296+0000] {dag.py:3954} INFO - Setting next_dagrun for example_time_delta_sensor_async to None, run_after=None
[2025-05-09T16:18:03.322+0000] {processor.py:183} INFO - Processing /home/airflow/.local/lib/python3.10/site-packages/airflow/example_dags/example_time_delta_sensor_async.py took 0.087 seconds
[2025-05-09T16:18:33.475+0000] {processor.py:161} INFO - Started process (PID=7478) to work on /home/airflow/.local/lib/python3.10/site-packages/airflow/example_dags/example_time_delta_sensor_async.py
[2025-05-09T16:18:33.478+0000] {processor.py:830} INFO - Processing file /home/airflow/.local/lib/python3.10/site-packages/airflow/example_dags/example_time_delta_sensor_async.py for tasks to queue
[2025-05-09T16:18:33.483+0000] {logging_mixin.py:188} INFO - [2025-05-09T16:18:33.482+0000] {dagbag.py:545} INFO - Filling up the DagBag from /home/airflow/.local/lib/python3.10/site-packages/airflow/example_dags/example_time_delta_sensor_async.py
[2025-05-09T16:18:33.503+0000] {processor.py:840} INFO - DAG(s) 'example_time_delta_sensor_async' retrieved from /home/airflow/.local/lib/python3.10/site-packages/airflow/example_dags/example_time_delta_sensor_async.py
[2025-05-09T16:18:33.556+0000] {logging_mixin.py:188} INFO - [2025-05-09T16:18:33.555+0000] {dag.py:3096} INFO - Sync 1 DAGs
[2025-05-09T16:18:33.586+0000] {logging_mixin.py:188} INFO - [2025-05-09T16:18:33.586+0000] {dag.py:3954} INFO - Setting next_dagrun for example_time_delta_sensor_async to None, run_after=None
[2025-05-09T16:18:33.623+0000] {processor.py:183} INFO - Processing /home/airflow/.local/lib/python3.10/site-packages/airflow/example_dags/example_time_delta_sensor_async.py took 0.162 seconds
[2025-05-09T16:19:04.293+0000] {processor.py:161} INFO - Started process (PID=7750) to work on /home/airflow/.local/lib/python3.10/site-packages/airflow/example_dags/example_time_delta_sensor_async.py
[2025-05-09T16:19:04.296+0000] {processor.py:830} INFO - Processing file /home/airflow/.local/lib/python3.10/site-packages/airflow/example_dags/example_time_delta_sensor_async.py for tasks to queue
[2025-05-09T16:19:04.300+0000] {logging_mixin.py:188} INFO - [2025-05-09T16:19:04.300+0000] {dagbag.py:545} INFO - Filling up the DagBag from /home/airflow/.local/lib/python3.10/site-packages/airflow/example_dags/example_time_delta_sensor_async.py
[2025-05-09T16:19:04.308+0000] {processor.py:840} INFO - DAG(s) 'example_time_delta_sensor_async' retrieved from /home/airflow/.local/lib/python3.10/site-packages/airflow/example_dags/example_time_delta_sensor_async.py
[2025-05-09T16:19:04.340+0000] {logging_mixin.py:188} INFO - [2025-05-09T16:19:04.340+0000] {dag.py:3096} INFO - Sync 1 DAGs
[2025-05-09T16:19:04.357+0000] {logging_mixin.py:188} INFO - [2025-05-09T16:19:04.356+0000] {dag.py:3954} INFO - Setting next_dagrun for example_time_delta_sensor_async to None, run_after=None
[2025-05-09T16:19:04.391+0000] {processor.py:183} INFO - Processing /home/airflow/.local/lib/python3.10/site-packages/airflow/example_dags/example_time_delta_sensor_async.py took 0.112 seconds
[2025-05-09T16:19:34.910+0000] {processor.py:161} INFO - Started process (PID=8041) to work on /home/airflow/.local/lib/python3.10/site-packages/airflow/example_dags/example_time_delta_sensor_async.py
[2025-05-09T16:19:34.912+0000] {processor.py:830} INFO - Processing file /home/airflow/.local/lib/python3.10/site-packages/airflow/example_dags/example_time_delta_sensor_async.py for tasks to queue
[2025-05-09T16:19:34.915+0000] {logging_mixin.py:188} INFO - [2025-05-09T16:19:34.915+0000] {dagbag.py:545} INFO - Filling up the DagBag from /home/airflow/.local/lib/python3.10/site-packages/airflow/example_dags/example_time_delta_sensor_async.py
[2025-05-09T16:19:34.920+0000] {processor.py:840} INFO - DAG(s) 'example_time_delta_sensor_async' retrieved from /home/airflow/.local/lib/python3.10/site-packages/airflow/example_dags/example_time_delta_sensor_async.py
[2025-05-09T16:19:34.942+0000] {logging_mixin.py:188} INFO - [2025-05-09T16:19:34.942+0000] {dag.py:3096} INFO - Sync 1 DAGs
[2025-05-09T16:19:34.955+0000] {logging_mixin.py:188} INFO - [2025-05-09T16:19:34.955+0000] {dag.py:3954} INFO - Setting next_dagrun for example_time_delta_sensor_async to None, run_after=None
[2025-05-09T16:19:34.979+0000] {processor.py:183} INFO - Processing /home/airflow/.local/lib/python3.10/site-packages/airflow/example_dags/example_time_delta_sensor_async.py took 0.074 seconds
[2025-05-09T16:20:05.564+0000] {processor.py:161} INFO - Started process (PID=8331) to work on /home/airflow/.local/lib/python3.10/site-packages/airflow/example_dags/example_time_delta_sensor_async.py
[2025-05-09T16:20:05.566+0000] {processor.py:830} INFO - Processing file /home/airflow/.local/lib/python3.10/site-packages/airflow/example_dags/example_time_delta_sensor_async.py for tasks to queue
[2025-05-09T16:20:05.570+0000] {logging_mixin.py:188} INFO - [2025-05-09T16:20:05.569+0000] {dagbag.py:545} INFO - Filling up the DagBag from /home/airflow/.local/lib/python3.10/site-packages/airflow/example_dags/example_time_delta_sensor_async.py
[2025-05-09T16:20:05.580+0000] {processor.py:840} INFO - DAG(s) 'example_time_delta_sensor_async' retrieved from /home/airflow/.local/lib/python3.10/site-packages/airflow/example_dags/example_time_delta_sensor_async.py
[2025-05-09T16:20:05.625+0000] {logging_mixin.py:188} INFO - [2025-05-09T16:20:05.625+0000] {dag.py:3096} INFO - Sync 1 DAGs
[2025-05-09T16:20:05.654+0000] {logging_mixin.py:188} INFO - [2025-05-09T16:20:05.654+0000] {dag.py:3954} INFO - Setting next_dagrun for example_time_delta_sensor_async to None, run_after=None
[2025-05-09T16:20:05.695+0000] {processor.py:183} INFO - Processing /home/airflow/.local/lib/python3.10/site-packages/airflow/example_dags/example_time_delta_sensor_async.py took 0.142 seconds
[2025-05-09T16:20:36.418+0000] {processor.py:161} INFO - Started process (PID=8624) to work on /home/airflow/.local/lib/python3.10/site-packages/airflow/example_dags/example_time_delta_sensor_async.py
[2025-05-09T16:20:36.420+0000] {processor.py:830} INFO - Processing file /home/airflow/.local/lib/python3.10/site-packages/airflow/example_dags/example_time_delta_sensor_async.py for tasks to queue
[2025-05-09T16:20:36.422+0000] {logging_mixin.py:188} INFO - [2025-05-09T16:20:36.422+0000] {dagbag.py:545} INFO - Filling up the DagBag from /home/airflow/.local/lib/python3.10/site-packages/airflow/example_dags/example_time_delta_sensor_async.py
[2025-05-09T16:20:36.427+0000] {processor.py:840} INFO - DAG(s) 'example_time_delta_sensor_async' retrieved from /home/airflow/.local/lib/python3.10/site-packages/airflow/example_dags/example_time_delta_sensor_async.py
[2025-05-09T16:20:36.446+0000] {logging_mixin.py:188} INFO - [2025-05-09T16:20:36.446+0000] {dag.py:3096} INFO - Sync 1 DAGs
[2025-05-09T16:20:36.460+0000] {logging_mixin.py:188} INFO - [2025-05-09T16:20:36.460+0000] {dag.py:3954} INFO - Setting next_dagrun for example_time_delta_sensor_async to None, run_after=None
[2025-05-09T16:20:36.481+0000] {processor.py:183} INFO - Processing /home/airflow/.local/lib/python3.10/site-packages/airflow/example_dags/example_time_delta_sensor_async.py took 0.069 seconds
[2025-05-09T16:21:07.188+0000] {processor.py:161} INFO - Started process (PID=8913) to work on /home/airflow/.local/lib/python3.10/site-packages/airflow/example_dags/example_time_delta_sensor_async.py
[2025-05-09T16:21:07.189+0000] {processor.py:830} INFO - Processing file /home/airflow/.local/lib/python3.10/site-packages/airflow/example_dags/example_time_delta_sensor_async.py for tasks to queue
[2025-05-09T16:21:07.192+0000] {logging_mixin.py:188} INFO - [2025-05-09T16:21:07.192+0000] {dagbag.py:545} INFO - Filling up the DagBag from /home/airflow/.local/lib/python3.10/site-packages/airflow/example_dags/example_time_delta_sensor_async.py
[2025-05-09T16:21:07.198+0000] {processor.py:840} INFO - DAG(s) 'example_time_delta_sensor_async' retrieved from /home/airflow/.local/lib/python3.10/site-packages/airflow/example_dags/example_time_delta_sensor_async.py
[2025-05-09T16:21:07.229+0000] {logging_mixin.py:188} INFO - [2025-05-09T16:21:07.229+0000] {dag.py:3096} INFO - Sync 1 DAGs
[2025-05-09T16:21:07.247+0000] {logging_mixin.py:188} INFO - [2025-05-09T16:21:07.246+0000] {dag.py:3954} INFO - Setting next_dagrun for example_time_delta_sensor_async to None, run_after=None
[2025-05-09T16:21:07.281+0000] {processor.py:183} INFO - Processing /home/airflow/.local/lib/python3.10/site-packages/airflow/example_dags/example_time_delta_sensor_async.py took 0.100 seconds
[2025-05-09T16:21:37.439+0000] {processor.py:161} INFO - Started process (PID=9254) to work on /home/airflow/.local/lib/python3.10/site-packages/airflow/example_dags/example_time_delta_sensor_async.py
[2025-05-09T16:21:37.441+0000] {processor.py:830} INFO - Processing file /home/airflow/.local/lib/python3.10/site-packages/airflow/example_dags/example_time_delta_sensor_async.py for tasks to queue
[2025-05-09T16:21:37.447+0000] {logging_mixin.py:188} INFO - [2025-05-09T16:21:37.446+0000] {dagbag.py:545} INFO - Filling up the DagBag from /home/airflow/.local/lib/python3.10/site-packages/airflow/example_dags/example_time_delta_sensor_async.py
[2025-05-09T16:21:37.454+0000] {processor.py:840} INFO - DAG(s) 'example_time_delta_sensor_async' retrieved from /home/airflow/.local/lib/python3.10/site-packages/airflow/example_dags/example_time_delta_sensor_async.py
[2025-05-09T16:21:37.488+0000] {logging_mixin.py:188} INFO - [2025-05-09T16:21:37.488+0000] {dag.py:3096} INFO - Sync 1 DAGs
[2025-05-09T16:21:37.504+0000] {logging_mixin.py:188} INFO - [2025-05-09T16:21:37.504+0000] {dag.py:3954} INFO - Setting next_dagrun for example_time_delta_sensor_async to None, run_after=None
[2025-05-09T16:21:37.533+0000] {processor.py:183} INFO - Processing /home/airflow/.local/lib/python3.10/site-packages/airflow/example_dags/example_time_delta_sensor_async.py took 0.102 seconds
[2025-05-09T16:22:07.620+0000] {processor.py:161} INFO - Started process (PID=9562) to work on /home/airflow/.local/lib/python3.10/site-packages/airflow/example_dags/example_time_delta_sensor_async.py
[2025-05-09T16:22:07.621+0000] {processor.py:830} INFO - Processing file /home/airflow/.local/lib/python3.10/site-packages/airflow/example_dags/example_time_delta_sensor_async.py for tasks to queue
[2025-05-09T16:22:07.624+0000] {logging_mixin.py:188} INFO - [2025-05-09T16:22:07.623+0000] {dagbag.py:545} INFO - Filling up the DagBag from /home/airflow/.local/lib/python3.10/site-packages/airflow/example_dags/example_time_delta_sensor_async.py
[2025-05-09T16:22:07.630+0000] {processor.py:840} INFO - DAG(s) 'example_time_delta_sensor_async' retrieved from /home/airflow/.local/lib/python3.10/site-packages/airflow/example_dags/example_time_delta_sensor_async.py
[2025-05-09T16:22:07.654+0000] {logging_mixin.py:188} INFO - [2025-05-09T16:22:07.654+0000] {dag.py:3096} INFO - Sync 1 DAGs
[2025-05-09T16:22:07.667+0000] {logging_mixin.py:188} INFO - [2025-05-09T16:22:07.667+0000] {dag.py:3954} INFO - Setting next_dagrun for example_time_delta_sensor_async to None, run_after=None
[2025-05-09T16:22:07.695+0000] {processor.py:183} INFO - Processing /home/airflow/.local/lib/python3.10/site-packages/airflow/example_dags/example_time_delta_sensor_async.py took 0.081 seconds
[2025-05-09T16:22:38.721+0000] {processor.py:161} INFO - Started process (PID=9859) to work on /home/airflow/.local/lib/python3.10/site-packages/airflow/example_dags/example_time_delta_sensor_async.py
[2025-05-09T16:22:38.723+0000] {processor.py:830} INFO - Processing file /home/airflow/.local/lib/python3.10/site-packages/airflow/example_dags/example_time_delta_sensor_async.py for tasks to queue
[2025-05-09T16:22:38.726+0000] {logging_mixin.py:188} INFO - [2025-05-09T16:22:38.725+0000] {dagbag.py:545} INFO - Filling up the DagBag from /home/airflow/.local/lib/python3.10/site-packages/airflow/example_dags/example_time_delta_sensor_async.py
[2025-05-09T16:22:38.732+0000] {processor.py:840} INFO - DAG(s) 'example_time_delta_sensor_async' retrieved from /home/airflow/.local/lib/python3.10/site-packages/airflow/example_dags/example_time_delta_sensor_async.py
[2025-05-09T16:22:38.753+0000] {logging_mixin.py:188} INFO - [2025-05-09T16:22:38.752+0000] {dag.py:3096} INFO - Sync 1 DAGs
[2025-05-09T16:22:38.767+0000] {logging_mixin.py:188} INFO - [2025-05-09T16:22:38.766+0000] {dag.py:3954} INFO - Setting next_dagrun for example_time_delta_sensor_async to None, run_after=None
[2025-05-09T16:22:38.792+0000] {processor.py:183} INFO - Processing /home/airflow/.local/lib/python3.10/site-packages/airflow/example_dags/example_time_delta_sensor_async.py took 0.078 seconds
[2025-05-09T16:23:09.649+0000] {processor.py:161} INFO - Started process (PID=10157) to work on /home/airflow/.local/lib/python3.10/site-packages/airflow/example_dags/example_time_delta_sensor_async.py
[2025-05-09T16:23:09.652+0000] {processor.py:830} INFO - Processing file /home/airflow/.local/lib/python3.10/site-packages/airflow/example_dags/example_time_delta_sensor_async.py for tasks to queue
[2025-05-09T16:23:09.656+0000] {logging_mixin.py:188} INFO - [2025-05-09T16:23:09.656+0000] {dagbag.py:545} INFO - Filling up the DagBag from /home/airflow/.local/lib/python3.10/site-packages/airflow/example_dags/example_time_delta_sensor_async.py
[2025-05-09T16:23:09.666+0000] {processor.py:840} INFO - DAG(s) 'example_time_delta_sensor_async' retrieved from /home/airflow/.local/lib/python3.10/site-packages/airflow/example_dags/example_time_delta_sensor_async.py
[2025-05-09T16:23:09.716+0000] {logging_mixin.py:188} INFO - [2025-05-09T16:23:09.715+0000] {dag.py:3096} INFO - Sync 1 DAGs
[2025-05-09T16:23:09.741+0000] {logging_mixin.py:188} INFO - [2025-05-09T16:23:09.740+0000] {dag.py:3954} INFO - Setting next_dagrun for example_time_delta_sensor_async to None, run_after=None
[2025-05-09T16:23:09.778+0000] {processor.py:183} INFO - Processing /home/airflow/.local/lib/python3.10/site-packages/airflow/example_dags/example_time_delta_sensor_async.py took 0.142 seconds
[2025-05-09T16:23:40.152+0000] {processor.py:161} INFO - Started process (PID=10434) to work on /home/airflow/.local/lib/python3.10/site-packages/airflow/example_dags/example_time_delta_sensor_async.py
[2025-05-09T16:23:40.154+0000] {processor.py:830} INFO - Processing file /home/airflow/.local/lib/python3.10/site-packages/airflow/example_dags/example_time_delta_sensor_async.py for tasks to queue
[2025-05-09T16:23:40.156+0000] {logging_mixin.py:188} INFO - [2025-05-09T16:23:40.155+0000] {dagbag.py:545} INFO - Filling up the DagBag from /home/airflow/.local/lib/python3.10/site-packages/airflow/example_dags/example_time_delta_sensor_async.py
[2025-05-09T16:23:40.160+0000] {processor.py:840} INFO - DAG(s) 'example_time_delta_sensor_async' retrieved from /home/airflow/.local/lib/python3.10/site-packages/airflow/example_dags/example_time_delta_sensor_async.py
[2025-05-09T16:23:40.182+0000] {logging_mixin.py:188} INFO - [2025-05-09T16:23:40.181+0000] {dag.py:3096} INFO - Sync 1 DAGs
[2025-05-09T16:23:40.193+0000] {logging_mixin.py:188} INFO - [2025-05-09T16:23:40.193+0000] {dag.py:3954} INFO - Setting next_dagrun for example_time_delta_sensor_async to None, run_after=None
[2025-05-09T16:23:40.214+0000] {processor.py:183} INFO - Processing /home/airflow/.local/lib/python3.10/site-packages/airflow/example_dags/example_time_delta_sensor_async.py took 0.068 seconds
[2025-05-09T16:24:10.944+0000] {processor.py:161} INFO - Started process (PID=10747) to work on /home/airflow/.local/lib/python3.10/site-packages/airflow/example_dags/example_time_delta_sensor_async.py
[2025-05-09T16:24:10.947+0000] {processor.py:830} INFO - Processing file /home/airflow/.local/lib/python3.10/site-packages/airflow/example_dags/example_time_delta_sensor_async.py for tasks to queue
[2025-05-09T16:24:10.950+0000] {logging_mixin.py:188} INFO - [2025-05-09T16:24:10.949+0000] {dagbag.py:545} INFO - Filling up the DagBag from /home/airflow/.local/lib/python3.10/site-packages/airflow/example_dags/example_time_delta_sensor_async.py
[2025-05-09T16:24:10.956+0000] {processor.py:840} INFO - DAG(s) 'example_time_delta_sensor_async' retrieved from /home/airflow/.local/lib/python3.10/site-packages/airflow/example_dags/example_time_delta_sensor_async.py
[2025-05-09T16:24:10.982+0000] {logging_mixin.py:188} INFO - [2025-05-09T16:24:10.982+0000] {dag.py:3096} INFO - Sync 1 DAGs
[2025-05-09T16:24:10.997+0000] {logging_mixin.py:188} INFO - [2025-05-09T16:24:10.996+0000] {dag.py:3954} INFO - Setting next_dagrun for example_time_delta_sensor_async to None, run_after=None
[2025-05-09T16:24:11.023+0000] {processor.py:183} INFO - Processing /home/airflow/.local/lib/python3.10/site-packages/airflow/example_dags/example_time_delta_sensor_async.py took 0.085 seconds
[2025-05-09T16:24:41.260+0000] {processor.py:161} INFO - Started process (PID=11023) to work on /home/airflow/.local/lib/python3.10/site-packages/airflow/example_dags/example_time_delta_sensor_async.py
[2025-05-09T16:24:41.262+0000] {processor.py:830} INFO - Processing file /home/airflow/.local/lib/python3.10/site-packages/airflow/example_dags/example_time_delta_sensor_async.py for tasks to queue
[2025-05-09T16:24:41.264+0000] {logging_mixin.py:188} INFO - [2025-05-09T16:24:41.263+0000] {dagbag.py:545} INFO - Filling up the DagBag from /home/airflow/.local/lib/python3.10/site-packages/airflow/example_dags/example_time_delta_sensor_async.py
[2025-05-09T16:24:41.269+0000] {processor.py:840} INFO - DAG(s) 'example_time_delta_sensor_async' retrieved from /home/airflow/.local/lib/python3.10/site-packages/airflow/example_dags/example_time_delta_sensor_async.py
[2025-05-09T16:24:41.293+0000] {logging_mixin.py:188} INFO - [2025-05-09T16:24:41.293+0000] {dag.py:3096} INFO - Sync 1 DAGs
[2025-05-09T16:24:41.305+0000] {logging_mixin.py:188} INFO - [2025-05-09T16:24:41.305+0000] {dag.py:3954} INFO - Setting next_dagrun for example_time_delta_sensor_async to None, run_after=None
[2025-05-09T16:24:41.329+0000] {processor.py:183} INFO - Processing /home/airflow/.local/lib/python3.10/site-packages/airflow/example_dags/example_time_delta_sensor_async.py took 0.075 seconds
[2025-05-09T16:25:11.484+0000] {processor.py:161} INFO - Started process (PID=11378) to work on /home/airflow/.local/lib/python3.10/site-packages/airflow/example_dags/example_time_delta_sensor_async.py
[2025-05-09T16:25:11.486+0000] {processor.py:830} INFO - Processing file /home/airflow/.local/lib/python3.10/site-packages/airflow/example_dags/example_time_delta_sensor_async.py for tasks to queue
[2025-05-09T16:25:11.488+0000] {logging_mixin.py:188} INFO - [2025-05-09T16:25:11.487+0000] {dagbag.py:545} INFO - Filling up the DagBag from /home/airflow/.local/lib/python3.10/site-packages/airflow/example_dags/example_time_delta_sensor_async.py
[2025-05-09T16:25:11.492+0000] {processor.py:840} INFO - DAG(s) 'example_time_delta_sensor_async' retrieved from /home/airflow/.local/lib/python3.10/site-packages/airflow/example_dags/example_time_delta_sensor_async.py
[2025-05-09T16:25:11.512+0000] {logging_mixin.py:188} INFO - [2025-05-09T16:25:11.512+0000] {dag.py:3096} INFO - Sync 1 DAGs
[2025-05-09T16:25:11.524+0000] {logging_mixin.py:188} INFO - [2025-05-09T16:25:11.523+0000] {dag.py:3954} INFO - Setting next_dagrun for example_time_delta_sensor_async to None, run_after=None
[2025-05-09T16:25:11.543+0000] {processor.py:183} INFO - Processing /home/airflow/.local/lib/python3.10/site-packages/airflow/example_dags/example_time_delta_sensor_async.py took 0.064 seconds
[2025-05-09T16:25:42.241+0000] {processor.py:161} INFO - Started process (PID=11646) to work on /home/airflow/.local/lib/python3.10/site-packages/airflow/example_dags/example_time_delta_sensor_async.py
[2025-05-09T16:25:42.243+0000] {processor.py:830} INFO - Processing file /home/airflow/.local/lib/python3.10/site-packages/airflow/example_dags/example_time_delta_sensor_async.py for tasks to queue
[2025-05-09T16:25:42.245+0000] {logging_mixin.py:188} INFO - [2025-05-09T16:25:42.245+0000] {dagbag.py:545} INFO - Filling up the DagBag from /home/airflow/.local/lib/python3.10/site-packages/airflow/example_dags/example_time_delta_sensor_async.py
[2025-05-09T16:25:42.251+0000] {processor.py:840} INFO - DAG(s) 'example_time_delta_sensor_async' retrieved from /home/airflow/.local/lib/python3.10/site-packages/airflow/example_dags/example_time_delta_sensor_async.py
[2025-05-09T16:25:42.273+0000] {logging_mixin.py:188} INFO - [2025-05-09T16:25:42.272+0000] {dag.py:3096} INFO - Sync 1 DAGs
[2025-05-09T16:25:42.285+0000] {logging_mixin.py:188} INFO - [2025-05-09T16:25:42.284+0000] {dag.py:3954} INFO - Setting next_dagrun for example_time_delta_sensor_async to None, run_after=None
[2025-05-09T16:25:42.307+0000] {processor.py:183} INFO - Processing /home/airflow/.local/lib/python3.10/site-packages/airflow/example_dags/example_time_delta_sensor_async.py took 0.072 seconds
[2025-05-09T16:26:12.597+0000] {processor.py:161} INFO - Started process (PID=11969) to work on /home/airflow/.local/lib/python3.10/site-packages/airflow/example_dags/example_time_delta_sensor_async.py
[2025-05-09T16:26:12.598+0000] {processor.py:830} INFO - Processing file /home/airflow/.local/lib/python3.10/site-packages/airflow/example_dags/example_time_delta_sensor_async.py for tasks to queue
[2025-05-09T16:26:12.600+0000] {logging_mixin.py:188} INFO - [2025-05-09T16:26:12.600+0000] {dagbag.py:545} INFO - Filling up the DagBag from /home/airflow/.local/lib/python3.10/site-packages/airflow/example_dags/example_time_delta_sensor_async.py
[2025-05-09T16:26:12.605+0000] {processor.py:840} INFO - DAG(s) 'example_time_delta_sensor_async' retrieved from /home/airflow/.local/lib/python3.10/site-packages/airflow/example_dags/example_time_delta_sensor_async.py
[2025-05-09T16:26:12.632+0000] {logging_mixin.py:188} INFO - [2025-05-09T16:26:12.631+0000] {dag.py:3096} INFO - Sync 1 DAGs
[2025-05-09T16:26:12.646+0000] {logging_mixin.py:188} INFO - [2025-05-09T16:26:12.646+0000] {dag.py:3954} INFO - Setting next_dagrun for example_time_delta_sensor_async to None, run_after=None
[2025-05-09T16:26:12.670+0000] {processor.py:183} INFO - Processing /home/airflow/.local/lib/python3.10/site-packages/airflow/example_dags/example_time_delta_sensor_async.py took 0.078 seconds
[2025-05-09T16:26:43.173+0000] {processor.py:161} INFO - Started process (PID=12246) to work on /home/airflow/.local/lib/python3.10/site-packages/airflow/example_dags/example_time_delta_sensor_async.py
[2025-05-09T16:26:43.175+0000] {processor.py:830} INFO - Processing file /home/airflow/.local/lib/python3.10/site-packages/airflow/example_dags/example_time_delta_sensor_async.py for tasks to queue
[2025-05-09T16:26:43.177+0000] {logging_mixin.py:188} INFO - [2025-05-09T16:26:43.176+0000] {dagbag.py:545} INFO - Filling up the DagBag from /home/airflow/.local/lib/python3.10/site-packages/airflow/example_dags/example_time_delta_sensor_async.py
[2025-05-09T16:26:43.182+0000] {processor.py:840} INFO - DAG(s) 'example_time_delta_sensor_async' retrieved from /home/airflow/.local/lib/python3.10/site-packages/airflow/example_dags/example_time_delta_sensor_async.py
[2025-05-09T16:26:43.206+0000] {logging_mixin.py:188} INFO - [2025-05-09T16:26:43.205+0000] {dag.py:3096} INFO - Sync 1 DAGs
[2025-05-09T16:26:43.219+0000] {logging_mixin.py:188} INFO - [2025-05-09T16:26:43.218+0000] {dag.py:3954} INFO - Setting next_dagrun for example_time_delta_sensor_async to None, run_after=None
[2025-05-09T16:26:43.240+0000] {processor.py:183} INFO - Processing /home/airflow/.local/lib/python3.10/site-packages/airflow/example_dags/example_time_delta_sensor_async.py took 0.073 seconds
[2025-05-09T16:27:13.794+0000] {processor.py:161} INFO - Started process (PID=12565) to work on /home/airflow/.local/lib/python3.10/site-packages/airflow/example_dags/example_time_delta_sensor_async.py
[2025-05-09T16:27:13.795+0000] {processor.py:830} INFO - Processing file /home/airflow/.local/lib/python3.10/site-packages/airflow/example_dags/example_time_delta_sensor_async.py for tasks to queue
[2025-05-09T16:27:13.797+0000] {logging_mixin.py:188} INFO - [2025-05-09T16:27:13.797+0000] {dagbag.py:545} INFO - Filling up the DagBag from /home/airflow/.local/lib/python3.10/site-packages/airflow/example_dags/example_time_delta_sensor_async.py
[2025-05-09T16:27:13.803+0000] {processor.py:840} INFO - DAG(s) 'example_time_delta_sensor_async' retrieved from /home/airflow/.local/lib/python3.10/site-packages/airflow/example_dags/example_time_delta_sensor_async.py
[2025-05-09T16:27:13.833+0000] {logging_mixin.py:188} INFO - [2025-05-09T16:27:13.832+0000] {dag.py:3096} INFO - Sync 1 DAGs
[2025-05-09T16:27:13.849+0000] {logging_mixin.py:188} INFO - [2025-05-09T16:27:13.849+0000] {dag.py:3954} INFO - Setting next_dagrun for example_time_delta_sensor_async to None, run_after=None
[2025-05-09T16:27:13.878+0000] {processor.py:183} INFO - Processing /home/airflow/.local/lib/python3.10/site-packages/airflow/example_dags/example_time_delta_sensor_async.py took 0.094 seconds
[2025-05-09T16:27:44.112+0000] {processor.py:161} INFO - Started process (PID=12827) to work on /home/airflow/.local/lib/python3.10/site-packages/airflow/example_dags/example_time_delta_sensor_async.py
[2025-05-09T16:27:44.115+0000] {processor.py:830} INFO - Processing file /home/airflow/.local/lib/python3.10/site-packages/airflow/example_dags/example_time_delta_sensor_async.py for tasks to queue
[2025-05-09T16:27:44.118+0000] {logging_mixin.py:188} INFO - [2025-05-09T16:27:44.118+0000] {dagbag.py:545} INFO - Filling up the DagBag from /home/airflow/.local/lib/python3.10/site-packages/airflow/example_dags/example_time_delta_sensor_async.py
[2025-05-09T16:27:44.126+0000] {processor.py:840} INFO - DAG(s) 'example_time_delta_sensor_async' retrieved from /home/airflow/.local/lib/python3.10/site-packages/airflow/example_dags/example_time_delta_sensor_async.py
[2025-05-09T16:27:44.157+0000] {logging_mixin.py:188} INFO - [2025-05-09T16:27:44.157+0000] {dag.py:3096} INFO - Sync 1 DAGs
[2025-05-09T16:27:44.170+0000] {logging_mixin.py:188} INFO - [2025-05-09T16:27:44.169+0000] {dag.py:3954} INFO - Setting next_dagrun for example_time_delta_sensor_async to None, run_after=None
[2025-05-09T16:27:44.194+0000] {processor.py:183} INFO - Processing /home/airflow/.local/lib/python3.10/site-packages/airflow/example_dags/example_time_delta_sensor_async.py took 0.096 seconds
[2025-05-09T16:28:14.391+0000] {processor.py:161} INFO - Started process (PID=13125) to work on /home/airflow/.local/lib/python3.10/site-packages/airflow/example_dags/example_time_delta_sensor_async.py
[2025-05-09T16:28:14.393+0000] {processor.py:830} INFO - Processing file /home/airflow/.local/lib/python3.10/site-packages/airflow/example_dags/example_time_delta_sensor_async.py for tasks to queue
[2025-05-09T16:28:14.395+0000] {logging_mixin.py:188} INFO - [2025-05-09T16:28:14.394+0000] {dagbag.py:545} INFO - Filling up the DagBag from /home/airflow/.local/lib/python3.10/site-packages/airflow/example_dags/example_time_delta_sensor_async.py
[2025-05-09T16:28:14.400+0000] {processor.py:840} INFO - DAG(s) 'example_time_delta_sensor_async' retrieved from /home/airflow/.local/lib/python3.10/site-packages/airflow/example_dags/example_time_delta_sensor_async.py
[2025-05-09T16:28:14.429+0000] {logging_mixin.py:188} INFO - [2025-05-09T16:28:14.429+0000] {dag.py:3096} INFO - Sync 1 DAGs
[2025-05-09T16:28:14.443+0000] {logging_mixin.py:188} INFO - [2025-05-09T16:28:14.443+0000] {dag.py:3954} INFO - Setting next_dagrun for example_time_delta_sensor_async to None, run_after=None
[2025-05-09T16:28:14.470+0000] {processor.py:183} INFO - Processing /home/airflow/.local/lib/python3.10/site-packages/airflow/example_dags/example_time_delta_sensor_async.py took 0.087 seconds
[2025-05-09T16:28:45.534+0000] {processor.py:161} INFO - Started process (PID=13387) to work on /home/airflow/.local/lib/python3.10/site-packages/airflow/example_dags/example_time_delta_sensor_async.py
[2025-05-09T16:28:45.536+0000] {processor.py:830} INFO - Processing file /home/airflow/.local/lib/python3.10/site-packages/airflow/example_dags/example_time_delta_sensor_async.py for tasks to queue
[2025-05-09T16:28:45.541+0000] {logging_mixin.py:188} INFO - [2025-05-09T16:28:45.540+0000] {dagbag.py:545} INFO - Filling up the DagBag from /home/airflow/.local/lib/python3.10/site-packages/airflow/example_dags/example_time_delta_sensor_async.py
[2025-05-09T16:28:45.549+0000] {processor.py:840} INFO - DAG(s) 'example_time_delta_sensor_async' retrieved from /home/airflow/.local/lib/python3.10/site-packages/airflow/example_dags/example_time_delta_sensor_async.py
[2025-05-09T16:28:45.580+0000] {logging_mixin.py:188} INFO - [2025-05-09T16:28:45.579+0000] {dag.py:3096} INFO - Sync 1 DAGs
[2025-05-09T16:28:45.596+0000] {logging_mixin.py:188} INFO - [2025-05-09T16:28:45.596+0000] {dag.py:3954} INFO - Setting next_dagrun for example_time_delta_sensor_async to None, run_after=None
[2025-05-09T16:28:45.629+0000] {processor.py:183} INFO - Processing /home/airflow/.local/lib/python3.10/site-packages/airflow/example_dags/example_time_delta_sensor_async.py took 0.104 seconds
[2025-05-09T16:29:15.896+0000] {processor.py:161} INFO - Started process (PID=13726) to work on /home/airflow/.local/lib/python3.10/site-packages/airflow/example_dags/example_time_delta_sensor_async.py
[2025-05-09T16:29:15.898+0000] {processor.py:830} INFO - Processing file /home/airflow/.local/lib/python3.10/site-packages/airflow/example_dags/example_time_delta_sensor_async.py for tasks to queue
[2025-05-09T16:29:15.900+0000] {logging_mixin.py:188} INFO - [2025-05-09T16:29:15.900+0000] {dagbag.py:545} INFO - Filling up the DagBag from /home/airflow/.local/lib/python3.10/site-packages/airflow/example_dags/example_time_delta_sensor_async.py
[2025-05-09T16:29:15.906+0000] {processor.py:840} INFO - DAG(s) 'example_time_delta_sensor_async' retrieved from /home/airflow/.local/lib/python3.10/site-packages/airflow/example_dags/example_time_delta_sensor_async.py
[2025-05-09T16:29:15.936+0000] {logging_mixin.py:188} INFO - [2025-05-09T16:29:15.936+0000] {dag.py:3096} INFO - Sync 1 DAGs
[2025-05-09T16:29:15.957+0000] {logging_mixin.py:188} INFO - [2025-05-09T16:29:15.957+0000] {dag.py:3954} INFO - Setting next_dagrun for example_time_delta_sensor_async to None, run_after=None
[2025-05-09T16:29:15.989+0000] {processor.py:183} INFO - Processing /home/airflow/.local/lib/python3.10/site-packages/airflow/example_dags/example_time_delta_sensor_async.py took 0.099 seconds
[2025-05-09T16:29:46.281+0000] {processor.py:161} INFO - Started process (PID=13986) to work on /home/airflow/.local/lib/python3.10/site-packages/airflow/example_dags/example_time_delta_sensor_async.py
[2025-05-09T16:29:46.283+0000] {processor.py:830} INFO - Processing file /home/airflow/.local/lib/python3.10/site-packages/airflow/example_dags/example_time_delta_sensor_async.py for tasks to queue
[2025-05-09T16:29:46.285+0000] {logging_mixin.py:188} INFO - [2025-05-09T16:29:46.285+0000] {dagbag.py:545} INFO - Filling up the DagBag from /home/airflow/.local/lib/python3.10/site-packages/airflow/example_dags/example_time_delta_sensor_async.py
[2025-05-09T16:29:46.290+0000] {processor.py:840} INFO - DAG(s) 'example_time_delta_sensor_async' retrieved from /home/airflow/.local/lib/python3.10/site-packages/airflow/example_dags/example_time_delta_sensor_async.py
[2025-05-09T16:29:46.318+0000] {logging_mixin.py:188} INFO - [2025-05-09T16:29:46.318+0000] {dag.py:3096} INFO - Sync 1 DAGs
[2025-05-09T16:29:46.331+0000] {logging_mixin.py:188} INFO - [2025-05-09T16:29:46.331+0000] {dag.py:3954} INFO - Setting next_dagrun for example_time_delta_sensor_async to None, run_after=None
[2025-05-09T16:29:46.354+0000] {processor.py:183} INFO - Processing /home/airflow/.local/lib/python3.10/site-packages/airflow/example_dags/example_time_delta_sensor_async.py took 0.079 seconds
[2025-05-09T16:30:16.784+0000] {processor.py:161} INFO - Started process (PID=14299) to work on /home/airflow/.local/lib/python3.10/site-packages/airflow/example_dags/example_time_delta_sensor_async.py
[2025-05-09T16:30:16.786+0000] {processor.py:830} INFO - Processing file /home/airflow/.local/lib/python3.10/site-packages/airflow/example_dags/example_time_delta_sensor_async.py for tasks to queue
[2025-05-09T16:30:16.789+0000] {logging_mixin.py:188} INFO - [2025-05-09T16:30:16.789+0000] {dagbag.py:545} INFO - Filling up the DagBag from /home/airflow/.local/lib/python3.10/site-packages/airflow/example_dags/example_time_delta_sensor_async.py
[2025-05-09T16:30:16.796+0000] {processor.py:840} INFO - DAG(s) 'example_time_delta_sensor_async' retrieved from /home/airflow/.local/lib/python3.10/site-packages/airflow/example_dags/example_time_delta_sensor_async.py
[2025-05-09T16:30:16.823+0000] {logging_mixin.py:188} INFO - [2025-05-09T16:30:16.822+0000] {dag.py:3096} INFO - Sync 1 DAGs
[2025-05-09T16:30:16.837+0000] {logging_mixin.py:188} INFO - [2025-05-09T16:30:16.836+0000] {dag.py:3954} INFO - Setting next_dagrun for example_time_delta_sensor_async to None, run_after=None
[2025-05-09T16:30:16.864+0000] {processor.py:183} INFO - Processing /home/airflow/.local/lib/python3.10/site-packages/airflow/example_dags/example_time_delta_sensor_async.py took 0.088 seconds
[2025-05-09T16:30:47.150+0000] {processor.py:161} INFO - Started process (PID=14561) to work on /home/airflow/.local/lib/python3.10/site-packages/airflow/example_dags/example_time_delta_sensor_async.py
[2025-05-09T16:30:47.152+0000] {processor.py:830} INFO - Processing file /home/airflow/.local/lib/python3.10/site-packages/airflow/example_dags/example_time_delta_sensor_async.py for tasks to queue
[2025-05-09T16:30:47.156+0000] {logging_mixin.py:188} INFO - [2025-05-09T16:30:47.155+0000] {dagbag.py:545} INFO - Filling up the DagBag from /home/airflow/.local/lib/python3.10/site-packages/airflow/example_dags/example_time_delta_sensor_async.py
[2025-05-09T16:30:47.163+0000] {processor.py:840} INFO - DAG(s) 'example_time_delta_sensor_async' retrieved from /home/airflow/.local/lib/python3.10/site-packages/airflow/example_dags/example_time_delta_sensor_async.py
[2025-05-09T16:30:47.195+0000] {logging_mixin.py:188} INFO - [2025-05-09T16:30:47.195+0000] {dag.py:3096} INFO - Sync 1 DAGs
[2025-05-09T16:30:47.212+0000] {logging_mixin.py:188} INFO - [2025-05-09T16:30:47.211+0000] {dag.py:3954} INFO - Setting next_dagrun for example_time_delta_sensor_async to None, run_after=None
[2025-05-09T16:30:47.241+0000] {processor.py:183} INFO - Processing /home/airflow/.local/lib/python3.10/site-packages/airflow/example_dags/example_time_delta_sensor_async.py took 0.099 seconds
