[2025-05-09T12:10:18.809+0000] {processor.py:161} INFO - Started process (PID=206) to work on /home/airflow/.local/lib/python3.10/site-packages/airflow/example_dags/example_nested_branch_dag.py
[2025-05-09T12:10:18.812+0000] {processor.py:830} INFO - Processing file /home/airflow/.local/lib/python3.10/site-packages/airflow/example_dags/example_nested_branch_dag.py for tasks to queue
[2025-05-09T12:10:18.815+0000] {logging_mixin.py:188} INFO - [2025-05-09T12:10:18.815+0000] {dagbag.py:545} INFO - Filling up the DagBag from /home/airflow/.local/lib/python3.10/site-packages/airflow/example_dags/example_nested_branch_dag.py
[2025-05-09T12:10:18.838+0000] {processor.py:840} INFO - DAG(s) 'example_nested_branch_dag' retrieved from /home/airflow/.local/lib/python3.10/site-packages/airflow/example_dags/example_nested_branch_dag.py
[2025-05-09T12:10:18.858+0000] {logging_mixin.py:188} INFO - [2025-05-09T12:10:18.858+0000] {dag.py:3096} INFO - Sync 1 DAGs
[2025-05-09T12:10:18.905+0000] {logging_mixin.py:188} INFO - [2025-05-09T12:10:18.905+0000] {dag.py:3954} INFO - Setting next_dagrun for example_nested_branch_dag to 2025-05-08 00:00:00+00:00, run_after=2025-05-09 00:00:00+00:00
[2025-05-09T12:10:18.951+0000] {processor.py:183} INFO - Processing /home/airflow/.local/lib/python3.10/site-packages/airflow/example_dags/example_nested_branch_dag.py took 0.157 seconds
[2025-05-09T12:10:49.771+0000] {processor.py:161} INFO - Started process (PID=464) to work on /home/airflow/.local/lib/python3.10/site-packages/airflow/example_dags/example_nested_branch_dag.py
[2025-05-09T12:10:49.773+0000] {processor.py:830} INFO - Processing file /home/airflow/.local/lib/python3.10/site-packages/airflow/example_dags/example_nested_branch_dag.py for tasks to queue
[2025-05-09T12:10:49.776+0000] {logging_mixin.py:188} INFO - [2025-05-09T12:10:49.775+0000] {dagbag.py:545} INFO - Filling up the DagBag from /home/airflow/.local/lib/python3.10/site-packages/airflow/example_dags/example_nested_branch_dag.py
[2025-05-09T12:10:49.794+0000] {processor.py:840} INFO - DAG(s) 'example_nested_branch_dag' retrieved from /home/airflow/.local/lib/python3.10/site-packages/airflow/example_dags/example_nested_branch_dag.py
[2025-05-09T12:10:49.914+0000] {logging_mixin.py:188} INFO - [2025-05-09T12:10:49.913+0000] {dag.py:3096} INFO - Sync 1 DAGs
[2025-05-09T12:10:49.987+0000] {logging_mixin.py:188} INFO - [2025-05-09T12:10:49.986+0000] {dag.py:3954} INFO - Setting next_dagrun for example_nested_branch_dag to 2025-05-08 00:00:00+00:00, run_after=2025-05-09 00:00:00+00:00
[2025-05-09T12:10:50.095+0000] {processor.py:183} INFO - Processing /home/airflow/.local/lib/python3.10/site-packages/airflow/example_dags/example_nested_branch_dag.py took 0.334 seconds
[2025-05-09T12:11:20.821+0000] {processor.py:161} INFO - Started process (PID=718) to work on /home/airflow/.local/lib/python3.10/site-packages/airflow/example_dags/example_nested_branch_dag.py
[2025-05-09T12:11:20.822+0000] {processor.py:830} INFO - Processing file /home/airflow/.local/lib/python3.10/site-packages/airflow/example_dags/example_nested_branch_dag.py for tasks to queue
[2025-05-09T12:11:20.826+0000] {logging_mixin.py:188} INFO - [2025-05-09T12:11:20.825+0000] {dagbag.py:545} INFO - Filling up the DagBag from /home/airflow/.local/lib/python3.10/site-packages/airflow/example_dags/example_nested_branch_dag.py
[2025-05-09T12:11:20.837+0000] {processor.py:840} INFO - DAG(s) 'example_nested_branch_dag' retrieved from /home/airflow/.local/lib/python3.10/site-packages/airflow/example_dags/example_nested_branch_dag.py
[2025-05-09T12:11:20.862+0000] {logging_mixin.py:188} INFO - [2025-05-09T12:11:20.862+0000] {dag.py:3096} INFO - Sync 1 DAGs
[2025-05-09T12:11:20.888+0000] {logging_mixin.py:188} INFO - [2025-05-09T12:11:20.887+0000] {dag.py:3954} INFO - Setting next_dagrun for example_nested_branch_dag to 2025-05-08 00:00:00+00:00, run_after=2025-05-09 00:00:00+00:00
[2025-05-09T12:11:20.911+0000] {processor.py:183} INFO - Processing /home/airflow/.local/lib/python3.10/site-packages/airflow/example_dags/example_nested_branch_dag.py took 0.099 seconds
[2025-05-09T12:11:51.870+0000] {processor.py:161} INFO - Started process (PID=976) to work on /home/airflow/.local/lib/python3.10/site-packages/airflow/example_dags/example_nested_branch_dag.py
[2025-05-09T12:11:51.872+0000] {processor.py:830} INFO - Processing file /home/airflow/.local/lib/python3.10/site-packages/airflow/example_dags/example_nested_branch_dag.py for tasks to queue
[2025-05-09T12:11:51.875+0000] {logging_mixin.py:188} INFO - [2025-05-09T12:11:51.875+0000] {dagbag.py:545} INFO - Filling up the DagBag from /home/airflow/.local/lib/python3.10/site-packages/airflow/example_dags/example_nested_branch_dag.py
[2025-05-09T12:11:51.890+0000] {processor.py:840} INFO - DAG(s) 'example_nested_branch_dag' retrieved from /home/airflow/.local/lib/python3.10/site-packages/airflow/example_dags/example_nested_branch_dag.py
[2025-05-09T12:11:51.930+0000] {logging_mixin.py:188} INFO - [2025-05-09T12:11:51.929+0000] {dag.py:3096} INFO - Sync 1 DAGs
[2025-05-09T12:11:51.961+0000] {logging_mixin.py:188} INFO - [2025-05-09T12:11:51.961+0000] {dag.py:3954} INFO - Setting next_dagrun for example_nested_branch_dag to 2025-05-08 00:00:00+00:00, run_after=2025-05-09 00:00:00+00:00
[2025-05-09T12:11:52.015+0000] {processor.py:183} INFO - Processing /home/airflow/.local/lib/python3.10/site-packages/airflow/example_dags/example_nested_branch_dag.py took 0.154 seconds
[2025-05-09T12:12:22.493+0000] {processor.py:161} INFO - Started process (PID=1230) to work on /home/airflow/.local/lib/python3.10/site-packages/airflow/example_dags/example_nested_branch_dag.py
[2025-05-09T12:12:22.494+0000] {processor.py:830} INFO - Processing file /home/airflow/.local/lib/python3.10/site-packages/airflow/example_dags/example_nested_branch_dag.py for tasks to queue
[2025-05-09T12:12:22.497+0000] {logging_mixin.py:188} INFO - [2025-05-09T12:12:22.497+0000] {dagbag.py:545} INFO - Filling up the DagBag from /home/airflow/.local/lib/python3.10/site-packages/airflow/example_dags/example_nested_branch_dag.py
[2025-05-09T12:12:22.515+0000] {processor.py:840} INFO - DAG(s) 'example_nested_branch_dag' retrieved from /home/airflow/.local/lib/python3.10/site-packages/airflow/example_dags/example_nested_branch_dag.py
[2025-05-09T12:12:22.562+0000] {logging_mixin.py:188} INFO - [2025-05-09T12:12:22.562+0000] {dag.py:3096} INFO - Sync 1 DAGs
[2025-05-09T12:12:22.602+0000] {logging_mixin.py:188} INFO - [2025-05-09T12:12:22.602+0000] {dag.py:3954} INFO - Setting next_dagrun for example_nested_branch_dag to 2025-05-08 00:00:00+00:00, run_after=2025-05-09 00:00:00+00:00
[2025-05-09T12:12:22.635+0000] {processor.py:183} INFO - Processing /home/airflow/.local/lib/python3.10/site-packages/airflow/example_dags/example_nested_branch_dag.py took 0.150 seconds
[2025-05-09T12:12:52.739+0000] {processor.py:161} INFO - Started process (PID=1486) to work on /home/airflow/.local/lib/python3.10/site-packages/airflow/example_dags/example_nested_branch_dag.py
[2025-05-09T12:12:52.741+0000] {processor.py:830} INFO - Processing file /home/airflow/.local/lib/python3.10/site-packages/airflow/example_dags/example_nested_branch_dag.py for tasks to queue
[2025-05-09T12:12:52.743+0000] {logging_mixin.py:188} INFO - [2025-05-09T12:12:52.743+0000] {dagbag.py:545} INFO - Filling up the DagBag from /home/airflow/.local/lib/python3.10/site-packages/airflow/example_dags/example_nested_branch_dag.py
[2025-05-09T12:12:52.756+0000] {processor.py:840} INFO - DAG(s) 'example_nested_branch_dag' retrieved from /home/airflow/.local/lib/python3.10/site-packages/airflow/example_dags/example_nested_branch_dag.py
[2025-05-09T12:12:52.782+0000] {logging_mixin.py:188} INFO - [2025-05-09T12:12:52.782+0000] {dag.py:3096} INFO - Sync 1 DAGs
[2025-05-09T12:12:52.807+0000] {logging_mixin.py:188} INFO - [2025-05-09T12:12:52.807+0000] {dag.py:3954} INFO - Setting next_dagrun for example_nested_branch_dag to 2025-05-08 00:00:00+00:00, run_after=2025-05-09 00:00:00+00:00
[2025-05-09T12:12:52.826+0000] {processor.py:183} INFO - Processing /home/airflow/.local/lib/python3.10/site-packages/airflow/example_dags/example_nested_branch_dag.py took 0.095 seconds
[2025-05-09T12:13:22.943+0000] {processor.py:161} INFO - Started process (PID=1742) to work on /home/airflow/.local/lib/python3.10/site-packages/airflow/example_dags/example_nested_branch_dag.py
[2025-05-09T12:13:22.944+0000] {processor.py:830} INFO - Processing file /home/airflow/.local/lib/python3.10/site-packages/airflow/example_dags/example_nested_branch_dag.py for tasks to queue
[2025-05-09T12:13:22.946+0000] {logging_mixin.py:188} INFO - [2025-05-09T12:13:22.946+0000] {dagbag.py:545} INFO - Filling up the DagBag from /home/airflow/.local/lib/python3.10/site-packages/airflow/example_dags/example_nested_branch_dag.py
[2025-05-09T12:13:22.958+0000] {processor.py:840} INFO - DAG(s) 'example_nested_branch_dag' retrieved from /home/airflow/.local/lib/python3.10/site-packages/airflow/example_dags/example_nested_branch_dag.py
[2025-05-09T12:13:22.983+0000] {logging_mixin.py:188} INFO - [2025-05-09T12:13:22.983+0000] {dag.py:3096} INFO - Sync 1 DAGs
[2025-05-09T12:13:23.017+0000] {logging_mixin.py:188} INFO - [2025-05-09T12:13:23.017+0000] {dag.py:3954} INFO - Setting next_dagrun for example_nested_branch_dag to 2025-05-08 00:00:00+00:00, run_after=2025-05-09 00:00:00+00:00
[2025-05-09T12:13:23.053+0000] {processor.py:183} INFO - Processing /home/airflow/.local/lib/python3.10/site-packages/airflow/example_dags/example_nested_branch_dag.py took 0.117 seconds
[2025-05-09T12:13:53.325+0000] {processor.py:161} INFO - Started process (PID=1998) to work on /home/airflow/.local/lib/python3.10/site-packages/airflow/example_dags/example_nested_branch_dag.py
[2025-05-09T12:13:53.327+0000] {processor.py:830} INFO - Processing file /home/airflow/.local/lib/python3.10/site-packages/airflow/example_dags/example_nested_branch_dag.py for tasks to queue
[2025-05-09T12:13:53.329+0000] {logging_mixin.py:188} INFO - [2025-05-09T12:13:53.328+0000] {dagbag.py:545} INFO - Filling up the DagBag from /home/airflow/.local/lib/python3.10/site-packages/airflow/example_dags/example_nested_branch_dag.py
[2025-05-09T12:13:53.343+0000] {processor.py:840} INFO - DAG(s) 'example_nested_branch_dag' retrieved from /home/airflow/.local/lib/python3.10/site-packages/airflow/example_dags/example_nested_branch_dag.py
[2025-05-09T12:13:53.371+0000] {logging_mixin.py:188} INFO - [2025-05-09T12:13:53.370+0000] {dag.py:3096} INFO - Sync 1 DAGs
[2025-05-09T12:13:53.401+0000] {logging_mixin.py:188} INFO - [2025-05-09T12:13:53.401+0000] {dag.py:3954} INFO - Setting next_dagrun for example_nested_branch_dag to 2025-05-08 00:00:00+00:00, run_after=2025-05-09 00:00:00+00:00
[2025-05-09T12:13:53.436+0000] {processor.py:183} INFO - Processing /home/airflow/.local/lib/python3.10/site-packages/airflow/example_dags/example_nested_branch_dag.py took 0.118 seconds
[2025-05-09T12:14:23.861+0000] {processor.py:161} INFO - Started process (PID=2254) to work on /home/airflow/.local/lib/python3.10/site-packages/airflow/example_dags/example_nested_branch_dag.py
[2025-05-09T12:14:23.862+0000] {processor.py:830} INFO - Processing file /home/airflow/.local/lib/python3.10/site-packages/airflow/example_dags/example_nested_branch_dag.py for tasks to queue
[2025-05-09T12:14:23.865+0000] {logging_mixin.py:188} INFO - [2025-05-09T12:14:23.864+0000] {dagbag.py:545} INFO - Filling up the DagBag from /home/airflow/.local/lib/python3.10/site-packages/airflow/example_dags/example_nested_branch_dag.py
[2025-05-09T12:14:23.878+0000] {processor.py:840} INFO - DAG(s) 'example_nested_branch_dag' retrieved from /home/airflow/.local/lib/python3.10/site-packages/airflow/example_dags/example_nested_branch_dag.py
[2025-05-09T12:14:23.909+0000] {logging_mixin.py:188} INFO - [2025-05-09T12:14:23.909+0000] {dag.py:3096} INFO - Sync 1 DAGs
[2025-05-09T12:14:23.935+0000] {logging_mixin.py:188} INFO - [2025-05-09T12:14:23.935+0000] {dag.py:3954} INFO - Setting next_dagrun for example_nested_branch_dag to 2025-05-08 00:00:00+00:00, run_after=2025-05-09 00:00:00+00:00
[2025-05-09T12:14:23.961+0000] {processor.py:183} INFO - Processing /home/airflow/.local/lib/python3.10/site-packages/airflow/example_dags/example_nested_branch_dag.py took 0.108 seconds
[2025-05-09T12:14:54.203+0000] {processor.py:161} INFO - Started process (PID=2510) to work on /home/airflow/.local/lib/python3.10/site-packages/airflow/example_dags/example_nested_branch_dag.py
[2025-05-09T12:14:54.204+0000] {processor.py:830} INFO - Processing file /home/airflow/.local/lib/python3.10/site-packages/airflow/example_dags/example_nested_branch_dag.py for tasks to queue
[2025-05-09T12:14:54.207+0000] {logging_mixin.py:188} INFO - [2025-05-09T12:14:54.207+0000] {dagbag.py:545} INFO - Filling up the DagBag from /home/airflow/.local/lib/python3.10/site-packages/airflow/example_dags/example_nested_branch_dag.py
[2025-05-09T12:14:54.221+0000] {processor.py:840} INFO - DAG(s) 'example_nested_branch_dag' retrieved from /home/airflow/.local/lib/python3.10/site-packages/airflow/example_dags/example_nested_branch_dag.py
[2025-05-09T12:14:54.252+0000] {logging_mixin.py:188} INFO - [2025-05-09T12:14:54.251+0000] {dag.py:3096} INFO - Sync 1 DAGs
[2025-05-09T12:14:54.284+0000] {logging_mixin.py:188} INFO - [2025-05-09T12:14:54.284+0000] {dag.py:3954} INFO - Setting next_dagrun for example_nested_branch_dag to 2025-05-08 00:00:00+00:00, run_after=2025-05-09 00:00:00+00:00
[2025-05-09T12:14:54.311+0000] {processor.py:183} INFO - Processing /home/airflow/.local/lib/python3.10/site-packages/airflow/example_dags/example_nested_branch_dag.py took 0.117 seconds
[2025-05-09T12:15:24.743+0000] {processor.py:161} INFO - Started process (PID=2772) to work on /home/airflow/.local/lib/python3.10/site-packages/airflow/example_dags/example_nested_branch_dag.py
[2025-05-09T12:15:24.745+0000] {processor.py:830} INFO - Processing file /home/airflow/.local/lib/python3.10/site-packages/airflow/example_dags/example_nested_branch_dag.py for tasks to queue
[2025-05-09T12:15:24.747+0000] {logging_mixin.py:188} INFO - [2025-05-09T12:15:24.747+0000] {dagbag.py:545} INFO - Filling up the DagBag from /home/airflow/.local/lib/python3.10/site-packages/airflow/example_dags/example_nested_branch_dag.py
[2025-05-09T12:15:24.763+0000] {processor.py:840} INFO - DAG(s) 'example_nested_branch_dag' retrieved from /home/airflow/.local/lib/python3.10/site-packages/airflow/example_dags/example_nested_branch_dag.py
[2025-05-09T12:15:24.801+0000] {logging_mixin.py:188} INFO - [2025-05-09T12:15:24.801+0000] {dag.py:3096} INFO - Sync 1 DAGs
[2025-05-09T12:15:24.838+0000] {logging_mixin.py:188} INFO - [2025-05-09T12:15:24.838+0000] {dag.py:3954} INFO - Setting next_dagrun for example_nested_branch_dag to 2025-05-08 00:00:00+00:00, run_after=2025-05-09 00:00:00+00:00
[2025-05-09T12:15:24.865+0000] {processor.py:183} INFO - Processing /home/airflow/.local/lib/python3.10/site-packages/airflow/example_dags/example_nested_branch_dag.py took 0.130 seconds
[2025-05-09T12:43:51.800+0000] {processor.py:161} INFO - Started process (PID=212) to work on /home/airflow/.local/lib/python3.10/site-packages/airflow/example_dags/example_nested_branch_dag.py
[2025-05-09T12:43:51.802+0000] {processor.py:830} INFO - Processing file /home/airflow/.local/lib/python3.10/site-packages/airflow/example_dags/example_nested_branch_dag.py for tasks to queue
[2025-05-09T12:43:51.804+0000] {logging_mixin.py:188} INFO - [2025-05-09T12:43:51.804+0000] {dagbag.py:545} INFO - Filling up the DagBag from /home/airflow/.local/lib/python3.10/site-packages/airflow/example_dags/example_nested_branch_dag.py
[2025-05-09T12:43:51.829+0000] {processor.py:840} INFO - DAG(s) 'example_nested_branch_dag' retrieved from /home/airflow/.local/lib/python3.10/site-packages/airflow/example_dags/example_nested_branch_dag.py
[2025-05-09T12:43:51.851+0000] {logging_mixin.py:188} INFO - [2025-05-09T12:43:51.850+0000] {dag.py:3096} INFO - Sync 1 DAGs
[2025-05-09T12:43:51.895+0000] {logging_mixin.py:188} INFO - [2025-05-09T12:43:51.894+0000] {dag.py:3954} INFO - Setting next_dagrun for example_nested_branch_dag to 2025-05-08 00:00:00+00:00, run_after=2025-05-09 00:00:00+00:00
[2025-05-09T12:43:51.933+0000] {processor.py:183} INFO - Processing /home/airflow/.local/lib/python3.10/site-packages/airflow/example_dags/example_nested_branch_dag.py took 0.143 seconds
[2025-05-09T12:44:22.902+0000] {processor.py:161} INFO - Started process (PID=474) to work on /home/airflow/.local/lib/python3.10/site-packages/airflow/example_dags/example_nested_branch_dag.py
[2025-05-09T12:44:22.904+0000] {processor.py:830} INFO - Processing file /home/airflow/.local/lib/python3.10/site-packages/airflow/example_dags/example_nested_branch_dag.py for tasks to queue
[2025-05-09T12:44:22.907+0000] {logging_mixin.py:188} INFO - [2025-05-09T12:44:22.907+0000] {dagbag.py:545} INFO - Filling up the DagBag from /home/airflow/.local/lib/python3.10/site-packages/airflow/example_dags/example_nested_branch_dag.py
[2025-05-09T12:44:22.924+0000] {processor.py:840} INFO - DAG(s) 'example_nested_branch_dag' retrieved from /home/airflow/.local/lib/python3.10/site-packages/airflow/example_dags/example_nested_branch_dag.py
[2025-05-09T12:44:23.082+0000] {logging_mixin.py:188} INFO - [2025-05-09T12:44:23.082+0000] {dag.py:3096} INFO - Sync 1 DAGs
[2025-05-09T12:44:23.108+0000] {logging_mixin.py:188} INFO - [2025-05-09T12:44:23.108+0000] {dag.py:3954} INFO - Setting next_dagrun for example_nested_branch_dag to 2025-05-08 00:00:00+00:00, run_after=2025-05-09 00:00:00+00:00
[2025-05-09T12:44:23.141+0000] {processor.py:183} INFO - Processing /home/airflow/.local/lib/python3.10/site-packages/airflow/example_dags/example_nested_branch_dag.py took 0.247 seconds
[2025-05-09T12:44:53.230+0000] {processor.py:161} INFO - Started process (PID=738) to work on /home/airflow/.local/lib/python3.10/site-packages/airflow/example_dags/example_nested_branch_dag.py
[2025-05-09T12:44:53.232+0000] {processor.py:830} INFO - Processing file /home/airflow/.local/lib/python3.10/site-packages/airflow/example_dags/example_nested_branch_dag.py for tasks to queue
[2025-05-09T12:44:53.234+0000] {logging_mixin.py:188} INFO - [2025-05-09T12:44:53.233+0000] {dagbag.py:545} INFO - Filling up the DagBag from /home/airflow/.local/lib/python3.10/site-packages/airflow/example_dags/example_nested_branch_dag.py
[2025-05-09T12:44:53.245+0000] {processor.py:840} INFO - DAG(s) 'example_nested_branch_dag' retrieved from /home/airflow/.local/lib/python3.10/site-packages/airflow/example_dags/example_nested_branch_dag.py
[2025-05-09T12:44:53.271+0000] {logging_mixin.py:188} INFO - [2025-05-09T12:44:53.270+0000] {dag.py:3096} INFO - Sync 1 DAGs
[2025-05-09T12:44:53.293+0000] {logging_mixin.py:188} INFO - [2025-05-09T12:44:53.293+0000] {dag.py:3954} INFO - Setting next_dagrun for example_nested_branch_dag to 2025-05-08 00:00:00+00:00, run_after=2025-05-09 00:00:00+00:00
[2025-05-09T12:44:53.312+0000] {processor.py:183} INFO - Processing /home/airflow/.local/lib/python3.10/site-packages/airflow/example_dags/example_nested_branch_dag.py took 0.089 seconds
[2025-05-09T12:45:23.648+0000] {processor.py:161} INFO - Started process (PID=998) to work on /home/airflow/.local/lib/python3.10/site-packages/airflow/example_dags/example_nested_branch_dag.py
[2025-05-09T12:45:23.650+0000] {processor.py:830} INFO - Processing file /home/airflow/.local/lib/python3.10/site-packages/airflow/example_dags/example_nested_branch_dag.py for tasks to queue
[2025-05-09T12:45:23.653+0000] {logging_mixin.py:188} INFO - [2025-05-09T12:45:23.652+0000] {dagbag.py:545} INFO - Filling up the DagBag from /home/airflow/.local/lib/python3.10/site-packages/airflow/example_dags/example_nested_branch_dag.py
[2025-05-09T12:45:23.667+0000] {processor.py:840} INFO - DAG(s) 'example_nested_branch_dag' retrieved from /home/airflow/.local/lib/python3.10/site-packages/airflow/example_dags/example_nested_branch_dag.py
[2025-05-09T12:45:23.723+0000] {logging_mixin.py:188} INFO - [2025-05-09T12:45:23.723+0000] {dag.py:3096} INFO - Sync 1 DAGs
[2025-05-09T12:45:23.787+0000] {logging_mixin.py:188} INFO - [2025-05-09T12:45:23.787+0000] {dag.py:3954} INFO - Setting next_dagrun for example_nested_branch_dag to 2025-05-08 00:00:00+00:00, run_after=2025-05-09 00:00:00+00:00
[2025-05-09T12:45:23.843+0000] {processor.py:183} INFO - Processing /home/airflow/.local/lib/python3.10/site-packages/airflow/example_dags/example_nested_branch_dag.py took 0.202 seconds
[2025-05-09T12:45:54.126+0000] {processor.py:161} INFO - Started process (PID=1260) to work on /home/airflow/.local/lib/python3.10/site-packages/airflow/example_dags/example_nested_branch_dag.py
[2025-05-09T12:45:54.128+0000] {processor.py:830} INFO - Processing file /home/airflow/.local/lib/python3.10/site-packages/airflow/example_dags/example_nested_branch_dag.py for tasks to queue
[2025-05-09T12:45:54.131+0000] {logging_mixin.py:188} INFO - [2025-05-09T12:45:54.130+0000] {dagbag.py:545} INFO - Filling up the DagBag from /home/airflow/.local/lib/python3.10/site-packages/airflow/example_dags/example_nested_branch_dag.py
[2025-05-09T12:45:54.143+0000] {processor.py:840} INFO - DAG(s) 'example_nested_branch_dag' retrieved from /home/airflow/.local/lib/python3.10/site-packages/airflow/example_dags/example_nested_branch_dag.py
[2025-05-09T12:45:54.174+0000] {logging_mixin.py:188} INFO - [2025-05-09T12:45:54.174+0000] {dag.py:3096} INFO - Sync 1 DAGs
[2025-05-09T12:45:54.201+0000] {logging_mixin.py:188} INFO - [2025-05-09T12:45:54.201+0000] {dag.py:3954} INFO - Setting next_dagrun for example_nested_branch_dag to 2025-05-08 00:00:00+00:00, run_after=2025-05-09 00:00:00+00:00
[2025-05-09T12:45:54.239+0000] {processor.py:183} INFO - Processing /home/airflow/.local/lib/python3.10/site-packages/airflow/example_dags/example_nested_branch_dag.py took 0.122 seconds
[2025-05-09T12:46:24.864+0000] {processor.py:161} INFO - Started process (PID=1522) to work on /home/airflow/.local/lib/python3.10/site-packages/airflow/example_dags/example_nested_branch_dag.py
[2025-05-09T12:46:24.866+0000] {processor.py:830} INFO - Processing file /home/airflow/.local/lib/python3.10/site-packages/airflow/example_dags/example_nested_branch_dag.py for tasks to queue
[2025-05-09T12:46:24.868+0000] {logging_mixin.py:188} INFO - [2025-05-09T12:46:24.868+0000] {dagbag.py:545} INFO - Filling up the DagBag from /home/airflow/.local/lib/python3.10/site-packages/airflow/example_dags/example_nested_branch_dag.py
[2025-05-09T12:46:24.879+0000] {processor.py:840} INFO - DAG(s) 'example_nested_branch_dag' retrieved from /home/airflow/.local/lib/python3.10/site-packages/airflow/example_dags/example_nested_branch_dag.py
[2025-05-09T12:46:24.904+0000] {logging_mixin.py:188} INFO - [2025-05-09T12:46:24.904+0000] {dag.py:3096} INFO - Sync 1 DAGs
[2025-05-09T12:46:24.928+0000] {logging_mixin.py:188} INFO - [2025-05-09T12:46:24.927+0000] {dag.py:3954} INFO - Setting next_dagrun for example_nested_branch_dag to 2025-05-08 00:00:00+00:00, run_after=2025-05-09 00:00:00+00:00
[2025-05-09T12:46:24.949+0000] {processor.py:183} INFO - Processing /home/airflow/.local/lib/python3.10/site-packages/airflow/example_dags/example_nested_branch_dag.py took 0.092 seconds
[2025-05-09T12:46:55.349+0000] {processor.py:161} INFO - Started process (PID=1784) to work on /home/airflow/.local/lib/python3.10/site-packages/airflow/example_dags/example_nested_branch_dag.py
[2025-05-09T12:46:55.350+0000] {processor.py:830} INFO - Processing file /home/airflow/.local/lib/python3.10/site-packages/airflow/example_dags/example_nested_branch_dag.py for tasks to queue
[2025-05-09T12:46:55.352+0000] {logging_mixin.py:188} INFO - [2025-05-09T12:46:55.352+0000] {dagbag.py:545} INFO - Filling up the DagBag from /home/airflow/.local/lib/python3.10/site-packages/airflow/example_dags/example_nested_branch_dag.py
[2025-05-09T12:46:55.363+0000] {processor.py:840} INFO - DAG(s) 'example_nested_branch_dag' retrieved from /home/airflow/.local/lib/python3.10/site-packages/airflow/example_dags/example_nested_branch_dag.py
[2025-05-09T12:46:55.388+0000] {logging_mixin.py:188} INFO - [2025-05-09T12:46:55.388+0000] {dag.py:3096} INFO - Sync 1 DAGs
[2025-05-09T12:46:55.426+0000] {logging_mixin.py:188} INFO - [2025-05-09T12:46:55.425+0000] {dag.py:3954} INFO - Setting next_dagrun for example_nested_branch_dag to 2025-05-08 00:00:00+00:00, run_after=2025-05-09 00:00:00+00:00
[2025-05-09T12:46:55.458+0000] {processor.py:183} INFO - Processing /home/airflow/.local/lib/python3.10/site-packages/airflow/example_dags/example_nested_branch_dag.py took 0.115 seconds
[2025-05-09T12:47:26.403+0000] {processor.py:161} INFO - Started process (PID=2055) to work on /home/airflow/.local/lib/python3.10/site-packages/airflow/example_dags/example_nested_branch_dag.py
[2025-05-09T12:47:26.404+0000] {processor.py:830} INFO - Processing file /home/airflow/.local/lib/python3.10/site-packages/airflow/example_dags/example_nested_branch_dag.py for tasks to queue
[2025-05-09T12:47:26.407+0000] {logging_mixin.py:188} INFO - [2025-05-09T12:47:26.406+0000] {dagbag.py:545} INFO - Filling up the DagBag from /home/airflow/.local/lib/python3.10/site-packages/airflow/example_dags/example_nested_branch_dag.py
[2025-05-09T12:47:26.419+0000] {processor.py:840} INFO - DAG(s) 'example_nested_branch_dag' retrieved from /home/airflow/.local/lib/python3.10/site-packages/airflow/example_dags/example_nested_branch_dag.py
[2025-05-09T12:47:26.447+0000] {logging_mixin.py:188} INFO - [2025-05-09T12:47:26.447+0000] {dag.py:3096} INFO - Sync 1 DAGs
[2025-05-09T12:47:26.473+0000] {logging_mixin.py:188} INFO - [2025-05-09T12:47:26.472+0000] {dag.py:3954} INFO - Setting next_dagrun for example_nested_branch_dag to 2025-05-08 00:00:00+00:00, run_after=2025-05-09 00:00:00+00:00
[2025-05-09T12:47:26.504+0000] {processor.py:183} INFO - Processing /home/airflow/.local/lib/python3.10/site-packages/airflow/example_dags/example_nested_branch_dag.py took 0.108 seconds
[2025-05-09T12:47:57.036+0000] {processor.py:161} INFO - Started process (PID=2317) to work on /home/airflow/.local/lib/python3.10/site-packages/airflow/example_dags/example_nested_branch_dag.py
[2025-05-09T12:47:57.037+0000] {processor.py:830} INFO - Processing file /home/airflow/.local/lib/python3.10/site-packages/airflow/example_dags/example_nested_branch_dag.py for tasks to queue
[2025-05-09T12:47:57.041+0000] {logging_mixin.py:188} INFO - [2025-05-09T12:47:57.040+0000] {dagbag.py:545} INFO - Filling up the DagBag from /home/airflow/.local/lib/python3.10/site-packages/airflow/example_dags/example_nested_branch_dag.py
[2025-05-09T12:47:57.054+0000] {processor.py:840} INFO - DAG(s) 'example_nested_branch_dag' retrieved from /home/airflow/.local/lib/python3.10/site-packages/airflow/example_dags/example_nested_branch_dag.py
[2025-05-09T12:47:57.083+0000] {logging_mixin.py:188} INFO - [2025-05-09T12:47:57.082+0000] {dag.py:3096} INFO - Sync 1 DAGs
[2025-05-09T12:47:57.113+0000] {logging_mixin.py:188} INFO - [2025-05-09T12:47:57.113+0000] {dag.py:3954} INFO - Setting next_dagrun for example_nested_branch_dag to 2025-05-08 00:00:00+00:00, run_after=2025-05-09 00:00:00+00:00
[2025-05-09T12:47:57.140+0000] {processor.py:183} INFO - Processing /home/airflow/.local/lib/python3.10/site-packages/airflow/example_dags/example_nested_branch_dag.py took 0.112 seconds
[2025-05-09T12:48:27.442+0000] {processor.py:161} INFO - Started process (PID=2588) to work on /home/airflow/.local/lib/python3.10/site-packages/airflow/example_dags/example_nested_branch_dag.py
[2025-05-09T12:48:27.443+0000] {processor.py:830} INFO - Processing file /home/airflow/.local/lib/python3.10/site-packages/airflow/example_dags/example_nested_branch_dag.py for tasks to queue
[2025-05-09T12:48:27.446+0000] {logging_mixin.py:188} INFO - [2025-05-09T12:48:27.446+0000] {dagbag.py:545} INFO - Filling up the DagBag from /home/airflow/.local/lib/python3.10/site-packages/airflow/example_dags/example_nested_branch_dag.py
[2025-05-09T12:48:27.456+0000] {processor.py:840} INFO - DAG(s) 'example_nested_branch_dag' retrieved from /home/airflow/.local/lib/python3.10/site-packages/airflow/example_dags/example_nested_branch_dag.py
[2025-05-09T12:48:27.483+0000] {logging_mixin.py:188} INFO - [2025-05-09T12:48:27.483+0000] {dag.py:3096} INFO - Sync 1 DAGs
[2025-05-09T12:48:27.507+0000] {logging_mixin.py:188} INFO - [2025-05-09T12:48:27.507+0000] {dag.py:3954} INFO - Setting next_dagrun for example_nested_branch_dag to 2025-05-08 00:00:00+00:00, run_after=2025-05-09 00:00:00+00:00
[2025-05-09T12:48:27.528+0000] {processor.py:183} INFO - Processing /home/airflow/.local/lib/python3.10/site-packages/airflow/example_dags/example_nested_branch_dag.py took 0.093 seconds
[2025-05-09T12:48:58.102+0000] {processor.py:161} INFO - Started process (PID=2850) to work on /home/airflow/.local/lib/python3.10/site-packages/airflow/example_dags/example_nested_branch_dag.py
[2025-05-09T12:48:58.104+0000] {processor.py:830} INFO - Processing file /home/airflow/.local/lib/python3.10/site-packages/airflow/example_dags/example_nested_branch_dag.py for tasks to queue
[2025-05-09T12:48:58.106+0000] {logging_mixin.py:188} INFO - [2025-05-09T12:48:58.106+0000] {dagbag.py:545} INFO - Filling up the DagBag from /home/airflow/.local/lib/python3.10/site-packages/airflow/example_dags/example_nested_branch_dag.py
[2025-05-09T12:48:58.116+0000] {processor.py:840} INFO - DAG(s) 'example_nested_branch_dag' retrieved from /home/airflow/.local/lib/python3.10/site-packages/airflow/example_dags/example_nested_branch_dag.py
[2025-05-09T12:48:58.142+0000] {logging_mixin.py:188} INFO - [2025-05-09T12:48:58.141+0000] {dag.py:3096} INFO - Sync 1 DAGs
[2025-05-09T12:48:58.166+0000] {logging_mixin.py:188} INFO - [2025-05-09T12:48:58.165+0000] {dag.py:3954} INFO - Setting next_dagrun for example_nested_branch_dag to 2025-05-08 00:00:00+00:00, run_after=2025-05-09 00:00:00+00:00
[2025-05-09T12:48:58.189+0000] {processor.py:183} INFO - Processing /home/airflow/.local/lib/python3.10/site-packages/airflow/example_dags/example_nested_branch_dag.py took 0.095 seconds
[2025-05-09T12:49:28.961+0000] {processor.py:161} INFO - Started process (PID=3112) to work on /home/airflow/.local/lib/python3.10/site-packages/airflow/example_dags/example_nested_branch_dag.py
[2025-05-09T12:49:28.964+0000] {processor.py:830} INFO - Processing file /home/airflow/.local/lib/python3.10/site-packages/airflow/example_dags/example_nested_branch_dag.py for tasks to queue
[2025-05-09T12:49:28.968+0000] {logging_mixin.py:188} INFO - [2025-05-09T12:49:28.967+0000] {dagbag.py:545} INFO - Filling up the DagBag from /home/airflow/.local/lib/python3.10/site-packages/airflow/example_dags/example_nested_branch_dag.py
[2025-05-09T12:49:28.980+0000] {processor.py:840} INFO - DAG(s) 'example_nested_branch_dag' retrieved from /home/airflow/.local/lib/python3.10/site-packages/airflow/example_dags/example_nested_branch_dag.py
[2025-05-09T12:49:29.044+0000] {logging_mixin.py:188} INFO - [2025-05-09T12:49:29.044+0000] {dag.py:3096} INFO - Sync 1 DAGs
[2025-05-09T12:49:29.106+0000] {logging_mixin.py:188} INFO - [2025-05-09T12:49:29.105+0000] {dag.py:3954} INFO - Setting next_dagrun for example_nested_branch_dag to 2025-05-08 00:00:00+00:00, run_after=2025-05-09 00:00:00+00:00
[2025-05-09T12:49:29.153+0000] {processor.py:183} INFO - Processing /home/airflow/.local/lib/python3.10/site-packages/airflow/example_dags/example_nested_branch_dag.py took 0.203 seconds
[2025-05-09T12:49:59.605+0000] {processor.py:161} INFO - Started process (PID=3374) to work on /home/airflow/.local/lib/python3.10/site-packages/airflow/example_dags/example_nested_branch_dag.py
[2025-05-09T12:49:59.607+0000] {processor.py:830} INFO - Processing file /home/airflow/.local/lib/python3.10/site-packages/airflow/example_dags/example_nested_branch_dag.py for tasks to queue
[2025-05-09T12:49:59.611+0000] {logging_mixin.py:188} INFO - [2025-05-09T12:49:59.611+0000] {dagbag.py:545} INFO - Filling up the DagBag from /home/airflow/.local/lib/python3.10/site-packages/airflow/example_dags/example_nested_branch_dag.py
[2025-05-09T12:49:59.627+0000] {processor.py:840} INFO - DAG(s) 'example_nested_branch_dag' retrieved from /home/airflow/.local/lib/python3.10/site-packages/airflow/example_dags/example_nested_branch_dag.py
[2025-05-09T12:49:59.655+0000] {logging_mixin.py:188} INFO - [2025-05-09T12:49:59.655+0000] {dag.py:3096} INFO - Sync 1 DAGs
[2025-05-09T12:49:59.682+0000] {logging_mixin.py:188} INFO - [2025-05-09T12:49:59.682+0000] {dag.py:3954} INFO - Setting next_dagrun for example_nested_branch_dag to 2025-05-08 00:00:00+00:00, run_after=2025-05-09 00:00:00+00:00
[2025-05-09T12:49:59.711+0000] {processor.py:183} INFO - Processing /home/airflow/.local/lib/python3.10/site-packages/airflow/example_dags/example_nested_branch_dag.py took 0.113 seconds
[2025-05-09T12:50:30.062+0000] {processor.py:161} INFO - Started process (PID=3645) to work on /home/airflow/.local/lib/python3.10/site-packages/airflow/example_dags/example_nested_branch_dag.py
[2025-05-09T12:50:30.064+0000] {processor.py:830} INFO - Processing file /home/airflow/.local/lib/python3.10/site-packages/airflow/example_dags/example_nested_branch_dag.py for tasks to queue
[2025-05-09T12:50:30.067+0000] {logging_mixin.py:188} INFO - [2025-05-09T12:50:30.067+0000] {dagbag.py:545} INFO - Filling up the DagBag from /home/airflow/.local/lib/python3.10/site-packages/airflow/example_dags/example_nested_branch_dag.py
[2025-05-09T12:50:30.080+0000] {processor.py:840} INFO - DAG(s) 'example_nested_branch_dag' retrieved from /home/airflow/.local/lib/python3.10/site-packages/airflow/example_dags/example_nested_branch_dag.py
[2025-05-09T12:50:30.107+0000] {logging_mixin.py:188} INFO - [2025-05-09T12:50:30.106+0000] {dag.py:3096} INFO - Sync 1 DAGs
[2025-05-09T12:50:30.132+0000] {logging_mixin.py:188} INFO - [2025-05-09T12:50:30.131+0000] {dag.py:3954} INFO - Setting next_dagrun for example_nested_branch_dag to 2025-05-08 00:00:00+00:00, run_after=2025-05-09 00:00:00+00:00
[2025-05-09T12:50:30.160+0000] {processor.py:183} INFO - Processing /home/airflow/.local/lib/python3.10/site-packages/airflow/example_dags/example_nested_branch_dag.py took 0.105 seconds
[2025-05-09T12:51:00.511+0000] {processor.py:161} INFO - Started process (PID=3907) to work on /home/airflow/.local/lib/python3.10/site-packages/airflow/example_dags/example_nested_branch_dag.py
[2025-05-09T12:51:00.513+0000] {processor.py:830} INFO - Processing file /home/airflow/.local/lib/python3.10/site-packages/airflow/example_dags/example_nested_branch_dag.py for tasks to queue
[2025-05-09T12:51:00.517+0000] {logging_mixin.py:188} INFO - [2025-05-09T12:51:00.516+0000] {dagbag.py:545} INFO - Filling up the DagBag from /home/airflow/.local/lib/python3.10/site-packages/airflow/example_dags/example_nested_branch_dag.py
[2025-05-09T12:51:00.533+0000] {processor.py:840} INFO - DAG(s) 'example_nested_branch_dag' retrieved from /home/airflow/.local/lib/python3.10/site-packages/airflow/example_dags/example_nested_branch_dag.py
[2025-05-09T12:51:00.580+0000] {logging_mixin.py:188} INFO - [2025-05-09T12:51:00.579+0000] {dag.py:3096} INFO - Sync 1 DAGs
[2025-05-09T12:51:00.624+0000] {logging_mixin.py:188} INFO - [2025-05-09T12:51:00.623+0000] {dag.py:3954} INFO - Setting next_dagrun for example_nested_branch_dag to 2025-05-08 00:00:00+00:00, run_after=2025-05-09 00:00:00+00:00
[2025-05-09T12:51:00.665+0000] {processor.py:183} INFO - Processing /home/airflow/.local/lib/python3.10/site-packages/airflow/example_dags/example_nested_branch_dag.py took 0.165 seconds
[2025-05-09T12:52:21.344+0000] {processor.py:161} INFO - Started process (PID=214) to work on /home/airflow/.local/lib/python3.10/site-packages/airflow/example_dags/example_nested_branch_dag.py
[2025-05-09T12:52:21.348+0000] {processor.py:830} INFO - Processing file /home/airflow/.local/lib/python3.10/site-packages/airflow/example_dags/example_nested_branch_dag.py for tasks to queue
[2025-05-09T12:52:21.353+0000] {logging_mixin.py:188} INFO - [2025-05-09T12:52:21.352+0000] {dagbag.py:545} INFO - Filling up the DagBag from /home/airflow/.local/lib/python3.10/site-packages/airflow/example_dags/example_nested_branch_dag.py
[2025-05-09T12:52:21.378+0000] {processor.py:840} INFO - DAG(s) 'example_nested_branch_dag' retrieved from /home/airflow/.local/lib/python3.10/site-packages/airflow/example_dags/example_nested_branch_dag.py
[2025-05-09T12:52:21.412+0000] {logging_mixin.py:188} INFO - [2025-05-09T12:52:21.411+0000] {dag.py:3096} INFO - Sync 1 DAGs
[2025-05-09T12:52:21.457+0000] {logging_mixin.py:188} INFO - [2025-05-09T12:52:21.456+0000] {dag.py:3954} INFO - Setting next_dagrun for example_nested_branch_dag to 2025-05-08 00:00:00+00:00, run_after=2025-05-09 00:00:00+00:00
[2025-05-09T12:52:21.498+0000] {processor.py:183} INFO - Processing /home/airflow/.local/lib/python3.10/site-packages/airflow/example_dags/example_nested_branch_dag.py took 0.165 seconds
[2025-05-09T12:52:52.543+0000] {processor.py:161} INFO - Started process (PID=479) to work on /home/airflow/.local/lib/python3.10/site-packages/airflow/example_dags/example_nested_branch_dag.py
[2025-05-09T12:52:52.545+0000] {processor.py:830} INFO - Processing file /home/airflow/.local/lib/python3.10/site-packages/airflow/example_dags/example_nested_branch_dag.py for tasks to queue
[2025-05-09T12:52:52.547+0000] {logging_mixin.py:188} INFO - [2025-05-09T12:52:52.547+0000] {dagbag.py:545} INFO - Filling up the DagBag from /home/airflow/.local/lib/python3.10/site-packages/airflow/example_dags/example_nested_branch_dag.py
[2025-05-09T12:52:52.561+0000] {processor.py:840} INFO - DAG(s) 'example_nested_branch_dag' retrieved from /home/airflow/.local/lib/python3.10/site-packages/airflow/example_dags/example_nested_branch_dag.py
[2025-05-09T12:52:52.675+0000] {logging_mixin.py:188} INFO - [2025-05-09T12:52:52.675+0000] {dag.py:3096} INFO - Sync 1 DAGs
[2025-05-09T12:52:52.704+0000] {logging_mixin.py:188} INFO - [2025-05-09T12:52:52.703+0000] {dag.py:3954} INFO - Setting next_dagrun for example_nested_branch_dag to 2025-05-08 00:00:00+00:00, run_after=2025-05-09 00:00:00+00:00
[2025-05-09T12:52:52.731+0000] {processor.py:183} INFO - Processing /home/airflow/.local/lib/python3.10/site-packages/airflow/example_dags/example_nested_branch_dag.py took 0.196 seconds
[2025-05-09T12:53:22.843+0000] {processor.py:161} INFO - Started process (PID=739) to work on /home/airflow/.local/lib/python3.10/site-packages/airflow/example_dags/example_nested_branch_dag.py
[2025-05-09T12:53:22.845+0000] {processor.py:830} INFO - Processing file /home/airflow/.local/lib/python3.10/site-packages/airflow/example_dags/example_nested_branch_dag.py for tasks to queue
[2025-05-09T12:53:22.848+0000] {logging_mixin.py:188} INFO - [2025-05-09T12:53:22.847+0000] {dagbag.py:545} INFO - Filling up the DagBag from /home/airflow/.local/lib/python3.10/site-packages/airflow/example_dags/example_nested_branch_dag.py
[2025-05-09T12:53:22.861+0000] {processor.py:840} INFO - DAG(s) 'example_nested_branch_dag' retrieved from /home/airflow/.local/lib/python3.10/site-packages/airflow/example_dags/example_nested_branch_dag.py
[2025-05-09T12:53:22.892+0000] {logging_mixin.py:188} INFO - [2025-05-09T12:53:22.892+0000] {dag.py:3096} INFO - Sync 1 DAGs
[2025-05-09T12:53:22.921+0000] {logging_mixin.py:188} INFO - [2025-05-09T12:53:22.920+0000] {dag.py:3954} INFO - Setting next_dagrun for example_nested_branch_dag to 2025-05-08 00:00:00+00:00, run_after=2025-05-09 00:00:00+00:00
[2025-05-09T12:53:22.945+0000] {processor.py:183} INFO - Processing /home/airflow/.local/lib/python3.10/site-packages/airflow/example_dags/example_nested_branch_dag.py took 0.110 seconds
[2025-05-09T12:53:53.743+0000] {processor.py:161} INFO - Started process (PID=1004) to work on /home/airflow/.local/lib/python3.10/site-packages/airflow/example_dags/example_nested_branch_dag.py
[2025-05-09T12:53:53.745+0000] {processor.py:830} INFO - Processing file /home/airflow/.local/lib/python3.10/site-packages/airflow/example_dags/example_nested_branch_dag.py for tasks to queue
[2025-05-09T12:53:53.747+0000] {logging_mixin.py:188} INFO - [2025-05-09T12:53:53.747+0000] {dagbag.py:545} INFO - Filling up the DagBag from /home/airflow/.local/lib/python3.10/site-packages/airflow/example_dags/example_nested_branch_dag.py
[2025-05-09T12:53:53.759+0000] {processor.py:840} INFO - DAG(s) 'example_nested_branch_dag' retrieved from /home/airflow/.local/lib/python3.10/site-packages/airflow/example_dags/example_nested_branch_dag.py
[2025-05-09T12:53:53.791+0000] {logging_mixin.py:188} INFO - [2025-05-09T12:53:53.791+0000] {dag.py:3096} INFO - Sync 1 DAGs
[2025-05-09T12:53:53.814+0000] {logging_mixin.py:188} INFO - [2025-05-09T12:53:53.814+0000] {dag.py:3954} INFO - Setting next_dagrun for example_nested_branch_dag to 2025-05-08 00:00:00+00:00, run_after=2025-05-09 00:00:00+00:00
[2025-05-09T12:53:53.839+0000] {processor.py:183} INFO - Processing /home/airflow/.local/lib/python3.10/site-packages/airflow/example_dags/example_nested_branch_dag.py took 0.102 seconds
[2025-05-09T12:54:24.475+0000] {processor.py:161} INFO - Started process (PID=1266) to work on /home/airflow/.local/lib/python3.10/site-packages/airflow/example_dags/example_nested_branch_dag.py
[2025-05-09T12:54:24.477+0000] {processor.py:830} INFO - Processing file /home/airflow/.local/lib/python3.10/site-packages/airflow/example_dags/example_nested_branch_dag.py for tasks to queue
[2025-05-09T12:54:24.479+0000] {logging_mixin.py:188} INFO - [2025-05-09T12:54:24.479+0000] {dagbag.py:545} INFO - Filling up the DagBag from /home/airflow/.local/lib/python3.10/site-packages/airflow/example_dags/example_nested_branch_dag.py
[2025-05-09T12:54:24.490+0000] {processor.py:840} INFO - DAG(s) 'example_nested_branch_dag' retrieved from /home/airflow/.local/lib/python3.10/site-packages/airflow/example_dags/example_nested_branch_dag.py
[2025-05-09T12:54:24.514+0000] {logging_mixin.py:188} INFO - [2025-05-09T12:54:24.514+0000] {dag.py:3096} INFO - Sync 1 DAGs
[2025-05-09T12:54:24.544+0000] {logging_mixin.py:188} INFO - [2025-05-09T12:54:24.544+0000] {dag.py:3954} INFO - Setting next_dagrun for example_nested_branch_dag to 2025-05-08 00:00:00+00:00, run_after=2025-05-09 00:00:00+00:00
[2025-05-09T12:54:24.575+0000] {processor.py:183} INFO - Processing /home/airflow/.local/lib/python3.10/site-packages/airflow/example_dags/example_nested_branch_dag.py took 0.106 seconds
[2025-05-09T12:54:54.855+0000] {processor.py:161} INFO - Started process (PID=1528) to work on /home/airflow/.local/lib/python3.10/site-packages/airflow/example_dags/example_nested_branch_dag.py
[2025-05-09T12:54:54.856+0000] {processor.py:830} INFO - Processing file /home/airflow/.local/lib/python3.10/site-packages/airflow/example_dags/example_nested_branch_dag.py for tasks to queue
[2025-05-09T12:54:54.858+0000] {logging_mixin.py:188} INFO - [2025-05-09T12:54:54.858+0000] {dagbag.py:545} INFO - Filling up the DagBag from /home/airflow/.local/lib/python3.10/site-packages/airflow/example_dags/example_nested_branch_dag.py
[2025-05-09T12:54:54.869+0000] {processor.py:840} INFO - DAG(s) 'example_nested_branch_dag' retrieved from /home/airflow/.local/lib/python3.10/site-packages/airflow/example_dags/example_nested_branch_dag.py
[2025-05-09T12:54:54.898+0000] {logging_mixin.py:188} INFO - [2025-05-09T12:54:54.898+0000] {dag.py:3096} INFO - Sync 1 DAGs
[2025-05-09T12:54:54.921+0000] {logging_mixin.py:188} INFO - [2025-05-09T12:54:54.921+0000] {dag.py:3954} INFO - Setting next_dagrun for example_nested_branch_dag to 2025-05-08 00:00:00+00:00, run_after=2025-05-09 00:00:00+00:00
[2025-05-09T12:54:54.947+0000] {processor.py:183} INFO - Processing /home/airflow/.local/lib/python3.10/site-packages/airflow/example_dags/example_nested_branch_dag.py took 0.098 seconds
[2025-05-09T12:55:25.373+0000] {processor.py:161} INFO - Started process (PID=1793) to work on /home/airflow/.local/lib/python3.10/site-packages/airflow/example_dags/example_nested_branch_dag.py
[2025-05-09T12:55:25.375+0000] {processor.py:830} INFO - Processing file /home/airflow/.local/lib/python3.10/site-packages/airflow/example_dags/example_nested_branch_dag.py for tasks to queue
[2025-05-09T12:55:25.378+0000] {logging_mixin.py:188} INFO - [2025-05-09T12:55:25.378+0000] {dagbag.py:545} INFO - Filling up the DagBag from /home/airflow/.local/lib/python3.10/site-packages/airflow/example_dags/example_nested_branch_dag.py
[2025-05-09T12:55:25.387+0000] {processor.py:840} INFO - DAG(s) 'example_nested_branch_dag' retrieved from /home/airflow/.local/lib/python3.10/site-packages/airflow/example_dags/example_nested_branch_dag.py
[2025-05-09T12:55:25.414+0000] {logging_mixin.py:188} INFO - [2025-05-09T12:55:25.413+0000] {dag.py:3096} INFO - Sync 1 DAGs
[2025-05-09T12:55:25.439+0000] {logging_mixin.py:188} INFO - [2025-05-09T12:55:25.439+0000] {dag.py:3954} INFO - Setting next_dagrun for example_nested_branch_dag to 2025-05-08 00:00:00+00:00, run_after=2025-05-09 00:00:00+00:00
[2025-05-09T12:55:25.465+0000] {processor.py:183} INFO - Processing /home/airflow/.local/lib/python3.10/site-packages/airflow/example_dags/example_nested_branch_dag.py took 0.098 seconds
[2025-05-09T12:57:14.397+0000] {processor.py:161} INFO - Started process (PID=213) to work on /home/airflow/.local/lib/python3.10/site-packages/airflow/example_dags/example_nested_branch_dag.py
[2025-05-09T12:57:14.400+0000] {processor.py:830} INFO - Processing file /home/airflow/.local/lib/python3.10/site-packages/airflow/example_dags/example_nested_branch_dag.py for tasks to queue
[2025-05-09T12:57:14.404+0000] {logging_mixin.py:188} INFO - [2025-05-09T12:57:14.404+0000] {dagbag.py:545} INFO - Filling up the DagBag from /home/airflow/.local/lib/python3.10/site-packages/airflow/example_dags/example_nested_branch_dag.py
[2025-05-09T12:57:14.421+0000] {processor.py:840} INFO - DAG(s) 'example_nested_branch_dag' retrieved from /home/airflow/.local/lib/python3.10/site-packages/airflow/example_dags/example_nested_branch_dag.py
[2025-05-09T12:57:14.447+0000] {logging_mixin.py:188} INFO - [2025-05-09T12:57:14.447+0000] {dag.py:3096} INFO - Sync 1 DAGs
[2025-05-09T12:57:14.496+0000] {logging_mixin.py:188} INFO - [2025-05-09T12:57:14.496+0000] {dag.py:3954} INFO - Setting next_dagrun for example_nested_branch_dag to 2025-05-08 00:00:00+00:00, run_after=2025-05-09 00:00:00+00:00
[2025-05-09T12:57:14.541+0000] {processor.py:183} INFO - Processing /home/airflow/.local/lib/python3.10/site-packages/airflow/example_dags/example_nested_branch_dag.py took 0.155 seconds
[2025-05-09T12:57:44.945+0000] {processor.py:161} INFO - Started process (PID=475) to work on /home/airflow/.local/lib/python3.10/site-packages/airflow/example_dags/example_nested_branch_dag.py
[2025-05-09T12:57:44.947+0000] {processor.py:830} INFO - Processing file /home/airflow/.local/lib/python3.10/site-packages/airflow/example_dags/example_nested_branch_dag.py for tasks to queue
[2025-05-09T12:57:44.949+0000] {logging_mixin.py:188} INFO - [2025-05-09T12:57:44.949+0000] {dagbag.py:545} INFO - Filling up the DagBag from /home/airflow/.local/lib/python3.10/site-packages/airflow/example_dags/example_nested_branch_dag.py
[2025-05-09T12:57:44.960+0000] {processor.py:840} INFO - DAG(s) 'example_nested_branch_dag' retrieved from /home/airflow/.local/lib/python3.10/site-packages/airflow/example_dags/example_nested_branch_dag.py
[2025-05-09T12:57:45.050+0000] {logging_mixin.py:188} INFO - [2025-05-09T12:57:45.050+0000] {dag.py:3096} INFO - Sync 1 DAGs
[2025-05-09T12:57:45.069+0000] {logging_mixin.py:188} INFO - [2025-05-09T12:57:45.069+0000] {dag.py:3954} INFO - Setting next_dagrun for example_nested_branch_dag to 2025-05-08 00:00:00+00:00, run_after=2025-05-09 00:00:00+00:00
[2025-05-09T12:57:45.089+0000] {processor.py:183} INFO - Processing /home/airflow/.local/lib/python3.10/site-packages/airflow/example_dags/example_nested_branch_dag.py took 0.150 seconds
[2025-05-09T12:58:15.155+0000] {processor.py:161} INFO - Started process (PID=737) to work on /home/airflow/.local/lib/python3.10/site-packages/airflow/example_dags/example_nested_branch_dag.py
[2025-05-09T12:58:15.157+0000] {processor.py:830} INFO - Processing file /home/airflow/.local/lib/python3.10/site-packages/airflow/example_dags/example_nested_branch_dag.py for tasks to queue
[2025-05-09T12:58:15.159+0000] {logging_mixin.py:188} INFO - [2025-05-09T12:58:15.159+0000] {dagbag.py:545} INFO - Filling up the DagBag from /home/airflow/.local/lib/python3.10/site-packages/airflow/example_dags/example_nested_branch_dag.py
[2025-05-09T12:58:15.171+0000] {processor.py:840} INFO - DAG(s) 'example_nested_branch_dag' retrieved from /home/airflow/.local/lib/python3.10/site-packages/airflow/example_dags/example_nested_branch_dag.py
[2025-05-09T12:58:15.201+0000] {logging_mixin.py:188} INFO - [2025-05-09T12:58:15.201+0000] {dag.py:3096} INFO - Sync 1 DAGs
[2025-05-09T12:58:15.226+0000] {logging_mixin.py:188} INFO - [2025-05-09T12:58:15.226+0000] {dag.py:3954} INFO - Setting next_dagrun for example_nested_branch_dag to 2025-05-08 00:00:00+00:00, run_after=2025-05-09 00:00:00+00:00
[2025-05-09T12:58:15.249+0000] {processor.py:183} INFO - Processing /home/airflow/.local/lib/python3.10/site-packages/airflow/example_dags/example_nested_branch_dag.py took 0.101 seconds
[2025-05-09T12:58:46.390+0000] {processor.py:161} INFO - Started process (PID=1001) to work on /home/airflow/.local/lib/python3.10/site-packages/airflow/example_dags/example_nested_branch_dag.py
[2025-05-09T12:58:46.392+0000] {processor.py:830} INFO - Processing file /home/airflow/.local/lib/python3.10/site-packages/airflow/example_dags/example_nested_branch_dag.py for tasks to queue
[2025-05-09T12:58:46.394+0000] {logging_mixin.py:188} INFO - [2025-05-09T12:58:46.394+0000] {dagbag.py:545} INFO - Filling up the DagBag from /home/airflow/.local/lib/python3.10/site-packages/airflow/example_dags/example_nested_branch_dag.py
[2025-05-09T12:58:46.404+0000] {processor.py:840} INFO - DAG(s) 'example_nested_branch_dag' retrieved from /home/airflow/.local/lib/python3.10/site-packages/airflow/example_dags/example_nested_branch_dag.py
[2025-05-09T12:58:46.429+0000] {logging_mixin.py:188} INFO - [2025-05-09T12:58:46.429+0000] {dag.py:3096} INFO - Sync 1 DAGs
[2025-05-09T12:58:46.454+0000] {logging_mixin.py:188} INFO - [2025-05-09T12:58:46.453+0000] {dag.py:3954} INFO - Setting next_dagrun for example_nested_branch_dag to 2025-05-08 00:00:00+00:00, run_after=2025-05-09 00:00:00+00:00
[2025-05-09T12:58:46.474+0000] {processor.py:183} INFO - Processing /home/airflow/.local/lib/python3.10/site-packages/airflow/example_dags/example_nested_branch_dag.py took 0.092 seconds
[2025-05-09T12:59:16.881+0000] {processor.py:161} INFO - Started process (PID=1263) to work on /home/airflow/.local/lib/python3.10/site-packages/airflow/example_dags/example_nested_branch_dag.py
[2025-05-09T12:59:16.882+0000] {processor.py:830} INFO - Processing file /home/airflow/.local/lib/python3.10/site-packages/airflow/example_dags/example_nested_branch_dag.py for tasks to queue
[2025-05-09T12:59:16.884+0000] {logging_mixin.py:188} INFO - [2025-05-09T12:59:16.884+0000] {dagbag.py:545} INFO - Filling up the DagBag from /home/airflow/.local/lib/python3.10/site-packages/airflow/example_dags/example_nested_branch_dag.py
[2025-05-09T12:59:16.894+0000] {processor.py:840} INFO - DAG(s) 'example_nested_branch_dag' retrieved from /home/airflow/.local/lib/python3.10/site-packages/airflow/example_dags/example_nested_branch_dag.py
[2025-05-09T12:59:16.925+0000] {logging_mixin.py:188} INFO - [2025-05-09T12:59:16.924+0000] {dag.py:3096} INFO - Sync 1 DAGs
[2025-05-09T12:59:16.952+0000] {logging_mixin.py:188} INFO - [2025-05-09T12:59:16.952+0000] {dag.py:3954} INFO - Setting next_dagrun for example_nested_branch_dag to 2025-05-08 00:00:00+00:00, run_after=2025-05-09 00:00:00+00:00
[2025-05-09T12:59:16.976+0000] {processor.py:183} INFO - Processing /home/airflow/.local/lib/python3.10/site-packages/airflow/example_dags/example_nested_branch_dag.py took 0.102 seconds
[2025-05-09T12:59:47.982+0000] {processor.py:161} INFO - Started process (PID=1525) to work on /home/airflow/.local/lib/python3.10/site-packages/airflow/example_dags/example_nested_branch_dag.py
[2025-05-09T12:59:47.984+0000] {processor.py:830} INFO - Processing file /home/airflow/.local/lib/python3.10/site-packages/airflow/example_dags/example_nested_branch_dag.py for tasks to queue
[2025-05-09T12:59:47.987+0000] {logging_mixin.py:188} INFO - [2025-05-09T12:59:47.986+0000] {dagbag.py:545} INFO - Filling up the DagBag from /home/airflow/.local/lib/python3.10/site-packages/airflow/example_dags/example_nested_branch_dag.py
[2025-05-09T12:59:47.998+0000] {processor.py:840} INFO - DAG(s) 'example_nested_branch_dag' retrieved from /home/airflow/.local/lib/python3.10/site-packages/airflow/example_dags/example_nested_branch_dag.py
[2025-05-09T12:59:48.023+0000] {logging_mixin.py:188} INFO - [2025-05-09T12:59:48.023+0000] {dag.py:3096} INFO - Sync 1 DAGs
[2025-05-09T12:59:48.047+0000] {logging_mixin.py:188} INFO - [2025-05-09T12:59:48.046+0000] {dag.py:3954} INFO - Setting next_dagrun for example_nested_branch_dag to 2025-05-08 00:00:00+00:00, run_after=2025-05-09 00:00:00+00:00
[2025-05-09T12:59:48.072+0000] {processor.py:183} INFO - Processing /home/airflow/.local/lib/python3.10/site-packages/airflow/example_dags/example_nested_branch_dag.py took 0.097 seconds
[2025-05-09T13:00:18.363+0000] {processor.py:161} INFO - Started process (PID=1796) to work on /home/airflow/.local/lib/python3.10/site-packages/airflow/example_dags/example_nested_branch_dag.py
[2025-05-09T13:00:18.364+0000] {processor.py:830} INFO - Processing file /home/airflow/.local/lib/python3.10/site-packages/airflow/example_dags/example_nested_branch_dag.py for tasks to queue
[2025-05-09T13:00:18.367+0000] {logging_mixin.py:188} INFO - [2025-05-09T13:00:18.366+0000] {dagbag.py:545} INFO - Filling up the DagBag from /home/airflow/.local/lib/python3.10/site-packages/airflow/example_dags/example_nested_branch_dag.py
[2025-05-09T13:00:18.376+0000] {processor.py:840} INFO - DAG(s) 'example_nested_branch_dag' retrieved from /home/airflow/.local/lib/python3.10/site-packages/airflow/example_dags/example_nested_branch_dag.py
[2025-05-09T13:00:18.400+0000] {logging_mixin.py:188} INFO - [2025-05-09T13:00:18.399+0000] {dag.py:3096} INFO - Sync 1 DAGs
[2025-05-09T13:00:18.422+0000] {logging_mixin.py:188} INFO - [2025-05-09T13:00:18.421+0000] {dag.py:3954} INFO - Setting next_dagrun for example_nested_branch_dag to 2025-05-08 00:00:00+00:00, run_after=2025-05-09 00:00:00+00:00
[2025-05-09T13:00:18.444+0000] {processor.py:183} INFO - Processing /home/airflow/.local/lib/python3.10/site-packages/airflow/example_dags/example_nested_branch_dag.py took 0.088 seconds
[2025-05-09T13:00:49.218+0000] {processor.py:161} INFO - Started process (PID=2056) to work on /home/airflow/.local/lib/python3.10/site-packages/airflow/example_dags/example_nested_branch_dag.py
[2025-05-09T13:00:49.219+0000] {processor.py:830} INFO - Processing file /home/airflow/.local/lib/python3.10/site-packages/airflow/example_dags/example_nested_branch_dag.py for tasks to queue
[2025-05-09T13:00:49.222+0000] {logging_mixin.py:188} INFO - [2025-05-09T13:00:49.221+0000] {dagbag.py:545} INFO - Filling up the DagBag from /home/airflow/.local/lib/python3.10/site-packages/airflow/example_dags/example_nested_branch_dag.py
[2025-05-09T13:00:49.233+0000] {processor.py:840} INFO - DAG(s) 'example_nested_branch_dag' retrieved from /home/airflow/.local/lib/python3.10/site-packages/airflow/example_dags/example_nested_branch_dag.py
[2025-05-09T13:00:49.256+0000] {logging_mixin.py:188} INFO - [2025-05-09T13:00:49.256+0000] {dag.py:3096} INFO - Sync 1 DAGs
[2025-05-09T13:00:49.278+0000] {logging_mixin.py:188} INFO - [2025-05-09T13:00:49.278+0000] {dag.py:3954} INFO - Setting next_dagrun for example_nested_branch_dag to 2025-05-08 00:00:00+00:00, run_after=2025-05-09 00:00:00+00:00
[2025-05-09T13:00:49.298+0000] {processor.py:183} INFO - Processing /home/airflow/.local/lib/python3.10/site-packages/airflow/example_dags/example_nested_branch_dag.py took 0.086 seconds
[2025-05-09T13:01:20.215+0000] {processor.py:161} INFO - Started process (PID=2318) to work on /home/airflow/.local/lib/python3.10/site-packages/airflow/example_dags/example_nested_branch_dag.py
[2025-05-09T13:01:20.216+0000] {processor.py:830} INFO - Processing file /home/airflow/.local/lib/python3.10/site-packages/airflow/example_dags/example_nested_branch_dag.py for tasks to queue
[2025-05-09T13:01:20.218+0000] {logging_mixin.py:188} INFO - [2025-05-09T13:01:20.218+0000] {dagbag.py:545} INFO - Filling up the DagBag from /home/airflow/.local/lib/python3.10/site-packages/airflow/example_dags/example_nested_branch_dag.py
[2025-05-09T13:01:20.233+0000] {processor.py:840} INFO - DAG(s) 'example_nested_branch_dag' retrieved from /home/airflow/.local/lib/python3.10/site-packages/airflow/example_dags/example_nested_branch_dag.py
[2025-05-09T13:01:20.259+0000] {logging_mixin.py:188} INFO - [2025-05-09T13:01:20.259+0000] {dag.py:3096} INFO - Sync 1 DAGs
[2025-05-09T13:01:20.289+0000] {logging_mixin.py:188} INFO - [2025-05-09T13:01:20.288+0000] {dag.py:3954} INFO - Setting next_dagrun for example_nested_branch_dag to 2025-05-08 00:00:00+00:00, run_after=2025-05-09 00:00:00+00:00
[2025-05-09T13:01:20.310+0000] {processor.py:183} INFO - Processing /home/airflow/.local/lib/python3.10/site-packages/airflow/example_dags/example_nested_branch_dag.py took 0.101 seconds
[2025-05-09T13:01:50.598+0000] {processor.py:161} INFO - Started process (PID=2580) to work on /home/airflow/.local/lib/python3.10/site-packages/airflow/example_dags/example_nested_branch_dag.py
[2025-05-09T13:01:50.599+0000] {processor.py:830} INFO - Processing file /home/airflow/.local/lib/python3.10/site-packages/airflow/example_dags/example_nested_branch_dag.py for tasks to queue
[2025-05-09T13:01:50.601+0000] {logging_mixin.py:188} INFO - [2025-05-09T13:01:50.601+0000] {dagbag.py:545} INFO - Filling up the DagBag from /home/airflow/.local/lib/python3.10/site-packages/airflow/example_dags/example_nested_branch_dag.py
[2025-05-09T13:01:50.612+0000] {processor.py:840} INFO - DAG(s) 'example_nested_branch_dag' retrieved from /home/airflow/.local/lib/python3.10/site-packages/airflow/example_dags/example_nested_branch_dag.py
[2025-05-09T13:01:50.637+0000] {logging_mixin.py:188} INFO - [2025-05-09T13:01:50.637+0000] {dag.py:3096} INFO - Sync 1 DAGs
[2025-05-09T13:01:50.666+0000] {logging_mixin.py:188} INFO - [2025-05-09T13:01:50.665+0000] {dag.py:3954} INFO - Setting next_dagrun for example_nested_branch_dag to 2025-05-08 00:00:00+00:00, run_after=2025-05-09 00:00:00+00:00
[2025-05-09T13:01:50.688+0000] {processor.py:183} INFO - Processing /home/airflow/.local/lib/python3.10/site-packages/airflow/example_dags/example_nested_branch_dag.py took 0.097 seconds
[2025-05-09T13:02:20.864+0000] {processor.py:161} INFO - Started process (PID=2841) to work on /home/airflow/.local/lib/python3.10/site-packages/airflow/example_dags/example_nested_branch_dag.py
[2025-05-09T13:02:20.865+0000] {processor.py:830} INFO - Processing file /home/airflow/.local/lib/python3.10/site-packages/airflow/example_dags/example_nested_branch_dag.py for tasks to queue
[2025-05-09T13:02:20.868+0000] {logging_mixin.py:188} INFO - [2025-05-09T13:02:20.868+0000] {dagbag.py:545} INFO - Filling up the DagBag from /home/airflow/.local/lib/python3.10/site-packages/airflow/example_dags/example_nested_branch_dag.py
[2025-05-09T13:02:20.883+0000] {processor.py:840} INFO - DAG(s) 'example_nested_branch_dag' retrieved from /home/airflow/.local/lib/python3.10/site-packages/airflow/example_dags/example_nested_branch_dag.py
[2025-05-09T13:02:20.910+0000] {logging_mixin.py:188} INFO - [2025-05-09T13:02:20.910+0000] {dag.py:3096} INFO - Sync 1 DAGs
[2025-05-09T13:02:20.944+0000] {logging_mixin.py:188} INFO - [2025-05-09T13:02:20.944+0000] {dag.py:3954} INFO - Setting next_dagrun for example_nested_branch_dag to 2025-05-08 00:00:00+00:00, run_after=2025-05-09 00:00:00+00:00
[2025-05-09T13:02:20.972+0000] {processor.py:183} INFO - Processing /home/airflow/.local/lib/python3.10/site-packages/airflow/example_dags/example_nested_branch_dag.py took 0.118 seconds
[2025-05-09T13:02:51.288+0000] {processor.py:161} INFO - Started process (PID=3100) to work on /home/airflow/.local/lib/python3.10/site-packages/airflow/example_dags/example_nested_branch_dag.py
[2025-05-09T13:02:51.290+0000] {processor.py:830} INFO - Processing file /home/airflow/.local/lib/python3.10/site-packages/airflow/example_dags/example_nested_branch_dag.py for tasks to queue
[2025-05-09T13:02:51.293+0000] {logging_mixin.py:188} INFO - [2025-05-09T13:02:51.292+0000] {dagbag.py:545} INFO - Filling up the DagBag from /home/airflow/.local/lib/python3.10/site-packages/airflow/example_dags/example_nested_branch_dag.py
[2025-05-09T13:02:51.306+0000] {processor.py:840} INFO - DAG(s) 'example_nested_branch_dag' retrieved from /home/airflow/.local/lib/python3.10/site-packages/airflow/example_dags/example_nested_branch_dag.py
[2025-05-09T13:02:51.336+0000] {logging_mixin.py:188} INFO - [2025-05-09T13:02:51.336+0000] {dag.py:3096} INFO - Sync 1 DAGs
[2025-05-09T13:02:51.369+0000] {logging_mixin.py:188} INFO - [2025-05-09T13:02:51.369+0000] {dag.py:3954} INFO - Setting next_dagrun for example_nested_branch_dag to 2025-05-08 00:00:00+00:00, run_after=2025-05-09 00:00:00+00:00
[2025-05-09T13:02:51.406+0000] {processor.py:183} INFO - Processing /home/airflow/.local/lib/python3.10/site-packages/airflow/example_dags/example_nested_branch_dag.py took 0.131 seconds
[2025-05-09T13:03:21.721+0000] {processor.py:161} INFO - Started process (PID=3360) to work on /home/airflow/.local/lib/python3.10/site-packages/airflow/example_dags/example_nested_branch_dag.py
[2025-05-09T13:03:21.722+0000] {processor.py:830} INFO - Processing file /home/airflow/.local/lib/python3.10/site-packages/airflow/example_dags/example_nested_branch_dag.py for tasks to queue
[2025-05-09T13:03:21.724+0000] {logging_mixin.py:188} INFO - [2025-05-09T13:03:21.724+0000] {dagbag.py:545} INFO - Filling up the DagBag from /home/airflow/.local/lib/python3.10/site-packages/airflow/example_dags/example_nested_branch_dag.py
[2025-05-09T13:03:21.737+0000] {processor.py:840} INFO - DAG(s) 'example_nested_branch_dag' retrieved from /home/airflow/.local/lib/python3.10/site-packages/airflow/example_dags/example_nested_branch_dag.py
[2025-05-09T13:03:21.765+0000] {logging_mixin.py:188} INFO - [2025-05-09T13:03:21.765+0000] {dag.py:3096} INFO - Sync 1 DAGs
[2025-05-09T13:03:21.791+0000] {logging_mixin.py:188} INFO - [2025-05-09T13:03:21.791+0000] {dag.py:3954} INFO - Setting next_dagrun for example_nested_branch_dag to 2025-05-08 00:00:00+00:00, run_after=2025-05-09 00:00:00+00:00
[2025-05-09T13:03:21.813+0000] {processor.py:183} INFO - Processing /home/airflow/.local/lib/python3.10/site-packages/airflow/example_dags/example_nested_branch_dag.py took 0.101 seconds
[2025-05-09T13:03:52.359+0000] {processor.py:161} INFO - Started process (PID=3624) to work on /home/airflow/.local/lib/python3.10/site-packages/airflow/example_dags/example_nested_branch_dag.py
[2025-05-09T13:03:52.361+0000] {processor.py:830} INFO - Processing file /home/airflow/.local/lib/python3.10/site-packages/airflow/example_dags/example_nested_branch_dag.py for tasks to queue
[2025-05-09T13:03:52.363+0000] {logging_mixin.py:188} INFO - [2025-05-09T13:03:52.362+0000] {dagbag.py:545} INFO - Filling up the DagBag from /home/airflow/.local/lib/python3.10/site-packages/airflow/example_dags/example_nested_branch_dag.py
[2025-05-09T13:03:52.374+0000] {processor.py:840} INFO - DAG(s) 'example_nested_branch_dag' retrieved from /home/airflow/.local/lib/python3.10/site-packages/airflow/example_dags/example_nested_branch_dag.py
[2025-05-09T13:03:52.398+0000] {logging_mixin.py:188} INFO - [2025-05-09T13:03:52.397+0000] {dag.py:3096} INFO - Sync 1 DAGs
[2025-05-09T13:03:52.423+0000] {logging_mixin.py:188} INFO - [2025-05-09T13:03:52.422+0000] {dag.py:3954} INFO - Setting next_dagrun for example_nested_branch_dag to 2025-05-08 00:00:00+00:00, run_after=2025-05-09 00:00:00+00:00
[2025-05-09T13:03:52.457+0000] {processor.py:183} INFO - Processing /home/airflow/.local/lib/python3.10/site-packages/airflow/example_dags/example_nested_branch_dag.py took 0.104 seconds
[2025-05-09T15:43:42.125+0000] {processor.py:161} INFO - Started process (PID=3900) to work on /home/airflow/.local/lib/python3.10/site-packages/airflow/example_dags/example_nested_branch_dag.py
[2025-05-09T15:43:42.153+0000] {processor.py:830} INFO - Processing file /home/airflow/.local/lib/python3.10/site-packages/airflow/example_dags/example_nested_branch_dag.py for tasks to queue
[2025-05-09T15:43:42.187+0000] {logging_mixin.py:188} INFO - [2025-05-09T15:43:42.167+0000] {dagbag.py:545} INFO - Filling up the DagBag from /home/airflow/.local/lib/python3.10/site-packages/airflow/example_dags/example_nested_branch_dag.py
[2025-05-09T15:43:42.297+0000] {processor.py:840} INFO - DAG(s) 'example_nested_branch_dag' retrieved from /home/airflow/.local/lib/python3.10/site-packages/airflow/example_dags/example_nested_branch_dag.py
[2025-05-09T15:43:42.464+0000] {logging_mixin.py:188} INFO - [2025-05-09T15:43:42.463+0000] {dag.py:3096} INFO - Sync 1 DAGs
[2025-05-09T15:43:42.623+0000] {logging_mixin.py:188} INFO - [2025-05-09T15:43:42.622+0000] {dag.py:3954} INFO - Setting next_dagrun for example_nested_branch_dag to 2025-05-08 00:00:00+00:00, run_after=2025-05-09 00:00:00+00:00
[2025-05-09T15:43:42.774+0000] {processor.py:183} INFO - Processing /home/airflow/.local/lib/python3.10/site-packages/airflow/example_dags/example_nested_branch_dag.py took 0.698 seconds
[2025-05-09T15:44:13.502+0000] {processor.py:161} INFO - Started process (PID=4167) to work on /home/airflow/.local/lib/python3.10/site-packages/airflow/example_dags/example_nested_branch_dag.py
[2025-05-09T15:44:13.503+0000] {processor.py:830} INFO - Processing file /home/airflow/.local/lib/python3.10/site-packages/airflow/example_dags/example_nested_branch_dag.py for tasks to queue
[2025-05-09T15:44:13.507+0000] {logging_mixin.py:188} INFO - [2025-05-09T15:44:13.505+0000] {dagbag.py:545} INFO - Filling up the DagBag from /home/airflow/.local/lib/python3.10/site-packages/airflow/example_dags/example_nested_branch_dag.py
[2025-05-09T15:44:13.523+0000] {processor.py:840} INFO - DAG(s) 'example_nested_branch_dag' retrieved from /home/airflow/.local/lib/python3.10/site-packages/airflow/example_dags/example_nested_branch_dag.py
[2025-05-09T15:44:13.566+0000] {logging_mixin.py:188} INFO - [2025-05-09T15:44:13.565+0000] {dag.py:3096} INFO - Sync 1 DAGs
[2025-05-09T15:44:13.603+0000] {logging_mixin.py:188} INFO - [2025-05-09T15:44:13.602+0000] {dag.py:3954} INFO - Setting next_dagrun for example_nested_branch_dag to 2025-05-08 00:00:00+00:00, run_after=2025-05-09 00:00:00+00:00
[2025-05-09T15:44:13.637+0000] {processor.py:183} INFO - Processing /home/airflow/.local/lib/python3.10/site-packages/airflow/example_dags/example_nested_branch_dag.py took 0.146 seconds
[2025-05-09T15:44:44.080+0000] {processor.py:161} INFO - Started process (PID=4441) to work on /home/airflow/.local/lib/python3.10/site-packages/airflow/example_dags/example_nested_branch_dag.py
[2025-05-09T15:44:44.081+0000] {processor.py:830} INFO - Processing file /home/airflow/.local/lib/python3.10/site-packages/airflow/example_dags/example_nested_branch_dag.py for tasks to queue
[2025-05-09T15:44:44.085+0000] {logging_mixin.py:188} INFO - [2025-05-09T15:44:44.085+0000] {dagbag.py:545} INFO - Filling up the DagBag from /home/airflow/.local/lib/python3.10/site-packages/airflow/example_dags/example_nested_branch_dag.py
[2025-05-09T15:44:44.114+0000] {processor.py:840} INFO - DAG(s) 'example_nested_branch_dag' retrieved from /home/airflow/.local/lib/python3.10/site-packages/airflow/example_dags/example_nested_branch_dag.py
[2025-05-09T15:44:44.151+0000] {logging_mixin.py:188} INFO - [2025-05-09T15:44:44.150+0000] {dag.py:3096} INFO - Sync 1 DAGs
[2025-05-09T15:44:44.187+0000] {logging_mixin.py:188} INFO - [2025-05-09T15:44:44.187+0000] {dag.py:3954} INFO - Setting next_dagrun for example_nested_branch_dag to 2025-05-08 00:00:00+00:00, run_after=2025-05-09 00:00:00+00:00
[2025-05-09T15:44:44.220+0000] {processor.py:183} INFO - Processing /home/airflow/.local/lib/python3.10/site-packages/airflow/example_dags/example_nested_branch_dag.py took 0.150 seconds
[2025-05-09T15:45:14.330+0000] {processor.py:161} INFO - Started process (PID=4703) to work on /home/airflow/.local/lib/python3.10/site-packages/airflow/example_dags/example_nested_branch_dag.py
[2025-05-09T15:45:14.331+0000] {processor.py:830} INFO - Processing file /home/airflow/.local/lib/python3.10/site-packages/airflow/example_dags/example_nested_branch_dag.py for tasks to queue
[2025-05-09T15:45:14.336+0000] {logging_mixin.py:188} INFO - [2025-05-09T15:45:14.334+0000] {dagbag.py:545} INFO - Filling up the DagBag from /home/airflow/.local/lib/python3.10/site-packages/airflow/example_dags/example_nested_branch_dag.py
[2025-05-09T15:45:14.353+0000] {processor.py:840} INFO - DAG(s) 'example_nested_branch_dag' retrieved from /home/airflow/.local/lib/python3.10/site-packages/airflow/example_dags/example_nested_branch_dag.py
[2025-05-09T15:45:14.381+0000] {logging_mixin.py:188} INFO - [2025-05-09T15:45:14.381+0000] {dag.py:3096} INFO - Sync 1 DAGs
[2025-05-09T15:45:14.412+0000] {logging_mixin.py:188} INFO - [2025-05-09T15:45:14.412+0000] {dag.py:3954} INFO - Setting next_dagrun for example_nested_branch_dag to 2025-05-08 00:00:00+00:00, run_after=2025-05-09 00:00:00+00:00
[2025-05-09T15:45:14.439+0000] {processor.py:183} INFO - Processing /home/airflow/.local/lib/python3.10/site-packages/airflow/example_dags/example_nested_branch_dag.py took 0.120 seconds
[2025-05-09T15:45:44.882+0000] {processor.py:161} INFO - Started process (PID=4965) to work on /home/airflow/.local/lib/python3.10/site-packages/airflow/example_dags/example_nested_branch_dag.py
[2025-05-09T15:45:44.885+0000] {processor.py:830} INFO - Processing file /home/airflow/.local/lib/python3.10/site-packages/airflow/example_dags/example_nested_branch_dag.py for tasks to queue
[2025-05-09T15:45:44.887+0000] {logging_mixin.py:188} INFO - [2025-05-09T15:45:44.887+0000] {dagbag.py:545} INFO - Filling up the DagBag from /home/airflow/.local/lib/python3.10/site-packages/airflow/example_dags/example_nested_branch_dag.py
[2025-05-09T15:45:44.901+0000] {processor.py:840} INFO - DAG(s) 'example_nested_branch_dag' retrieved from /home/airflow/.local/lib/python3.10/site-packages/airflow/example_dags/example_nested_branch_dag.py
[2025-05-09T15:45:44.939+0000] {logging_mixin.py:188} INFO - [2025-05-09T15:45:44.938+0000] {dag.py:3096} INFO - Sync 1 DAGs
[2025-05-09T15:45:44.973+0000] {logging_mixin.py:188} INFO - [2025-05-09T15:45:44.972+0000] {dag.py:3954} INFO - Setting next_dagrun for example_nested_branch_dag to 2025-05-08 00:00:00+00:00, run_after=2025-05-09 00:00:00+00:00
[2025-05-09T15:45:45.004+0000] {processor.py:183} INFO - Processing /home/airflow/.local/lib/python3.10/site-packages/airflow/example_dags/example_nested_branch_dag.py took 0.134 seconds
[2025-05-09T15:46:15.139+0000] {processor.py:161} INFO - Started process (PID=5236) to work on /home/airflow/.local/lib/python3.10/site-packages/airflow/example_dags/example_nested_branch_dag.py
[2025-05-09T15:46:15.141+0000] {processor.py:830} INFO - Processing file /home/airflow/.local/lib/python3.10/site-packages/airflow/example_dags/example_nested_branch_dag.py for tasks to queue
[2025-05-09T15:46:15.143+0000] {logging_mixin.py:188} INFO - [2025-05-09T15:46:15.143+0000] {dagbag.py:545} INFO - Filling up the DagBag from /home/airflow/.local/lib/python3.10/site-packages/airflow/example_dags/example_nested_branch_dag.py
[2025-05-09T15:46:15.156+0000] {processor.py:840} INFO - DAG(s) 'example_nested_branch_dag' retrieved from /home/airflow/.local/lib/python3.10/site-packages/airflow/example_dags/example_nested_branch_dag.py
[2025-05-09T15:46:15.196+0000] {logging_mixin.py:188} INFO - [2025-05-09T15:46:15.196+0000] {dag.py:3096} INFO - Sync 1 DAGs
[2025-05-09T15:46:15.236+0000] {logging_mixin.py:188} INFO - [2025-05-09T15:46:15.236+0000] {dag.py:3954} INFO - Setting next_dagrun for example_nested_branch_dag to 2025-05-08 00:00:00+00:00, run_after=2025-05-09 00:00:00+00:00
[2025-05-09T15:46:15.311+0000] {processor.py:183} INFO - Processing /home/airflow/.local/lib/python3.10/site-packages/airflow/example_dags/example_nested_branch_dag.py took 0.179 seconds
[2025-05-09T15:46:45.886+0000] {processor.py:161} INFO - Started process (PID=5496) to work on /home/airflow/.local/lib/python3.10/site-packages/airflow/example_dags/example_nested_branch_dag.py
[2025-05-09T15:46:45.887+0000] {processor.py:830} INFO - Processing file /home/airflow/.local/lib/python3.10/site-packages/airflow/example_dags/example_nested_branch_dag.py for tasks to queue
[2025-05-09T15:46:45.890+0000] {logging_mixin.py:188} INFO - [2025-05-09T15:46:45.890+0000] {dagbag.py:545} INFO - Filling up the DagBag from /home/airflow/.local/lib/python3.10/site-packages/airflow/example_dags/example_nested_branch_dag.py
[2025-05-09T15:46:45.904+0000] {processor.py:840} INFO - DAG(s) 'example_nested_branch_dag' retrieved from /home/airflow/.local/lib/python3.10/site-packages/airflow/example_dags/example_nested_branch_dag.py
[2025-05-09T15:46:45.930+0000] {logging_mixin.py:188} INFO - [2025-05-09T15:46:45.929+0000] {dag.py:3096} INFO - Sync 1 DAGs
[2025-05-09T15:46:45.962+0000] {logging_mixin.py:188} INFO - [2025-05-09T15:46:45.962+0000] {dag.py:3954} INFO - Setting next_dagrun for example_nested_branch_dag to 2025-05-08 00:00:00+00:00, run_after=2025-05-09 00:00:00+00:00
[2025-05-09T15:46:45.986+0000] {processor.py:183} INFO - Processing /home/airflow/.local/lib/python3.10/site-packages/airflow/example_dags/example_nested_branch_dag.py took 0.108 seconds
[2025-05-09T15:47:16.698+0000] {processor.py:161} INFO - Started process (PID=5760) to work on /home/airflow/.local/lib/python3.10/site-packages/airflow/example_dags/example_nested_branch_dag.py
[2025-05-09T15:47:16.699+0000] {processor.py:830} INFO - Processing file /home/airflow/.local/lib/python3.10/site-packages/airflow/example_dags/example_nested_branch_dag.py for tasks to queue
[2025-05-09T15:47:16.701+0000] {logging_mixin.py:188} INFO - [2025-05-09T15:47:16.701+0000] {dagbag.py:545} INFO - Filling up the DagBag from /home/airflow/.local/lib/python3.10/site-packages/airflow/example_dags/example_nested_branch_dag.py
[2025-05-09T15:47:16.711+0000] {processor.py:840} INFO - DAG(s) 'example_nested_branch_dag' retrieved from /home/airflow/.local/lib/python3.10/site-packages/airflow/example_dags/example_nested_branch_dag.py
[2025-05-09T15:47:16.739+0000] {logging_mixin.py:188} INFO - [2025-05-09T15:47:16.738+0000] {dag.py:3096} INFO - Sync 1 DAGs
[2025-05-09T15:47:16.766+0000] {logging_mixin.py:188} INFO - [2025-05-09T15:47:16.765+0000] {dag.py:3954} INFO - Setting next_dagrun for example_nested_branch_dag to 2025-05-08 00:00:00+00:00, run_after=2025-05-09 00:00:00+00:00
[2025-05-09T15:47:16.791+0000] {processor.py:183} INFO - Processing /home/airflow/.local/lib/python3.10/site-packages/airflow/example_dags/example_nested_branch_dag.py took 0.101 seconds
[2025-05-09T15:47:47.292+0000] {processor.py:161} INFO - Started process (PID=6022) to work on /home/airflow/.local/lib/python3.10/site-packages/airflow/example_dags/example_nested_branch_dag.py
[2025-05-09T15:47:47.294+0000] {processor.py:830} INFO - Processing file /home/airflow/.local/lib/python3.10/site-packages/airflow/example_dags/example_nested_branch_dag.py for tasks to queue
[2025-05-09T15:47:47.296+0000] {logging_mixin.py:188} INFO - [2025-05-09T15:47:47.296+0000] {dagbag.py:545} INFO - Filling up the DagBag from /home/airflow/.local/lib/python3.10/site-packages/airflow/example_dags/example_nested_branch_dag.py
[2025-05-09T15:47:47.320+0000] {processor.py:840} INFO - DAG(s) 'example_nested_branch_dag' retrieved from /home/airflow/.local/lib/python3.10/site-packages/airflow/example_dags/example_nested_branch_dag.py
[2025-05-09T15:47:47.366+0000] {logging_mixin.py:188} INFO - [2025-05-09T15:47:47.366+0000] {dag.py:3096} INFO - Sync 1 DAGs
[2025-05-09T15:47:47.401+0000] {logging_mixin.py:188} INFO - [2025-05-09T15:47:47.401+0000] {dag.py:3954} INFO - Setting next_dagrun for example_nested_branch_dag to 2025-05-08 00:00:00+00:00, run_after=2025-05-09 00:00:00+00:00
[2025-05-09T15:47:47.427+0000] {processor.py:183} INFO - Processing /home/airflow/.local/lib/python3.10/site-packages/airflow/example_dags/example_nested_branch_dag.py took 0.144 seconds
[2025-05-09T15:48:17.831+0000] {processor.py:161} INFO - Started process (PID=6301) to work on /home/airflow/.local/lib/python3.10/site-packages/airflow/example_dags/example_nested_branch_dag.py
[2025-05-09T15:48:17.832+0000] {processor.py:830} INFO - Processing file /home/airflow/.local/lib/python3.10/site-packages/airflow/example_dags/example_nested_branch_dag.py for tasks to queue
[2025-05-09T15:48:17.834+0000] {logging_mixin.py:188} INFO - [2025-05-09T15:48:17.834+0000] {dagbag.py:545} INFO - Filling up the DagBag from /home/airflow/.local/lib/python3.10/site-packages/airflow/example_dags/example_nested_branch_dag.py
[2025-05-09T15:48:17.848+0000] {processor.py:840} INFO - DAG(s) 'example_nested_branch_dag' retrieved from /home/airflow/.local/lib/python3.10/site-packages/airflow/example_dags/example_nested_branch_dag.py
[2025-05-09T15:48:17.873+0000] {logging_mixin.py:188} INFO - [2025-05-09T15:48:17.873+0000] {dag.py:3096} INFO - Sync 1 DAGs
[2025-05-09T15:48:17.901+0000] {logging_mixin.py:188} INFO - [2025-05-09T15:48:17.901+0000] {dag.py:3954} INFO - Setting next_dagrun for example_nested_branch_dag to 2025-05-08 00:00:00+00:00, run_after=2025-05-09 00:00:00+00:00
[2025-05-09T15:48:17.922+0000] {processor.py:183} INFO - Processing /home/airflow/.local/lib/python3.10/site-packages/airflow/example_dags/example_nested_branch_dag.py took 0.100 seconds
[2025-05-09T15:48:48.057+0000] {processor.py:161} INFO - Started process (PID=6569) to work on /home/airflow/.local/lib/python3.10/site-packages/airflow/example_dags/example_nested_branch_dag.py
[2025-05-09T15:48:48.059+0000] {processor.py:830} INFO - Processing file /home/airflow/.local/lib/python3.10/site-packages/airflow/example_dags/example_nested_branch_dag.py for tasks to queue
[2025-05-09T15:48:48.062+0000] {logging_mixin.py:188} INFO - [2025-05-09T15:48:48.062+0000] {dagbag.py:545} INFO - Filling up the DagBag from /home/airflow/.local/lib/python3.10/site-packages/airflow/example_dags/example_nested_branch_dag.py
[2025-05-09T15:48:48.082+0000] {processor.py:840} INFO - DAG(s) 'example_nested_branch_dag' retrieved from /home/airflow/.local/lib/python3.10/site-packages/airflow/example_dags/example_nested_branch_dag.py
[2025-05-09T15:48:48.119+0000] {logging_mixin.py:188} INFO - [2025-05-09T15:48:48.119+0000] {dag.py:3096} INFO - Sync 1 DAGs
[2025-05-09T15:48:48.147+0000] {logging_mixin.py:188} INFO - [2025-05-09T15:48:48.147+0000] {dag.py:3954} INFO - Setting next_dagrun for example_nested_branch_dag to 2025-05-08 00:00:00+00:00, run_after=2025-05-09 00:00:00+00:00
[2025-05-09T15:48:48.177+0000] {processor.py:183} INFO - Processing /home/airflow/.local/lib/python3.10/site-packages/airflow/example_dags/example_nested_branch_dag.py took 0.132 seconds
[2025-05-09T15:49:18.610+0000] {processor.py:161} INFO - Started process (PID=6857) to work on /home/airflow/.local/lib/python3.10/site-packages/airflow/example_dags/example_nested_branch_dag.py
[2025-05-09T15:49:18.611+0000] {processor.py:830} INFO - Processing file /home/airflow/.local/lib/python3.10/site-packages/airflow/example_dags/example_nested_branch_dag.py for tasks to queue
[2025-05-09T15:49:18.614+0000] {logging_mixin.py:188} INFO - [2025-05-09T15:49:18.614+0000] {dagbag.py:545} INFO - Filling up the DagBag from /home/airflow/.local/lib/python3.10/site-packages/airflow/example_dags/example_nested_branch_dag.py
[2025-05-09T15:49:18.633+0000] {processor.py:840} INFO - DAG(s) 'example_nested_branch_dag' retrieved from /home/airflow/.local/lib/python3.10/site-packages/airflow/example_dags/example_nested_branch_dag.py
[2025-05-09T15:49:18.672+0000] {logging_mixin.py:188} INFO - [2025-05-09T15:49:18.672+0000] {dag.py:3096} INFO - Sync 1 DAGs
[2025-05-09T15:49:18.725+0000] {logging_mixin.py:188} INFO - [2025-05-09T15:49:18.724+0000] {dag.py:3954} INFO - Setting next_dagrun for example_nested_branch_dag to 2025-05-08 00:00:00+00:00, run_after=2025-05-09 00:00:00+00:00
[2025-05-09T15:49:18.772+0000] {processor.py:183} INFO - Processing /home/airflow/.local/lib/python3.10/site-packages/airflow/example_dags/example_nested_branch_dag.py took 0.173 seconds
[2025-05-09T15:49:49.144+0000] {processor.py:161} INFO - Started process (PID=7123) to work on /home/airflow/.local/lib/python3.10/site-packages/airflow/example_dags/example_nested_branch_dag.py
[2025-05-09T15:49:49.146+0000] {processor.py:830} INFO - Processing file /home/airflow/.local/lib/python3.10/site-packages/airflow/example_dags/example_nested_branch_dag.py for tasks to queue
[2025-05-09T15:49:49.148+0000] {logging_mixin.py:188} INFO - [2025-05-09T15:49:49.148+0000] {dagbag.py:545} INFO - Filling up the DagBag from /home/airflow/.local/lib/python3.10/site-packages/airflow/example_dags/example_nested_branch_dag.py
[2025-05-09T15:49:49.162+0000] {processor.py:840} INFO - DAG(s) 'example_nested_branch_dag' retrieved from /home/airflow/.local/lib/python3.10/site-packages/airflow/example_dags/example_nested_branch_dag.py
[2025-05-09T15:49:49.185+0000] {logging_mixin.py:188} INFO - [2025-05-09T15:49:49.185+0000] {dag.py:3096} INFO - Sync 1 DAGs
[2025-05-09T15:49:49.212+0000] {logging_mixin.py:188} INFO - [2025-05-09T15:49:49.212+0000] {dag.py:3954} INFO - Setting next_dagrun for example_nested_branch_dag to 2025-05-08 00:00:00+00:00, run_after=2025-05-09 00:00:00+00:00
[2025-05-09T15:49:49.236+0000] {processor.py:183} INFO - Processing /home/airflow/.local/lib/python3.10/site-packages/airflow/example_dags/example_nested_branch_dag.py took 0.099 seconds
[2025-05-09T15:50:19.707+0000] {processor.py:161} INFO - Started process (PID=7391) to work on /home/airflow/.local/lib/python3.10/site-packages/airflow/example_dags/example_nested_branch_dag.py
[2025-05-09T15:50:19.710+0000] {processor.py:830} INFO - Processing file /home/airflow/.local/lib/python3.10/site-packages/airflow/example_dags/example_nested_branch_dag.py for tasks to queue
[2025-05-09T15:50:19.714+0000] {logging_mixin.py:188} INFO - [2025-05-09T15:50:19.713+0000] {dagbag.py:545} INFO - Filling up the DagBag from /home/airflow/.local/lib/python3.10/site-packages/airflow/example_dags/example_nested_branch_dag.py
[2025-05-09T15:50:19.728+0000] {processor.py:840} INFO - DAG(s) 'example_nested_branch_dag' retrieved from /home/airflow/.local/lib/python3.10/site-packages/airflow/example_dags/example_nested_branch_dag.py
[2025-05-09T15:50:19.761+0000] {logging_mixin.py:188} INFO - [2025-05-09T15:50:19.761+0000] {dag.py:3096} INFO - Sync 1 DAGs
[2025-05-09T15:50:19.796+0000] {logging_mixin.py:188} INFO - [2025-05-09T15:50:19.796+0000] {dag.py:3954} INFO - Setting next_dagrun for example_nested_branch_dag to 2025-05-08 00:00:00+00:00, run_after=2025-05-09 00:00:00+00:00
[2025-05-09T15:50:19.832+0000] {processor.py:183} INFO - Processing /home/airflow/.local/lib/python3.10/site-packages/airflow/example_dags/example_nested_branch_dag.py took 0.141 seconds
[2025-05-09T15:50:50.046+0000] {processor.py:161} INFO - Started process (PID=7653) to work on /home/airflow/.local/lib/python3.10/site-packages/airflow/example_dags/example_nested_branch_dag.py
[2025-05-09T15:50:50.048+0000] {processor.py:830} INFO - Processing file /home/airflow/.local/lib/python3.10/site-packages/airflow/example_dags/example_nested_branch_dag.py for tasks to queue
[2025-05-09T15:50:50.051+0000] {logging_mixin.py:188} INFO - [2025-05-09T15:50:50.050+0000] {dagbag.py:545} INFO - Filling up the DagBag from /home/airflow/.local/lib/python3.10/site-packages/airflow/example_dags/example_nested_branch_dag.py
[2025-05-09T15:50:50.067+0000] {processor.py:840} INFO - DAG(s) 'example_nested_branch_dag' retrieved from /home/airflow/.local/lib/python3.10/site-packages/airflow/example_dags/example_nested_branch_dag.py
[2025-05-09T15:50:50.104+0000] {logging_mixin.py:188} INFO - [2025-05-09T15:50:50.104+0000] {dag.py:3096} INFO - Sync 1 DAGs
[2025-05-09T15:50:50.135+0000] {logging_mixin.py:188} INFO - [2025-05-09T15:50:50.134+0000] {dag.py:3954} INFO - Setting next_dagrun for example_nested_branch_dag to 2025-05-08 00:00:00+00:00, run_after=2025-05-09 00:00:00+00:00
[2025-05-09T15:50:50.162+0000] {processor.py:183} INFO - Processing /home/airflow/.local/lib/python3.10/site-packages/airflow/example_dags/example_nested_branch_dag.py took 0.129 seconds
[2025-05-09T15:51:20.318+0000] {processor.py:161} INFO - Started process (PID=7924) to work on /home/airflow/.local/lib/python3.10/site-packages/airflow/example_dags/example_nested_branch_dag.py
[2025-05-09T15:51:20.320+0000] {processor.py:830} INFO - Processing file /home/airflow/.local/lib/python3.10/site-packages/airflow/example_dags/example_nested_branch_dag.py for tasks to queue
[2025-05-09T15:51:20.324+0000] {logging_mixin.py:188} INFO - [2025-05-09T15:51:20.324+0000] {dagbag.py:545} INFO - Filling up the DagBag from /home/airflow/.local/lib/python3.10/site-packages/airflow/example_dags/example_nested_branch_dag.py
[2025-05-09T15:51:20.341+0000] {processor.py:840} INFO - DAG(s) 'example_nested_branch_dag' retrieved from /home/airflow/.local/lib/python3.10/site-packages/airflow/example_dags/example_nested_branch_dag.py
[2025-05-09T15:51:20.381+0000] {logging_mixin.py:188} INFO - [2025-05-09T15:51:20.380+0000] {dag.py:3096} INFO - Sync 1 DAGs
[2025-05-09T15:51:20.415+0000] {logging_mixin.py:188} INFO - [2025-05-09T15:51:20.414+0000] {dag.py:3954} INFO - Setting next_dagrun for example_nested_branch_dag to 2025-05-08 00:00:00+00:00, run_after=2025-05-09 00:00:00+00:00
[2025-05-09T15:51:20.448+0000] {processor.py:183} INFO - Processing /home/airflow/.local/lib/python3.10/site-packages/airflow/example_dags/example_nested_branch_dag.py took 0.140 seconds
[2025-05-09T15:51:51.187+0000] {processor.py:161} INFO - Started process (PID=8186) to work on /home/airflow/.local/lib/python3.10/site-packages/airflow/example_dags/example_nested_branch_dag.py
[2025-05-09T15:51:51.188+0000] {processor.py:830} INFO - Processing file /home/airflow/.local/lib/python3.10/site-packages/airflow/example_dags/example_nested_branch_dag.py for tasks to queue
[2025-05-09T15:51:51.191+0000] {logging_mixin.py:188} INFO - [2025-05-09T15:51:51.190+0000] {dagbag.py:545} INFO - Filling up the DagBag from /home/airflow/.local/lib/python3.10/site-packages/airflow/example_dags/example_nested_branch_dag.py
[2025-05-09T15:51:51.201+0000] {processor.py:840} INFO - DAG(s) 'example_nested_branch_dag' retrieved from /home/airflow/.local/lib/python3.10/site-packages/airflow/example_dags/example_nested_branch_dag.py
[2025-05-09T15:51:51.228+0000] {logging_mixin.py:188} INFO - [2025-05-09T15:51:51.228+0000] {dag.py:3096} INFO - Sync 1 DAGs
[2025-05-09T15:51:51.252+0000] {logging_mixin.py:188} INFO - [2025-05-09T15:51:51.252+0000] {dag.py:3954} INFO - Setting next_dagrun for example_nested_branch_dag to 2025-05-08 00:00:00+00:00, run_after=2025-05-09 00:00:00+00:00
[2025-05-09T15:51:51.277+0000] {processor.py:183} INFO - Processing /home/airflow/.local/lib/python3.10/site-packages/airflow/example_dags/example_nested_branch_dag.py took 0.096 seconds
[2025-05-09T15:52:21.902+0000] {processor.py:161} INFO - Started process (PID=8454) to work on /home/airflow/.local/lib/python3.10/site-packages/airflow/example_dags/example_nested_branch_dag.py
[2025-05-09T15:52:21.903+0000] {processor.py:830} INFO - Processing file /home/airflow/.local/lib/python3.10/site-packages/airflow/example_dags/example_nested_branch_dag.py for tasks to queue
[2025-05-09T15:52:21.906+0000] {logging_mixin.py:188} INFO - [2025-05-09T15:52:21.905+0000] {dagbag.py:545} INFO - Filling up the DagBag from /home/airflow/.local/lib/python3.10/site-packages/airflow/example_dags/example_nested_branch_dag.py
[2025-05-09T15:52:21.923+0000] {processor.py:840} INFO - DAG(s) 'example_nested_branch_dag' retrieved from /home/airflow/.local/lib/python3.10/site-packages/airflow/example_dags/example_nested_branch_dag.py
[2025-05-09T15:52:21.953+0000] {logging_mixin.py:188} INFO - [2025-05-09T15:52:21.952+0000] {dag.py:3096} INFO - Sync 1 DAGs
[2025-05-09T15:52:21.979+0000] {logging_mixin.py:188} INFO - [2025-05-09T15:52:21.978+0000] {dag.py:3954} INFO - Setting next_dagrun for example_nested_branch_dag to 2025-05-08 00:00:00+00:00, run_after=2025-05-09 00:00:00+00:00
[2025-05-09T15:52:22.003+0000] {processor.py:183} INFO - Processing /home/airflow/.local/lib/python3.10/site-packages/airflow/example_dags/example_nested_branch_dag.py took 0.109 seconds
[2025-05-09T15:52:52.925+0000] {processor.py:161} INFO - Started process (PID=8716) to work on /home/airflow/.local/lib/python3.10/site-packages/airflow/example_dags/example_nested_branch_dag.py
[2025-05-09T15:52:52.927+0000] {processor.py:830} INFO - Processing file /home/airflow/.local/lib/python3.10/site-packages/airflow/example_dags/example_nested_branch_dag.py for tasks to queue
[2025-05-09T15:52:52.930+0000] {logging_mixin.py:188} INFO - [2025-05-09T15:52:52.929+0000] {dagbag.py:545} INFO - Filling up the DagBag from /home/airflow/.local/lib/python3.10/site-packages/airflow/example_dags/example_nested_branch_dag.py
[2025-05-09T15:52:52.941+0000] {processor.py:840} INFO - DAG(s) 'example_nested_branch_dag' retrieved from /home/airflow/.local/lib/python3.10/site-packages/airflow/example_dags/example_nested_branch_dag.py
[2025-05-09T15:52:52.974+0000] {logging_mixin.py:188} INFO - [2025-05-09T15:52:52.974+0000] {dag.py:3096} INFO - Sync 1 DAGs
[2025-05-09T15:52:53.000+0000] {logging_mixin.py:188} INFO - [2025-05-09T15:52:53.000+0000] {dag.py:3954} INFO - Setting next_dagrun for example_nested_branch_dag to 2025-05-08 00:00:00+00:00, run_after=2025-05-09 00:00:00+00:00
[2025-05-09T15:52:53.027+0000] {processor.py:183} INFO - Processing /home/airflow/.local/lib/python3.10/site-packages/airflow/example_dags/example_nested_branch_dag.py took 0.107 seconds
[2025-05-09T15:53:23.439+0000] {processor.py:161} INFO - Started process (PID=8987) to work on /home/airflow/.local/lib/python3.10/site-packages/airflow/example_dags/example_nested_branch_dag.py
[2025-05-09T15:53:23.441+0000] {processor.py:830} INFO - Processing file /home/airflow/.local/lib/python3.10/site-packages/airflow/example_dags/example_nested_branch_dag.py for tasks to queue
[2025-05-09T15:53:23.443+0000] {logging_mixin.py:188} INFO - [2025-05-09T15:53:23.443+0000] {dagbag.py:545} INFO - Filling up the DagBag from /home/airflow/.local/lib/python3.10/site-packages/airflow/example_dags/example_nested_branch_dag.py
[2025-05-09T15:53:23.453+0000] {processor.py:840} INFO - DAG(s) 'example_nested_branch_dag' retrieved from /home/airflow/.local/lib/python3.10/site-packages/airflow/example_dags/example_nested_branch_dag.py
[2025-05-09T15:53:23.480+0000] {logging_mixin.py:188} INFO - [2025-05-09T15:53:23.480+0000] {dag.py:3096} INFO - Sync 1 DAGs
[2025-05-09T15:53:23.506+0000] {logging_mixin.py:188} INFO - [2025-05-09T15:53:23.505+0000] {dag.py:3954} INFO - Setting next_dagrun for example_nested_branch_dag to 2025-05-08 00:00:00+00:00, run_after=2025-05-09 00:00:00+00:00
[2025-05-09T15:53:23.530+0000] {processor.py:183} INFO - Processing /home/airflow/.local/lib/python3.10/site-packages/airflow/example_dags/example_nested_branch_dag.py took 0.099 seconds
[2025-05-09T15:53:53.719+0000] {processor.py:161} INFO - Started process (PID=9255) to work on /home/airflow/.local/lib/python3.10/site-packages/airflow/example_dags/example_nested_branch_dag.py
[2025-05-09T15:53:53.721+0000] {processor.py:830} INFO - Processing file /home/airflow/.local/lib/python3.10/site-packages/airflow/example_dags/example_nested_branch_dag.py for tasks to queue
[2025-05-09T15:53:53.726+0000] {logging_mixin.py:188} INFO - [2025-05-09T15:53:53.724+0000] {dagbag.py:545} INFO - Filling up the DagBag from /home/airflow/.local/lib/python3.10/site-packages/airflow/example_dags/example_nested_branch_dag.py
[2025-05-09T15:53:53.743+0000] {processor.py:840} INFO - DAG(s) 'example_nested_branch_dag' retrieved from /home/airflow/.local/lib/python3.10/site-packages/airflow/example_dags/example_nested_branch_dag.py
[2025-05-09T15:53:53.786+0000] {logging_mixin.py:188} INFO - [2025-05-09T15:53:53.785+0000] {dag.py:3096} INFO - Sync 1 DAGs
[2025-05-09T15:53:53.812+0000] {logging_mixin.py:188} INFO - [2025-05-09T15:53:53.812+0000] {dag.py:3954} INFO - Setting next_dagrun for example_nested_branch_dag to 2025-05-08 00:00:00+00:00, run_after=2025-05-09 00:00:00+00:00
[2025-05-09T15:53:53.848+0000] {processor.py:183} INFO - Processing /home/airflow/.local/lib/python3.10/site-packages/airflow/example_dags/example_nested_branch_dag.py took 0.140 seconds
[2025-05-09T15:54:23.979+0000] {processor.py:161} INFO - Started process (PID=9535) to work on /home/airflow/.local/lib/python3.10/site-packages/airflow/example_dags/example_nested_branch_dag.py
[2025-05-09T15:54:23.980+0000] {processor.py:830} INFO - Processing file /home/airflow/.local/lib/python3.10/site-packages/airflow/example_dags/example_nested_branch_dag.py for tasks to queue
[2025-05-09T15:54:23.982+0000] {logging_mixin.py:188} INFO - [2025-05-09T15:54:23.982+0000] {dagbag.py:545} INFO - Filling up the DagBag from /home/airflow/.local/lib/python3.10/site-packages/airflow/example_dags/example_nested_branch_dag.py
[2025-05-09T15:54:23.995+0000] {processor.py:840} INFO - DAG(s) 'example_nested_branch_dag' retrieved from /home/airflow/.local/lib/python3.10/site-packages/airflow/example_dags/example_nested_branch_dag.py
[2025-05-09T15:54:24.021+0000] {logging_mixin.py:188} INFO - [2025-05-09T15:54:24.021+0000] {dag.py:3096} INFO - Sync 1 DAGs
[2025-05-09T15:54:24.043+0000] {logging_mixin.py:188} INFO - [2025-05-09T15:54:24.043+0000] {dag.py:3954} INFO - Setting next_dagrun for example_nested_branch_dag to 2025-05-08 00:00:00+00:00, run_after=2025-05-09 00:00:00+00:00
[2025-05-09T15:54:24.067+0000] {processor.py:183} INFO - Processing /home/airflow/.local/lib/python3.10/site-packages/airflow/example_dags/example_nested_branch_dag.py took 0.094 seconds
[2025-05-09T15:54:54.229+0000] {processor.py:161} INFO - Started process (PID=9797) to work on /home/airflow/.local/lib/python3.10/site-packages/airflow/example_dags/example_nested_branch_dag.py
[2025-05-09T15:54:54.231+0000] {processor.py:830} INFO - Processing file /home/airflow/.local/lib/python3.10/site-packages/airflow/example_dags/example_nested_branch_dag.py for tasks to queue
[2025-05-09T15:54:54.233+0000] {logging_mixin.py:188} INFO - [2025-05-09T15:54:54.233+0000] {dagbag.py:545} INFO - Filling up the DagBag from /home/airflow/.local/lib/python3.10/site-packages/airflow/example_dags/example_nested_branch_dag.py
[2025-05-09T15:54:54.243+0000] {processor.py:840} INFO - DAG(s) 'example_nested_branch_dag' retrieved from /home/airflow/.local/lib/python3.10/site-packages/airflow/example_dags/example_nested_branch_dag.py
[2025-05-09T15:54:54.283+0000] {logging_mixin.py:188} INFO - [2025-05-09T15:54:54.282+0000] {dag.py:3096} INFO - Sync 1 DAGs
[2025-05-09T15:54:54.315+0000] {logging_mixin.py:188} INFO - [2025-05-09T15:54:54.315+0000] {dag.py:3954} INFO - Setting next_dagrun for example_nested_branch_dag to 2025-05-08 00:00:00+00:00, run_after=2025-05-09 00:00:00+00:00
[2025-05-09T15:54:54.338+0000] {processor.py:183} INFO - Processing /home/airflow/.local/lib/python3.10/site-packages/airflow/example_dags/example_nested_branch_dag.py took 0.117 seconds
[2025-05-09T15:55:24.614+0000] {processor.py:161} INFO - Started process (PID=10068) to work on /home/airflow/.local/lib/python3.10/site-packages/airflow/example_dags/example_nested_branch_dag.py
[2025-05-09T15:55:24.616+0000] {processor.py:830} INFO - Processing file /home/airflow/.local/lib/python3.10/site-packages/airflow/example_dags/example_nested_branch_dag.py for tasks to queue
[2025-05-09T15:55:24.619+0000] {logging_mixin.py:188} INFO - [2025-05-09T15:55:24.618+0000] {dagbag.py:545} INFO - Filling up the DagBag from /home/airflow/.local/lib/python3.10/site-packages/airflow/example_dags/example_nested_branch_dag.py
[2025-05-09T15:55:24.627+0000] {processor.py:840} INFO - DAG(s) 'example_nested_branch_dag' retrieved from /home/airflow/.local/lib/python3.10/site-packages/airflow/example_dags/example_nested_branch_dag.py
[2025-05-09T15:55:24.650+0000] {logging_mixin.py:188} INFO - [2025-05-09T15:55:24.650+0000] {dag.py:3096} INFO - Sync 1 DAGs
[2025-05-09T15:55:24.670+0000] {logging_mixin.py:188} INFO - [2025-05-09T15:55:24.670+0000] {dag.py:3954} INFO - Setting next_dagrun for example_nested_branch_dag to 2025-05-08 00:00:00+00:00, run_after=2025-05-09 00:00:00+00:00
[2025-05-09T15:55:24.693+0000] {processor.py:183} INFO - Processing /home/airflow/.local/lib/python3.10/site-packages/airflow/example_dags/example_nested_branch_dag.py took 0.084 seconds
[2025-05-09T15:55:54.901+0000] {processor.py:161} INFO - Started process (PID=10330) to work on /home/airflow/.local/lib/python3.10/site-packages/airflow/example_dags/example_nested_branch_dag.py
[2025-05-09T15:55:54.905+0000] {processor.py:830} INFO - Processing file /home/airflow/.local/lib/python3.10/site-packages/airflow/example_dags/example_nested_branch_dag.py for tasks to queue
[2025-05-09T15:55:54.908+0000] {logging_mixin.py:188} INFO - [2025-05-09T15:55:54.907+0000] {dagbag.py:545} INFO - Filling up the DagBag from /home/airflow/.local/lib/python3.10/site-packages/airflow/example_dags/example_nested_branch_dag.py
[2025-05-09T15:55:54.920+0000] {processor.py:840} INFO - DAG(s) 'example_nested_branch_dag' retrieved from /home/airflow/.local/lib/python3.10/site-packages/airflow/example_dags/example_nested_branch_dag.py
[2025-05-09T15:55:54.948+0000] {logging_mixin.py:188} INFO - [2025-05-09T15:55:54.948+0000] {dag.py:3096} INFO - Sync 1 DAGs
[2025-05-09T15:55:54.978+0000] {logging_mixin.py:188} INFO - [2025-05-09T15:55:54.978+0000] {dag.py:3954} INFO - Setting next_dagrun for example_nested_branch_dag to 2025-05-08 00:00:00+00:00, run_after=2025-05-09 00:00:00+00:00
[2025-05-09T15:55:55.004+0000] {processor.py:183} INFO - Processing /home/airflow/.local/lib/python3.10/site-packages/airflow/example_dags/example_nested_branch_dag.py took 0.116 seconds
[2025-05-09T15:56:25.296+0000] {processor.py:161} INFO - Started process (PID=10601) to work on /home/airflow/.local/lib/python3.10/site-packages/airflow/example_dags/example_nested_branch_dag.py
[2025-05-09T15:56:25.298+0000] {processor.py:830} INFO - Processing file /home/airflow/.local/lib/python3.10/site-packages/airflow/example_dags/example_nested_branch_dag.py for tasks to queue
[2025-05-09T15:56:25.301+0000] {logging_mixin.py:188} INFO - [2025-05-09T15:56:25.300+0000] {dagbag.py:545} INFO - Filling up the DagBag from /home/airflow/.local/lib/python3.10/site-packages/airflow/example_dags/example_nested_branch_dag.py
[2025-05-09T15:56:25.312+0000] {processor.py:840} INFO - DAG(s) 'example_nested_branch_dag' retrieved from /home/airflow/.local/lib/python3.10/site-packages/airflow/example_dags/example_nested_branch_dag.py
[2025-05-09T15:56:25.344+0000] {logging_mixin.py:188} INFO - [2025-05-09T15:56:25.344+0000] {dag.py:3096} INFO - Sync 1 DAGs
[2025-05-09T15:56:25.384+0000] {logging_mixin.py:188} INFO - [2025-05-09T15:56:25.383+0000] {dag.py:3954} INFO - Setting next_dagrun for example_nested_branch_dag to 2025-05-08 00:00:00+00:00, run_after=2025-05-09 00:00:00+00:00
[2025-05-09T15:56:25.420+0000] {processor.py:183} INFO - Processing /home/airflow/.local/lib/python3.10/site-packages/airflow/example_dags/example_nested_branch_dag.py took 0.131 seconds
[2025-05-09T15:56:55.514+0000] {processor.py:161} INFO - Started process (PID=10863) to work on /home/airflow/.local/lib/python3.10/site-packages/airflow/example_dags/example_nested_branch_dag.py
[2025-05-09T15:56:55.517+0000] {processor.py:830} INFO - Processing file /home/airflow/.local/lib/python3.10/site-packages/airflow/example_dags/example_nested_branch_dag.py for tasks to queue
[2025-05-09T15:56:55.520+0000] {logging_mixin.py:188} INFO - [2025-05-09T15:56:55.519+0000] {dagbag.py:545} INFO - Filling up the DagBag from /home/airflow/.local/lib/python3.10/site-packages/airflow/example_dags/example_nested_branch_dag.py
[2025-05-09T15:56:55.530+0000] {processor.py:840} INFO - DAG(s) 'example_nested_branch_dag' retrieved from /home/airflow/.local/lib/python3.10/site-packages/airflow/example_dags/example_nested_branch_dag.py
[2025-05-09T15:56:55.564+0000] {logging_mixin.py:188} INFO - [2025-05-09T15:56:55.564+0000] {dag.py:3096} INFO - Sync 1 DAGs
[2025-05-09T15:56:55.589+0000] {logging_mixin.py:188} INFO - [2025-05-09T15:56:55.589+0000] {dag.py:3954} INFO - Setting next_dagrun for example_nested_branch_dag to 2025-05-08 00:00:00+00:00, run_after=2025-05-09 00:00:00+00:00
[2025-05-09T15:56:55.613+0000] {processor.py:183} INFO - Processing /home/airflow/.local/lib/python3.10/site-packages/airflow/example_dags/example_nested_branch_dag.py took 0.105 seconds
[2025-05-09T15:57:25.702+0000] {processor.py:161} INFO - Started process (PID=11134) to work on /home/airflow/.local/lib/python3.10/site-packages/airflow/example_dags/example_nested_branch_dag.py
[2025-05-09T15:57:25.704+0000] {processor.py:830} INFO - Processing file /home/airflow/.local/lib/python3.10/site-packages/airflow/example_dags/example_nested_branch_dag.py for tasks to queue
[2025-05-09T15:57:25.706+0000] {logging_mixin.py:188} INFO - [2025-05-09T15:57:25.706+0000] {dagbag.py:545} INFO - Filling up the DagBag from /home/airflow/.local/lib/python3.10/site-packages/airflow/example_dags/example_nested_branch_dag.py
[2025-05-09T15:57:25.717+0000] {processor.py:840} INFO - DAG(s) 'example_nested_branch_dag' retrieved from /home/airflow/.local/lib/python3.10/site-packages/airflow/example_dags/example_nested_branch_dag.py
[2025-05-09T15:57:25.741+0000] {logging_mixin.py:188} INFO - [2025-05-09T15:57:25.741+0000] {dag.py:3096} INFO - Sync 1 DAGs
[2025-05-09T15:57:25.763+0000] {logging_mixin.py:188} INFO - [2025-05-09T15:57:25.763+0000] {dag.py:3954} INFO - Setting next_dagrun for example_nested_branch_dag to 2025-05-08 00:00:00+00:00, run_after=2025-05-09 00:00:00+00:00
[2025-05-09T15:57:25.787+0000] {processor.py:183} INFO - Processing /home/airflow/.local/lib/python3.10/site-packages/airflow/example_dags/example_nested_branch_dag.py took 0.090 seconds
[2025-05-09T15:57:56.568+0000] {processor.py:161} INFO - Started process (PID=11396) to work on /home/airflow/.local/lib/python3.10/site-packages/airflow/example_dags/example_nested_branch_dag.py
[2025-05-09T15:57:56.570+0000] {processor.py:830} INFO - Processing file /home/airflow/.local/lib/python3.10/site-packages/airflow/example_dags/example_nested_branch_dag.py for tasks to queue
[2025-05-09T15:57:56.573+0000] {logging_mixin.py:188} INFO - [2025-05-09T15:57:56.572+0000] {dagbag.py:545} INFO - Filling up the DagBag from /home/airflow/.local/lib/python3.10/site-packages/airflow/example_dags/example_nested_branch_dag.py
[2025-05-09T15:57:56.584+0000] {processor.py:840} INFO - DAG(s) 'example_nested_branch_dag' retrieved from /home/airflow/.local/lib/python3.10/site-packages/airflow/example_dags/example_nested_branch_dag.py
[2025-05-09T15:57:56.616+0000] {logging_mixin.py:188} INFO - [2025-05-09T15:57:56.616+0000] {dag.py:3096} INFO - Sync 1 DAGs
[2025-05-09T15:57:56.643+0000] {logging_mixin.py:188} INFO - [2025-05-09T15:57:56.642+0000] {dag.py:3954} INFO - Setting next_dagrun for example_nested_branch_dag to 2025-05-08 00:00:00+00:00, run_after=2025-05-09 00:00:00+00:00
[2025-05-09T15:57:56.671+0000] {processor.py:183} INFO - Processing /home/airflow/.local/lib/python3.10/site-packages/airflow/example_dags/example_nested_branch_dag.py took 0.112 seconds
[2025-05-09T15:58:26.844+0000] {processor.py:161} INFO - Started process (PID=11667) to work on /home/airflow/.local/lib/python3.10/site-packages/airflow/example_dags/example_nested_branch_dag.py
[2025-05-09T15:58:26.849+0000] {processor.py:830} INFO - Processing file /home/airflow/.local/lib/python3.10/site-packages/airflow/example_dags/example_nested_branch_dag.py for tasks to queue
[2025-05-09T15:58:26.852+0000] {logging_mixin.py:188} INFO - [2025-05-09T15:58:26.852+0000] {dagbag.py:545} INFO - Filling up the DagBag from /home/airflow/.local/lib/python3.10/site-packages/airflow/example_dags/example_nested_branch_dag.py
[2025-05-09T15:58:26.864+0000] {processor.py:840} INFO - DAG(s) 'example_nested_branch_dag' retrieved from /home/airflow/.local/lib/python3.10/site-packages/airflow/example_dags/example_nested_branch_dag.py
[2025-05-09T15:58:26.894+0000] {logging_mixin.py:188} INFO - [2025-05-09T15:58:26.894+0000] {dag.py:3096} INFO - Sync 1 DAGs
[2025-05-09T15:58:26.918+0000] {logging_mixin.py:188} INFO - [2025-05-09T15:58:26.917+0000] {dag.py:3954} INFO - Setting next_dagrun for example_nested_branch_dag to 2025-05-08 00:00:00+00:00, run_after=2025-05-09 00:00:00+00:00
[2025-05-09T15:58:26.941+0000] {processor.py:183} INFO - Processing /home/airflow/.local/lib/python3.10/site-packages/airflow/example_dags/example_nested_branch_dag.py took 0.102 seconds
[2025-05-09T15:58:57.407+0000] {processor.py:161} INFO - Started process (PID=11929) to work on /home/airflow/.local/lib/python3.10/site-packages/airflow/example_dags/example_nested_branch_dag.py
[2025-05-09T15:58:57.409+0000] {processor.py:830} INFO - Processing file /home/airflow/.local/lib/python3.10/site-packages/airflow/example_dags/example_nested_branch_dag.py for tasks to queue
[2025-05-09T15:58:57.412+0000] {logging_mixin.py:188} INFO - [2025-05-09T15:58:57.412+0000] {dagbag.py:545} INFO - Filling up the DagBag from /home/airflow/.local/lib/python3.10/site-packages/airflow/example_dags/example_nested_branch_dag.py
[2025-05-09T15:58:57.428+0000] {processor.py:840} INFO - DAG(s) 'example_nested_branch_dag' retrieved from /home/airflow/.local/lib/python3.10/site-packages/airflow/example_dags/example_nested_branch_dag.py
[2025-05-09T15:58:57.461+0000] {logging_mixin.py:188} INFO - [2025-05-09T15:58:57.461+0000] {dag.py:3096} INFO - Sync 1 DAGs
[2025-05-09T15:58:57.492+0000] {logging_mixin.py:188} INFO - [2025-05-09T15:58:57.492+0000] {dag.py:3954} INFO - Setting next_dagrun for example_nested_branch_dag to 2025-05-08 00:00:00+00:00, run_after=2025-05-09 00:00:00+00:00
[2025-05-09T15:58:57.536+0000] {processor.py:183} INFO - Processing /home/airflow/.local/lib/python3.10/site-packages/airflow/example_dags/example_nested_branch_dag.py took 0.138 seconds
[2025-05-09T15:59:28.562+0000] {processor.py:161} INFO - Started process (PID=12200) to work on /home/airflow/.local/lib/python3.10/site-packages/airflow/example_dags/example_nested_branch_dag.py
[2025-05-09T15:59:28.564+0000] {processor.py:830} INFO - Processing file /home/airflow/.local/lib/python3.10/site-packages/airflow/example_dags/example_nested_branch_dag.py for tasks to queue
[2025-05-09T15:59:28.566+0000] {logging_mixin.py:188} INFO - [2025-05-09T15:59:28.565+0000] {dagbag.py:545} INFO - Filling up the DagBag from /home/airflow/.local/lib/python3.10/site-packages/airflow/example_dags/example_nested_branch_dag.py
[2025-05-09T15:59:28.578+0000] {processor.py:840} INFO - DAG(s) 'example_nested_branch_dag' retrieved from /home/airflow/.local/lib/python3.10/site-packages/airflow/example_dags/example_nested_branch_dag.py
[2025-05-09T15:59:28.608+0000] {logging_mixin.py:188} INFO - [2025-05-09T15:59:28.608+0000] {dag.py:3096} INFO - Sync 1 DAGs
[2025-05-09T15:59:28.633+0000] {logging_mixin.py:188} INFO - [2025-05-09T15:59:28.632+0000] {dag.py:3954} INFO - Setting next_dagrun for example_nested_branch_dag to 2025-05-08 00:00:00+00:00, run_after=2025-05-09 00:00:00+00:00
[2025-05-09T15:59:28.663+0000] {processor.py:183} INFO - Processing /home/airflow/.local/lib/python3.10/site-packages/airflow/example_dags/example_nested_branch_dag.py took 0.108 seconds
[2025-05-09T15:59:58.916+0000] {processor.py:161} INFO - Started process (PID=12477) to work on /home/airflow/.local/lib/python3.10/site-packages/airflow/example_dags/example_nested_branch_dag.py
[2025-05-09T15:59:58.918+0000] {processor.py:830} INFO - Processing file /home/airflow/.local/lib/python3.10/site-packages/airflow/example_dags/example_nested_branch_dag.py for tasks to queue
[2025-05-09T15:59:58.921+0000] {logging_mixin.py:188} INFO - [2025-05-09T15:59:58.920+0000] {dagbag.py:545} INFO - Filling up the DagBag from /home/airflow/.local/lib/python3.10/site-packages/airflow/example_dags/example_nested_branch_dag.py
[2025-05-09T15:59:58.932+0000] {processor.py:840} INFO - DAG(s) 'example_nested_branch_dag' retrieved from /home/airflow/.local/lib/python3.10/site-packages/airflow/example_dags/example_nested_branch_dag.py
[2025-05-09T15:59:58.962+0000] {logging_mixin.py:188} INFO - [2025-05-09T15:59:58.962+0000] {dag.py:3096} INFO - Sync 1 DAGs
[2025-05-09T15:59:58.985+0000] {logging_mixin.py:188} INFO - [2025-05-09T15:59:58.985+0000] {dag.py:3954} INFO - Setting next_dagrun for example_nested_branch_dag to 2025-05-08 00:00:00+00:00, run_after=2025-05-09 00:00:00+00:00
[2025-05-09T15:59:59.010+0000] {processor.py:183} INFO - Processing /home/airflow/.local/lib/python3.10/site-packages/airflow/example_dags/example_nested_branch_dag.py took 0.100 seconds
[2025-05-09T16:00:29.310+0000] {processor.py:161} INFO - Started process (PID=12776) to work on /home/airflow/.local/lib/python3.10/site-packages/airflow/example_dags/example_nested_branch_dag.py
[2025-05-09T16:00:29.312+0000] {processor.py:830} INFO - Processing file /home/airflow/.local/lib/python3.10/site-packages/airflow/example_dags/example_nested_branch_dag.py for tasks to queue
[2025-05-09T16:00:29.314+0000] {logging_mixin.py:188} INFO - [2025-05-09T16:00:29.313+0000] {dagbag.py:545} INFO - Filling up the DagBag from /home/airflow/.local/lib/python3.10/site-packages/airflow/example_dags/example_nested_branch_dag.py
[2025-05-09T16:00:29.322+0000] {processor.py:840} INFO - DAG(s) 'example_nested_branch_dag' retrieved from /home/airflow/.local/lib/python3.10/site-packages/airflow/example_dags/example_nested_branch_dag.py
[2025-05-09T16:00:29.350+0000] {logging_mixin.py:188} INFO - [2025-05-09T16:00:29.350+0000] {dag.py:3096} INFO - Sync 1 DAGs
[2025-05-09T16:00:29.373+0000] {logging_mixin.py:188} INFO - [2025-05-09T16:00:29.372+0000] {dag.py:3954} INFO - Setting next_dagrun for example_nested_branch_dag to 2025-05-08 00:00:00+00:00, run_after=2025-05-09 00:00:00+00:00
[2025-05-09T16:00:29.396+0000] {processor.py:183} INFO - Processing /home/airflow/.local/lib/python3.10/site-packages/airflow/example_dags/example_nested_branch_dag.py took 0.093 seconds
[2025-05-09T16:01:00.174+0000] {processor.py:161} INFO - Started process (PID=13055) to work on /home/airflow/.local/lib/python3.10/site-packages/airflow/example_dags/example_nested_branch_dag.py
[2025-05-09T16:01:00.176+0000] {processor.py:830} INFO - Processing file /home/airflow/.local/lib/python3.10/site-packages/airflow/example_dags/example_nested_branch_dag.py for tasks to queue
[2025-05-09T16:01:00.180+0000] {logging_mixin.py:188} INFO - [2025-05-09T16:01:00.179+0000] {dagbag.py:545} INFO - Filling up the DagBag from /home/airflow/.local/lib/python3.10/site-packages/airflow/example_dags/example_nested_branch_dag.py
[2025-05-09T16:01:00.194+0000] {processor.py:840} INFO - DAG(s) 'example_nested_branch_dag' retrieved from /home/airflow/.local/lib/python3.10/site-packages/airflow/example_dags/example_nested_branch_dag.py
[2025-05-09T16:01:00.219+0000] {logging_mixin.py:188} INFO - [2025-05-09T16:01:00.219+0000] {dag.py:3096} INFO - Sync 1 DAGs
[2025-05-09T16:01:00.241+0000] {logging_mixin.py:188} INFO - [2025-05-09T16:01:00.241+0000] {dag.py:3954} INFO - Setting next_dagrun for example_nested_branch_dag to 2025-05-08 00:00:00+00:00, run_after=2025-05-09 00:00:00+00:00
[2025-05-09T16:01:00.263+0000] {processor.py:183} INFO - Processing /home/airflow/.local/lib/python3.10/site-packages/airflow/example_dags/example_nested_branch_dag.py took 0.095 seconds
[2025-05-09T16:01:30.802+0000] {processor.py:161} INFO - Started process (PID=13340) to work on /home/airflow/.local/lib/python3.10/site-packages/airflow/example_dags/example_nested_branch_dag.py
[2025-05-09T16:01:30.804+0000] {processor.py:830} INFO - Processing file /home/airflow/.local/lib/python3.10/site-packages/airflow/example_dags/example_nested_branch_dag.py for tasks to queue
[2025-05-09T16:01:30.805+0000] {logging_mixin.py:188} INFO - [2025-05-09T16:01:30.805+0000] {dagbag.py:545} INFO - Filling up the DagBag from /home/airflow/.local/lib/python3.10/site-packages/airflow/example_dags/example_nested_branch_dag.py
[2025-05-09T16:01:30.818+0000] {processor.py:840} INFO - DAG(s) 'example_nested_branch_dag' retrieved from /home/airflow/.local/lib/python3.10/site-packages/airflow/example_dags/example_nested_branch_dag.py
[2025-05-09T16:01:30.846+0000] {logging_mixin.py:188} INFO - [2025-05-09T16:01:30.845+0000] {dag.py:3096} INFO - Sync 1 DAGs
[2025-05-09T16:01:30.880+0000] {logging_mixin.py:188} INFO - [2025-05-09T16:01:30.879+0000] {dag.py:3954} INFO - Setting next_dagrun for example_nested_branch_dag to 2025-05-08 00:00:00+00:00, run_after=2025-05-09 00:00:00+00:00
[2025-05-09T16:01:30.910+0000] {processor.py:183} INFO - Processing /home/airflow/.local/lib/python3.10/site-packages/airflow/example_dags/example_nested_branch_dag.py took 0.114 seconds
[2025-05-09T16:02:01.368+0000] {processor.py:161} INFO - Started process (PID=13646) to work on /home/airflow/.local/lib/python3.10/site-packages/airflow/example_dags/example_nested_branch_dag.py
[2025-05-09T16:02:01.370+0000] {processor.py:830} INFO - Processing file /home/airflow/.local/lib/python3.10/site-packages/airflow/example_dags/example_nested_branch_dag.py for tasks to queue
[2025-05-09T16:02:01.371+0000] {logging_mixin.py:188} INFO - [2025-05-09T16:02:01.370+0000] {dagbag.py:545} INFO - Filling up the DagBag from /home/airflow/.local/lib/python3.10/site-packages/airflow/example_dags/example_nested_branch_dag.py
[2025-05-09T16:02:01.384+0000] {processor.py:840} INFO - DAG(s) 'example_nested_branch_dag' retrieved from /home/airflow/.local/lib/python3.10/site-packages/airflow/example_dags/example_nested_branch_dag.py
[2025-05-09T16:02:01.411+0000] {logging_mixin.py:188} INFO - [2025-05-09T16:02:01.411+0000] {dag.py:3096} INFO - Sync 1 DAGs
[2025-05-09T16:02:01.436+0000] {logging_mixin.py:188} INFO - [2025-05-09T16:02:01.435+0000] {dag.py:3954} INFO - Setting next_dagrun for example_nested_branch_dag to 2025-05-08 00:00:00+00:00, run_after=2025-05-09 00:00:00+00:00
[2025-05-09T16:02:01.460+0000] {processor.py:183} INFO - Processing /home/airflow/.local/lib/python3.10/site-packages/airflow/example_dags/example_nested_branch_dag.py took 0.098 seconds
[2025-05-09T16:02:31.697+0000] {processor.py:161} INFO - Started process (PID=13924) to work on /home/airflow/.local/lib/python3.10/site-packages/airflow/example_dags/example_nested_branch_dag.py
[2025-05-09T16:02:31.699+0000] {processor.py:830} INFO - Processing file /home/airflow/.local/lib/python3.10/site-packages/airflow/example_dags/example_nested_branch_dag.py for tasks to queue
[2025-05-09T16:02:31.701+0000] {logging_mixin.py:188} INFO - [2025-05-09T16:02:31.700+0000] {dagbag.py:545} INFO - Filling up the DagBag from /home/airflow/.local/lib/python3.10/site-packages/airflow/example_dags/example_nested_branch_dag.py
[2025-05-09T16:02:31.713+0000] {processor.py:840} INFO - DAG(s) 'example_nested_branch_dag' retrieved from /home/airflow/.local/lib/python3.10/site-packages/airflow/example_dags/example_nested_branch_dag.py
[2025-05-09T16:02:31.743+0000] {logging_mixin.py:188} INFO - [2025-05-09T16:02:31.743+0000] {dag.py:3096} INFO - Sync 1 DAGs
[2025-05-09T16:02:31.766+0000] {logging_mixin.py:188} INFO - [2025-05-09T16:02:31.765+0000] {dag.py:3954} INFO - Setting next_dagrun for example_nested_branch_dag to 2025-05-08 00:00:00+00:00, run_after=2025-05-09 00:00:00+00:00
[2025-05-09T16:02:31.786+0000] {processor.py:183} INFO - Processing /home/airflow/.local/lib/python3.10/site-packages/airflow/example_dags/example_nested_branch_dag.py took 0.098 seconds
[2025-05-09T16:03:02.308+0000] {processor.py:161} INFO - Started process (PID=14227) to work on /home/airflow/.local/lib/python3.10/site-packages/airflow/example_dags/example_nested_branch_dag.py
[2025-05-09T16:03:02.311+0000] {processor.py:830} INFO - Processing file /home/airflow/.local/lib/python3.10/site-packages/airflow/example_dags/example_nested_branch_dag.py for tasks to queue
[2025-05-09T16:03:02.312+0000] {logging_mixin.py:188} INFO - [2025-05-09T16:03:02.312+0000] {dagbag.py:545} INFO - Filling up the DagBag from /home/airflow/.local/lib/python3.10/site-packages/airflow/example_dags/example_nested_branch_dag.py
[2025-05-09T16:03:02.325+0000] {processor.py:840} INFO - DAG(s) 'example_nested_branch_dag' retrieved from /home/airflow/.local/lib/python3.10/site-packages/airflow/example_dags/example_nested_branch_dag.py
[2025-05-09T16:03:02.353+0000] {logging_mixin.py:188} INFO - [2025-05-09T16:03:02.353+0000] {dag.py:3096} INFO - Sync 1 DAGs
[2025-05-09T16:03:02.379+0000] {logging_mixin.py:188} INFO - [2025-05-09T16:03:02.379+0000] {dag.py:3954} INFO - Setting next_dagrun for example_nested_branch_dag to 2025-05-08 00:00:00+00:00, run_after=2025-05-09 00:00:00+00:00
[2025-05-09T16:03:02.399+0000] {processor.py:183} INFO - Processing /home/airflow/.local/lib/python3.10/site-packages/airflow/example_dags/example_nested_branch_dag.py took 0.097 seconds
[2025-05-09T16:03:33.404+0000] {processor.py:161} INFO - Started process (PID=14507) to work on /home/airflow/.local/lib/python3.10/site-packages/airflow/example_dags/example_nested_branch_dag.py
[2025-05-09T16:03:33.406+0000] {processor.py:830} INFO - Processing file /home/airflow/.local/lib/python3.10/site-packages/airflow/example_dags/example_nested_branch_dag.py for tasks to queue
[2025-05-09T16:03:33.408+0000] {logging_mixin.py:188} INFO - [2025-05-09T16:03:33.408+0000] {dagbag.py:545} INFO - Filling up the DagBag from /home/airflow/.local/lib/python3.10/site-packages/airflow/example_dags/example_nested_branch_dag.py
[2025-05-09T16:03:33.422+0000] {processor.py:840} INFO - DAG(s) 'example_nested_branch_dag' retrieved from /home/airflow/.local/lib/python3.10/site-packages/airflow/example_dags/example_nested_branch_dag.py
[2025-05-09T16:03:33.457+0000] {logging_mixin.py:188} INFO - [2025-05-09T16:03:33.456+0000] {dag.py:3096} INFO - Sync 1 DAGs
[2025-05-09T16:03:33.491+0000] {logging_mixin.py:188} INFO - [2025-05-09T16:03:33.491+0000] {dag.py:3954} INFO - Setting next_dagrun for example_nested_branch_dag to 2025-05-08 00:00:00+00:00, run_after=2025-05-09 00:00:00+00:00
[2025-05-09T16:03:33.525+0000] {processor.py:183} INFO - Processing /home/airflow/.local/lib/python3.10/site-packages/airflow/example_dags/example_nested_branch_dag.py took 0.127 seconds
[2025-05-09T16:04:03.983+0000] {processor.py:161} INFO - Started process (PID=14769) to work on /home/airflow/.local/lib/python3.10/site-packages/airflow/example_dags/example_nested_branch_dag.py
[2025-05-09T16:04:03.985+0000] {processor.py:830} INFO - Processing file /home/airflow/.local/lib/python3.10/site-packages/airflow/example_dags/example_nested_branch_dag.py for tasks to queue
[2025-05-09T16:04:03.986+0000] {logging_mixin.py:188} INFO - [2025-05-09T16:04:03.986+0000] {dagbag.py:545} INFO - Filling up the DagBag from /home/airflow/.local/lib/python3.10/site-packages/airflow/example_dags/example_nested_branch_dag.py
[2025-05-09T16:04:03.996+0000] {processor.py:840} INFO - DAG(s) 'example_nested_branch_dag' retrieved from /home/airflow/.local/lib/python3.10/site-packages/airflow/example_dags/example_nested_branch_dag.py
[2025-05-09T16:04:04.020+0000] {logging_mixin.py:188} INFO - [2025-05-09T16:04:04.020+0000] {dag.py:3096} INFO - Sync 1 DAGs
[2025-05-09T16:04:04.042+0000] {logging_mixin.py:188} INFO - [2025-05-09T16:04:04.042+0000] {dag.py:3954} INFO - Setting next_dagrun for example_nested_branch_dag to 2025-05-08 00:00:00+00:00, run_after=2025-05-09 00:00:00+00:00
[2025-05-09T16:04:04.068+0000] {processor.py:183} INFO - Processing /home/airflow/.local/lib/python3.10/site-packages/airflow/example_dags/example_nested_branch_dag.py took 0.090 seconds
[2025-05-09T16:05:15.710+0000] {processor.py:161} INFO - Started process (PID=212) to work on /home/airflow/.local/lib/python3.10/site-packages/airflow/example_dags/example_nested_branch_dag.py
[2025-05-09T16:05:15.712+0000] {processor.py:830} INFO - Processing file /home/airflow/.local/lib/python3.10/site-packages/airflow/example_dags/example_nested_branch_dag.py for tasks to queue
[2025-05-09T16:05:15.716+0000] {logging_mixin.py:188} INFO - [2025-05-09T16:05:15.715+0000] {dagbag.py:545} INFO - Filling up the DagBag from /home/airflow/.local/lib/python3.10/site-packages/airflow/example_dags/example_nested_branch_dag.py
[2025-05-09T16:05:15.730+0000] {processor.py:840} INFO - DAG(s) 'example_nested_branch_dag' retrieved from /home/airflow/.local/lib/python3.10/site-packages/airflow/example_dags/example_nested_branch_dag.py
[2025-05-09T16:05:15.753+0000] {logging_mixin.py:188} INFO - [2025-05-09T16:05:15.752+0000] {dag.py:3096} INFO - Sync 1 DAGs
[2025-05-09T16:05:15.791+0000] {logging_mixin.py:188} INFO - [2025-05-09T16:05:15.791+0000] {dag.py:3954} INFO - Setting next_dagrun for example_nested_branch_dag to 2025-05-08 00:00:00+00:00, run_after=2025-05-09 00:00:00+00:00
[2025-05-09T16:05:15.834+0000] {processor.py:183} INFO - Processing /home/airflow/.local/lib/python3.10/site-packages/airflow/example_dags/example_nested_branch_dag.py took 0.132 seconds
[2025-05-09T16:05:46.358+0000] {processor.py:161} INFO - Started process (PID=474) to work on /home/airflow/.local/lib/python3.10/site-packages/airflow/example_dags/example_nested_branch_dag.py
[2025-05-09T16:05:46.360+0000] {processor.py:830} INFO - Processing file /home/airflow/.local/lib/python3.10/site-packages/airflow/example_dags/example_nested_branch_dag.py for tasks to queue
[2025-05-09T16:05:46.362+0000] {logging_mixin.py:188} INFO - [2025-05-09T16:05:46.362+0000] {dagbag.py:545} INFO - Filling up the DagBag from /home/airflow/.local/lib/python3.10/site-packages/airflow/example_dags/example_nested_branch_dag.py
[2025-05-09T16:05:46.374+0000] {processor.py:840} INFO - DAG(s) 'example_nested_branch_dag' retrieved from /home/airflow/.local/lib/python3.10/site-packages/airflow/example_dags/example_nested_branch_dag.py
[2025-05-09T16:05:46.484+0000] {logging_mixin.py:188} INFO - [2025-05-09T16:05:46.484+0000] {dag.py:3096} INFO - Sync 1 DAGs
[2025-05-09T16:05:46.505+0000] {logging_mixin.py:188} INFO - [2025-05-09T16:05:46.505+0000] {dag.py:3954} INFO - Setting next_dagrun for example_nested_branch_dag to 2025-05-08 00:00:00+00:00, run_after=2025-05-09 00:00:00+00:00
[2025-05-09T16:05:46.530+0000] {processor.py:183} INFO - Processing /home/airflow/.local/lib/python3.10/site-packages/airflow/example_dags/example_nested_branch_dag.py took 0.178 seconds
[2025-05-09T16:06:16.984+0000] {processor.py:161} INFO - Started process (PID=736) to work on /home/airflow/.local/lib/python3.10/site-packages/airflow/example_dags/example_nested_branch_dag.py
[2025-05-09T16:06:16.985+0000] {processor.py:830} INFO - Processing file /home/airflow/.local/lib/python3.10/site-packages/airflow/example_dags/example_nested_branch_dag.py for tasks to queue
[2025-05-09T16:06:16.988+0000] {logging_mixin.py:188} INFO - [2025-05-09T16:06:16.987+0000] {dagbag.py:545} INFO - Filling up the DagBag from /home/airflow/.local/lib/python3.10/site-packages/airflow/example_dags/example_nested_branch_dag.py
[2025-05-09T16:06:16.998+0000] {processor.py:840} INFO - DAG(s) 'example_nested_branch_dag' retrieved from /home/airflow/.local/lib/python3.10/site-packages/airflow/example_dags/example_nested_branch_dag.py
[2025-05-09T16:06:17.024+0000] {logging_mixin.py:188} INFO - [2025-05-09T16:06:17.023+0000] {dag.py:3096} INFO - Sync 1 DAGs
[2025-05-09T16:06:17.049+0000] {logging_mixin.py:188} INFO - [2025-05-09T16:06:17.048+0000] {dag.py:3954} INFO - Setting next_dagrun for example_nested_branch_dag to 2025-05-08 00:00:00+00:00, run_after=2025-05-09 00:00:00+00:00
[2025-05-09T16:06:17.082+0000] {processor.py:183} INFO - Processing /home/airflow/.local/lib/python3.10/site-packages/airflow/example_dags/example_nested_branch_dag.py took 0.105 seconds
[2025-05-09T16:06:47.463+0000] {processor.py:161} INFO - Started process (PID=998) to work on /home/airflow/.local/lib/python3.10/site-packages/airflow/example_dags/example_nested_branch_dag.py
[2025-05-09T16:06:47.464+0000] {processor.py:830} INFO - Processing file /home/airflow/.local/lib/python3.10/site-packages/airflow/example_dags/example_nested_branch_dag.py for tasks to queue
[2025-05-09T16:06:47.467+0000] {logging_mixin.py:188} INFO - [2025-05-09T16:06:47.467+0000] {dagbag.py:545} INFO - Filling up the DagBag from /home/airflow/.local/lib/python3.10/site-packages/airflow/example_dags/example_nested_branch_dag.py
[2025-05-09T16:06:47.477+0000] {processor.py:840} INFO - DAG(s) 'example_nested_branch_dag' retrieved from /home/airflow/.local/lib/python3.10/site-packages/airflow/example_dags/example_nested_branch_dag.py
[2025-05-09T16:06:47.504+0000] {logging_mixin.py:188} INFO - [2025-05-09T16:06:47.504+0000] {dag.py:3096} INFO - Sync 1 DAGs
[2025-05-09T16:06:47.535+0000] {logging_mixin.py:188} INFO - [2025-05-09T16:06:47.534+0000] {dag.py:3954} INFO - Setting next_dagrun for example_nested_branch_dag to 2025-05-08 00:00:00+00:00, run_after=2025-05-09 00:00:00+00:00
[2025-05-09T16:06:47.561+0000] {processor.py:183} INFO - Processing /home/airflow/.local/lib/python3.10/site-packages/airflow/example_dags/example_nested_branch_dag.py took 0.104 seconds
[2025-05-09T16:07:18.349+0000] {processor.py:161} INFO - Started process (PID=1295) to work on /home/airflow/.local/lib/python3.10/site-packages/airflow/example_dags/example_nested_branch_dag.py
[2025-05-09T16:07:18.352+0000] {processor.py:830} INFO - Processing file /home/airflow/.local/lib/python3.10/site-packages/airflow/example_dags/example_nested_branch_dag.py for tasks to queue
[2025-05-09T16:07:18.357+0000] {logging_mixin.py:188} INFO - [2025-05-09T16:07:18.356+0000] {dagbag.py:545} INFO - Filling up the DagBag from /home/airflow/.local/lib/python3.10/site-packages/airflow/example_dags/example_nested_branch_dag.py
[2025-05-09T16:07:18.377+0000] {processor.py:840} INFO - DAG(s) 'example_nested_branch_dag' retrieved from /home/airflow/.local/lib/python3.10/site-packages/airflow/example_dags/example_nested_branch_dag.py
[2025-05-09T16:07:18.487+0000] {logging_mixin.py:188} INFO - [2025-05-09T16:07:18.487+0000] {dag.py:3096} INFO - Sync 1 DAGs
[2025-05-09T16:07:18.602+0000] {logging_mixin.py:188} INFO - [2025-05-09T16:07:18.602+0000] {dag.py:3954} INFO - Setting next_dagrun for example_nested_branch_dag to 2025-05-08 00:00:00+00:00, run_after=2025-05-09 00:00:00+00:00
[2025-05-09T16:07:18.703+0000] {processor.py:183} INFO - Processing /home/airflow/.local/lib/python3.10/site-packages/airflow/example_dags/example_nested_branch_dag.py took 0.368 seconds
[2025-05-09T16:07:49.535+0000] {processor.py:161} INFO - Started process (PID=1560) to work on /home/airflow/.local/lib/python3.10/site-packages/airflow/example_dags/example_nested_branch_dag.py
[2025-05-09T16:07:49.537+0000] {processor.py:830} INFO - Processing file /home/airflow/.local/lib/python3.10/site-packages/airflow/example_dags/example_nested_branch_dag.py for tasks to queue
[2025-05-09T16:07:49.539+0000] {logging_mixin.py:188} INFO - [2025-05-09T16:07:49.539+0000] {dagbag.py:545} INFO - Filling up the DagBag from /home/airflow/.local/lib/python3.10/site-packages/airflow/example_dags/example_nested_branch_dag.py
[2025-05-09T16:07:49.548+0000] {processor.py:840} INFO - DAG(s) 'example_nested_branch_dag' retrieved from /home/airflow/.local/lib/python3.10/site-packages/airflow/example_dags/example_nested_branch_dag.py
[2025-05-09T16:07:49.573+0000] {logging_mixin.py:188} INFO - [2025-05-09T16:07:49.572+0000] {dag.py:3096} INFO - Sync 1 DAGs
[2025-05-09T16:07:49.592+0000] {logging_mixin.py:188} INFO - [2025-05-09T16:07:49.592+0000] {dag.py:3954} INFO - Setting next_dagrun for example_nested_branch_dag to 2025-05-08 00:00:00+00:00, run_after=2025-05-09 00:00:00+00:00
[2025-05-09T16:07:49.618+0000] {processor.py:183} INFO - Processing /home/airflow/.local/lib/python3.10/site-packages/airflow/example_dags/example_nested_branch_dag.py took 0.089 seconds
[2025-05-09T16:08:19.870+0000] {processor.py:161} INFO - Started process (PID=1828) to work on /home/airflow/.local/lib/python3.10/site-packages/airflow/example_dags/example_nested_branch_dag.py
[2025-05-09T16:08:19.872+0000] {processor.py:830} INFO - Processing file /home/airflow/.local/lib/python3.10/site-packages/airflow/example_dags/example_nested_branch_dag.py for tasks to queue
[2025-05-09T16:08:19.875+0000] {logging_mixin.py:188} INFO - [2025-05-09T16:08:19.874+0000] {dagbag.py:545} INFO - Filling up the DagBag from /home/airflow/.local/lib/python3.10/site-packages/airflow/example_dags/example_nested_branch_dag.py
[2025-05-09T16:08:19.885+0000] {processor.py:840} INFO - DAG(s) 'example_nested_branch_dag' retrieved from /home/airflow/.local/lib/python3.10/site-packages/airflow/example_dags/example_nested_branch_dag.py
[2025-05-09T16:08:19.915+0000] {logging_mixin.py:188} INFO - [2025-05-09T16:08:19.915+0000] {dag.py:3096} INFO - Sync 1 DAGs
[2025-05-09T16:08:19.939+0000] {logging_mixin.py:188} INFO - [2025-05-09T16:08:19.939+0000] {dag.py:3954} INFO - Setting next_dagrun for example_nested_branch_dag to 2025-05-08 00:00:00+00:00, run_after=2025-05-09 00:00:00+00:00
[2025-05-09T16:08:19.967+0000] {processor.py:183} INFO - Processing /home/airflow/.local/lib/python3.10/site-packages/airflow/example_dags/example_nested_branch_dag.py took 0.103 seconds
[2025-05-09T16:08:50.208+0000] {processor.py:161} INFO - Started process (PID=2114) to work on /home/airflow/.local/lib/python3.10/site-packages/airflow/example_dags/example_nested_branch_dag.py
[2025-05-09T16:08:50.210+0000] {processor.py:830} INFO - Processing file /home/airflow/.local/lib/python3.10/site-packages/airflow/example_dags/example_nested_branch_dag.py for tasks to queue
[2025-05-09T16:08:50.213+0000] {logging_mixin.py:188} INFO - [2025-05-09T16:08:50.212+0000] {dagbag.py:545} INFO - Filling up the DagBag from /home/airflow/.local/lib/python3.10/site-packages/airflow/example_dags/example_nested_branch_dag.py
[2025-05-09T16:08:50.225+0000] {processor.py:840} INFO - DAG(s) 'example_nested_branch_dag' retrieved from /home/airflow/.local/lib/python3.10/site-packages/airflow/example_dags/example_nested_branch_dag.py
[2025-05-09T16:08:50.253+0000] {logging_mixin.py:188} INFO - [2025-05-09T16:08:50.252+0000] {dag.py:3096} INFO - Sync 1 DAGs
[2025-05-09T16:08:50.277+0000] {logging_mixin.py:188} INFO - [2025-05-09T16:08:50.276+0000] {dag.py:3954} INFO - Setting next_dagrun for example_nested_branch_dag to 2025-05-08 00:00:00+00:00, run_after=2025-05-09 00:00:00+00:00
[2025-05-09T16:08:50.309+0000] {processor.py:183} INFO - Processing /home/airflow/.local/lib/python3.10/site-packages/airflow/example_dags/example_nested_branch_dag.py took 0.107 seconds
[2025-05-09T16:09:20.798+0000] {processor.py:161} INFO - Started process (PID=2388) to work on /home/airflow/.local/lib/python3.10/site-packages/airflow/example_dags/example_nested_branch_dag.py
[2025-05-09T16:09:20.800+0000] {processor.py:830} INFO - Processing file /home/airflow/.local/lib/python3.10/site-packages/airflow/example_dags/example_nested_branch_dag.py for tasks to queue
[2025-05-09T16:09:20.804+0000] {logging_mixin.py:188} INFO - [2025-05-09T16:09:20.803+0000] {dagbag.py:545} INFO - Filling up the DagBag from /home/airflow/.local/lib/python3.10/site-packages/airflow/example_dags/example_nested_branch_dag.py
[2025-05-09T16:09:20.815+0000] {processor.py:840} INFO - DAG(s) 'example_nested_branch_dag' retrieved from /home/airflow/.local/lib/python3.10/site-packages/airflow/example_dags/example_nested_branch_dag.py
[2025-05-09T16:09:20.843+0000] {logging_mixin.py:188} INFO - [2025-05-09T16:09:20.843+0000] {dag.py:3096} INFO - Sync 1 DAGs
[2025-05-09T16:09:20.873+0000] {logging_mixin.py:188} INFO - [2025-05-09T16:09:20.873+0000] {dag.py:3954} INFO - Setting next_dagrun for example_nested_branch_dag to 2025-05-08 00:00:00+00:00, run_after=2025-05-09 00:00:00+00:00
[2025-05-09T16:09:20.901+0000] {processor.py:183} INFO - Processing /home/airflow/.local/lib/python3.10/site-packages/airflow/example_dags/example_nested_branch_dag.py took 0.110 seconds
[2025-05-09T16:09:51.491+0000] {processor.py:161} INFO - Started process (PID=2650) to work on /home/airflow/.local/lib/python3.10/site-packages/airflow/example_dags/example_nested_branch_dag.py
[2025-05-09T16:09:51.493+0000] {processor.py:830} INFO - Processing file /home/airflow/.local/lib/python3.10/site-packages/airflow/example_dags/example_nested_branch_dag.py for tasks to queue
[2025-05-09T16:09:51.495+0000] {logging_mixin.py:188} INFO - [2025-05-09T16:09:51.495+0000] {dagbag.py:545} INFO - Filling up the DagBag from /home/airflow/.local/lib/python3.10/site-packages/airflow/example_dags/example_nested_branch_dag.py
[2025-05-09T16:09:51.507+0000] {processor.py:840} INFO - DAG(s) 'example_nested_branch_dag' retrieved from /home/airflow/.local/lib/python3.10/site-packages/airflow/example_dags/example_nested_branch_dag.py
[2025-05-09T16:09:51.537+0000] {logging_mixin.py:188} INFO - [2025-05-09T16:09:51.537+0000] {dag.py:3096} INFO - Sync 1 DAGs
[2025-05-09T16:09:51.563+0000] {logging_mixin.py:188} INFO - [2025-05-09T16:09:51.562+0000] {dag.py:3954} INFO - Setting next_dagrun for example_nested_branch_dag to 2025-05-08 00:00:00+00:00, run_after=2025-05-09 00:00:00+00:00
[2025-05-09T16:09:51.593+0000] {processor.py:183} INFO - Processing /home/airflow/.local/lib/python3.10/site-packages/airflow/example_dags/example_nested_branch_dag.py took 0.108 seconds
[2025-05-09T16:10:22.187+0000] {processor.py:161} INFO - Started process (PID=2918) to work on /home/airflow/.local/lib/python3.10/site-packages/airflow/example_dags/example_nested_branch_dag.py
[2025-05-09T16:10:22.189+0000] {processor.py:830} INFO - Processing file /home/airflow/.local/lib/python3.10/site-packages/airflow/example_dags/example_nested_branch_dag.py for tasks to queue
[2025-05-09T16:10:22.191+0000] {logging_mixin.py:188} INFO - [2025-05-09T16:10:22.191+0000] {dagbag.py:545} INFO - Filling up the DagBag from /home/airflow/.local/lib/python3.10/site-packages/airflow/example_dags/example_nested_branch_dag.py
[2025-05-09T16:10:22.203+0000] {processor.py:840} INFO - DAG(s) 'example_nested_branch_dag' retrieved from /home/airflow/.local/lib/python3.10/site-packages/airflow/example_dags/example_nested_branch_dag.py
[2025-05-09T16:10:22.229+0000] {logging_mixin.py:188} INFO - [2025-05-09T16:10:22.229+0000] {dag.py:3096} INFO - Sync 1 DAGs
[2025-05-09T16:10:22.253+0000] {logging_mixin.py:188} INFO - [2025-05-09T16:10:22.253+0000] {dag.py:3954} INFO - Setting next_dagrun for example_nested_branch_dag to 2025-05-08 00:00:00+00:00, run_after=2025-05-09 00:00:00+00:00
[2025-05-09T16:10:22.277+0000] {processor.py:183} INFO - Processing /home/airflow/.local/lib/python3.10/site-packages/airflow/example_dags/example_nested_branch_dag.py took 0.095 seconds
[2025-05-09T16:10:52.359+0000] {processor.py:161} INFO - Started process (PID=3186) to work on /home/airflow/.local/lib/python3.10/site-packages/airflow/example_dags/example_nested_branch_dag.py
[2025-05-09T16:10:52.360+0000] {processor.py:830} INFO - Processing file /home/airflow/.local/lib/python3.10/site-packages/airflow/example_dags/example_nested_branch_dag.py for tasks to queue
[2025-05-09T16:10:52.363+0000] {logging_mixin.py:188} INFO - [2025-05-09T16:10:52.362+0000] {dagbag.py:545} INFO - Filling up the DagBag from /home/airflow/.local/lib/python3.10/site-packages/airflow/example_dags/example_nested_branch_dag.py
[2025-05-09T16:10:52.374+0000] {processor.py:840} INFO - DAG(s) 'example_nested_branch_dag' retrieved from /home/airflow/.local/lib/python3.10/site-packages/airflow/example_dags/example_nested_branch_dag.py
[2025-05-09T16:10:52.403+0000] {logging_mixin.py:188} INFO - [2025-05-09T16:10:52.402+0000] {dag.py:3096} INFO - Sync 1 DAGs
[2025-05-09T16:10:52.430+0000] {logging_mixin.py:188} INFO - [2025-05-09T16:10:52.430+0000] {dag.py:3954} INFO - Setting next_dagrun for example_nested_branch_dag to 2025-05-08 00:00:00+00:00, run_after=2025-05-09 00:00:00+00:00
[2025-05-09T16:10:52.454+0000] {processor.py:183} INFO - Processing /home/airflow/.local/lib/python3.10/site-packages/airflow/example_dags/example_nested_branch_dag.py took 0.102 seconds
[2025-05-09T16:11:23.197+0000] {processor.py:161} INFO - Started process (PID=3460) to work on /home/airflow/.local/lib/python3.10/site-packages/airflow/example_dags/example_nested_branch_dag.py
[2025-05-09T16:11:23.199+0000] {processor.py:830} INFO - Processing file /home/airflow/.local/lib/python3.10/site-packages/airflow/example_dags/example_nested_branch_dag.py for tasks to queue
[2025-05-09T16:11:23.201+0000] {logging_mixin.py:188} INFO - [2025-05-09T16:11:23.200+0000] {dagbag.py:545} INFO - Filling up the DagBag from /home/airflow/.local/lib/python3.10/site-packages/airflow/example_dags/example_nested_branch_dag.py
[2025-05-09T16:11:23.211+0000] {processor.py:840} INFO - DAG(s) 'example_nested_branch_dag' retrieved from /home/airflow/.local/lib/python3.10/site-packages/airflow/example_dags/example_nested_branch_dag.py
[2025-05-09T16:11:23.235+0000] {logging_mixin.py:188} INFO - [2025-05-09T16:11:23.234+0000] {dag.py:3096} INFO - Sync 1 DAGs
[2025-05-09T16:11:23.261+0000] {logging_mixin.py:188} INFO - [2025-05-09T16:11:23.261+0000] {dag.py:3954} INFO - Setting next_dagrun for example_nested_branch_dag to 2025-05-08 00:00:00+00:00, run_after=2025-05-09 00:00:00+00:00
[2025-05-09T16:11:23.287+0000] {processor.py:183} INFO - Processing /home/airflow/.local/lib/python3.10/site-packages/airflow/example_dags/example_nested_branch_dag.py took 0.096 seconds
[2025-05-09T16:11:53.921+0000] {processor.py:161} INFO - Started process (PID=3728) to work on /home/airflow/.local/lib/python3.10/site-packages/airflow/example_dags/example_nested_branch_dag.py
[2025-05-09T16:11:53.924+0000] {processor.py:830} INFO - Processing file /home/airflow/.local/lib/python3.10/site-packages/airflow/example_dags/example_nested_branch_dag.py for tasks to queue
[2025-05-09T16:11:53.926+0000] {logging_mixin.py:188} INFO - [2025-05-09T16:11:53.925+0000] {dagbag.py:545} INFO - Filling up the DagBag from /home/airflow/.local/lib/python3.10/site-packages/airflow/example_dags/example_nested_branch_dag.py
[2025-05-09T16:11:53.938+0000] {processor.py:840} INFO - DAG(s) 'example_nested_branch_dag' retrieved from /home/airflow/.local/lib/python3.10/site-packages/airflow/example_dags/example_nested_branch_dag.py
[2025-05-09T16:11:53.965+0000] {logging_mixin.py:188} INFO - [2025-05-09T16:11:53.964+0000] {dag.py:3096} INFO - Sync 1 DAGs
[2025-05-09T16:11:53.991+0000] {logging_mixin.py:188} INFO - [2025-05-09T16:11:53.991+0000] {dag.py:3954} INFO - Setting next_dagrun for example_nested_branch_dag to 2025-05-08 00:00:00+00:00, run_after=2025-05-09 00:00:00+00:00
[2025-05-09T16:11:54.020+0000] {processor.py:183} INFO - Processing /home/airflow/.local/lib/python3.10/site-packages/airflow/example_dags/example_nested_branch_dag.py took 0.105 seconds
[2025-05-09T16:12:24.540+0000] {processor.py:161} INFO - Started process (PID=4005) to work on /home/airflow/.local/lib/python3.10/site-packages/airflow/example_dags/example_nested_branch_dag.py
[2025-05-09T16:12:24.542+0000] {processor.py:830} INFO - Processing file /home/airflow/.local/lib/python3.10/site-packages/airflow/example_dags/example_nested_branch_dag.py for tasks to queue
[2025-05-09T16:12:24.544+0000] {logging_mixin.py:188} INFO - [2025-05-09T16:12:24.544+0000] {dagbag.py:545} INFO - Filling up the DagBag from /home/airflow/.local/lib/python3.10/site-packages/airflow/example_dags/example_nested_branch_dag.py
[2025-05-09T16:12:24.554+0000] {processor.py:840} INFO - DAG(s) 'example_nested_branch_dag' retrieved from /home/airflow/.local/lib/python3.10/site-packages/airflow/example_dags/example_nested_branch_dag.py
[2025-05-09T16:12:24.586+0000] {logging_mixin.py:188} INFO - [2025-05-09T16:12:24.585+0000] {dag.py:3096} INFO - Sync 1 DAGs
[2025-05-09T16:12:24.615+0000] {logging_mixin.py:188} INFO - [2025-05-09T16:12:24.614+0000] {dag.py:3954} INFO - Setting next_dagrun for example_nested_branch_dag to 2025-05-08 00:00:00+00:00, run_after=2025-05-09 00:00:00+00:00
[2025-05-09T16:12:24.645+0000] {processor.py:183} INFO - Processing /home/airflow/.local/lib/python3.10/site-packages/airflow/example_dags/example_nested_branch_dag.py took 0.112 seconds
[2025-05-09T16:12:55.261+0000] {processor.py:161} INFO - Started process (PID=4267) to work on /home/airflow/.local/lib/python3.10/site-packages/airflow/example_dags/example_nested_branch_dag.py
[2025-05-09T16:12:55.263+0000] {processor.py:830} INFO - Processing file /home/airflow/.local/lib/python3.10/site-packages/airflow/example_dags/example_nested_branch_dag.py for tasks to queue
[2025-05-09T16:12:55.267+0000] {logging_mixin.py:188} INFO - [2025-05-09T16:12:55.266+0000] {dagbag.py:545} INFO - Filling up the DagBag from /home/airflow/.local/lib/python3.10/site-packages/airflow/example_dags/example_nested_branch_dag.py
[2025-05-09T16:12:55.282+0000] {processor.py:840} INFO - DAG(s) 'example_nested_branch_dag' retrieved from /home/airflow/.local/lib/python3.10/site-packages/airflow/example_dags/example_nested_branch_dag.py
[2025-05-09T16:12:55.313+0000] {logging_mixin.py:188} INFO - [2025-05-09T16:12:55.313+0000] {dag.py:3096} INFO - Sync 1 DAGs
[2025-05-09T16:12:55.341+0000] {logging_mixin.py:188} INFO - [2025-05-09T16:12:55.341+0000] {dag.py:3954} INFO - Setting next_dagrun for example_nested_branch_dag to 2025-05-08 00:00:00+00:00, run_after=2025-05-09 00:00:00+00:00
[2025-05-09T16:12:55.373+0000] {processor.py:183} INFO - Processing /home/airflow/.local/lib/python3.10/site-packages/airflow/example_dags/example_nested_branch_dag.py took 0.122 seconds
[2025-05-09T16:13:25.740+0000] {processor.py:161} INFO - Started process (PID=4538) to work on /home/airflow/.local/lib/python3.10/site-packages/airflow/example_dags/example_nested_branch_dag.py
[2025-05-09T16:13:25.742+0000] {processor.py:830} INFO - Processing file /home/airflow/.local/lib/python3.10/site-packages/airflow/example_dags/example_nested_branch_dag.py for tasks to queue
[2025-05-09T16:13:25.744+0000] {logging_mixin.py:188} INFO - [2025-05-09T16:13:25.744+0000] {dagbag.py:545} INFO - Filling up the DagBag from /home/airflow/.local/lib/python3.10/site-packages/airflow/example_dags/example_nested_branch_dag.py
[2025-05-09T16:13:25.754+0000] {processor.py:840} INFO - DAG(s) 'example_nested_branch_dag' retrieved from /home/airflow/.local/lib/python3.10/site-packages/airflow/example_dags/example_nested_branch_dag.py
[2025-05-09T16:13:25.780+0000] {logging_mixin.py:188} INFO - [2025-05-09T16:13:25.780+0000] {dag.py:3096} INFO - Sync 1 DAGs
[2025-05-09T16:13:25.804+0000] {logging_mixin.py:188} INFO - [2025-05-09T16:13:25.803+0000] {dag.py:3954} INFO - Setting next_dagrun for example_nested_branch_dag to 2025-05-08 00:00:00+00:00, run_after=2025-05-09 00:00:00+00:00
[2025-05-09T16:13:25.825+0000] {processor.py:183} INFO - Processing /home/airflow/.local/lib/python3.10/site-packages/airflow/example_dags/example_nested_branch_dag.py took 0.090 seconds
[2025-05-09T16:13:56.202+0000] {processor.py:161} INFO - Started process (PID=4800) to work on /home/airflow/.local/lib/python3.10/site-packages/airflow/example_dags/example_nested_branch_dag.py
[2025-05-09T16:13:56.204+0000] {processor.py:830} INFO - Processing file /home/airflow/.local/lib/python3.10/site-packages/airflow/example_dags/example_nested_branch_dag.py for tasks to queue
[2025-05-09T16:13:56.206+0000] {logging_mixin.py:188} INFO - [2025-05-09T16:13:56.206+0000] {dagbag.py:545} INFO - Filling up the DagBag from /home/airflow/.local/lib/python3.10/site-packages/airflow/example_dags/example_nested_branch_dag.py
[2025-05-09T16:13:56.221+0000] {processor.py:840} INFO - DAG(s) 'example_nested_branch_dag' retrieved from /home/airflow/.local/lib/python3.10/site-packages/airflow/example_dags/example_nested_branch_dag.py
[2025-05-09T16:13:56.253+0000] {logging_mixin.py:188} INFO - [2025-05-09T16:13:56.252+0000] {dag.py:3096} INFO - Sync 1 DAGs
[2025-05-09T16:13:56.283+0000] {logging_mixin.py:188} INFO - [2025-05-09T16:13:56.283+0000] {dag.py:3954} INFO - Setting next_dagrun for example_nested_branch_dag to 2025-05-08 00:00:00+00:00, run_after=2025-05-09 00:00:00+00:00
[2025-05-09T16:13:56.309+0000] {processor.py:183} INFO - Processing /home/airflow/.local/lib/python3.10/site-packages/airflow/example_dags/example_nested_branch_dag.py took 0.116 seconds
[2025-05-09T16:14:26.422+0000] {processor.py:161} INFO - Started process (PID=5089) to work on /home/airflow/.local/lib/python3.10/site-packages/airflow/example_dags/example_nested_branch_dag.py
[2025-05-09T16:14:26.424+0000] {processor.py:830} INFO - Processing file /home/airflow/.local/lib/python3.10/site-packages/airflow/example_dags/example_nested_branch_dag.py for tasks to queue
[2025-05-09T16:14:26.426+0000] {logging_mixin.py:188} INFO - [2025-05-09T16:14:26.426+0000] {dagbag.py:545} INFO - Filling up the DagBag from /home/airflow/.local/lib/python3.10/site-packages/airflow/example_dags/example_nested_branch_dag.py
[2025-05-09T16:14:26.436+0000] {processor.py:840} INFO - DAG(s) 'example_nested_branch_dag' retrieved from /home/airflow/.local/lib/python3.10/site-packages/airflow/example_dags/example_nested_branch_dag.py
[2025-05-09T16:14:26.456+0000] {logging_mixin.py:188} INFO - [2025-05-09T16:14:26.456+0000] {dag.py:3096} INFO - Sync 1 DAGs
[2025-05-09T16:14:26.476+0000] {logging_mixin.py:188} INFO - [2025-05-09T16:14:26.476+0000] {dag.py:3954} INFO - Setting next_dagrun for example_nested_branch_dag to 2025-05-08 00:00:00+00:00, run_after=2025-05-09 00:00:00+00:00
[2025-05-09T16:14:26.500+0000] {processor.py:183} INFO - Processing /home/airflow/.local/lib/python3.10/site-packages/airflow/example_dags/example_nested_branch_dag.py took 0.083 seconds
[2025-05-09T16:14:56.678+0000] {processor.py:161} INFO - Started process (PID=5357) to work on /home/airflow/.local/lib/python3.10/site-packages/airflow/example_dags/example_nested_branch_dag.py
[2025-05-09T16:14:56.680+0000] {processor.py:830} INFO - Processing file /home/airflow/.local/lib/python3.10/site-packages/airflow/example_dags/example_nested_branch_dag.py for tasks to queue
[2025-05-09T16:14:56.682+0000] {logging_mixin.py:188} INFO - [2025-05-09T16:14:56.682+0000] {dagbag.py:545} INFO - Filling up the DagBag from /home/airflow/.local/lib/python3.10/site-packages/airflow/example_dags/example_nested_branch_dag.py
[2025-05-09T16:14:56.695+0000] {processor.py:840} INFO - DAG(s) 'example_nested_branch_dag' retrieved from /home/airflow/.local/lib/python3.10/site-packages/airflow/example_dags/example_nested_branch_dag.py
[2025-05-09T16:14:56.722+0000] {logging_mixin.py:188} INFO - [2025-05-09T16:14:56.722+0000] {dag.py:3096} INFO - Sync 1 DAGs
[2025-05-09T16:14:56.744+0000] {logging_mixin.py:188} INFO - [2025-05-09T16:14:56.744+0000] {dag.py:3954} INFO - Setting next_dagrun for example_nested_branch_dag to 2025-05-08 00:00:00+00:00, run_after=2025-05-09 00:00:00+00:00
[2025-05-09T16:14:56.770+0000] {processor.py:183} INFO - Processing /home/airflow/.local/lib/python3.10/site-packages/airflow/example_dags/example_nested_branch_dag.py took 0.098 seconds
[2025-05-09T16:15:27.757+0000] {processor.py:161} INFO - Started process (PID=5628) to work on /home/airflow/.local/lib/python3.10/site-packages/airflow/example_dags/example_nested_branch_dag.py
[2025-05-09T16:15:27.759+0000] {processor.py:830} INFO - Processing file /home/airflow/.local/lib/python3.10/site-packages/airflow/example_dags/example_nested_branch_dag.py for tasks to queue
[2025-05-09T16:15:27.761+0000] {logging_mixin.py:188} INFO - [2025-05-09T16:15:27.761+0000] {dagbag.py:545} INFO - Filling up the DagBag from /home/airflow/.local/lib/python3.10/site-packages/airflow/example_dags/example_nested_branch_dag.py
[2025-05-09T16:15:27.771+0000] {processor.py:840} INFO - DAG(s) 'example_nested_branch_dag' retrieved from /home/airflow/.local/lib/python3.10/site-packages/airflow/example_dags/example_nested_branch_dag.py
[2025-05-09T16:15:27.794+0000] {logging_mixin.py:188} INFO - [2025-05-09T16:15:27.794+0000] {dag.py:3096} INFO - Sync 1 DAGs
[2025-05-09T16:15:27.817+0000] {logging_mixin.py:188} INFO - [2025-05-09T16:15:27.817+0000] {dag.py:3954} INFO - Setting next_dagrun for example_nested_branch_dag to 2025-05-08 00:00:00+00:00, run_after=2025-05-09 00:00:00+00:00
[2025-05-09T16:15:27.844+0000] {processor.py:183} INFO - Processing /home/airflow/.local/lib/python3.10/site-packages/airflow/example_dags/example_nested_branch_dag.py took 0.092 seconds
[2025-05-09T16:15:58.473+0000] {processor.py:161} INFO - Started process (PID=5907) to work on /home/airflow/.local/lib/python3.10/site-packages/airflow/example_dags/example_nested_branch_dag.py
[2025-05-09T16:15:58.475+0000] {processor.py:830} INFO - Processing file /home/airflow/.local/lib/python3.10/site-packages/airflow/example_dags/example_nested_branch_dag.py for tasks to queue
[2025-05-09T16:15:58.479+0000] {logging_mixin.py:188} INFO - [2025-05-09T16:15:58.478+0000] {dagbag.py:545} INFO - Filling up the DagBag from /home/airflow/.local/lib/python3.10/site-packages/airflow/example_dags/example_nested_branch_dag.py
[2025-05-09T16:15:58.494+0000] {processor.py:840} INFO - DAG(s) 'example_nested_branch_dag' retrieved from /home/airflow/.local/lib/python3.10/site-packages/airflow/example_dags/example_nested_branch_dag.py
[2025-05-09T16:15:58.527+0000] {logging_mixin.py:188} INFO - [2025-05-09T16:15:58.526+0000] {dag.py:3096} INFO - Sync 1 DAGs
[2025-05-09T16:15:58.556+0000] {logging_mixin.py:188} INFO - [2025-05-09T16:15:58.556+0000] {dag.py:3954} INFO - Setting next_dagrun for example_nested_branch_dag to 2025-05-08 00:00:00+00:00, run_after=2025-05-09 00:00:00+00:00
[2025-05-09T16:15:58.585+0000] {processor.py:183} INFO - Processing /home/airflow/.local/lib/python3.10/site-packages/airflow/example_dags/example_nested_branch_dag.py took 0.124 seconds
[2025-05-09T16:16:29.159+0000] {processor.py:161} INFO - Started process (PID=6245) to work on /home/airflow/.local/lib/python3.10/site-packages/airflow/example_dags/example_nested_branch_dag.py
[2025-05-09T16:16:29.161+0000] {processor.py:830} INFO - Processing file /home/airflow/.local/lib/python3.10/site-packages/airflow/example_dags/example_nested_branch_dag.py for tasks to queue
[2025-05-09T16:16:29.164+0000] {logging_mixin.py:188} INFO - [2025-05-09T16:16:29.164+0000] {dagbag.py:545} INFO - Filling up the DagBag from /home/airflow/.local/lib/python3.10/site-packages/airflow/example_dags/example_nested_branch_dag.py
[2025-05-09T16:16:29.175+0000] {processor.py:840} INFO - DAG(s) 'example_nested_branch_dag' retrieved from /home/airflow/.local/lib/python3.10/site-packages/airflow/example_dags/example_nested_branch_dag.py
[2025-05-09T16:16:29.199+0000] {logging_mixin.py:188} INFO - [2025-05-09T16:16:29.198+0000] {dag.py:3096} INFO - Sync 1 DAGs
[2025-05-09T16:16:29.225+0000] {logging_mixin.py:188} INFO - [2025-05-09T16:16:29.224+0000] {dag.py:3954} INFO - Setting next_dagrun for example_nested_branch_dag to 2025-05-08 00:00:00+00:00, run_after=2025-05-09 00:00:00+00:00
[2025-05-09T16:16:29.253+0000] {processor.py:183} INFO - Processing /home/airflow/.local/lib/python3.10/site-packages/airflow/example_dags/example_nested_branch_dag.py took 0.100 seconds
[2025-05-09T16:16:59.867+0000] {processor.py:161} INFO - Started process (PID=6543) to work on /home/airflow/.local/lib/python3.10/site-packages/airflow/example_dags/example_nested_branch_dag.py
[2025-05-09T16:16:59.869+0000] {processor.py:830} INFO - Processing file /home/airflow/.local/lib/python3.10/site-packages/airflow/example_dags/example_nested_branch_dag.py for tasks to queue
[2025-05-09T16:16:59.871+0000] {logging_mixin.py:188} INFO - [2025-05-09T16:16:59.871+0000] {dagbag.py:545} INFO - Filling up the DagBag from /home/airflow/.local/lib/python3.10/site-packages/airflow/example_dags/example_nested_branch_dag.py
[2025-05-09T16:16:59.885+0000] {processor.py:840} INFO - DAG(s) 'example_nested_branch_dag' retrieved from /home/airflow/.local/lib/python3.10/site-packages/airflow/example_dags/example_nested_branch_dag.py
[2025-05-09T16:16:59.918+0000] {logging_mixin.py:188} INFO - [2025-05-09T16:16:59.918+0000] {dag.py:3096} INFO - Sync 1 DAGs
[2025-05-09T16:16:59.944+0000] {logging_mixin.py:188} INFO - [2025-05-09T16:16:59.944+0000] {dag.py:3954} INFO - Setting next_dagrun for example_nested_branch_dag to 2025-05-08 00:00:00+00:00, run_after=2025-05-09 00:00:00+00:00
[2025-05-09T16:16:59.970+0000] {processor.py:183} INFO - Processing /home/airflow/.local/lib/python3.10/site-packages/airflow/example_dags/example_nested_branch_dag.py took 0.114 seconds
[2025-05-09T16:17:30.503+0000] {processor.py:161} INFO - Started process (PID=6862) to work on /home/airflow/.local/lib/python3.10/site-packages/airflow/example_dags/example_nested_branch_dag.py
[2025-05-09T16:17:30.505+0000] {processor.py:830} INFO - Processing file /home/airflow/.local/lib/python3.10/site-packages/airflow/example_dags/example_nested_branch_dag.py for tasks to queue
[2025-05-09T16:17:30.507+0000] {logging_mixin.py:188} INFO - [2025-05-09T16:17:30.507+0000] {dagbag.py:545} INFO - Filling up the DagBag from /home/airflow/.local/lib/python3.10/site-packages/airflow/example_dags/example_nested_branch_dag.py
[2025-05-09T16:17:30.518+0000] {processor.py:840} INFO - DAG(s) 'example_nested_branch_dag' retrieved from /home/airflow/.local/lib/python3.10/site-packages/airflow/example_dags/example_nested_branch_dag.py
[2025-05-09T16:17:30.545+0000] {logging_mixin.py:188} INFO - [2025-05-09T16:17:30.545+0000] {dag.py:3096} INFO - Sync 1 DAGs
[2025-05-09T16:17:30.571+0000] {logging_mixin.py:188} INFO - [2025-05-09T16:17:30.570+0000] {dag.py:3954} INFO - Setting next_dagrun for example_nested_branch_dag to 2025-05-08 00:00:00+00:00, run_after=2025-05-09 00:00:00+00:00
[2025-05-09T16:17:30.597+0000] {processor.py:183} INFO - Processing /home/airflow/.local/lib/python3.10/site-packages/airflow/example_dags/example_nested_branch_dag.py took 0.100 seconds
[2025-05-09T16:18:01.311+0000] {processor.py:161} INFO - Started process (PID=7126) to work on /home/airflow/.local/lib/python3.10/site-packages/airflow/example_dags/example_nested_branch_dag.py
[2025-05-09T16:18:01.314+0000] {processor.py:830} INFO - Processing file /home/airflow/.local/lib/python3.10/site-packages/airflow/example_dags/example_nested_branch_dag.py for tasks to queue
[2025-05-09T16:18:01.318+0000] {logging_mixin.py:188} INFO - [2025-05-09T16:18:01.317+0000] {dagbag.py:545} INFO - Filling up the DagBag from /home/airflow/.local/lib/python3.10/site-packages/airflow/example_dags/example_nested_branch_dag.py
[2025-05-09T16:18:01.331+0000] {processor.py:840} INFO - DAG(s) 'example_nested_branch_dag' retrieved from /home/airflow/.local/lib/python3.10/site-packages/airflow/example_dags/example_nested_branch_dag.py
[2025-05-09T16:18:01.364+0000] {logging_mixin.py:188} INFO - [2025-05-09T16:18:01.364+0000] {dag.py:3096} INFO - Sync 1 DAGs
[2025-05-09T16:18:01.392+0000] {logging_mixin.py:188} INFO - [2025-05-09T16:18:01.391+0000] {dag.py:3954} INFO - Setting next_dagrun for example_nested_branch_dag to 2025-05-08 00:00:00+00:00, run_after=2025-05-09 00:00:00+00:00
[2025-05-09T16:18:01.421+0000] {processor.py:183} INFO - Processing /home/airflow/.local/lib/python3.10/site-packages/airflow/example_dags/example_nested_branch_dag.py took 0.118 seconds
[2025-05-09T16:18:31.536+0000] {processor.py:161} INFO - Started process (PID=7425) to work on /home/airflow/.local/lib/python3.10/site-packages/airflow/example_dags/example_nested_branch_dag.py
[2025-05-09T16:18:31.539+0000] {processor.py:830} INFO - Processing file /home/airflow/.local/lib/python3.10/site-packages/airflow/example_dags/example_nested_branch_dag.py for tasks to queue
[2025-05-09T16:18:31.543+0000] {logging_mixin.py:188} INFO - [2025-05-09T16:18:31.542+0000] {dagbag.py:545} INFO - Filling up the DagBag from /home/airflow/.local/lib/python3.10/site-packages/airflow/example_dags/example_nested_branch_dag.py
[2025-05-09T16:18:31.556+0000] {processor.py:840} INFO - DAG(s) 'example_nested_branch_dag' retrieved from /home/airflow/.local/lib/python3.10/site-packages/airflow/example_dags/example_nested_branch_dag.py
[2025-05-09T16:18:31.596+0000] {logging_mixin.py:188} INFO - [2025-05-09T16:18:31.595+0000] {dag.py:3096} INFO - Sync 1 DAGs
[2025-05-09T16:18:31.634+0000] {logging_mixin.py:188} INFO - [2025-05-09T16:18:31.634+0000] {dag.py:3954} INFO - Setting next_dagrun for example_nested_branch_dag to 2025-05-08 00:00:00+00:00, run_after=2025-05-09 00:00:00+00:00
[2025-05-09T16:18:31.673+0000] {processor.py:183} INFO - Processing /home/airflow/.local/lib/python3.10/site-packages/airflow/example_dags/example_nested_branch_dag.py took 0.147 seconds
[2025-05-09T16:19:02.299+0000] {processor.py:161} INFO - Started process (PID=7690) to work on /home/airflow/.local/lib/python3.10/site-packages/airflow/example_dags/example_nested_branch_dag.py
[2025-05-09T16:19:02.301+0000] {processor.py:830} INFO - Processing file /home/airflow/.local/lib/python3.10/site-packages/airflow/example_dags/example_nested_branch_dag.py for tasks to queue
[2025-05-09T16:19:02.305+0000] {logging_mixin.py:188} INFO - [2025-05-09T16:19:02.305+0000] {dagbag.py:545} INFO - Filling up the DagBag from /home/airflow/.local/lib/python3.10/site-packages/airflow/example_dags/example_nested_branch_dag.py
[2025-05-09T16:19:02.315+0000] {processor.py:840} INFO - DAG(s) 'example_nested_branch_dag' retrieved from /home/airflow/.local/lib/python3.10/site-packages/airflow/example_dags/example_nested_branch_dag.py
[2025-05-09T16:19:02.348+0000] {logging_mixin.py:188} INFO - [2025-05-09T16:19:02.347+0000] {dag.py:3096} INFO - Sync 1 DAGs
[2025-05-09T16:19:02.389+0000] {logging_mixin.py:188} INFO - [2025-05-09T16:19:02.389+0000] {dag.py:3954} INFO - Setting next_dagrun for example_nested_branch_dag to 2025-05-08 00:00:00+00:00, run_after=2025-05-09 00:00:00+00:00
[2025-05-09T16:19:02.427+0000] {processor.py:183} INFO - Processing /home/airflow/.local/lib/python3.10/site-packages/airflow/example_dags/example_nested_branch_dag.py took 0.135 seconds
[2025-05-09T16:19:32.999+0000] {processor.py:161} INFO - Started process (PID=7988) to work on /home/airflow/.local/lib/python3.10/site-packages/airflow/example_dags/example_nested_branch_dag.py
[2025-05-09T16:19:33.001+0000] {processor.py:830} INFO - Processing file /home/airflow/.local/lib/python3.10/site-packages/airflow/example_dags/example_nested_branch_dag.py for tasks to queue
[2025-05-09T16:19:33.003+0000] {logging_mixin.py:188} INFO - [2025-05-09T16:19:33.003+0000] {dagbag.py:545} INFO - Filling up the DagBag from /home/airflow/.local/lib/python3.10/site-packages/airflow/example_dags/example_nested_branch_dag.py
[2025-05-09T16:19:33.012+0000] {processor.py:840} INFO - DAG(s) 'example_nested_branch_dag' retrieved from /home/airflow/.local/lib/python3.10/site-packages/airflow/example_dags/example_nested_branch_dag.py
[2025-05-09T16:19:33.038+0000] {logging_mixin.py:188} INFO - [2025-05-09T16:19:33.038+0000] {dag.py:3096} INFO - Sync 1 DAGs
[2025-05-09T16:19:33.061+0000] {logging_mixin.py:188} INFO - [2025-05-09T16:19:33.061+0000] {dag.py:3954} INFO - Setting next_dagrun for example_nested_branch_dag to 2025-05-08 00:00:00+00:00, run_after=2025-05-09 00:00:00+00:00
[2025-05-09T16:19:33.093+0000] {processor.py:183} INFO - Processing /home/airflow/.local/lib/python3.10/site-packages/airflow/example_dags/example_nested_branch_dag.py took 0.100 seconds
[2025-05-09T16:20:03.386+0000] {processor.py:161} INFO - Started process (PID=8273) to work on /home/airflow/.local/lib/python3.10/site-packages/airflow/example_dags/example_nested_branch_dag.py
[2025-05-09T16:20:03.388+0000] {processor.py:830} INFO - Processing file /home/airflow/.local/lib/python3.10/site-packages/airflow/example_dags/example_nested_branch_dag.py for tasks to queue
[2025-05-09T16:20:03.391+0000] {logging_mixin.py:188} INFO - [2025-05-09T16:20:03.390+0000] {dagbag.py:545} INFO - Filling up the DagBag from /home/airflow/.local/lib/python3.10/site-packages/airflow/example_dags/example_nested_branch_dag.py
[2025-05-09T16:20:03.406+0000] {processor.py:840} INFO - DAG(s) 'example_nested_branch_dag' retrieved from /home/airflow/.local/lib/python3.10/site-packages/airflow/example_dags/example_nested_branch_dag.py
[2025-05-09T16:20:03.438+0000] {logging_mixin.py:188} INFO - [2025-05-09T16:20:03.438+0000] {dag.py:3096} INFO - Sync 1 DAGs
[2025-05-09T16:20:03.469+0000] {logging_mixin.py:188} INFO - [2025-05-09T16:20:03.469+0000] {dag.py:3954} INFO - Setting next_dagrun for example_nested_branch_dag to 2025-05-08 00:00:00+00:00, run_after=2025-05-09 00:00:00+00:00
[2025-05-09T16:20:03.499+0000] {processor.py:183} INFO - Processing /home/airflow/.local/lib/python3.10/site-packages/airflow/example_dags/example_nested_branch_dag.py took 0.124 seconds
[2025-05-09T16:20:33.637+0000] {processor.py:161} INFO - Started process (PID=8569) to work on /home/airflow/.local/lib/python3.10/site-packages/airflow/example_dags/example_nested_branch_dag.py
[2025-05-09T16:20:33.639+0000] {processor.py:830} INFO - Processing file /home/airflow/.local/lib/python3.10/site-packages/airflow/example_dags/example_nested_branch_dag.py for tasks to queue
[2025-05-09T16:20:33.643+0000] {logging_mixin.py:188} INFO - [2025-05-09T16:20:33.643+0000] {dagbag.py:545} INFO - Filling up the DagBag from /home/airflow/.local/lib/python3.10/site-packages/airflow/example_dags/example_nested_branch_dag.py
[2025-05-09T16:20:33.655+0000] {processor.py:840} INFO - DAG(s) 'example_nested_branch_dag' retrieved from /home/airflow/.local/lib/python3.10/site-packages/airflow/example_dags/example_nested_branch_dag.py
[2025-05-09T16:20:33.690+0000] {logging_mixin.py:188} INFO - [2025-05-09T16:20:33.690+0000] {dag.py:3096} INFO - Sync 1 DAGs
[2025-05-09T16:20:33.720+0000] {logging_mixin.py:188} INFO - [2025-05-09T16:20:33.720+0000] {dag.py:3954} INFO - Setting next_dagrun for example_nested_branch_dag to 2025-05-08 00:00:00+00:00, run_after=2025-05-09 00:00:00+00:00
[2025-05-09T16:20:33.745+0000] {processor.py:183} INFO - Processing /home/airflow/.local/lib/python3.10/site-packages/airflow/example_dags/example_nested_branch_dag.py took 0.116 seconds
[2025-05-09T16:21:04.183+0000] {processor.py:161} INFO - Started process (PID=8842) to work on /home/airflow/.local/lib/python3.10/site-packages/airflow/example_dags/example_nested_branch_dag.py
[2025-05-09T16:21:04.184+0000] {processor.py:830} INFO - Processing file /home/airflow/.local/lib/python3.10/site-packages/airflow/example_dags/example_nested_branch_dag.py for tasks to queue
[2025-05-09T16:21:04.187+0000] {logging_mixin.py:188} INFO - [2025-05-09T16:21:04.187+0000] {dagbag.py:545} INFO - Filling up the DagBag from /home/airflow/.local/lib/python3.10/site-packages/airflow/example_dags/example_nested_branch_dag.py
[2025-05-09T16:21:04.198+0000] {processor.py:840} INFO - DAG(s) 'example_nested_branch_dag' retrieved from /home/airflow/.local/lib/python3.10/site-packages/airflow/example_dags/example_nested_branch_dag.py
[2025-05-09T16:21:04.226+0000] {logging_mixin.py:188} INFO - [2025-05-09T16:21:04.225+0000] {dag.py:3096} INFO - Sync 1 DAGs
[2025-05-09T16:21:04.264+0000] {logging_mixin.py:188} INFO - [2025-05-09T16:21:04.263+0000] {dag.py:3954} INFO - Setting next_dagrun for example_nested_branch_dag to 2025-05-08 00:00:00+00:00, run_after=2025-05-09 00:00:00+00:00
[2025-05-09T16:21:04.299+0000] {processor.py:183} INFO - Processing /home/airflow/.local/lib/python3.10/site-packages/airflow/example_dags/example_nested_branch_dag.py took 0.123 seconds
[2025-05-09T16:21:34.638+0000] {processor.py:161} INFO - Started process (PID=9201) to work on /home/airflow/.local/lib/python3.10/site-packages/airflow/example_dags/example_nested_branch_dag.py
[2025-05-09T16:21:34.640+0000] {processor.py:830} INFO - Processing file /home/airflow/.local/lib/python3.10/site-packages/airflow/example_dags/example_nested_branch_dag.py for tasks to queue
[2025-05-09T16:21:34.644+0000] {logging_mixin.py:188} INFO - [2025-05-09T16:21:34.643+0000] {dagbag.py:545} INFO - Filling up the DagBag from /home/airflow/.local/lib/python3.10/site-packages/airflow/example_dags/example_nested_branch_dag.py
[2025-05-09T16:21:34.658+0000] {processor.py:840} INFO - DAG(s) 'example_nested_branch_dag' retrieved from /home/airflow/.local/lib/python3.10/site-packages/airflow/example_dags/example_nested_branch_dag.py
[2025-05-09T16:21:34.697+0000] {logging_mixin.py:188} INFO - [2025-05-09T16:21:34.697+0000] {dag.py:3096} INFO - Sync 1 DAGs
[2025-05-09T16:21:34.722+0000] {logging_mixin.py:188} INFO - [2025-05-09T16:21:34.722+0000] {dag.py:3954} INFO - Setting next_dagrun for example_nested_branch_dag to 2025-05-08 00:00:00+00:00, run_after=2025-05-09 00:00:00+00:00
[2025-05-09T16:21:34.755+0000] {processor.py:183} INFO - Processing /home/airflow/.local/lib/python3.10/site-packages/airflow/example_dags/example_nested_branch_dag.py took 0.128 seconds
[2025-05-09T16:22:05.004+0000] {processor.py:161} INFO - Started process (PID=9486) to work on /home/airflow/.local/lib/python3.10/site-packages/airflow/example_dags/example_nested_branch_dag.py
[2025-05-09T16:22:05.006+0000] {processor.py:830} INFO - Processing file /home/airflow/.local/lib/python3.10/site-packages/airflow/example_dags/example_nested_branch_dag.py for tasks to queue
[2025-05-09T16:22:05.009+0000] {logging_mixin.py:188} INFO - [2025-05-09T16:22:05.008+0000] {dagbag.py:545} INFO - Filling up the DagBag from /home/airflow/.local/lib/python3.10/site-packages/airflow/example_dags/example_nested_branch_dag.py
[2025-05-09T16:22:05.023+0000] {processor.py:840} INFO - DAG(s) 'example_nested_branch_dag' retrieved from /home/airflow/.local/lib/python3.10/site-packages/airflow/example_dags/example_nested_branch_dag.py
[2025-05-09T16:22:05.051+0000] {logging_mixin.py:188} INFO - [2025-05-09T16:22:05.050+0000] {dag.py:3096} INFO - Sync 1 DAGs
[2025-05-09T16:22:05.077+0000] {logging_mixin.py:188} INFO - [2025-05-09T16:22:05.077+0000] {dag.py:3954} INFO - Setting next_dagrun for example_nested_branch_dag to 2025-05-08 00:00:00+00:00, run_after=2025-05-09 00:00:00+00:00
[2025-05-09T16:22:05.103+0000] {processor.py:183} INFO - Processing /home/airflow/.local/lib/python3.10/site-packages/airflow/example_dags/example_nested_branch_dag.py took 0.106 seconds
[2025-05-09T16:22:36.033+0000] {processor.py:161} INFO - Started process (PID=9806) to work on /home/airflow/.local/lib/python3.10/site-packages/airflow/example_dags/example_nested_branch_dag.py
[2025-05-09T16:22:36.035+0000] {processor.py:830} INFO - Processing file /home/airflow/.local/lib/python3.10/site-packages/airflow/example_dags/example_nested_branch_dag.py for tasks to queue
[2025-05-09T16:22:36.037+0000] {logging_mixin.py:188} INFO - [2025-05-09T16:22:36.036+0000] {dagbag.py:545} INFO - Filling up the DagBag from /home/airflow/.local/lib/python3.10/site-packages/airflow/example_dags/example_nested_branch_dag.py
[2025-05-09T16:22:36.047+0000] {processor.py:840} INFO - DAG(s) 'example_nested_branch_dag' retrieved from /home/airflow/.local/lib/python3.10/site-packages/airflow/example_dags/example_nested_branch_dag.py
[2025-05-09T16:22:36.071+0000] {logging_mixin.py:188} INFO - [2025-05-09T16:22:36.070+0000] {dag.py:3096} INFO - Sync 1 DAGs
[2025-05-09T16:22:36.090+0000] {logging_mixin.py:188} INFO - [2025-05-09T16:22:36.090+0000] {dag.py:3954} INFO - Setting next_dagrun for example_nested_branch_dag to 2025-05-08 00:00:00+00:00, run_after=2025-05-09 00:00:00+00:00
[2025-05-09T16:22:36.113+0000] {processor.py:183} INFO - Processing /home/airflow/.local/lib/python3.10/site-packages/airflow/example_dags/example_nested_branch_dag.py took 0.087 seconds
[2025-05-09T16:23:06.819+0000] {processor.py:161} INFO - Started process (PID=10091) to work on /home/airflow/.local/lib/python3.10/site-packages/airflow/example_dags/example_nested_branch_dag.py
[2025-05-09T16:23:06.821+0000] {processor.py:830} INFO - Processing file /home/airflow/.local/lib/python3.10/site-packages/airflow/example_dags/example_nested_branch_dag.py for tasks to queue
[2025-05-09T16:23:06.825+0000] {logging_mixin.py:188} INFO - [2025-05-09T16:23:06.824+0000] {dagbag.py:545} INFO - Filling up the DagBag from /home/airflow/.local/lib/python3.10/site-packages/airflow/example_dags/example_nested_branch_dag.py
[2025-05-09T16:23:06.840+0000] {processor.py:840} INFO - DAG(s) 'example_nested_branch_dag' retrieved from /home/airflow/.local/lib/python3.10/site-packages/airflow/example_dags/example_nested_branch_dag.py
[2025-05-09T16:23:06.878+0000] {logging_mixin.py:188} INFO - [2025-05-09T16:23:06.877+0000] {dag.py:3096} INFO - Sync 1 DAGs
[2025-05-09T16:23:06.912+0000] {logging_mixin.py:188} INFO - [2025-05-09T16:23:06.912+0000] {dag.py:3954} INFO - Setting next_dagrun for example_nested_branch_dag to 2025-05-08 00:00:00+00:00, run_after=2025-05-09 00:00:00+00:00
[2025-05-09T16:23:06.945+0000] {processor.py:183} INFO - Processing /home/airflow/.local/lib/python3.10/site-packages/airflow/example_dags/example_nested_branch_dag.py took 0.138 seconds
[2025-05-09T16:23:37.474+0000] {processor.py:161} INFO - Started process (PID=10381) to work on /home/airflow/.local/lib/python3.10/site-packages/airflow/example_dags/example_nested_branch_dag.py
[2025-05-09T16:23:37.476+0000] {processor.py:830} INFO - Processing file /home/airflow/.local/lib/python3.10/site-packages/airflow/example_dags/example_nested_branch_dag.py for tasks to queue
[2025-05-09T16:23:37.479+0000] {logging_mixin.py:188} INFO - [2025-05-09T16:23:37.479+0000] {dagbag.py:545} INFO - Filling up the DagBag from /home/airflow/.local/lib/python3.10/site-packages/airflow/example_dags/example_nested_branch_dag.py
[2025-05-09T16:23:37.490+0000] {processor.py:840} INFO - DAG(s) 'example_nested_branch_dag' retrieved from /home/airflow/.local/lib/python3.10/site-packages/airflow/example_dags/example_nested_branch_dag.py
[2025-05-09T16:23:37.513+0000] {logging_mixin.py:188} INFO - [2025-05-09T16:23:37.512+0000] {dag.py:3096} INFO - Sync 1 DAGs
[2025-05-09T16:23:37.541+0000] {logging_mixin.py:188} INFO - [2025-05-09T16:23:37.541+0000] {dag.py:3954} INFO - Setting next_dagrun for example_nested_branch_dag to 2025-05-08 00:00:00+00:00, run_after=2025-05-09 00:00:00+00:00
[2025-05-09T16:23:37.563+0000] {processor.py:183} INFO - Processing /home/airflow/.local/lib/python3.10/site-packages/airflow/example_dags/example_nested_branch_dag.py took 0.094 seconds
[2025-05-09T16:24:08.158+0000] {processor.py:161} INFO - Started process (PID=10680) to work on /home/airflow/.local/lib/python3.10/site-packages/airflow/example_dags/example_nested_branch_dag.py
[2025-05-09T16:24:08.160+0000] {processor.py:830} INFO - Processing file /home/airflow/.local/lib/python3.10/site-packages/airflow/example_dags/example_nested_branch_dag.py for tasks to queue
[2025-05-09T16:24:08.164+0000] {logging_mixin.py:188} INFO - [2025-05-09T16:24:08.163+0000] {dagbag.py:545} INFO - Filling up the DagBag from /home/airflow/.local/lib/python3.10/site-packages/airflow/example_dags/example_nested_branch_dag.py
[2025-05-09T16:24:08.175+0000] {processor.py:840} INFO - DAG(s) 'example_nested_branch_dag' retrieved from /home/airflow/.local/lib/python3.10/site-packages/airflow/example_dags/example_nested_branch_dag.py
[2025-05-09T16:24:08.207+0000] {logging_mixin.py:188} INFO - [2025-05-09T16:24:08.207+0000] {dag.py:3096} INFO - Sync 1 DAGs
[2025-05-09T16:24:08.231+0000] {logging_mixin.py:188} INFO - [2025-05-09T16:24:08.231+0000] {dag.py:3954} INFO - Setting next_dagrun for example_nested_branch_dag to 2025-05-08 00:00:00+00:00, run_after=2025-05-09 00:00:00+00:00
[2025-05-09T16:24:08.256+0000] {processor.py:183} INFO - Processing /home/airflow/.local/lib/python3.10/site-packages/airflow/example_dags/example_nested_branch_dag.py took 0.105 seconds
[2025-05-09T16:24:38.432+0000] {processor.py:161} INFO - Started process (PID=10973) to work on /home/airflow/.local/lib/python3.10/site-packages/airflow/example_dags/example_nested_branch_dag.py
[2025-05-09T16:24:38.433+0000] {processor.py:830} INFO - Processing file /home/airflow/.local/lib/python3.10/site-packages/airflow/example_dags/example_nested_branch_dag.py for tasks to queue
[2025-05-09T16:24:38.436+0000] {logging_mixin.py:188} INFO - [2025-05-09T16:24:38.435+0000] {dagbag.py:545} INFO - Filling up the DagBag from /home/airflow/.local/lib/python3.10/site-packages/airflow/example_dags/example_nested_branch_dag.py
[2025-05-09T16:24:38.446+0000] {processor.py:840} INFO - DAG(s) 'example_nested_branch_dag' retrieved from /home/airflow/.local/lib/python3.10/site-packages/airflow/example_dags/example_nested_branch_dag.py
[2025-05-09T16:24:38.467+0000] {logging_mixin.py:188} INFO - [2025-05-09T16:24:38.466+0000] {dag.py:3096} INFO - Sync 1 DAGs
[2025-05-09T16:24:38.486+0000] {logging_mixin.py:188} INFO - [2025-05-09T16:24:38.486+0000] {dag.py:3954} INFO - Setting next_dagrun for example_nested_branch_dag to 2025-05-08 00:00:00+00:00, run_after=2025-05-09 00:00:00+00:00
[2025-05-09T16:24:38.503+0000] {processor.py:183} INFO - Processing /home/airflow/.local/lib/python3.10/site-packages/airflow/example_dags/example_nested_branch_dag.py took 0.077 seconds
[2025-05-09T16:25:08.590+0000] {processor.py:161} INFO - Started process (PID=11312) to work on /home/airflow/.local/lib/python3.10/site-packages/airflow/example_dags/example_nested_branch_dag.py
[2025-05-09T16:25:08.592+0000] {processor.py:830} INFO - Processing file /home/airflow/.local/lib/python3.10/site-packages/airflow/example_dags/example_nested_branch_dag.py for tasks to queue
[2025-05-09T16:25:08.595+0000] {logging_mixin.py:188} INFO - [2025-05-09T16:25:08.595+0000] {dagbag.py:545} INFO - Filling up the DagBag from /home/airflow/.local/lib/python3.10/site-packages/airflow/example_dags/example_nested_branch_dag.py
[2025-05-09T16:25:08.610+0000] {processor.py:840} INFO - DAG(s) 'example_nested_branch_dag' retrieved from /home/airflow/.local/lib/python3.10/site-packages/airflow/example_dags/example_nested_branch_dag.py
[2025-05-09T16:25:08.640+0000] {logging_mixin.py:188} INFO - [2025-05-09T16:25:08.640+0000] {dag.py:3096} INFO - Sync 1 DAGs
[2025-05-09T16:25:08.669+0000] {logging_mixin.py:188} INFO - [2025-05-09T16:25:08.668+0000] {dag.py:3954} INFO - Setting next_dagrun for example_nested_branch_dag to 2025-05-08 00:00:00+00:00, run_after=2025-05-09 00:00:00+00:00
[2025-05-09T16:25:08.695+0000] {processor.py:183} INFO - Processing /home/airflow/.local/lib/python3.10/site-packages/airflow/example_dags/example_nested_branch_dag.py took 0.114 seconds
[2025-05-09T16:25:39.237+0000] {processor.py:161} INFO - Started process (PID=11589) to work on /home/airflow/.local/lib/python3.10/site-packages/airflow/example_dags/example_nested_branch_dag.py
[2025-05-09T16:25:39.239+0000] {processor.py:830} INFO - Processing file /home/airflow/.local/lib/python3.10/site-packages/airflow/example_dags/example_nested_branch_dag.py for tasks to queue
[2025-05-09T16:25:39.242+0000] {logging_mixin.py:188} INFO - [2025-05-09T16:25:39.241+0000] {dagbag.py:545} INFO - Filling up the DagBag from /home/airflow/.local/lib/python3.10/site-packages/airflow/example_dags/example_nested_branch_dag.py
[2025-05-09T16:25:39.257+0000] {processor.py:840} INFO - DAG(s) 'example_nested_branch_dag' retrieved from /home/airflow/.local/lib/python3.10/site-packages/airflow/example_dags/example_nested_branch_dag.py
[2025-05-09T16:25:39.293+0000] {logging_mixin.py:188} INFO - [2025-05-09T16:25:39.292+0000] {dag.py:3096} INFO - Sync 1 DAGs
[2025-05-09T16:25:39.326+0000] {logging_mixin.py:188} INFO - [2025-05-09T16:25:39.325+0000] {dag.py:3954} INFO - Setting next_dagrun for example_nested_branch_dag to 2025-05-08 00:00:00+00:00, run_after=2025-05-09 00:00:00+00:00
[2025-05-09T16:25:39.356+0000] {processor.py:183} INFO - Processing /home/airflow/.local/lib/python3.10/site-packages/airflow/example_dags/example_nested_branch_dag.py took 0.128 seconds
[2025-05-09T16:26:09.842+0000] {processor.py:161} INFO - Started process (PID=11914) to work on /home/airflow/.local/lib/python3.10/site-packages/airflow/example_dags/example_nested_branch_dag.py
[2025-05-09T16:26:09.844+0000] {processor.py:830} INFO - Processing file /home/airflow/.local/lib/python3.10/site-packages/airflow/example_dags/example_nested_branch_dag.py for tasks to queue
[2025-05-09T16:26:09.847+0000] {logging_mixin.py:188} INFO - [2025-05-09T16:26:09.846+0000] {dagbag.py:545} INFO - Filling up the DagBag from /home/airflow/.local/lib/python3.10/site-packages/airflow/example_dags/example_nested_branch_dag.py
[2025-05-09T16:26:09.859+0000] {processor.py:840} INFO - DAG(s) 'example_nested_branch_dag' retrieved from /home/airflow/.local/lib/python3.10/site-packages/airflow/example_dags/example_nested_branch_dag.py
[2025-05-09T16:26:09.888+0000] {logging_mixin.py:188} INFO - [2025-05-09T16:26:09.887+0000] {dag.py:3096} INFO - Sync 1 DAGs
[2025-05-09T16:26:09.917+0000] {logging_mixin.py:188} INFO - [2025-05-09T16:26:09.917+0000] {dag.py:3954} INFO - Setting next_dagrun for example_nested_branch_dag to 2025-05-08 00:00:00+00:00, run_after=2025-05-09 00:00:00+00:00
[2025-05-09T16:26:09.948+0000] {processor.py:183} INFO - Processing /home/airflow/.local/lib/python3.10/site-packages/airflow/example_dags/example_nested_branch_dag.py took 0.113 seconds
[2025-05-09T16:26:40.439+0000] {processor.py:161} INFO - Started process (PID=12191) to work on /home/airflow/.local/lib/python3.10/site-packages/airflow/example_dags/example_nested_branch_dag.py
[2025-05-09T16:26:40.440+0000] {processor.py:830} INFO - Processing file /home/airflow/.local/lib/python3.10/site-packages/airflow/example_dags/example_nested_branch_dag.py for tasks to queue
[2025-05-09T16:26:40.443+0000] {logging_mixin.py:188} INFO - [2025-05-09T16:26:40.442+0000] {dagbag.py:545} INFO - Filling up the DagBag from /home/airflow/.local/lib/python3.10/site-packages/airflow/example_dags/example_nested_branch_dag.py
[2025-05-09T16:26:40.453+0000] {processor.py:840} INFO - DAG(s) 'example_nested_branch_dag' retrieved from /home/airflow/.local/lib/python3.10/site-packages/airflow/example_dags/example_nested_branch_dag.py
[2025-05-09T16:26:40.475+0000] {logging_mixin.py:188} INFO - [2025-05-09T16:26:40.475+0000] {dag.py:3096} INFO - Sync 1 DAGs
[2025-05-09T16:26:40.499+0000] {logging_mixin.py:188} INFO - [2025-05-09T16:26:40.499+0000] {dag.py:3954} INFO - Setting next_dagrun for example_nested_branch_dag to 2025-05-08 00:00:00+00:00, run_after=2025-05-09 00:00:00+00:00
[2025-05-09T16:26:40.521+0000] {processor.py:183} INFO - Processing /home/airflow/.local/lib/python3.10/site-packages/airflow/example_dags/example_nested_branch_dag.py took 0.089 seconds
[2025-05-09T16:27:10.945+0000] {processor.py:161} INFO - Started process (PID=12511) to work on /home/airflow/.local/lib/python3.10/site-packages/airflow/example_dags/example_nested_branch_dag.py
[2025-05-09T16:27:10.946+0000] {processor.py:830} INFO - Processing file /home/airflow/.local/lib/python3.10/site-packages/airflow/example_dags/example_nested_branch_dag.py for tasks to queue
[2025-05-09T16:27:10.948+0000] {logging_mixin.py:188} INFO - [2025-05-09T16:27:10.948+0000] {dagbag.py:545} INFO - Filling up the DagBag from /home/airflow/.local/lib/python3.10/site-packages/airflow/example_dags/example_nested_branch_dag.py
[2025-05-09T16:27:10.960+0000] {processor.py:840} INFO - DAG(s) 'example_nested_branch_dag' retrieved from /home/airflow/.local/lib/python3.10/site-packages/airflow/example_dags/example_nested_branch_dag.py
[2025-05-09T16:27:10.991+0000] {logging_mixin.py:188} INFO - [2025-05-09T16:27:10.990+0000] {dag.py:3096} INFO - Sync 1 DAGs
[2025-05-09T16:27:11.021+0000] {logging_mixin.py:188} INFO - [2025-05-09T16:27:11.020+0000] {dag.py:3954} INFO - Setting next_dagrun for example_nested_branch_dag to 2025-05-08 00:00:00+00:00, run_after=2025-05-09 00:00:00+00:00
[2025-05-09T16:27:11.048+0000] {processor.py:183} INFO - Processing /home/airflow/.local/lib/python3.10/site-packages/airflow/example_dags/example_nested_branch_dag.py took 0.109 seconds
[2025-05-09T16:27:41.282+0000] {processor.py:161} INFO - Started process (PID=12774) to work on /home/airflow/.local/lib/python3.10/site-packages/airflow/example_dags/example_nested_branch_dag.py
[2025-05-09T16:27:41.284+0000] {processor.py:830} INFO - Processing file /home/airflow/.local/lib/python3.10/site-packages/airflow/example_dags/example_nested_branch_dag.py for tasks to queue
[2025-05-09T16:27:41.287+0000] {logging_mixin.py:188} INFO - [2025-05-09T16:27:41.286+0000] {dagbag.py:545} INFO - Filling up the DagBag from /home/airflow/.local/lib/python3.10/site-packages/airflow/example_dags/example_nested_branch_dag.py
[2025-05-09T16:27:41.298+0000] {processor.py:840} INFO - DAG(s) 'example_nested_branch_dag' retrieved from /home/airflow/.local/lib/python3.10/site-packages/airflow/example_dags/example_nested_branch_dag.py
[2025-05-09T16:27:41.326+0000] {logging_mixin.py:188} INFO - [2025-05-09T16:27:41.326+0000] {dag.py:3096} INFO - Sync 1 DAGs
[2025-05-09T16:27:41.351+0000] {logging_mixin.py:188} INFO - [2025-05-09T16:27:41.351+0000] {dag.py:3954} INFO - Setting next_dagrun for example_nested_branch_dag to 2025-05-08 00:00:00+00:00, run_after=2025-05-09 00:00:00+00:00
[2025-05-09T16:27:41.385+0000] {processor.py:183} INFO - Processing /home/airflow/.local/lib/python3.10/site-packages/airflow/example_dags/example_nested_branch_dag.py took 0.109 seconds
[2025-05-09T16:28:11.643+0000] {processor.py:161} INFO - Started process (PID=13070) to work on /home/airflow/.local/lib/python3.10/site-packages/airflow/example_dags/example_nested_branch_dag.py
[2025-05-09T16:28:11.644+0000] {processor.py:830} INFO - Processing file /home/airflow/.local/lib/python3.10/site-packages/airflow/example_dags/example_nested_branch_dag.py for tasks to queue
[2025-05-09T16:28:11.647+0000] {logging_mixin.py:188} INFO - [2025-05-09T16:28:11.647+0000] {dagbag.py:545} INFO - Filling up the DagBag from /home/airflow/.local/lib/python3.10/site-packages/airflow/example_dags/example_nested_branch_dag.py
[2025-05-09T16:28:11.658+0000] {processor.py:840} INFO - DAG(s) 'example_nested_branch_dag' retrieved from /home/airflow/.local/lib/python3.10/site-packages/airflow/example_dags/example_nested_branch_dag.py
[2025-05-09T16:28:11.692+0000] {logging_mixin.py:188} INFO - [2025-05-09T16:28:11.692+0000] {dag.py:3096} INFO - Sync 1 DAGs
[2025-05-09T16:28:11.719+0000] {logging_mixin.py:188} INFO - [2025-05-09T16:28:11.719+0000] {dag.py:3954} INFO - Setting next_dagrun for example_nested_branch_dag to 2025-05-08 00:00:00+00:00, run_after=2025-05-09 00:00:00+00:00
[2025-05-09T16:28:11.752+0000] {processor.py:183} INFO - Processing /home/airflow/.local/lib/python3.10/site-packages/airflow/example_dags/example_nested_branch_dag.py took 0.118 seconds
[2025-05-09T16:28:42.633+0000] {processor.py:161} INFO - Started process (PID=13332) to work on /home/airflow/.local/lib/python3.10/site-packages/airflow/example_dags/example_nested_branch_dag.py
[2025-05-09T16:28:42.635+0000] {processor.py:830} INFO - Processing file /home/airflow/.local/lib/python3.10/site-packages/airflow/example_dags/example_nested_branch_dag.py for tasks to queue
[2025-05-09T16:28:42.640+0000] {logging_mixin.py:188} INFO - [2025-05-09T16:28:42.639+0000] {dagbag.py:545} INFO - Filling up the DagBag from /home/airflow/.local/lib/python3.10/site-packages/airflow/example_dags/example_nested_branch_dag.py
[2025-05-09T16:28:42.654+0000] {processor.py:840} INFO - DAG(s) 'example_nested_branch_dag' retrieved from /home/airflow/.local/lib/python3.10/site-packages/airflow/example_dags/example_nested_branch_dag.py
[2025-05-09T16:28:42.686+0000] {logging_mixin.py:188} INFO - [2025-05-09T16:28:42.686+0000] {dag.py:3096} INFO - Sync 1 DAGs
[2025-05-09T16:28:42.725+0000] {logging_mixin.py:188} INFO - [2025-05-09T16:28:42.724+0000] {dag.py:3954} INFO - Setting next_dagrun for example_nested_branch_dag to 2025-05-08 00:00:00+00:00, run_after=2025-05-09 00:00:00+00:00
[2025-05-09T16:28:42.751+0000] {processor.py:183} INFO - Processing /home/airflow/.local/lib/python3.10/site-packages/airflow/example_dags/example_nested_branch_dag.py took 0.127 seconds
[2025-05-09T16:29:13.056+0000] {processor.py:161} INFO - Started process (PID=13656) to work on /home/airflow/.local/lib/python3.10/site-packages/airflow/example_dags/example_nested_branch_dag.py
[2025-05-09T16:29:13.058+0000] {processor.py:830} INFO - Processing file /home/airflow/.local/lib/python3.10/site-packages/airflow/example_dags/example_nested_branch_dag.py for tasks to queue
[2025-05-09T16:29:13.062+0000] {logging_mixin.py:188} INFO - [2025-05-09T16:29:13.061+0000] {dagbag.py:545} INFO - Filling up the DagBag from /home/airflow/.local/lib/python3.10/site-packages/airflow/example_dags/example_nested_branch_dag.py
[2025-05-09T16:29:13.072+0000] {processor.py:840} INFO - DAG(s) 'example_nested_branch_dag' retrieved from /home/airflow/.local/lib/python3.10/site-packages/airflow/example_dags/example_nested_branch_dag.py
[2025-05-09T16:29:13.100+0000] {logging_mixin.py:188} INFO - [2025-05-09T16:29:13.100+0000] {dag.py:3096} INFO - Sync 1 DAGs
[2025-05-09T16:29:13.125+0000] {logging_mixin.py:188} INFO - [2025-05-09T16:29:13.124+0000] {dag.py:3954} INFO - Setting next_dagrun for example_nested_branch_dag to 2025-05-08 00:00:00+00:00, run_after=2025-05-09 00:00:00+00:00
[2025-05-09T16:29:13.155+0000] {processor.py:183} INFO - Processing /home/airflow/.local/lib/python3.10/site-packages/airflow/example_dags/example_nested_branch_dag.py took 0.105 seconds
[2025-05-09T16:29:43.576+0000] {processor.py:161} INFO - Started process (PID=13931) to work on /home/airflow/.local/lib/python3.10/site-packages/airflow/example_dags/example_nested_branch_dag.py
[2025-05-09T16:29:43.578+0000] {processor.py:830} INFO - Processing file /home/airflow/.local/lib/python3.10/site-packages/airflow/example_dags/example_nested_branch_dag.py for tasks to queue
[2025-05-09T16:29:43.581+0000] {logging_mixin.py:188} INFO - [2025-05-09T16:29:43.580+0000] {dagbag.py:545} INFO - Filling up the DagBag from /home/airflow/.local/lib/python3.10/site-packages/airflow/example_dags/example_nested_branch_dag.py
[2025-05-09T16:29:43.592+0000] {processor.py:840} INFO - DAG(s) 'example_nested_branch_dag' retrieved from /home/airflow/.local/lib/python3.10/site-packages/airflow/example_dags/example_nested_branch_dag.py
[2025-05-09T16:29:43.618+0000] {logging_mixin.py:188} INFO - [2025-05-09T16:29:43.618+0000] {dag.py:3096} INFO - Sync 1 DAGs
[2025-05-09T16:29:43.643+0000] {logging_mixin.py:188} INFO - [2025-05-09T16:29:43.643+0000] {dag.py:3954} INFO - Setting next_dagrun for example_nested_branch_dag to 2025-05-08 00:00:00+00:00, run_after=2025-05-09 00:00:00+00:00
[2025-05-09T16:29:43.665+0000] {processor.py:183} INFO - Processing /home/airflow/.local/lib/python3.10/site-packages/airflow/example_dags/example_nested_branch_dag.py took 0.096 seconds
[2025-05-09T16:30:13.837+0000] {processor.py:161} INFO - Started process (PID=14244) to work on /home/airflow/.local/lib/python3.10/site-packages/airflow/example_dags/example_nested_branch_dag.py
[2025-05-09T16:30:13.840+0000] {processor.py:830} INFO - Processing file /home/airflow/.local/lib/python3.10/site-packages/airflow/example_dags/example_nested_branch_dag.py for tasks to queue
[2025-05-09T16:30:13.844+0000] {logging_mixin.py:188} INFO - [2025-05-09T16:30:13.843+0000] {dagbag.py:545} INFO - Filling up the DagBag from /home/airflow/.local/lib/python3.10/site-packages/airflow/example_dags/example_nested_branch_dag.py
[2025-05-09T16:30:13.862+0000] {processor.py:840} INFO - DAG(s) 'example_nested_branch_dag' retrieved from /home/airflow/.local/lib/python3.10/site-packages/airflow/example_dags/example_nested_branch_dag.py
[2025-05-09T16:30:13.901+0000] {logging_mixin.py:188} INFO - [2025-05-09T16:30:13.901+0000] {dag.py:3096} INFO - Sync 1 DAGs
[2025-05-09T16:30:13.937+0000] {logging_mixin.py:188} INFO - [2025-05-09T16:30:13.937+0000] {dag.py:3954} INFO - Setting next_dagrun for example_nested_branch_dag to 2025-05-08 00:00:00+00:00, run_after=2025-05-09 00:00:00+00:00
[2025-05-09T16:30:13.977+0000] {processor.py:183} INFO - Processing /home/airflow/.local/lib/python3.10/site-packages/airflow/example_dags/example_nested_branch_dag.py took 0.152 seconds
[2025-05-09T16:30:44.302+0000] {processor.py:161} INFO - Started process (PID=14506) to work on /home/airflow/.local/lib/python3.10/site-packages/airflow/example_dags/example_nested_branch_dag.py
[2025-05-09T16:30:44.304+0000] {processor.py:830} INFO - Processing file /home/airflow/.local/lib/python3.10/site-packages/airflow/example_dags/example_nested_branch_dag.py for tasks to queue
[2025-05-09T16:30:44.307+0000] {logging_mixin.py:188} INFO - [2025-05-09T16:30:44.307+0000] {dagbag.py:545} INFO - Filling up the DagBag from /home/airflow/.local/lib/python3.10/site-packages/airflow/example_dags/example_nested_branch_dag.py
[2025-05-09T16:30:44.319+0000] {processor.py:840} INFO - DAG(s) 'example_nested_branch_dag' retrieved from /home/airflow/.local/lib/python3.10/site-packages/airflow/example_dags/example_nested_branch_dag.py
[2025-05-09T16:30:44.343+0000] {logging_mixin.py:188} INFO - [2025-05-09T16:30:44.342+0000] {dag.py:3096} INFO - Sync 1 DAGs
[2025-05-09T16:30:44.369+0000] {logging_mixin.py:188} INFO - [2025-05-09T16:30:44.369+0000] {dag.py:3954} INFO - Setting next_dagrun for example_nested_branch_dag to 2025-05-08 00:00:00+00:00, run_after=2025-05-09 00:00:00+00:00
[2025-05-09T16:30:44.405+0000] {processor.py:183} INFO - Processing /home/airflow/.local/lib/python3.10/site-packages/airflow/example_dags/example_nested_branch_dag.py took 0.109 seconds
