[2025-05-09T12:10:21.108+0000] {processor.py:161} INFO - Started process (PID=291) to work on /home/airflow/.local/lib/python3.10/site-packages/airflow/example_dags/example_bash_decorator.py
[2025-05-09T12:10:21.110+0000] {processor.py:830} INFO - Processing file /home/airflow/.local/lib/python3.10/site-packages/airflow/example_dags/example_bash_decorator.py for tasks to queue
[2025-05-09T12:10:21.112+0000] {logging_mixin.py:188} INFO - [2025-05-09T12:10:21.111+0000] {dagbag.py:545} INFO - Filling up the DagBag from /home/airflow/.local/lib/python3.10/site-packages/airflow/example_dags/example_bash_decorator.py
[2025-05-09T12:10:21.132+0000] {processor.py:840} INFO - DAG(s) 'example_bash_decorator' retrieved from /home/airflow/.local/lib/python3.10/site-packages/airflow/example_dags/example_bash_decorator.py
[2025-05-09T12:10:21.148+0000] {logging_mixin.py:188} INFO - [2025-05-09T12:10:21.147+0000] {dag.py:3096} INFO - Sync 1 DAGs
[2025-05-09T12:10:21.172+0000] {logging_mixin.py:188} INFO - [2025-05-09T12:10:21.171+0000] {dag.py:3954} INFO - Setting next_dagrun for example_bash_decorator to None, run_after=None
[2025-05-09T12:10:21.209+0000] {processor.py:183} INFO - Processing /home/airflow/.local/lib/python3.10/site-packages/airflow/example_dags/example_bash_decorator.py took 0.109 seconds
[2025-05-09T12:10:52.672+0000] {processor.py:161} INFO - Started process (PID=549) to work on /home/airflow/.local/lib/python3.10/site-packages/airflow/example_dags/example_bash_decorator.py
[2025-05-09T12:10:52.673+0000] {processor.py:830} INFO - Processing file /home/airflow/.local/lib/python3.10/site-packages/airflow/example_dags/example_bash_decorator.py for tasks to queue
[2025-05-09T12:10:52.675+0000] {logging_mixin.py:188} INFO - [2025-05-09T12:10:52.674+0000] {dagbag.py:545} INFO - Filling up the DagBag from /home/airflow/.local/lib/python3.10/site-packages/airflow/example_dags/example_bash_decorator.py
[2025-05-09T12:10:52.690+0000] {processor.py:840} INFO - DAG(s) 'example_bash_decorator' retrieved from /home/airflow/.local/lib/python3.10/site-packages/airflow/example_dags/example_bash_decorator.py
[2025-05-09T12:10:52.806+0000] {logging_mixin.py:188} INFO - [2025-05-09T12:10:52.806+0000] {dag.py:3096} INFO - Sync 1 DAGs
[2025-05-09T12:10:52.817+0000] {logging_mixin.py:188} INFO - [2025-05-09T12:10:52.817+0000] {dag.py:3954} INFO - Setting next_dagrun for example_bash_decorator to None, run_after=None
[2025-05-09T12:10:52.839+0000] {processor.py:183} INFO - Processing /home/airflow/.local/lib/python3.10/site-packages/airflow/example_dags/example_bash_decorator.py took 0.175 seconds
[2025-05-09T12:11:23.364+0000] {processor.py:161} INFO - Started process (PID=805) to work on /home/airflow/.local/lib/python3.10/site-packages/airflow/example_dags/example_bash_decorator.py
[2025-05-09T12:11:23.365+0000] {processor.py:830} INFO - Processing file /home/airflow/.local/lib/python3.10/site-packages/airflow/example_dags/example_bash_decorator.py for tasks to queue
[2025-05-09T12:11:23.369+0000] {logging_mixin.py:188} INFO - [2025-05-09T12:11:23.368+0000] {dagbag.py:545} INFO - Filling up the DagBag from /home/airflow/.local/lib/python3.10/site-packages/airflow/example_dags/example_bash_decorator.py
[2025-05-09T12:11:23.390+0000] {processor.py:840} INFO - DAG(s) 'example_bash_decorator' retrieved from /home/airflow/.local/lib/python3.10/site-packages/airflow/example_dags/example_bash_decorator.py
[2025-05-09T12:11:23.430+0000] {logging_mixin.py:188} INFO - [2025-05-09T12:11:23.430+0000] {dag.py:3096} INFO - Sync 1 DAGs
[2025-05-09T12:11:23.447+0000] {logging_mixin.py:188} INFO - [2025-05-09T12:11:23.447+0000] {dag.py:3954} INFO - Setting next_dagrun for example_bash_decorator to None, run_after=None
[2025-05-09T12:11:23.478+0000] {processor.py:183} INFO - Processing /home/airflow/.local/lib/python3.10/site-packages/airflow/example_dags/example_bash_decorator.py took 0.126 seconds
[2025-05-09T12:11:53.610+0000] {processor.py:161} INFO - Started process (PID=1061) to work on /home/airflow/.local/lib/python3.10/site-packages/airflow/example_dags/example_bash_decorator.py
[2025-05-09T12:11:53.611+0000] {processor.py:830} INFO - Processing file /home/airflow/.local/lib/python3.10/site-packages/airflow/example_dags/example_bash_decorator.py for tasks to queue
[2025-05-09T12:11:53.613+0000] {logging_mixin.py:188} INFO - [2025-05-09T12:11:53.613+0000] {dagbag.py:545} INFO - Filling up the DagBag from /home/airflow/.local/lib/python3.10/site-packages/airflow/example_dags/example_bash_decorator.py
[2025-05-09T12:11:53.629+0000] {processor.py:840} INFO - DAG(s) 'example_bash_decorator' retrieved from /home/airflow/.local/lib/python3.10/site-packages/airflow/example_dags/example_bash_decorator.py
[2025-05-09T12:11:53.656+0000] {logging_mixin.py:188} INFO - [2025-05-09T12:11:53.656+0000] {dag.py:3096} INFO - Sync 1 DAGs
[2025-05-09T12:11:53.671+0000] {logging_mixin.py:188} INFO - [2025-05-09T12:11:53.670+0000] {dag.py:3954} INFO - Setting next_dagrun for example_bash_decorator to None, run_after=None
[2025-05-09T12:11:53.694+0000] {processor.py:183} INFO - Processing /home/airflow/.local/lib/python3.10/site-packages/airflow/example_dags/example_bash_decorator.py took 0.092 seconds
[2025-05-09T12:12:23.860+0000] {processor.py:161} INFO - Started process (PID=1315) to work on /home/airflow/.local/lib/python3.10/site-packages/airflow/example_dags/example_bash_decorator.py
[2025-05-09T12:12:23.862+0000] {processor.py:830} INFO - Processing file /home/airflow/.local/lib/python3.10/site-packages/airflow/example_dags/example_bash_decorator.py for tasks to queue
[2025-05-09T12:12:23.864+0000] {logging_mixin.py:188} INFO - [2025-05-09T12:12:23.864+0000] {dagbag.py:545} INFO - Filling up the DagBag from /home/airflow/.local/lib/python3.10/site-packages/airflow/example_dags/example_bash_decorator.py
[2025-05-09T12:12:23.888+0000] {processor.py:840} INFO - DAG(s) 'example_bash_decorator' retrieved from /home/airflow/.local/lib/python3.10/site-packages/airflow/example_dags/example_bash_decorator.py
[2025-05-09T12:12:23.918+0000] {logging_mixin.py:188} INFO - [2025-05-09T12:12:23.917+0000] {dag.py:3096} INFO - Sync 1 DAGs
[2025-05-09T12:12:23.932+0000] {logging_mixin.py:188} INFO - [2025-05-09T12:12:23.932+0000] {dag.py:3954} INFO - Setting next_dagrun for example_bash_decorator to None, run_after=None
[2025-05-09T12:12:23.958+0000] {processor.py:183} INFO - Processing /home/airflow/.local/lib/python3.10/site-packages/airflow/example_dags/example_bash_decorator.py took 0.108 seconds
[2025-05-09T12:12:54.486+0000] {processor.py:161} INFO - Started process (PID=1573) to work on /home/airflow/.local/lib/python3.10/site-packages/airflow/example_dags/example_bash_decorator.py
[2025-05-09T12:12:54.488+0000] {processor.py:830} INFO - Processing file /home/airflow/.local/lib/python3.10/site-packages/airflow/example_dags/example_bash_decorator.py for tasks to queue
[2025-05-09T12:12:54.491+0000] {logging_mixin.py:188} INFO - [2025-05-09T12:12:54.491+0000] {dagbag.py:545} INFO - Filling up the DagBag from /home/airflow/.local/lib/python3.10/site-packages/airflow/example_dags/example_bash_decorator.py
[2025-05-09T12:12:54.508+0000] {processor.py:840} INFO - DAG(s) 'example_bash_decorator' retrieved from /home/airflow/.local/lib/python3.10/site-packages/airflow/example_dags/example_bash_decorator.py
[2025-05-09T12:12:54.558+0000] {logging_mixin.py:188} INFO - [2025-05-09T12:12:54.558+0000] {dag.py:3096} INFO - Sync 1 DAGs
[2025-05-09T12:12:54.591+0000] {logging_mixin.py:188} INFO - [2025-05-09T12:12:54.590+0000] {dag.py:3954} INFO - Setting next_dagrun for example_bash_decorator to None, run_after=None
[2025-05-09T12:12:54.655+0000] {processor.py:183} INFO - Processing /home/airflow/.local/lib/python3.10/site-packages/airflow/example_dags/example_bash_decorator.py took 0.177 seconds
[2025-05-09T12:13:25.369+0000] {processor.py:161} INFO - Started process (PID=1827) to work on /home/airflow/.local/lib/python3.10/site-packages/airflow/example_dags/example_bash_decorator.py
[2025-05-09T12:13:25.371+0000] {processor.py:830} INFO - Processing file /home/airflow/.local/lib/python3.10/site-packages/airflow/example_dags/example_bash_decorator.py for tasks to queue
[2025-05-09T12:13:25.374+0000] {logging_mixin.py:188} INFO - [2025-05-09T12:13:25.374+0000] {dagbag.py:545} INFO - Filling up the DagBag from /home/airflow/.local/lib/python3.10/site-packages/airflow/example_dags/example_bash_decorator.py
[2025-05-09T12:13:25.391+0000] {processor.py:840} INFO - DAG(s) 'example_bash_decorator' retrieved from /home/airflow/.local/lib/python3.10/site-packages/airflow/example_dags/example_bash_decorator.py
[2025-05-09T12:13:25.423+0000] {logging_mixin.py:188} INFO - [2025-05-09T12:13:25.423+0000] {dag.py:3096} INFO - Sync 1 DAGs
[2025-05-09T12:13:25.440+0000] {logging_mixin.py:188} INFO - [2025-05-09T12:13:25.440+0000] {dag.py:3954} INFO - Setting next_dagrun for example_bash_decorator to None, run_after=None
[2025-05-09T12:13:25.474+0000] {processor.py:183} INFO - Processing /home/airflow/.local/lib/python3.10/site-packages/airflow/example_dags/example_bash_decorator.py took 0.111 seconds
[2025-05-09T12:13:55.930+0000] {processor.py:161} INFO - Started process (PID=2085) to work on /home/airflow/.local/lib/python3.10/site-packages/airflow/example_dags/example_bash_decorator.py
[2025-05-09T12:13:55.932+0000] {processor.py:830} INFO - Processing file /home/airflow/.local/lib/python3.10/site-packages/airflow/example_dags/example_bash_decorator.py for tasks to queue
[2025-05-09T12:13:55.934+0000] {logging_mixin.py:188} INFO - [2025-05-09T12:13:55.934+0000] {dagbag.py:545} INFO - Filling up the DagBag from /home/airflow/.local/lib/python3.10/site-packages/airflow/example_dags/example_bash_decorator.py
[2025-05-09T12:13:55.950+0000] {processor.py:840} INFO - DAG(s) 'example_bash_decorator' retrieved from /home/airflow/.local/lib/python3.10/site-packages/airflow/example_dags/example_bash_decorator.py
[2025-05-09T12:13:55.979+0000] {logging_mixin.py:188} INFO - [2025-05-09T12:13:55.978+0000] {dag.py:3096} INFO - Sync 1 DAGs
[2025-05-09T12:13:56.003+0000] {logging_mixin.py:188} INFO - [2025-05-09T12:13:56.002+0000] {dag.py:3954} INFO - Setting next_dagrun for example_bash_decorator to None, run_after=None
[2025-05-09T12:13:56.038+0000] {processor.py:183} INFO - Processing /home/airflow/.local/lib/python3.10/site-packages/airflow/example_dags/example_bash_decorator.py took 0.119 seconds
[2025-05-09T12:14:26.672+0000] {processor.py:161} INFO - Started process (PID=2341) to work on /home/airflow/.local/lib/python3.10/site-packages/airflow/example_dags/example_bash_decorator.py
[2025-05-09T12:14:26.674+0000] {processor.py:830} INFO - Processing file /home/airflow/.local/lib/python3.10/site-packages/airflow/example_dags/example_bash_decorator.py for tasks to queue
[2025-05-09T12:14:26.676+0000] {logging_mixin.py:188} INFO - [2025-05-09T12:14:26.676+0000] {dagbag.py:545} INFO - Filling up the DagBag from /home/airflow/.local/lib/python3.10/site-packages/airflow/example_dags/example_bash_decorator.py
[2025-05-09T12:14:26.693+0000] {processor.py:840} INFO - DAG(s) 'example_bash_decorator' retrieved from /home/airflow/.local/lib/python3.10/site-packages/airflow/example_dags/example_bash_decorator.py
[2025-05-09T12:14:26.732+0000] {logging_mixin.py:188} INFO - [2025-05-09T12:14:26.732+0000] {dag.py:3096} INFO - Sync 1 DAGs
[2025-05-09T12:14:26.749+0000] {logging_mixin.py:188} INFO - [2025-05-09T12:14:26.748+0000] {dag.py:3954} INFO - Setting next_dagrun for example_bash_decorator to None, run_after=None
[2025-05-09T12:14:26.782+0000] {processor.py:183} INFO - Processing /home/airflow/.local/lib/python3.10/site-packages/airflow/example_dags/example_bash_decorator.py took 0.118 seconds
[2025-05-09T12:14:57.143+0000] {processor.py:161} INFO - Started process (PID=2597) to work on /home/airflow/.local/lib/python3.10/site-packages/airflow/example_dags/example_bash_decorator.py
[2025-05-09T12:14:57.145+0000] {processor.py:830} INFO - Processing file /home/airflow/.local/lib/python3.10/site-packages/airflow/example_dags/example_bash_decorator.py for tasks to queue
[2025-05-09T12:14:57.147+0000] {logging_mixin.py:188} INFO - [2025-05-09T12:14:57.147+0000] {dagbag.py:545} INFO - Filling up the DagBag from /home/airflow/.local/lib/python3.10/site-packages/airflow/example_dags/example_bash_decorator.py
[2025-05-09T12:14:57.167+0000] {processor.py:840} INFO - DAG(s) 'example_bash_decorator' retrieved from /home/airflow/.local/lib/python3.10/site-packages/airflow/example_dags/example_bash_decorator.py
[2025-05-09T12:14:57.198+0000] {logging_mixin.py:188} INFO - [2025-05-09T12:14:57.198+0000] {dag.py:3096} INFO - Sync 1 DAGs
[2025-05-09T12:14:57.215+0000] {logging_mixin.py:188} INFO - [2025-05-09T12:14:57.214+0000] {dag.py:3954} INFO - Setting next_dagrun for example_bash_decorator to None, run_after=None
[2025-05-09T12:14:57.252+0000] {processor.py:183} INFO - Processing /home/airflow/.local/lib/python3.10/site-packages/airflow/example_dags/example_bash_decorator.py took 0.117 seconds
[2025-05-09T12:15:27.361+0000] {processor.py:161} INFO - Started process (PID=2859) to work on /home/airflow/.local/lib/python3.10/site-packages/airflow/example_dags/example_bash_decorator.py
[2025-05-09T12:15:27.363+0000] {processor.py:830} INFO - Processing file /home/airflow/.local/lib/python3.10/site-packages/airflow/example_dags/example_bash_decorator.py for tasks to queue
[2025-05-09T12:15:27.366+0000] {logging_mixin.py:188} INFO - [2025-05-09T12:15:27.366+0000] {dagbag.py:545} INFO - Filling up the DagBag from /home/airflow/.local/lib/python3.10/site-packages/airflow/example_dags/example_bash_decorator.py
[2025-05-09T12:15:27.385+0000] {processor.py:840} INFO - DAG(s) 'example_bash_decorator' retrieved from /home/airflow/.local/lib/python3.10/site-packages/airflow/example_dags/example_bash_decorator.py
[2025-05-09T12:15:27.433+0000] {logging_mixin.py:188} INFO - [2025-05-09T12:15:27.432+0000] {dag.py:3096} INFO - Sync 1 DAGs
[2025-05-09T12:15:27.449+0000] {logging_mixin.py:188} INFO - [2025-05-09T12:15:27.449+0000] {dag.py:3954} INFO - Setting next_dagrun for example_bash_decorator to None, run_after=None
[2025-05-09T12:15:27.473+0000] {processor.py:183} INFO - Processing /home/airflow/.local/lib/python3.10/site-packages/airflow/example_dags/example_bash_decorator.py took 0.120 seconds
[2025-05-09T12:43:53.743+0000] {processor.py:161} INFO - Started process (PID=299) to work on /home/airflow/.local/lib/python3.10/site-packages/airflow/example_dags/example_bash_decorator.py
[2025-05-09T12:43:53.745+0000] {processor.py:830} INFO - Processing file /home/airflow/.local/lib/python3.10/site-packages/airflow/example_dags/example_bash_decorator.py for tasks to queue
[2025-05-09T12:43:53.748+0000] {logging_mixin.py:188} INFO - [2025-05-09T12:43:53.747+0000] {dagbag.py:545} INFO - Filling up the DagBag from /home/airflow/.local/lib/python3.10/site-packages/airflow/example_dags/example_bash_decorator.py
[2025-05-09T12:43:53.770+0000] {processor.py:840} INFO - DAG(s) 'example_bash_decorator' retrieved from /home/airflow/.local/lib/python3.10/site-packages/airflow/example_dags/example_bash_decorator.py
[2025-05-09T12:43:53.795+0000] {logging_mixin.py:188} INFO - [2025-05-09T12:43:53.794+0000] {dag.py:3096} INFO - Sync 1 DAGs
[2025-05-09T12:43:53.825+0000] {logging_mixin.py:188} INFO - [2025-05-09T12:43:53.825+0000] {dag.py:3954} INFO - Setting next_dagrun for example_bash_decorator to None, run_after=None
[2025-05-09T12:43:53.859+0000] {processor.py:183} INFO - Processing /home/airflow/.local/lib/python3.10/site-packages/airflow/example_dags/example_bash_decorator.py took 0.126 seconds
[2025-05-09T12:44:25.213+0000] {processor.py:161} INFO - Started process (PID=559) to work on /home/airflow/.local/lib/python3.10/site-packages/airflow/example_dags/example_bash_decorator.py
[2025-05-09T12:44:25.214+0000] {processor.py:830} INFO - Processing file /home/airflow/.local/lib/python3.10/site-packages/airflow/example_dags/example_bash_decorator.py for tasks to queue
[2025-05-09T12:44:25.217+0000] {logging_mixin.py:188} INFO - [2025-05-09T12:44:25.216+0000] {dagbag.py:545} INFO - Filling up the DagBag from /home/airflow/.local/lib/python3.10/site-packages/airflow/example_dags/example_bash_decorator.py
[2025-05-09T12:44:25.242+0000] {processor.py:840} INFO - DAG(s) 'example_bash_decorator' retrieved from /home/airflow/.local/lib/python3.10/site-packages/airflow/example_dags/example_bash_decorator.py
[2025-05-09T12:44:25.450+0000] {logging_mixin.py:188} INFO - [2025-05-09T12:44:25.450+0000] {dag.py:3096} INFO - Sync 1 DAGs
[2025-05-09T12:44:25.465+0000] {logging_mixin.py:188} INFO - [2025-05-09T12:44:25.465+0000] {dag.py:3954} INFO - Setting next_dagrun for example_bash_decorator to None, run_after=None
[2025-05-09T12:44:25.490+0000] {processor.py:183} INFO - Processing /home/airflow/.local/lib/python3.10/site-packages/airflow/example_dags/example_bash_decorator.py took 0.286 seconds
[2025-05-09T12:44:55.810+0000] {processor.py:161} INFO - Started process (PID=821) to work on /home/airflow/.local/lib/python3.10/site-packages/airflow/example_dags/example_bash_decorator.py
[2025-05-09T12:44:55.812+0000] {processor.py:830} INFO - Processing file /home/airflow/.local/lib/python3.10/site-packages/airflow/example_dags/example_bash_decorator.py for tasks to queue
[2025-05-09T12:44:55.813+0000] {logging_mixin.py:188} INFO - [2025-05-09T12:44:55.813+0000] {dagbag.py:545} INFO - Filling up the DagBag from /home/airflow/.local/lib/python3.10/site-packages/airflow/example_dags/example_bash_decorator.py
[2025-05-09T12:44:55.828+0000] {processor.py:840} INFO - DAG(s) 'example_bash_decorator' retrieved from /home/airflow/.local/lib/python3.10/site-packages/airflow/example_dags/example_bash_decorator.py
[2025-05-09T12:44:55.854+0000] {logging_mixin.py:188} INFO - [2025-05-09T12:44:55.854+0000] {dag.py:3096} INFO - Sync 1 DAGs
[2025-05-09T12:44:55.870+0000] {logging_mixin.py:188} INFO - [2025-05-09T12:44:55.870+0000] {dag.py:3954} INFO - Setting next_dagrun for example_bash_decorator to None, run_after=None
[2025-05-09T12:44:55.894+0000] {processor.py:183} INFO - Processing /home/airflow/.local/lib/python3.10/site-packages/airflow/example_dags/example_bash_decorator.py took 0.092 seconds
[2025-05-09T12:45:26.840+0000] {processor.py:161} INFO - Started process (PID=1083) to work on /home/airflow/.local/lib/python3.10/site-packages/airflow/example_dags/example_bash_decorator.py
[2025-05-09T12:45:26.843+0000] {processor.py:830} INFO - Processing file /home/airflow/.local/lib/python3.10/site-packages/airflow/example_dags/example_bash_decorator.py for tasks to queue
[2025-05-09T12:45:26.857+0000] {logging_mixin.py:188} INFO - [2025-05-09T12:45:26.856+0000] {dagbag.py:545} INFO - Filling up the DagBag from /home/airflow/.local/lib/python3.10/site-packages/airflow/example_dags/example_bash_decorator.py
[2025-05-09T12:45:26.937+0000] {processor.py:840} INFO - DAG(s) 'example_bash_decorator' retrieved from /home/airflow/.local/lib/python3.10/site-packages/airflow/example_dags/example_bash_decorator.py
[2025-05-09T12:45:27.077+0000] {logging_mixin.py:188} INFO - [2025-05-09T12:45:27.076+0000] {dag.py:3096} INFO - Sync 1 DAGs
[2025-05-09T12:45:27.108+0000] {logging_mixin.py:188} INFO - [2025-05-09T12:45:27.107+0000] {dag.py:3954} INFO - Setting next_dagrun for example_bash_decorator to None, run_after=None
[2025-05-09T12:45:27.149+0000] {processor.py:183} INFO - Processing /home/airflow/.local/lib/python3.10/site-packages/airflow/example_dags/example_bash_decorator.py took 0.329 seconds
[2025-05-09T12:45:57.426+0000] {processor.py:161} INFO - Started process (PID=1345) to work on /home/airflow/.local/lib/python3.10/site-packages/airflow/example_dags/example_bash_decorator.py
[2025-05-09T12:45:57.428+0000] {processor.py:830} INFO - Processing file /home/airflow/.local/lib/python3.10/site-packages/airflow/example_dags/example_bash_decorator.py for tasks to queue
[2025-05-09T12:45:57.430+0000] {logging_mixin.py:188} INFO - [2025-05-09T12:45:57.430+0000] {dagbag.py:545} INFO - Filling up the DagBag from /home/airflow/.local/lib/python3.10/site-packages/airflow/example_dags/example_bash_decorator.py
[2025-05-09T12:45:57.447+0000] {processor.py:840} INFO - DAG(s) 'example_bash_decorator' retrieved from /home/airflow/.local/lib/python3.10/site-packages/airflow/example_dags/example_bash_decorator.py
[2025-05-09T12:45:57.478+0000] {logging_mixin.py:188} INFO - [2025-05-09T12:45:57.477+0000] {dag.py:3096} INFO - Sync 1 DAGs
[2025-05-09T12:45:57.492+0000] {logging_mixin.py:188} INFO - [2025-05-09T12:45:57.492+0000] {dag.py:3954} INFO - Setting next_dagrun for example_bash_decorator to None, run_after=None
[2025-05-09T12:45:57.520+0000] {processor.py:183} INFO - Processing /home/airflow/.local/lib/python3.10/site-packages/airflow/example_dags/example_bash_decorator.py took 0.101 seconds
[2025-05-09T12:46:27.976+0000] {processor.py:161} INFO - Started process (PID=1607) to work on /home/airflow/.local/lib/python3.10/site-packages/airflow/example_dags/example_bash_decorator.py
[2025-05-09T12:46:27.978+0000] {processor.py:830} INFO - Processing file /home/airflow/.local/lib/python3.10/site-packages/airflow/example_dags/example_bash_decorator.py for tasks to queue
[2025-05-09T12:46:27.980+0000] {logging_mixin.py:188} INFO - [2025-05-09T12:46:27.980+0000] {dagbag.py:545} INFO - Filling up the DagBag from /home/airflow/.local/lib/python3.10/site-packages/airflow/example_dags/example_bash_decorator.py
[2025-05-09T12:46:27.995+0000] {processor.py:840} INFO - DAG(s) 'example_bash_decorator' retrieved from /home/airflow/.local/lib/python3.10/site-packages/airflow/example_dags/example_bash_decorator.py
[2025-05-09T12:46:28.031+0000] {logging_mixin.py:188} INFO - [2025-05-09T12:46:28.030+0000] {dag.py:3096} INFO - Sync 1 DAGs
[2025-05-09T12:46:28.056+0000] {logging_mixin.py:188} INFO - [2025-05-09T12:46:28.055+0000] {dag.py:3954} INFO - Setting next_dagrun for example_bash_decorator to None, run_after=None
[2025-05-09T12:46:28.090+0000] {processor.py:183} INFO - Processing /home/airflow/.local/lib/python3.10/site-packages/airflow/example_dags/example_bash_decorator.py took 0.120 seconds
[2025-05-09T12:46:58.547+0000] {processor.py:161} INFO - Started process (PID=1869) to work on /home/airflow/.local/lib/python3.10/site-packages/airflow/example_dags/example_bash_decorator.py
[2025-05-09T12:46:58.548+0000] {processor.py:830} INFO - Processing file /home/airflow/.local/lib/python3.10/site-packages/airflow/example_dags/example_bash_decorator.py for tasks to queue
[2025-05-09T12:46:58.550+0000] {logging_mixin.py:188} INFO - [2025-05-09T12:46:58.549+0000] {dagbag.py:545} INFO - Filling up the DagBag from /home/airflow/.local/lib/python3.10/site-packages/airflow/example_dags/example_bash_decorator.py
[2025-05-09T12:46:58.563+0000] {processor.py:840} INFO - DAG(s) 'example_bash_decorator' retrieved from /home/airflow/.local/lib/python3.10/site-packages/airflow/example_dags/example_bash_decorator.py
[2025-05-09T12:46:58.584+0000] {logging_mixin.py:188} INFO - [2025-05-09T12:46:58.583+0000] {dag.py:3096} INFO - Sync 1 DAGs
[2025-05-09T12:46:58.596+0000] {logging_mixin.py:188} INFO - [2025-05-09T12:46:58.596+0000] {dag.py:3954} INFO - Setting next_dagrun for example_bash_decorator to None, run_after=None
[2025-05-09T12:46:58.620+0000] {processor.py:183} INFO - Processing /home/airflow/.local/lib/python3.10/site-packages/airflow/example_dags/example_bash_decorator.py took 0.079 seconds
[2025-05-09T12:47:29.061+0000] {processor.py:161} INFO - Started process (PID=2142) to work on /home/airflow/.local/lib/python3.10/site-packages/airflow/example_dags/example_bash_decorator.py
[2025-05-09T12:47:29.063+0000] {processor.py:830} INFO - Processing file /home/airflow/.local/lib/python3.10/site-packages/airflow/example_dags/example_bash_decorator.py for tasks to queue
[2025-05-09T12:47:29.065+0000] {logging_mixin.py:188} INFO - [2025-05-09T12:47:29.065+0000] {dagbag.py:545} INFO - Filling up the DagBag from /home/airflow/.local/lib/python3.10/site-packages/airflow/example_dags/example_bash_decorator.py
[2025-05-09T12:47:29.079+0000] {processor.py:840} INFO - DAG(s) 'example_bash_decorator' retrieved from /home/airflow/.local/lib/python3.10/site-packages/airflow/example_dags/example_bash_decorator.py
[2025-05-09T12:47:29.112+0000] {logging_mixin.py:188} INFO - [2025-05-09T12:47:29.111+0000] {dag.py:3096} INFO - Sync 1 DAGs
[2025-05-09T12:47:29.127+0000] {logging_mixin.py:188} INFO - [2025-05-09T12:47:29.126+0000] {dag.py:3954} INFO - Setting next_dagrun for example_bash_decorator to None, run_after=None
[2025-05-09T12:47:29.152+0000] {processor.py:183} INFO - Processing /home/airflow/.local/lib/python3.10/site-packages/airflow/example_dags/example_bash_decorator.py took 0.096 seconds
[2025-05-09T12:47:59.342+0000] {processor.py:161} INFO - Started process (PID=2402) to work on /home/airflow/.local/lib/python3.10/site-packages/airflow/example_dags/example_bash_decorator.py
[2025-05-09T12:47:59.344+0000] {processor.py:830} INFO - Processing file /home/airflow/.local/lib/python3.10/site-packages/airflow/example_dags/example_bash_decorator.py for tasks to queue
[2025-05-09T12:47:59.346+0000] {logging_mixin.py:188} INFO - [2025-05-09T12:47:59.346+0000] {dagbag.py:545} INFO - Filling up the DagBag from /home/airflow/.local/lib/python3.10/site-packages/airflow/example_dags/example_bash_decorator.py
[2025-05-09T12:47:59.364+0000] {processor.py:840} INFO - DAG(s) 'example_bash_decorator' retrieved from /home/airflow/.local/lib/python3.10/site-packages/airflow/example_dags/example_bash_decorator.py
[2025-05-09T12:47:59.389+0000] {logging_mixin.py:188} INFO - [2025-05-09T12:47:59.388+0000] {dag.py:3096} INFO - Sync 1 DAGs
[2025-05-09T12:47:59.401+0000] {logging_mixin.py:188} INFO - [2025-05-09T12:47:59.400+0000] {dag.py:3954} INFO - Setting next_dagrun for example_bash_decorator to None, run_after=None
[2025-05-09T12:47:59.422+0000] {processor.py:183} INFO - Processing /home/airflow/.local/lib/python3.10/site-packages/airflow/example_dags/example_bash_decorator.py took 0.087 seconds
[2025-05-09T12:48:29.724+0000] {processor.py:161} INFO - Started process (PID=2673) to work on /home/airflow/.local/lib/python3.10/site-packages/airflow/example_dags/example_bash_decorator.py
[2025-05-09T12:48:29.726+0000] {processor.py:830} INFO - Processing file /home/airflow/.local/lib/python3.10/site-packages/airflow/example_dags/example_bash_decorator.py for tasks to queue
[2025-05-09T12:48:29.728+0000] {logging_mixin.py:188} INFO - [2025-05-09T12:48:29.728+0000] {dagbag.py:545} INFO - Filling up the DagBag from /home/airflow/.local/lib/python3.10/site-packages/airflow/example_dags/example_bash_decorator.py
[2025-05-09T12:48:29.743+0000] {processor.py:840} INFO - DAG(s) 'example_bash_decorator' retrieved from /home/airflow/.local/lib/python3.10/site-packages/airflow/example_dags/example_bash_decorator.py
[2025-05-09T12:48:29.773+0000] {logging_mixin.py:188} INFO - [2025-05-09T12:48:29.773+0000] {dag.py:3096} INFO - Sync 1 DAGs
[2025-05-09T12:48:29.790+0000] {logging_mixin.py:188} INFO - [2025-05-09T12:48:29.789+0000] {dag.py:3954} INFO - Setting next_dagrun for example_bash_decorator to None, run_after=None
[2025-05-09T12:48:29.817+0000] {processor.py:183} INFO - Processing /home/airflow/.local/lib/python3.10/site-packages/airflow/example_dags/example_bash_decorator.py took 0.100 seconds
[2025-05-09T12:49:00.419+0000] {processor.py:161} INFO - Started process (PID=2935) to work on /home/airflow/.local/lib/python3.10/site-packages/airflow/example_dags/example_bash_decorator.py
[2025-05-09T12:49:00.421+0000] {processor.py:830} INFO - Processing file /home/airflow/.local/lib/python3.10/site-packages/airflow/example_dags/example_bash_decorator.py for tasks to queue
[2025-05-09T12:49:00.423+0000] {logging_mixin.py:188} INFO - [2025-05-09T12:49:00.422+0000] {dagbag.py:545} INFO - Filling up the DagBag from /home/airflow/.local/lib/python3.10/site-packages/airflow/example_dags/example_bash_decorator.py
[2025-05-09T12:49:00.439+0000] {processor.py:840} INFO - DAG(s) 'example_bash_decorator' retrieved from /home/airflow/.local/lib/python3.10/site-packages/airflow/example_dags/example_bash_decorator.py
[2025-05-09T12:49:00.469+0000] {logging_mixin.py:188} INFO - [2025-05-09T12:49:00.468+0000] {dag.py:3096} INFO - Sync 1 DAGs
[2025-05-09T12:49:00.482+0000] {logging_mixin.py:188} INFO - [2025-05-09T12:49:00.482+0000] {dag.py:3954} INFO - Setting next_dagrun for example_bash_decorator to None, run_after=None
[2025-05-09T12:49:00.514+0000] {processor.py:183} INFO - Processing /home/airflow/.local/lib/python3.10/site-packages/airflow/example_dags/example_bash_decorator.py took 0.103 seconds
[2025-05-09T12:49:31.796+0000] {processor.py:161} INFO - Started process (PID=3197) to work on /home/airflow/.local/lib/python3.10/site-packages/airflow/example_dags/example_bash_decorator.py
[2025-05-09T12:49:31.798+0000] {processor.py:830} INFO - Processing file /home/airflow/.local/lib/python3.10/site-packages/airflow/example_dags/example_bash_decorator.py for tasks to queue
[2025-05-09T12:49:31.800+0000] {logging_mixin.py:188} INFO - [2025-05-09T12:49:31.800+0000] {dagbag.py:545} INFO - Filling up the DagBag from /home/airflow/.local/lib/python3.10/site-packages/airflow/example_dags/example_bash_decorator.py
[2025-05-09T12:49:31.817+0000] {processor.py:840} INFO - DAG(s) 'example_bash_decorator' retrieved from /home/airflow/.local/lib/python3.10/site-packages/airflow/example_dags/example_bash_decorator.py
[2025-05-09T12:49:31.852+0000] {logging_mixin.py:188} INFO - [2025-05-09T12:49:31.851+0000] {dag.py:3096} INFO - Sync 1 DAGs
[2025-05-09T12:49:31.869+0000] {logging_mixin.py:188} INFO - [2025-05-09T12:49:31.869+0000] {dag.py:3954} INFO - Setting next_dagrun for example_bash_decorator to None, run_after=None
[2025-05-09T12:49:31.898+0000] {processor.py:183} INFO - Processing /home/airflow/.local/lib/python3.10/site-packages/airflow/example_dags/example_bash_decorator.py took 0.111 seconds
[2025-05-09T12:50:02.675+0000] {processor.py:161} INFO - Started process (PID=3462) to work on /home/airflow/.local/lib/python3.10/site-packages/airflow/example_dags/example_bash_decorator.py
[2025-05-09T12:50:02.678+0000] {processor.py:830} INFO - Processing file /home/airflow/.local/lib/python3.10/site-packages/airflow/example_dags/example_bash_decorator.py for tasks to queue
[2025-05-09T12:50:02.681+0000] {logging_mixin.py:188} INFO - [2025-05-09T12:50:02.680+0000] {dagbag.py:545} INFO - Filling up the DagBag from /home/airflow/.local/lib/python3.10/site-packages/airflow/example_dags/example_bash_decorator.py
[2025-05-09T12:50:02.704+0000] {processor.py:840} INFO - DAG(s) 'example_bash_decorator' retrieved from /home/airflow/.local/lib/python3.10/site-packages/airflow/example_dags/example_bash_decorator.py
[2025-05-09T12:50:02.740+0000] {logging_mixin.py:188} INFO - [2025-05-09T12:50:02.740+0000] {dag.py:3096} INFO - Sync 1 DAGs
[2025-05-09T12:50:02.756+0000] {logging_mixin.py:188} INFO - [2025-05-09T12:50:02.756+0000] {dag.py:3954} INFO - Setting next_dagrun for example_bash_decorator to None, run_after=None
[2025-05-09T12:50:02.790+0000] {processor.py:183} INFO - Processing /home/airflow/.local/lib/python3.10/site-packages/airflow/example_dags/example_bash_decorator.py took 0.126 seconds
[2025-05-09T12:50:33.520+0000] {processor.py:161} INFO - Started process (PID=3730) to work on /home/airflow/.local/lib/python3.10/site-packages/airflow/example_dags/example_bash_decorator.py
[2025-05-09T12:50:33.522+0000] {processor.py:830} INFO - Processing file /home/airflow/.local/lib/python3.10/site-packages/airflow/example_dags/example_bash_decorator.py for tasks to queue
[2025-05-09T12:50:33.526+0000] {logging_mixin.py:188} INFO - [2025-05-09T12:50:33.525+0000] {dagbag.py:545} INFO - Filling up the DagBag from /home/airflow/.local/lib/python3.10/site-packages/airflow/example_dags/example_bash_decorator.py
[2025-05-09T12:50:33.547+0000] {processor.py:840} INFO - DAG(s) 'example_bash_decorator' retrieved from /home/airflow/.local/lib/python3.10/site-packages/airflow/example_dags/example_bash_decorator.py
[2025-05-09T12:50:33.587+0000] {logging_mixin.py:188} INFO - [2025-05-09T12:50:33.586+0000] {dag.py:3096} INFO - Sync 1 DAGs
[2025-05-09T12:50:33.605+0000] {logging_mixin.py:188} INFO - [2025-05-09T12:50:33.604+0000] {dag.py:3954} INFO - Setting next_dagrun for example_bash_decorator to None, run_after=None
[2025-05-09T12:50:33.634+0000] {processor.py:183} INFO - Processing /home/airflow/.local/lib/python3.10/site-packages/airflow/example_dags/example_bash_decorator.py took 0.124 seconds
[2025-05-09T12:51:04.532+0000] {processor.py:161} INFO - Started process (PID=3994) to work on /home/airflow/.local/lib/python3.10/site-packages/airflow/example_dags/example_bash_decorator.py
[2025-05-09T12:51:04.534+0000] {processor.py:830} INFO - Processing file /home/airflow/.local/lib/python3.10/site-packages/airflow/example_dags/example_bash_decorator.py for tasks to queue
[2025-05-09T12:51:04.536+0000] {logging_mixin.py:188} INFO - [2025-05-09T12:51:04.536+0000] {dagbag.py:545} INFO - Filling up the DagBag from /home/airflow/.local/lib/python3.10/site-packages/airflow/example_dags/example_bash_decorator.py
[2025-05-09T12:51:04.549+0000] {processor.py:840} INFO - DAG(s) 'example_bash_decorator' retrieved from /home/airflow/.local/lib/python3.10/site-packages/airflow/example_dags/example_bash_decorator.py
[2025-05-09T12:51:04.577+0000] {logging_mixin.py:188} INFO - [2025-05-09T12:51:04.577+0000] {dag.py:3096} INFO - Sync 1 DAGs
[2025-05-09T12:51:04.590+0000] {logging_mixin.py:188} INFO - [2025-05-09T12:51:04.590+0000] {dag.py:3954} INFO - Setting next_dagrun for example_bash_decorator to None, run_after=None
[2025-05-09T12:51:04.614+0000] {processor.py:183} INFO - Processing /home/airflow/.local/lib/python3.10/site-packages/airflow/example_dags/example_bash_decorator.py took 0.088 seconds
[2025-05-09T12:52:23.379+0000] {processor.py:161} INFO - Started process (PID=302) to work on /home/airflow/.local/lib/python3.10/site-packages/airflow/example_dags/example_bash_decorator.py
[2025-05-09T12:52:23.381+0000] {processor.py:830} INFO - Processing file /home/airflow/.local/lib/python3.10/site-packages/airflow/example_dags/example_bash_decorator.py for tasks to queue
[2025-05-09T12:52:23.386+0000] {logging_mixin.py:188} INFO - [2025-05-09T12:52:23.385+0000] {dagbag.py:545} INFO - Filling up the DagBag from /home/airflow/.local/lib/python3.10/site-packages/airflow/example_dags/example_bash_decorator.py
[2025-05-09T12:52:23.408+0000] {processor.py:840} INFO - DAG(s) 'example_bash_decorator' retrieved from /home/airflow/.local/lib/python3.10/site-packages/airflow/example_dags/example_bash_decorator.py
[2025-05-09T12:52:23.428+0000] {logging_mixin.py:188} INFO - [2025-05-09T12:52:23.427+0000] {dag.py:3096} INFO - Sync 1 DAGs
[2025-05-09T12:52:23.445+0000] {logging_mixin.py:188} INFO - [2025-05-09T12:52:23.444+0000] {dag.py:3954} INFO - Setting next_dagrun for example_bash_decorator to None, run_after=None
[2025-05-09T12:52:23.474+0000] {processor.py:183} INFO - Processing /home/airflow/.local/lib/python3.10/site-packages/airflow/example_dags/example_bash_decorator.py took 0.102 seconds
[2025-05-09T12:52:54.813+0000] {processor.py:161} INFO - Started process (PID=562) to work on /home/airflow/.local/lib/python3.10/site-packages/airflow/example_dags/example_bash_decorator.py
[2025-05-09T12:52:54.814+0000] {processor.py:830} INFO - Processing file /home/airflow/.local/lib/python3.10/site-packages/airflow/example_dags/example_bash_decorator.py for tasks to queue
[2025-05-09T12:52:54.817+0000] {logging_mixin.py:188} INFO - [2025-05-09T12:52:54.816+0000] {dagbag.py:545} INFO - Filling up the DagBag from /home/airflow/.local/lib/python3.10/site-packages/airflow/example_dags/example_bash_decorator.py
[2025-05-09T12:52:54.831+0000] {processor.py:840} INFO - DAG(s) 'example_bash_decorator' retrieved from /home/airflow/.local/lib/python3.10/site-packages/airflow/example_dags/example_bash_decorator.py
[2025-05-09T12:52:54.950+0000] {logging_mixin.py:188} INFO - [2025-05-09T12:52:54.950+0000] {dag.py:3096} INFO - Sync 1 DAGs
[2025-05-09T12:52:54.964+0000] {logging_mixin.py:188} INFO - [2025-05-09T12:52:54.964+0000] {dag.py:3954} INFO - Setting next_dagrun for example_bash_decorator to None, run_after=None
[2025-05-09T12:52:54.993+0000] {processor.py:183} INFO - Processing /home/airflow/.local/lib/python3.10/site-packages/airflow/example_dags/example_bash_decorator.py took 0.189 seconds
[2025-05-09T12:53:25.085+0000] {processor.py:161} INFO - Started process (PID=826) to work on /home/airflow/.local/lib/python3.10/site-packages/airflow/example_dags/example_bash_decorator.py
[2025-05-09T12:53:25.087+0000] {processor.py:830} INFO - Processing file /home/airflow/.local/lib/python3.10/site-packages/airflow/example_dags/example_bash_decorator.py for tasks to queue
[2025-05-09T12:53:25.090+0000] {logging_mixin.py:188} INFO - [2025-05-09T12:53:25.090+0000] {dagbag.py:545} INFO - Filling up the DagBag from /home/airflow/.local/lib/python3.10/site-packages/airflow/example_dags/example_bash_decorator.py
[2025-05-09T12:53:25.106+0000] {processor.py:840} INFO - DAG(s) 'example_bash_decorator' retrieved from /home/airflow/.local/lib/python3.10/site-packages/airflow/example_dags/example_bash_decorator.py
[2025-05-09T12:53:25.139+0000] {logging_mixin.py:188} INFO - [2025-05-09T12:53:25.139+0000] {dag.py:3096} INFO - Sync 1 DAGs
[2025-05-09T12:53:25.155+0000] {logging_mixin.py:188} INFO - [2025-05-09T12:53:25.155+0000] {dag.py:3954} INFO - Setting next_dagrun for example_bash_decorator to None, run_after=None
[2025-05-09T12:53:25.184+0000] {processor.py:183} INFO - Processing /home/airflow/.local/lib/python3.10/site-packages/airflow/example_dags/example_bash_decorator.py took 0.106 seconds
[2025-05-09T12:53:55.932+0000] {processor.py:161} INFO - Started process (PID=1089) to work on /home/airflow/.local/lib/python3.10/site-packages/airflow/example_dags/example_bash_decorator.py
[2025-05-09T12:53:55.934+0000] {processor.py:830} INFO - Processing file /home/airflow/.local/lib/python3.10/site-packages/airflow/example_dags/example_bash_decorator.py for tasks to queue
[2025-05-09T12:53:55.936+0000] {logging_mixin.py:188} INFO - [2025-05-09T12:53:55.936+0000] {dagbag.py:545} INFO - Filling up the DagBag from /home/airflow/.local/lib/python3.10/site-packages/airflow/example_dags/example_bash_decorator.py
[2025-05-09T12:53:55.951+0000] {processor.py:840} INFO - DAG(s) 'example_bash_decorator' retrieved from /home/airflow/.local/lib/python3.10/site-packages/airflow/example_dags/example_bash_decorator.py
[2025-05-09T12:53:55.981+0000] {logging_mixin.py:188} INFO - [2025-05-09T12:53:55.980+0000] {dag.py:3096} INFO - Sync 1 DAGs
[2025-05-09T12:53:55.995+0000] {logging_mixin.py:188} INFO - [2025-05-09T12:53:55.995+0000] {dag.py:3954} INFO - Setting next_dagrun for example_bash_decorator to None, run_after=None
[2025-05-09T12:53:56.018+0000] {processor.py:183} INFO - Processing /home/airflow/.local/lib/python3.10/site-packages/airflow/example_dags/example_bash_decorator.py took 0.092 seconds
[2025-05-09T12:54:26.767+0000] {processor.py:161} INFO - Started process (PID=1351) to work on /home/airflow/.local/lib/python3.10/site-packages/airflow/example_dags/example_bash_decorator.py
[2025-05-09T12:54:26.769+0000] {processor.py:830} INFO - Processing file /home/airflow/.local/lib/python3.10/site-packages/airflow/example_dags/example_bash_decorator.py for tasks to queue
[2025-05-09T12:54:26.772+0000] {logging_mixin.py:188} INFO - [2025-05-09T12:54:26.771+0000] {dagbag.py:545} INFO - Filling up the DagBag from /home/airflow/.local/lib/python3.10/site-packages/airflow/example_dags/example_bash_decorator.py
[2025-05-09T12:54:26.787+0000] {processor.py:840} INFO - DAG(s) 'example_bash_decorator' retrieved from /home/airflow/.local/lib/python3.10/site-packages/airflow/example_dags/example_bash_decorator.py
[2025-05-09T12:54:26.816+0000] {logging_mixin.py:188} INFO - [2025-05-09T12:54:26.815+0000] {dag.py:3096} INFO - Sync 1 DAGs
[2025-05-09T12:54:26.836+0000] {logging_mixin.py:188} INFO - [2025-05-09T12:54:26.835+0000] {dag.py:3954} INFO - Setting next_dagrun for example_bash_decorator to None, run_after=None
[2025-05-09T12:54:26.865+0000] {processor.py:183} INFO - Processing /home/airflow/.local/lib/python3.10/site-packages/airflow/example_dags/example_bash_decorator.py took 0.105 seconds
[2025-05-09T12:54:57.163+0000] {processor.py:161} INFO - Started process (PID=1613) to work on /home/airflow/.local/lib/python3.10/site-packages/airflow/example_dags/example_bash_decorator.py
[2025-05-09T12:54:57.165+0000] {processor.py:830} INFO - Processing file /home/airflow/.local/lib/python3.10/site-packages/airflow/example_dags/example_bash_decorator.py for tasks to queue
[2025-05-09T12:54:57.168+0000] {logging_mixin.py:188} INFO - [2025-05-09T12:54:57.167+0000] {dagbag.py:545} INFO - Filling up the DagBag from /home/airflow/.local/lib/python3.10/site-packages/airflow/example_dags/example_bash_decorator.py
[2025-05-09T12:54:57.180+0000] {processor.py:840} INFO - DAG(s) 'example_bash_decorator' retrieved from /home/airflow/.local/lib/python3.10/site-packages/airflow/example_dags/example_bash_decorator.py
[2025-05-09T12:54:57.209+0000] {logging_mixin.py:188} INFO - [2025-05-09T12:54:57.209+0000] {dag.py:3096} INFO - Sync 1 DAGs
[2025-05-09T12:54:57.223+0000] {logging_mixin.py:188} INFO - [2025-05-09T12:54:57.223+0000] {dag.py:3954} INFO - Setting next_dagrun for example_bash_decorator to None, run_after=None
[2025-05-09T12:54:57.245+0000] {processor.py:183} INFO - Processing /home/airflow/.local/lib/python3.10/site-packages/airflow/example_dags/example_bash_decorator.py took 0.088 seconds
[2025-05-09T12:55:27.504+0000] {processor.py:161} INFO - Started process (PID=1878) to work on /home/airflow/.local/lib/python3.10/site-packages/airflow/example_dags/example_bash_decorator.py
[2025-05-09T12:55:27.505+0000] {processor.py:830} INFO - Processing file /home/airflow/.local/lib/python3.10/site-packages/airflow/example_dags/example_bash_decorator.py for tasks to queue
[2025-05-09T12:55:27.508+0000] {logging_mixin.py:188} INFO - [2025-05-09T12:55:27.507+0000] {dagbag.py:545} INFO - Filling up the DagBag from /home/airflow/.local/lib/python3.10/site-packages/airflow/example_dags/example_bash_decorator.py
[2025-05-09T12:55:27.519+0000] {processor.py:840} INFO - DAG(s) 'example_bash_decorator' retrieved from /home/airflow/.local/lib/python3.10/site-packages/airflow/example_dags/example_bash_decorator.py
[2025-05-09T12:55:27.545+0000] {logging_mixin.py:188} INFO - [2025-05-09T12:55:27.544+0000] {dag.py:3096} INFO - Sync 1 DAGs
[2025-05-09T12:55:27.558+0000] {logging_mixin.py:188} INFO - [2025-05-09T12:55:27.557+0000] {dag.py:3954} INFO - Setting next_dagrun for example_bash_decorator to None, run_after=None
[2025-05-09T12:55:27.583+0000] {processor.py:183} INFO - Processing /home/airflow/.local/lib/python3.10/site-packages/airflow/example_dags/example_bash_decorator.py took 0.085 seconds
[2025-05-09T12:57:16.347+0000] {processor.py:161} INFO - Started process (PID=300) to work on /home/airflow/.local/lib/python3.10/site-packages/airflow/example_dags/example_bash_decorator.py
[2025-05-09T12:57:16.349+0000] {processor.py:830} INFO - Processing file /home/airflow/.local/lib/python3.10/site-packages/airflow/example_dags/example_bash_decorator.py for tasks to queue
[2025-05-09T12:57:16.352+0000] {logging_mixin.py:188} INFO - [2025-05-09T12:57:16.351+0000] {dagbag.py:545} INFO - Filling up the DagBag from /home/airflow/.local/lib/python3.10/site-packages/airflow/example_dags/example_bash_decorator.py
[2025-05-09T12:57:16.366+0000] {processor.py:840} INFO - DAG(s) 'example_bash_decorator' retrieved from /home/airflow/.local/lib/python3.10/site-packages/airflow/example_dags/example_bash_decorator.py
[2025-05-09T12:57:16.381+0000] {logging_mixin.py:188} INFO - [2025-05-09T12:57:16.381+0000] {dag.py:3096} INFO - Sync 1 DAGs
[2025-05-09T12:57:16.395+0000] {logging_mixin.py:188} INFO - [2025-05-09T12:57:16.394+0000] {dag.py:3954} INFO - Setting next_dagrun for example_bash_decorator to None, run_after=None
[2025-05-09T12:57:16.416+0000] {processor.py:183} INFO - Processing /home/airflow/.local/lib/python3.10/site-packages/airflow/example_dags/example_bash_decorator.py took 0.077 seconds
[2025-05-09T12:57:46.723+0000] {processor.py:161} INFO - Started process (PID=560) to work on /home/airflow/.local/lib/python3.10/site-packages/airflow/example_dags/example_bash_decorator.py
[2025-05-09T12:57:46.725+0000] {processor.py:830} INFO - Processing file /home/airflow/.local/lib/python3.10/site-packages/airflow/example_dags/example_bash_decorator.py for tasks to queue
[2025-05-09T12:57:46.727+0000] {logging_mixin.py:188} INFO - [2025-05-09T12:57:46.727+0000] {dagbag.py:545} INFO - Filling up the DagBag from /home/airflow/.local/lib/python3.10/site-packages/airflow/example_dags/example_bash_decorator.py
[2025-05-09T12:57:46.741+0000] {processor.py:840} INFO - DAG(s) 'example_bash_decorator' retrieved from /home/airflow/.local/lib/python3.10/site-packages/airflow/example_dags/example_bash_decorator.py
[2025-05-09T12:57:46.851+0000] {logging_mixin.py:188} INFO - [2025-05-09T12:57:46.851+0000] {dag.py:3096} INFO - Sync 1 DAGs
[2025-05-09T12:57:46.863+0000] {logging_mixin.py:188} INFO - [2025-05-09T12:57:46.863+0000] {dag.py:3954} INFO - Setting next_dagrun for example_bash_decorator to None, run_after=None
[2025-05-09T12:57:46.895+0000] {processor.py:183} INFO - Processing /home/airflow/.local/lib/python3.10/site-packages/airflow/example_dags/example_bash_decorator.py took 0.177 seconds
[2025-05-09T12:58:17.281+0000] {processor.py:161} INFO - Started process (PID=822) to work on /home/airflow/.local/lib/python3.10/site-packages/airflow/example_dags/example_bash_decorator.py
[2025-05-09T12:58:17.282+0000] {processor.py:830} INFO - Processing file /home/airflow/.local/lib/python3.10/site-packages/airflow/example_dags/example_bash_decorator.py for tasks to queue
[2025-05-09T12:58:17.285+0000] {logging_mixin.py:188} INFO - [2025-05-09T12:58:17.284+0000] {dagbag.py:545} INFO - Filling up the DagBag from /home/airflow/.local/lib/python3.10/site-packages/airflow/example_dags/example_bash_decorator.py
[2025-05-09T12:58:17.300+0000] {processor.py:840} INFO - DAG(s) 'example_bash_decorator' retrieved from /home/airflow/.local/lib/python3.10/site-packages/airflow/example_dags/example_bash_decorator.py
[2025-05-09T12:58:17.327+0000] {logging_mixin.py:188} INFO - [2025-05-09T12:58:17.327+0000] {dag.py:3096} INFO - Sync 1 DAGs
[2025-05-09T12:58:17.340+0000] {logging_mixin.py:188} INFO - [2025-05-09T12:58:17.340+0000] {dag.py:3954} INFO - Setting next_dagrun for example_bash_decorator to None, run_after=None
[2025-05-09T12:58:17.363+0000] {processor.py:183} INFO - Processing /home/airflow/.local/lib/python3.10/site-packages/airflow/example_dags/example_bash_decorator.py took 0.088 seconds
[2025-05-09T12:58:47.772+0000] {processor.py:161} INFO - Started process (PID=1084) to work on /home/airflow/.local/lib/python3.10/site-packages/airflow/example_dags/example_bash_decorator.py
[2025-05-09T12:58:47.774+0000] {processor.py:830} INFO - Processing file /home/airflow/.local/lib/python3.10/site-packages/airflow/example_dags/example_bash_decorator.py for tasks to queue
[2025-05-09T12:58:47.777+0000] {logging_mixin.py:188} INFO - [2025-05-09T12:58:47.777+0000] {dagbag.py:545} INFO - Filling up the DagBag from /home/airflow/.local/lib/python3.10/site-packages/airflow/example_dags/example_bash_decorator.py
[2025-05-09T12:58:47.795+0000] {processor.py:840} INFO - DAG(s) 'example_bash_decorator' retrieved from /home/airflow/.local/lib/python3.10/site-packages/airflow/example_dags/example_bash_decorator.py
[2025-05-09T12:58:47.826+0000] {logging_mixin.py:188} INFO - [2025-05-09T12:58:47.825+0000] {dag.py:3096} INFO - Sync 1 DAGs
[2025-05-09T12:58:47.842+0000] {logging_mixin.py:188} INFO - [2025-05-09T12:58:47.842+0000] {dag.py:3954} INFO - Setting next_dagrun for example_bash_decorator to None, run_after=None
[2025-05-09T12:58:47.868+0000] {processor.py:183} INFO - Processing /home/airflow/.local/lib/python3.10/site-packages/airflow/example_dags/example_bash_decorator.py took 0.103 seconds
[2025-05-09T12:59:18.176+0000] {processor.py:161} INFO - Started process (PID=1346) to work on /home/airflow/.local/lib/python3.10/site-packages/airflow/example_dags/example_bash_decorator.py
[2025-05-09T12:59:18.177+0000] {processor.py:830} INFO - Processing file /home/airflow/.local/lib/python3.10/site-packages/airflow/example_dags/example_bash_decorator.py for tasks to queue
[2025-05-09T12:59:18.181+0000] {logging_mixin.py:188} INFO - [2025-05-09T12:59:18.180+0000] {dagbag.py:545} INFO - Filling up the DagBag from /home/airflow/.local/lib/python3.10/site-packages/airflow/example_dags/example_bash_decorator.py
[2025-05-09T12:59:18.193+0000] {processor.py:840} INFO - DAG(s) 'example_bash_decorator' retrieved from /home/airflow/.local/lib/python3.10/site-packages/airflow/example_dags/example_bash_decorator.py
[2025-05-09T12:59:18.219+0000] {logging_mixin.py:188} INFO - [2025-05-09T12:59:18.219+0000] {dag.py:3096} INFO - Sync 1 DAGs
[2025-05-09T12:59:18.233+0000] {logging_mixin.py:188} INFO - [2025-05-09T12:59:18.233+0000] {dag.py:3954} INFO - Setting next_dagrun for example_bash_decorator to None, run_after=None
[2025-05-09T12:59:18.255+0000] {processor.py:183} INFO - Processing /home/airflow/.local/lib/python3.10/site-packages/airflow/example_dags/example_bash_decorator.py took 0.084 seconds
[2025-05-09T12:59:49.302+0000] {processor.py:161} INFO - Started process (PID=1608) to work on /home/airflow/.local/lib/python3.10/site-packages/airflow/example_dags/example_bash_decorator.py
[2025-05-09T12:59:49.303+0000] {processor.py:830} INFO - Processing file /home/airflow/.local/lib/python3.10/site-packages/airflow/example_dags/example_bash_decorator.py for tasks to queue
[2025-05-09T12:59:49.305+0000] {logging_mixin.py:188} INFO - [2025-05-09T12:59:49.305+0000] {dagbag.py:545} INFO - Filling up the DagBag from /home/airflow/.local/lib/python3.10/site-packages/airflow/example_dags/example_bash_decorator.py
[2025-05-09T12:59:49.321+0000] {processor.py:840} INFO - DAG(s) 'example_bash_decorator' retrieved from /home/airflow/.local/lib/python3.10/site-packages/airflow/example_dags/example_bash_decorator.py
[2025-05-09T12:59:49.343+0000] {logging_mixin.py:188} INFO - [2025-05-09T12:59:49.343+0000] {dag.py:3096} INFO - Sync 1 DAGs
[2025-05-09T12:59:49.357+0000] {logging_mixin.py:188} INFO - [2025-05-09T12:59:49.357+0000] {dag.py:3954} INFO - Setting next_dagrun for example_bash_decorator to None, run_after=None
[2025-05-09T12:59:49.379+0000] {processor.py:183} INFO - Processing /home/airflow/.local/lib/python3.10/site-packages/airflow/example_dags/example_bash_decorator.py took 0.085 seconds
[2025-05-09T13:00:19.552+0000] {processor.py:161} INFO - Started process (PID=1879) to work on /home/airflow/.local/lib/python3.10/site-packages/airflow/example_dags/example_bash_decorator.py
[2025-05-09T13:00:19.554+0000] {processor.py:830} INFO - Processing file /home/airflow/.local/lib/python3.10/site-packages/airflow/example_dags/example_bash_decorator.py for tasks to queue
[2025-05-09T13:00:19.557+0000] {logging_mixin.py:188} INFO - [2025-05-09T13:00:19.556+0000] {dagbag.py:545} INFO - Filling up the DagBag from /home/airflow/.local/lib/python3.10/site-packages/airflow/example_dags/example_bash_decorator.py
[2025-05-09T13:00:19.573+0000] {processor.py:840} INFO - DAG(s) 'example_bash_decorator' retrieved from /home/airflow/.local/lib/python3.10/site-packages/airflow/example_dags/example_bash_decorator.py
[2025-05-09T13:00:19.601+0000] {logging_mixin.py:188} INFO - [2025-05-09T13:00:19.601+0000] {dag.py:3096} INFO - Sync 1 DAGs
[2025-05-09T13:00:19.615+0000] {logging_mixin.py:188} INFO - [2025-05-09T13:00:19.615+0000] {dag.py:3954} INFO - Setting next_dagrun for example_bash_decorator to None, run_after=None
[2025-05-09T13:00:19.638+0000] {processor.py:183} INFO - Processing /home/airflow/.local/lib/python3.10/site-packages/airflow/example_dags/example_bash_decorator.py took 0.095 seconds
[2025-05-09T13:00:50.288+0000] {processor.py:161} INFO - Started process (PID=2141) to work on /home/airflow/.local/lib/python3.10/site-packages/airflow/example_dags/example_bash_decorator.py
[2025-05-09T13:00:50.290+0000] {processor.py:830} INFO - Processing file /home/airflow/.local/lib/python3.10/site-packages/airflow/example_dags/example_bash_decorator.py for tasks to queue
[2025-05-09T13:00:50.292+0000] {logging_mixin.py:188} INFO - [2025-05-09T13:00:50.292+0000] {dagbag.py:545} INFO - Filling up the DagBag from /home/airflow/.local/lib/python3.10/site-packages/airflow/example_dags/example_bash_decorator.py
[2025-05-09T13:00:50.304+0000] {processor.py:840} INFO - DAG(s) 'example_bash_decorator' retrieved from /home/airflow/.local/lib/python3.10/site-packages/airflow/example_dags/example_bash_decorator.py
[2025-05-09T13:00:50.331+0000] {logging_mixin.py:188} INFO - [2025-05-09T13:00:50.331+0000] {dag.py:3096} INFO - Sync 1 DAGs
[2025-05-09T13:00:50.343+0000] {logging_mixin.py:188} INFO - [2025-05-09T13:00:50.343+0000] {dag.py:3954} INFO - Setting next_dagrun for example_bash_decorator to None, run_after=None
[2025-05-09T13:00:50.364+0000] {processor.py:183} INFO - Processing /home/airflow/.local/lib/python3.10/site-packages/airflow/example_dags/example_bash_decorator.py took 0.081 seconds
[2025-05-09T13:01:21.605+0000] {processor.py:161} INFO - Started process (PID=2403) to work on /home/airflow/.local/lib/python3.10/site-packages/airflow/example_dags/example_bash_decorator.py
[2025-05-09T13:01:21.607+0000] {processor.py:830} INFO - Processing file /home/airflow/.local/lib/python3.10/site-packages/airflow/example_dags/example_bash_decorator.py for tasks to queue
[2025-05-09T13:01:21.609+0000] {logging_mixin.py:188} INFO - [2025-05-09T13:01:21.608+0000] {dagbag.py:545} INFO - Filling up the DagBag from /home/airflow/.local/lib/python3.10/site-packages/airflow/example_dags/example_bash_decorator.py
[2025-05-09T13:01:21.625+0000] {processor.py:840} INFO - DAG(s) 'example_bash_decorator' retrieved from /home/airflow/.local/lib/python3.10/site-packages/airflow/example_dags/example_bash_decorator.py
[2025-05-09T13:01:21.661+0000] {logging_mixin.py:188} INFO - [2025-05-09T13:01:21.661+0000] {dag.py:3096} INFO - Sync 1 DAGs
[2025-05-09T13:01:21.675+0000] {logging_mixin.py:188} INFO - [2025-05-09T13:01:21.675+0000] {dag.py:3954} INFO - Setting next_dagrun for example_bash_decorator to None, run_after=None
[2025-05-09T13:01:21.699+0000] {processor.py:183} INFO - Processing /home/airflow/.local/lib/python3.10/site-packages/airflow/example_dags/example_bash_decorator.py took 0.100 seconds
[2025-05-09T13:01:51.960+0000] {processor.py:161} INFO - Started process (PID=2665) to work on /home/airflow/.local/lib/python3.10/site-packages/airflow/example_dags/example_bash_decorator.py
[2025-05-09T13:01:51.962+0000] {processor.py:830} INFO - Processing file /home/airflow/.local/lib/python3.10/site-packages/airflow/example_dags/example_bash_decorator.py for tasks to queue
[2025-05-09T13:01:51.964+0000] {logging_mixin.py:188} INFO - [2025-05-09T13:01:51.963+0000] {dagbag.py:545} INFO - Filling up the DagBag from /home/airflow/.local/lib/python3.10/site-packages/airflow/example_dags/example_bash_decorator.py
[2025-05-09T13:01:51.979+0000] {processor.py:840} INFO - DAG(s) 'example_bash_decorator' retrieved from /home/airflow/.local/lib/python3.10/site-packages/airflow/example_dags/example_bash_decorator.py
[2025-05-09T13:01:52.037+0000] {logging_mixin.py:188} INFO - [2025-05-09T13:01:52.037+0000] {dag.py:3096} INFO - Sync 1 DAGs
[2025-05-09T13:01:52.065+0000] {logging_mixin.py:188} INFO - [2025-05-09T13:01:52.064+0000] {dag.py:3954} INFO - Setting next_dagrun for example_bash_decorator to None, run_after=None
[2025-05-09T13:01:52.096+0000] {processor.py:183} INFO - Processing /home/airflow/.local/lib/python3.10/site-packages/airflow/example_dags/example_bash_decorator.py took 0.143 seconds
[2025-05-09T13:02:22.491+0000] {processor.py:161} INFO - Started process (PID=2927) to work on /home/airflow/.local/lib/python3.10/site-packages/airflow/example_dags/example_bash_decorator.py
[2025-05-09T13:02:22.493+0000] {processor.py:830} INFO - Processing file /home/airflow/.local/lib/python3.10/site-packages/airflow/example_dags/example_bash_decorator.py for tasks to queue
[2025-05-09T13:02:22.495+0000] {logging_mixin.py:188} INFO - [2025-05-09T13:02:22.494+0000] {dagbag.py:545} INFO - Filling up the DagBag from /home/airflow/.local/lib/python3.10/site-packages/airflow/example_dags/example_bash_decorator.py
[2025-05-09T13:02:22.510+0000] {processor.py:840} INFO - DAG(s) 'example_bash_decorator' retrieved from /home/airflow/.local/lib/python3.10/site-packages/airflow/example_dags/example_bash_decorator.py
[2025-05-09T13:02:22.538+0000] {logging_mixin.py:188} INFO - [2025-05-09T13:02:22.537+0000] {dag.py:3096} INFO - Sync 1 DAGs
[2025-05-09T13:02:22.552+0000] {logging_mixin.py:188} INFO - [2025-05-09T13:02:22.552+0000] {dag.py:3954} INFO - Setting next_dagrun for example_bash_decorator to None, run_after=None
[2025-05-09T13:02:22.576+0000] {processor.py:183} INFO - Processing /home/airflow/.local/lib/python3.10/site-packages/airflow/example_dags/example_bash_decorator.py took 0.092 seconds
[2025-05-09T13:02:53.128+0000] {processor.py:161} INFO - Started process (PID=3189) to work on /home/airflow/.local/lib/python3.10/site-packages/airflow/example_dags/example_bash_decorator.py
[2025-05-09T13:02:53.130+0000] {processor.py:830} INFO - Processing file /home/airflow/.local/lib/python3.10/site-packages/airflow/example_dags/example_bash_decorator.py for tasks to queue
[2025-05-09T13:02:53.141+0000] {logging_mixin.py:188} INFO - [2025-05-09T13:02:53.141+0000] {dagbag.py:545} INFO - Filling up the DagBag from /home/airflow/.local/lib/python3.10/site-packages/airflow/example_dags/example_bash_decorator.py
[2025-05-09T13:02:53.162+0000] {processor.py:840} INFO - DAG(s) 'example_bash_decorator' retrieved from /home/airflow/.local/lib/python3.10/site-packages/airflow/example_dags/example_bash_decorator.py
[2025-05-09T13:02:53.198+0000] {logging_mixin.py:188} INFO - [2025-05-09T13:02:53.197+0000] {dag.py:3096} INFO - Sync 1 DAGs
[2025-05-09T13:02:53.216+0000] {logging_mixin.py:188} INFO - [2025-05-09T13:02:53.216+0000] {dag.py:3954} INFO - Setting next_dagrun for example_bash_decorator to None, run_after=None
[2025-05-09T13:02:53.242+0000] {processor.py:183} INFO - Processing /home/airflow/.local/lib/python3.10/site-packages/airflow/example_dags/example_bash_decorator.py took 0.122 seconds
[2025-05-09T13:03:24.319+0000] {processor.py:161} INFO - Started process (PID=3453) to work on /home/airflow/.local/lib/python3.10/site-packages/airflow/example_dags/example_bash_decorator.py
[2025-05-09T13:03:24.321+0000] {processor.py:830} INFO - Processing file /home/airflow/.local/lib/python3.10/site-packages/airflow/example_dags/example_bash_decorator.py for tasks to queue
[2025-05-09T13:03:24.323+0000] {logging_mixin.py:188} INFO - [2025-05-09T13:03:24.322+0000] {dagbag.py:545} INFO - Filling up the DagBag from /home/airflow/.local/lib/python3.10/site-packages/airflow/example_dags/example_bash_decorator.py
[2025-05-09T13:03:24.336+0000] {processor.py:840} INFO - DAG(s) 'example_bash_decorator' retrieved from /home/airflow/.local/lib/python3.10/site-packages/airflow/example_dags/example_bash_decorator.py
[2025-05-09T13:03:24.363+0000] {logging_mixin.py:188} INFO - [2025-05-09T13:03:24.362+0000] {dag.py:3096} INFO - Sync 1 DAGs
[2025-05-09T13:03:24.377+0000] {logging_mixin.py:188} INFO - [2025-05-09T13:03:24.377+0000] {dag.py:3954} INFO - Setting next_dagrun for example_bash_decorator to None, run_after=None
[2025-05-09T13:03:24.396+0000] {processor.py:183} INFO - Processing /home/airflow/.local/lib/python3.10/site-packages/airflow/example_dags/example_bash_decorator.py took 0.084 seconds
[2025-05-09T13:03:55.067+0000] {processor.py:161} INFO - Started process (PID=3715) to work on /home/airflow/.local/lib/python3.10/site-packages/airflow/example_dags/example_bash_decorator.py
[2025-05-09T13:03:55.068+0000] {processor.py:830} INFO - Processing file /home/airflow/.local/lib/python3.10/site-packages/airflow/example_dags/example_bash_decorator.py for tasks to queue
[2025-05-09T13:03:55.070+0000] {logging_mixin.py:188} INFO - [2025-05-09T13:03:55.070+0000] {dagbag.py:545} INFO - Filling up the DagBag from /home/airflow/.local/lib/python3.10/site-packages/airflow/example_dags/example_bash_decorator.py
[2025-05-09T13:03:55.089+0000] {processor.py:840} INFO - DAG(s) 'example_bash_decorator' retrieved from /home/airflow/.local/lib/python3.10/site-packages/airflow/example_dags/example_bash_decorator.py
[2025-05-09T13:03:55.121+0000] {logging_mixin.py:188} INFO - [2025-05-09T13:03:55.120+0000] {dag.py:3096} INFO - Sync 1 DAGs
[2025-05-09T13:03:55.138+0000] {logging_mixin.py:188} INFO - [2025-05-09T13:03:55.138+0000] {dag.py:3954} INFO - Setting next_dagrun for example_bash_decorator to None, run_after=None
[2025-05-09T13:03:55.177+0000] {processor.py:183} INFO - Processing /home/airflow/.local/lib/python3.10/site-packages/airflow/example_dags/example_bash_decorator.py took 0.119 seconds
[2025-05-09T15:43:48.468+0000] {processor.py:161} INFO - Started process (PID=3990) to work on /home/airflow/.local/lib/python3.10/site-packages/airflow/example_dags/example_bash_decorator.py
[2025-05-09T15:43:48.478+0000] {processor.py:830} INFO - Processing file /home/airflow/.local/lib/python3.10/site-packages/airflow/example_dags/example_bash_decorator.py for tasks to queue
[2025-05-09T15:43:48.484+0000] {logging_mixin.py:188} INFO - [2025-05-09T15:43:48.483+0000] {dagbag.py:545} INFO - Filling up the DagBag from /home/airflow/.local/lib/python3.10/site-packages/airflow/example_dags/example_bash_decorator.py
[2025-05-09T15:43:48.548+0000] {processor.py:840} INFO - DAG(s) 'example_bash_decorator' retrieved from /home/airflow/.local/lib/python3.10/site-packages/airflow/example_dags/example_bash_decorator.py
[2025-05-09T15:43:48.617+0000] {logging_mixin.py:188} INFO - [2025-05-09T15:43:48.617+0000] {dag.py:3096} INFO - Sync 1 DAGs
[2025-05-09T15:43:48.648+0000] {logging_mixin.py:188} INFO - [2025-05-09T15:43:48.647+0000] {dag.py:3954} INFO - Setting next_dagrun for example_bash_decorator to None, run_after=None
[2025-05-09T15:43:48.731+0000] {processor.py:183} INFO - Processing /home/airflow/.local/lib/python3.10/site-packages/airflow/example_dags/example_bash_decorator.py took 0.300 seconds
[2025-05-09T15:44:18.885+0000] {processor.py:161} INFO - Started process (PID=4252) to work on /home/airflow/.local/lib/python3.10/site-packages/airflow/example_dags/example_bash_decorator.py
[2025-05-09T15:44:18.887+0000] {processor.py:830} INFO - Processing file /home/airflow/.local/lib/python3.10/site-packages/airflow/example_dags/example_bash_decorator.py for tasks to queue
[2025-05-09T15:44:18.889+0000] {logging_mixin.py:188} INFO - [2025-05-09T15:44:18.889+0000] {dagbag.py:545} INFO - Filling up the DagBag from /home/airflow/.local/lib/python3.10/site-packages/airflow/example_dags/example_bash_decorator.py
[2025-05-09T15:44:18.903+0000] {processor.py:840} INFO - DAG(s) 'example_bash_decorator' retrieved from /home/airflow/.local/lib/python3.10/site-packages/airflow/example_dags/example_bash_decorator.py
[2025-05-09T15:44:18.930+0000] {logging_mixin.py:188} INFO - [2025-05-09T15:44:18.929+0000] {dag.py:3096} INFO - Sync 1 DAGs
[2025-05-09T15:44:18.944+0000] {logging_mixin.py:188} INFO - [2025-05-09T15:44:18.944+0000] {dag.py:3954} INFO - Setting next_dagrun for example_bash_decorator to None, run_after=None
[2025-05-09T15:44:18.971+0000] {processor.py:183} INFO - Processing /home/airflow/.local/lib/python3.10/site-packages/airflow/example_dags/example_bash_decorator.py took 0.092 seconds
[2025-05-09T15:44:49.706+0000] {processor.py:161} INFO - Started process (PID=4528) to work on /home/airflow/.local/lib/python3.10/site-packages/airflow/example_dags/example_bash_decorator.py
[2025-05-09T15:44:49.709+0000] {processor.py:830} INFO - Processing file /home/airflow/.local/lib/python3.10/site-packages/airflow/example_dags/example_bash_decorator.py for tasks to queue
[2025-05-09T15:44:49.714+0000] {logging_mixin.py:188} INFO - [2025-05-09T15:44:49.713+0000] {dagbag.py:545} INFO - Filling up the DagBag from /home/airflow/.local/lib/python3.10/site-packages/airflow/example_dags/example_bash_decorator.py
[2025-05-09T15:44:49.735+0000] {processor.py:840} INFO - DAG(s) 'example_bash_decorator' retrieved from /home/airflow/.local/lib/python3.10/site-packages/airflow/example_dags/example_bash_decorator.py
[2025-05-09T15:44:49.766+0000] {logging_mixin.py:188} INFO - [2025-05-09T15:44:49.766+0000] {dag.py:3096} INFO - Sync 1 DAGs
[2025-05-09T15:44:49.782+0000] {logging_mixin.py:188} INFO - [2025-05-09T15:44:49.782+0000] {dag.py:3954} INFO - Setting next_dagrun for example_bash_decorator to None, run_after=None
[2025-05-09T15:44:49.820+0000] {processor.py:183} INFO - Processing /home/airflow/.local/lib/python3.10/site-packages/airflow/example_dags/example_bash_decorator.py took 0.125 seconds
[2025-05-09T15:45:20.204+0000] {processor.py:161} INFO - Started process (PID=4796) to work on /home/airflow/.local/lib/python3.10/site-packages/airflow/example_dags/example_bash_decorator.py
[2025-05-09T15:45:20.206+0000] {processor.py:830} INFO - Processing file /home/airflow/.local/lib/python3.10/site-packages/airflow/example_dags/example_bash_decorator.py for tasks to queue
[2025-05-09T15:45:20.208+0000] {logging_mixin.py:188} INFO - [2025-05-09T15:45:20.208+0000] {dagbag.py:545} INFO - Filling up the DagBag from /home/airflow/.local/lib/python3.10/site-packages/airflow/example_dags/example_bash_decorator.py
[2025-05-09T15:45:20.226+0000] {processor.py:840} INFO - DAG(s) 'example_bash_decorator' retrieved from /home/airflow/.local/lib/python3.10/site-packages/airflow/example_dags/example_bash_decorator.py
[2025-05-09T15:45:20.255+0000] {logging_mixin.py:188} INFO - [2025-05-09T15:45:20.254+0000] {dag.py:3096} INFO - Sync 1 DAGs
[2025-05-09T15:45:20.271+0000] {logging_mixin.py:188} INFO - [2025-05-09T15:45:20.270+0000] {dag.py:3954} INFO - Setting next_dagrun for example_bash_decorator to None, run_after=None
[2025-05-09T15:45:20.294+0000] {processor.py:183} INFO - Processing /home/airflow/.local/lib/python3.10/site-packages/airflow/example_dags/example_bash_decorator.py took 0.097 seconds
[2025-05-09T15:45:50.630+0000] {processor.py:161} INFO - Started process (PID=5058) to work on /home/airflow/.local/lib/python3.10/site-packages/airflow/example_dags/example_bash_decorator.py
[2025-05-09T15:45:50.646+0000] {processor.py:830} INFO - Processing file /home/airflow/.local/lib/python3.10/site-packages/airflow/example_dags/example_bash_decorator.py for tasks to queue
[2025-05-09T15:45:50.651+0000] {logging_mixin.py:188} INFO - [2025-05-09T15:45:50.650+0000] {dagbag.py:545} INFO - Filling up the DagBag from /home/airflow/.local/lib/python3.10/site-packages/airflow/example_dags/example_bash_decorator.py
[2025-05-09T15:45:50.672+0000] {processor.py:840} INFO - DAG(s) 'example_bash_decorator' retrieved from /home/airflow/.local/lib/python3.10/site-packages/airflow/example_dags/example_bash_decorator.py
[2025-05-09T15:45:50.727+0000] {logging_mixin.py:188} INFO - [2025-05-09T15:45:50.726+0000] {dag.py:3096} INFO - Sync 1 DAGs
[2025-05-09T15:45:50.758+0000] {logging_mixin.py:188} INFO - [2025-05-09T15:45:50.758+0000] {dag.py:3954} INFO - Setting next_dagrun for example_bash_decorator to None, run_after=None
[2025-05-09T15:45:50.785+0000] {processor.py:183} INFO - Processing /home/airflow/.local/lib/python3.10/site-packages/airflow/example_dags/example_bash_decorator.py took 0.163 seconds
[2025-05-09T15:46:20.960+0000] {processor.py:161} INFO - Started process (PID=5329) to work on /home/airflow/.local/lib/python3.10/site-packages/airflow/example_dags/example_bash_decorator.py
[2025-05-09T15:46:20.961+0000] {processor.py:830} INFO - Processing file /home/airflow/.local/lib/python3.10/site-packages/airflow/example_dags/example_bash_decorator.py for tasks to queue
[2025-05-09T15:46:20.964+0000] {logging_mixin.py:188} INFO - [2025-05-09T15:46:20.963+0000] {dagbag.py:545} INFO - Filling up the DagBag from /home/airflow/.local/lib/python3.10/site-packages/airflow/example_dags/example_bash_decorator.py
[2025-05-09T15:46:20.978+0000] {processor.py:840} INFO - DAG(s) 'example_bash_decorator' retrieved from /home/airflow/.local/lib/python3.10/site-packages/airflow/example_dags/example_bash_decorator.py
[2025-05-09T15:46:21.014+0000] {logging_mixin.py:188} INFO - [2025-05-09T15:46:21.014+0000] {dag.py:3096} INFO - Sync 1 DAGs
[2025-05-09T15:46:21.028+0000] {logging_mixin.py:188} INFO - [2025-05-09T15:46:21.028+0000] {dag.py:3954} INFO - Setting next_dagrun for example_bash_decorator to None, run_after=None
[2025-05-09T15:46:21.065+0000] {processor.py:183} INFO - Processing /home/airflow/.local/lib/python3.10/site-packages/airflow/example_dags/example_bash_decorator.py took 0.114 seconds
[2025-05-09T15:46:51.637+0000] {processor.py:161} INFO - Started process (PID=5591) to work on /home/airflow/.local/lib/python3.10/site-packages/airflow/example_dags/example_bash_decorator.py
[2025-05-09T15:46:51.639+0000] {processor.py:830} INFO - Processing file /home/airflow/.local/lib/python3.10/site-packages/airflow/example_dags/example_bash_decorator.py for tasks to queue
[2025-05-09T15:46:51.641+0000] {logging_mixin.py:188} INFO - [2025-05-09T15:46:51.641+0000] {dagbag.py:545} INFO - Filling up the DagBag from /home/airflow/.local/lib/python3.10/site-packages/airflow/example_dags/example_bash_decorator.py
[2025-05-09T15:46:51.657+0000] {processor.py:840} INFO - DAG(s) 'example_bash_decorator' retrieved from /home/airflow/.local/lib/python3.10/site-packages/airflow/example_dags/example_bash_decorator.py
[2025-05-09T15:46:51.685+0000] {logging_mixin.py:188} INFO - [2025-05-09T15:46:51.684+0000] {dag.py:3096} INFO - Sync 1 DAGs
[2025-05-09T15:46:51.699+0000] {logging_mixin.py:188} INFO - [2025-05-09T15:46:51.699+0000] {dag.py:3954} INFO - Setting next_dagrun for example_bash_decorator to None, run_after=None
[2025-05-09T15:46:51.732+0000] {processor.py:183} INFO - Processing /home/airflow/.local/lib/python3.10/site-packages/airflow/example_dags/example_bash_decorator.py took 0.102 seconds
[2025-05-09T15:47:22.392+0000] {processor.py:161} INFO - Started process (PID=5853) to work on /home/airflow/.local/lib/python3.10/site-packages/airflow/example_dags/example_bash_decorator.py
[2025-05-09T15:47:22.393+0000] {processor.py:830} INFO - Processing file /home/airflow/.local/lib/python3.10/site-packages/airflow/example_dags/example_bash_decorator.py for tasks to queue
[2025-05-09T15:47:22.396+0000] {logging_mixin.py:188} INFO - [2025-05-09T15:47:22.395+0000] {dagbag.py:545} INFO - Filling up the DagBag from /home/airflow/.local/lib/python3.10/site-packages/airflow/example_dags/example_bash_decorator.py
[2025-05-09T15:47:22.413+0000] {processor.py:840} INFO - DAG(s) 'example_bash_decorator' retrieved from /home/airflow/.local/lib/python3.10/site-packages/airflow/example_dags/example_bash_decorator.py
[2025-05-09T15:47:22.445+0000] {logging_mixin.py:188} INFO - [2025-05-09T15:47:22.445+0000] {dag.py:3096} INFO - Sync 1 DAGs
[2025-05-09T15:47:22.462+0000] {logging_mixin.py:188} INFO - [2025-05-09T15:47:22.462+0000] {dag.py:3954} INFO - Setting next_dagrun for example_bash_decorator to None, run_after=None
[2025-05-09T15:47:22.502+0000] {processor.py:183} INFO - Processing /home/airflow/.local/lib/python3.10/site-packages/airflow/example_dags/example_bash_decorator.py took 0.117 seconds
[2025-05-09T15:47:52.927+0000] {processor.py:161} INFO - Started process (PID=6113) to work on /home/airflow/.local/lib/python3.10/site-packages/airflow/example_dags/example_bash_decorator.py
[2025-05-09T15:47:52.929+0000] {processor.py:830} INFO - Processing file /home/airflow/.local/lib/python3.10/site-packages/airflow/example_dags/example_bash_decorator.py for tasks to queue
[2025-05-09T15:47:52.931+0000] {logging_mixin.py:188} INFO - [2025-05-09T15:47:52.931+0000] {dagbag.py:545} INFO - Filling up the DagBag from /home/airflow/.local/lib/python3.10/site-packages/airflow/example_dags/example_bash_decorator.py
[2025-05-09T15:47:52.950+0000] {processor.py:840} INFO - DAG(s) 'example_bash_decorator' retrieved from /home/airflow/.local/lib/python3.10/site-packages/airflow/example_dags/example_bash_decorator.py
[2025-05-09T15:47:52.988+0000] {logging_mixin.py:188} INFO - [2025-05-09T15:47:52.987+0000] {dag.py:3096} INFO - Sync 1 DAGs
[2025-05-09T15:47:53.018+0000] {logging_mixin.py:188} INFO - [2025-05-09T15:47:53.017+0000] {dag.py:3954} INFO - Setting next_dagrun for example_bash_decorator to None, run_after=None
[2025-05-09T15:47:53.055+0000] {processor.py:183} INFO - Processing /home/airflow/.local/lib/python3.10/site-packages/airflow/example_dags/example_bash_decorator.py took 0.138 seconds
[2025-05-09T15:48:23.301+0000] {processor.py:161} INFO - Started process (PID=6388) to work on /home/airflow/.local/lib/python3.10/site-packages/airflow/example_dags/example_bash_decorator.py
[2025-05-09T15:48:23.302+0000] {processor.py:830} INFO - Processing file /home/airflow/.local/lib/python3.10/site-packages/airflow/example_dags/example_bash_decorator.py for tasks to queue
[2025-05-09T15:48:23.304+0000] {logging_mixin.py:188} INFO - [2025-05-09T15:48:23.304+0000] {dagbag.py:545} INFO - Filling up the DagBag from /home/airflow/.local/lib/python3.10/site-packages/airflow/example_dags/example_bash_decorator.py
[2025-05-09T15:48:23.318+0000] {processor.py:840} INFO - DAG(s) 'example_bash_decorator' retrieved from /home/airflow/.local/lib/python3.10/site-packages/airflow/example_dags/example_bash_decorator.py
[2025-05-09T15:48:23.342+0000] {logging_mixin.py:188} INFO - [2025-05-09T15:48:23.342+0000] {dag.py:3096} INFO - Sync 1 DAGs
[2025-05-09T15:48:23.356+0000] {logging_mixin.py:188} INFO - [2025-05-09T15:48:23.355+0000] {dag.py:3954} INFO - Setting next_dagrun for example_bash_decorator to None, run_after=None
[2025-05-09T15:48:23.383+0000] {processor.py:183} INFO - Processing /home/airflow/.local/lib/python3.10/site-packages/airflow/example_dags/example_bash_decorator.py took 0.090 seconds
[2025-05-09T15:48:54.256+0000] {processor.py:161} INFO - Started process (PID=6674) to work on /home/airflow/.local/lib/python3.10/site-packages/airflow/example_dags/example_bash_decorator.py
[2025-05-09T15:48:54.257+0000] {processor.py:830} INFO - Processing file /home/airflow/.local/lib/python3.10/site-packages/airflow/example_dags/example_bash_decorator.py for tasks to queue
[2025-05-09T15:48:54.259+0000] {logging_mixin.py:188} INFO - [2025-05-09T15:48:54.259+0000] {dagbag.py:545} INFO - Filling up the DagBag from /home/airflow/.local/lib/python3.10/site-packages/airflow/example_dags/example_bash_decorator.py
[2025-05-09T15:48:54.275+0000] {processor.py:840} INFO - DAG(s) 'example_bash_decorator' retrieved from /home/airflow/.local/lib/python3.10/site-packages/airflow/example_dags/example_bash_decorator.py
[2025-05-09T15:48:54.306+0000] {logging_mixin.py:188} INFO - [2025-05-09T15:48:54.306+0000] {dag.py:3096} INFO - Sync 1 DAGs
[2025-05-09T15:48:54.326+0000] {logging_mixin.py:188} INFO - [2025-05-09T15:48:54.326+0000] {dag.py:3954} INFO - Setting next_dagrun for example_bash_decorator to None, run_after=None
[2025-05-09T15:48:54.353+0000] {processor.py:183} INFO - Processing /home/airflow/.local/lib/python3.10/site-packages/airflow/example_dags/example_bash_decorator.py took 0.108 seconds
[2025-05-09T15:49:24.596+0000] {processor.py:161} INFO - Started process (PID=6948) to work on /home/airflow/.local/lib/python3.10/site-packages/airflow/example_dags/example_bash_decorator.py
[2025-05-09T15:49:24.598+0000] {processor.py:830} INFO - Processing file /home/airflow/.local/lib/python3.10/site-packages/airflow/example_dags/example_bash_decorator.py for tasks to queue
[2025-05-09T15:49:24.601+0000] {logging_mixin.py:188} INFO - [2025-05-09T15:49:24.601+0000] {dagbag.py:545} INFO - Filling up the DagBag from /home/airflow/.local/lib/python3.10/site-packages/airflow/example_dags/example_bash_decorator.py
[2025-05-09T15:49:24.618+0000] {processor.py:840} INFO - DAG(s) 'example_bash_decorator' retrieved from /home/airflow/.local/lib/python3.10/site-packages/airflow/example_dags/example_bash_decorator.py
[2025-05-09T15:49:24.646+0000] {logging_mixin.py:188} INFO - [2025-05-09T15:49:24.646+0000] {dag.py:3096} INFO - Sync 1 DAGs
[2025-05-09T15:49:24.660+0000] {logging_mixin.py:188} INFO - [2025-05-09T15:49:24.660+0000] {dag.py:3954} INFO - Setting next_dagrun for example_bash_decorator to None, run_after=None
[2025-05-09T15:49:24.682+0000] {processor.py:183} INFO - Processing /home/airflow/.local/lib/python3.10/site-packages/airflow/example_dags/example_bash_decorator.py took 0.096 seconds
[2025-05-09T15:49:54.873+0000] {processor.py:161} INFO - Started process (PID=7210) to work on /home/airflow/.local/lib/python3.10/site-packages/airflow/example_dags/example_bash_decorator.py
[2025-05-09T15:49:54.875+0000] {processor.py:830} INFO - Processing file /home/airflow/.local/lib/python3.10/site-packages/airflow/example_dags/example_bash_decorator.py for tasks to queue
[2025-05-09T15:49:54.878+0000] {logging_mixin.py:188} INFO - [2025-05-09T15:49:54.877+0000] {dagbag.py:545} INFO - Filling up the DagBag from /home/airflow/.local/lib/python3.10/site-packages/airflow/example_dags/example_bash_decorator.py
[2025-05-09T15:49:54.893+0000] {processor.py:840} INFO - DAG(s) 'example_bash_decorator' retrieved from /home/airflow/.local/lib/python3.10/site-packages/airflow/example_dags/example_bash_decorator.py
[2025-05-09T15:49:54.922+0000] {logging_mixin.py:188} INFO - [2025-05-09T15:49:54.922+0000] {dag.py:3096} INFO - Sync 1 DAGs
[2025-05-09T15:49:54.936+0000] {logging_mixin.py:188} INFO - [2025-05-09T15:49:54.935+0000] {dag.py:3954} INFO - Setting next_dagrun for example_bash_decorator to None, run_after=None
[2025-05-09T15:49:54.962+0000] {processor.py:183} INFO - Processing /home/airflow/.local/lib/python3.10/site-packages/airflow/example_dags/example_bash_decorator.py took 0.096 seconds
[2025-05-09T15:50:25.092+0000] {processor.py:161} INFO - Started process (PID=7476) to work on /home/airflow/.local/lib/python3.10/site-packages/airflow/example_dags/example_bash_decorator.py
[2025-05-09T15:50:25.093+0000] {processor.py:830} INFO - Processing file /home/airflow/.local/lib/python3.10/site-packages/airflow/example_dags/example_bash_decorator.py for tasks to queue
[2025-05-09T15:50:25.095+0000] {logging_mixin.py:188} INFO - [2025-05-09T15:50:25.095+0000] {dagbag.py:545} INFO - Filling up the DagBag from /home/airflow/.local/lib/python3.10/site-packages/airflow/example_dags/example_bash_decorator.py
[2025-05-09T15:50:25.111+0000] {processor.py:840} INFO - DAG(s) 'example_bash_decorator' retrieved from /home/airflow/.local/lib/python3.10/site-packages/airflow/example_dags/example_bash_decorator.py
[2025-05-09T15:50:25.138+0000] {logging_mixin.py:188} INFO - [2025-05-09T15:50:25.137+0000] {dag.py:3096} INFO - Sync 1 DAGs
[2025-05-09T15:50:25.153+0000] {logging_mixin.py:188} INFO - [2025-05-09T15:50:25.152+0000] {dag.py:3954} INFO - Setting next_dagrun for example_bash_decorator to None, run_after=None
[2025-05-09T15:50:25.187+0000] {processor.py:183} INFO - Processing /home/airflow/.local/lib/python3.10/site-packages/airflow/example_dags/example_bash_decorator.py took 0.101 seconds
[2025-05-09T15:50:55.447+0000] {processor.py:161} INFO - Started process (PID=7738) to work on /home/airflow/.local/lib/python3.10/site-packages/airflow/example_dags/example_bash_decorator.py
[2025-05-09T15:50:55.448+0000] {processor.py:830} INFO - Processing file /home/airflow/.local/lib/python3.10/site-packages/airflow/example_dags/example_bash_decorator.py for tasks to queue
[2025-05-09T15:50:55.450+0000] {logging_mixin.py:188} INFO - [2025-05-09T15:50:55.450+0000] {dagbag.py:545} INFO - Filling up the DagBag from /home/airflow/.local/lib/python3.10/site-packages/airflow/example_dags/example_bash_decorator.py
[2025-05-09T15:50:55.480+0000] {processor.py:840} INFO - DAG(s) 'example_bash_decorator' retrieved from /home/airflow/.local/lib/python3.10/site-packages/airflow/example_dags/example_bash_decorator.py
[2025-05-09T15:50:55.509+0000] {logging_mixin.py:188} INFO - [2025-05-09T15:50:55.508+0000] {dag.py:3096} INFO - Sync 1 DAGs
[2025-05-09T15:50:55.524+0000] {logging_mixin.py:188} INFO - [2025-05-09T15:50:55.523+0000] {dag.py:3954} INFO - Setting next_dagrun for example_bash_decorator to None, run_after=None
[2025-05-09T15:50:55.547+0000] {processor.py:183} INFO - Processing /home/airflow/.local/lib/python3.10/site-packages/airflow/example_dags/example_bash_decorator.py took 0.111 seconds
[2025-05-09T15:51:25.891+0000] {processor.py:161} INFO - Started process (PID=8011) to work on /home/airflow/.local/lib/python3.10/site-packages/airflow/example_dags/example_bash_decorator.py
[2025-05-09T15:51:25.893+0000] {processor.py:830} INFO - Processing file /home/airflow/.local/lib/python3.10/site-packages/airflow/example_dags/example_bash_decorator.py for tasks to queue
[2025-05-09T15:51:25.895+0000] {logging_mixin.py:188} INFO - [2025-05-09T15:51:25.895+0000] {dagbag.py:545} INFO - Filling up the DagBag from /home/airflow/.local/lib/python3.10/site-packages/airflow/example_dags/example_bash_decorator.py
[2025-05-09T15:51:25.908+0000] {processor.py:840} INFO - DAG(s) 'example_bash_decorator' retrieved from /home/airflow/.local/lib/python3.10/site-packages/airflow/example_dags/example_bash_decorator.py
[2025-05-09T15:51:25.933+0000] {logging_mixin.py:188} INFO - [2025-05-09T15:51:25.933+0000] {dag.py:3096} INFO - Sync 1 DAGs
[2025-05-09T15:51:25.944+0000] {logging_mixin.py:188} INFO - [2025-05-09T15:51:25.943+0000] {dag.py:3954} INFO - Setting next_dagrun for example_bash_decorator to None, run_after=None
[2025-05-09T15:51:25.961+0000] {processor.py:183} INFO - Processing /home/airflow/.local/lib/python3.10/site-packages/airflow/example_dags/example_bash_decorator.py took 0.077 seconds
[2025-05-09T15:51:56.368+0000] {processor.py:161} INFO - Started process (PID=8271) to work on /home/airflow/.local/lib/python3.10/site-packages/airflow/example_dags/example_bash_decorator.py
[2025-05-09T15:51:56.369+0000] {processor.py:830} INFO - Processing file /home/airflow/.local/lib/python3.10/site-packages/airflow/example_dags/example_bash_decorator.py for tasks to queue
[2025-05-09T15:51:56.371+0000] {logging_mixin.py:188} INFO - [2025-05-09T15:51:56.371+0000] {dagbag.py:545} INFO - Filling up the DagBag from /home/airflow/.local/lib/python3.10/site-packages/airflow/example_dags/example_bash_decorator.py
[2025-05-09T15:51:56.386+0000] {processor.py:840} INFO - DAG(s) 'example_bash_decorator' retrieved from /home/airflow/.local/lib/python3.10/site-packages/airflow/example_dags/example_bash_decorator.py
[2025-05-09T15:51:56.410+0000] {logging_mixin.py:188} INFO - [2025-05-09T15:51:56.410+0000] {dag.py:3096} INFO - Sync 1 DAGs
[2025-05-09T15:51:56.422+0000] {logging_mixin.py:188} INFO - [2025-05-09T15:51:56.422+0000] {dag.py:3954} INFO - Setting next_dagrun for example_bash_decorator to None, run_after=None
[2025-05-09T15:51:56.445+0000] {processor.py:183} INFO - Processing /home/airflow/.local/lib/python3.10/site-packages/airflow/example_dags/example_bash_decorator.py took 0.083 seconds
[2025-05-09T15:52:27.277+0000] {processor.py:161} INFO - Started process (PID=8541) to work on /home/airflow/.local/lib/python3.10/site-packages/airflow/example_dags/example_bash_decorator.py
[2025-05-09T15:52:27.279+0000] {processor.py:830} INFO - Processing file /home/airflow/.local/lib/python3.10/site-packages/airflow/example_dags/example_bash_decorator.py for tasks to queue
[2025-05-09T15:52:27.281+0000] {logging_mixin.py:188} INFO - [2025-05-09T15:52:27.281+0000] {dagbag.py:545} INFO - Filling up the DagBag from /home/airflow/.local/lib/python3.10/site-packages/airflow/example_dags/example_bash_decorator.py
[2025-05-09T15:52:27.298+0000] {processor.py:840} INFO - DAG(s) 'example_bash_decorator' retrieved from /home/airflow/.local/lib/python3.10/site-packages/airflow/example_dags/example_bash_decorator.py
[2025-05-09T15:52:27.326+0000] {logging_mixin.py:188} INFO - [2025-05-09T15:52:27.326+0000] {dag.py:3096} INFO - Sync 1 DAGs
[2025-05-09T15:52:27.338+0000] {logging_mixin.py:188} INFO - [2025-05-09T15:52:27.338+0000] {dag.py:3954} INFO - Setting next_dagrun for example_bash_decorator to None, run_after=None
[2025-05-09T15:52:27.364+0000] {processor.py:183} INFO - Processing /home/airflow/.local/lib/python3.10/site-packages/airflow/example_dags/example_bash_decorator.py took 0.096 seconds
[2025-05-09T15:52:57.482+0000] {processor.py:161} INFO - Started process (PID=8803) to work on /home/airflow/.local/lib/python3.10/site-packages/airflow/example_dags/example_bash_decorator.py
[2025-05-09T15:52:57.484+0000] {processor.py:830} INFO - Processing file /home/airflow/.local/lib/python3.10/site-packages/airflow/example_dags/example_bash_decorator.py for tasks to queue
[2025-05-09T15:52:57.487+0000] {logging_mixin.py:188} INFO - [2025-05-09T15:52:57.487+0000] {dagbag.py:545} INFO - Filling up the DagBag from /home/airflow/.local/lib/python3.10/site-packages/airflow/example_dags/example_bash_decorator.py
[2025-05-09T15:52:57.502+0000] {processor.py:840} INFO - DAG(s) 'example_bash_decorator' retrieved from /home/airflow/.local/lib/python3.10/site-packages/airflow/example_dags/example_bash_decorator.py
[2025-05-09T15:52:57.529+0000] {logging_mixin.py:188} INFO - [2025-05-09T15:52:57.529+0000] {dag.py:3096} INFO - Sync 1 DAGs
[2025-05-09T15:52:57.542+0000] {logging_mixin.py:188} INFO - [2025-05-09T15:52:57.542+0000] {dag.py:3954} INFO - Setting next_dagrun for example_bash_decorator to None, run_after=None
[2025-05-09T15:52:57.565+0000] {processor.py:183} INFO - Processing /home/airflow/.local/lib/python3.10/site-packages/airflow/example_dags/example_bash_decorator.py took 0.089 seconds
[2025-05-09T15:53:28.122+0000] {processor.py:161} INFO - Started process (PID=9074) to work on /home/airflow/.local/lib/python3.10/site-packages/airflow/example_dags/example_bash_decorator.py
[2025-05-09T15:53:28.124+0000] {processor.py:830} INFO - Processing file /home/airflow/.local/lib/python3.10/site-packages/airflow/example_dags/example_bash_decorator.py for tasks to queue
[2025-05-09T15:53:28.129+0000] {logging_mixin.py:188} INFO - [2025-05-09T15:53:28.129+0000] {dagbag.py:545} INFO - Filling up the DagBag from /home/airflow/.local/lib/python3.10/site-packages/airflow/example_dags/example_bash_decorator.py
[2025-05-09T15:53:28.148+0000] {processor.py:840} INFO - DAG(s) 'example_bash_decorator' retrieved from /home/airflow/.local/lib/python3.10/site-packages/airflow/example_dags/example_bash_decorator.py
[2025-05-09T15:53:28.190+0000] {logging_mixin.py:188} INFO - [2025-05-09T15:53:28.190+0000] {dag.py:3096} INFO - Sync 1 DAGs
[2025-05-09T15:53:28.208+0000] {logging_mixin.py:188} INFO - [2025-05-09T15:53:28.207+0000] {dag.py:3954} INFO - Setting next_dagrun for example_bash_decorator to None, run_after=None
[2025-05-09T15:53:28.231+0000] {processor.py:183} INFO - Processing /home/airflow/.local/lib/python3.10/site-packages/airflow/example_dags/example_bash_decorator.py took 0.120 seconds
[2025-05-09T15:53:58.324+0000] {processor.py:161} INFO - Started process (PID=9346) to work on /home/airflow/.local/lib/python3.10/site-packages/airflow/example_dags/example_bash_decorator.py
[2025-05-09T15:53:58.325+0000] {processor.py:830} INFO - Processing file /home/airflow/.local/lib/python3.10/site-packages/airflow/example_dags/example_bash_decorator.py for tasks to queue
[2025-05-09T15:53:58.329+0000] {logging_mixin.py:188} INFO - [2025-05-09T15:53:58.328+0000] {dagbag.py:545} INFO - Filling up the DagBag from /home/airflow/.local/lib/python3.10/site-packages/airflow/example_dags/example_bash_decorator.py
[2025-05-09T15:53:58.344+0000] {processor.py:840} INFO - DAG(s) 'example_bash_decorator' retrieved from /home/airflow/.local/lib/python3.10/site-packages/airflow/example_dags/example_bash_decorator.py
[2025-05-09T15:53:58.372+0000] {logging_mixin.py:188} INFO - [2025-05-09T15:53:58.372+0000] {dag.py:3096} INFO - Sync 1 DAGs
[2025-05-09T15:53:58.388+0000] {logging_mixin.py:188} INFO - [2025-05-09T15:53:58.388+0000] {dag.py:3954} INFO - Setting next_dagrun for example_bash_decorator to None, run_after=None
[2025-05-09T15:53:58.413+0000] {processor.py:183} INFO - Processing /home/airflow/.local/lib/python3.10/site-packages/airflow/example_dags/example_bash_decorator.py took 0.095 seconds
[2025-05-09T15:54:29.177+0000] {processor.py:161} INFO - Started process (PID=9622) to work on /home/airflow/.local/lib/python3.10/site-packages/airflow/example_dags/example_bash_decorator.py
[2025-05-09T15:54:29.179+0000] {processor.py:830} INFO - Processing file /home/airflow/.local/lib/python3.10/site-packages/airflow/example_dags/example_bash_decorator.py for tasks to queue
[2025-05-09T15:54:29.181+0000] {logging_mixin.py:188} INFO - [2025-05-09T15:54:29.181+0000] {dagbag.py:545} INFO - Filling up the DagBag from /home/airflow/.local/lib/python3.10/site-packages/airflow/example_dags/example_bash_decorator.py
[2025-05-09T15:54:29.194+0000] {processor.py:840} INFO - DAG(s) 'example_bash_decorator' retrieved from /home/airflow/.local/lib/python3.10/site-packages/airflow/example_dags/example_bash_decorator.py
[2025-05-09T15:54:29.221+0000] {logging_mixin.py:188} INFO - [2025-05-09T15:54:29.220+0000] {dag.py:3096} INFO - Sync 1 DAGs
[2025-05-09T15:54:29.235+0000] {logging_mixin.py:188} INFO - [2025-05-09T15:54:29.235+0000] {dag.py:3954} INFO - Setting next_dagrun for example_bash_decorator to None, run_after=None
[2025-05-09T15:54:29.265+0000] {processor.py:183} INFO - Processing /home/airflow/.local/lib/python3.10/site-packages/airflow/example_dags/example_bash_decorator.py took 0.095 seconds
[2025-05-09T15:54:59.687+0000] {processor.py:161} INFO - Started process (PID=9882) to work on /home/airflow/.local/lib/python3.10/site-packages/airflow/example_dags/example_bash_decorator.py
[2025-05-09T15:54:59.689+0000] {processor.py:830} INFO - Processing file /home/airflow/.local/lib/python3.10/site-packages/airflow/example_dags/example_bash_decorator.py for tasks to queue
[2025-05-09T15:54:59.691+0000] {logging_mixin.py:188} INFO - [2025-05-09T15:54:59.691+0000] {dagbag.py:545} INFO - Filling up the DagBag from /home/airflow/.local/lib/python3.10/site-packages/airflow/example_dags/example_bash_decorator.py
[2025-05-09T15:54:59.704+0000] {processor.py:840} INFO - DAG(s) 'example_bash_decorator' retrieved from /home/airflow/.local/lib/python3.10/site-packages/airflow/example_dags/example_bash_decorator.py
[2025-05-09T15:54:59.726+0000] {logging_mixin.py:188} INFO - [2025-05-09T15:54:59.726+0000] {dag.py:3096} INFO - Sync 1 DAGs
[2025-05-09T15:54:59.739+0000] {logging_mixin.py:188} INFO - [2025-05-09T15:54:59.739+0000] {dag.py:3954} INFO - Setting next_dagrun for example_bash_decorator to None, run_after=None
[2025-05-09T15:54:59.760+0000] {processor.py:183} INFO - Processing /home/airflow/.local/lib/python3.10/site-packages/airflow/example_dags/example_bash_decorator.py took 0.078 seconds
[2025-05-09T15:55:29.853+0000] {processor.py:161} INFO - Started process (PID=10153) to work on /home/airflow/.local/lib/python3.10/site-packages/airflow/example_dags/example_bash_decorator.py
[2025-05-09T15:55:29.854+0000] {processor.py:830} INFO - Processing file /home/airflow/.local/lib/python3.10/site-packages/airflow/example_dags/example_bash_decorator.py for tasks to queue
[2025-05-09T15:55:29.856+0000] {logging_mixin.py:188} INFO - [2025-05-09T15:55:29.856+0000] {dagbag.py:545} INFO - Filling up the DagBag from /home/airflow/.local/lib/python3.10/site-packages/airflow/example_dags/example_bash_decorator.py
[2025-05-09T15:55:29.870+0000] {processor.py:840} INFO - DAG(s) 'example_bash_decorator' retrieved from /home/airflow/.local/lib/python3.10/site-packages/airflow/example_dags/example_bash_decorator.py
[2025-05-09T15:55:29.893+0000] {logging_mixin.py:188} INFO - [2025-05-09T15:55:29.893+0000] {dag.py:3096} INFO - Sync 1 DAGs
[2025-05-09T15:55:29.905+0000] {logging_mixin.py:188} INFO - [2025-05-09T15:55:29.905+0000] {dag.py:3954} INFO - Setting next_dagrun for example_bash_decorator to None, run_after=None
[2025-05-09T15:55:29.930+0000] {processor.py:183} INFO - Processing /home/airflow/.local/lib/python3.10/site-packages/airflow/example_dags/example_bash_decorator.py took 0.083 seconds
[2025-05-09T15:56:00.409+0000] {processor.py:161} INFO - Started process (PID=10417) to work on /home/airflow/.local/lib/python3.10/site-packages/airflow/example_dags/example_bash_decorator.py
[2025-05-09T15:56:00.411+0000] {processor.py:830} INFO - Processing file /home/airflow/.local/lib/python3.10/site-packages/airflow/example_dags/example_bash_decorator.py for tasks to queue
[2025-05-09T15:56:00.419+0000] {logging_mixin.py:188} INFO - [2025-05-09T15:56:00.418+0000] {dagbag.py:545} INFO - Filling up the DagBag from /home/airflow/.local/lib/python3.10/site-packages/airflow/example_dags/example_bash_decorator.py
[2025-05-09T15:56:00.434+0000] {processor.py:840} INFO - DAG(s) 'example_bash_decorator' retrieved from /home/airflow/.local/lib/python3.10/site-packages/airflow/example_dags/example_bash_decorator.py
[2025-05-09T15:56:00.467+0000] {logging_mixin.py:188} INFO - [2025-05-09T15:56:00.466+0000] {dag.py:3096} INFO - Sync 1 DAGs
[2025-05-09T15:56:00.489+0000] {logging_mixin.py:188} INFO - [2025-05-09T15:56:00.489+0000] {dag.py:3954} INFO - Setting next_dagrun for example_bash_decorator to None, run_after=None
[2025-05-09T15:56:00.525+0000] {processor.py:183} INFO - Processing /home/airflow/.local/lib/python3.10/site-packages/airflow/example_dags/example_bash_decorator.py took 0.126 seconds
[2025-05-09T15:56:30.756+0000] {processor.py:161} INFO - Started process (PID=10688) to work on /home/airflow/.local/lib/python3.10/site-packages/airflow/example_dags/example_bash_decorator.py
[2025-05-09T15:56:30.757+0000] {processor.py:830} INFO - Processing file /home/airflow/.local/lib/python3.10/site-packages/airflow/example_dags/example_bash_decorator.py for tasks to queue
[2025-05-09T15:56:30.759+0000] {logging_mixin.py:188} INFO - [2025-05-09T15:56:30.759+0000] {dagbag.py:545} INFO - Filling up the DagBag from /home/airflow/.local/lib/python3.10/site-packages/airflow/example_dags/example_bash_decorator.py
[2025-05-09T15:56:30.771+0000] {processor.py:840} INFO - DAG(s) 'example_bash_decorator' retrieved from /home/airflow/.local/lib/python3.10/site-packages/airflow/example_dags/example_bash_decorator.py
[2025-05-09T15:56:30.792+0000] {logging_mixin.py:188} INFO - [2025-05-09T15:56:30.792+0000] {dag.py:3096} INFO - Sync 1 DAGs
[2025-05-09T15:56:30.805+0000] {logging_mixin.py:188} INFO - [2025-05-09T15:56:30.805+0000] {dag.py:3954} INFO - Setting next_dagrun for example_bash_decorator to None, run_after=None
[2025-05-09T15:56:30.836+0000] {processor.py:183} INFO - Processing /home/airflow/.local/lib/python3.10/site-packages/airflow/example_dags/example_bash_decorator.py took 0.086 seconds
[2025-05-09T15:57:00.980+0000] {processor.py:161} INFO - Started process (PID=10952) to work on /home/airflow/.local/lib/python3.10/site-packages/airflow/example_dags/example_bash_decorator.py
[2025-05-09T15:57:00.981+0000] {processor.py:830} INFO - Processing file /home/airflow/.local/lib/python3.10/site-packages/airflow/example_dags/example_bash_decorator.py for tasks to queue
[2025-05-09T15:57:00.984+0000] {logging_mixin.py:188} INFO - [2025-05-09T15:57:00.984+0000] {dagbag.py:545} INFO - Filling up the DagBag from /home/airflow/.local/lib/python3.10/site-packages/airflow/example_dags/example_bash_decorator.py
[2025-05-09T15:57:00.998+0000] {processor.py:840} INFO - DAG(s) 'example_bash_decorator' retrieved from /home/airflow/.local/lib/python3.10/site-packages/airflow/example_dags/example_bash_decorator.py
[2025-05-09T15:57:01.030+0000] {logging_mixin.py:188} INFO - [2025-05-09T15:57:01.030+0000] {dag.py:3096} INFO - Sync 1 DAGs
[2025-05-09T15:57:01.045+0000] {logging_mixin.py:188} INFO - [2025-05-09T15:57:01.045+0000] {dag.py:3954} INFO - Setting next_dagrun for example_bash_decorator to None, run_after=None
[2025-05-09T15:57:01.068+0000] {processor.py:183} INFO - Processing /home/airflow/.local/lib/python3.10/site-packages/airflow/example_dags/example_bash_decorator.py took 0.096 seconds
[2025-05-09T15:57:31.225+0000] {processor.py:161} INFO - Started process (PID=11221) to work on /home/airflow/.local/lib/python3.10/site-packages/airflow/example_dags/example_bash_decorator.py
[2025-05-09T15:57:31.227+0000] {processor.py:830} INFO - Processing file /home/airflow/.local/lib/python3.10/site-packages/airflow/example_dags/example_bash_decorator.py for tasks to queue
[2025-05-09T15:57:31.229+0000] {logging_mixin.py:188} INFO - [2025-05-09T15:57:31.228+0000] {dagbag.py:545} INFO - Filling up the DagBag from /home/airflow/.local/lib/python3.10/site-packages/airflow/example_dags/example_bash_decorator.py
[2025-05-09T15:57:31.240+0000] {processor.py:840} INFO - DAG(s) 'example_bash_decorator' retrieved from /home/airflow/.local/lib/python3.10/site-packages/airflow/example_dags/example_bash_decorator.py
[2025-05-09T15:57:31.260+0000] {logging_mixin.py:188} INFO - [2025-05-09T15:57:31.260+0000] {dag.py:3096} INFO - Sync 1 DAGs
[2025-05-09T15:57:31.271+0000] {logging_mixin.py:188} INFO - [2025-05-09T15:57:31.271+0000] {dag.py:3954} INFO - Setting next_dagrun for example_bash_decorator to None, run_after=None
[2025-05-09T15:57:31.287+0000] {processor.py:183} INFO - Processing /home/airflow/.local/lib/python3.10/site-packages/airflow/example_dags/example_bash_decorator.py took 0.068 seconds
[2025-05-09T15:58:01.915+0000] {processor.py:161} INFO - Started process (PID=11484) to work on /home/airflow/.local/lib/python3.10/site-packages/airflow/example_dags/example_bash_decorator.py
[2025-05-09T15:58:01.917+0000] {processor.py:830} INFO - Processing file /home/airflow/.local/lib/python3.10/site-packages/airflow/example_dags/example_bash_decorator.py for tasks to queue
[2025-05-09T15:58:01.920+0000] {logging_mixin.py:188} INFO - [2025-05-09T15:58:01.920+0000] {dagbag.py:545} INFO - Filling up the DagBag from /home/airflow/.local/lib/python3.10/site-packages/airflow/example_dags/example_bash_decorator.py
[2025-05-09T15:58:01.940+0000] {processor.py:840} INFO - DAG(s) 'example_bash_decorator' retrieved from /home/airflow/.local/lib/python3.10/site-packages/airflow/example_dags/example_bash_decorator.py
[2025-05-09T15:58:01.975+0000] {logging_mixin.py:188} INFO - [2025-05-09T15:58:01.975+0000] {dag.py:3096} INFO - Sync 1 DAGs
[2025-05-09T15:58:01.991+0000] {logging_mixin.py:188} INFO - [2025-05-09T15:58:01.991+0000] {dag.py:3954} INFO - Setting next_dagrun for example_bash_decorator to None, run_after=None
[2025-05-09T15:58:02.015+0000] {processor.py:183} INFO - Processing /home/airflow/.local/lib/python3.10/site-packages/airflow/example_dags/example_bash_decorator.py took 0.109 seconds
[2025-05-09T15:58:32.251+0000] {processor.py:161} INFO - Started process (PID=11752) to work on /home/airflow/.local/lib/python3.10/site-packages/airflow/example_dags/example_bash_decorator.py
[2025-05-09T15:58:32.252+0000] {processor.py:830} INFO - Processing file /home/airflow/.local/lib/python3.10/site-packages/airflow/example_dags/example_bash_decorator.py for tasks to queue
[2025-05-09T15:58:32.254+0000] {logging_mixin.py:188} INFO - [2025-05-09T15:58:32.254+0000] {dagbag.py:545} INFO - Filling up the DagBag from /home/airflow/.local/lib/python3.10/site-packages/airflow/example_dags/example_bash_decorator.py
[2025-05-09T15:58:32.268+0000] {processor.py:840} INFO - DAG(s) 'example_bash_decorator' retrieved from /home/airflow/.local/lib/python3.10/site-packages/airflow/example_dags/example_bash_decorator.py
[2025-05-09T15:58:32.293+0000] {logging_mixin.py:188} INFO - [2025-05-09T15:58:32.293+0000] {dag.py:3096} INFO - Sync 1 DAGs
[2025-05-09T15:58:32.304+0000] {logging_mixin.py:188} INFO - [2025-05-09T15:58:32.304+0000] {dag.py:3954} INFO - Setting next_dagrun for example_bash_decorator to None, run_after=None
[2025-05-09T15:58:32.327+0000] {processor.py:183} INFO - Processing /home/airflow/.local/lib/python3.10/site-packages/airflow/example_dags/example_bash_decorator.py took 0.083 seconds
[2025-05-09T15:59:03.102+0000] {processor.py:161} INFO - Started process (PID=12019) to work on /home/airflow/.local/lib/python3.10/site-packages/airflow/example_dags/example_bash_decorator.py
[2025-05-09T15:59:03.104+0000] {processor.py:830} INFO - Processing file /home/airflow/.local/lib/python3.10/site-packages/airflow/example_dags/example_bash_decorator.py for tasks to queue
[2025-05-09T15:59:03.106+0000] {logging_mixin.py:188} INFO - [2025-05-09T15:59:03.106+0000] {dagbag.py:545} INFO - Filling up the DagBag from /home/airflow/.local/lib/python3.10/site-packages/airflow/example_dags/example_bash_decorator.py
[2025-05-09T15:59:03.119+0000] {processor.py:840} INFO - DAG(s) 'example_bash_decorator' retrieved from /home/airflow/.local/lib/python3.10/site-packages/airflow/example_dags/example_bash_decorator.py
[2025-05-09T15:59:03.147+0000] {logging_mixin.py:188} INFO - [2025-05-09T15:59:03.147+0000] {dag.py:3096} INFO - Sync 1 DAGs
[2025-05-09T15:59:03.161+0000] {logging_mixin.py:188} INFO - [2025-05-09T15:59:03.161+0000] {dag.py:3954} INFO - Setting next_dagrun for example_bash_decorator to None, run_after=None
[2025-05-09T15:59:03.189+0000] {processor.py:183} INFO - Processing /home/airflow/.local/lib/python3.10/site-packages/airflow/example_dags/example_bash_decorator.py took 0.094 seconds
[2025-05-09T15:59:33.954+0000] {processor.py:161} INFO - Started process (PID=12287) to work on /home/airflow/.local/lib/python3.10/site-packages/airflow/example_dags/example_bash_decorator.py
[2025-05-09T15:59:33.956+0000] {processor.py:830} INFO - Processing file /home/airflow/.local/lib/python3.10/site-packages/airflow/example_dags/example_bash_decorator.py for tasks to queue
[2025-05-09T15:59:33.958+0000] {logging_mixin.py:188} INFO - [2025-05-09T15:59:33.958+0000] {dagbag.py:545} INFO - Filling up the DagBag from /home/airflow/.local/lib/python3.10/site-packages/airflow/example_dags/example_bash_decorator.py
[2025-05-09T15:59:33.972+0000] {processor.py:840} INFO - DAG(s) 'example_bash_decorator' retrieved from /home/airflow/.local/lib/python3.10/site-packages/airflow/example_dags/example_bash_decorator.py
[2025-05-09T15:59:33.994+0000] {logging_mixin.py:188} INFO - [2025-05-09T15:59:33.993+0000] {dag.py:3096} INFO - Sync 1 DAGs
[2025-05-09T15:59:34.005+0000] {logging_mixin.py:188} INFO - [2025-05-09T15:59:34.005+0000] {dag.py:3954} INFO - Setting next_dagrun for example_bash_decorator to None, run_after=None
[2025-05-09T15:59:34.025+0000] {processor.py:183} INFO - Processing /home/airflow/.local/lib/python3.10/site-packages/airflow/example_dags/example_bash_decorator.py took 0.078 seconds
[2025-05-09T16:00:04.871+0000] {processor.py:161} INFO - Started process (PID=12576) to work on /home/airflow/.local/lib/python3.10/site-packages/airflow/example_dags/example_bash_decorator.py
[2025-05-09T16:00:04.873+0000] {processor.py:830} INFO - Processing file /home/airflow/.local/lib/python3.10/site-packages/airflow/example_dags/example_bash_decorator.py for tasks to queue
[2025-05-09T16:00:04.878+0000] {logging_mixin.py:188} INFO - [2025-05-09T16:00:04.877+0000] {dagbag.py:545} INFO - Filling up the DagBag from /home/airflow/.local/lib/python3.10/site-packages/airflow/example_dags/example_bash_decorator.py
[2025-05-09T16:00:04.899+0000] {processor.py:840} INFO - DAG(s) 'example_bash_decorator' retrieved from /home/airflow/.local/lib/python3.10/site-packages/airflow/example_dags/example_bash_decorator.py
[2025-05-09T16:00:04.943+0000] {logging_mixin.py:188} INFO - [2025-05-09T16:00:04.943+0000] {dag.py:3096} INFO - Sync 1 DAGs
[2025-05-09T16:00:04.968+0000] {logging_mixin.py:188} INFO - [2025-05-09T16:00:04.968+0000] {dag.py:3954} INFO - Setting next_dagrun for example_bash_decorator to None, run_after=None
[2025-05-09T16:00:05.007+0000] {processor.py:183} INFO - Processing /home/airflow/.local/lib/python3.10/site-packages/airflow/example_dags/example_bash_decorator.py took 0.149 seconds
[2025-05-09T16:00:35.794+0000] {processor.py:161} INFO - Started process (PID=12872) to work on /home/airflow/.local/lib/python3.10/site-packages/airflow/example_dags/example_bash_decorator.py
[2025-05-09T16:00:35.796+0000] {processor.py:830} INFO - Processing file /home/airflow/.local/lib/python3.10/site-packages/airflow/example_dags/example_bash_decorator.py for tasks to queue
[2025-05-09T16:00:35.800+0000] {logging_mixin.py:188} INFO - [2025-05-09T16:00:35.799+0000] {dagbag.py:545} INFO - Filling up the DagBag from /home/airflow/.local/lib/python3.10/site-packages/airflow/example_dags/example_bash_decorator.py
[2025-05-09T16:00:35.821+0000] {processor.py:840} INFO - DAG(s) 'example_bash_decorator' retrieved from /home/airflow/.local/lib/python3.10/site-packages/airflow/example_dags/example_bash_decorator.py
[2025-05-09T16:00:35.847+0000] {logging_mixin.py:188} INFO - [2025-05-09T16:00:35.847+0000] {dag.py:3096} INFO - Sync 1 DAGs
[2025-05-09T16:00:35.863+0000] {logging_mixin.py:188} INFO - [2025-05-09T16:00:35.863+0000] {dag.py:3954} INFO - Setting next_dagrun for example_bash_decorator to None, run_after=None
[2025-05-09T16:00:35.888+0000] {processor.py:183} INFO - Processing /home/airflow/.local/lib/python3.10/site-packages/airflow/example_dags/example_bash_decorator.py took 0.104 seconds
[2025-05-09T16:01:06.194+0000] {processor.py:161} INFO - Started process (PID=13160) to work on /home/airflow/.local/lib/python3.10/site-packages/airflow/example_dags/example_bash_decorator.py
[2025-05-09T16:01:06.195+0000] {processor.py:830} INFO - Processing file /home/airflow/.local/lib/python3.10/site-packages/airflow/example_dags/example_bash_decorator.py for tasks to queue
[2025-05-09T16:01:06.197+0000] {logging_mixin.py:188} INFO - [2025-05-09T16:01:06.197+0000] {dagbag.py:545} INFO - Filling up the DagBag from /home/airflow/.local/lib/python3.10/site-packages/airflow/example_dags/example_bash_decorator.py
[2025-05-09T16:01:06.209+0000] {processor.py:840} INFO - DAG(s) 'example_bash_decorator' retrieved from /home/airflow/.local/lib/python3.10/site-packages/airflow/example_dags/example_bash_decorator.py
[2025-05-09T16:01:06.236+0000] {logging_mixin.py:188} INFO - [2025-05-09T16:01:06.236+0000] {dag.py:3096} INFO - Sync 1 DAGs
[2025-05-09T16:01:06.250+0000] {logging_mixin.py:188} INFO - [2025-05-09T16:01:06.249+0000] {dag.py:3954} INFO - Setting next_dagrun for example_bash_decorator to None, run_after=None
[2025-05-09T16:01:06.270+0000] {processor.py:183} INFO - Processing /home/airflow/.local/lib/python3.10/site-packages/airflow/example_dags/example_bash_decorator.py took 0.081 seconds
[2025-05-09T16:01:36.361+0000] {processor.py:161} INFO - Started process (PID=13425) to work on /home/airflow/.local/lib/python3.10/site-packages/airflow/example_dags/example_bash_decorator.py
[2025-05-09T16:01:36.363+0000] {processor.py:830} INFO - Processing file /home/airflow/.local/lib/python3.10/site-packages/airflow/example_dags/example_bash_decorator.py for tasks to queue
[2025-05-09T16:01:36.364+0000] {logging_mixin.py:188} INFO - [2025-05-09T16:01:36.363+0000] {dagbag.py:545} INFO - Filling up the DagBag from /home/airflow/.local/lib/python3.10/site-packages/airflow/example_dags/example_bash_decorator.py
[2025-05-09T16:01:36.376+0000] {processor.py:840} INFO - DAG(s) 'example_bash_decorator' retrieved from /home/airflow/.local/lib/python3.10/site-packages/airflow/example_dags/example_bash_decorator.py
[2025-05-09T16:01:36.406+0000] {logging_mixin.py:188} INFO - [2025-05-09T16:01:36.406+0000] {dag.py:3096} INFO - Sync 1 DAGs
[2025-05-09T16:01:36.418+0000] {logging_mixin.py:188} INFO - [2025-05-09T16:01:36.418+0000] {dag.py:3954} INFO - Setting next_dagrun for example_bash_decorator to None, run_after=None
[2025-05-09T16:01:36.444+0000] {processor.py:183} INFO - Processing /home/airflow/.local/lib/python3.10/site-packages/airflow/example_dags/example_bash_decorator.py took 0.089 seconds
[2025-05-09T16:02:06.724+0000] {processor.py:161} INFO - Started process (PID=13733) to work on /home/airflow/.local/lib/python3.10/site-packages/airflow/example_dags/example_bash_decorator.py
[2025-05-09T16:02:06.725+0000] {processor.py:830} INFO - Processing file /home/airflow/.local/lib/python3.10/site-packages/airflow/example_dags/example_bash_decorator.py for tasks to queue
[2025-05-09T16:02:06.727+0000] {logging_mixin.py:188} INFO - [2025-05-09T16:02:06.727+0000] {dagbag.py:545} INFO - Filling up the DagBag from /home/airflow/.local/lib/python3.10/site-packages/airflow/example_dags/example_bash_decorator.py
[2025-05-09T16:02:06.738+0000] {processor.py:840} INFO - DAG(s) 'example_bash_decorator' retrieved from /home/airflow/.local/lib/python3.10/site-packages/airflow/example_dags/example_bash_decorator.py
[2025-05-09T16:02:06.759+0000] {logging_mixin.py:188} INFO - [2025-05-09T16:02:06.759+0000] {dag.py:3096} INFO - Sync 1 DAGs
[2025-05-09T16:02:06.769+0000] {logging_mixin.py:188} INFO - [2025-05-09T16:02:06.769+0000] {dag.py:3954} INFO - Setting next_dagrun for example_bash_decorator to None, run_after=None
[2025-05-09T16:02:06.786+0000] {processor.py:183} INFO - Processing /home/airflow/.local/lib/python3.10/site-packages/airflow/example_dags/example_bash_decorator.py took 0.068 seconds
[2025-05-09T16:02:37.009+0000] {processor.py:161} INFO - Started process (PID=14011) to work on /home/airflow/.local/lib/python3.10/site-packages/airflow/example_dags/example_bash_decorator.py
[2025-05-09T16:02:37.011+0000] {processor.py:830} INFO - Processing file /home/airflow/.local/lib/python3.10/site-packages/airflow/example_dags/example_bash_decorator.py for tasks to queue
[2025-05-09T16:02:37.012+0000] {logging_mixin.py:188} INFO - [2025-05-09T16:02:37.012+0000] {dagbag.py:545} INFO - Filling up the DagBag from /home/airflow/.local/lib/python3.10/site-packages/airflow/example_dags/example_bash_decorator.py
[2025-05-09T16:02:37.026+0000] {processor.py:840} INFO - DAG(s) 'example_bash_decorator' retrieved from /home/airflow/.local/lib/python3.10/site-packages/airflow/example_dags/example_bash_decorator.py
[2025-05-09T16:02:37.054+0000] {logging_mixin.py:188} INFO - [2025-05-09T16:02:37.054+0000] {dag.py:3096} INFO - Sync 1 DAGs
[2025-05-09T16:02:37.066+0000] {logging_mixin.py:188} INFO - [2025-05-09T16:02:37.066+0000] {dag.py:3954} INFO - Setting next_dagrun for example_bash_decorator to None, run_after=None
[2025-05-09T16:02:37.087+0000] {processor.py:183} INFO - Processing /home/airflow/.local/lib/python3.10/site-packages/airflow/example_dags/example_bash_decorator.py took 0.084 seconds
[2025-05-09T16:03:07.915+0000] {processor.py:161} INFO - Started process (PID=14320) to work on /home/airflow/.local/lib/python3.10/site-packages/airflow/example_dags/example_bash_decorator.py
[2025-05-09T16:03:07.917+0000] {processor.py:830} INFO - Processing file /home/airflow/.local/lib/python3.10/site-packages/airflow/example_dags/example_bash_decorator.py for tasks to queue
[2025-05-09T16:03:07.918+0000] {logging_mixin.py:188} INFO - [2025-05-09T16:03:07.918+0000] {dagbag.py:545} INFO - Filling up the DagBag from /home/airflow/.local/lib/python3.10/site-packages/airflow/example_dags/example_bash_decorator.py
[2025-05-09T16:03:07.930+0000] {processor.py:840} INFO - DAG(s) 'example_bash_decorator' retrieved from /home/airflow/.local/lib/python3.10/site-packages/airflow/example_dags/example_bash_decorator.py
[2025-05-09T16:03:07.954+0000] {logging_mixin.py:188} INFO - [2025-05-09T16:03:07.954+0000] {dag.py:3096} INFO - Sync 1 DAGs
[2025-05-09T16:03:07.967+0000] {logging_mixin.py:188} INFO - [2025-05-09T16:03:07.966+0000] {dag.py:3954} INFO - Setting next_dagrun for example_bash_decorator to None, run_after=None
[2025-05-09T16:03:07.989+0000] {processor.py:183} INFO - Processing /home/airflow/.local/lib/python3.10/site-packages/airflow/example_dags/example_bash_decorator.py took 0.079 seconds
[2025-05-09T16:03:38.971+0000] {processor.py:161} INFO - Started process (PID=14594) to work on /home/airflow/.local/lib/python3.10/site-packages/airflow/example_dags/example_bash_decorator.py
[2025-05-09T16:03:38.974+0000] {processor.py:830} INFO - Processing file /home/airflow/.local/lib/python3.10/site-packages/airflow/example_dags/example_bash_decorator.py for tasks to queue
[2025-05-09T16:03:38.976+0000] {logging_mixin.py:188} INFO - [2025-05-09T16:03:38.975+0000] {dagbag.py:545} INFO - Filling up the DagBag from /home/airflow/.local/lib/python3.10/site-packages/airflow/example_dags/example_bash_decorator.py
[2025-05-09T16:03:38.999+0000] {processor.py:840} INFO - DAG(s) 'example_bash_decorator' retrieved from /home/airflow/.local/lib/python3.10/site-packages/airflow/example_dags/example_bash_decorator.py
[2025-05-09T16:03:39.041+0000] {logging_mixin.py:188} INFO - [2025-05-09T16:03:39.041+0000] {dag.py:3096} INFO - Sync 1 DAGs
[2025-05-09T16:03:39.072+0000] {logging_mixin.py:188} INFO - [2025-05-09T16:03:39.072+0000] {dag.py:3954} INFO - Setting next_dagrun for example_bash_decorator to None, run_after=None
[2025-05-09T16:03:39.118+0000] {processor.py:183} INFO - Processing /home/airflow/.local/lib/python3.10/site-packages/airflow/example_dags/example_bash_decorator.py took 0.158 seconds
[2025-05-09T16:04:09.447+0000] {processor.py:161} INFO - Started process (PID=14856) to work on /home/airflow/.local/lib/python3.10/site-packages/airflow/example_dags/example_bash_decorator.py
[2025-05-09T16:04:09.449+0000] {processor.py:830} INFO - Processing file /home/airflow/.local/lib/python3.10/site-packages/airflow/example_dags/example_bash_decorator.py for tasks to queue
[2025-05-09T16:04:09.450+0000] {logging_mixin.py:188} INFO - [2025-05-09T16:04:09.450+0000] {dagbag.py:545} INFO - Filling up the DagBag from /home/airflow/.local/lib/python3.10/site-packages/airflow/example_dags/example_bash_decorator.py
[2025-05-09T16:04:09.465+0000] {processor.py:840} INFO - DAG(s) 'example_bash_decorator' retrieved from /home/airflow/.local/lib/python3.10/site-packages/airflow/example_dags/example_bash_decorator.py
[2025-05-09T16:04:09.494+0000] {logging_mixin.py:188} INFO - [2025-05-09T16:04:09.494+0000] {dag.py:3096} INFO - Sync 1 DAGs
[2025-05-09T16:04:09.507+0000] {logging_mixin.py:188} INFO - [2025-05-09T16:04:09.507+0000] {dag.py:3954} INFO - Setting next_dagrun for example_bash_decorator to None, run_after=None
[2025-05-09T16:04:09.531+0000] {processor.py:183} INFO - Processing /home/airflow/.local/lib/python3.10/site-packages/airflow/example_dags/example_bash_decorator.py took 0.089 seconds
[2025-05-09T16:05:17.440+0000] {processor.py:161} INFO - Started process (PID=297) to work on /home/airflow/.local/lib/python3.10/site-packages/airflow/example_dags/example_bash_decorator.py
[2025-05-09T16:05:17.441+0000] {processor.py:830} INFO - Processing file /home/airflow/.local/lib/python3.10/site-packages/airflow/example_dags/example_bash_decorator.py for tasks to queue
[2025-05-09T16:05:17.445+0000] {logging_mixin.py:188} INFO - [2025-05-09T16:05:17.444+0000] {dagbag.py:545} INFO - Filling up the DagBag from /home/airflow/.local/lib/python3.10/site-packages/airflow/example_dags/example_bash_decorator.py
[2025-05-09T16:05:17.469+0000] {processor.py:840} INFO - DAG(s) 'example_bash_decorator' retrieved from /home/airflow/.local/lib/python3.10/site-packages/airflow/example_dags/example_bash_decorator.py
[2025-05-09T16:05:17.494+0000] {logging_mixin.py:188} INFO - [2025-05-09T16:05:17.494+0000] {dag.py:3096} INFO - Sync 1 DAGs
[2025-05-09T16:05:17.516+0000] {logging_mixin.py:188} INFO - [2025-05-09T16:05:17.516+0000] {dag.py:3954} INFO - Setting next_dagrun for example_bash_decorator to None, run_after=None
[2025-05-09T16:05:17.558+0000] {processor.py:183} INFO - Processing /home/airflow/.local/lib/python3.10/site-packages/airflow/example_dags/example_bash_decorator.py took 0.128 seconds
[2025-05-09T16:05:48.605+0000] {processor.py:161} INFO - Started process (PID=561) to work on /home/airflow/.local/lib/python3.10/site-packages/airflow/example_dags/example_bash_decorator.py
[2025-05-09T16:05:48.607+0000] {processor.py:830} INFO - Processing file /home/airflow/.local/lib/python3.10/site-packages/airflow/example_dags/example_bash_decorator.py for tasks to queue
[2025-05-09T16:05:48.610+0000] {logging_mixin.py:188} INFO - [2025-05-09T16:05:48.609+0000] {dagbag.py:545} INFO - Filling up the DagBag from /home/airflow/.local/lib/python3.10/site-packages/airflow/example_dags/example_bash_decorator.py
[2025-05-09T16:05:48.625+0000] {processor.py:840} INFO - DAG(s) 'example_bash_decorator' retrieved from /home/airflow/.local/lib/python3.10/site-packages/airflow/example_dags/example_bash_decorator.py
[2025-05-09T16:05:48.778+0000] {logging_mixin.py:188} INFO - [2025-05-09T16:05:48.778+0000] {dag.py:3096} INFO - Sync 1 DAGs
[2025-05-09T16:05:48.796+0000] {logging_mixin.py:188} INFO - [2025-05-09T16:05:48.796+0000] {dag.py:3954} INFO - Setting next_dagrun for example_bash_decorator to None, run_after=None
[2025-05-09T16:05:48.828+0000] {processor.py:183} INFO - Processing /home/airflow/.local/lib/python3.10/site-packages/airflow/example_dags/example_bash_decorator.py took 0.230 seconds
[2025-05-09T16:06:19.333+0000] {processor.py:161} INFO - Started process (PID=821) to work on /home/airflow/.local/lib/python3.10/site-packages/airflow/example_dags/example_bash_decorator.py
[2025-05-09T16:06:19.334+0000] {processor.py:830} INFO - Processing file /home/airflow/.local/lib/python3.10/site-packages/airflow/example_dags/example_bash_decorator.py for tasks to queue
[2025-05-09T16:06:19.336+0000] {logging_mixin.py:188} INFO - [2025-05-09T16:06:19.336+0000] {dagbag.py:545} INFO - Filling up the DagBag from /home/airflow/.local/lib/python3.10/site-packages/airflow/example_dags/example_bash_decorator.py
[2025-05-09T16:06:19.353+0000] {processor.py:840} INFO - DAG(s) 'example_bash_decorator' retrieved from /home/airflow/.local/lib/python3.10/site-packages/airflow/example_dags/example_bash_decorator.py
[2025-05-09T16:06:19.397+0000] {logging_mixin.py:188} INFO - [2025-05-09T16:06:19.396+0000] {dag.py:3096} INFO - Sync 1 DAGs
[2025-05-09T16:06:19.416+0000] {logging_mixin.py:188} INFO - [2025-05-09T16:06:19.416+0000] {dag.py:3954} INFO - Setting next_dagrun for example_bash_decorator to None, run_after=None
[2025-05-09T16:06:19.447+0000] {processor.py:183} INFO - Processing /home/airflow/.local/lib/python3.10/site-packages/airflow/example_dags/example_bash_decorator.py took 0.122 seconds
[2025-05-09T16:06:49.737+0000] {processor.py:161} INFO - Started process (PID=1085) to work on /home/airflow/.local/lib/python3.10/site-packages/airflow/example_dags/example_bash_decorator.py
[2025-05-09T16:06:49.739+0000] {processor.py:830} INFO - Processing file /home/airflow/.local/lib/python3.10/site-packages/airflow/example_dags/example_bash_decorator.py for tasks to queue
[2025-05-09T16:06:49.741+0000] {logging_mixin.py:188} INFO - [2025-05-09T16:06:49.741+0000] {dagbag.py:545} INFO - Filling up the DagBag from /home/airflow/.local/lib/python3.10/site-packages/airflow/example_dags/example_bash_decorator.py
[2025-05-09T16:06:49.755+0000] {processor.py:840} INFO - DAG(s) 'example_bash_decorator' retrieved from /home/airflow/.local/lib/python3.10/site-packages/airflow/example_dags/example_bash_decorator.py
[2025-05-09T16:06:49.781+0000] {logging_mixin.py:188} INFO - [2025-05-09T16:06:49.781+0000] {dag.py:3096} INFO - Sync 1 DAGs
[2025-05-09T16:06:49.795+0000] {logging_mixin.py:188} INFO - [2025-05-09T16:06:49.795+0000] {dag.py:3954} INFO - Setting next_dagrun for example_bash_decorator to None, run_after=None
[2025-05-09T16:06:49.817+0000] {processor.py:183} INFO - Processing /home/airflow/.local/lib/python3.10/site-packages/airflow/example_dags/example_bash_decorator.py took 0.087 seconds
[2025-05-09T16:07:20.237+0000] {processor.py:161} INFO - Started process (PID=1381) to work on /home/airflow/.local/lib/python3.10/site-packages/airflow/example_dags/example_bash_decorator.py
[2025-05-09T16:07:20.240+0000] {processor.py:830} INFO - Processing file /home/airflow/.local/lib/python3.10/site-packages/airflow/example_dags/example_bash_decorator.py for tasks to queue
[2025-05-09T16:07:20.243+0000] {logging_mixin.py:188} INFO - [2025-05-09T16:07:20.242+0000] {dagbag.py:545} INFO - Filling up the DagBag from /home/airflow/.local/lib/python3.10/site-packages/airflow/example_dags/example_bash_decorator.py
[2025-05-09T16:07:20.262+0000] {processor.py:840} INFO - DAG(s) 'example_bash_decorator' retrieved from /home/airflow/.local/lib/python3.10/site-packages/airflow/example_dags/example_bash_decorator.py
[2025-05-09T16:07:20.296+0000] {logging_mixin.py:188} INFO - [2025-05-09T16:07:20.296+0000] {dag.py:3096} INFO - Sync 1 DAGs
[2025-05-09T16:07:20.313+0000] {logging_mixin.py:188} INFO - [2025-05-09T16:07:20.312+0000] {dag.py:3954} INFO - Setting next_dagrun for example_bash_decorator to None, run_after=None
[2025-05-09T16:07:20.340+0000] {processor.py:183} INFO - Processing /home/airflow/.local/lib/python3.10/site-packages/airflow/example_dags/example_bash_decorator.py took 0.109 seconds
[2025-05-09T16:07:50.784+0000] {processor.py:161} INFO - Started process (PID=1643) to work on /home/airflow/.local/lib/python3.10/site-packages/airflow/example_dags/example_bash_decorator.py
[2025-05-09T16:07:50.786+0000] {processor.py:830} INFO - Processing file /home/airflow/.local/lib/python3.10/site-packages/airflow/example_dags/example_bash_decorator.py for tasks to queue
[2025-05-09T16:07:50.788+0000] {logging_mixin.py:188} INFO - [2025-05-09T16:07:50.788+0000] {dagbag.py:545} INFO - Filling up the DagBag from /home/airflow/.local/lib/python3.10/site-packages/airflow/example_dags/example_bash_decorator.py
[2025-05-09T16:07:50.801+0000] {processor.py:840} INFO - DAG(s) 'example_bash_decorator' retrieved from /home/airflow/.local/lib/python3.10/site-packages/airflow/example_dags/example_bash_decorator.py
[2025-05-09T16:07:50.824+0000] {logging_mixin.py:188} INFO - [2025-05-09T16:07:50.824+0000] {dag.py:3096} INFO - Sync 1 DAGs
[2025-05-09T16:07:50.836+0000] {logging_mixin.py:188} INFO - [2025-05-09T16:07:50.836+0000] {dag.py:3954} INFO - Setting next_dagrun for example_bash_decorator to None, run_after=None
[2025-05-09T16:07:50.869+0000] {processor.py:183} INFO - Processing /home/airflow/.local/lib/python3.10/site-packages/airflow/example_dags/example_bash_decorator.py took 0.091 seconds
[2025-05-09T16:08:21.922+0000] {processor.py:161} INFO - Started process (PID=1911) to work on /home/airflow/.local/lib/python3.10/site-packages/airflow/example_dags/example_bash_decorator.py
[2025-05-09T16:08:21.923+0000] {processor.py:830} INFO - Processing file /home/airflow/.local/lib/python3.10/site-packages/airflow/example_dags/example_bash_decorator.py for tasks to queue
[2025-05-09T16:08:21.925+0000] {logging_mixin.py:188} INFO - [2025-05-09T16:08:21.925+0000] {dagbag.py:545} INFO - Filling up the DagBag from /home/airflow/.local/lib/python3.10/site-packages/airflow/example_dags/example_bash_decorator.py
[2025-05-09T16:08:21.938+0000] {processor.py:840} INFO - DAG(s) 'example_bash_decorator' retrieved from /home/airflow/.local/lib/python3.10/site-packages/airflow/example_dags/example_bash_decorator.py
[2025-05-09T16:08:21.963+0000] {logging_mixin.py:188} INFO - [2025-05-09T16:08:21.963+0000] {dag.py:3096} INFO - Sync 1 DAGs
[2025-05-09T16:08:21.977+0000] {logging_mixin.py:188} INFO - [2025-05-09T16:08:21.977+0000] {dag.py:3954} INFO - Setting next_dagrun for example_bash_decorator to None, run_after=None
[2025-05-09T16:08:22.001+0000] {processor.py:183} INFO - Processing /home/airflow/.local/lib/python3.10/site-packages/airflow/example_dags/example_bash_decorator.py took 0.085 seconds
[2025-05-09T16:08:52.722+0000] {processor.py:161} INFO - Started process (PID=2199) to work on /home/airflow/.local/lib/python3.10/site-packages/airflow/example_dags/example_bash_decorator.py
[2025-05-09T16:08:52.724+0000] {processor.py:830} INFO - Processing file /home/airflow/.local/lib/python3.10/site-packages/airflow/example_dags/example_bash_decorator.py for tasks to queue
[2025-05-09T16:08:52.727+0000] {logging_mixin.py:188} INFO - [2025-05-09T16:08:52.726+0000] {dagbag.py:545} INFO - Filling up the DagBag from /home/airflow/.local/lib/python3.10/site-packages/airflow/example_dags/example_bash_decorator.py
[2025-05-09T16:08:52.741+0000] {processor.py:840} INFO - DAG(s) 'example_bash_decorator' retrieved from /home/airflow/.local/lib/python3.10/site-packages/airflow/example_dags/example_bash_decorator.py
[2025-05-09T16:08:52.766+0000] {logging_mixin.py:188} INFO - [2025-05-09T16:08:52.766+0000] {dag.py:3096} INFO - Sync 1 DAGs
[2025-05-09T16:08:52.778+0000] {logging_mixin.py:188} INFO - [2025-05-09T16:08:52.778+0000] {dag.py:3954} INFO - Setting next_dagrun for example_bash_decorator to None, run_after=None
[2025-05-09T16:08:52.802+0000] {processor.py:183} INFO - Processing /home/airflow/.local/lib/python3.10/site-packages/airflow/example_dags/example_bash_decorator.py took 0.088 seconds
[2025-05-09T16:09:23.074+0000] {processor.py:161} INFO - Started process (PID=2471) to work on /home/airflow/.local/lib/python3.10/site-packages/airflow/example_dags/example_bash_decorator.py
[2025-05-09T16:09:23.076+0000] {processor.py:830} INFO - Processing file /home/airflow/.local/lib/python3.10/site-packages/airflow/example_dags/example_bash_decorator.py for tasks to queue
[2025-05-09T16:09:23.079+0000] {logging_mixin.py:188} INFO - [2025-05-09T16:09:23.078+0000] {dagbag.py:545} INFO - Filling up the DagBag from /home/airflow/.local/lib/python3.10/site-packages/airflow/example_dags/example_bash_decorator.py
[2025-05-09T16:09:23.095+0000] {processor.py:840} INFO - DAG(s) 'example_bash_decorator' retrieved from /home/airflow/.local/lib/python3.10/site-packages/airflow/example_dags/example_bash_decorator.py
[2025-05-09T16:09:23.125+0000] {logging_mixin.py:188} INFO - [2025-05-09T16:09:23.125+0000] {dag.py:3096} INFO - Sync 1 DAGs
[2025-05-09T16:09:23.141+0000] {logging_mixin.py:188} INFO - [2025-05-09T16:09:23.141+0000] {dag.py:3954} INFO - Setting next_dagrun for example_bash_decorator to None, run_after=None
[2025-05-09T16:09:23.170+0000] {processor.py:183} INFO - Processing /home/airflow/.local/lib/python3.10/site-packages/airflow/example_dags/example_bash_decorator.py took 0.102 seconds
[2025-05-09T16:09:53.852+0000] {processor.py:161} INFO - Started process (PID=2733) to work on /home/airflow/.local/lib/python3.10/site-packages/airflow/example_dags/example_bash_decorator.py
[2025-05-09T16:09:53.854+0000] {processor.py:830} INFO - Processing file /home/airflow/.local/lib/python3.10/site-packages/airflow/example_dags/example_bash_decorator.py for tasks to queue
[2025-05-09T16:09:53.856+0000] {logging_mixin.py:188} INFO - [2025-05-09T16:09:53.856+0000] {dagbag.py:545} INFO - Filling up the DagBag from /home/airflow/.local/lib/python3.10/site-packages/airflow/example_dags/example_bash_decorator.py
[2025-05-09T16:09:53.870+0000] {processor.py:840} INFO - DAG(s) 'example_bash_decorator' retrieved from /home/airflow/.local/lib/python3.10/site-packages/airflow/example_dags/example_bash_decorator.py
[2025-05-09T16:09:53.898+0000] {logging_mixin.py:188} INFO - [2025-05-09T16:09:53.898+0000] {dag.py:3096} INFO - Sync 1 DAGs
[2025-05-09T16:09:53.913+0000] {logging_mixin.py:188} INFO - [2025-05-09T16:09:53.913+0000] {dag.py:3954} INFO - Setting next_dagrun for example_bash_decorator to None, run_after=None
[2025-05-09T16:09:53.938+0000] {processor.py:183} INFO - Processing /home/airflow/.local/lib/python3.10/site-packages/airflow/example_dags/example_bash_decorator.py took 0.092 seconds
[2025-05-09T16:10:24.609+0000] {processor.py:161} INFO - Started process (PID=3001) to work on /home/airflow/.local/lib/python3.10/site-packages/airflow/example_dags/example_bash_decorator.py
[2025-05-09T16:10:24.613+0000] {processor.py:830} INFO - Processing file /home/airflow/.local/lib/python3.10/site-packages/airflow/example_dags/example_bash_decorator.py for tasks to queue
[2025-05-09T16:10:24.618+0000] {logging_mixin.py:188} INFO - [2025-05-09T16:10:24.617+0000] {dagbag.py:545} INFO - Filling up the DagBag from /home/airflow/.local/lib/python3.10/site-packages/airflow/example_dags/example_bash_decorator.py
[2025-05-09T16:10:24.689+0000] {processor.py:840} INFO - DAG(s) 'example_bash_decorator' retrieved from /home/airflow/.local/lib/python3.10/site-packages/airflow/example_dags/example_bash_decorator.py
[2025-05-09T16:10:24.769+0000] {logging_mixin.py:188} INFO - [2025-05-09T16:10:24.768+0000] {dag.py:3096} INFO - Sync 1 DAGs
[2025-05-09T16:10:24.795+0000] {logging_mixin.py:188} INFO - [2025-05-09T16:10:24.795+0000] {dag.py:3954} INFO - Setting next_dagrun for example_bash_decorator to None, run_after=None
[2025-05-09T16:10:24.834+0000] {processor.py:183} INFO - Processing /home/airflow/.local/lib/python3.10/site-packages/airflow/example_dags/example_bash_decorator.py took 0.244 seconds
[2025-05-09T16:10:54.965+0000] {processor.py:161} INFO - Started process (PID=3271) to work on /home/airflow/.local/lib/python3.10/site-packages/airflow/example_dags/example_bash_decorator.py
[2025-05-09T16:10:54.967+0000] {processor.py:830} INFO - Processing file /home/airflow/.local/lib/python3.10/site-packages/airflow/example_dags/example_bash_decorator.py for tasks to queue
[2025-05-09T16:10:54.970+0000] {logging_mixin.py:188} INFO - [2025-05-09T16:10:54.969+0000] {dagbag.py:545} INFO - Filling up the DagBag from /home/airflow/.local/lib/python3.10/site-packages/airflow/example_dags/example_bash_decorator.py
[2025-05-09T16:10:54.983+0000] {processor.py:840} INFO - DAG(s) 'example_bash_decorator' retrieved from /home/airflow/.local/lib/python3.10/site-packages/airflow/example_dags/example_bash_decorator.py
[2025-05-09T16:10:55.010+0000] {logging_mixin.py:188} INFO - [2025-05-09T16:10:55.010+0000] {dag.py:3096} INFO - Sync 1 DAGs
[2025-05-09T16:10:55.023+0000] {logging_mixin.py:188} INFO - [2025-05-09T16:10:55.023+0000] {dag.py:3954} INFO - Setting next_dagrun for example_bash_decorator to None, run_after=None
[2025-05-09T16:10:55.046+0000] {processor.py:183} INFO - Processing /home/airflow/.local/lib/python3.10/site-packages/airflow/example_dags/example_bash_decorator.py took 0.087 seconds
[2025-05-09T16:11:25.448+0000] {processor.py:161} INFO - Started process (PID=3543) to work on /home/airflow/.local/lib/python3.10/site-packages/airflow/example_dags/example_bash_decorator.py
[2025-05-09T16:11:25.450+0000] {processor.py:830} INFO - Processing file /home/airflow/.local/lib/python3.10/site-packages/airflow/example_dags/example_bash_decorator.py for tasks to queue
[2025-05-09T16:11:25.452+0000] {logging_mixin.py:188} INFO - [2025-05-09T16:11:25.452+0000] {dagbag.py:545} INFO - Filling up the DagBag from /home/airflow/.local/lib/python3.10/site-packages/airflow/example_dags/example_bash_decorator.py
[2025-05-09T16:11:25.466+0000] {processor.py:840} INFO - DAG(s) 'example_bash_decorator' retrieved from /home/airflow/.local/lib/python3.10/site-packages/airflow/example_dags/example_bash_decorator.py
[2025-05-09T16:11:25.496+0000] {logging_mixin.py:188} INFO - [2025-05-09T16:11:25.495+0000] {dag.py:3096} INFO - Sync 1 DAGs
[2025-05-09T16:11:25.511+0000] {logging_mixin.py:188} INFO - [2025-05-09T16:11:25.511+0000] {dag.py:3954} INFO - Setting next_dagrun for example_bash_decorator to None, run_after=None
[2025-05-09T16:11:25.533+0000] {processor.py:183} INFO - Processing /home/airflow/.local/lib/python3.10/site-packages/airflow/example_dags/example_bash_decorator.py took 0.091 seconds
[2025-05-09T16:11:56.170+0000] {processor.py:161} INFO - Started process (PID=3811) to work on /home/airflow/.local/lib/python3.10/site-packages/airflow/example_dags/example_bash_decorator.py
[2025-05-09T16:11:56.171+0000] {processor.py:830} INFO - Processing file /home/airflow/.local/lib/python3.10/site-packages/airflow/example_dags/example_bash_decorator.py for tasks to queue
[2025-05-09T16:11:56.173+0000] {logging_mixin.py:188} INFO - [2025-05-09T16:11:56.173+0000] {dagbag.py:545} INFO - Filling up the DagBag from /home/airflow/.local/lib/python3.10/site-packages/airflow/example_dags/example_bash_decorator.py
[2025-05-09T16:11:56.188+0000] {processor.py:840} INFO - DAG(s) 'example_bash_decorator' retrieved from /home/airflow/.local/lib/python3.10/site-packages/airflow/example_dags/example_bash_decorator.py
[2025-05-09T16:11:56.220+0000] {logging_mixin.py:188} INFO - [2025-05-09T16:11:56.220+0000] {dag.py:3096} INFO - Sync 1 DAGs
[2025-05-09T16:11:56.238+0000] {logging_mixin.py:188} INFO - [2025-05-09T16:11:56.238+0000] {dag.py:3954} INFO - Setting next_dagrun for example_bash_decorator to None, run_after=None
[2025-05-09T16:11:56.267+0000] {processor.py:183} INFO - Processing /home/airflow/.local/lib/python3.10/site-packages/airflow/example_dags/example_bash_decorator.py took 0.103 seconds
[2025-05-09T16:12:26.965+0000] {processor.py:161} INFO - Started process (PID=4088) to work on /home/airflow/.local/lib/python3.10/site-packages/airflow/example_dags/example_bash_decorator.py
[2025-05-09T16:12:26.967+0000] {processor.py:830} INFO - Processing file /home/airflow/.local/lib/python3.10/site-packages/airflow/example_dags/example_bash_decorator.py for tasks to queue
[2025-05-09T16:12:26.972+0000] {logging_mixin.py:188} INFO - [2025-05-09T16:12:26.971+0000] {dagbag.py:545} INFO - Filling up the DagBag from /home/airflow/.local/lib/python3.10/site-packages/airflow/example_dags/example_bash_decorator.py
[2025-05-09T16:12:26.994+0000] {processor.py:840} INFO - DAG(s) 'example_bash_decorator' retrieved from /home/airflow/.local/lib/python3.10/site-packages/airflow/example_dags/example_bash_decorator.py
[2025-05-09T16:12:27.027+0000] {logging_mixin.py:188} INFO - [2025-05-09T16:12:27.027+0000] {dag.py:3096} INFO - Sync 1 DAGs
[2025-05-09T16:12:27.043+0000] {logging_mixin.py:188} INFO - [2025-05-09T16:12:27.043+0000] {dag.py:3954} INFO - Setting next_dagrun for example_bash_decorator to None, run_after=None
[2025-05-09T16:12:27.071+0000] {processor.py:183} INFO - Processing /home/airflow/.local/lib/python3.10/site-packages/airflow/example_dags/example_bash_decorator.py took 0.115 seconds
[2025-05-09T16:12:57.656+0000] {processor.py:161} INFO - Started process (PID=4350) to work on /home/airflow/.local/lib/python3.10/site-packages/airflow/example_dags/example_bash_decorator.py
[2025-05-09T16:12:57.658+0000] {processor.py:830} INFO - Processing file /home/airflow/.local/lib/python3.10/site-packages/airflow/example_dags/example_bash_decorator.py for tasks to queue
[2025-05-09T16:12:57.662+0000] {logging_mixin.py:188} INFO - [2025-05-09T16:12:57.662+0000] {dagbag.py:545} INFO - Filling up the DagBag from /home/airflow/.local/lib/python3.10/site-packages/airflow/example_dags/example_bash_decorator.py
[2025-05-09T16:12:57.680+0000] {processor.py:840} INFO - DAG(s) 'example_bash_decorator' retrieved from /home/airflow/.local/lib/python3.10/site-packages/airflow/example_dags/example_bash_decorator.py
[2025-05-09T16:12:57.714+0000] {logging_mixin.py:188} INFO - [2025-05-09T16:12:57.714+0000] {dag.py:3096} INFO - Sync 1 DAGs
[2025-05-09T16:12:57.729+0000] {logging_mixin.py:188} INFO - [2025-05-09T16:12:57.729+0000] {dag.py:3954} INFO - Setting next_dagrun for example_bash_decorator to None, run_after=None
[2025-05-09T16:12:57.753+0000] {processor.py:183} INFO - Processing /home/airflow/.local/lib/python3.10/site-packages/airflow/example_dags/example_bash_decorator.py took 0.106 seconds
[2025-05-09T16:13:27.976+0000] {processor.py:161} INFO - Started process (PID=4621) to work on /home/airflow/.local/lib/python3.10/site-packages/airflow/example_dags/example_bash_decorator.py
[2025-05-09T16:13:27.977+0000] {processor.py:830} INFO - Processing file /home/airflow/.local/lib/python3.10/site-packages/airflow/example_dags/example_bash_decorator.py for tasks to queue
[2025-05-09T16:13:27.980+0000] {logging_mixin.py:188} INFO - [2025-05-09T16:13:27.980+0000] {dagbag.py:545} INFO - Filling up the DagBag from /home/airflow/.local/lib/python3.10/site-packages/airflow/example_dags/example_bash_decorator.py
[2025-05-09T16:13:27.994+0000] {processor.py:840} INFO - DAG(s) 'example_bash_decorator' retrieved from /home/airflow/.local/lib/python3.10/site-packages/airflow/example_dags/example_bash_decorator.py
[2025-05-09T16:13:28.026+0000] {logging_mixin.py:188} INFO - [2025-05-09T16:13:28.026+0000] {dag.py:3096} INFO - Sync 1 DAGs
[2025-05-09T16:13:28.040+0000] {logging_mixin.py:188} INFO - [2025-05-09T16:13:28.039+0000] {dag.py:3954} INFO - Setting next_dagrun for example_bash_decorator to None, run_after=None
[2025-05-09T16:13:28.063+0000] {processor.py:183} INFO - Processing /home/airflow/.local/lib/python3.10/site-packages/airflow/example_dags/example_bash_decorator.py took 0.094 seconds
[2025-05-09T16:13:58.403+0000] {processor.py:161} INFO - Started process (PID=4883) to work on /home/airflow/.local/lib/python3.10/site-packages/airflow/example_dags/example_bash_decorator.py
[2025-05-09T16:13:58.404+0000] {processor.py:830} INFO - Processing file /home/airflow/.local/lib/python3.10/site-packages/airflow/example_dags/example_bash_decorator.py for tasks to queue
[2025-05-09T16:13:58.407+0000] {logging_mixin.py:188} INFO - [2025-05-09T16:13:58.407+0000] {dagbag.py:545} INFO - Filling up the DagBag from /home/airflow/.local/lib/python3.10/site-packages/airflow/example_dags/example_bash_decorator.py
[2025-05-09T16:13:58.421+0000] {processor.py:840} INFO - DAG(s) 'example_bash_decorator' retrieved from /home/airflow/.local/lib/python3.10/site-packages/airflow/example_dags/example_bash_decorator.py
[2025-05-09T16:13:58.443+0000] {logging_mixin.py:188} INFO - [2025-05-09T16:13:58.443+0000] {dag.py:3096} INFO - Sync 1 DAGs
[2025-05-09T16:13:58.456+0000] {logging_mixin.py:188} INFO - [2025-05-09T16:13:58.455+0000] {dag.py:3954} INFO - Setting next_dagrun for example_bash_decorator to None, run_after=None
[2025-05-09T16:13:58.478+0000] {processor.py:183} INFO - Processing /home/airflow/.local/lib/python3.10/site-packages/airflow/example_dags/example_bash_decorator.py took 0.081 seconds
[2025-05-09T16:14:28.731+0000] {processor.py:161} INFO - Started process (PID=5172) to work on /home/airflow/.local/lib/python3.10/site-packages/airflow/example_dags/example_bash_decorator.py
[2025-05-09T16:14:28.733+0000] {processor.py:830} INFO - Processing file /home/airflow/.local/lib/python3.10/site-packages/airflow/example_dags/example_bash_decorator.py for tasks to queue
[2025-05-09T16:14:28.736+0000] {logging_mixin.py:188} INFO - [2025-05-09T16:14:28.736+0000] {dagbag.py:545} INFO - Filling up the DagBag from /home/airflow/.local/lib/python3.10/site-packages/airflow/example_dags/example_bash_decorator.py
[2025-05-09T16:14:28.749+0000] {processor.py:840} INFO - DAG(s) 'example_bash_decorator' retrieved from /home/airflow/.local/lib/python3.10/site-packages/airflow/example_dags/example_bash_decorator.py
[2025-05-09T16:14:28.773+0000] {logging_mixin.py:188} INFO - [2025-05-09T16:14:28.772+0000] {dag.py:3096} INFO - Sync 1 DAGs
[2025-05-09T16:14:28.784+0000] {logging_mixin.py:188} INFO - [2025-05-09T16:14:28.784+0000] {dag.py:3954} INFO - Setting next_dagrun for example_bash_decorator to None, run_after=None
[2025-05-09T16:14:28.806+0000] {processor.py:183} INFO - Processing /home/airflow/.local/lib/python3.10/site-packages/airflow/example_dags/example_bash_decorator.py took 0.081 seconds
[2025-05-09T16:14:59.055+0000] {processor.py:161} INFO - Started process (PID=5440) to work on /home/airflow/.local/lib/python3.10/site-packages/airflow/example_dags/example_bash_decorator.py
[2025-05-09T16:14:59.057+0000] {processor.py:830} INFO - Processing file /home/airflow/.local/lib/python3.10/site-packages/airflow/example_dags/example_bash_decorator.py for tasks to queue
[2025-05-09T16:14:59.060+0000] {logging_mixin.py:188} INFO - [2025-05-09T16:14:59.060+0000] {dagbag.py:545} INFO - Filling up the DagBag from /home/airflow/.local/lib/python3.10/site-packages/airflow/example_dags/example_bash_decorator.py
[2025-05-09T16:14:59.074+0000] {processor.py:840} INFO - DAG(s) 'example_bash_decorator' retrieved from /home/airflow/.local/lib/python3.10/site-packages/airflow/example_dags/example_bash_decorator.py
[2025-05-09T16:14:59.108+0000] {logging_mixin.py:188} INFO - [2025-05-09T16:14:59.108+0000] {dag.py:3096} INFO - Sync 1 DAGs
[2025-05-09T16:14:59.126+0000] {logging_mixin.py:188} INFO - [2025-05-09T16:14:59.126+0000] {dag.py:3954} INFO - Setting next_dagrun for example_bash_decorator to None, run_after=None
[2025-05-09T16:14:59.150+0000] {processor.py:183} INFO - Processing /home/airflow/.local/lib/python3.10/site-packages/airflow/example_dags/example_bash_decorator.py took 0.102 seconds
[2025-05-09T16:15:29.903+0000] {processor.py:161} INFO - Started process (PID=5711) to work on /home/airflow/.local/lib/python3.10/site-packages/airflow/example_dags/example_bash_decorator.py
[2025-05-09T16:15:29.905+0000] {processor.py:830} INFO - Processing file /home/airflow/.local/lib/python3.10/site-packages/airflow/example_dags/example_bash_decorator.py for tasks to queue
[2025-05-09T16:15:29.909+0000] {logging_mixin.py:188} INFO - [2025-05-09T16:15:29.908+0000] {dagbag.py:545} INFO - Filling up the DagBag from /home/airflow/.local/lib/python3.10/site-packages/airflow/example_dags/example_bash_decorator.py
[2025-05-09T16:15:29.930+0000] {processor.py:840} INFO - DAG(s) 'example_bash_decorator' retrieved from /home/airflow/.local/lib/python3.10/site-packages/airflow/example_dags/example_bash_decorator.py
[2025-05-09T16:15:29.962+0000] {logging_mixin.py:188} INFO - [2025-05-09T16:15:29.961+0000] {dag.py:3096} INFO - Sync 1 DAGs
[2025-05-09T16:15:29.977+0000] {logging_mixin.py:188} INFO - [2025-05-09T16:15:29.977+0000] {dag.py:3954} INFO - Setting next_dagrun for example_bash_decorator to None, run_after=None
[2025-05-09T16:15:30.019+0000] {processor.py:183} INFO - Processing /home/airflow/.local/lib/python3.10/site-packages/airflow/example_dags/example_bash_decorator.py took 0.123 seconds
[2025-05-09T16:16:01.043+0000] {processor.py:161} INFO - Started process (PID=5993) to work on /home/airflow/.local/lib/python3.10/site-packages/airflow/example_dags/example_bash_decorator.py
[2025-05-09T16:16:01.057+0000] {processor.py:830} INFO - Processing file /home/airflow/.local/lib/python3.10/site-packages/airflow/example_dags/example_bash_decorator.py for tasks to queue
[2025-05-09T16:16:01.064+0000] {logging_mixin.py:188} INFO - [2025-05-09T16:16:01.064+0000] {dagbag.py:545} INFO - Filling up the DagBag from /home/airflow/.local/lib/python3.10/site-packages/airflow/example_dags/example_bash_decorator.py
[2025-05-09T16:16:01.111+0000] {processor.py:840} INFO - DAG(s) 'example_bash_decorator' retrieved from /home/airflow/.local/lib/python3.10/site-packages/airflow/example_dags/example_bash_decorator.py
[2025-05-09T16:16:01.184+0000] {logging_mixin.py:188} INFO - [2025-05-09T16:16:01.183+0000] {dag.py:3096} INFO - Sync 1 DAGs
[2025-05-09T16:16:01.232+0000] {logging_mixin.py:188} INFO - [2025-05-09T16:16:01.230+0000] {dag.py:3954} INFO - Setting next_dagrun for example_bash_decorator to None, run_after=None
[2025-05-09T16:16:01.290+0000] {processor.py:183} INFO - Processing /home/airflow/.local/lib/python3.10/site-packages/airflow/example_dags/example_bash_decorator.py took 0.263 seconds
[2025-05-09T16:16:31.528+0000] {processor.py:161} INFO - Started process (PID=6343) to work on /home/airflow/.local/lib/python3.10/site-packages/airflow/example_dags/example_bash_decorator.py
[2025-05-09T16:16:31.529+0000] {processor.py:830} INFO - Processing file /home/airflow/.local/lib/python3.10/site-packages/airflow/example_dags/example_bash_decorator.py for tasks to queue
[2025-05-09T16:16:31.532+0000] {logging_mixin.py:188} INFO - [2025-05-09T16:16:31.531+0000] {dagbag.py:545} INFO - Filling up the DagBag from /home/airflow/.local/lib/python3.10/site-packages/airflow/example_dags/example_bash_decorator.py
[2025-05-09T16:16:31.545+0000] {processor.py:840} INFO - DAG(s) 'example_bash_decorator' retrieved from /home/airflow/.local/lib/python3.10/site-packages/airflow/example_dags/example_bash_decorator.py
[2025-05-09T16:16:31.575+0000] {logging_mixin.py:188} INFO - [2025-05-09T16:16:31.575+0000] {dag.py:3096} INFO - Sync 1 DAGs
[2025-05-09T16:16:31.590+0000] {logging_mixin.py:188} INFO - [2025-05-09T16:16:31.590+0000] {dag.py:3954} INFO - Setting next_dagrun for example_bash_decorator to None, run_after=None
[2025-05-09T16:16:31.614+0000] {processor.py:183} INFO - Processing /home/airflow/.local/lib/python3.10/site-packages/airflow/example_dags/example_bash_decorator.py took 0.091 seconds
[2025-05-09T16:17:02.463+0000] {processor.py:161} INFO - Started process (PID=6632) to work on /home/airflow/.local/lib/python3.10/site-packages/airflow/example_dags/example_bash_decorator.py
[2025-05-09T16:17:02.464+0000] {processor.py:830} INFO - Processing file /home/airflow/.local/lib/python3.10/site-packages/airflow/example_dags/example_bash_decorator.py for tasks to queue
[2025-05-09T16:17:02.467+0000] {logging_mixin.py:188} INFO - [2025-05-09T16:17:02.466+0000] {dagbag.py:545} INFO - Filling up the DagBag from /home/airflow/.local/lib/python3.10/site-packages/airflow/example_dags/example_bash_decorator.py
[2025-05-09T16:17:02.481+0000] {processor.py:840} INFO - DAG(s) 'example_bash_decorator' retrieved from /home/airflow/.local/lib/python3.10/site-packages/airflow/example_dags/example_bash_decorator.py
[2025-05-09T16:17:02.507+0000] {logging_mixin.py:188} INFO - [2025-05-09T16:17:02.507+0000] {dag.py:3096} INFO - Sync 1 DAGs
[2025-05-09T16:17:02.520+0000] {logging_mixin.py:188} INFO - [2025-05-09T16:17:02.520+0000] {dag.py:3954} INFO - Setting next_dagrun for example_bash_decorator to None, run_after=None
[2025-05-09T16:17:02.545+0000] {processor.py:183} INFO - Processing /home/airflow/.local/lib/python3.10/site-packages/airflow/example_dags/example_bash_decorator.py took 0.090 seconds
[2025-05-09T16:17:32.790+0000] {processor.py:161} INFO - Started process (PID=6945) to work on /home/airflow/.local/lib/python3.10/site-packages/airflow/example_dags/example_bash_decorator.py
[2025-05-09T16:17:32.792+0000] {processor.py:830} INFO - Processing file /home/airflow/.local/lib/python3.10/site-packages/airflow/example_dags/example_bash_decorator.py for tasks to queue
[2025-05-09T16:17:32.795+0000] {logging_mixin.py:188} INFO - [2025-05-09T16:17:32.794+0000] {dagbag.py:545} INFO - Filling up the DagBag from /home/airflow/.local/lib/python3.10/site-packages/airflow/example_dags/example_bash_decorator.py
[2025-05-09T16:17:32.809+0000] {processor.py:840} INFO - DAG(s) 'example_bash_decorator' retrieved from /home/airflow/.local/lib/python3.10/site-packages/airflow/example_dags/example_bash_decorator.py
[2025-05-09T16:17:32.840+0000] {logging_mixin.py:188} INFO - [2025-05-09T16:17:32.839+0000] {dag.py:3096} INFO - Sync 1 DAGs
[2025-05-09T16:17:32.856+0000] {logging_mixin.py:188} INFO - [2025-05-09T16:17:32.856+0000] {dag.py:3954} INFO - Setting next_dagrun for example_bash_decorator to None, run_after=None
[2025-05-09T16:17:32.889+0000] {processor.py:183} INFO - Processing /home/airflow/.local/lib/python3.10/site-packages/airflow/example_dags/example_bash_decorator.py took 0.106 seconds
[2025-05-09T16:18:03.706+0000] {processor.py:161} INFO - Started process (PID=7213) to work on /home/airflow/.local/lib/python3.10/site-packages/airflow/example_dags/example_bash_decorator.py
[2025-05-09T16:18:03.707+0000] {processor.py:830} INFO - Processing file /home/airflow/.local/lib/python3.10/site-packages/airflow/example_dags/example_bash_decorator.py for tasks to queue
[2025-05-09T16:18:03.712+0000] {logging_mixin.py:188} INFO - [2025-05-09T16:18:03.711+0000] {dagbag.py:545} INFO - Filling up the DagBag from /home/airflow/.local/lib/python3.10/site-packages/airflow/example_dags/example_bash_decorator.py
[2025-05-09T16:18:03.736+0000] {processor.py:840} INFO - DAG(s) 'example_bash_decorator' retrieved from /home/airflow/.local/lib/python3.10/site-packages/airflow/example_dags/example_bash_decorator.py
[2025-05-09T16:18:03.790+0000] {logging_mixin.py:188} INFO - [2025-05-09T16:18:03.789+0000] {dag.py:3096} INFO - Sync 1 DAGs
[2025-05-09T16:18:03.816+0000] {logging_mixin.py:188} INFO - [2025-05-09T16:18:03.815+0000] {dag.py:3954} INFO - Setting next_dagrun for example_bash_decorator to None, run_after=None
[2025-05-09T16:18:03.856+0000] {processor.py:183} INFO - Processing /home/airflow/.local/lib/python3.10/site-packages/airflow/example_dags/example_bash_decorator.py took 0.158 seconds
[2025-05-09T16:18:34.098+0000] {processor.py:161} INFO - Started process (PID=7508) to work on /home/airflow/.local/lib/python3.10/site-packages/airflow/example_dags/example_bash_decorator.py
[2025-05-09T16:18:34.100+0000] {processor.py:830} INFO - Processing file /home/airflow/.local/lib/python3.10/site-packages/airflow/example_dags/example_bash_decorator.py for tasks to queue
[2025-05-09T16:18:34.103+0000] {logging_mixin.py:188} INFO - [2025-05-09T16:18:34.103+0000] {dagbag.py:545} INFO - Filling up the DagBag from /home/airflow/.local/lib/python3.10/site-packages/airflow/example_dags/example_bash_decorator.py
[2025-05-09T16:18:34.123+0000] {processor.py:840} INFO - DAG(s) 'example_bash_decorator' retrieved from /home/airflow/.local/lib/python3.10/site-packages/airflow/example_dags/example_bash_decorator.py
[2025-05-09T16:18:34.161+0000] {logging_mixin.py:188} INFO - [2025-05-09T16:18:34.160+0000] {dag.py:3096} INFO - Sync 1 DAGs
[2025-05-09T16:18:34.176+0000] {logging_mixin.py:188} INFO - [2025-05-09T16:18:34.176+0000] {dag.py:3954} INFO - Setting next_dagrun for example_bash_decorator to None, run_after=None
[2025-05-09T16:18:34.205+0000] {processor.py:183} INFO - Processing /home/airflow/.local/lib/python3.10/site-packages/airflow/example_dags/example_bash_decorator.py took 0.120 seconds
[2025-05-09T16:19:04.857+0000] {processor.py:161} INFO - Started process (PID=7780) to work on /home/airflow/.local/lib/python3.10/site-packages/airflow/example_dags/example_bash_decorator.py
[2025-05-09T16:19:04.859+0000] {processor.py:830} INFO - Processing file /home/airflow/.local/lib/python3.10/site-packages/airflow/example_dags/example_bash_decorator.py for tasks to queue
[2025-05-09T16:19:04.864+0000] {logging_mixin.py:188} INFO - [2025-05-09T16:19:04.863+0000] {dagbag.py:545} INFO - Filling up the DagBag from /home/airflow/.local/lib/python3.10/site-packages/airflow/example_dags/example_bash_decorator.py
[2025-05-09T16:19:04.893+0000] {processor.py:840} INFO - DAG(s) 'example_bash_decorator' retrieved from /home/airflow/.local/lib/python3.10/site-packages/airflow/example_dags/example_bash_decorator.py
[2025-05-09T16:19:04.933+0000] {logging_mixin.py:188} INFO - [2025-05-09T16:19:04.933+0000] {dag.py:3096} INFO - Sync 1 DAGs
[2025-05-09T16:19:04.952+0000] {logging_mixin.py:188} INFO - [2025-05-09T16:19:04.952+0000] {dag.py:3954} INFO - Setting next_dagrun for example_bash_decorator to None, run_after=None
[2025-05-09T16:19:04.986+0000] {processor.py:183} INFO - Processing /home/airflow/.local/lib/python3.10/site-packages/airflow/example_dags/example_bash_decorator.py took 0.140 seconds
[2025-05-09T16:19:35.338+0000] {processor.py:161} INFO - Started process (PID=8071) to work on /home/airflow/.local/lib/python3.10/site-packages/airflow/example_dags/example_bash_decorator.py
[2025-05-09T16:19:35.340+0000] {processor.py:830} INFO - Processing file /home/airflow/.local/lib/python3.10/site-packages/airflow/example_dags/example_bash_decorator.py for tasks to queue
[2025-05-09T16:19:35.343+0000] {logging_mixin.py:188} INFO - [2025-05-09T16:19:35.342+0000] {dagbag.py:545} INFO - Filling up the DagBag from /home/airflow/.local/lib/python3.10/site-packages/airflow/example_dags/example_bash_decorator.py
[2025-05-09T16:19:35.358+0000] {processor.py:840} INFO - DAG(s) 'example_bash_decorator' retrieved from /home/airflow/.local/lib/python3.10/site-packages/airflow/example_dags/example_bash_decorator.py
[2025-05-09T16:19:35.385+0000] {logging_mixin.py:188} INFO - [2025-05-09T16:19:35.384+0000] {dag.py:3096} INFO - Sync 1 DAGs
[2025-05-09T16:19:35.399+0000] {logging_mixin.py:188} INFO - [2025-05-09T16:19:35.398+0000] {dag.py:3954} INFO - Setting next_dagrun for example_bash_decorator to None, run_after=None
[2025-05-09T16:19:35.422+0000] {processor.py:183} INFO - Processing /home/airflow/.local/lib/python3.10/site-packages/airflow/example_dags/example_bash_decorator.py took 0.091 seconds
[2025-05-09T16:20:06.134+0000] {processor.py:161} INFO - Started process (PID=8375) to work on /home/airflow/.local/lib/python3.10/site-packages/airflow/example_dags/example_bash_decorator.py
[2025-05-09T16:20:06.136+0000] {processor.py:830} INFO - Processing file /home/airflow/.local/lib/python3.10/site-packages/airflow/example_dags/example_bash_decorator.py for tasks to queue
[2025-05-09T16:20:06.138+0000] {logging_mixin.py:188} INFO - [2025-05-09T16:20:06.138+0000] {dagbag.py:545} INFO - Filling up the DagBag from /home/airflow/.local/lib/python3.10/site-packages/airflow/example_dags/example_bash_decorator.py
[2025-05-09T16:20:06.153+0000] {processor.py:840} INFO - DAG(s) 'example_bash_decorator' retrieved from /home/airflow/.local/lib/python3.10/site-packages/airflow/example_dags/example_bash_decorator.py
[2025-05-09T16:20:06.184+0000] {logging_mixin.py:188} INFO - [2025-05-09T16:20:06.184+0000] {dag.py:3096} INFO - Sync 1 DAGs
[2025-05-09T16:20:06.202+0000] {logging_mixin.py:188} INFO - [2025-05-09T16:20:06.201+0000] {dag.py:3954} INFO - Setting next_dagrun for example_bash_decorator to None, run_after=None
[2025-05-09T16:20:06.226+0000] {processor.py:183} INFO - Processing /home/airflow/.local/lib/python3.10/site-packages/airflow/example_dags/example_bash_decorator.py took 0.100 seconds
[2025-05-09T16:20:36.907+0000] {processor.py:161} INFO - Started process (PID=8653) to work on /home/airflow/.local/lib/python3.10/site-packages/airflow/example_dags/example_bash_decorator.py
[2025-05-09T16:20:36.909+0000] {processor.py:830} INFO - Processing file /home/airflow/.local/lib/python3.10/site-packages/airflow/example_dags/example_bash_decorator.py for tasks to queue
[2025-05-09T16:20:36.911+0000] {logging_mixin.py:188} INFO - [2025-05-09T16:20:36.911+0000] {dagbag.py:545} INFO - Filling up the DagBag from /home/airflow/.local/lib/python3.10/site-packages/airflow/example_dags/example_bash_decorator.py
[2025-05-09T16:20:36.925+0000] {processor.py:840} INFO - DAG(s) 'example_bash_decorator' retrieved from /home/airflow/.local/lib/python3.10/site-packages/airflow/example_dags/example_bash_decorator.py
[2025-05-09T16:20:36.951+0000] {logging_mixin.py:188} INFO - [2025-05-09T16:20:36.951+0000] {dag.py:3096} INFO - Sync 1 DAGs
[2025-05-09T16:20:36.965+0000] {logging_mixin.py:188} INFO - [2025-05-09T16:20:36.965+0000] {dag.py:3954} INFO - Setting next_dagrun for example_bash_decorator to None, run_after=None
[2025-05-09T16:20:36.991+0000] {processor.py:183} INFO - Processing /home/airflow/.local/lib/python3.10/site-packages/airflow/example_dags/example_bash_decorator.py took 0.090 seconds
[2025-05-09T16:21:07.761+0000] {processor.py:161} INFO - Started process (PID=8943) to work on /home/airflow/.local/lib/python3.10/site-packages/airflow/example_dags/example_bash_decorator.py
[2025-05-09T16:21:07.763+0000] {processor.py:830} INFO - Processing file /home/airflow/.local/lib/python3.10/site-packages/airflow/example_dags/example_bash_decorator.py for tasks to queue
[2025-05-09T16:21:07.766+0000] {logging_mixin.py:188} INFO - [2025-05-09T16:21:07.766+0000] {dagbag.py:545} INFO - Filling up the DagBag from /home/airflow/.local/lib/python3.10/site-packages/airflow/example_dags/example_bash_decorator.py
[2025-05-09T16:21:07.783+0000] {processor.py:840} INFO - DAG(s) 'example_bash_decorator' retrieved from /home/airflow/.local/lib/python3.10/site-packages/airflow/example_dags/example_bash_decorator.py
[2025-05-09T16:21:07.819+0000] {logging_mixin.py:188} INFO - [2025-05-09T16:21:07.818+0000] {dag.py:3096} INFO - Sync 1 DAGs
[2025-05-09T16:21:07.835+0000] {logging_mixin.py:188} INFO - [2025-05-09T16:21:07.835+0000] {dag.py:3954} INFO - Setting next_dagrun for example_bash_decorator to None, run_after=None
[2025-05-09T16:21:07.871+0000] {processor.py:183} INFO - Processing /home/airflow/.local/lib/python3.10/site-packages/airflow/example_dags/example_bash_decorator.py took 0.119 seconds
[2025-05-09T16:21:38.056+0000] {processor.py:161} INFO - Started process (PID=9284) to work on /home/airflow/.local/lib/python3.10/site-packages/airflow/example_dags/example_bash_decorator.py
[2025-05-09T16:21:38.058+0000] {processor.py:830} INFO - Processing file /home/airflow/.local/lib/python3.10/site-packages/airflow/example_dags/example_bash_decorator.py for tasks to queue
[2025-05-09T16:21:38.060+0000] {logging_mixin.py:188} INFO - [2025-05-09T16:21:38.060+0000] {dagbag.py:545} INFO - Filling up the DagBag from /home/airflow/.local/lib/python3.10/site-packages/airflow/example_dags/example_bash_decorator.py
[2025-05-09T16:21:38.074+0000] {processor.py:840} INFO - DAG(s) 'example_bash_decorator' retrieved from /home/airflow/.local/lib/python3.10/site-packages/airflow/example_dags/example_bash_decorator.py
[2025-05-09T16:21:38.103+0000] {logging_mixin.py:188} INFO - [2025-05-09T16:21:38.102+0000] {dag.py:3096} INFO - Sync 1 DAGs
[2025-05-09T16:21:38.118+0000] {logging_mixin.py:188} INFO - [2025-05-09T16:21:38.118+0000] {dag.py:3954} INFO - Setting next_dagrun for example_bash_decorator to None, run_after=None
[2025-05-09T16:21:38.138+0000] {processor.py:183} INFO - Processing /home/airflow/.local/lib/python3.10/site-packages/airflow/example_dags/example_bash_decorator.py took 0.092 seconds
[2025-05-09T16:22:08.494+0000] {processor.py:161} INFO - Started process (PID=9599) to work on /home/airflow/.local/lib/python3.10/site-packages/airflow/example_dags/example_bash_decorator.py
[2025-05-09T16:22:08.495+0000] {processor.py:830} INFO - Processing file /home/airflow/.local/lib/python3.10/site-packages/airflow/example_dags/example_bash_decorator.py for tasks to queue
[2025-05-09T16:22:08.498+0000] {logging_mixin.py:188} INFO - [2025-05-09T16:22:08.498+0000] {dagbag.py:545} INFO - Filling up the DagBag from /home/airflow/.local/lib/python3.10/site-packages/airflow/example_dags/example_bash_decorator.py
[2025-05-09T16:22:08.514+0000] {processor.py:840} INFO - DAG(s) 'example_bash_decorator' retrieved from /home/airflow/.local/lib/python3.10/site-packages/airflow/example_dags/example_bash_decorator.py
[2025-05-09T16:22:08.547+0000] {logging_mixin.py:188} INFO - [2025-05-09T16:22:08.546+0000] {dag.py:3096} INFO - Sync 1 DAGs
[2025-05-09T16:22:08.562+0000] {logging_mixin.py:188} INFO - [2025-05-09T16:22:08.562+0000] {dag.py:3954} INFO - Setting next_dagrun for example_bash_decorator to None, run_after=None
[2025-05-09T16:22:08.596+0000] {processor.py:183} INFO - Processing /home/airflow/.local/lib/python3.10/site-packages/airflow/example_dags/example_bash_decorator.py took 0.110 seconds
[2025-05-09T16:22:39.113+0000] {processor.py:161} INFO - Started process (PID=9889) to work on /home/airflow/.local/lib/python3.10/site-packages/airflow/example_dags/example_bash_decorator.py
[2025-05-09T16:22:39.114+0000] {processor.py:830} INFO - Processing file /home/airflow/.local/lib/python3.10/site-packages/airflow/example_dags/example_bash_decorator.py for tasks to queue
[2025-05-09T16:22:39.117+0000] {logging_mixin.py:188} INFO - [2025-05-09T16:22:39.117+0000] {dagbag.py:545} INFO - Filling up the DagBag from /home/airflow/.local/lib/python3.10/site-packages/airflow/example_dags/example_bash_decorator.py
[2025-05-09T16:22:39.130+0000] {processor.py:840} INFO - DAG(s) 'example_bash_decorator' retrieved from /home/airflow/.local/lib/python3.10/site-packages/airflow/example_dags/example_bash_decorator.py
[2025-05-09T16:22:39.153+0000] {logging_mixin.py:188} INFO - [2025-05-09T16:22:39.153+0000] {dag.py:3096} INFO - Sync 1 DAGs
[2025-05-09T16:22:39.167+0000] {logging_mixin.py:188} INFO - [2025-05-09T16:22:39.167+0000] {dag.py:3954} INFO - Setting next_dagrun for example_bash_decorator to None, run_after=None
[2025-05-09T16:22:39.188+0000] {processor.py:183} INFO - Processing /home/airflow/.local/lib/python3.10/site-packages/airflow/example_dags/example_bash_decorator.py took 0.082 seconds
[2025-05-09T16:23:10.255+0000] {processor.py:161} INFO - Started process (PID=10189) to work on /home/airflow/.local/lib/python3.10/site-packages/airflow/example_dags/example_bash_decorator.py
[2025-05-09T16:23:10.257+0000] {processor.py:830} INFO - Processing file /home/airflow/.local/lib/python3.10/site-packages/airflow/example_dags/example_bash_decorator.py for tasks to queue
[2025-05-09T16:23:10.260+0000] {logging_mixin.py:188} INFO - [2025-05-09T16:23:10.260+0000] {dagbag.py:545} INFO - Filling up the DagBag from /home/airflow/.local/lib/python3.10/site-packages/airflow/example_dags/example_bash_decorator.py
[2025-05-09T16:23:10.276+0000] {processor.py:840} INFO - DAG(s) 'example_bash_decorator' retrieved from /home/airflow/.local/lib/python3.10/site-packages/airflow/example_dags/example_bash_decorator.py
[2025-05-09T16:23:10.311+0000] {logging_mixin.py:188} INFO - [2025-05-09T16:23:10.310+0000] {dag.py:3096} INFO - Sync 1 DAGs
[2025-05-09T16:23:10.331+0000] {logging_mixin.py:188} INFO - [2025-05-09T16:23:10.330+0000] {dag.py:3954} INFO - Setting next_dagrun for example_bash_decorator to None, run_after=None
[2025-05-09T16:23:10.360+0000] {processor.py:183} INFO - Processing /home/airflow/.local/lib/python3.10/site-packages/airflow/example_dags/example_bash_decorator.py took 0.113 seconds
[2025-05-09T16:23:40.572+0000] {processor.py:161} INFO - Started process (PID=10464) to work on /home/airflow/.local/lib/python3.10/site-packages/airflow/example_dags/example_bash_decorator.py
[2025-05-09T16:23:40.574+0000] {processor.py:830} INFO - Processing file /home/airflow/.local/lib/python3.10/site-packages/airflow/example_dags/example_bash_decorator.py for tasks to queue
[2025-05-09T16:23:40.576+0000] {logging_mixin.py:188} INFO - [2025-05-09T16:23:40.576+0000] {dagbag.py:545} INFO - Filling up the DagBag from /home/airflow/.local/lib/python3.10/site-packages/airflow/example_dags/example_bash_decorator.py
[2025-05-09T16:23:40.589+0000] {processor.py:840} INFO - DAG(s) 'example_bash_decorator' retrieved from /home/airflow/.local/lib/python3.10/site-packages/airflow/example_dags/example_bash_decorator.py
[2025-05-09T16:23:40.615+0000] {logging_mixin.py:188} INFO - [2025-05-09T16:23:40.615+0000] {dag.py:3096} INFO - Sync 1 DAGs
[2025-05-09T16:23:40.629+0000] {logging_mixin.py:188} INFO - [2025-05-09T16:23:40.628+0000] {dag.py:3954} INFO - Setting next_dagrun for example_bash_decorator to None, run_after=None
[2025-05-09T16:23:40.650+0000] {processor.py:183} INFO - Processing /home/airflow/.local/lib/python3.10/site-packages/airflow/example_dags/example_bash_decorator.py took 0.084 seconds
[2025-05-09T16:24:11.390+0000] {processor.py:161} INFO - Started process (PID=10777) to work on /home/airflow/.local/lib/python3.10/site-packages/airflow/example_dags/example_bash_decorator.py
[2025-05-09T16:24:11.391+0000] {processor.py:830} INFO - Processing file /home/airflow/.local/lib/python3.10/site-packages/airflow/example_dags/example_bash_decorator.py for tasks to queue
[2025-05-09T16:24:11.394+0000] {logging_mixin.py:188} INFO - [2025-05-09T16:24:11.393+0000] {dagbag.py:545} INFO - Filling up the DagBag from /home/airflow/.local/lib/python3.10/site-packages/airflow/example_dags/example_bash_decorator.py
[2025-05-09T16:24:11.408+0000] {processor.py:840} INFO - DAG(s) 'example_bash_decorator' retrieved from /home/airflow/.local/lib/python3.10/site-packages/airflow/example_dags/example_bash_decorator.py
[2025-05-09T16:24:11.440+0000] {logging_mixin.py:188} INFO - [2025-05-09T16:24:11.440+0000] {dag.py:3096} INFO - Sync 1 DAGs
[2025-05-09T16:24:11.458+0000] {logging_mixin.py:188} INFO - [2025-05-09T16:24:11.458+0000] {dag.py:3954} INFO - Setting next_dagrun for example_bash_decorator to None, run_after=None
[2025-05-09T16:24:11.492+0000] {processor.py:183} INFO - Processing /home/airflow/.local/lib/python3.10/site-packages/airflow/example_dags/example_bash_decorator.py took 0.108 seconds
[2025-05-09T16:24:41.805+0000] {processor.py:161} INFO - Started process (PID=11053) to work on /home/airflow/.local/lib/python3.10/site-packages/airflow/example_dags/example_bash_decorator.py
[2025-05-09T16:24:41.807+0000] {processor.py:830} INFO - Processing file /home/airflow/.local/lib/python3.10/site-packages/airflow/example_dags/example_bash_decorator.py for tasks to queue
[2025-05-09T16:24:41.810+0000] {logging_mixin.py:188} INFO - [2025-05-09T16:24:41.809+0000] {dagbag.py:545} INFO - Filling up the DagBag from /home/airflow/.local/lib/python3.10/site-packages/airflow/example_dags/example_bash_decorator.py
[2025-05-09T16:24:41.825+0000] {processor.py:840} INFO - DAG(s) 'example_bash_decorator' retrieved from /home/airflow/.local/lib/python3.10/site-packages/airflow/example_dags/example_bash_decorator.py
[2025-05-09T16:24:41.853+0000] {logging_mixin.py:188} INFO - [2025-05-09T16:24:41.853+0000] {dag.py:3096} INFO - Sync 1 DAGs
[2025-05-09T16:24:41.878+0000] {logging_mixin.py:188} INFO - [2025-05-09T16:24:41.878+0000] {dag.py:3954} INFO - Setting next_dagrun for example_bash_decorator to None, run_after=None
[2025-05-09T16:24:41.912+0000] {processor.py:183} INFO - Processing /home/airflow/.local/lib/python3.10/site-packages/airflow/example_dags/example_bash_decorator.py took 0.115 seconds
[2025-05-09T16:25:12.028+0000] {processor.py:161} INFO - Started process (PID=11407) to work on /home/airflow/.local/lib/python3.10/site-packages/airflow/example_dags/example_bash_decorator.py
[2025-05-09T16:25:12.029+0000] {processor.py:830} INFO - Processing file /home/airflow/.local/lib/python3.10/site-packages/airflow/example_dags/example_bash_decorator.py for tasks to queue
[2025-05-09T16:25:12.032+0000] {logging_mixin.py:188} INFO - [2025-05-09T16:25:12.031+0000] {dagbag.py:545} INFO - Filling up the DagBag from /home/airflow/.local/lib/python3.10/site-packages/airflow/example_dags/example_bash_decorator.py
[2025-05-09T16:25:12.044+0000] {processor.py:840} INFO - DAG(s) 'example_bash_decorator' retrieved from /home/airflow/.local/lib/python3.10/site-packages/airflow/example_dags/example_bash_decorator.py
[2025-05-09T16:25:12.065+0000] {logging_mixin.py:188} INFO - [2025-05-09T16:25:12.065+0000] {dag.py:3096} INFO - Sync 1 DAGs
[2025-05-09T16:25:12.076+0000] {logging_mixin.py:188} INFO - [2025-05-09T16:25:12.075+0000] {dag.py:3954} INFO - Setting next_dagrun for example_bash_decorator to None, run_after=None
[2025-05-09T16:25:12.092+0000] {processor.py:183} INFO - Processing /home/airflow/.local/lib/python3.10/site-packages/airflow/example_dags/example_bash_decorator.py took 0.071 seconds
[2025-05-09T16:25:42.732+0000] {processor.py:161} INFO - Started process (PID=11676) to work on /home/airflow/.local/lib/python3.10/site-packages/airflow/example_dags/example_bash_decorator.py
[2025-05-09T16:25:42.734+0000] {processor.py:830} INFO - Processing file /home/airflow/.local/lib/python3.10/site-packages/airflow/example_dags/example_bash_decorator.py for tasks to queue
[2025-05-09T16:25:42.736+0000] {logging_mixin.py:188} INFO - [2025-05-09T16:25:42.736+0000] {dagbag.py:545} INFO - Filling up the DagBag from /home/airflow/.local/lib/python3.10/site-packages/airflow/example_dags/example_bash_decorator.py
[2025-05-09T16:25:42.747+0000] {processor.py:840} INFO - DAG(s) 'example_bash_decorator' retrieved from /home/airflow/.local/lib/python3.10/site-packages/airflow/example_dags/example_bash_decorator.py
[2025-05-09T16:25:42.767+0000] {logging_mixin.py:188} INFO - [2025-05-09T16:25:42.766+0000] {dag.py:3096} INFO - Sync 1 DAGs
[2025-05-09T16:25:42.778+0000] {logging_mixin.py:188} INFO - [2025-05-09T16:25:42.778+0000] {dag.py:3954} INFO - Setting next_dagrun for example_bash_decorator to None, run_after=None
[2025-05-09T16:25:42.796+0000] {processor.py:183} INFO - Processing /home/airflow/.local/lib/python3.10/site-packages/airflow/example_dags/example_bash_decorator.py took 0.068 seconds
[2025-05-09T16:26:13.176+0000] {processor.py:161} INFO - Started process (PID=12001) to work on /home/airflow/.local/lib/python3.10/site-packages/airflow/example_dags/example_bash_decorator.py
[2025-05-09T16:26:13.178+0000] {processor.py:830} INFO - Processing file /home/airflow/.local/lib/python3.10/site-packages/airflow/example_dags/example_bash_decorator.py for tasks to queue
[2025-05-09T16:26:13.180+0000] {logging_mixin.py:188} INFO - [2025-05-09T16:26:13.180+0000] {dagbag.py:545} INFO - Filling up the DagBag from /home/airflow/.local/lib/python3.10/site-packages/airflow/example_dags/example_bash_decorator.py
[2025-05-09T16:26:13.195+0000] {processor.py:840} INFO - DAG(s) 'example_bash_decorator' retrieved from /home/airflow/.local/lib/python3.10/site-packages/airflow/example_dags/example_bash_decorator.py
[2025-05-09T16:26:13.219+0000] {logging_mixin.py:188} INFO - [2025-05-09T16:26:13.218+0000] {dag.py:3096} INFO - Sync 1 DAGs
[2025-05-09T16:26:13.232+0000] {logging_mixin.py:188} INFO - [2025-05-09T16:26:13.232+0000] {dag.py:3954} INFO - Setting next_dagrun for example_bash_decorator to None, run_after=None
[2025-05-09T16:26:13.254+0000] {processor.py:183} INFO - Processing /home/airflow/.local/lib/python3.10/site-packages/airflow/example_dags/example_bash_decorator.py took 0.085 seconds
[2025-05-09T16:26:43.581+0000] {processor.py:161} INFO - Started process (PID=12276) to work on /home/airflow/.local/lib/python3.10/site-packages/airflow/example_dags/example_bash_decorator.py
[2025-05-09T16:26:43.583+0000] {processor.py:830} INFO - Processing file /home/airflow/.local/lib/python3.10/site-packages/airflow/example_dags/example_bash_decorator.py for tasks to queue
[2025-05-09T16:26:43.586+0000] {logging_mixin.py:188} INFO - [2025-05-09T16:26:43.585+0000] {dagbag.py:545} INFO - Filling up the DagBag from /home/airflow/.local/lib/python3.10/site-packages/airflow/example_dags/example_bash_decorator.py
[2025-05-09T16:26:43.598+0000] {processor.py:840} INFO - DAG(s) 'example_bash_decorator' retrieved from /home/airflow/.local/lib/python3.10/site-packages/airflow/example_dags/example_bash_decorator.py
[2025-05-09T16:26:43.625+0000] {logging_mixin.py:188} INFO - [2025-05-09T16:26:43.624+0000] {dag.py:3096} INFO - Sync 1 DAGs
[2025-05-09T16:26:43.637+0000] {logging_mixin.py:188} INFO - [2025-05-09T16:26:43.637+0000] {dag.py:3954} INFO - Setting next_dagrun for example_bash_decorator to None, run_after=None
[2025-05-09T16:26:43.655+0000] {processor.py:183} INFO - Processing /home/airflow/.local/lib/python3.10/site-packages/airflow/example_dags/example_bash_decorator.py took 0.081 seconds
[2025-05-09T16:27:14.294+0000] {processor.py:161} INFO - Started process (PID=12595) to work on /home/airflow/.local/lib/python3.10/site-packages/airflow/example_dags/example_bash_decorator.py
[2025-05-09T16:27:14.296+0000] {processor.py:830} INFO - Processing file /home/airflow/.local/lib/python3.10/site-packages/airflow/example_dags/example_bash_decorator.py for tasks to queue
[2025-05-09T16:27:14.299+0000] {logging_mixin.py:188} INFO - [2025-05-09T16:27:14.299+0000] {dagbag.py:545} INFO - Filling up the DagBag from /home/airflow/.local/lib/python3.10/site-packages/airflow/example_dags/example_bash_decorator.py
[2025-05-09T16:27:14.320+0000] {processor.py:840} INFO - DAG(s) 'example_bash_decorator' retrieved from /home/airflow/.local/lib/python3.10/site-packages/airflow/example_dags/example_bash_decorator.py
[2025-05-09T16:27:14.350+0000] {logging_mixin.py:188} INFO - [2025-05-09T16:27:14.350+0000] {dag.py:3096} INFO - Sync 1 DAGs
[2025-05-09T16:27:14.365+0000] {logging_mixin.py:188} INFO - [2025-05-09T16:27:14.365+0000] {dag.py:3954} INFO - Setting next_dagrun for example_bash_decorator to None, run_after=None
[2025-05-09T16:27:14.392+0000] {processor.py:183} INFO - Processing /home/airflow/.local/lib/python3.10/site-packages/airflow/example_dags/example_bash_decorator.py took 0.107 seconds
[2025-05-09T16:27:44.623+0000] {processor.py:161} INFO - Started process (PID=12857) to work on /home/airflow/.local/lib/python3.10/site-packages/airflow/example_dags/example_bash_decorator.py
[2025-05-09T16:27:44.624+0000] {processor.py:830} INFO - Processing file /home/airflow/.local/lib/python3.10/site-packages/airflow/example_dags/example_bash_decorator.py for tasks to queue
[2025-05-09T16:27:44.626+0000] {logging_mixin.py:188} INFO - [2025-05-09T16:27:44.626+0000] {dagbag.py:545} INFO - Filling up the DagBag from /home/airflow/.local/lib/python3.10/site-packages/airflow/example_dags/example_bash_decorator.py
[2025-05-09T16:27:44.639+0000] {processor.py:840} INFO - DAG(s) 'example_bash_decorator' retrieved from /home/airflow/.local/lib/python3.10/site-packages/airflow/example_dags/example_bash_decorator.py
[2025-05-09T16:27:44.668+0000] {logging_mixin.py:188} INFO - [2025-05-09T16:27:44.667+0000] {dag.py:3096} INFO - Sync 1 DAGs
[2025-05-09T16:27:44.682+0000] {logging_mixin.py:188} INFO - [2025-05-09T16:27:44.682+0000] {dag.py:3954} INFO - Setting next_dagrun for example_bash_decorator to None, run_after=None
[2025-05-09T16:27:44.702+0000] {processor.py:183} INFO - Processing /home/airflow/.local/lib/python3.10/site-packages/airflow/example_dags/example_bash_decorator.py took 0.085 seconds
[2025-05-09T16:28:14.879+0000] {processor.py:161} INFO - Started process (PID=13155) to work on /home/airflow/.local/lib/python3.10/site-packages/airflow/example_dags/example_bash_decorator.py
[2025-05-09T16:28:14.881+0000] {processor.py:830} INFO - Processing file /home/airflow/.local/lib/python3.10/site-packages/airflow/example_dags/example_bash_decorator.py for tasks to queue
[2025-05-09T16:28:14.885+0000] {logging_mixin.py:188} INFO - [2025-05-09T16:28:14.884+0000] {dagbag.py:545} INFO - Filling up the DagBag from /home/airflow/.local/lib/python3.10/site-packages/airflow/example_dags/example_bash_decorator.py
[2025-05-09T16:28:14.903+0000] {processor.py:840} INFO - DAG(s) 'example_bash_decorator' retrieved from /home/airflow/.local/lib/python3.10/site-packages/airflow/example_dags/example_bash_decorator.py
[2025-05-09T16:28:14.940+0000] {logging_mixin.py:188} INFO - [2025-05-09T16:28:14.939+0000] {dag.py:3096} INFO - Sync 1 DAGs
[2025-05-09T16:28:14.958+0000] {logging_mixin.py:188} INFO - [2025-05-09T16:28:14.957+0000] {dag.py:3954} INFO - Setting next_dagrun for example_bash_decorator to None, run_after=None
[2025-05-09T16:28:14.979+0000] {processor.py:183} INFO - Processing /home/airflow/.local/lib/python3.10/site-packages/airflow/example_dags/example_bash_decorator.py took 0.110 seconds
[2025-05-09T16:28:45.988+0000] {processor.py:161} INFO - Started process (PID=13417) to work on /home/airflow/.local/lib/python3.10/site-packages/airflow/example_dags/example_bash_decorator.py
[2025-05-09T16:28:45.990+0000] {processor.py:830} INFO - Processing file /home/airflow/.local/lib/python3.10/site-packages/airflow/example_dags/example_bash_decorator.py for tasks to queue
[2025-05-09T16:28:45.993+0000] {logging_mixin.py:188} INFO - [2025-05-09T16:28:45.992+0000] {dagbag.py:545} INFO - Filling up the DagBag from /home/airflow/.local/lib/python3.10/site-packages/airflow/example_dags/example_bash_decorator.py
[2025-05-09T16:28:46.007+0000] {processor.py:840} INFO - DAG(s) 'example_bash_decorator' retrieved from /home/airflow/.local/lib/python3.10/site-packages/airflow/example_dags/example_bash_decorator.py
[2025-05-09T16:28:46.033+0000] {logging_mixin.py:188} INFO - [2025-05-09T16:28:46.033+0000] {dag.py:3096} INFO - Sync 1 DAGs
[2025-05-09T16:28:46.045+0000] {logging_mixin.py:188} INFO - [2025-05-09T16:28:46.044+0000] {dag.py:3954} INFO - Setting next_dagrun for example_bash_decorator to None, run_after=None
[2025-05-09T16:28:46.066+0000] {processor.py:183} INFO - Processing /home/airflow/.local/lib/python3.10/site-packages/airflow/example_dags/example_bash_decorator.py took 0.086 seconds
[2025-05-09T16:29:16.458+0000] {processor.py:161} INFO - Started process (PID=13756) to work on /home/airflow/.local/lib/python3.10/site-packages/airflow/example_dags/example_bash_decorator.py
[2025-05-09T16:29:16.461+0000] {processor.py:830} INFO - Processing file /home/airflow/.local/lib/python3.10/site-packages/airflow/example_dags/example_bash_decorator.py for tasks to queue
[2025-05-09T16:29:16.464+0000] {logging_mixin.py:188} INFO - [2025-05-09T16:29:16.464+0000] {dagbag.py:545} INFO - Filling up the DagBag from /home/airflow/.local/lib/python3.10/site-packages/airflow/example_dags/example_bash_decorator.py
[2025-05-09T16:29:16.479+0000] {processor.py:840} INFO - DAG(s) 'example_bash_decorator' retrieved from /home/airflow/.local/lib/python3.10/site-packages/airflow/example_dags/example_bash_decorator.py
[2025-05-09T16:29:16.504+0000] {logging_mixin.py:188} INFO - [2025-05-09T16:29:16.504+0000] {dag.py:3096} INFO - Sync 1 DAGs
[2025-05-09T16:29:16.518+0000] {logging_mixin.py:188} INFO - [2025-05-09T16:29:16.518+0000] {dag.py:3954} INFO - Setting next_dagrun for example_bash_decorator to None, run_after=None
[2025-05-09T16:29:16.536+0000] {processor.py:183} INFO - Processing /home/airflow/.local/lib/python3.10/site-packages/airflow/example_dags/example_bash_decorator.py took 0.085 seconds
[2025-05-09T16:29:46.738+0000] {processor.py:161} INFO - Started process (PID=14016) to work on /home/airflow/.local/lib/python3.10/site-packages/airflow/example_dags/example_bash_decorator.py
[2025-05-09T16:29:46.739+0000] {processor.py:830} INFO - Processing file /home/airflow/.local/lib/python3.10/site-packages/airflow/example_dags/example_bash_decorator.py for tasks to queue
[2025-05-09T16:29:46.741+0000] {logging_mixin.py:188} INFO - [2025-05-09T16:29:46.741+0000] {dagbag.py:545} INFO - Filling up the DagBag from /home/airflow/.local/lib/python3.10/site-packages/airflow/example_dags/example_bash_decorator.py
[2025-05-09T16:29:46.755+0000] {processor.py:840} INFO - DAG(s) 'example_bash_decorator' retrieved from /home/airflow/.local/lib/python3.10/site-packages/airflow/example_dags/example_bash_decorator.py
[2025-05-09T16:29:46.785+0000] {logging_mixin.py:188} INFO - [2025-05-09T16:29:46.785+0000] {dag.py:3096} INFO - Sync 1 DAGs
[2025-05-09T16:29:46.796+0000] {logging_mixin.py:188} INFO - [2025-05-09T16:29:46.796+0000] {dag.py:3954} INFO - Setting next_dagrun for example_bash_decorator to None, run_after=None
[2025-05-09T16:29:46.812+0000] {processor.py:183} INFO - Processing /home/airflow/.local/lib/python3.10/site-packages/airflow/example_dags/example_bash_decorator.py took 0.080 seconds
[2025-05-09T16:30:17.290+0000] {processor.py:161} INFO - Started process (PID=14329) to work on /home/airflow/.local/lib/python3.10/site-packages/airflow/example_dags/example_bash_decorator.py
[2025-05-09T16:30:17.292+0000] {processor.py:830} INFO - Processing file /home/airflow/.local/lib/python3.10/site-packages/airflow/example_dags/example_bash_decorator.py for tasks to queue
[2025-05-09T16:30:17.295+0000] {logging_mixin.py:188} INFO - [2025-05-09T16:30:17.294+0000] {dagbag.py:545} INFO - Filling up the DagBag from /home/airflow/.local/lib/python3.10/site-packages/airflow/example_dags/example_bash_decorator.py
[2025-05-09T16:30:17.308+0000] {processor.py:840} INFO - DAG(s) 'example_bash_decorator' retrieved from /home/airflow/.local/lib/python3.10/site-packages/airflow/example_dags/example_bash_decorator.py
[2025-05-09T16:30:17.338+0000] {logging_mixin.py:188} INFO - [2025-05-09T16:30:17.338+0000] {dag.py:3096} INFO - Sync 1 DAGs
[2025-05-09T16:30:17.350+0000] {logging_mixin.py:188} INFO - [2025-05-09T16:30:17.350+0000] {dag.py:3954} INFO - Setting next_dagrun for example_bash_decorator to None, run_after=None
[2025-05-09T16:30:17.369+0000] {processor.py:183} INFO - Processing /home/airflow/.local/lib/python3.10/site-packages/airflow/example_dags/example_bash_decorator.py took 0.086 seconds
[2025-05-09T16:30:47.664+0000] {processor.py:161} INFO - Started process (PID=14591) to work on /home/airflow/.local/lib/python3.10/site-packages/airflow/example_dags/example_bash_decorator.py
[2025-05-09T16:30:47.666+0000] {processor.py:830} INFO - Processing file /home/airflow/.local/lib/python3.10/site-packages/airflow/example_dags/example_bash_decorator.py for tasks to queue
[2025-05-09T16:30:47.668+0000] {logging_mixin.py:188} INFO - [2025-05-09T16:30:47.668+0000] {dagbag.py:545} INFO - Filling up the DagBag from /home/airflow/.local/lib/python3.10/site-packages/airflow/example_dags/example_bash_decorator.py
[2025-05-09T16:30:47.684+0000] {processor.py:840} INFO - DAG(s) 'example_bash_decorator' retrieved from /home/airflow/.local/lib/python3.10/site-packages/airflow/example_dags/example_bash_decorator.py
[2025-05-09T16:30:47.714+0000] {logging_mixin.py:188} INFO - [2025-05-09T16:30:47.713+0000] {dag.py:3096} INFO - Sync 1 DAGs
[2025-05-09T16:30:47.727+0000] {logging_mixin.py:188} INFO - [2025-05-09T16:30:47.727+0000] {dag.py:3954} INFO - Setting next_dagrun for example_bash_decorator to None, run_after=None
[2025-05-09T16:30:47.750+0000] {processor.py:183} INFO - Processing /home/airflow/.local/lib/python3.10/site-packages/airflow/example_dags/example_bash_decorator.py took 0.091 seconds
