[2025-05-09T12:10:21.533+0000] {processor.py:161} INFO - Started process (PID=316) to work on /home/airflow/.local/lib/python3.10/site-packages/airflow/example_dags/example_latest_only.py
[2025-05-09T12:10:21.535+0000] {processor.py:830} INFO - Processing file /home/airflow/.local/lib/python3.10/site-packages/airflow/example_dags/example_latest_only.py for tasks to queue
[2025-05-09T12:10:21.539+0000] {logging_mixin.py:188} INFO - [2025-05-09T12:10:21.538+0000] {dagbag.py:545} INFO - Filling up the DagBag from /home/airflow/.local/lib/python3.10/site-packages/airflow/example_dags/example_latest_only.py
[2025-05-09T12:10:21.550+0000] {processor.py:840} INFO - DAG(s) 'latest_only' retrieved from /home/airflow/.local/lib/python3.10/site-packages/airflow/example_dags/example_latest_only.py
[2025-05-09T12:10:21.566+0000] {logging_mixin.py:188} INFO - [2025-05-09T12:10:21.566+0000] {dag.py:3096} INFO - Sync 1 DAGs
[2025-05-09T12:10:21.602+0000] {logging_mixin.py:188} INFO - [2025-05-09T12:10:21.601+0000] {dag.py:3954} INFO - Setting next_dagrun for latest_only to 2025-05-09 08:00:00+00:00, run_after=2025-05-09 12:00:00+00:00
[2025-05-09T12:10:21.632+0000] {processor.py:183} INFO - Processing /home/airflow/.local/lib/python3.10/site-packages/airflow/example_dags/example_latest_only.py took 0.107 seconds
[2025-05-09T12:10:53.444+0000] {processor.py:161} INFO - Started process (PID=572) to work on /home/airflow/.local/lib/python3.10/site-packages/airflow/example_dags/example_latest_only.py
[2025-05-09T12:10:53.446+0000] {processor.py:830} INFO - Processing file /home/airflow/.local/lib/python3.10/site-packages/airflow/example_dags/example_latest_only.py for tasks to queue
[2025-05-09T12:10:53.448+0000] {logging_mixin.py:188} INFO - [2025-05-09T12:10:53.448+0000] {dagbag.py:545} INFO - Filling up the DagBag from /home/airflow/.local/lib/python3.10/site-packages/airflow/example_dags/example_latest_only.py
[2025-05-09T12:10:53.455+0000] {processor.py:840} INFO - DAG(s) 'latest_only' retrieved from /home/airflow/.local/lib/python3.10/site-packages/airflow/example_dags/example_latest_only.py
[2025-05-09T12:10:53.568+0000] {logging_mixin.py:188} INFO - [2025-05-09T12:10:53.568+0000] {dag.py:3096} INFO - Sync 1 DAGs
[2025-05-09T12:10:53.594+0000] {logging_mixin.py:188} INFO - [2025-05-09T12:10:53.593+0000] {dag.py:3954} INFO - Setting next_dagrun for latest_only to 2025-05-09 08:00:00+00:00, run_after=2025-05-09 12:00:00+00:00
[2025-05-09T12:10:53.615+0000] {processor.py:183} INFO - Processing /home/airflow/.local/lib/python3.10/site-packages/airflow/example_dags/example_latest_only.py took 0.178 seconds
[2025-05-09T12:11:23.824+0000] {processor.py:161} INFO - Started process (PID=829) to work on /home/airflow/.local/lib/python3.10/site-packages/airflow/example_dags/example_latest_only.py
[2025-05-09T12:11:23.825+0000] {processor.py:830} INFO - Processing file /home/airflow/.local/lib/python3.10/site-packages/airflow/example_dags/example_latest_only.py for tasks to queue
[2025-05-09T12:11:23.828+0000] {logging_mixin.py:188} INFO - [2025-05-09T12:11:23.827+0000] {dagbag.py:545} INFO - Filling up the DagBag from /home/airflow/.local/lib/python3.10/site-packages/airflow/example_dags/example_latest_only.py
[2025-05-09T12:11:23.835+0000] {processor.py:840} INFO - DAG(s) 'latest_only' retrieved from /home/airflow/.local/lib/python3.10/site-packages/airflow/example_dags/example_latest_only.py
[2025-05-09T12:11:23.860+0000] {logging_mixin.py:188} INFO - [2025-05-09T12:11:23.859+0000] {dag.py:3096} INFO - Sync 1 DAGs
[2025-05-09T12:11:23.887+0000] {logging_mixin.py:188} INFO - [2025-05-09T12:11:23.886+0000] {dag.py:3954} INFO - Setting next_dagrun for latest_only to 2025-05-09 08:00:00+00:00, run_after=2025-05-09 12:00:00+00:00
[2025-05-09T12:11:23.924+0000] {processor.py:183} INFO - Processing /home/airflow/.local/lib/python3.10/site-packages/airflow/example_dags/example_latest_only.py took 0.110 seconds
[2025-05-09T12:11:54.091+0000] {processor.py:161} INFO - Started process (PID=1086) to work on /home/airflow/.local/lib/python3.10/site-packages/airflow/example_dags/example_latest_only.py
[2025-05-09T12:11:54.093+0000] {processor.py:830} INFO - Processing file /home/airflow/.local/lib/python3.10/site-packages/airflow/example_dags/example_latest_only.py for tasks to queue
[2025-05-09T12:11:54.095+0000] {logging_mixin.py:188} INFO - [2025-05-09T12:11:54.095+0000] {dagbag.py:545} INFO - Filling up the DagBag from /home/airflow/.local/lib/python3.10/site-packages/airflow/example_dags/example_latest_only.py
[2025-05-09T12:11:54.101+0000] {processor.py:840} INFO - DAG(s) 'latest_only' retrieved from /home/airflow/.local/lib/python3.10/site-packages/airflow/example_dags/example_latest_only.py
[2025-05-09T12:11:54.129+0000] {logging_mixin.py:188} INFO - [2025-05-09T12:11:54.129+0000] {dag.py:3096} INFO - Sync 1 DAGs
[2025-05-09T12:11:54.155+0000] {logging_mixin.py:188} INFO - [2025-05-09T12:11:54.155+0000] {dag.py:3954} INFO - Setting next_dagrun for latest_only to 2025-05-09 08:00:00+00:00, run_after=2025-05-09 12:00:00+00:00
[2025-05-09T12:11:54.190+0000] {processor.py:183} INFO - Processing /home/airflow/.local/lib/python3.10/site-packages/airflow/example_dags/example_latest_only.py took 0.109 seconds
[2025-05-09T12:12:24.303+0000] {processor.py:161} INFO - Started process (PID=1342) to work on /home/airflow/.local/lib/python3.10/site-packages/airflow/example_dags/example_latest_only.py
[2025-05-09T12:12:24.304+0000] {processor.py:830} INFO - Processing file /home/airflow/.local/lib/python3.10/site-packages/airflow/example_dags/example_latest_only.py for tasks to queue
[2025-05-09T12:12:24.306+0000] {logging_mixin.py:188} INFO - [2025-05-09T12:12:24.306+0000] {dagbag.py:545} INFO - Filling up the DagBag from /home/airflow/.local/lib/python3.10/site-packages/airflow/example_dags/example_latest_only.py
[2025-05-09T12:12:24.311+0000] {processor.py:840} INFO - DAG(s) 'latest_only' retrieved from /home/airflow/.local/lib/python3.10/site-packages/airflow/example_dags/example_latest_only.py
[2025-05-09T12:12:24.335+0000] {logging_mixin.py:188} INFO - [2025-05-09T12:12:24.335+0000] {dag.py:3096} INFO - Sync 1 DAGs
[2025-05-09T12:12:24.358+0000] {logging_mixin.py:188} INFO - [2025-05-09T12:12:24.358+0000] {dag.py:3954} INFO - Setting next_dagrun for latest_only to 2025-05-09 08:00:00+00:00, run_after=2025-05-09 12:00:00+00:00
[2025-05-09T12:12:24.380+0000] {processor.py:183} INFO - Processing /home/airflow/.local/lib/python3.10/site-packages/airflow/example_dags/example_latest_only.py took 0.085 seconds
[2025-05-09T12:12:55.062+0000] {processor.py:161} INFO - Started process (PID=1596) to work on /home/airflow/.local/lib/python3.10/site-packages/airflow/example_dags/example_latest_only.py
[2025-05-09T12:12:55.065+0000] {processor.py:830} INFO - Processing file /home/airflow/.local/lib/python3.10/site-packages/airflow/example_dags/example_latest_only.py for tasks to queue
[2025-05-09T12:12:55.069+0000] {logging_mixin.py:188} INFO - [2025-05-09T12:12:55.068+0000] {dagbag.py:545} INFO - Filling up the DagBag from /home/airflow/.local/lib/python3.10/site-packages/airflow/example_dags/example_latest_only.py
[2025-05-09T12:12:55.081+0000] {processor.py:840} INFO - DAG(s) 'latest_only' retrieved from /home/airflow/.local/lib/python3.10/site-packages/airflow/example_dags/example_latest_only.py
[2025-05-09T12:12:55.130+0000] {logging_mixin.py:188} INFO - [2025-05-09T12:12:55.130+0000] {dag.py:3096} INFO - Sync 1 DAGs
[2025-05-09T12:12:55.165+0000] {logging_mixin.py:188} INFO - [2025-05-09T12:12:55.165+0000] {dag.py:3954} INFO - Setting next_dagrun for latest_only to 2025-05-09 08:00:00+00:00, run_after=2025-05-09 12:00:00+00:00
[2025-05-09T12:12:55.202+0000] {processor.py:183} INFO - Processing /home/airflow/.local/lib/python3.10/site-packages/airflow/example_dags/example_latest_only.py took 0.153 seconds
[2025-05-09T12:13:25.785+0000] {processor.py:161} INFO - Started process (PID=1852) to work on /home/airflow/.local/lib/python3.10/site-packages/airflow/example_dags/example_latest_only.py
[2025-05-09T12:13:25.787+0000] {processor.py:830} INFO - Processing file /home/airflow/.local/lib/python3.10/site-packages/airflow/example_dags/example_latest_only.py for tasks to queue
[2025-05-09T12:13:25.790+0000] {logging_mixin.py:188} INFO - [2025-05-09T12:13:25.789+0000] {dagbag.py:545} INFO - Filling up the DagBag from /home/airflow/.local/lib/python3.10/site-packages/airflow/example_dags/example_latest_only.py
[2025-05-09T12:13:25.800+0000] {processor.py:840} INFO - DAG(s) 'latest_only' retrieved from /home/airflow/.local/lib/python3.10/site-packages/airflow/example_dags/example_latest_only.py
[2025-05-09T12:13:25.829+0000] {logging_mixin.py:188} INFO - [2025-05-09T12:13:25.828+0000] {dag.py:3096} INFO - Sync 1 DAGs
[2025-05-09T12:13:25.857+0000] {logging_mixin.py:188} INFO - [2025-05-09T12:13:25.857+0000] {dag.py:3954} INFO - Setting next_dagrun for latest_only to 2025-05-09 08:00:00+00:00, run_after=2025-05-09 12:00:00+00:00
[2025-05-09T12:13:25.883+0000] {processor.py:183} INFO - Processing /home/airflow/.local/lib/python3.10/site-packages/airflow/example_dags/example_latest_only.py took 0.108 seconds
[2025-05-09T12:13:56.413+0000] {processor.py:161} INFO - Started process (PID=2108) to work on /home/airflow/.local/lib/python3.10/site-packages/airflow/example_dags/example_latest_only.py
[2025-05-09T12:13:56.415+0000] {processor.py:830} INFO - Processing file /home/airflow/.local/lib/python3.10/site-packages/airflow/example_dags/example_latest_only.py for tasks to queue
[2025-05-09T12:13:56.510+0000] {logging_mixin.py:188} INFO - [2025-05-09T12:13:56.509+0000] {dagbag.py:545} INFO - Filling up the DagBag from /home/airflow/.local/lib/python3.10/site-packages/airflow/example_dags/example_latest_only.py
[2025-05-09T12:13:56.517+0000] {processor.py:840} INFO - DAG(s) 'latest_only' retrieved from /home/airflow/.local/lib/python3.10/site-packages/airflow/example_dags/example_latest_only.py
[2025-05-09T12:13:56.541+0000] {logging_mixin.py:188} INFO - [2025-05-09T12:13:56.541+0000] {dag.py:3096} INFO - Sync 1 DAGs
[2025-05-09T12:13:56.567+0000] {logging_mixin.py:188} INFO - [2025-05-09T12:13:56.567+0000] {dag.py:3954} INFO - Setting next_dagrun for latest_only to 2025-05-09 08:00:00+00:00, run_after=2025-05-09 12:00:00+00:00
[2025-05-09T12:13:56.588+0000] {processor.py:183} INFO - Processing /home/airflow/.local/lib/python3.10/site-packages/airflow/example_dags/example_latest_only.py took 0.093 seconds
[2025-05-09T12:14:27.167+0000] {processor.py:161} INFO - Started process (PID=2364) to work on /home/airflow/.local/lib/python3.10/site-packages/airflow/example_dags/example_latest_only.py
[2025-05-09T12:14:27.169+0000] {processor.py:830} INFO - Processing file /home/airflow/.local/lib/python3.10/site-packages/airflow/example_dags/example_latest_only.py for tasks to queue
[2025-05-09T12:14:27.172+0000] {logging_mixin.py:188} INFO - [2025-05-09T12:14:27.172+0000] {dagbag.py:545} INFO - Filling up the DagBag from /home/airflow/.local/lib/python3.10/site-packages/airflow/example_dags/example_latest_only.py
[2025-05-09T12:14:27.180+0000] {processor.py:840} INFO - DAG(s) 'latest_only' retrieved from /home/airflow/.local/lib/python3.10/site-packages/airflow/example_dags/example_latest_only.py
[2025-05-09T12:14:27.206+0000] {logging_mixin.py:188} INFO - [2025-05-09T12:14:27.205+0000] {dag.py:3096} INFO - Sync 1 DAGs
[2025-05-09T12:14:27.242+0000] {logging_mixin.py:188} INFO - [2025-05-09T12:14:27.241+0000] {dag.py:3954} INFO - Setting next_dagrun for latest_only to 2025-05-09 08:00:00+00:00, run_after=2025-05-09 12:00:00+00:00
[2025-05-09T12:14:27.287+0000] {processor.py:183} INFO - Processing /home/airflow/.local/lib/python3.10/site-packages/airflow/example_dags/example_latest_only.py took 0.129 seconds
[2025-05-09T12:14:57.636+0000] {processor.py:161} INFO - Started process (PID=2622) to work on /home/airflow/.local/lib/python3.10/site-packages/airflow/example_dags/example_latest_only.py
[2025-05-09T12:14:57.638+0000] {processor.py:830} INFO - Processing file /home/airflow/.local/lib/python3.10/site-packages/airflow/example_dags/example_latest_only.py for tasks to queue
[2025-05-09T12:14:57.640+0000] {logging_mixin.py:188} INFO - [2025-05-09T12:14:57.640+0000] {dagbag.py:545} INFO - Filling up the DagBag from /home/airflow/.local/lib/python3.10/site-packages/airflow/example_dags/example_latest_only.py
[2025-05-09T12:14:57.647+0000] {processor.py:840} INFO - DAG(s) 'latest_only' retrieved from /home/airflow/.local/lib/python3.10/site-packages/airflow/example_dags/example_latest_only.py
[2025-05-09T12:14:57.671+0000] {logging_mixin.py:188} INFO - [2025-05-09T12:14:57.671+0000] {dag.py:3096} INFO - Sync 1 DAGs
[2025-05-09T12:14:57.700+0000] {logging_mixin.py:188} INFO - [2025-05-09T12:14:57.700+0000] {dag.py:3954} INFO - Setting next_dagrun for latest_only to 2025-05-09 08:00:00+00:00, run_after=2025-05-09 12:00:00+00:00
[2025-05-09T12:14:57.750+0000] {processor.py:183} INFO - Processing /home/airflow/.local/lib/python3.10/site-packages/airflow/example_dags/example_latest_only.py took 0.121 seconds
[2025-05-09T12:15:27.883+0000] {processor.py:161} INFO - Started process (PID=2884) to work on /home/airflow/.local/lib/python3.10/site-packages/airflow/example_dags/example_latest_only.py
[2025-05-09T12:15:27.885+0000] {processor.py:830} INFO - Processing file /home/airflow/.local/lib/python3.10/site-packages/airflow/example_dags/example_latest_only.py for tasks to queue
[2025-05-09T12:15:27.887+0000] {logging_mixin.py:188} INFO - [2025-05-09T12:15:27.887+0000] {dagbag.py:545} INFO - Filling up the DagBag from /home/airflow/.local/lib/python3.10/site-packages/airflow/example_dags/example_latest_only.py
[2025-05-09T12:15:27.893+0000] {processor.py:840} INFO - DAG(s) 'latest_only' retrieved from /home/airflow/.local/lib/python3.10/site-packages/airflow/example_dags/example_latest_only.py
[2025-05-09T12:15:27.916+0000] {logging_mixin.py:188} INFO - [2025-05-09T12:15:27.916+0000] {dag.py:3096} INFO - Sync 1 DAGs
[2025-05-09T12:15:27.947+0000] {logging_mixin.py:188} INFO - [2025-05-09T12:15:27.946+0000] {dag.py:3954} INFO - Setting next_dagrun for latest_only to 2025-05-09 08:00:00+00:00, run_after=2025-05-09 12:00:00+00:00
[2025-05-09T12:15:27.969+0000] {processor.py:183} INFO - Processing /home/airflow/.local/lib/python3.10/site-packages/airflow/example_dags/example_latest_only.py took 0.093 seconds
[2025-05-09T12:43:54.134+0000] {processor.py:161} INFO - Started process (PID=322) to work on /home/airflow/.local/lib/python3.10/site-packages/airflow/example_dags/example_latest_only.py
[2025-05-09T12:43:54.136+0000] {processor.py:830} INFO - Processing file /home/airflow/.local/lib/python3.10/site-packages/airflow/example_dags/example_latest_only.py for tasks to queue
[2025-05-09T12:43:54.139+0000] {logging_mixin.py:188} INFO - [2025-05-09T12:43:54.139+0000] {dagbag.py:545} INFO - Filling up the DagBag from /home/airflow/.local/lib/python3.10/site-packages/airflow/example_dags/example_latest_only.py
[2025-05-09T12:43:54.147+0000] {processor.py:840} INFO - DAG(s) 'latest_only' retrieved from /home/airflow/.local/lib/python3.10/site-packages/airflow/example_dags/example_latest_only.py
[2025-05-09T12:43:54.168+0000] {logging_mixin.py:188} INFO - [2025-05-09T12:43:54.167+0000] {dag.py:3096} INFO - Sync 1 DAGs
[2025-05-09T12:43:54.209+0000] {logging_mixin.py:188} INFO - [2025-05-09T12:43:54.208+0000] {dag.py:3954} INFO - Setting next_dagrun for latest_only to 2025-05-09 08:00:00+00:00, run_after=2025-05-09 12:00:00+00:00
[2025-05-09T12:43:54.241+0000] {processor.py:183} INFO - Processing /home/airflow/.local/lib/python3.10/site-packages/airflow/example_dags/example_latest_only.py took 0.115 seconds
[2025-05-09T12:44:26.006+0000] {processor.py:161} INFO - Started process (PID=584) to work on /home/airflow/.local/lib/python3.10/site-packages/airflow/example_dags/example_latest_only.py
[2025-05-09T12:44:26.007+0000] {processor.py:830} INFO - Processing file /home/airflow/.local/lib/python3.10/site-packages/airflow/example_dags/example_latest_only.py for tasks to queue
[2025-05-09T12:44:26.009+0000] {logging_mixin.py:188} INFO - [2025-05-09T12:44:26.009+0000] {dagbag.py:545} INFO - Filling up the DagBag from /home/airflow/.local/lib/python3.10/site-packages/airflow/example_dags/example_latest_only.py
[2025-05-09T12:44:26.015+0000] {processor.py:840} INFO - DAG(s) 'latest_only' retrieved from /home/airflow/.local/lib/python3.10/site-packages/airflow/example_dags/example_latest_only.py
[2025-05-09T12:44:26.131+0000] {logging_mixin.py:188} INFO - [2025-05-09T12:44:26.131+0000] {dag.py:3096} INFO - Sync 1 DAGs
[2025-05-09T12:44:26.157+0000] {logging_mixin.py:188} INFO - [2025-05-09T12:44:26.157+0000] {dag.py:3954} INFO - Setting next_dagrun for latest_only to 2025-05-09 08:00:00+00:00, run_after=2025-05-09 12:00:00+00:00
[2025-05-09T12:44:26.194+0000] {processor.py:183} INFO - Processing /home/airflow/.local/lib/python3.10/site-packages/airflow/example_dags/example_latest_only.py took 0.197 seconds
[2025-05-09T12:44:57.132+0000] {processor.py:161} INFO - Started process (PID=846) to work on /home/airflow/.local/lib/python3.10/site-packages/airflow/example_dags/example_latest_only.py
[2025-05-09T12:44:57.134+0000] {processor.py:830} INFO - Processing file /home/airflow/.local/lib/python3.10/site-packages/airflow/example_dags/example_latest_only.py for tasks to queue
[2025-05-09T12:44:57.136+0000] {logging_mixin.py:188} INFO - [2025-05-09T12:44:57.136+0000] {dagbag.py:545} INFO - Filling up the DagBag from /home/airflow/.local/lib/python3.10/site-packages/airflow/example_dags/example_latest_only.py
[2025-05-09T12:44:57.146+0000] {processor.py:840} INFO - DAG(s) 'latest_only' retrieved from /home/airflow/.local/lib/python3.10/site-packages/airflow/example_dags/example_latest_only.py
[2025-05-09T12:44:57.182+0000] {logging_mixin.py:188} INFO - [2025-05-09T12:44:57.182+0000] {dag.py:3096} INFO - Sync 1 DAGs
[2025-05-09T12:44:57.206+0000] {logging_mixin.py:188} INFO - [2025-05-09T12:44:57.205+0000] {dag.py:3954} INFO - Setting next_dagrun for latest_only to 2025-05-09 08:00:00+00:00, run_after=2025-05-09 12:00:00+00:00
[2025-05-09T12:44:57.238+0000] {processor.py:183} INFO - Processing /home/airflow/.local/lib/python3.10/site-packages/airflow/example_dags/example_latest_only.py took 0.115 seconds
[2025-05-09T12:45:27.682+0000] {processor.py:161} INFO - Started process (PID=1108) to work on /home/airflow/.local/lib/python3.10/site-packages/airflow/example_dags/example_latest_only.py
[2025-05-09T12:45:27.684+0000] {processor.py:830} INFO - Processing file /home/airflow/.local/lib/python3.10/site-packages/airflow/example_dags/example_latest_only.py for tasks to queue
[2025-05-09T12:45:27.689+0000] {logging_mixin.py:188} INFO - [2025-05-09T12:45:27.688+0000] {dagbag.py:545} INFO - Filling up the DagBag from /home/airflow/.local/lib/python3.10/site-packages/airflow/example_dags/example_latest_only.py
[2025-05-09T12:45:27.701+0000] {processor.py:840} INFO - DAG(s) 'latest_only' retrieved from /home/airflow/.local/lib/python3.10/site-packages/airflow/example_dags/example_latest_only.py
[2025-05-09T12:45:27.745+0000] {logging_mixin.py:188} INFO - [2025-05-09T12:45:27.744+0000] {dag.py:3096} INFO - Sync 1 DAGs
[2025-05-09T12:45:27.790+0000] {logging_mixin.py:188} INFO - [2025-05-09T12:45:27.790+0000] {dag.py:3954} INFO - Setting next_dagrun for latest_only to 2025-05-09 08:00:00+00:00, run_after=2025-05-09 12:00:00+00:00
[2025-05-09T12:45:27.836+0000] {processor.py:183} INFO - Processing /home/airflow/.local/lib/python3.10/site-packages/airflow/example_dags/example_latest_only.py took 0.164 seconds
[2025-05-09T12:45:57.920+0000] {processor.py:161} INFO - Started process (PID=1372) to work on /home/airflow/.local/lib/python3.10/site-packages/airflow/example_dags/example_latest_only.py
[2025-05-09T12:45:57.921+0000] {processor.py:830} INFO - Processing file /home/airflow/.local/lib/python3.10/site-packages/airflow/example_dags/example_latest_only.py for tasks to queue
[2025-05-09T12:45:57.923+0000] {logging_mixin.py:188} INFO - [2025-05-09T12:45:57.923+0000] {dagbag.py:545} INFO - Filling up the DagBag from /home/airflow/.local/lib/python3.10/site-packages/airflow/example_dags/example_latest_only.py
[2025-05-09T12:45:57.928+0000] {processor.py:840} INFO - DAG(s) 'latest_only' retrieved from /home/airflow/.local/lib/python3.10/site-packages/airflow/example_dags/example_latest_only.py
[2025-05-09T12:45:57.946+0000] {logging_mixin.py:188} INFO - [2025-05-09T12:45:57.946+0000] {dag.py:3096} INFO - Sync 1 DAGs
[2025-05-09T12:45:57.973+0000] {logging_mixin.py:188} INFO - [2025-05-09T12:45:57.973+0000] {dag.py:3954} INFO - Setting next_dagrun for latest_only to 2025-05-09 08:00:00+00:00, run_after=2025-05-09 12:00:00+00:00
[2025-05-09T12:45:58.002+0000] {processor.py:183} INFO - Processing /home/airflow/.local/lib/python3.10/site-packages/airflow/example_dags/example_latest_only.py took 0.088 seconds
[2025-05-09T12:46:28.381+0000] {processor.py:161} INFO - Started process (PID=1632) to work on /home/airflow/.local/lib/python3.10/site-packages/airflow/example_dags/example_latest_only.py
[2025-05-09T12:46:28.383+0000] {processor.py:830} INFO - Processing file /home/airflow/.local/lib/python3.10/site-packages/airflow/example_dags/example_latest_only.py for tasks to queue
[2025-05-09T12:46:28.385+0000] {logging_mixin.py:188} INFO - [2025-05-09T12:46:28.385+0000] {dagbag.py:545} INFO - Filling up the DagBag from /home/airflow/.local/lib/python3.10/site-packages/airflow/example_dags/example_latest_only.py
[2025-05-09T12:46:28.390+0000] {processor.py:840} INFO - DAG(s) 'latest_only' retrieved from /home/airflow/.local/lib/python3.10/site-packages/airflow/example_dags/example_latest_only.py
[2025-05-09T12:46:28.407+0000] {logging_mixin.py:188} INFO - [2025-05-09T12:46:28.407+0000] {dag.py:3096} INFO - Sync 1 DAGs
[2025-05-09T12:46:28.424+0000] {logging_mixin.py:188} INFO - [2025-05-09T12:46:28.424+0000] {dag.py:3954} INFO - Setting next_dagrun for latest_only to 2025-05-09 08:00:00+00:00, run_after=2025-05-09 12:00:00+00:00
[2025-05-09T12:46:28.441+0000] {processor.py:183} INFO - Processing /home/airflow/.local/lib/python3.10/site-packages/airflow/example_dags/example_latest_only.py took 0.067 seconds
[2025-05-09T12:46:58.880+0000] {processor.py:161} INFO - Started process (PID=1894) to work on /home/airflow/.local/lib/python3.10/site-packages/airflow/example_dags/example_latest_only.py
[2025-05-09T12:46:58.882+0000] {processor.py:830} INFO - Processing file /home/airflow/.local/lib/python3.10/site-packages/airflow/example_dags/example_latest_only.py for tasks to queue
[2025-05-09T12:46:58.886+0000] {logging_mixin.py:188} INFO - [2025-05-09T12:46:58.885+0000] {dagbag.py:545} INFO - Filling up the DagBag from /home/airflow/.local/lib/python3.10/site-packages/airflow/example_dags/example_latest_only.py
[2025-05-09T12:46:58.892+0000] {processor.py:840} INFO - DAG(s) 'latest_only' retrieved from /home/airflow/.local/lib/python3.10/site-packages/airflow/example_dags/example_latest_only.py
[2025-05-09T12:46:58.921+0000] {logging_mixin.py:188} INFO - [2025-05-09T12:46:58.921+0000] {dag.py:3096} INFO - Sync 1 DAGs
[2025-05-09T12:46:58.946+0000] {logging_mixin.py:188} INFO - [2025-05-09T12:46:58.946+0000] {dag.py:3954} INFO - Setting next_dagrun for latest_only to 2025-05-09 08:00:00+00:00, run_after=2025-05-09 12:00:00+00:00
[2025-05-09T12:46:58.967+0000] {processor.py:183} INFO - Processing /home/airflow/.local/lib/python3.10/site-packages/airflow/example_dags/example_latest_only.py took 0.094 seconds
[2025-05-09T12:47:29.381+0000] {processor.py:161} INFO - Started process (PID=2165) to work on /home/airflow/.local/lib/python3.10/site-packages/airflow/example_dags/example_latest_only.py
[2025-05-09T12:47:29.383+0000] {processor.py:830} INFO - Processing file /home/airflow/.local/lib/python3.10/site-packages/airflow/example_dags/example_latest_only.py for tasks to queue
[2025-05-09T12:47:29.387+0000] {logging_mixin.py:188} INFO - [2025-05-09T12:47:29.386+0000] {dagbag.py:545} INFO - Filling up the DagBag from /home/airflow/.local/lib/python3.10/site-packages/airflow/example_dags/example_latest_only.py
[2025-05-09T12:47:29.393+0000] {processor.py:840} INFO - DAG(s) 'latest_only' retrieved from /home/airflow/.local/lib/python3.10/site-packages/airflow/example_dags/example_latest_only.py
[2025-05-09T12:47:29.425+0000] {logging_mixin.py:188} INFO - [2025-05-09T12:47:29.424+0000] {dag.py:3096} INFO - Sync 1 DAGs
[2025-05-09T12:47:29.456+0000] {logging_mixin.py:188} INFO - [2025-05-09T12:47:29.455+0000] {dag.py:3954} INFO - Setting next_dagrun for latest_only to 2025-05-09 08:00:00+00:00, run_after=2025-05-09 12:00:00+00:00
[2025-05-09T12:47:29.492+0000] {processor.py:183} INFO - Processing /home/airflow/.local/lib/python3.10/site-packages/airflow/example_dags/example_latest_only.py took 0.118 seconds
[2025-05-09T12:47:59.713+0000] {processor.py:161} INFO - Started process (PID=2429) to work on /home/airflow/.local/lib/python3.10/site-packages/airflow/example_dags/example_latest_only.py
[2025-05-09T12:47:59.714+0000] {processor.py:830} INFO - Processing file /home/airflow/.local/lib/python3.10/site-packages/airflow/example_dags/example_latest_only.py for tasks to queue
[2025-05-09T12:47:59.716+0000] {logging_mixin.py:188} INFO - [2025-05-09T12:47:59.716+0000] {dagbag.py:545} INFO - Filling up the DagBag from /home/airflow/.local/lib/python3.10/site-packages/airflow/example_dags/example_latest_only.py
[2025-05-09T12:47:59.721+0000] {processor.py:840} INFO - DAG(s) 'latest_only' retrieved from /home/airflow/.local/lib/python3.10/site-packages/airflow/example_dags/example_latest_only.py
[2025-05-09T12:47:59.740+0000] {logging_mixin.py:188} INFO - [2025-05-09T12:47:59.740+0000] {dag.py:3096} INFO - Sync 1 DAGs
[2025-05-09T12:47:59.756+0000] {logging_mixin.py:188} INFO - [2025-05-09T12:47:59.756+0000] {dag.py:3954} INFO - Setting next_dagrun for latest_only to 2025-05-09 08:00:00+00:00, run_after=2025-05-09 12:00:00+00:00
[2025-05-09T12:47:59.773+0000] {processor.py:183} INFO - Processing /home/airflow/.local/lib/python3.10/site-packages/airflow/example_dags/example_latest_only.py took 0.066 seconds
[2025-05-09T12:48:30.149+0000] {processor.py:161} INFO - Started process (PID=2698) to work on /home/airflow/.local/lib/python3.10/site-packages/airflow/example_dags/example_latest_only.py
[2025-05-09T12:48:30.150+0000] {processor.py:830} INFO - Processing file /home/airflow/.local/lib/python3.10/site-packages/airflow/example_dags/example_latest_only.py for tasks to queue
[2025-05-09T12:48:30.153+0000] {logging_mixin.py:188} INFO - [2025-05-09T12:48:30.153+0000] {dagbag.py:545} INFO - Filling up the DagBag from /home/airflow/.local/lib/python3.10/site-packages/airflow/example_dags/example_latest_only.py
[2025-05-09T12:48:30.160+0000] {processor.py:840} INFO - DAG(s) 'latest_only' retrieved from /home/airflow/.local/lib/python3.10/site-packages/airflow/example_dags/example_latest_only.py
[2025-05-09T12:48:30.182+0000] {logging_mixin.py:188} INFO - [2025-05-09T12:48:30.182+0000] {dag.py:3096} INFO - Sync 1 DAGs
[2025-05-09T12:48:30.202+0000] {logging_mixin.py:188} INFO - [2025-05-09T12:48:30.202+0000] {dag.py:3954} INFO - Setting next_dagrun for latest_only to 2025-05-09 08:00:00+00:00, run_after=2025-05-09 12:00:00+00:00
[2025-05-09T12:48:30.220+0000] {processor.py:183} INFO - Processing /home/airflow/.local/lib/python3.10/site-packages/airflow/example_dags/example_latest_only.py took 0.078 seconds
[2025-05-09T12:49:00.784+0000] {processor.py:161} INFO - Started process (PID=2960) to work on /home/airflow/.local/lib/python3.10/site-packages/airflow/example_dags/example_latest_only.py
[2025-05-09T12:49:00.786+0000] {processor.py:830} INFO - Processing file /home/airflow/.local/lib/python3.10/site-packages/airflow/example_dags/example_latest_only.py for tasks to queue
[2025-05-09T12:49:00.789+0000] {logging_mixin.py:188} INFO - [2025-05-09T12:49:00.789+0000] {dagbag.py:545} INFO - Filling up the DagBag from /home/airflow/.local/lib/python3.10/site-packages/airflow/example_dags/example_latest_only.py
[2025-05-09T12:49:00.795+0000] {processor.py:840} INFO - DAG(s) 'latest_only' retrieved from /home/airflow/.local/lib/python3.10/site-packages/airflow/example_dags/example_latest_only.py
[2025-05-09T12:49:00.821+0000] {logging_mixin.py:188} INFO - [2025-05-09T12:49:00.821+0000] {dag.py:3096} INFO - Sync 1 DAGs
[2025-05-09T12:49:00.846+0000] {logging_mixin.py:188} INFO - [2025-05-09T12:49:00.846+0000] {dag.py:3954} INFO - Setting next_dagrun for latest_only to 2025-05-09 08:00:00+00:00, run_after=2025-05-09 12:00:00+00:00
[2025-05-09T12:49:00.864+0000] {processor.py:183} INFO - Processing /home/airflow/.local/lib/python3.10/site-packages/airflow/example_dags/example_latest_only.py took 0.087 seconds
[2025-05-09T12:49:32.543+0000] {processor.py:161} INFO - Started process (PID=3222) to work on /home/airflow/.local/lib/python3.10/site-packages/airflow/example_dags/example_latest_only.py
[2025-05-09T12:49:32.545+0000] {processor.py:830} INFO - Processing file /home/airflow/.local/lib/python3.10/site-packages/airflow/example_dags/example_latest_only.py for tasks to queue
[2025-05-09T12:49:32.548+0000] {logging_mixin.py:188} INFO - [2025-05-09T12:49:32.548+0000] {dagbag.py:545} INFO - Filling up the DagBag from /home/airflow/.local/lib/python3.10/site-packages/airflow/example_dags/example_latest_only.py
[2025-05-09T12:49:32.556+0000] {processor.py:840} INFO - DAG(s) 'latest_only' retrieved from /home/airflow/.local/lib/python3.10/site-packages/airflow/example_dags/example_latest_only.py
[2025-05-09T12:49:32.583+0000] {logging_mixin.py:188} INFO - [2025-05-09T12:49:32.583+0000] {dag.py:3096} INFO - Sync 1 DAGs
[2025-05-09T12:49:32.608+0000] {logging_mixin.py:188} INFO - [2025-05-09T12:49:32.608+0000] {dag.py:3954} INFO - Setting next_dagrun for latest_only to 2025-05-09 08:00:00+00:00, run_after=2025-05-09 12:00:00+00:00
[2025-05-09T12:49:32.638+0000] {processor.py:183} INFO - Processing /home/airflow/.local/lib/python3.10/site-packages/airflow/example_dags/example_latest_only.py took 0.104 seconds
[2025-05-09T12:50:03.169+0000] {processor.py:161} INFO - Started process (PID=3487) to work on /home/airflow/.local/lib/python3.10/site-packages/airflow/example_dags/example_latest_only.py
[2025-05-09T12:50:03.171+0000] {processor.py:830} INFO - Processing file /home/airflow/.local/lib/python3.10/site-packages/airflow/example_dags/example_latest_only.py for tasks to queue
[2025-05-09T12:50:03.175+0000] {logging_mixin.py:188} INFO - [2025-05-09T12:50:03.174+0000] {dagbag.py:545} INFO - Filling up the DagBag from /home/airflow/.local/lib/python3.10/site-packages/airflow/example_dags/example_latest_only.py
[2025-05-09T12:50:03.183+0000] {processor.py:840} INFO - DAG(s) 'latest_only' retrieved from /home/airflow/.local/lib/python3.10/site-packages/airflow/example_dags/example_latest_only.py
[2025-05-09T12:50:03.216+0000] {logging_mixin.py:188} INFO - [2025-05-09T12:50:03.216+0000] {dag.py:3096} INFO - Sync 1 DAGs
[2025-05-09T12:50:03.242+0000] {logging_mixin.py:188} INFO - [2025-05-09T12:50:03.242+0000] {dag.py:3954} INFO - Setting next_dagrun for latest_only to 2025-05-09 08:00:00+00:00, run_after=2025-05-09 12:00:00+00:00
[2025-05-09T12:50:03.270+0000] {processor.py:183} INFO - Processing /home/airflow/.local/lib/python3.10/site-packages/airflow/example_dags/example_latest_only.py took 0.109 seconds
[2025-05-09T12:50:33.947+0000] {processor.py:161} INFO - Started process (PID=3755) to work on /home/airflow/.local/lib/python3.10/site-packages/airflow/example_dags/example_latest_only.py
[2025-05-09T12:50:33.949+0000] {processor.py:830} INFO - Processing file /home/airflow/.local/lib/python3.10/site-packages/airflow/example_dags/example_latest_only.py for tasks to queue
[2025-05-09T12:50:33.953+0000] {logging_mixin.py:188} INFO - [2025-05-09T12:50:33.952+0000] {dagbag.py:545} INFO - Filling up the DagBag from /home/airflow/.local/lib/python3.10/site-packages/airflow/example_dags/example_latest_only.py
[2025-05-09T12:50:33.960+0000] {processor.py:840} INFO - DAG(s) 'latest_only' retrieved from /home/airflow/.local/lib/python3.10/site-packages/airflow/example_dags/example_latest_only.py
[2025-05-09T12:50:33.990+0000] {logging_mixin.py:188} INFO - [2025-05-09T12:50:33.990+0000] {dag.py:3096} INFO - Sync 1 DAGs
[2025-05-09T12:50:34.015+0000] {logging_mixin.py:188} INFO - [2025-05-09T12:50:34.015+0000] {dag.py:3954} INFO - Setting next_dagrun for latest_only to 2025-05-09 08:00:00+00:00, run_after=2025-05-09 12:00:00+00:00
[2025-05-09T12:50:34.043+0000] {processor.py:183} INFO - Processing /home/airflow/.local/lib/python3.10/site-packages/airflow/example_dags/example_latest_only.py took 0.105 seconds
[2025-05-09T12:51:04.889+0000] {processor.py:161} INFO - Started process (PID=4017) to work on /home/airflow/.local/lib/python3.10/site-packages/airflow/example_dags/example_latest_only.py
[2025-05-09T12:51:04.891+0000] {processor.py:830} INFO - Processing file /home/airflow/.local/lib/python3.10/site-packages/airflow/example_dags/example_latest_only.py for tasks to queue
[2025-05-09T12:51:04.893+0000] {logging_mixin.py:188} INFO - [2025-05-09T12:51:04.893+0000] {dagbag.py:545} INFO - Filling up the DagBag from /home/airflow/.local/lib/python3.10/site-packages/airflow/example_dags/example_latest_only.py
[2025-05-09T12:51:04.899+0000] {processor.py:840} INFO - DAG(s) 'latest_only' retrieved from /home/airflow/.local/lib/python3.10/site-packages/airflow/example_dags/example_latest_only.py
[2025-05-09T12:51:04.924+0000] {logging_mixin.py:188} INFO - [2025-05-09T12:51:04.924+0000] {dag.py:3096} INFO - Sync 1 DAGs
[2025-05-09T12:51:04.946+0000] {logging_mixin.py:188} INFO - [2025-05-09T12:51:04.945+0000] {dag.py:3954} INFO - Setting next_dagrun for latest_only to 2025-05-09 08:00:00+00:00, run_after=2025-05-09 12:00:00+00:00
[2025-05-09T12:51:04.969+0000] {processor.py:183} INFO - Processing /home/airflow/.local/lib/python3.10/site-packages/airflow/example_dags/example_latest_only.py took 0.089 seconds
[2025-05-09T12:52:23.702+0000] {processor.py:161} INFO - Started process (PID=325) to work on /home/airflow/.local/lib/python3.10/site-packages/airflow/example_dags/example_latest_only.py
[2025-05-09T12:52:23.704+0000] {processor.py:830} INFO - Processing file /home/airflow/.local/lib/python3.10/site-packages/airflow/example_dags/example_latest_only.py for tasks to queue
[2025-05-09T12:52:23.708+0000] {logging_mixin.py:188} INFO - [2025-05-09T12:52:23.707+0000] {dagbag.py:545} INFO - Filling up the DagBag from /home/airflow/.local/lib/python3.10/site-packages/airflow/example_dags/example_latest_only.py
[2025-05-09T12:52:23.715+0000] {processor.py:840} INFO - DAG(s) 'latest_only' retrieved from /home/airflow/.local/lib/python3.10/site-packages/airflow/example_dags/example_latest_only.py
[2025-05-09T12:52:23.737+0000] {logging_mixin.py:188} INFO - [2025-05-09T12:52:23.737+0000] {dag.py:3096} INFO - Sync 1 DAGs
[2025-05-09T12:52:23.769+0000] {logging_mixin.py:188} INFO - [2025-05-09T12:52:23.769+0000] {dag.py:3954} INFO - Setting next_dagrun for latest_only to 2025-05-09 08:00:00+00:00, run_after=2025-05-09 12:00:00+00:00
[2025-05-09T12:52:23.802+0000] {processor.py:183} INFO - Processing /home/airflow/.local/lib/python3.10/site-packages/airflow/example_dags/example_latest_only.py took 0.107 seconds
[2025-05-09T12:52:55.351+0000] {processor.py:161} INFO - Started process (PID=587) to work on /home/airflow/.local/lib/python3.10/site-packages/airflow/example_dags/example_latest_only.py
[2025-05-09T12:52:55.352+0000] {processor.py:830} INFO - Processing file /home/airflow/.local/lib/python3.10/site-packages/airflow/example_dags/example_latest_only.py for tasks to queue
[2025-05-09T12:52:55.355+0000] {logging_mixin.py:188} INFO - [2025-05-09T12:52:55.354+0000] {dagbag.py:545} INFO - Filling up the DagBag from /home/airflow/.local/lib/python3.10/site-packages/airflow/example_dags/example_latest_only.py
[2025-05-09T12:52:55.362+0000] {processor.py:840} INFO - DAG(s) 'latest_only' retrieved from /home/airflow/.local/lib/python3.10/site-packages/airflow/example_dags/example_latest_only.py
[2025-05-09T12:52:55.484+0000] {logging_mixin.py:188} INFO - [2025-05-09T12:52:55.484+0000] {dag.py:3096} INFO - Sync 1 DAGs
[2025-05-09T12:52:55.510+0000] {logging_mixin.py:188} INFO - [2025-05-09T12:52:55.510+0000] {dag.py:3954} INFO - Setting next_dagrun for latest_only to 2025-05-09 08:00:00+00:00, run_after=2025-05-09 12:00:00+00:00
[2025-05-09T12:52:55.549+0000] {processor.py:183} INFO - Processing /home/airflow/.local/lib/python3.10/site-packages/airflow/example_dags/example_latest_only.py took 0.205 seconds
[2025-05-09T12:53:25.628+0000] {processor.py:161} INFO - Started process (PID=851) to work on /home/airflow/.local/lib/python3.10/site-packages/airflow/example_dags/example_latest_only.py
[2025-05-09T12:53:25.629+0000] {processor.py:830} INFO - Processing file /home/airflow/.local/lib/python3.10/site-packages/airflow/example_dags/example_latest_only.py for tasks to queue
[2025-05-09T12:53:25.632+0000] {logging_mixin.py:188} INFO - [2025-05-09T12:53:25.632+0000] {dagbag.py:545} INFO - Filling up the DagBag from /home/airflow/.local/lib/python3.10/site-packages/airflow/example_dags/example_latest_only.py
[2025-05-09T12:53:25.641+0000] {processor.py:840} INFO - DAG(s) 'latest_only' retrieved from /home/airflow/.local/lib/python3.10/site-packages/airflow/example_dags/example_latest_only.py
[2025-05-09T12:53:25.687+0000] {logging_mixin.py:188} INFO - [2025-05-09T12:53:25.686+0000] {dag.py:3096} INFO - Sync 1 DAGs
[2025-05-09T12:53:25.737+0000] {logging_mixin.py:188} INFO - [2025-05-09T12:53:25.736+0000] {dag.py:3954} INFO - Setting next_dagrun for latest_only to 2025-05-09 08:00:00+00:00, run_after=2025-05-09 12:00:00+00:00
[2025-05-09T12:53:25.776+0000] {processor.py:183} INFO - Processing /home/airflow/.local/lib/python3.10/site-packages/airflow/example_dags/example_latest_only.py took 0.155 seconds
[2025-05-09T12:53:56.340+0000] {processor.py:161} INFO - Started process (PID=1114) to work on /home/airflow/.local/lib/python3.10/site-packages/airflow/example_dags/example_latest_only.py
[2025-05-09T12:53:56.342+0000] {processor.py:830} INFO - Processing file /home/airflow/.local/lib/python3.10/site-packages/airflow/example_dags/example_latest_only.py for tasks to queue
[2025-05-09T12:53:56.345+0000] {logging_mixin.py:188} INFO - [2025-05-09T12:53:56.344+0000] {dagbag.py:545} INFO - Filling up the DagBag from /home/airflow/.local/lib/python3.10/site-packages/airflow/example_dags/example_latest_only.py
[2025-05-09T12:53:56.351+0000] {processor.py:840} INFO - DAG(s) 'latest_only' retrieved from /home/airflow/.local/lib/python3.10/site-packages/airflow/example_dags/example_latest_only.py
[2025-05-09T12:53:56.374+0000] {logging_mixin.py:188} INFO - [2025-05-09T12:53:56.373+0000] {dag.py:3096} INFO - Sync 1 DAGs
[2025-05-09T12:53:56.400+0000] {logging_mixin.py:188} INFO - [2025-05-09T12:53:56.399+0000] {dag.py:3954} INFO - Setting next_dagrun for latest_only to 2025-05-09 08:00:00+00:00, run_after=2025-05-09 12:00:00+00:00
[2025-05-09T12:53:56.431+0000] {processor.py:183} INFO - Processing /home/airflow/.local/lib/python3.10/site-packages/airflow/example_dags/example_latest_only.py took 0.101 seconds
[2025-05-09T12:54:27.195+0000] {processor.py:161} INFO - Started process (PID=1376) to work on /home/airflow/.local/lib/python3.10/site-packages/airflow/example_dags/example_latest_only.py
[2025-05-09T12:54:27.197+0000] {processor.py:830} INFO - Processing file /home/airflow/.local/lib/python3.10/site-packages/airflow/example_dags/example_latest_only.py for tasks to queue
[2025-05-09T12:54:27.199+0000] {logging_mixin.py:188} INFO - [2025-05-09T12:54:27.198+0000] {dagbag.py:545} INFO - Filling up the DagBag from /home/airflow/.local/lib/python3.10/site-packages/airflow/example_dags/example_latest_only.py
[2025-05-09T12:54:27.205+0000] {processor.py:840} INFO - DAG(s) 'latest_only' retrieved from /home/airflow/.local/lib/python3.10/site-packages/airflow/example_dags/example_latest_only.py
[2025-05-09T12:54:27.233+0000] {logging_mixin.py:188} INFO - [2025-05-09T12:54:27.232+0000] {dag.py:3096} INFO - Sync 1 DAGs
[2025-05-09T12:54:27.253+0000] {logging_mixin.py:188} INFO - [2025-05-09T12:54:27.253+0000] {dag.py:3954} INFO - Setting next_dagrun for latest_only to 2025-05-09 08:00:00+00:00, run_after=2025-05-09 12:00:00+00:00
[2025-05-09T12:54:27.271+0000] {processor.py:183} INFO - Processing /home/airflow/.local/lib/python3.10/site-packages/airflow/example_dags/example_latest_only.py took 0.085 seconds
[2025-05-09T12:54:57.570+0000] {processor.py:161} INFO - Started process (PID=1638) to work on /home/airflow/.local/lib/python3.10/site-packages/airflow/example_dags/example_latest_only.py
[2025-05-09T12:54:57.572+0000] {processor.py:830} INFO - Processing file /home/airflow/.local/lib/python3.10/site-packages/airflow/example_dags/example_latest_only.py for tasks to queue
[2025-05-09T12:54:57.574+0000] {logging_mixin.py:188} INFO - [2025-05-09T12:54:57.574+0000] {dagbag.py:545} INFO - Filling up the DagBag from /home/airflow/.local/lib/python3.10/site-packages/airflow/example_dags/example_latest_only.py
[2025-05-09T12:54:57.580+0000] {processor.py:840} INFO - DAG(s) 'latest_only' retrieved from /home/airflow/.local/lib/python3.10/site-packages/airflow/example_dags/example_latest_only.py
[2025-05-09T12:54:57.606+0000] {logging_mixin.py:188} INFO - [2025-05-09T12:54:57.606+0000] {dag.py:3096} INFO - Sync 1 DAGs
[2025-05-09T12:54:57.633+0000] {logging_mixin.py:188} INFO - [2025-05-09T12:54:57.632+0000] {dag.py:3954} INFO - Setting next_dagrun for latest_only to 2025-05-09 08:00:00+00:00, run_after=2025-05-09 12:00:00+00:00
[2025-05-09T12:54:57.652+0000] {processor.py:183} INFO - Processing /home/airflow/.local/lib/python3.10/site-packages/airflow/example_dags/example_latest_only.py took 0.090 seconds
[2025-05-09T12:55:27.895+0000] {processor.py:161} INFO - Started process (PID=1903) to work on /home/airflow/.local/lib/python3.10/site-packages/airflow/example_dags/example_latest_only.py
[2025-05-09T12:55:27.897+0000] {processor.py:830} INFO - Processing file /home/airflow/.local/lib/python3.10/site-packages/airflow/example_dags/example_latest_only.py for tasks to queue
[2025-05-09T12:55:27.899+0000] {logging_mixin.py:188} INFO - [2025-05-09T12:55:27.899+0000] {dagbag.py:545} INFO - Filling up the DagBag from /home/airflow/.local/lib/python3.10/site-packages/airflow/example_dags/example_latest_only.py
[2025-05-09T12:55:27.904+0000] {processor.py:840} INFO - DAG(s) 'latest_only' retrieved from /home/airflow/.local/lib/python3.10/site-packages/airflow/example_dags/example_latest_only.py
[2025-05-09T12:55:27.922+0000] {logging_mixin.py:188} INFO - [2025-05-09T12:55:27.922+0000] {dag.py:3096} INFO - Sync 1 DAGs
[2025-05-09T12:55:27.946+0000] {logging_mixin.py:188} INFO - [2025-05-09T12:55:27.946+0000] {dag.py:3954} INFO - Setting next_dagrun for latest_only to 2025-05-09 08:00:00+00:00, run_after=2025-05-09 12:00:00+00:00
[2025-05-09T12:55:27.963+0000] {processor.py:183} INFO - Processing /home/airflow/.local/lib/python3.10/site-packages/airflow/example_dags/example_latest_only.py took 0.074 seconds
[2025-05-09T12:57:16.745+0000] {processor.py:161} INFO - Started process (PID=323) to work on /home/airflow/.local/lib/python3.10/site-packages/airflow/example_dags/example_latest_only.py
[2025-05-09T12:57:16.747+0000] {processor.py:830} INFO - Processing file /home/airflow/.local/lib/python3.10/site-packages/airflow/example_dags/example_latest_only.py for tasks to queue
[2025-05-09T12:57:16.750+0000] {logging_mixin.py:188} INFO - [2025-05-09T12:57:16.750+0000] {dagbag.py:545} INFO - Filling up the DagBag from /home/airflow/.local/lib/python3.10/site-packages/airflow/example_dags/example_latest_only.py
[2025-05-09T12:57:16.759+0000] {processor.py:840} INFO - DAG(s) 'latest_only' retrieved from /home/airflow/.local/lib/python3.10/site-packages/airflow/example_dags/example_latest_only.py
[2025-05-09T12:57:16.778+0000] {logging_mixin.py:188} INFO - [2025-05-09T12:57:16.778+0000] {dag.py:3096} INFO - Sync 1 DAGs
[2025-05-09T12:57:16.809+0000] {logging_mixin.py:188} INFO - [2025-05-09T12:57:16.809+0000] {dag.py:3954} INFO - Setting next_dagrun for latest_only to 2025-05-09 08:00:00+00:00, run_after=2025-05-09 12:00:00+00:00
[2025-05-09T12:57:16.840+0000] {processor.py:183} INFO - Processing /home/airflow/.local/lib/python3.10/site-packages/airflow/example_dags/example_latest_only.py took 0.103 seconds
[2025-05-09T12:57:47.415+0000] {processor.py:161} INFO - Started process (PID=587) to work on /home/airflow/.local/lib/python3.10/site-packages/airflow/example_dags/example_latest_only.py
[2025-05-09T12:57:47.417+0000] {processor.py:830} INFO - Processing file /home/airflow/.local/lib/python3.10/site-packages/airflow/example_dags/example_latest_only.py for tasks to queue
[2025-05-09T12:57:47.419+0000] {logging_mixin.py:188} INFO - [2025-05-09T12:57:47.419+0000] {dagbag.py:545} INFO - Filling up the DagBag from /home/airflow/.local/lib/python3.10/site-packages/airflow/example_dags/example_latest_only.py
[2025-05-09T12:57:47.426+0000] {processor.py:840} INFO - DAG(s) 'latest_only' retrieved from /home/airflow/.local/lib/python3.10/site-packages/airflow/example_dags/example_latest_only.py
[2025-05-09T12:57:47.525+0000] {logging_mixin.py:188} INFO - [2025-05-09T12:57:47.524+0000] {dag.py:3096} INFO - Sync 1 DAGs
[2025-05-09T12:57:47.545+0000] {logging_mixin.py:188} INFO - [2025-05-09T12:57:47.545+0000] {dag.py:3954} INFO - Setting next_dagrun for latest_only to 2025-05-09 08:00:00+00:00, run_after=2025-05-09 12:00:00+00:00
[2025-05-09T12:57:47.565+0000] {processor.py:183} INFO - Processing /home/airflow/.local/lib/python3.10/site-packages/airflow/example_dags/example_latest_only.py took 0.159 seconds
[2025-05-09T12:58:17.663+0000] {processor.py:161} INFO - Started process (PID=849) to work on /home/airflow/.local/lib/python3.10/site-packages/airflow/example_dags/example_latest_only.py
[2025-05-09T12:58:17.664+0000] {processor.py:830} INFO - Processing file /home/airflow/.local/lib/python3.10/site-packages/airflow/example_dags/example_latest_only.py for tasks to queue
[2025-05-09T12:58:17.666+0000] {logging_mixin.py:188} INFO - [2025-05-09T12:58:17.666+0000] {dagbag.py:545} INFO - Filling up the DagBag from /home/airflow/.local/lib/python3.10/site-packages/airflow/example_dags/example_latest_only.py
[2025-05-09T12:58:17.671+0000] {processor.py:840} INFO - DAG(s) 'latest_only' retrieved from /home/airflow/.local/lib/python3.10/site-packages/airflow/example_dags/example_latest_only.py
[2025-05-09T12:58:17.690+0000] {logging_mixin.py:188} INFO - [2025-05-09T12:58:17.690+0000] {dag.py:3096} INFO - Sync 1 DAGs
[2025-05-09T12:58:17.708+0000] {logging_mixin.py:188} INFO - [2025-05-09T12:58:17.708+0000] {dag.py:3954} INFO - Setting next_dagrun for latest_only to 2025-05-09 08:00:00+00:00, run_after=2025-05-09 12:00:00+00:00
[2025-05-09T12:58:17.726+0000] {processor.py:183} INFO - Processing /home/airflow/.local/lib/python3.10/site-packages/airflow/example_dags/example_latest_only.py took 0.069 seconds
[2025-05-09T12:58:48.154+0000] {processor.py:161} INFO - Started process (PID=1109) to work on /home/airflow/.local/lib/python3.10/site-packages/airflow/example_dags/example_latest_only.py
[2025-05-09T12:58:48.155+0000] {processor.py:830} INFO - Processing file /home/airflow/.local/lib/python3.10/site-packages/airflow/example_dags/example_latest_only.py for tasks to queue
[2025-05-09T12:58:48.158+0000] {logging_mixin.py:188} INFO - [2025-05-09T12:58:48.158+0000] {dagbag.py:545} INFO - Filling up the DagBag from /home/airflow/.local/lib/python3.10/site-packages/airflow/example_dags/example_latest_only.py
[2025-05-09T12:58:48.163+0000] {processor.py:840} INFO - DAG(s) 'latest_only' retrieved from /home/airflow/.local/lib/python3.10/site-packages/airflow/example_dags/example_latest_only.py
[2025-05-09T12:58:48.187+0000] {logging_mixin.py:188} INFO - [2025-05-09T12:58:48.186+0000] {dag.py:3096} INFO - Sync 1 DAGs
[2025-05-09T12:58:48.212+0000] {logging_mixin.py:188} INFO - [2025-05-09T12:58:48.212+0000] {dag.py:3954} INFO - Setting next_dagrun for latest_only to 2025-05-09 08:00:00+00:00, run_after=2025-05-09 12:00:00+00:00
[2025-05-09T12:58:48.228+0000] {processor.py:183} INFO - Processing /home/airflow/.local/lib/python3.10/site-packages/airflow/example_dags/example_latest_only.py took 0.080 seconds
[2025-05-09T12:59:18.608+0000] {processor.py:161} INFO - Started process (PID=1373) to work on /home/airflow/.local/lib/python3.10/site-packages/airflow/example_dags/example_latest_only.py
[2025-05-09T12:59:18.609+0000] {processor.py:830} INFO - Processing file /home/airflow/.local/lib/python3.10/site-packages/airflow/example_dags/example_latest_only.py for tasks to queue
[2025-05-09T12:59:18.614+0000] {logging_mixin.py:188} INFO - [2025-05-09T12:59:18.614+0000] {dagbag.py:545} INFO - Filling up the DagBag from /home/airflow/.local/lib/python3.10/site-packages/airflow/example_dags/example_latest_only.py
[2025-05-09T12:59:18.620+0000] {processor.py:840} INFO - DAG(s) 'latest_only' retrieved from /home/airflow/.local/lib/python3.10/site-packages/airflow/example_dags/example_latest_only.py
[2025-05-09T12:59:18.643+0000] {logging_mixin.py:188} INFO - [2025-05-09T12:59:18.642+0000] {dag.py:3096} INFO - Sync 1 DAGs
[2025-05-09T12:59:18.665+0000] {logging_mixin.py:188} INFO - [2025-05-09T12:59:18.665+0000] {dag.py:3954} INFO - Setting next_dagrun for latest_only to 2025-05-09 08:00:00+00:00, run_after=2025-05-09 12:00:00+00:00
[2025-05-09T12:59:18.688+0000] {processor.py:183} INFO - Processing /home/airflow/.local/lib/python3.10/site-packages/airflow/example_dags/example_latest_only.py took 0.086 seconds
[2025-05-09T12:59:49.612+0000] {processor.py:161} INFO - Started process (PID=1633) to work on /home/airflow/.local/lib/python3.10/site-packages/airflow/example_dags/example_latest_only.py
[2025-05-09T12:59:49.614+0000] {processor.py:830} INFO - Processing file /home/airflow/.local/lib/python3.10/site-packages/airflow/example_dags/example_latest_only.py for tasks to queue
[2025-05-09T12:59:49.617+0000] {logging_mixin.py:188} INFO - [2025-05-09T12:59:49.617+0000] {dagbag.py:545} INFO - Filling up the DagBag from /home/airflow/.local/lib/python3.10/site-packages/airflow/example_dags/example_latest_only.py
[2025-05-09T12:59:49.624+0000] {processor.py:840} INFO - DAG(s) 'latest_only' retrieved from /home/airflow/.local/lib/python3.10/site-packages/airflow/example_dags/example_latest_only.py
[2025-05-09T12:59:49.649+0000] {logging_mixin.py:188} INFO - [2025-05-09T12:59:49.649+0000] {dag.py:3096} INFO - Sync 1 DAGs
[2025-05-09T12:59:49.680+0000] {logging_mixin.py:188} INFO - [2025-05-09T12:59:49.679+0000] {dag.py:3954} INFO - Setting next_dagrun for latest_only to 2025-05-09 08:00:00+00:00, run_after=2025-05-09 12:00:00+00:00
[2025-05-09T12:59:49.701+0000] {processor.py:183} INFO - Processing /home/airflow/.local/lib/python3.10/site-packages/airflow/example_dags/example_latest_only.py took 0.096 seconds
[2025-05-09T13:00:19.915+0000] {processor.py:161} INFO - Started process (PID=1904) to work on /home/airflow/.local/lib/python3.10/site-packages/airflow/example_dags/example_latest_only.py
[2025-05-09T13:00:19.916+0000] {processor.py:830} INFO - Processing file /home/airflow/.local/lib/python3.10/site-packages/airflow/example_dags/example_latest_only.py for tasks to queue
[2025-05-09T13:00:19.918+0000] {logging_mixin.py:188} INFO - [2025-05-09T13:00:19.918+0000] {dagbag.py:545} INFO - Filling up the DagBag from /home/airflow/.local/lib/python3.10/site-packages/airflow/example_dags/example_latest_only.py
[2025-05-09T13:00:19.925+0000] {processor.py:840} INFO - DAG(s) 'latest_only' retrieved from /home/airflow/.local/lib/python3.10/site-packages/airflow/example_dags/example_latest_only.py
[2025-05-09T13:00:19.951+0000] {logging_mixin.py:188} INFO - [2025-05-09T13:00:19.950+0000] {dag.py:3096} INFO - Sync 1 DAGs
[2025-05-09T13:00:19.981+0000] {logging_mixin.py:188} INFO - [2025-05-09T13:00:19.980+0000] {dag.py:3954} INFO - Setting next_dagrun for latest_only to 2025-05-09 08:00:00+00:00, run_after=2025-05-09 12:00:00+00:00
[2025-05-09T13:00:20.006+0000] {processor.py:183} INFO - Processing /home/airflow/.local/lib/python3.10/site-packages/airflow/example_dags/example_latest_only.py took 0.101 seconds
[2025-05-09T13:00:50.639+0000] {processor.py:161} INFO - Started process (PID=2166) to work on /home/airflow/.local/lib/python3.10/site-packages/airflow/example_dags/example_latest_only.py
[2025-05-09T13:00:50.640+0000] {processor.py:830} INFO - Processing file /home/airflow/.local/lib/python3.10/site-packages/airflow/example_dags/example_latest_only.py for tasks to queue
[2025-05-09T13:00:50.642+0000] {logging_mixin.py:188} INFO - [2025-05-09T13:00:50.642+0000] {dagbag.py:545} INFO - Filling up the DagBag from /home/airflow/.local/lib/python3.10/site-packages/airflow/example_dags/example_latest_only.py
[2025-05-09T13:00:50.648+0000] {processor.py:840} INFO - DAG(s) 'latest_only' retrieved from /home/airflow/.local/lib/python3.10/site-packages/airflow/example_dags/example_latest_only.py
[2025-05-09T13:00:50.665+0000] {logging_mixin.py:188} INFO - [2025-05-09T13:00:50.664+0000] {dag.py:3096} INFO - Sync 1 DAGs
[2025-05-09T13:00:50.682+0000] {logging_mixin.py:188} INFO - [2025-05-09T13:00:50.681+0000] {dag.py:3954} INFO - Setting next_dagrun for latest_only to 2025-05-09 08:00:00+00:00, run_after=2025-05-09 12:00:00+00:00
[2025-05-09T13:00:50.698+0000] {processor.py:183} INFO - Processing /home/airflow/.local/lib/python3.10/site-packages/airflow/example_dags/example_latest_only.py took 0.064 seconds
[2025-05-09T13:01:21.991+0000] {processor.py:161} INFO - Started process (PID=2428) to work on /home/airflow/.local/lib/python3.10/site-packages/airflow/example_dags/example_latest_only.py
[2025-05-09T13:01:21.993+0000] {processor.py:830} INFO - Processing file /home/airflow/.local/lib/python3.10/site-packages/airflow/example_dags/example_latest_only.py for tasks to queue
[2025-05-09T13:01:21.995+0000] {logging_mixin.py:188} INFO - [2025-05-09T13:01:21.995+0000] {dagbag.py:545} INFO - Filling up the DagBag from /home/airflow/.local/lib/python3.10/site-packages/airflow/example_dags/example_latest_only.py
[2025-05-09T13:01:22.003+0000] {processor.py:840} INFO - DAG(s) 'latest_only' retrieved from /home/airflow/.local/lib/python3.10/site-packages/airflow/example_dags/example_latest_only.py
[2025-05-09T13:01:22.034+0000] {logging_mixin.py:188} INFO - [2025-05-09T13:01:22.033+0000] {dag.py:3096} INFO - Sync 1 DAGs
[2025-05-09T13:01:22.063+0000] {logging_mixin.py:188} INFO - [2025-05-09T13:01:22.063+0000] {dag.py:3954} INFO - Setting next_dagrun for latest_only to 2025-05-09 08:00:00+00:00, run_after=2025-05-09 12:00:00+00:00
[2025-05-09T13:01:22.085+0000] {processor.py:183} INFO - Processing /home/airflow/.local/lib/python3.10/site-packages/airflow/example_dags/example_latest_only.py took 0.103 seconds
[2025-05-09T13:01:52.560+0000] {processor.py:161} INFO - Started process (PID=2692) to work on /home/airflow/.local/lib/python3.10/site-packages/airflow/example_dags/example_latest_only.py
[2025-05-09T13:01:52.561+0000] {processor.py:830} INFO - Processing file /home/airflow/.local/lib/python3.10/site-packages/airflow/example_dags/example_latest_only.py for tasks to queue
[2025-05-09T13:01:52.563+0000] {logging_mixin.py:188} INFO - [2025-05-09T13:01:52.563+0000] {dagbag.py:545} INFO - Filling up the DagBag from /home/airflow/.local/lib/python3.10/site-packages/airflow/example_dags/example_latest_only.py
[2025-05-09T13:01:52.569+0000] {processor.py:840} INFO - DAG(s) 'latest_only' retrieved from /home/airflow/.local/lib/python3.10/site-packages/airflow/example_dags/example_latest_only.py
[2025-05-09T13:01:52.591+0000] {logging_mixin.py:188} INFO - [2025-05-09T13:01:52.591+0000] {dag.py:3096} INFO - Sync 1 DAGs
[2025-05-09T13:01:52.614+0000] {logging_mixin.py:188} INFO - [2025-05-09T13:01:52.614+0000] {dag.py:3954} INFO - Setting next_dagrun for latest_only to 2025-05-09 08:00:00+00:00, run_after=2025-05-09 12:00:00+00:00
[2025-05-09T13:01:52.635+0000] {processor.py:183} INFO - Processing /home/airflow/.local/lib/python3.10/site-packages/airflow/example_dags/example_latest_only.py took 0.084 seconds
[2025-05-09T13:02:22.891+0000] {processor.py:161} INFO - Started process (PID=2952) to work on /home/airflow/.local/lib/python3.10/site-packages/airflow/example_dags/example_latest_only.py
[2025-05-09T13:02:22.892+0000] {processor.py:830} INFO - Processing file /home/airflow/.local/lib/python3.10/site-packages/airflow/example_dags/example_latest_only.py for tasks to queue
[2025-05-09T13:02:22.895+0000] {logging_mixin.py:188} INFO - [2025-05-09T13:02:22.894+0000] {dagbag.py:545} INFO - Filling up the DagBag from /home/airflow/.local/lib/python3.10/site-packages/airflow/example_dags/example_latest_only.py
[2025-05-09T13:02:22.905+0000] {processor.py:840} INFO - DAG(s) 'latest_only' retrieved from /home/airflow/.local/lib/python3.10/site-packages/airflow/example_dags/example_latest_only.py
[2025-05-09T13:02:22.926+0000] {logging_mixin.py:188} INFO - [2025-05-09T13:02:22.926+0000] {dag.py:3096} INFO - Sync 1 DAGs
[2025-05-09T13:02:22.951+0000] {logging_mixin.py:188} INFO - [2025-05-09T13:02:22.951+0000] {dag.py:3954} INFO - Setting next_dagrun for latest_only to 2025-05-09 08:00:00+00:00, run_after=2025-05-09 12:00:00+00:00
[2025-05-09T13:02:22.984+0000] {processor.py:183} INFO - Processing /home/airflow/.local/lib/python3.10/site-packages/airflow/example_dags/example_latest_only.py took 0.115 seconds
[2025-05-09T13:02:53.546+0000] {processor.py:161} INFO - Started process (PID=3214) to work on /home/airflow/.local/lib/python3.10/site-packages/airflow/example_dags/example_latest_only.py
[2025-05-09T13:02:53.548+0000] {processor.py:830} INFO - Processing file /home/airflow/.local/lib/python3.10/site-packages/airflow/example_dags/example_latest_only.py for tasks to queue
[2025-05-09T13:02:53.552+0000] {logging_mixin.py:188} INFO - [2025-05-09T13:02:53.550+0000] {dagbag.py:545} INFO - Filling up the DagBag from /home/airflow/.local/lib/python3.10/site-packages/airflow/example_dags/example_latest_only.py
[2025-05-09T13:02:53.559+0000] {processor.py:840} INFO - DAG(s) 'latest_only' retrieved from /home/airflow/.local/lib/python3.10/site-packages/airflow/example_dags/example_latest_only.py
[2025-05-09T13:02:53.585+0000] {logging_mixin.py:188} INFO - [2025-05-09T13:02:53.585+0000] {dag.py:3096} INFO - Sync 1 DAGs
[2025-05-09T13:02:53.611+0000] {logging_mixin.py:188} INFO - [2025-05-09T13:02:53.610+0000] {dag.py:3954} INFO - Setting next_dagrun for latest_only to 2025-05-09 08:00:00+00:00, run_after=2025-05-09 12:00:00+00:00
[2025-05-09T13:02:53.635+0000] {processor.py:183} INFO - Processing /home/airflow/.local/lib/python3.10/site-packages/airflow/example_dags/example_latest_only.py took 0.099 seconds
[2025-05-09T13:03:24.826+0000] {processor.py:161} INFO - Started process (PID=3478) to work on /home/airflow/.local/lib/python3.10/site-packages/airflow/example_dags/example_latest_only.py
[2025-05-09T13:03:24.827+0000] {processor.py:830} INFO - Processing file /home/airflow/.local/lib/python3.10/site-packages/airflow/example_dags/example_latest_only.py for tasks to queue
[2025-05-09T13:03:24.829+0000] {logging_mixin.py:188} INFO - [2025-05-09T13:03:24.829+0000] {dagbag.py:545} INFO - Filling up the DagBag from /home/airflow/.local/lib/python3.10/site-packages/airflow/example_dags/example_latest_only.py
[2025-05-09T13:03:24.836+0000] {processor.py:840} INFO - DAG(s) 'latest_only' retrieved from /home/airflow/.local/lib/python3.10/site-packages/airflow/example_dags/example_latest_only.py
[2025-05-09T13:03:24.856+0000] {logging_mixin.py:188} INFO - [2025-05-09T13:03:24.856+0000] {dag.py:3096} INFO - Sync 1 DAGs
[2025-05-09T13:03:24.880+0000] {logging_mixin.py:188} INFO - [2025-05-09T13:03:24.880+0000] {dag.py:3954} INFO - Setting next_dagrun for latest_only to 2025-05-09 08:00:00+00:00, run_after=2025-05-09 12:00:00+00:00
[2025-05-09T13:03:24.926+0000] {processor.py:183} INFO - Processing /home/airflow/.local/lib/python3.10/site-packages/airflow/example_dags/example_latest_only.py took 0.107 seconds
[2025-05-09T13:03:55.443+0000] {processor.py:161} INFO - Started process (PID=3738) to work on /home/airflow/.local/lib/python3.10/site-packages/airflow/example_dags/example_latest_only.py
[2025-05-09T13:03:55.444+0000] {processor.py:830} INFO - Processing file /home/airflow/.local/lib/python3.10/site-packages/airflow/example_dags/example_latest_only.py for tasks to queue
[2025-05-09T13:03:55.447+0000] {logging_mixin.py:188} INFO - [2025-05-09T13:03:55.447+0000] {dagbag.py:545} INFO - Filling up the DagBag from /home/airflow/.local/lib/python3.10/site-packages/airflow/example_dags/example_latest_only.py
[2025-05-09T13:03:55.454+0000] {processor.py:840} INFO - DAG(s) 'latest_only' retrieved from /home/airflow/.local/lib/python3.10/site-packages/airflow/example_dags/example_latest_only.py
[2025-05-09T13:03:55.479+0000] {logging_mixin.py:188} INFO - [2025-05-09T13:03:55.479+0000] {dag.py:3096} INFO - Sync 1 DAGs
[2025-05-09T13:03:55.515+0000] {logging_mixin.py:188} INFO - [2025-05-09T13:03:55.515+0000] {dag.py:3954} INFO - Setting next_dagrun for latest_only to 2025-05-09 08:00:00+00:00, run_after=2025-05-09 12:00:00+00:00
[2025-05-09T13:03:55.550+0000] {processor.py:183} INFO - Processing /home/airflow/.local/lib/python3.10/site-packages/airflow/example_dags/example_latest_only.py took 0.115 seconds
[2025-05-09T15:43:49.488+0000] {processor.py:161} INFO - Started process (PID=4015) to work on /home/airflow/.local/lib/python3.10/site-packages/airflow/example_dags/example_latest_only.py
[2025-05-09T15:43:49.492+0000] {processor.py:830} INFO - Processing file /home/airflow/.local/lib/python3.10/site-packages/airflow/example_dags/example_latest_only.py for tasks to queue
[2025-05-09T15:43:49.497+0000] {logging_mixin.py:188} INFO - [2025-05-09T15:43:49.496+0000] {dagbag.py:545} INFO - Filling up the DagBag from /home/airflow/.local/lib/python3.10/site-packages/airflow/example_dags/example_latest_only.py
[2025-05-09T15:43:49.514+0000] {processor.py:840} INFO - DAG(s) 'latest_only' retrieved from /home/airflow/.local/lib/python3.10/site-packages/airflow/example_dags/example_latest_only.py
[2025-05-09T15:43:49.568+0000] {logging_mixin.py:188} INFO - [2025-05-09T15:43:49.568+0000] {dag.py:3096} INFO - Sync 1 DAGs
[2025-05-09T15:43:49.615+0000] {logging_mixin.py:188} INFO - [2025-05-09T15:43:49.614+0000] {dag.py:3954} INFO - Setting next_dagrun for latest_only to 2025-05-09 08:00:00+00:00, run_after=2025-05-09 12:00:00+00:00
[2025-05-09T15:43:49.664+0000] {processor.py:183} INFO - Processing /home/airflow/.local/lib/python3.10/site-packages/airflow/example_dags/example_latest_only.py took 0.196 seconds
[2025-05-09T15:44:20.291+0000] {processor.py:161} INFO - Started process (PID=4279) to work on /home/airflow/.local/lib/python3.10/site-packages/airflow/example_dags/example_latest_only.py
[2025-05-09T15:44:20.292+0000] {processor.py:830} INFO - Processing file /home/airflow/.local/lib/python3.10/site-packages/airflow/example_dags/example_latest_only.py for tasks to queue
[2025-05-09T15:44:20.294+0000] {logging_mixin.py:188} INFO - [2025-05-09T15:44:20.294+0000] {dagbag.py:545} INFO - Filling up the DagBag from /home/airflow/.local/lib/python3.10/site-packages/airflow/example_dags/example_latest_only.py
[2025-05-09T15:44:20.300+0000] {processor.py:840} INFO - DAG(s) 'latest_only' retrieved from /home/airflow/.local/lib/python3.10/site-packages/airflow/example_dags/example_latest_only.py
[2025-05-09T15:44:20.323+0000] {logging_mixin.py:188} INFO - [2025-05-09T15:44:20.322+0000] {dag.py:3096} INFO - Sync 1 DAGs
[2025-05-09T15:44:20.348+0000] {logging_mixin.py:188} INFO - [2025-05-09T15:44:20.348+0000] {dag.py:3954} INFO - Setting next_dagrun for latest_only to 2025-05-09 08:00:00+00:00, run_after=2025-05-09 12:00:00+00:00
[2025-05-09T15:44:20.376+0000] {processor.py:183} INFO - Processing /home/airflow/.local/lib/python3.10/site-packages/airflow/example_dags/example_latest_only.py took 0.092 seconds
[2025-05-09T15:44:51.160+0000] {processor.py:161} INFO - Started process (PID=4551) to work on /home/airflow/.local/lib/python3.10/site-packages/airflow/example_dags/example_latest_only.py
[2025-05-09T15:44:51.162+0000] {processor.py:830} INFO - Processing file /home/airflow/.local/lib/python3.10/site-packages/airflow/example_dags/example_latest_only.py for tasks to queue
[2025-05-09T15:44:51.164+0000] {logging_mixin.py:188} INFO - [2025-05-09T15:44:51.164+0000] {dagbag.py:545} INFO - Filling up the DagBag from /home/airflow/.local/lib/python3.10/site-packages/airflow/example_dags/example_latest_only.py
[2025-05-09T15:44:51.171+0000] {processor.py:840} INFO - DAG(s) 'latest_only' retrieved from /home/airflow/.local/lib/python3.10/site-packages/airflow/example_dags/example_latest_only.py
[2025-05-09T15:44:51.195+0000] {logging_mixin.py:188} INFO - [2025-05-09T15:44:51.195+0000] {dag.py:3096} INFO - Sync 1 DAGs
[2025-05-09T15:44:51.221+0000] {logging_mixin.py:188} INFO - [2025-05-09T15:44:51.221+0000] {dag.py:3954} INFO - Setting next_dagrun for latest_only to 2025-05-09 08:00:00+00:00, run_after=2025-05-09 12:00:00+00:00
[2025-05-09T15:44:51.254+0000] {processor.py:183} INFO - Processing /home/airflow/.local/lib/python3.10/site-packages/airflow/example_dags/example_latest_only.py took 0.101 seconds
[2025-05-09T15:45:21.788+0000] {processor.py:161} INFO - Started process (PID=4821) to work on /home/airflow/.local/lib/python3.10/site-packages/airflow/example_dags/example_latest_only.py
[2025-05-09T15:45:21.791+0000] {processor.py:830} INFO - Processing file /home/airflow/.local/lib/python3.10/site-packages/airflow/example_dags/example_latest_only.py for tasks to queue
[2025-05-09T15:45:21.793+0000] {logging_mixin.py:188} INFO - [2025-05-09T15:45:21.793+0000] {dagbag.py:545} INFO - Filling up the DagBag from /home/airflow/.local/lib/python3.10/site-packages/airflow/example_dags/example_latest_only.py
[2025-05-09T15:45:21.801+0000] {processor.py:840} INFO - DAG(s) 'latest_only' retrieved from /home/airflow/.local/lib/python3.10/site-packages/airflow/example_dags/example_latest_only.py
[2025-05-09T15:45:21.843+0000] {logging_mixin.py:188} INFO - [2025-05-09T15:45:21.843+0000] {dag.py:3096} INFO - Sync 1 DAGs
[2025-05-09T15:45:21.896+0000] {logging_mixin.py:188} INFO - [2025-05-09T15:45:21.896+0000] {dag.py:3954} INFO - Setting next_dagrun for latest_only to 2025-05-09 08:00:00+00:00, run_after=2025-05-09 12:00:00+00:00
[2025-05-09T15:45:21.947+0000] {processor.py:183} INFO - Processing /home/airflow/.local/lib/python3.10/site-packages/airflow/example_dags/example_latest_only.py took 0.174 seconds
[2025-05-09T15:45:52.335+0000] {processor.py:161} INFO - Started process (PID=5082) to work on /home/airflow/.local/lib/python3.10/site-packages/airflow/example_dags/example_latest_only.py
[2025-05-09T15:45:52.338+0000] {processor.py:830} INFO - Processing file /home/airflow/.local/lib/python3.10/site-packages/airflow/example_dags/example_latest_only.py for tasks to queue
[2025-05-09T15:45:52.342+0000] {logging_mixin.py:188} INFO - [2025-05-09T15:45:52.341+0000] {dagbag.py:545} INFO - Filling up the DagBag from /home/airflow/.local/lib/python3.10/site-packages/airflow/example_dags/example_latest_only.py
[2025-05-09T15:45:52.353+0000] {processor.py:840} INFO - DAG(s) 'latest_only' retrieved from /home/airflow/.local/lib/python3.10/site-packages/airflow/example_dags/example_latest_only.py
[2025-05-09T15:45:52.397+0000] {logging_mixin.py:188} INFO - [2025-05-09T15:45:52.396+0000] {dag.py:3096} INFO - Sync 1 DAGs
[2025-05-09T15:45:52.447+0000] {logging_mixin.py:188} INFO - [2025-05-09T15:45:52.447+0000] {dag.py:3954} INFO - Setting next_dagrun for latest_only to 2025-05-09 08:00:00+00:00, run_after=2025-05-09 12:00:00+00:00
[2025-05-09T15:45:52.486+0000] {processor.py:183} INFO - Processing /home/airflow/.local/lib/python3.10/site-packages/airflow/example_dags/example_latest_only.py took 0.164 seconds
[2025-05-09T15:46:23.374+0000] {processor.py:161} INFO - Started process (PID=5354) to work on /home/airflow/.local/lib/python3.10/site-packages/airflow/example_dags/example_latest_only.py
[2025-05-09T15:46:23.376+0000] {processor.py:830} INFO - Processing file /home/airflow/.local/lib/python3.10/site-packages/airflow/example_dags/example_latest_only.py for tasks to queue
[2025-05-09T15:46:23.378+0000] {logging_mixin.py:188} INFO - [2025-05-09T15:46:23.378+0000] {dagbag.py:545} INFO - Filling up the DagBag from /home/airflow/.local/lib/python3.10/site-packages/airflow/example_dags/example_latest_only.py
[2025-05-09T15:46:23.384+0000] {processor.py:840} INFO - DAG(s) 'latest_only' retrieved from /home/airflow/.local/lib/python3.10/site-packages/airflow/example_dags/example_latest_only.py
[2025-05-09T15:46:23.405+0000] {logging_mixin.py:188} INFO - [2025-05-09T15:46:23.404+0000] {dag.py:3096} INFO - Sync 1 DAGs
[2025-05-09T15:46:23.429+0000] {logging_mixin.py:188} INFO - [2025-05-09T15:46:23.429+0000] {dag.py:3954} INFO - Setting next_dagrun for latest_only to 2025-05-09 08:00:00+00:00, run_after=2025-05-09 12:00:00+00:00
[2025-05-09T15:46:23.464+0000] {processor.py:183} INFO - Processing /home/airflow/.local/lib/python3.10/site-packages/airflow/example_dags/example_latest_only.py took 0.097 seconds
[2025-05-09T15:46:54.030+0000] {processor.py:161} INFO - Started process (PID=5616) to work on /home/airflow/.local/lib/python3.10/site-packages/airflow/example_dags/example_latest_only.py
[2025-05-09T15:46:54.031+0000] {processor.py:830} INFO - Processing file /home/airflow/.local/lib/python3.10/site-packages/airflow/example_dags/example_latest_only.py for tasks to queue
[2025-05-09T15:46:54.033+0000] {logging_mixin.py:188} INFO - [2025-05-09T15:46:54.033+0000] {dagbag.py:545} INFO - Filling up the DagBag from /home/airflow/.local/lib/python3.10/site-packages/airflow/example_dags/example_latest_only.py
[2025-05-09T15:46:54.040+0000] {processor.py:840} INFO - DAG(s) 'latest_only' retrieved from /home/airflow/.local/lib/python3.10/site-packages/airflow/example_dags/example_latest_only.py
[2025-05-09T15:46:54.061+0000] {logging_mixin.py:188} INFO - [2025-05-09T15:46:54.061+0000] {dag.py:3096} INFO - Sync 1 DAGs
[2025-05-09T15:46:54.084+0000] {logging_mixin.py:188} INFO - [2025-05-09T15:46:54.084+0000] {dag.py:3954} INFO - Setting next_dagrun for latest_only to 2025-05-09 08:00:00+00:00, run_after=2025-05-09 12:00:00+00:00
[2025-05-09T15:46:54.133+0000] {processor.py:183} INFO - Processing /home/airflow/.local/lib/python3.10/site-packages/airflow/example_dags/example_latest_only.py took 0.118 seconds
[2025-05-09T15:47:24.753+0000] {processor.py:161} INFO - Started process (PID=5878) to work on /home/airflow/.local/lib/python3.10/site-packages/airflow/example_dags/example_latest_only.py
[2025-05-09T15:47:24.754+0000] {processor.py:830} INFO - Processing file /home/airflow/.local/lib/python3.10/site-packages/airflow/example_dags/example_latest_only.py for tasks to queue
[2025-05-09T15:47:24.756+0000] {logging_mixin.py:188} INFO - [2025-05-09T15:47:24.756+0000] {dagbag.py:545} INFO - Filling up the DagBag from /home/airflow/.local/lib/python3.10/site-packages/airflow/example_dags/example_latest_only.py
[2025-05-09T15:47:24.763+0000] {processor.py:840} INFO - DAG(s) 'latest_only' retrieved from /home/airflow/.local/lib/python3.10/site-packages/airflow/example_dags/example_latest_only.py
[2025-05-09T15:47:24.793+0000] {logging_mixin.py:188} INFO - [2025-05-09T15:47:24.792+0000] {dag.py:3096} INFO - Sync 1 DAGs
[2025-05-09T15:47:24.821+0000] {logging_mixin.py:188} INFO - [2025-05-09T15:47:24.821+0000] {dag.py:3954} INFO - Setting next_dagrun for latest_only to 2025-05-09 08:00:00+00:00, run_after=2025-05-09 12:00:00+00:00
[2025-05-09T15:47:24.858+0000] {processor.py:183} INFO - Processing /home/airflow/.local/lib/python3.10/site-packages/airflow/example_dags/example_latest_only.py took 0.113 seconds
[2025-05-09T15:47:55.297+0000] {processor.py:161} INFO - Started process (PID=6140) to work on /home/airflow/.local/lib/python3.10/site-packages/airflow/example_dags/example_latest_only.py
[2025-05-09T15:47:55.298+0000] {processor.py:830} INFO - Processing file /home/airflow/.local/lib/python3.10/site-packages/airflow/example_dags/example_latest_only.py for tasks to queue
[2025-05-09T15:47:55.300+0000] {logging_mixin.py:188} INFO - [2025-05-09T15:47:55.300+0000] {dagbag.py:545} INFO - Filling up the DagBag from /home/airflow/.local/lib/python3.10/site-packages/airflow/example_dags/example_latest_only.py
[2025-05-09T15:47:55.305+0000] {processor.py:840} INFO - DAG(s) 'latest_only' retrieved from /home/airflow/.local/lib/python3.10/site-packages/airflow/example_dags/example_latest_only.py
[2025-05-09T15:47:55.326+0000] {logging_mixin.py:188} INFO - [2025-05-09T15:47:55.326+0000] {dag.py:3096} INFO - Sync 1 DAGs
[2025-05-09T15:47:55.366+0000] {logging_mixin.py:188} INFO - [2025-05-09T15:47:55.365+0000] {dag.py:3954} INFO - Setting next_dagrun for latest_only to 2025-05-09 08:00:00+00:00, run_after=2025-05-09 12:00:00+00:00
[2025-05-09T15:47:55.398+0000] {processor.py:183} INFO - Processing /home/airflow/.local/lib/python3.10/site-packages/airflow/example_dags/example_latest_only.py took 0.108 seconds
[2025-05-09T15:48:25.626+0000] {processor.py:161} INFO - Started process (PID=6413) to work on /home/airflow/.local/lib/python3.10/site-packages/airflow/example_dags/example_latest_only.py
[2025-05-09T15:48:25.628+0000] {processor.py:830} INFO - Processing file /home/airflow/.local/lib/python3.10/site-packages/airflow/example_dags/example_latest_only.py for tasks to queue
[2025-05-09T15:48:25.630+0000] {logging_mixin.py:188} INFO - [2025-05-09T15:48:25.630+0000] {dagbag.py:545} INFO - Filling up the DagBag from /home/airflow/.local/lib/python3.10/site-packages/airflow/example_dags/example_latest_only.py
[2025-05-09T15:48:25.635+0000] {processor.py:840} INFO - DAG(s) 'latest_only' retrieved from /home/airflow/.local/lib/python3.10/site-packages/airflow/example_dags/example_latest_only.py
[2025-05-09T15:48:25.656+0000] {logging_mixin.py:188} INFO - [2025-05-09T15:48:25.655+0000] {dag.py:3096} INFO - Sync 1 DAGs
[2025-05-09T15:48:25.687+0000] {logging_mixin.py:188} INFO - [2025-05-09T15:48:25.687+0000] {dag.py:3954} INFO - Setting next_dagrun for latest_only to 2025-05-09 08:00:00+00:00, run_after=2025-05-09 12:00:00+00:00
[2025-05-09T15:48:25.718+0000] {processor.py:183} INFO - Processing /home/airflow/.local/lib/python3.10/site-packages/airflow/example_dags/example_latest_only.py took 0.098 seconds
[2025-05-09T15:48:56.653+0000] {processor.py:161} INFO - Started process (PID=6699) to work on /home/airflow/.local/lib/python3.10/site-packages/airflow/example_dags/example_latest_only.py
[2025-05-09T15:48:56.654+0000] {processor.py:830} INFO - Processing file /home/airflow/.local/lib/python3.10/site-packages/airflow/example_dags/example_latest_only.py for tasks to queue
[2025-05-09T15:48:56.656+0000] {logging_mixin.py:188} INFO - [2025-05-09T15:48:56.656+0000] {dagbag.py:545} INFO - Filling up the DagBag from /home/airflow/.local/lib/python3.10/site-packages/airflow/example_dags/example_latest_only.py
[2025-05-09T15:48:56.662+0000] {processor.py:840} INFO - DAG(s) 'latest_only' retrieved from /home/airflow/.local/lib/python3.10/site-packages/airflow/example_dags/example_latest_only.py
[2025-05-09T15:48:56.684+0000] {logging_mixin.py:188} INFO - [2025-05-09T15:48:56.684+0000] {dag.py:3096} INFO - Sync 1 DAGs
[2025-05-09T15:48:56.716+0000] {logging_mixin.py:188} INFO - [2025-05-09T15:48:56.716+0000] {dag.py:3954} INFO - Setting next_dagrun for latest_only to 2025-05-09 08:00:00+00:00, run_after=2025-05-09 12:00:00+00:00
[2025-05-09T15:48:56.751+0000] {processor.py:183} INFO - Processing /home/airflow/.local/lib/python3.10/site-packages/airflow/example_dags/example_latest_only.py took 0.105 seconds
[2025-05-09T15:49:27.056+0000] {processor.py:161} INFO - Started process (PID=6973) to work on /home/airflow/.local/lib/python3.10/site-packages/airflow/example_dags/example_latest_only.py
[2025-05-09T15:49:27.058+0000] {processor.py:830} INFO - Processing file /home/airflow/.local/lib/python3.10/site-packages/airflow/example_dags/example_latest_only.py for tasks to queue
[2025-05-09T15:49:27.060+0000] {logging_mixin.py:188} INFO - [2025-05-09T15:49:27.060+0000] {dagbag.py:545} INFO - Filling up the DagBag from /home/airflow/.local/lib/python3.10/site-packages/airflow/example_dags/example_latest_only.py
[2025-05-09T15:49:27.066+0000] {processor.py:840} INFO - DAG(s) 'latest_only' retrieved from /home/airflow/.local/lib/python3.10/site-packages/airflow/example_dags/example_latest_only.py
[2025-05-09T15:49:27.093+0000] {logging_mixin.py:188} INFO - [2025-05-09T15:49:27.092+0000] {dag.py:3096} INFO - Sync 1 DAGs
[2025-05-09T15:49:27.122+0000] {logging_mixin.py:188} INFO - [2025-05-09T15:49:27.122+0000] {dag.py:3954} INFO - Setting next_dagrun for latest_only to 2025-05-09 08:00:00+00:00, run_after=2025-05-09 12:00:00+00:00
[2025-05-09T15:49:27.163+0000] {processor.py:183} INFO - Processing /home/airflow/.local/lib/python3.10/site-packages/airflow/example_dags/example_latest_only.py took 0.116 seconds
[2025-05-09T15:49:57.267+0000] {processor.py:161} INFO - Started process (PID=7235) to work on /home/airflow/.local/lib/python3.10/site-packages/airflow/example_dags/example_latest_only.py
[2025-05-09T15:49:57.268+0000] {processor.py:830} INFO - Processing file /home/airflow/.local/lib/python3.10/site-packages/airflow/example_dags/example_latest_only.py for tasks to queue
[2025-05-09T15:49:57.270+0000] {logging_mixin.py:188} INFO - [2025-05-09T15:49:57.270+0000] {dagbag.py:545} INFO - Filling up the DagBag from /home/airflow/.local/lib/python3.10/site-packages/airflow/example_dags/example_latest_only.py
[2025-05-09T15:49:57.277+0000] {processor.py:840} INFO - DAG(s) 'latest_only' retrieved from /home/airflow/.local/lib/python3.10/site-packages/airflow/example_dags/example_latest_only.py
[2025-05-09T15:49:57.299+0000] {logging_mixin.py:188} INFO - [2025-05-09T15:49:57.299+0000] {dag.py:3096} INFO - Sync 1 DAGs
[2025-05-09T15:49:57.325+0000] {logging_mixin.py:188} INFO - [2025-05-09T15:49:57.325+0000] {dag.py:3954} INFO - Setting next_dagrun for latest_only to 2025-05-09 08:00:00+00:00, run_after=2025-05-09 12:00:00+00:00
[2025-05-09T15:49:57.359+0000] {processor.py:183} INFO - Processing /home/airflow/.local/lib/python3.10/site-packages/airflow/example_dags/example_latest_only.py took 0.099 seconds
[2025-05-09T15:50:27.447+0000] {processor.py:161} INFO - Started process (PID=7503) to work on /home/airflow/.local/lib/python3.10/site-packages/airflow/example_dags/example_latest_only.py
[2025-05-09T15:50:27.449+0000] {processor.py:830} INFO - Processing file /home/airflow/.local/lib/python3.10/site-packages/airflow/example_dags/example_latest_only.py for tasks to queue
[2025-05-09T15:50:27.452+0000] {logging_mixin.py:188} INFO - [2025-05-09T15:50:27.452+0000] {dagbag.py:545} INFO - Filling up the DagBag from /home/airflow/.local/lib/python3.10/site-packages/airflow/example_dags/example_latest_only.py
[2025-05-09T15:50:27.459+0000] {processor.py:840} INFO - DAG(s) 'latest_only' retrieved from /home/airflow/.local/lib/python3.10/site-packages/airflow/example_dags/example_latest_only.py
[2025-05-09T15:50:27.492+0000] {logging_mixin.py:188} INFO - [2025-05-09T15:50:27.492+0000] {dag.py:3096} INFO - Sync 1 DAGs
[2025-05-09T15:50:27.525+0000] {logging_mixin.py:188} INFO - [2025-05-09T15:50:27.525+0000] {dag.py:3954} INFO - Setting next_dagrun for latest_only to 2025-05-09 08:00:00+00:00, run_after=2025-05-09 12:00:00+00:00
[2025-05-09T15:50:27.568+0000] {processor.py:183} INFO - Processing /home/airflow/.local/lib/python3.10/site-packages/airflow/example_dags/example_latest_only.py took 0.129 seconds
[2025-05-09T15:50:57.807+0000] {processor.py:161} INFO - Started process (PID=7765) to work on /home/airflow/.local/lib/python3.10/site-packages/airflow/example_dags/example_latest_only.py
[2025-05-09T15:50:57.808+0000] {processor.py:830} INFO - Processing file /home/airflow/.local/lib/python3.10/site-packages/airflow/example_dags/example_latest_only.py for tasks to queue
[2025-05-09T15:50:57.810+0000] {logging_mixin.py:188} INFO - [2025-05-09T15:50:57.810+0000] {dagbag.py:545} INFO - Filling up the DagBag from /home/airflow/.local/lib/python3.10/site-packages/airflow/example_dags/example_latest_only.py
[2025-05-09T15:50:57.816+0000] {processor.py:840} INFO - DAG(s) 'latest_only' retrieved from /home/airflow/.local/lib/python3.10/site-packages/airflow/example_dags/example_latest_only.py
[2025-05-09T15:50:57.837+0000] {logging_mixin.py:188} INFO - [2025-05-09T15:50:57.836+0000] {dag.py:3096} INFO - Sync 1 DAGs
[2025-05-09T15:50:57.859+0000] {logging_mixin.py:188} INFO - [2025-05-09T15:50:57.859+0000] {dag.py:3954} INFO - Setting next_dagrun for latest_only to 2025-05-09 08:00:00+00:00, run_after=2025-05-09 12:00:00+00:00
[2025-05-09T15:50:57.883+0000] {processor.py:183} INFO - Processing /home/airflow/.local/lib/python3.10/site-packages/airflow/example_dags/example_latest_only.py took 0.083 seconds
[2025-05-09T15:51:28.328+0000] {processor.py:161} INFO - Started process (PID=8036) to work on /home/airflow/.local/lib/python3.10/site-packages/airflow/example_dags/example_latest_only.py
[2025-05-09T15:51:28.330+0000] {processor.py:830} INFO - Processing file /home/airflow/.local/lib/python3.10/site-packages/airflow/example_dags/example_latest_only.py for tasks to queue
[2025-05-09T15:51:28.333+0000] {logging_mixin.py:188} INFO - [2025-05-09T15:51:28.333+0000] {dagbag.py:545} INFO - Filling up the DagBag from /home/airflow/.local/lib/python3.10/site-packages/airflow/example_dags/example_latest_only.py
[2025-05-09T15:51:28.339+0000] {processor.py:840} INFO - DAG(s) 'latest_only' retrieved from /home/airflow/.local/lib/python3.10/site-packages/airflow/example_dags/example_latest_only.py
[2025-05-09T15:51:28.362+0000] {logging_mixin.py:188} INFO - [2025-05-09T15:51:28.362+0000] {dag.py:3096} INFO - Sync 1 DAGs
[2025-05-09T15:51:28.387+0000] {logging_mixin.py:188} INFO - [2025-05-09T15:51:28.386+0000] {dag.py:3954} INFO - Setting next_dagrun for latest_only to 2025-05-09 08:00:00+00:00, run_after=2025-05-09 12:00:00+00:00
[2025-05-09T15:51:28.406+0000] {processor.py:183} INFO - Processing /home/airflow/.local/lib/python3.10/site-packages/airflow/example_dags/example_latest_only.py took 0.085 seconds
[2025-05-09T15:51:58.688+0000] {processor.py:161} INFO - Started process (PID=8298) to work on /home/airflow/.local/lib/python3.10/site-packages/airflow/example_dags/example_latest_only.py
[2025-05-09T15:51:58.689+0000] {processor.py:830} INFO - Processing file /home/airflow/.local/lib/python3.10/site-packages/airflow/example_dags/example_latest_only.py for tasks to queue
[2025-05-09T15:51:58.691+0000] {logging_mixin.py:188} INFO - [2025-05-09T15:51:58.691+0000] {dagbag.py:545} INFO - Filling up the DagBag from /home/airflow/.local/lib/python3.10/site-packages/airflow/example_dags/example_latest_only.py
[2025-05-09T15:51:58.696+0000] {processor.py:840} INFO - DAG(s) 'latest_only' retrieved from /home/airflow/.local/lib/python3.10/site-packages/airflow/example_dags/example_latest_only.py
[2025-05-09T15:51:58.714+0000] {logging_mixin.py:188} INFO - [2025-05-09T15:51:58.714+0000] {dag.py:3096} INFO - Sync 1 DAGs
[2025-05-09T15:51:58.734+0000] {logging_mixin.py:188} INFO - [2025-05-09T15:51:58.734+0000] {dag.py:3954} INFO - Setting next_dagrun for latest_only to 2025-05-09 08:00:00+00:00, run_after=2025-05-09 12:00:00+00:00
[2025-05-09T15:51:58.755+0000] {processor.py:183} INFO - Processing /home/airflow/.local/lib/python3.10/site-packages/airflow/example_dags/example_latest_only.py took 0.073 seconds
[2025-05-09T15:52:29.651+0000] {processor.py:161} INFO - Started process (PID=8566) to work on /home/airflow/.local/lib/python3.10/site-packages/airflow/example_dags/example_latest_only.py
[2025-05-09T15:52:29.653+0000] {processor.py:830} INFO - Processing file /home/airflow/.local/lib/python3.10/site-packages/airflow/example_dags/example_latest_only.py for tasks to queue
[2025-05-09T15:52:29.655+0000] {logging_mixin.py:188} INFO - [2025-05-09T15:52:29.654+0000] {dagbag.py:545} INFO - Filling up the DagBag from /home/airflow/.local/lib/python3.10/site-packages/airflow/example_dags/example_latest_only.py
[2025-05-09T15:52:29.663+0000] {processor.py:840} INFO - DAG(s) 'latest_only' retrieved from /home/airflow/.local/lib/python3.10/site-packages/airflow/example_dags/example_latest_only.py
[2025-05-09T15:52:29.695+0000] {logging_mixin.py:188} INFO - [2025-05-09T15:52:29.695+0000] {dag.py:3096} INFO - Sync 1 DAGs
[2025-05-09T15:52:29.724+0000] {logging_mixin.py:188} INFO - [2025-05-09T15:52:29.724+0000] {dag.py:3954} INFO - Setting next_dagrun for latest_only to 2025-05-09 08:00:00+00:00, run_after=2025-05-09 12:00:00+00:00
[2025-05-09T15:52:29.746+0000] {processor.py:183} INFO - Processing /home/airflow/.local/lib/python3.10/site-packages/airflow/example_dags/example_latest_only.py took 0.105 seconds
[2025-05-09T15:53:00.684+0000] {processor.py:161} INFO - Started process (PID=8830) to work on /home/airflow/.local/lib/python3.10/site-packages/airflow/example_dags/example_latest_only.py
[2025-05-09T15:53:00.686+0000] {processor.py:830} INFO - Processing file /home/airflow/.local/lib/python3.10/site-packages/airflow/example_dags/example_latest_only.py for tasks to queue
[2025-05-09T15:53:00.689+0000] {logging_mixin.py:188} INFO - [2025-05-09T15:53:00.689+0000] {dagbag.py:545} INFO - Filling up the DagBag from /home/airflow/.local/lib/python3.10/site-packages/airflow/example_dags/example_latest_only.py
[2025-05-09T15:53:00.697+0000] {processor.py:840} INFO - DAG(s) 'latest_only' retrieved from /home/airflow/.local/lib/python3.10/site-packages/airflow/example_dags/example_latest_only.py
[2025-05-09T15:53:00.738+0000] {logging_mixin.py:188} INFO - [2025-05-09T15:53:00.738+0000] {dag.py:3096} INFO - Sync 1 DAGs
[2025-05-09T15:53:00.770+0000] {logging_mixin.py:188} INFO - [2025-05-09T15:53:00.769+0000] {dag.py:3954} INFO - Setting next_dagrun for latest_only to 2025-05-09 08:00:00+00:00, run_after=2025-05-09 12:00:00+00:00
[2025-05-09T15:53:00.802+0000] {processor.py:183} INFO - Processing /home/airflow/.local/lib/python3.10/site-packages/airflow/example_dags/example_latest_only.py took 0.126 seconds
[2025-05-09T15:53:31.362+0000] {processor.py:161} INFO - Started process (PID=9099) to work on /home/airflow/.local/lib/python3.10/site-packages/airflow/example_dags/example_latest_only.py
[2025-05-09T15:53:31.365+0000] {processor.py:830} INFO - Processing file /home/airflow/.local/lib/python3.10/site-packages/airflow/example_dags/example_latest_only.py for tasks to queue
[2025-05-09T15:53:31.369+0000] {logging_mixin.py:188} INFO - [2025-05-09T15:53:31.368+0000] {dagbag.py:545} INFO - Filling up the DagBag from /home/airflow/.local/lib/python3.10/site-packages/airflow/example_dags/example_latest_only.py
[2025-05-09T15:53:31.377+0000] {processor.py:840} INFO - DAG(s) 'latest_only' retrieved from /home/airflow/.local/lib/python3.10/site-packages/airflow/example_dags/example_latest_only.py
[2025-05-09T15:53:31.407+0000] {logging_mixin.py:188} INFO - [2025-05-09T15:53:31.407+0000] {dag.py:3096} INFO - Sync 1 DAGs
[2025-05-09T15:53:31.431+0000] {logging_mixin.py:188} INFO - [2025-05-09T15:53:31.431+0000] {dag.py:3954} INFO - Setting next_dagrun for latest_only to 2025-05-09 08:00:00+00:00, run_after=2025-05-09 12:00:00+00:00
[2025-05-09T15:53:31.460+0000] {processor.py:183} INFO - Processing /home/airflow/.local/lib/python3.10/site-packages/airflow/example_dags/example_latest_only.py took 0.111 seconds
[2025-05-09T15:54:01.679+0000] {processor.py:161} INFO - Started process (PID=9376) to work on /home/airflow/.local/lib/python3.10/site-packages/airflow/example_dags/example_latest_only.py
[2025-05-09T15:54:01.681+0000] {processor.py:830} INFO - Processing file /home/airflow/.local/lib/python3.10/site-packages/airflow/example_dags/example_latest_only.py for tasks to queue
[2025-05-09T15:54:01.683+0000] {logging_mixin.py:188} INFO - [2025-05-09T15:54:01.683+0000] {dagbag.py:545} INFO - Filling up the DagBag from /home/airflow/.local/lib/python3.10/site-packages/airflow/example_dags/example_latest_only.py
[2025-05-09T15:54:01.694+0000] {processor.py:840} INFO - DAG(s) 'latest_only' retrieved from /home/airflow/.local/lib/python3.10/site-packages/airflow/example_dags/example_latest_only.py
[2025-05-09T15:54:01.721+0000] {logging_mixin.py:188} INFO - [2025-05-09T15:54:01.721+0000] {dag.py:3096} INFO - Sync 1 DAGs
[2025-05-09T15:54:01.751+0000] {logging_mixin.py:188} INFO - [2025-05-09T15:54:01.750+0000] {dag.py:3954} INFO - Setting next_dagrun for latest_only to 2025-05-09 08:00:00+00:00, run_after=2025-05-09 12:00:00+00:00
[2025-05-09T15:54:01.784+0000] {processor.py:183} INFO - Processing /home/airflow/.local/lib/python3.10/site-packages/airflow/example_dags/example_latest_only.py took 0.112 seconds
[2025-05-09T15:54:32.399+0000] {processor.py:161} INFO - Started process (PID=9647) to work on /home/airflow/.local/lib/python3.10/site-packages/airflow/example_dags/example_latest_only.py
[2025-05-09T15:54:32.401+0000] {processor.py:830} INFO - Processing file /home/airflow/.local/lib/python3.10/site-packages/airflow/example_dags/example_latest_only.py for tasks to queue
[2025-05-09T15:54:32.404+0000] {logging_mixin.py:188} INFO - [2025-05-09T15:54:32.404+0000] {dagbag.py:545} INFO - Filling up the DagBag from /home/airflow/.local/lib/python3.10/site-packages/airflow/example_dags/example_latest_only.py
[2025-05-09T15:54:32.410+0000] {processor.py:840} INFO - DAG(s) 'latest_only' retrieved from /home/airflow/.local/lib/python3.10/site-packages/airflow/example_dags/example_latest_only.py
[2025-05-09T15:54:32.440+0000] {logging_mixin.py:188} INFO - [2025-05-09T15:54:32.440+0000] {dag.py:3096} INFO - Sync 1 DAGs
[2025-05-09T15:54:32.467+0000] {logging_mixin.py:188} INFO - [2025-05-09T15:54:32.467+0000] {dag.py:3954} INFO - Setting next_dagrun for latest_only to 2025-05-09 08:00:00+00:00, run_after=2025-05-09 12:00:00+00:00
[2025-05-09T15:54:32.519+0000] {processor.py:183} INFO - Processing /home/airflow/.local/lib/python3.10/site-packages/airflow/example_dags/example_latest_only.py took 0.127 seconds
[2025-05-09T15:55:02.907+0000] {processor.py:161} INFO - Started process (PID=9914) to work on /home/airflow/.local/lib/python3.10/site-packages/airflow/example_dags/example_latest_only.py
[2025-05-09T15:55:02.908+0000] {processor.py:830} INFO - Processing file /home/airflow/.local/lib/python3.10/site-packages/airflow/example_dags/example_latest_only.py for tasks to queue
[2025-05-09T15:55:02.911+0000] {logging_mixin.py:188} INFO - [2025-05-09T15:55:02.910+0000] {dagbag.py:545} INFO - Filling up the DagBag from /home/airflow/.local/lib/python3.10/site-packages/airflow/example_dags/example_latest_only.py
[2025-05-09T15:55:02.918+0000] {processor.py:840} INFO - DAG(s) 'latest_only' retrieved from /home/airflow/.local/lib/python3.10/site-packages/airflow/example_dags/example_latest_only.py
[2025-05-09T15:55:02.947+0000] {logging_mixin.py:188} INFO - [2025-05-09T15:55:02.947+0000] {dag.py:3096} INFO - Sync 1 DAGs
[2025-05-09T15:55:02.978+0000] {logging_mixin.py:188} INFO - [2025-05-09T15:55:02.977+0000] {dag.py:3954} INFO - Setting next_dagrun for latest_only to 2025-05-09 08:00:00+00:00, run_after=2025-05-09 12:00:00+00:00
[2025-05-09T15:55:03.009+0000] {processor.py:183} INFO - Processing /home/airflow/.local/lib/python3.10/site-packages/airflow/example_dags/example_latest_only.py took 0.109 seconds
[2025-05-09T15:55:33.180+0000] {processor.py:161} INFO - Started process (PID=10180) to work on /home/airflow/.local/lib/python3.10/site-packages/airflow/example_dags/example_latest_only.py
[2025-05-09T15:55:33.182+0000] {processor.py:830} INFO - Processing file /home/airflow/.local/lib/python3.10/site-packages/airflow/example_dags/example_latest_only.py for tasks to queue
[2025-05-09T15:55:33.184+0000] {logging_mixin.py:188} INFO - [2025-05-09T15:55:33.184+0000] {dagbag.py:545} INFO - Filling up the DagBag from /home/airflow/.local/lib/python3.10/site-packages/airflow/example_dags/example_latest_only.py
[2025-05-09T15:55:33.190+0000] {processor.py:840} INFO - DAG(s) 'latest_only' retrieved from /home/airflow/.local/lib/python3.10/site-packages/airflow/example_dags/example_latest_only.py
[2025-05-09T15:55:33.221+0000] {logging_mixin.py:188} INFO - [2025-05-09T15:55:33.220+0000] {dag.py:3096} INFO - Sync 1 DAGs
[2025-05-09T15:55:33.245+0000] {logging_mixin.py:188} INFO - [2025-05-09T15:55:33.245+0000] {dag.py:3954} INFO - Setting next_dagrun for latest_only to 2025-05-09 08:00:00+00:00, run_after=2025-05-09 12:00:00+00:00
[2025-05-09T15:55:33.271+0000] {processor.py:183} INFO - Processing /home/airflow/.local/lib/python3.10/site-packages/airflow/example_dags/example_latest_only.py took 0.098 seconds
[2025-05-09T15:56:03.628+0000] {processor.py:161} INFO - Started process (PID=10447) to work on /home/airflow/.local/lib/python3.10/site-packages/airflow/example_dags/example_latest_only.py
[2025-05-09T15:56:03.630+0000] {processor.py:830} INFO - Processing file /home/airflow/.local/lib/python3.10/site-packages/airflow/example_dags/example_latest_only.py for tasks to queue
[2025-05-09T15:56:03.635+0000] {logging_mixin.py:188} INFO - [2025-05-09T15:56:03.634+0000] {dagbag.py:545} INFO - Filling up the DagBag from /home/airflow/.local/lib/python3.10/site-packages/airflow/example_dags/example_latest_only.py
[2025-05-09T15:56:03.642+0000] {processor.py:840} INFO - DAG(s) 'latest_only' retrieved from /home/airflow/.local/lib/python3.10/site-packages/airflow/example_dags/example_latest_only.py
[2025-05-09T15:56:03.675+0000] {logging_mixin.py:188} INFO - [2025-05-09T15:56:03.675+0000] {dag.py:3096} INFO - Sync 1 DAGs
[2025-05-09T15:56:03.707+0000] {logging_mixin.py:188} INFO - [2025-05-09T15:56:03.707+0000] {dag.py:3954} INFO - Setting next_dagrun for latest_only to 2025-05-09 08:00:00+00:00, run_after=2025-05-09 12:00:00+00:00
[2025-05-09T15:56:03.739+0000] {processor.py:183} INFO - Processing /home/airflow/.local/lib/python3.10/site-packages/airflow/example_dags/example_latest_only.py took 0.119 seconds
[2025-05-09T15:56:33.957+0000] {processor.py:161} INFO - Started process (PID=10713) to work on /home/airflow/.local/lib/python3.10/site-packages/airflow/example_dags/example_latest_only.py
[2025-05-09T15:56:33.959+0000] {processor.py:830} INFO - Processing file /home/airflow/.local/lib/python3.10/site-packages/airflow/example_dags/example_latest_only.py for tasks to queue
[2025-05-09T15:56:33.961+0000] {logging_mixin.py:188} INFO - [2025-05-09T15:56:33.961+0000] {dagbag.py:545} INFO - Filling up the DagBag from /home/airflow/.local/lib/python3.10/site-packages/airflow/example_dags/example_latest_only.py
[2025-05-09T15:56:33.966+0000] {processor.py:840} INFO - DAG(s) 'latest_only' retrieved from /home/airflow/.local/lib/python3.10/site-packages/airflow/example_dags/example_latest_only.py
[2025-05-09T15:56:33.988+0000] {logging_mixin.py:188} INFO - [2025-05-09T15:56:33.988+0000] {dag.py:3096} INFO - Sync 1 DAGs
[2025-05-09T15:56:34.007+0000] {logging_mixin.py:188} INFO - [2025-05-09T15:56:34.007+0000] {dag.py:3954} INFO - Setting next_dagrun for latest_only to 2025-05-09 08:00:00+00:00, run_after=2025-05-09 12:00:00+00:00
[2025-05-09T15:56:34.029+0000] {processor.py:183} INFO - Processing /home/airflow/.local/lib/python3.10/site-packages/airflow/example_dags/example_latest_only.py took 0.077 seconds
[2025-05-09T15:57:04.175+0000] {processor.py:161} INFO - Started process (PID=10981) to work on /home/airflow/.local/lib/python3.10/site-packages/airflow/example_dags/example_latest_only.py
[2025-05-09T15:57:04.178+0000] {processor.py:830} INFO - Processing file /home/airflow/.local/lib/python3.10/site-packages/airflow/example_dags/example_latest_only.py for tasks to queue
[2025-05-09T15:57:04.181+0000] {logging_mixin.py:188} INFO - [2025-05-09T15:57:04.181+0000] {dagbag.py:545} INFO - Filling up the DagBag from /home/airflow/.local/lib/python3.10/site-packages/airflow/example_dags/example_latest_only.py
[2025-05-09T15:57:04.189+0000] {processor.py:840} INFO - DAG(s) 'latest_only' retrieved from /home/airflow/.local/lib/python3.10/site-packages/airflow/example_dags/example_latest_only.py
[2025-05-09T15:57:04.216+0000] {logging_mixin.py:188} INFO - [2025-05-09T15:57:04.216+0000] {dag.py:3096} INFO - Sync 1 DAGs
[2025-05-09T15:57:04.239+0000] {logging_mixin.py:188} INFO - [2025-05-09T15:57:04.239+0000] {dag.py:3954} INFO - Setting next_dagrun for latest_only to 2025-05-09 08:00:00+00:00, run_after=2025-05-09 12:00:00+00:00
[2025-05-09T15:57:04.264+0000] {processor.py:183} INFO - Processing /home/airflow/.local/lib/python3.10/site-packages/airflow/example_dags/example_latest_only.py took 0.095 seconds
[2025-05-09T15:57:34.411+0000] {processor.py:161} INFO - Started process (PID=11246) to work on /home/airflow/.local/lib/python3.10/site-packages/airflow/example_dags/example_latest_only.py
[2025-05-09T15:57:34.413+0000] {processor.py:830} INFO - Processing file /home/airflow/.local/lib/python3.10/site-packages/airflow/example_dags/example_latest_only.py for tasks to queue
[2025-05-09T15:57:34.415+0000] {logging_mixin.py:188} INFO - [2025-05-09T15:57:34.415+0000] {dagbag.py:545} INFO - Filling up the DagBag from /home/airflow/.local/lib/python3.10/site-packages/airflow/example_dags/example_latest_only.py
[2025-05-09T15:57:34.420+0000] {processor.py:840} INFO - DAG(s) 'latest_only' retrieved from /home/airflow/.local/lib/python3.10/site-packages/airflow/example_dags/example_latest_only.py
[2025-05-09T15:57:34.445+0000] {logging_mixin.py:188} INFO - [2025-05-09T15:57:34.445+0000] {dag.py:3096} INFO - Sync 1 DAGs
[2025-05-09T15:57:34.473+0000] {logging_mixin.py:188} INFO - [2025-05-09T15:57:34.473+0000] {dag.py:3954} INFO - Setting next_dagrun for latest_only to 2025-05-09 08:00:00+00:00, run_after=2025-05-09 12:00:00+00:00
[2025-05-09T15:57:34.499+0000] {processor.py:183} INFO - Processing /home/airflow/.local/lib/python3.10/site-packages/airflow/example_dags/example_latest_only.py took 0.093 seconds
[2025-05-09T15:58:05.127+0000] {processor.py:161} INFO - Started process (PID=11517) to work on /home/airflow/.local/lib/python3.10/site-packages/airflow/example_dags/example_latest_only.py
[2025-05-09T15:58:05.130+0000] {processor.py:830} INFO - Processing file /home/airflow/.local/lib/python3.10/site-packages/airflow/example_dags/example_latest_only.py for tasks to queue
[2025-05-09T15:58:05.134+0000] {logging_mixin.py:188} INFO - [2025-05-09T15:58:05.134+0000] {dagbag.py:545} INFO - Filling up the DagBag from /home/airflow/.local/lib/python3.10/site-packages/airflow/example_dags/example_latest_only.py
[2025-05-09T15:58:05.143+0000] {processor.py:840} INFO - DAG(s) 'latest_only' retrieved from /home/airflow/.local/lib/python3.10/site-packages/airflow/example_dags/example_latest_only.py
[2025-05-09T15:58:05.178+0000] {logging_mixin.py:188} INFO - [2025-05-09T15:58:05.178+0000] {dag.py:3096} INFO - Sync 1 DAGs
[2025-05-09T15:58:05.214+0000] {logging_mixin.py:188} INFO - [2025-05-09T15:58:05.214+0000] {dag.py:3954} INFO - Setting next_dagrun for latest_only to 2025-05-09 08:00:00+00:00, run_after=2025-05-09 12:00:00+00:00
[2025-05-09T15:58:05.242+0000] {processor.py:183} INFO - Processing /home/airflow/.local/lib/python3.10/site-packages/airflow/example_dags/example_latest_only.py took 0.124 seconds
[2025-05-09T15:58:35.466+0000] {processor.py:161} INFO - Started process (PID=11779) to work on /home/airflow/.local/lib/python3.10/site-packages/airflow/example_dags/example_latest_only.py
[2025-05-09T15:58:35.468+0000] {processor.py:830} INFO - Processing file /home/airflow/.local/lib/python3.10/site-packages/airflow/example_dags/example_latest_only.py for tasks to queue
[2025-05-09T15:58:35.470+0000] {logging_mixin.py:188} INFO - [2025-05-09T15:58:35.470+0000] {dagbag.py:545} INFO - Filling up the DagBag from /home/airflow/.local/lib/python3.10/site-packages/airflow/example_dags/example_latest_only.py
[2025-05-09T15:58:35.477+0000] {processor.py:840} INFO - DAG(s) 'latest_only' retrieved from /home/airflow/.local/lib/python3.10/site-packages/airflow/example_dags/example_latest_only.py
[2025-05-09T15:58:35.504+0000] {logging_mixin.py:188} INFO - [2025-05-09T15:58:35.504+0000] {dag.py:3096} INFO - Sync 1 DAGs
[2025-05-09T15:58:35.530+0000] {logging_mixin.py:188} INFO - [2025-05-09T15:58:35.530+0000] {dag.py:3954} INFO - Setting next_dagrun for latest_only to 2025-05-09 08:00:00+00:00, run_after=2025-05-09 12:00:00+00:00
[2025-05-09T15:58:35.558+0000] {processor.py:183} INFO - Processing /home/airflow/.local/lib/python3.10/site-packages/airflow/example_dags/example_latest_only.py took 0.099 seconds
[2025-05-09T15:59:06.492+0000] {processor.py:161} INFO - Started process (PID=12050) to work on /home/airflow/.local/lib/python3.10/site-packages/airflow/example_dags/example_latest_only.py
[2025-05-09T15:59:06.494+0000] {processor.py:830} INFO - Processing file /home/airflow/.local/lib/python3.10/site-packages/airflow/example_dags/example_latest_only.py for tasks to queue
[2025-05-09T15:59:06.497+0000] {logging_mixin.py:188} INFO - [2025-05-09T15:59:06.496+0000] {dagbag.py:545} INFO - Filling up the DagBag from /home/airflow/.local/lib/python3.10/site-packages/airflow/example_dags/example_latest_only.py
[2025-05-09T15:59:06.502+0000] {processor.py:840} INFO - DAG(s) 'latest_only' retrieved from /home/airflow/.local/lib/python3.10/site-packages/airflow/example_dags/example_latest_only.py
[2025-05-09T15:59:06.529+0000] {logging_mixin.py:188} INFO - [2025-05-09T15:59:06.529+0000] {dag.py:3096} INFO - Sync 1 DAGs
[2025-05-09T15:59:06.553+0000] {logging_mixin.py:188} INFO - [2025-05-09T15:59:06.553+0000] {dag.py:3954} INFO - Setting next_dagrun for latest_only to 2025-05-09 08:00:00+00:00, run_after=2025-05-09 12:00:00+00:00
[2025-05-09T15:59:06.578+0000] {processor.py:183} INFO - Processing /home/airflow/.local/lib/python3.10/site-packages/airflow/example_dags/example_latest_only.py took 0.092 seconds
[2025-05-09T15:59:37.333+0000] {processor.py:161} INFO - Started process (PID=12322) to work on /home/airflow/.local/lib/python3.10/site-packages/airflow/example_dags/example_latest_only.py
[2025-05-09T15:59:37.334+0000] {processor.py:830} INFO - Processing file /home/airflow/.local/lib/python3.10/site-packages/airflow/example_dags/example_latest_only.py for tasks to queue
[2025-05-09T15:59:37.336+0000] {logging_mixin.py:188} INFO - [2025-05-09T15:59:37.336+0000] {dagbag.py:545} INFO - Filling up the DagBag from /home/airflow/.local/lib/python3.10/site-packages/airflow/example_dags/example_latest_only.py
[2025-05-09T15:59:37.341+0000] {processor.py:840} INFO - DAG(s) 'latest_only' retrieved from /home/airflow/.local/lib/python3.10/site-packages/airflow/example_dags/example_latest_only.py
[2025-05-09T15:59:37.361+0000] {logging_mixin.py:188} INFO - [2025-05-09T15:59:37.361+0000] {dag.py:3096} INFO - Sync 1 DAGs
[2025-05-09T15:59:37.382+0000] {logging_mixin.py:188} INFO - [2025-05-09T15:59:37.382+0000] {dag.py:3954} INFO - Setting next_dagrun for latest_only to 2025-05-09 08:00:00+00:00, run_after=2025-05-09 12:00:00+00:00
[2025-05-09T15:59:37.400+0000] {processor.py:183} INFO - Processing /home/airflow/.local/lib/python3.10/site-packages/airflow/example_dags/example_latest_only.py took 0.074 seconds
[2025-05-09T16:00:07.981+0000] {processor.py:161} INFO - Started process (PID=12619) to work on /home/airflow/.local/lib/python3.10/site-packages/airflow/example_dags/example_latest_only.py
[2025-05-09T16:00:07.982+0000] {processor.py:830} INFO - Processing file /home/airflow/.local/lib/python3.10/site-packages/airflow/example_dags/example_latest_only.py for tasks to queue
[2025-05-09T16:00:07.986+0000] {logging_mixin.py:188} INFO - [2025-05-09T16:00:07.985+0000] {dagbag.py:545} INFO - Filling up the DagBag from /home/airflow/.local/lib/python3.10/site-packages/airflow/example_dags/example_latest_only.py
[2025-05-09T16:00:07.993+0000] {processor.py:840} INFO - DAG(s) 'latest_only' retrieved from /home/airflow/.local/lib/python3.10/site-packages/airflow/example_dags/example_latest_only.py
[2025-05-09T16:00:08.020+0000] {logging_mixin.py:188} INFO - [2025-05-09T16:00:08.019+0000] {dag.py:3096} INFO - Sync 1 DAGs
[2025-05-09T16:00:08.040+0000] {logging_mixin.py:188} INFO - [2025-05-09T16:00:08.040+0000] {dag.py:3954} INFO - Setting next_dagrun for latest_only to 2025-05-09 12:00:00+00:00, run_after=2025-05-09 16:00:00+00:00
[2025-05-09T16:00:08.063+0000] {processor.py:183} INFO - Processing /home/airflow/.local/lib/python3.10/site-packages/airflow/example_dags/example_latest_only.py took 0.089 seconds
[2025-05-09T16:00:38.484+0000] {processor.py:161} INFO - Started process (PID=12913) to work on /home/airflow/.local/lib/python3.10/site-packages/airflow/example_dags/example_latest_only.py
[2025-05-09T16:00:38.486+0000] {processor.py:830} INFO - Processing file /home/airflow/.local/lib/python3.10/site-packages/airflow/example_dags/example_latest_only.py for tasks to queue
[2025-05-09T16:00:38.489+0000] {logging_mixin.py:188} INFO - [2025-05-09T16:00:38.488+0000] {dagbag.py:545} INFO - Filling up the DagBag from /home/airflow/.local/lib/python3.10/site-packages/airflow/example_dags/example_latest_only.py
[2025-05-09T16:00:38.497+0000] {processor.py:840} INFO - DAG(s) 'latest_only' retrieved from /home/airflow/.local/lib/python3.10/site-packages/airflow/example_dags/example_latest_only.py
[2025-05-09T16:00:38.531+0000] {logging_mixin.py:188} INFO - [2025-05-09T16:00:38.531+0000] {dag.py:3096} INFO - Sync 1 DAGs
[2025-05-09T16:00:38.558+0000] {logging_mixin.py:188} INFO - [2025-05-09T16:00:38.558+0000] {dag.py:3954} INFO - Setting next_dagrun for latest_only to 2025-05-09 12:00:00+00:00, run_after=2025-05-09 16:00:00+00:00
[2025-05-09T16:00:38.585+0000] {processor.py:183} INFO - Processing /home/airflow/.local/lib/python3.10/site-packages/airflow/example_dags/example_latest_only.py took 0.113 seconds
[2025-05-09T16:01:09.663+0000] {processor.py:161} INFO - Started process (PID=13195) to work on /home/airflow/.local/lib/python3.10/site-packages/airflow/example_dags/example_latest_only.py
[2025-05-09T16:01:09.664+0000] {processor.py:830} INFO - Processing file /home/airflow/.local/lib/python3.10/site-packages/airflow/example_dags/example_latest_only.py for tasks to queue
[2025-05-09T16:01:09.666+0000] {logging_mixin.py:188} INFO - [2025-05-09T16:01:09.666+0000] {dagbag.py:545} INFO - Filling up the DagBag from /home/airflow/.local/lib/python3.10/site-packages/airflow/example_dags/example_latest_only.py
[2025-05-09T16:01:09.673+0000] {processor.py:840} INFO - DAG(s) 'latest_only' retrieved from /home/airflow/.local/lib/python3.10/site-packages/airflow/example_dags/example_latest_only.py
[2025-05-09T16:01:09.700+0000] {logging_mixin.py:188} INFO - [2025-05-09T16:01:09.700+0000] {dag.py:3096} INFO - Sync 1 DAGs
[2025-05-09T16:01:09.724+0000] {logging_mixin.py:188} INFO - [2025-05-09T16:01:09.724+0000] {dag.py:3954} INFO - Setting next_dagrun for latest_only to 2025-05-09 12:00:00+00:00, run_after=2025-05-09 16:00:00+00:00
[2025-05-09T16:01:09.751+0000] {processor.py:183} INFO - Processing /home/airflow/.local/lib/python3.10/site-packages/airflow/example_dags/example_latest_only.py took 0.096 seconds
[2025-05-09T16:01:40.578+0000] {processor.py:161} INFO - Started process (PID=13477) to work on /home/airflow/.local/lib/python3.10/site-packages/airflow/example_dags/example_latest_only.py
[2025-05-09T16:01:40.579+0000] {processor.py:830} INFO - Processing file /home/airflow/.local/lib/python3.10/site-packages/airflow/example_dags/example_latest_only.py for tasks to queue
[2025-05-09T16:01:40.581+0000] {logging_mixin.py:188} INFO - [2025-05-09T16:01:40.581+0000] {dagbag.py:545} INFO - Filling up the DagBag from /home/airflow/.local/lib/python3.10/site-packages/airflow/example_dags/example_latest_only.py
[2025-05-09T16:01:40.586+0000] {processor.py:840} INFO - DAG(s) 'latest_only' retrieved from /home/airflow/.local/lib/python3.10/site-packages/airflow/example_dags/example_latest_only.py
[2025-05-09T16:01:40.610+0000] {logging_mixin.py:188} INFO - [2025-05-09T16:01:40.610+0000] {dag.py:3096} INFO - Sync 1 DAGs
[2025-05-09T16:01:40.631+0000] {logging_mixin.py:188} INFO - [2025-05-09T16:01:40.631+0000] {dag.py:3954} INFO - Setting next_dagrun for latest_only to 2025-05-09 12:00:00+00:00, run_after=2025-05-09 16:00:00+00:00
[2025-05-09T16:01:40.655+0000] {processor.py:183} INFO - Processing /home/airflow/.local/lib/python3.10/site-packages/airflow/example_dags/example_latest_only.py took 0.083 seconds
[2025-05-09T16:02:10.895+0000] {processor.py:161} INFO - Started process (PID=13783) to work on /home/airflow/.local/lib/python3.10/site-packages/airflow/example_dags/example_latest_only.py
[2025-05-09T16:02:10.897+0000] {processor.py:830} INFO - Processing file /home/airflow/.local/lib/python3.10/site-packages/airflow/example_dags/example_latest_only.py for tasks to queue
[2025-05-09T16:02:10.898+0000] {logging_mixin.py:188} INFO - [2025-05-09T16:02:10.898+0000] {dagbag.py:545} INFO - Filling up the DagBag from /home/airflow/.local/lib/python3.10/site-packages/airflow/example_dags/example_latest_only.py
[2025-05-09T16:02:10.903+0000] {processor.py:840} INFO - DAG(s) 'latest_only' retrieved from /home/airflow/.local/lib/python3.10/site-packages/airflow/example_dags/example_latest_only.py
[2025-05-09T16:02:10.927+0000] {logging_mixin.py:188} INFO - [2025-05-09T16:02:10.927+0000] {dag.py:3096} INFO - Sync 1 DAGs
[2025-05-09T16:02:10.948+0000] {logging_mixin.py:188} INFO - [2025-05-09T16:02:10.948+0000] {dag.py:3954} INFO - Setting next_dagrun for latest_only to 2025-05-09 12:00:00+00:00, run_after=2025-05-09 16:00:00+00:00
[2025-05-09T16:02:10.975+0000] {processor.py:183} INFO - Processing /home/airflow/.local/lib/python3.10/site-packages/airflow/example_dags/example_latest_only.py took 0.086 seconds
[2025-05-09T16:02:41.351+0000] {processor.py:161} INFO - Started process (PID=14049) to work on /home/airflow/.local/lib/python3.10/site-packages/airflow/example_dags/example_latest_only.py
[2025-05-09T16:02:41.353+0000] {processor.py:830} INFO - Processing file /home/airflow/.local/lib/python3.10/site-packages/airflow/example_dags/example_latest_only.py for tasks to queue
[2025-05-09T16:02:41.355+0000] {logging_mixin.py:188} INFO - [2025-05-09T16:02:41.355+0000] {dagbag.py:545} INFO - Filling up the DagBag from /home/airflow/.local/lib/python3.10/site-packages/airflow/example_dags/example_latest_only.py
[2025-05-09T16:02:41.361+0000] {processor.py:840} INFO - DAG(s) 'latest_only' retrieved from /home/airflow/.local/lib/python3.10/site-packages/airflow/example_dags/example_latest_only.py
[2025-05-09T16:02:41.395+0000] {logging_mixin.py:188} INFO - [2025-05-09T16:02:41.394+0000] {dag.py:3096} INFO - Sync 1 DAGs
[2025-05-09T16:02:41.425+0000] {logging_mixin.py:188} INFO - [2025-05-09T16:02:41.425+0000] {dag.py:3954} INFO - Setting next_dagrun for latest_only to 2025-05-09 12:00:00+00:00, run_after=2025-05-09 16:00:00+00:00
[2025-05-09T16:02:41.458+0000] {processor.py:183} INFO - Processing /home/airflow/.local/lib/python3.10/site-packages/airflow/example_dags/example_latest_only.py took 0.114 seconds
[2025-05-09T16:03:11.862+0000] {processor.py:161} INFO - Started process (PID=14364) to work on /home/airflow/.local/lib/python3.10/site-packages/airflow/example_dags/example_latest_only.py
[2025-05-09T16:03:11.865+0000] {processor.py:830} INFO - Processing file /home/airflow/.local/lib/python3.10/site-packages/airflow/example_dags/example_latest_only.py for tasks to queue
[2025-05-09T16:03:11.867+0000] {logging_mixin.py:188} INFO - [2025-05-09T16:03:11.867+0000] {dagbag.py:545} INFO - Filling up the DagBag from /home/airflow/.local/lib/python3.10/site-packages/airflow/example_dags/example_latest_only.py
[2025-05-09T16:03:11.877+0000] {processor.py:840} INFO - DAG(s) 'latest_only' retrieved from /home/airflow/.local/lib/python3.10/site-packages/airflow/example_dags/example_latest_only.py
[2025-05-09T16:03:11.907+0000] {logging_mixin.py:188} INFO - [2025-05-09T16:03:11.907+0000] {dag.py:3096} INFO - Sync 1 DAGs
[2025-05-09T16:03:11.944+0000] {logging_mixin.py:188} INFO - [2025-05-09T16:03:11.943+0000] {dag.py:3954} INFO - Setting next_dagrun for latest_only to 2025-05-09 12:00:00+00:00, run_after=2025-05-09 16:00:00+00:00
[2025-05-09T16:03:11.979+0000] {processor.py:183} INFO - Processing /home/airflow/.local/lib/python3.10/site-packages/airflow/example_dags/example_latest_only.py took 0.126 seconds
[2025-05-09T16:03:42.549+0000] {processor.py:161} INFO - Started process (PID=14632) to work on /home/airflow/.local/lib/python3.10/site-packages/airflow/example_dags/example_latest_only.py
[2025-05-09T16:03:42.551+0000] {processor.py:830} INFO - Processing file /home/airflow/.local/lib/python3.10/site-packages/airflow/example_dags/example_latest_only.py for tasks to queue
[2025-05-09T16:03:42.553+0000] {logging_mixin.py:188} INFO - [2025-05-09T16:03:42.552+0000] {dagbag.py:545} INFO - Filling up the DagBag from /home/airflow/.local/lib/python3.10/site-packages/airflow/example_dags/example_latest_only.py
[2025-05-09T16:03:42.559+0000] {processor.py:840} INFO - DAG(s) 'latest_only' retrieved from /home/airflow/.local/lib/python3.10/site-packages/airflow/example_dags/example_latest_only.py
[2025-05-09T16:03:42.587+0000] {logging_mixin.py:188} INFO - [2025-05-09T16:03:42.586+0000] {dag.py:3096} INFO - Sync 1 DAGs
[2025-05-09T16:03:42.613+0000] {logging_mixin.py:188} INFO - [2025-05-09T16:03:42.612+0000] {dag.py:3954} INFO - Setting next_dagrun for latest_only to 2025-05-09 12:00:00+00:00, run_after=2025-05-09 16:00:00+00:00
[2025-05-09T16:03:42.636+0000] {processor.py:183} INFO - Processing /home/airflow/.local/lib/python3.10/site-packages/airflow/example_dags/example_latest_only.py took 0.097 seconds
[2025-05-09T16:04:12.790+0000] {processor.py:161} INFO - Started process (PID=14894) to work on /home/airflow/.local/lib/python3.10/site-packages/airflow/example_dags/example_latest_only.py
[2025-05-09T16:04:12.792+0000] {processor.py:830} INFO - Processing file /home/airflow/.local/lib/python3.10/site-packages/airflow/example_dags/example_latest_only.py for tasks to queue
[2025-05-09T16:04:12.793+0000] {logging_mixin.py:188} INFO - [2025-05-09T16:04:12.793+0000] {dagbag.py:545} INFO - Filling up the DagBag from /home/airflow/.local/lib/python3.10/site-packages/airflow/example_dags/example_latest_only.py
[2025-05-09T16:04:12.802+0000] {processor.py:840} INFO - DAG(s) 'latest_only' retrieved from /home/airflow/.local/lib/python3.10/site-packages/airflow/example_dags/example_latest_only.py
[2025-05-09T16:04:12.825+0000] {logging_mixin.py:188} INFO - [2025-05-09T16:04:12.825+0000] {dag.py:3096} INFO - Sync 1 DAGs
[2025-05-09T16:04:12.849+0000] {logging_mixin.py:188} INFO - [2025-05-09T16:04:12.848+0000] {dag.py:3954} INFO - Setting next_dagrun for latest_only to 2025-05-09 12:00:00+00:00, run_after=2025-05-09 16:00:00+00:00
[2025-05-09T16:04:12.876+0000] {processor.py:183} INFO - Processing /home/airflow/.local/lib/python3.10/site-packages/airflow/example_dags/example_latest_only.py took 0.096 seconds
[2025-05-09T16:05:17.873+0000] {processor.py:161} INFO - Started process (PID=322) to work on /home/airflow/.local/lib/python3.10/site-packages/airflow/example_dags/example_latest_only.py
[2025-05-09T16:05:17.875+0000] {processor.py:830} INFO - Processing file /home/airflow/.local/lib/python3.10/site-packages/airflow/example_dags/example_latest_only.py for tasks to queue
[2025-05-09T16:05:17.878+0000] {logging_mixin.py:188} INFO - [2025-05-09T16:05:17.877+0000] {dagbag.py:545} INFO - Filling up the DagBag from /home/airflow/.local/lib/python3.10/site-packages/airflow/example_dags/example_latest_only.py
[2025-05-09T16:05:17.884+0000] {processor.py:840} INFO - DAG(s) 'latest_only' retrieved from /home/airflow/.local/lib/python3.10/site-packages/airflow/example_dags/example_latest_only.py
[2025-05-09T16:05:17.905+0000] {logging_mixin.py:188} INFO - [2025-05-09T16:05:17.904+0000] {dag.py:3096} INFO - Sync 1 DAGs
[2025-05-09T16:05:17.935+0000] {logging_mixin.py:188} INFO - [2025-05-09T16:05:17.935+0000] {dag.py:3954} INFO - Setting next_dagrun for latest_only to 2025-05-09 12:00:00+00:00, run_after=2025-05-09 16:00:00+00:00
[2025-05-09T16:05:17.965+0000] {processor.py:183} INFO - Processing /home/airflow/.local/lib/python3.10/site-packages/airflow/example_dags/example_latest_only.py took 0.100 seconds
[2025-05-09T16:05:49.230+0000] {processor.py:161} INFO - Started process (PID=584) to work on /home/airflow/.local/lib/python3.10/site-packages/airflow/example_dags/example_latest_only.py
[2025-05-09T16:05:49.232+0000] {processor.py:830} INFO - Processing file /home/airflow/.local/lib/python3.10/site-packages/airflow/example_dags/example_latest_only.py for tasks to queue
[2025-05-09T16:05:49.236+0000] {logging_mixin.py:188} INFO - [2025-05-09T16:05:49.235+0000] {dagbag.py:545} INFO - Filling up the DagBag from /home/airflow/.local/lib/python3.10/site-packages/airflow/example_dags/example_latest_only.py
[2025-05-09T16:05:49.245+0000] {processor.py:840} INFO - DAG(s) 'latest_only' retrieved from /home/airflow/.local/lib/python3.10/site-packages/airflow/example_dags/example_latest_only.py
[2025-05-09T16:05:49.364+0000] {logging_mixin.py:188} INFO - [2025-05-09T16:05:49.363+0000] {dag.py:3096} INFO - Sync 1 DAGs
[2025-05-09T16:05:49.397+0000] {logging_mixin.py:188} INFO - [2025-05-09T16:05:49.397+0000] {dag.py:3954} INFO - Setting next_dagrun for latest_only to 2025-05-09 12:00:00+00:00, run_after=2025-05-09 16:00:00+00:00
[2025-05-09T16:05:49.438+0000] {processor.py:183} INFO - Processing /home/airflow/.local/lib/python3.10/site-packages/airflow/example_dags/example_latest_only.py took 0.217 seconds
[2025-05-09T16:06:19.706+0000] {processor.py:161} INFO - Started process (PID=846) to work on /home/airflow/.local/lib/python3.10/site-packages/airflow/example_dags/example_latest_only.py
[2025-05-09T16:06:19.708+0000] {processor.py:830} INFO - Processing file /home/airflow/.local/lib/python3.10/site-packages/airflow/example_dags/example_latest_only.py for tasks to queue
[2025-05-09T16:06:19.712+0000] {logging_mixin.py:188} INFO - [2025-05-09T16:06:19.712+0000] {dagbag.py:545} INFO - Filling up the DagBag from /home/airflow/.local/lib/python3.10/site-packages/airflow/example_dags/example_latest_only.py
[2025-05-09T16:06:19.719+0000] {processor.py:840} INFO - DAG(s) 'latest_only' retrieved from /home/airflow/.local/lib/python3.10/site-packages/airflow/example_dags/example_latest_only.py
[2025-05-09T16:06:19.743+0000] {logging_mixin.py:188} INFO - [2025-05-09T16:06:19.743+0000] {dag.py:3096} INFO - Sync 1 DAGs
[2025-05-09T16:06:19.765+0000] {logging_mixin.py:188} INFO - [2025-05-09T16:06:19.765+0000] {dag.py:3954} INFO - Setting next_dagrun for latest_only to 2025-05-09 12:00:00+00:00, run_after=2025-05-09 16:00:00+00:00
[2025-05-09T16:06:19.793+0000] {processor.py:183} INFO - Processing /home/airflow/.local/lib/python3.10/site-packages/airflow/example_dags/example_latest_only.py took 0.092 seconds
[2025-05-09T16:06:50.160+0000] {processor.py:161} INFO - Started process (PID=1110) to work on /home/airflow/.local/lib/python3.10/site-packages/airflow/example_dags/example_latest_only.py
[2025-05-09T16:06:50.161+0000] {processor.py:830} INFO - Processing file /home/airflow/.local/lib/python3.10/site-packages/airflow/example_dags/example_latest_only.py for tasks to queue
[2025-05-09T16:06:50.164+0000] {logging_mixin.py:188} INFO - [2025-05-09T16:06:50.163+0000] {dagbag.py:545} INFO - Filling up the DagBag from /home/airflow/.local/lib/python3.10/site-packages/airflow/example_dags/example_latest_only.py
[2025-05-09T16:06:50.169+0000] {processor.py:840} INFO - DAG(s) 'latest_only' retrieved from /home/airflow/.local/lib/python3.10/site-packages/airflow/example_dags/example_latest_only.py
[2025-05-09T16:06:50.189+0000] {logging_mixin.py:188} INFO - [2025-05-09T16:06:50.189+0000] {dag.py:3096} INFO - Sync 1 DAGs
[2025-05-09T16:06:50.208+0000] {logging_mixin.py:188} INFO - [2025-05-09T16:06:50.208+0000] {dag.py:3954} INFO - Setting next_dagrun for latest_only to 2025-05-09 12:00:00+00:00, run_after=2025-05-09 16:00:00+00:00
[2025-05-09T16:06:50.227+0000] {processor.py:183} INFO - Processing /home/airflow/.local/lib/python3.10/site-packages/airflow/example_dags/example_latest_only.py took 0.073 seconds
[2025-05-09T16:07:20.654+0000] {processor.py:161} INFO - Started process (PID=1406) to work on /home/airflow/.local/lib/python3.10/site-packages/airflow/example_dags/example_latest_only.py
[2025-05-09T16:07:20.656+0000] {processor.py:830} INFO - Processing file /home/airflow/.local/lib/python3.10/site-packages/airflow/example_dags/example_latest_only.py for tasks to queue
[2025-05-09T16:07:20.659+0000] {logging_mixin.py:188} INFO - [2025-05-09T16:07:20.659+0000] {dagbag.py:545} INFO - Filling up the DagBag from /home/airflow/.local/lib/python3.10/site-packages/airflow/example_dags/example_latest_only.py
[2025-05-09T16:07:20.664+0000] {processor.py:840} INFO - DAG(s) 'latest_only' retrieved from /home/airflow/.local/lib/python3.10/site-packages/airflow/example_dags/example_latest_only.py
[2025-05-09T16:07:20.686+0000] {logging_mixin.py:188} INFO - [2025-05-09T16:07:20.686+0000] {dag.py:3096} INFO - Sync 1 DAGs
[2025-05-09T16:07:20.709+0000] {logging_mixin.py:188} INFO - [2025-05-09T16:07:20.709+0000] {dag.py:3954} INFO - Setting next_dagrun for latest_only to 2025-05-09 12:00:00+00:00, run_after=2025-05-09 16:00:00+00:00
[2025-05-09T16:07:20.731+0000] {processor.py:183} INFO - Processing /home/airflow/.local/lib/python3.10/site-packages/airflow/example_dags/example_latest_only.py took 0.084 seconds
[2025-05-09T16:07:51.116+0000] {processor.py:161} INFO - Started process (PID=1668) to work on /home/airflow/.local/lib/python3.10/site-packages/airflow/example_dags/example_latest_only.py
[2025-05-09T16:07:51.118+0000] {processor.py:830} INFO - Processing file /home/airflow/.local/lib/python3.10/site-packages/airflow/example_dags/example_latest_only.py for tasks to queue
[2025-05-09T16:07:51.121+0000] {logging_mixin.py:188} INFO - [2025-05-09T16:07:51.120+0000] {dagbag.py:545} INFO - Filling up the DagBag from /home/airflow/.local/lib/python3.10/site-packages/airflow/example_dags/example_latest_only.py
[2025-05-09T16:07:51.127+0000] {processor.py:840} INFO - DAG(s) 'latest_only' retrieved from /home/airflow/.local/lib/python3.10/site-packages/airflow/example_dags/example_latest_only.py
[2025-05-09T16:07:51.149+0000] {logging_mixin.py:188} INFO - [2025-05-09T16:07:51.149+0000] {dag.py:3096} INFO - Sync 1 DAGs
[2025-05-09T16:07:51.173+0000] {logging_mixin.py:188} INFO - [2025-05-09T16:07:51.173+0000] {dag.py:3954} INFO - Setting next_dagrun for latest_only to 2025-05-09 12:00:00+00:00, run_after=2025-05-09 16:00:00+00:00
[2025-05-09T16:07:51.195+0000] {processor.py:183} INFO - Processing /home/airflow/.local/lib/python3.10/site-packages/airflow/example_dags/example_latest_only.py took 0.084 seconds
[2025-05-09T16:08:22.351+0000] {processor.py:161} INFO - Started process (PID=1936) to work on /home/airflow/.local/lib/python3.10/site-packages/airflow/example_dags/example_latest_only.py
[2025-05-09T16:08:22.354+0000] {processor.py:830} INFO - Processing file /home/airflow/.local/lib/python3.10/site-packages/airflow/example_dags/example_latest_only.py for tasks to queue
[2025-05-09T16:08:22.358+0000] {logging_mixin.py:188} INFO - [2025-05-09T16:08:22.357+0000] {dagbag.py:545} INFO - Filling up the DagBag from /home/airflow/.local/lib/python3.10/site-packages/airflow/example_dags/example_latest_only.py
[2025-05-09T16:08:22.365+0000] {processor.py:840} INFO - DAG(s) 'latest_only' retrieved from /home/airflow/.local/lib/python3.10/site-packages/airflow/example_dags/example_latest_only.py
[2025-05-09T16:08:22.396+0000] {logging_mixin.py:188} INFO - [2025-05-09T16:08:22.396+0000] {dag.py:3096} INFO - Sync 1 DAGs
[2025-05-09T16:08:22.429+0000] {logging_mixin.py:188} INFO - [2025-05-09T16:08:22.428+0000] {dag.py:3954} INFO - Setting next_dagrun for latest_only to 2025-05-09 12:00:00+00:00, run_after=2025-05-09 16:00:00+00:00
[2025-05-09T16:08:22.467+0000] {processor.py:183} INFO - Processing /home/airflow/.local/lib/python3.10/site-packages/airflow/example_dags/example_latest_only.py took 0.124 seconds
[2025-05-09T16:08:52.997+0000] {processor.py:161} INFO - Started process (PID=2222) to work on /home/airflow/.local/lib/python3.10/site-packages/airflow/example_dags/example_latest_only.py
[2025-05-09T16:08:52.999+0000] {processor.py:830} INFO - Processing file /home/airflow/.local/lib/python3.10/site-packages/airflow/example_dags/example_latest_only.py for tasks to queue
[2025-05-09T16:08:53.001+0000] {logging_mixin.py:188} INFO - [2025-05-09T16:08:53.000+0000] {dagbag.py:545} INFO - Filling up the DagBag from /home/airflow/.local/lib/python3.10/site-packages/airflow/example_dags/example_latest_only.py
[2025-05-09T16:08:53.006+0000] {processor.py:840} INFO - DAG(s) 'latest_only' retrieved from /home/airflow/.local/lib/python3.10/site-packages/airflow/example_dags/example_latest_only.py
[2025-05-09T16:08:53.033+0000] {logging_mixin.py:188} INFO - [2025-05-09T16:08:53.032+0000] {dag.py:3096} INFO - Sync 1 DAGs
[2025-05-09T16:08:53.058+0000] {logging_mixin.py:188} INFO - [2025-05-09T16:08:53.058+0000] {dag.py:3954} INFO - Setting next_dagrun for latest_only to 2025-05-09 12:00:00+00:00, run_after=2025-05-09 16:00:00+00:00
[2025-05-09T16:08:53.088+0000] {processor.py:183} INFO - Processing /home/airflow/.local/lib/python3.10/site-packages/airflow/example_dags/example_latest_only.py took 0.097 seconds
[2025-05-09T16:09:23.477+0000] {processor.py:161} INFO - Started process (PID=2496) to work on /home/airflow/.local/lib/python3.10/site-packages/airflow/example_dags/example_latest_only.py
[2025-05-09T16:09:23.479+0000] {processor.py:830} INFO - Processing file /home/airflow/.local/lib/python3.10/site-packages/airflow/example_dags/example_latest_only.py for tasks to queue
[2025-05-09T16:09:23.484+0000] {logging_mixin.py:188} INFO - [2025-05-09T16:09:23.483+0000] {dagbag.py:545} INFO - Filling up the DagBag from /home/airflow/.local/lib/python3.10/site-packages/airflow/example_dags/example_latest_only.py
[2025-05-09T16:09:23.490+0000] {processor.py:840} INFO - DAG(s) 'latest_only' retrieved from /home/airflow/.local/lib/python3.10/site-packages/airflow/example_dags/example_latest_only.py
[2025-05-09T16:09:23.522+0000] {logging_mixin.py:188} INFO - [2025-05-09T16:09:23.522+0000] {dag.py:3096} INFO - Sync 1 DAGs
[2025-05-09T16:09:23.550+0000] {logging_mixin.py:188} INFO - [2025-05-09T16:09:23.549+0000] {dag.py:3954} INFO - Setting next_dagrun for latest_only to 2025-05-09 12:00:00+00:00, run_after=2025-05-09 16:00:00+00:00
[2025-05-09T16:09:23.578+0000] {processor.py:183} INFO - Processing /home/airflow/.local/lib/python3.10/site-packages/airflow/example_dags/example_latest_only.py took 0.110 seconds
[2025-05-09T16:09:54.269+0000] {processor.py:161} INFO - Started process (PID=2758) to work on /home/airflow/.local/lib/python3.10/site-packages/airflow/example_dags/example_latest_only.py
[2025-05-09T16:09:54.272+0000] {processor.py:830} INFO - Processing file /home/airflow/.local/lib/python3.10/site-packages/airflow/example_dags/example_latest_only.py for tasks to queue
[2025-05-09T16:09:54.275+0000] {logging_mixin.py:188} INFO - [2025-05-09T16:09:54.275+0000] {dagbag.py:545} INFO - Filling up the DagBag from /home/airflow/.local/lib/python3.10/site-packages/airflow/example_dags/example_latest_only.py
[2025-05-09T16:09:54.285+0000] {processor.py:840} INFO - DAG(s) 'latest_only' retrieved from /home/airflow/.local/lib/python3.10/site-packages/airflow/example_dags/example_latest_only.py
[2025-05-09T16:09:54.319+0000] {logging_mixin.py:188} INFO - [2025-05-09T16:09:54.319+0000] {dag.py:3096} INFO - Sync 1 DAGs
[2025-05-09T16:09:54.353+0000] {logging_mixin.py:188} INFO - [2025-05-09T16:09:54.353+0000] {dag.py:3954} INFO - Setting next_dagrun for latest_only to 2025-05-09 12:00:00+00:00, run_after=2025-05-09 16:00:00+00:00
[2025-05-09T16:09:54.380+0000] {processor.py:183} INFO - Processing /home/airflow/.local/lib/python3.10/site-packages/airflow/example_dags/example_latest_only.py took 0.121 seconds
[2025-05-09T16:10:25.286+0000] {processor.py:161} INFO - Started process (PID=3027) to work on /home/airflow/.local/lib/python3.10/site-packages/airflow/example_dags/example_latest_only.py
[2025-05-09T16:10:25.288+0000] {processor.py:830} INFO - Processing file /home/airflow/.local/lib/python3.10/site-packages/airflow/example_dags/example_latest_only.py for tasks to queue
[2025-05-09T16:10:25.291+0000] {logging_mixin.py:188} INFO - [2025-05-09T16:10:25.290+0000] {dagbag.py:545} INFO - Filling up the DagBag from /home/airflow/.local/lib/python3.10/site-packages/airflow/example_dags/example_latest_only.py
[2025-05-09T16:10:25.302+0000] {processor.py:840} INFO - DAG(s) 'latest_only' retrieved from /home/airflow/.local/lib/python3.10/site-packages/airflow/example_dags/example_latest_only.py
[2025-05-09T16:10:25.340+0000] {logging_mixin.py:188} INFO - [2025-05-09T16:10:25.340+0000] {dag.py:3096} INFO - Sync 1 DAGs
[2025-05-09T16:10:25.375+0000] {logging_mixin.py:188} INFO - [2025-05-09T16:10:25.375+0000] {dag.py:3954} INFO - Setting next_dagrun for latest_only to 2025-05-09 12:00:00+00:00, run_after=2025-05-09 16:00:00+00:00
[2025-05-09T16:10:25.416+0000] {processor.py:183} INFO - Processing /home/airflow/.local/lib/python3.10/site-packages/airflow/example_dags/example_latest_only.py took 0.142 seconds
[2025-05-09T16:10:55.582+0000] {processor.py:161} INFO - Started process (PID=3296) to work on /home/airflow/.local/lib/python3.10/site-packages/airflow/example_dags/example_latest_only.py
[2025-05-09T16:10:55.585+0000] {processor.py:830} INFO - Processing file /home/airflow/.local/lib/python3.10/site-packages/airflow/example_dags/example_latest_only.py for tasks to queue
[2025-05-09T16:10:55.587+0000] {logging_mixin.py:188} INFO - [2025-05-09T16:10:55.587+0000] {dagbag.py:545} INFO - Filling up the DagBag from /home/airflow/.local/lib/python3.10/site-packages/airflow/example_dags/example_latest_only.py
[2025-05-09T16:10:55.593+0000] {processor.py:840} INFO - DAG(s) 'latest_only' retrieved from /home/airflow/.local/lib/python3.10/site-packages/airflow/example_dags/example_latest_only.py
[2025-05-09T16:10:55.620+0000] {logging_mixin.py:188} INFO - [2025-05-09T16:10:55.619+0000] {dag.py:3096} INFO - Sync 1 DAGs
[2025-05-09T16:10:55.648+0000] {logging_mixin.py:188} INFO - [2025-05-09T16:10:55.648+0000] {dag.py:3954} INFO - Setting next_dagrun for latest_only to 2025-05-09 12:00:00+00:00, run_after=2025-05-09 16:00:00+00:00
[2025-05-09T16:10:55.676+0000] {processor.py:183} INFO - Processing /home/airflow/.local/lib/python3.10/site-packages/airflow/example_dags/example_latest_only.py took 0.101 seconds
[2025-05-09T16:11:25.842+0000] {processor.py:161} INFO - Started process (PID=3568) to work on /home/airflow/.local/lib/python3.10/site-packages/airflow/example_dags/example_latest_only.py
[2025-05-09T16:11:25.844+0000] {processor.py:830} INFO - Processing file /home/airflow/.local/lib/python3.10/site-packages/airflow/example_dags/example_latest_only.py for tasks to queue
[2025-05-09T16:11:25.846+0000] {logging_mixin.py:188} INFO - [2025-05-09T16:11:25.846+0000] {dagbag.py:545} INFO - Filling up the DagBag from /home/airflow/.local/lib/python3.10/site-packages/airflow/example_dags/example_latest_only.py
[2025-05-09T16:11:25.852+0000] {processor.py:840} INFO - DAG(s) 'latest_only' retrieved from /home/airflow/.local/lib/python3.10/site-packages/airflow/example_dags/example_latest_only.py
[2025-05-09T16:11:25.873+0000] {logging_mixin.py:188} INFO - [2025-05-09T16:11:25.873+0000] {dag.py:3096} INFO - Sync 1 DAGs
[2025-05-09T16:11:25.896+0000] {logging_mixin.py:188} INFO - [2025-05-09T16:11:25.896+0000] {dag.py:3954} INFO - Setting next_dagrun for latest_only to 2025-05-09 12:00:00+00:00, run_after=2025-05-09 16:00:00+00:00
[2025-05-09T16:11:25.917+0000] {processor.py:183} INFO - Processing /home/airflow/.local/lib/python3.10/site-packages/airflow/example_dags/example_latest_only.py took 0.081 seconds
[2025-05-09T16:11:56.587+0000] {processor.py:161} INFO - Started process (PID=3836) to work on /home/airflow/.local/lib/python3.10/site-packages/airflow/example_dags/example_latest_only.py
[2025-05-09T16:11:56.588+0000] {processor.py:830} INFO - Processing file /home/airflow/.local/lib/python3.10/site-packages/airflow/example_dags/example_latest_only.py for tasks to queue
[2025-05-09T16:11:56.590+0000] {logging_mixin.py:188} INFO - [2025-05-09T16:11:56.589+0000] {dagbag.py:545} INFO - Filling up the DagBag from /home/airflow/.local/lib/python3.10/site-packages/airflow/example_dags/example_latest_only.py
[2025-05-09T16:11:56.595+0000] {processor.py:840} INFO - DAG(s) 'latest_only' retrieved from /home/airflow/.local/lib/python3.10/site-packages/airflow/example_dags/example_latest_only.py
[2025-05-09T16:11:56.621+0000] {logging_mixin.py:188} INFO - [2025-05-09T16:11:56.620+0000] {dag.py:3096} INFO - Sync 1 DAGs
[2025-05-09T16:11:56.647+0000] {logging_mixin.py:188} INFO - [2025-05-09T16:11:56.647+0000] {dag.py:3954} INFO - Setting next_dagrun for latest_only to 2025-05-09 12:00:00+00:00, run_after=2025-05-09 16:00:00+00:00
[2025-05-09T16:11:56.673+0000] {processor.py:183} INFO - Processing /home/airflow/.local/lib/python3.10/site-packages/airflow/example_dags/example_latest_only.py took 0.094 seconds
[2025-05-09T16:12:27.386+0000] {processor.py:161} INFO - Started process (PID=4113) to work on /home/airflow/.local/lib/python3.10/site-packages/airflow/example_dags/example_latest_only.py
[2025-05-09T16:12:27.390+0000] {processor.py:830} INFO - Processing file /home/airflow/.local/lib/python3.10/site-packages/airflow/example_dags/example_latest_only.py for tasks to queue
[2025-05-09T16:12:27.394+0000] {logging_mixin.py:188} INFO - [2025-05-09T16:12:27.393+0000] {dagbag.py:545} INFO - Filling up the DagBag from /home/airflow/.local/lib/python3.10/site-packages/airflow/example_dags/example_latest_only.py
[2025-05-09T16:12:27.402+0000] {processor.py:840} INFO - DAG(s) 'latest_only' retrieved from /home/airflow/.local/lib/python3.10/site-packages/airflow/example_dags/example_latest_only.py
[2025-05-09T16:12:27.436+0000] {logging_mixin.py:188} INFO - [2025-05-09T16:12:27.435+0000] {dag.py:3096} INFO - Sync 1 DAGs
[2025-05-09T16:12:27.469+0000] {logging_mixin.py:188} INFO - [2025-05-09T16:12:27.469+0000] {dag.py:3954} INFO - Setting next_dagrun for latest_only to 2025-05-09 12:00:00+00:00, run_after=2025-05-09 16:00:00+00:00
[2025-05-09T16:12:27.497+0000] {processor.py:183} INFO - Processing /home/airflow/.local/lib/python3.10/site-packages/airflow/example_dags/example_latest_only.py took 0.119 seconds
[2025-05-09T16:12:58.083+0000] {processor.py:161} INFO - Started process (PID=4375) to work on /home/airflow/.local/lib/python3.10/site-packages/airflow/example_dags/example_latest_only.py
[2025-05-09T16:12:58.085+0000] {processor.py:830} INFO - Processing file /home/airflow/.local/lib/python3.10/site-packages/airflow/example_dags/example_latest_only.py for tasks to queue
[2025-05-09T16:12:58.088+0000] {logging_mixin.py:188} INFO - [2025-05-09T16:12:58.087+0000] {dagbag.py:545} INFO - Filling up the DagBag from /home/airflow/.local/lib/python3.10/site-packages/airflow/example_dags/example_latest_only.py
[2025-05-09T16:12:58.096+0000] {processor.py:840} INFO - DAG(s) 'latest_only' retrieved from /home/airflow/.local/lib/python3.10/site-packages/airflow/example_dags/example_latest_only.py
[2025-05-09T16:12:58.121+0000] {logging_mixin.py:188} INFO - [2025-05-09T16:12:58.121+0000] {dag.py:3096} INFO - Sync 1 DAGs
[2025-05-09T16:12:58.148+0000] {logging_mixin.py:188} INFO - [2025-05-09T16:12:58.148+0000] {dag.py:3954} INFO - Setting next_dagrun for latest_only to 2025-05-09 12:00:00+00:00, run_after=2025-05-09 16:00:00+00:00
[2025-05-09T16:12:58.176+0000] {processor.py:183} INFO - Processing /home/airflow/.local/lib/python3.10/site-packages/airflow/example_dags/example_latest_only.py took 0.100 seconds
[2025-05-09T16:13:28.386+0000] {processor.py:161} INFO - Started process (PID=4646) to work on /home/airflow/.local/lib/python3.10/site-packages/airflow/example_dags/example_latest_only.py
[2025-05-09T16:13:28.388+0000] {processor.py:830} INFO - Processing file /home/airflow/.local/lib/python3.10/site-packages/airflow/example_dags/example_latest_only.py for tasks to queue
[2025-05-09T16:13:28.392+0000] {logging_mixin.py:188} INFO - [2025-05-09T16:13:28.391+0000] {dagbag.py:545} INFO - Filling up the DagBag from /home/airflow/.local/lib/python3.10/site-packages/airflow/example_dags/example_latest_only.py
[2025-05-09T16:13:28.401+0000] {processor.py:840} INFO - DAG(s) 'latest_only' retrieved from /home/airflow/.local/lib/python3.10/site-packages/airflow/example_dags/example_latest_only.py
[2025-05-09T16:13:28.428+0000] {logging_mixin.py:188} INFO - [2025-05-09T16:13:28.428+0000] {dag.py:3096} INFO - Sync 1 DAGs
[2025-05-09T16:13:28.454+0000] {logging_mixin.py:188} INFO - [2025-05-09T16:13:28.454+0000] {dag.py:3954} INFO - Setting next_dagrun for latest_only to 2025-05-09 12:00:00+00:00, run_after=2025-05-09 16:00:00+00:00
[2025-05-09T16:13:28.477+0000] {processor.py:183} INFO - Processing /home/airflow/.local/lib/python3.10/site-packages/airflow/example_dags/example_latest_only.py took 0.100 seconds
[2025-05-09T16:13:58.703+0000] {processor.py:161} INFO - Started process (PID=4908) to work on /home/airflow/.local/lib/python3.10/site-packages/airflow/example_dags/example_latest_only.py
[2025-05-09T16:13:58.705+0000] {processor.py:830} INFO - Processing file /home/airflow/.local/lib/python3.10/site-packages/airflow/example_dags/example_latest_only.py for tasks to queue
[2025-05-09T16:13:58.708+0000] {logging_mixin.py:188} INFO - [2025-05-09T16:13:58.707+0000] {dagbag.py:545} INFO - Filling up the DagBag from /home/airflow/.local/lib/python3.10/site-packages/airflow/example_dags/example_latest_only.py
[2025-05-09T16:13:58.713+0000] {processor.py:840} INFO - DAG(s) 'latest_only' retrieved from /home/airflow/.local/lib/python3.10/site-packages/airflow/example_dags/example_latest_only.py
[2025-05-09T16:13:58.734+0000] {logging_mixin.py:188} INFO - [2025-05-09T16:13:58.734+0000] {dag.py:3096} INFO - Sync 1 DAGs
[2025-05-09T16:13:58.757+0000] {logging_mixin.py:188} INFO - [2025-05-09T16:13:58.756+0000] {dag.py:3954} INFO - Setting next_dagrun for latest_only to 2025-05-09 12:00:00+00:00, run_after=2025-05-09 16:00:00+00:00
[2025-05-09T16:13:58.777+0000] {processor.py:183} INFO - Processing /home/airflow/.local/lib/python3.10/site-packages/airflow/example_dags/example_latest_only.py took 0.080 seconds
[2025-05-09T16:14:29.034+0000] {processor.py:161} INFO - Started process (PID=5197) to work on /home/airflow/.local/lib/python3.10/site-packages/airflow/example_dags/example_latest_only.py
[2025-05-09T16:14:29.036+0000] {processor.py:830} INFO - Processing file /home/airflow/.local/lib/python3.10/site-packages/airflow/example_dags/example_latest_only.py for tasks to queue
[2025-05-09T16:14:29.039+0000] {logging_mixin.py:188} INFO - [2025-05-09T16:14:29.038+0000] {dagbag.py:545} INFO - Filling up the DagBag from /home/airflow/.local/lib/python3.10/site-packages/airflow/example_dags/example_latest_only.py
[2025-05-09T16:14:29.044+0000] {processor.py:840} INFO - DAG(s) 'latest_only' retrieved from /home/airflow/.local/lib/python3.10/site-packages/airflow/example_dags/example_latest_only.py
[2025-05-09T16:14:29.066+0000] {logging_mixin.py:188} INFO - [2025-05-09T16:14:29.065+0000] {dag.py:3096} INFO - Sync 1 DAGs
[2025-05-09T16:14:29.086+0000] {logging_mixin.py:188} INFO - [2025-05-09T16:14:29.086+0000] {dag.py:3954} INFO - Setting next_dagrun for latest_only to 2025-05-09 12:00:00+00:00, run_after=2025-05-09 16:00:00+00:00
[2025-05-09T16:14:29.110+0000] {processor.py:183} INFO - Processing /home/airflow/.local/lib/python3.10/site-packages/airflow/example_dags/example_latest_only.py took 0.082 seconds
[2025-05-09T16:14:59.465+0000] {processor.py:161} INFO - Started process (PID=5465) to work on /home/airflow/.local/lib/python3.10/site-packages/airflow/example_dags/example_latest_only.py
[2025-05-09T16:14:59.467+0000] {processor.py:830} INFO - Processing file /home/airflow/.local/lib/python3.10/site-packages/airflow/example_dags/example_latest_only.py for tasks to queue
[2025-05-09T16:14:59.470+0000] {logging_mixin.py:188} INFO - [2025-05-09T16:14:59.470+0000] {dagbag.py:545} INFO - Filling up the DagBag from /home/airflow/.local/lib/python3.10/site-packages/airflow/example_dags/example_latest_only.py
[2025-05-09T16:14:59.476+0000] {processor.py:840} INFO - DAG(s) 'latest_only' retrieved from /home/airflow/.local/lib/python3.10/site-packages/airflow/example_dags/example_latest_only.py
[2025-05-09T16:14:59.528+0000] {logging_mixin.py:188} INFO - [2025-05-09T16:14:59.527+0000] {dag.py:3096} INFO - Sync 1 DAGs
[2025-05-09T16:14:59.581+0000] {logging_mixin.py:188} INFO - [2025-05-09T16:14:59.580+0000] {dag.py:3954} INFO - Setting next_dagrun for latest_only to 2025-05-09 12:00:00+00:00, run_after=2025-05-09 16:00:00+00:00
[2025-05-09T16:14:59.636+0000] {processor.py:183} INFO - Processing /home/airflow/.local/lib/python3.10/site-packages/airflow/example_dags/example_latest_only.py took 0.178 seconds
[2025-05-09T16:15:30.283+0000] {processor.py:161} INFO - Started process (PID=5736) to work on /home/airflow/.local/lib/python3.10/site-packages/airflow/example_dags/example_latest_only.py
[2025-05-09T16:15:30.285+0000] {processor.py:830} INFO - Processing file /home/airflow/.local/lib/python3.10/site-packages/airflow/example_dags/example_latest_only.py for tasks to queue
[2025-05-09T16:15:30.289+0000] {logging_mixin.py:188} INFO - [2025-05-09T16:15:30.288+0000] {dagbag.py:545} INFO - Filling up the DagBag from /home/airflow/.local/lib/python3.10/site-packages/airflow/example_dags/example_latest_only.py
[2025-05-09T16:15:30.296+0000] {processor.py:840} INFO - DAG(s) 'latest_only' retrieved from /home/airflow/.local/lib/python3.10/site-packages/airflow/example_dags/example_latest_only.py
[2025-05-09T16:15:30.328+0000] {logging_mixin.py:188} INFO - [2025-05-09T16:15:30.328+0000] {dag.py:3096} INFO - Sync 1 DAGs
[2025-05-09T16:15:30.370+0000] {logging_mixin.py:188} INFO - [2025-05-09T16:15:30.370+0000] {dag.py:3954} INFO - Setting next_dagrun for latest_only to 2025-05-09 12:00:00+00:00, run_after=2025-05-09 16:00:00+00:00
[2025-05-09T16:15:30.410+0000] {processor.py:183} INFO - Processing /home/airflow/.local/lib/python3.10/site-packages/airflow/example_dags/example_latest_only.py took 0.136 seconds
[2025-05-09T16:16:01.877+0000] {processor.py:161} INFO - Started process (PID=6021) to work on /home/airflow/.local/lib/python3.10/site-packages/airflow/example_dags/example_latest_only.py
[2025-05-09T16:16:01.879+0000] {processor.py:830} INFO - Processing file /home/airflow/.local/lib/python3.10/site-packages/airflow/example_dags/example_latest_only.py for tasks to queue
[2025-05-09T16:16:01.884+0000] {logging_mixin.py:188} INFO - [2025-05-09T16:16:01.883+0000] {dagbag.py:545} INFO - Filling up the DagBag from /home/airflow/.local/lib/python3.10/site-packages/airflow/example_dags/example_latest_only.py
[2025-05-09T16:16:01.891+0000] {processor.py:840} INFO - DAG(s) 'latest_only' retrieved from /home/airflow/.local/lib/python3.10/site-packages/airflow/example_dags/example_latest_only.py
[2025-05-09T16:16:01.933+0000] {logging_mixin.py:188} INFO - [2025-05-09T16:16:01.932+0000] {dag.py:3096} INFO - Sync 1 DAGs
[2025-05-09T16:16:01.976+0000] {logging_mixin.py:188} INFO - [2025-05-09T16:16:01.975+0000] {dag.py:3954} INFO - Setting next_dagrun for latest_only to 2025-05-09 12:00:00+00:00, run_after=2025-05-09 16:00:00+00:00
[2025-05-09T16:16:02.011+0000] {processor.py:183} INFO - Processing /home/airflow/.local/lib/python3.10/site-packages/airflow/example_dags/example_latest_only.py took 0.146 seconds
[2025-05-09T16:16:32.159+0000] {processor.py:161} INFO - Started process (PID=6370) to work on /home/airflow/.local/lib/python3.10/site-packages/airflow/example_dags/example_latest_only.py
[2025-05-09T16:16:32.161+0000] {processor.py:830} INFO - Processing file /home/airflow/.local/lib/python3.10/site-packages/airflow/example_dags/example_latest_only.py for tasks to queue
[2025-05-09T16:16:32.163+0000] {logging_mixin.py:188} INFO - [2025-05-09T16:16:32.163+0000] {dagbag.py:545} INFO - Filling up the DagBag from /home/airflow/.local/lib/python3.10/site-packages/airflow/example_dags/example_latest_only.py
[2025-05-09T16:16:32.168+0000] {processor.py:840} INFO - DAG(s) 'latest_only' retrieved from /home/airflow/.local/lib/python3.10/site-packages/airflow/example_dags/example_latest_only.py
[2025-05-09T16:16:32.195+0000] {logging_mixin.py:188} INFO - [2025-05-09T16:16:32.195+0000] {dag.py:3096} INFO - Sync 1 DAGs
[2025-05-09T16:16:32.222+0000] {logging_mixin.py:188} INFO - [2025-05-09T16:16:32.221+0000] {dag.py:3954} INFO - Setting next_dagrun for latest_only to 2025-05-09 12:00:00+00:00, run_after=2025-05-09 16:00:00+00:00
[2025-05-09T16:16:32.245+0000] {processor.py:183} INFO - Processing /home/airflow/.local/lib/python3.10/site-packages/airflow/example_dags/example_latest_only.py took 0.093 seconds
[2025-05-09T16:17:02.803+0000] {processor.py:161} INFO - Started process (PID=6657) to work on /home/airflow/.local/lib/python3.10/site-packages/airflow/example_dags/example_latest_only.py
[2025-05-09T16:17:02.804+0000] {processor.py:830} INFO - Processing file /home/airflow/.local/lib/python3.10/site-packages/airflow/example_dags/example_latest_only.py for tasks to queue
[2025-05-09T16:17:02.806+0000] {logging_mixin.py:188} INFO - [2025-05-09T16:17:02.806+0000] {dagbag.py:545} INFO - Filling up the DagBag from /home/airflow/.local/lib/python3.10/site-packages/airflow/example_dags/example_latest_only.py
[2025-05-09T16:17:02.811+0000] {processor.py:840} INFO - DAG(s) 'latest_only' retrieved from /home/airflow/.local/lib/python3.10/site-packages/airflow/example_dags/example_latest_only.py
[2025-05-09T16:17:02.833+0000] {logging_mixin.py:188} INFO - [2025-05-09T16:17:02.833+0000] {dag.py:3096} INFO - Sync 1 DAGs
[2025-05-09T16:17:02.857+0000] {logging_mixin.py:188} INFO - [2025-05-09T16:17:02.857+0000] {dag.py:3954} INFO - Setting next_dagrun for latest_only to 2025-05-09 12:00:00+00:00, run_after=2025-05-09 16:00:00+00:00
[2025-05-09T16:17:02.882+0000] {processor.py:183} INFO - Processing /home/airflow/.local/lib/python3.10/site-packages/airflow/example_dags/example_latest_only.py took 0.085 seconds
[2025-05-09T16:17:33.202+0000] {processor.py:161} INFO - Started process (PID=6970) to work on /home/airflow/.local/lib/python3.10/site-packages/airflow/example_dags/example_latest_only.py
[2025-05-09T16:17:33.203+0000] {processor.py:830} INFO - Processing file /home/airflow/.local/lib/python3.10/site-packages/airflow/example_dags/example_latest_only.py for tasks to queue
[2025-05-09T16:17:33.206+0000] {logging_mixin.py:188} INFO - [2025-05-09T16:17:33.205+0000] {dagbag.py:545} INFO - Filling up the DagBag from /home/airflow/.local/lib/python3.10/site-packages/airflow/example_dags/example_latest_only.py
[2025-05-09T16:17:33.212+0000] {processor.py:840} INFO - DAG(s) 'latest_only' retrieved from /home/airflow/.local/lib/python3.10/site-packages/airflow/example_dags/example_latest_only.py
[2025-05-09T16:17:33.237+0000] {logging_mixin.py:188} INFO - [2025-05-09T16:17:33.237+0000] {dag.py:3096} INFO - Sync 1 DAGs
[2025-05-09T16:17:33.260+0000] {logging_mixin.py:188} INFO - [2025-05-09T16:17:33.259+0000] {dag.py:3954} INFO - Setting next_dagrun for latest_only to 2025-05-09 12:00:00+00:00, run_after=2025-05-09 16:00:00+00:00
[2025-05-09T16:17:33.284+0000] {processor.py:183} INFO - Processing /home/airflow/.local/lib/python3.10/site-packages/airflow/example_dags/example_latest_only.py took 0.091 seconds
[2025-05-09T16:18:04.163+0000] {processor.py:161} INFO - Started process (PID=7238) to work on /home/airflow/.local/lib/python3.10/site-packages/airflow/example_dags/example_latest_only.py
[2025-05-09T16:18:04.165+0000] {processor.py:830} INFO - Processing file /home/airflow/.local/lib/python3.10/site-packages/airflow/example_dags/example_latest_only.py for tasks to queue
[2025-05-09T16:18:04.168+0000] {logging_mixin.py:188} INFO - [2025-05-09T16:18:04.167+0000] {dagbag.py:545} INFO - Filling up the DagBag from /home/airflow/.local/lib/python3.10/site-packages/airflow/example_dags/example_latest_only.py
[2025-05-09T16:18:04.174+0000] {processor.py:840} INFO - DAG(s) 'latest_only' retrieved from /home/airflow/.local/lib/python3.10/site-packages/airflow/example_dags/example_latest_only.py
[2025-05-09T16:18:04.201+0000] {logging_mixin.py:188} INFO - [2025-05-09T16:18:04.201+0000] {dag.py:3096} INFO - Sync 1 DAGs
[2025-05-09T16:18:04.230+0000] {logging_mixin.py:188} INFO - [2025-05-09T16:18:04.229+0000] {dag.py:3954} INFO - Setting next_dagrun for latest_only to 2025-05-09 12:00:00+00:00, run_after=2025-05-09 16:00:00+00:00
[2025-05-09T16:18:04.257+0000] {processor.py:183} INFO - Processing /home/airflow/.local/lib/python3.10/site-packages/airflow/example_dags/example_latest_only.py took 0.102 seconds
[2025-05-09T16:18:34.511+0000] {processor.py:161} INFO - Started process (PID=7533) to work on /home/airflow/.local/lib/python3.10/site-packages/airflow/example_dags/example_latest_only.py
[2025-05-09T16:18:34.513+0000] {processor.py:830} INFO - Processing file /home/airflow/.local/lib/python3.10/site-packages/airflow/example_dags/example_latest_only.py for tasks to queue
[2025-05-09T16:18:34.516+0000] {logging_mixin.py:188} INFO - [2025-05-09T16:18:34.516+0000] {dagbag.py:545} INFO - Filling up the DagBag from /home/airflow/.local/lib/python3.10/site-packages/airflow/example_dags/example_latest_only.py
[2025-05-09T16:18:34.523+0000] {processor.py:840} INFO - DAG(s) 'latest_only' retrieved from /home/airflow/.local/lib/python3.10/site-packages/airflow/example_dags/example_latest_only.py
[2025-05-09T16:18:34.559+0000] {logging_mixin.py:188} INFO - [2025-05-09T16:18:34.558+0000] {dag.py:3096} INFO - Sync 1 DAGs
[2025-05-09T16:18:34.590+0000] {logging_mixin.py:188} INFO - [2025-05-09T16:18:34.590+0000] {dag.py:3954} INFO - Setting next_dagrun for latest_only to 2025-05-09 12:00:00+00:00, run_after=2025-05-09 16:00:00+00:00
[2025-05-09T16:18:34.624+0000] {processor.py:183} INFO - Processing /home/airflow/.local/lib/python3.10/site-packages/airflow/example_dags/example_latest_only.py took 0.123 seconds
[2025-05-09T16:19:05.370+0000] {processor.py:161} INFO - Started process (PID=7807) to work on /home/airflow/.local/lib/python3.10/site-packages/airflow/example_dags/example_latest_only.py
[2025-05-09T16:19:05.372+0000] {processor.py:830} INFO - Processing file /home/airflow/.local/lib/python3.10/site-packages/airflow/example_dags/example_latest_only.py for tasks to queue
[2025-05-09T16:19:05.376+0000] {logging_mixin.py:188} INFO - [2025-05-09T16:19:05.376+0000] {dagbag.py:545} INFO - Filling up the DagBag from /home/airflow/.local/lib/python3.10/site-packages/airflow/example_dags/example_latest_only.py
[2025-05-09T16:19:05.386+0000] {processor.py:840} INFO - DAG(s) 'latest_only' retrieved from /home/airflow/.local/lib/python3.10/site-packages/airflow/example_dags/example_latest_only.py
[2025-05-09T16:19:05.423+0000] {logging_mixin.py:188} INFO - [2025-05-09T16:19:05.422+0000] {dag.py:3096} INFO - Sync 1 DAGs
[2025-05-09T16:19:05.453+0000] {logging_mixin.py:188} INFO - [2025-05-09T16:19:05.453+0000] {dag.py:3954} INFO - Setting next_dagrun for latest_only to 2025-05-09 12:00:00+00:00, run_after=2025-05-09 16:00:00+00:00
[2025-05-09T16:19:05.486+0000] {processor.py:183} INFO - Processing /home/airflow/.local/lib/python3.10/site-packages/airflow/example_dags/example_latest_only.py took 0.128 seconds
[2025-05-09T16:19:35.739+0000] {processor.py:161} INFO - Started process (PID=8096) to work on /home/airflow/.local/lib/python3.10/site-packages/airflow/example_dags/example_latest_only.py
[2025-05-09T16:19:35.741+0000] {processor.py:830} INFO - Processing file /home/airflow/.local/lib/python3.10/site-packages/airflow/example_dags/example_latest_only.py for tasks to queue
[2025-05-09T16:19:35.743+0000] {logging_mixin.py:188} INFO - [2025-05-09T16:19:35.743+0000] {dagbag.py:545} INFO - Filling up the DagBag from /home/airflow/.local/lib/python3.10/site-packages/airflow/example_dags/example_latest_only.py
[2025-05-09T16:19:35.750+0000] {processor.py:840} INFO - DAG(s) 'latest_only' retrieved from /home/airflow/.local/lib/python3.10/site-packages/airflow/example_dags/example_latest_only.py
[2025-05-09T16:19:35.773+0000] {logging_mixin.py:188} INFO - [2025-05-09T16:19:35.773+0000] {dag.py:3096} INFO - Sync 1 DAGs
[2025-05-09T16:19:35.798+0000] {logging_mixin.py:188} INFO - [2025-05-09T16:19:35.798+0000] {dag.py:3954} INFO - Setting next_dagrun for latest_only to 2025-05-09 12:00:00+00:00, run_after=2025-05-09 16:00:00+00:00
[2025-05-09T16:19:35.827+0000] {processor.py:183} INFO - Processing /home/airflow/.local/lib/python3.10/site-packages/airflow/example_dags/example_latest_only.py took 0.094 seconds
[2025-05-09T16:20:06.535+0000] {processor.py:161} INFO - Started process (PID=8400) to work on /home/airflow/.local/lib/python3.10/site-packages/airflow/example_dags/example_latest_only.py
[2025-05-09T16:20:06.537+0000] {processor.py:830} INFO - Processing file /home/airflow/.local/lib/python3.10/site-packages/airflow/example_dags/example_latest_only.py for tasks to queue
[2025-05-09T16:20:06.539+0000] {logging_mixin.py:188} INFO - [2025-05-09T16:20:06.538+0000] {dagbag.py:545} INFO - Filling up the DagBag from /home/airflow/.local/lib/python3.10/site-packages/airflow/example_dags/example_latest_only.py
[2025-05-09T16:20:06.545+0000] {processor.py:840} INFO - DAG(s) 'latest_only' retrieved from /home/airflow/.local/lib/python3.10/site-packages/airflow/example_dags/example_latest_only.py
[2025-05-09T16:20:06.568+0000] {logging_mixin.py:188} INFO - [2025-05-09T16:20:06.568+0000] {dag.py:3096} INFO - Sync 1 DAGs
[2025-05-09T16:20:06.589+0000] {logging_mixin.py:188} INFO - [2025-05-09T16:20:06.589+0000] {dag.py:3954} INFO - Setting next_dagrun for latest_only to 2025-05-09 12:00:00+00:00, run_after=2025-05-09 16:00:00+00:00
[2025-05-09T16:20:06.610+0000] {processor.py:183} INFO - Processing /home/airflow/.local/lib/python3.10/site-packages/airflow/example_dags/example_latest_only.py took 0.082 seconds
[2025-05-09T16:20:37.229+0000] {processor.py:161} INFO - Started process (PID=8677) to work on /home/airflow/.local/lib/python3.10/site-packages/airflow/example_dags/example_latest_only.py
[2025-05-09T16:20:37.231+0000] {processor.py:830} INFO - Processing file /home/airflow/.local/lib/python3.10/site-packages/airflow/example_dags/example_latest_only.py for tasks to queue
[2025-05-09T16:20:37.233+0000] {logging_mixin.py:188} INFO - [2025-05-09T16:20:37.233+0000] {dagbag.py:545} INFO - Filling up the DagBag from /home/airflow/.local/lib/python3.10/site-packages/airflow/example_dags/example_latest_only.py
[2025-05-09T16:20:37.239+0000] {processor.py:840} INFO - DAG(s) 'latest_only' retrieved from /home/airflow/.local/lib/python3.10/site-packages/airflow/example_dags/example_latest_only.py
[2025-05-09T16:20:37.267+0000] {logging_mixin.py:188} INFO - [2025-05-09T16:20:37.266+0000] {dag.py:3096} INFO - Sync 1 DAGs
[2025-05-09T16:20:37.292+0000] {logging_mixin.py:188} INFO - [2025-05-09T16:20:37.292+0000] {dag.py:3954} INFO - Setting next_dagrun for latest_only to 2025-05-09 12:00:00+00:00, run_after=2025-05-09 16:00:00+00:00
[2025-05-09T16:20:37.317+0000] {processor.py:183} INFO - Processing /home/airflow/.local/lib/python3.10/site-packages/airflow/example_dags/example_latest_only.py took 0.094 seconds
[2025-05-09T16:21:08.292+0000] {processor.py:161} INFO - Started process (PID=8983) to work on /home/airflow/.local/lib/python3.10/site-packages/airflow/example_dags/example_latest_only.py
[2025-05-09T16:21:08.293+0000] {processor.py:830} INFO - Processing file /home/airflow/.local/lib/python3.10/site-packages/airflow/example_dags/example_latest_only.py for tasks to queue
[2025-05-09T16:21:08.296+0000] {logging_mixin.py:188} INFO - [2025-05-09T16:21:08.296+0000] {dagbag.py:545} INFO - Filling up the DagBag from /home/airflow/.local/lib/python3.10/site-packages/airflow/example_dags/example_latest_only.py
[2025-05-09T16:21:08.301+0000] {processor.py:840} INFO - DAG(s) 'latest_only' retrieved from /home/airflow/.local/lib/python3.10/site-packages/airflow/example_dags/example_latest_only.py
[2025-05-09T16:21:08.328+0000] {logging_mixin.py:188} INFO - [2025-05-09T16:21:08.327+0000] {dag.py:3096} INFO - Sync 1 DAGs
[2025-05-09T16:21:08.348+0000] {logging_mixin.py:188} INFO - [2025-05-09T16:21:08.348+0000] {dag.py:3954} INFO - Setting next_dagrun for latest_only to 2025-05-09 12:00:00+00:00, run_after=2025-05-09 16:00:00+00:00
[2025-05-09T16:21:08.368+0000] {processor.py:183} INFO - Processing /home/airflow/.local/lib/python3.10/site-packages/airflow/example_dags/example_latest_only.py took 0.085 seconds
[2025-05-09T16:21:38.514+0000] {processor.py:161} INFO - Started process (PID=9309) to work on /home/airflow/.local/lib/python3.10/site-packages/airflow/example_dags/example_latest_only.py
[2025-05-09T16:21:38.516+0000] {processor.py:830} INFO - Processing file /home/airflow/.local/lib/python3.10/site-packages/airflow/example_dags/example_latest_only.py for tasks to queue
[2025-05-09T16:21:38.521+0000] {logging_mixin.py:188} INFO - [2025-05-09T16:21:38.520+0000] {dagbag.py:545} INFO - Filling up the DagBag from /home/airflow/.local/lib/python3.10/site-packages/airflow/example_dags/example_latest_only.py
[2025-05-09T16:21:38.529+0000] {processor.py:840} INFO - DAG(s) 'latest_only' retrieved from /home/airflow/.local/lib/python3.10/site-packages/airflow/example_dags/example_latest_only.py
[2025-05-09T16:21:38.568+0000] {logging_mixin.py:188} INFO - [2025-05-09T16:21:38.568+0000] {dag.py:3096} INFO - Sync 1 DAGs
[2025-05-09T16:21:38.606+0000] {logging_mixin.py:188} INFO - [2025-05-09T16:21:38.606+0000] {dag.py:3954} INFO - Setting next_dagrun for latest_only to 2025-05-09 12:00:00+00:00, run_after=2025-05-09 16:00:00+00:00
[2025-05-09T16:21:38.635+0000] {processor.py:183} INFO - Processing /home/airflow/.local/lib/python3.10/site-packages/airflow/example_dags/example_latest_only.py took 0.131 seconds
[2025-05-09T16:22:09.255+0000] {processor.py:161} INFO - Started process (PID=9626) to work on /home/airflow/.local/lib/python3.10/site-packages/airflow/example_dags/example_latest_only.py
[2025-05-09T16:22:09.258+0000] {processor.py:830} INFO - Processing file /home/airflow/.local/lib/python3.10/site-packages/airflow/example_dags/example_latest_only.py for tasks to queue
[2025-05-09T16:22:09.261+0000] {logging_mixin.py:188} INFO - [2025-05-09T16:22:09.261+0000] {dagbag.py:545} INFO - Filling up the DagBag from /home/airflow/.local/lib/python3.10/site-packages/airflow/example_dags/example_latest_only.py
[2025-05-09T16:22:09.269+0000] {processor.py:840} INFO - DAG(s) 'latest_only' retrieved from /home/airflow/.local/lib/python3.10/site-packages/airflow/example_dags/example_latest_only.py
[2025-05-09T16:22:09.303+0000] {logging_mixin.py:188} INFO - [2025-05-09T16:22:09.303+0000] {dag.py:3096} INFO - Sync 1 DAGs
[2025-05-09T16:22:09.337+0000] {logging_mixin.py:188} INFO - [2025-05-09T16:22:09.336+0000] {dag.py:3954} INFO - Setting next_dagrun for latest_only to 2025-05-09 12:00:00+00:00, run_after=2025-05-09 16:00:00+00:00
[2025-05-09T16:22:09.372+0000] {processor.py:183} INFO - Processing /home/airflow/.local/lib/python3.10/site-packages/airflow/example_dags/example_latest_only.py took 0.126 seconds
[2025-05-09T16:22:39.489+0000] {processor.py:161} INFO - Started process (PID=9916) to work on /home/airflow/.local/lib/python3.10/site-packages/airflow/example_dags/example_latest_only.py
[2025-05-09T16:22:39.490+0000] {processor.py:830} INFO - Processing file /home/airflow/.local/lib/python3.10/site-packages/airflow/example_dags/example_latest_only.py for tasks to queue
[2025-05-09T16:22:39.492+0000] {logging_mixin.py:188} INFO - [2025-05-09T16:22:39.492+0000] {dagbag.py:545} INFO - Filling up the DagBag from /home/airflow/.local/lib/python3.10/site-packages/airflow/example_dags/example_latest_only.py
[2025-05-09T16:22:39.496+0000] {processor.py:840} INFO - DAG(s) 'latest_only' retrieved from /home/airflow/.local/lib/python3.10/site-packages/airflow/example_dags/example_latest_only.py
[2025-05-09T16:22:39.516+0000] {logging_mixin.py:188} INFO - [2025-05-09T16:22:39.515+0000] {dag.py:3096} INFO - Sync 1 DAGs
[2025-05-09T16:22:39.537+0000] {logging_mixin.py:188} INFO - [2025-05-09T16:22:39.537+0000] {dag.py:3954} INFO - Setting next_dagrun for latest_only to 2025-05-09 12:00:00+00:00, run_after=2025-05-09 16:00:00+00:00
[2025-05-09T16:22:39.557+0000] {processor.py:183} INFO - Processing /home/airflow/.local/lib/python3.10/site-packages/airflow/example_dags/example_latest_only.py took 0.074 seconds
[2025-05-09T16:23:10.685+0000] {processor.py:161} INFO - Started process (PID=10214) to work on /home/airflow/.local/lib/python3.10/site-packages/airflow/example_dags/example_latest_only.py
[2025-05-09T16:23:10.686+0000] {processor.py:830} INFO - Processing file /home/airflow/.local/lib/python3.10/site-packages/airflow/example_dags/example_latest_only.py for tasks to queue
[2025-05-09T16:23:10.690+0000] {logging_mixin.py:188} INFO - [2025-05-09T16:23:10.689+0000] {dagbag.py:545} INFO - Filling up the DagBag from /home/airflow/.local/lib/python3.10/site-packages/airflow/example_dags/example_latest_only.py
[2025-05-09T16:23:10.697+0000] {processor.py:840} INFO - DAG(s) 'latest_only' retrieved from /home/airflow/.local/lib/python3.10/site-packages/airflow/example_dags/example_latest_only.py
[2025-05-09T16:23:10.727+0000] {logging_mixin.py:188} INFO - [2025-05-09T16:23:10.727+0000] {dag.py:3096} INFO - Sync 1 DAGs
[2025-05-09T16:23:10.756+0000] {logging_mixin.py:188} INFO - [2025-05-09T16:23:10.756+0000] {dag.py:3954} INFO - Setting next_dagrun for latest_only to 2025-05-09 12:00:00+00:00, run_after=2025-05-09 16:00:00+00:00
[2025-05-09T16:23:10.783+0000] {processor.py:183} INFO - Processing /home/airflow/.local/lib/python3.10/site-packages/airflow/example_dags/example_latest_only.py took 0.107 seconds
[2025-05-09T16:23:40.931+0000] {processor.py:161} INFO - Started process (PID=10489) to work on /home/airflow/.local/lib/python3.10/site-packages/airflow/example_dags/example_latest_only.py
[2025-05-09T16:23:40.932+0000] {processor.py:830} INFO - Processing file /home/airflow/.local/lib/python3.10/site-packages/airflow/example_dags/example_latest_only.py for tasks to queue
[2025-05-09T16:23:40.935+0000] {logging_mixin.py:188} INFO - [2025-05-09T16:23:40.934+0000] {dagbag.py:545} INFO - Filling up the DagBag from /home/airflow/.local/lib/python3.10/site-packages/airflow/example_dags/example_latest_only.py
[2025-05-09T16:23:40.940+0000] {processor.py:840} INFO - DAG(s) 'latest_only' retrieved from /home/airflow/.local/lib/python3.10/site-packages/airflow/example_dags/example_latest_only.py
[2025-05-09T16:23:40.966+0000] {logging_mixin.py:188} INFO - [2025-05-09T16:23:40.966+0000] {dag.py:3096} INFO - Sync 1 DAGs
[2025-05-09T16:23:40.996+0000] {logging_mixin.py:188} INFO - [2025-05-09T16:23:40.996+0000] {dag.py:3954} INFO - Setting next_dagrun for latest_only to 2025-05-09 12:00:00+00:00, run_after=2025-05-09 16:00:00+00:00
[2025-05-09T16:23:41.025+0000] {processor.py:183} INFO - Processing /home/airflow/.local/lib/python3.10/site-packages/airflow/example_dags/example_latest_only.py took 0.100 seconds
[2025-05-09T16:24:11.805+0000] {processor.py:161} INFO - Started process (PID=10802) to work on /home/airflow/.local/lib/python3.10/site-packages/airflow/example_dags/example_latest_only.py
[2025-05-09T16:24:11.806+0000] {processor.py:830} INFO - Processing file /home/airflow/.local/lib/python3.10/site-packages/airflow/example_dags/example_latest_only.py for tasks to queue
[2025-05-09T16:24:11.809+0000] {logging_mixin.py:188} INFO - [2025-05-09T16:24:11.808+0000] {dagbag.py:545} INFO - Filling up the DagBag from /home/airflow/.local/lib/python3.10/site-packages/airflow/example_dags/example_latest_only.py
[2025-05-09T16:24:11.816+0000] {processor.py:840} INFO - DAG(s) 'latest_only' retrieved from /home/airflow/.local/lib/python3.10/site-packages/airflow/example_dags/example_latest_only.py
[2025-05-09T16:24:11.854+0000] {logging_mixin.py:188} INFO - [2025-05-09T16:24:11.853+0000] {dag.py:3096} INFO - Sync 1 DAGs
[2025-05-09T16:24:11.883+0000] {logging_mixin.py:188} INFO - [2025-05-09T16:24:11.883+0000] {dag.py:3954} INFO - Setting next_dagrun for latest_only to 2025-05-09 12:00:00+00:00, run_after=2025-05-09 16:00:00+00:00
[2025-05-09T16:24:11.913+0000] {processor.py:183} INFO - Processing /home/airflow/.local/lib/python3.10/site-packages/airflow/example_dags/example_latest_only.py took 0.117 seconds
[2025-05-09T16:24:42.446+0000] {processor.py:161} INFO - Started process (PID=11078) to work on /home/airflow/.local/lib/python3.10/site-packages/airflow/example_dags/example_latest_only.py
[2025-05-09T16:24:42.448+0000] {processor.py:830} INFO - Processing file /home/airflow/.local/lib/python3.10/site-packages/airflow/example_dags/example_latest_only.py for tasks to queue
[2025-05-09T16:24:42.450+0000] {logging_mixin.py:188} INFO - [2025-05-09T16:24:42.450+0000] {dagbag.py:545} INFO - Filling up the DagBag from /home/airflow/.local/lib/python3.10/site-packages/airflow/example_dags/example_latest_only.py
[2025-05-09T16:24:42.455+0000] {processor.py:840} INFO - DAG(s) 'latest_only' retrieved from /home/airflow/.local/lib/python3.10/site-packages/airflow/example_dags/example_latest_only.py
[2025-05-09T16:24:42.485+0000] {logging_mixin.py:188} INFO - [2025-05-09T16:24:42.484+0000] {dag.py:3096} INFO - Sync 1 DAGs
[2025-05-09T16:24:42.514+0000] {logging_mixin.py:188} INFO - [2025-05-09T16:24:42.514+0000] {dag.py:3954} INFO - Setting next_dagrun for latest_only to 2025-05-09 12:00:00+00:00, run_after=2025-05-09 16:00:00+00:00
[2025-05-09T16:24:42.544+0000] {processor.py:183} INFO - Processing /home/airflow/.local/lib/python3.10/site-packages/airflow/example_dags/example_latest_only.py took 0.104 seconds
[2025-05-09T16:25:13.297+0000] {processor.py:161} INFO - Started process (PID=11433) to work on /home/airflow/.local/lib/python3.10/site-packages/airflow/example_dags/example_latest_only.py
[2025-05-09T16:25:13.299+0000] {processor.py:830} INFO - Processing file /home/airflow/.local/lib/python3.10/site-packages/airflow/example_dags/example_latest_only.py for tasks to queue
[2025-05-09T16:25:13.301+0000] {logging_mixin.py:188} INFO - [2025-05-09T16:25:13.301+0000] {dagbag.py:545} INFO - Filling up the DagBag from /home/airflow/.local/lib/python3.10/site-packages/airflow/example_dags/example_latest_only.py
[2025-05-09T16:25:13.305+0000] {processor.py:840} INFO - DAG(s) 'latest_only' retrieved from /home/airflow/.local/lib/python3.10/site-packages/airflow/example_dags/example_latest_only.py
[2025-05-09T16:25:13.324+0000] {logging_mixin.py:188} INFO - [2025-05-09T16:25:13.324+0000] {dag.py:3096} INFO - Sync 1 DAGs
[2025-05-09T16:25:13.344+0000] {logging_mixin.py:188} INFO - [2025-05-09T16:25:13.344+0000] {dag.py:3954} INFO - Setting next_dagrun for latest_only to 2025-05-09 12:00:00+00:00, run_after=2025-05-09 16:00:00+00:00
[2025-05-09T16:25:13.363+0000] {processor.py:183} INFO - Processing /home/airflow/.local/lib/python3.10/site-packages/airflow/example_dags/example_latest_only.py took 0.070 seconds
[2025-05-09T16:25:44.053+0000] {processor.py:161} INFO - Started process (PID=11701) to work on /home/airflow/.local/lib/python3.10/site-packages/airflow/example_dags/example_latest_only.py
[2025-05-09T16:25:44.054+0000] {processor.py:830} INFO - Processing file /home/airflow/.local/lib/python3.10/site-packages/airflow/example_dags/example_latest_only.py for tasks to queue
[2025-05-09T16:25:44.056+0000] {logging_mixin.py:188} INFO - [2025-05-09T16:25:44.056+0000] {dagbag.py:545} INFO - Filling up the DagBag from /home/airflow/.local/lib/python3.10/site-packages/airflow/example_dags/example_latest_only.py
[2025-05-09T16:25:44.061+0000] {processor.py:840} INFO - DAG(s) 'latest_only' retrieved from /home/airflow/.local/lib/python3.10/site-packages/airflow/example_dags/example_latest_only.py
[2025-05-09T16:25:44.082+0000] {logging_mixin.py:188} INFO - [2025-05-09T16:25:44.081+0000] {dag.py:3096} INFO - Sync 1 DAGs
[2025-05-09T16:25:44.103+0000] {logging_mixin.py:188} INFO - [2025-05-09T16:25:44.103+0000] {dag.py:3954} INFO - Setting next_dagrun for latest_only to 2025-05-09 12:00:00+00:00, run_after=2025-05-09 16:00:00+00:00
[2025-05-09T16:25:44.120+0000] {processor.py:183} INFO - Processing /home/airflow/.local/lib/python3.10/site-packages/airflow/example_dags/example_latest_only.py took 0.073 seconds
[2025-05-09T16:26:14.486+0000] {processor.py:161} INFO - Started process (PID=12024) to work on /home/airflow/.local/lib/python3.10/site-packages/airflow/example_dags/example_latest_only.py
[2025-05-09T16:26:14.488+0000] {processor.py:830} INFO - Processing file /home/airflow/.local/lib/python3.10/site-packages/airflow/example_dags/example_latest_only.py for tasks to queue
[2025-05-09T16:26:14.491+0000] {logging_mixin.py:188} INFO - [2025-05-09T16:26:14.491+0000] {dagbag.py:545} INFO - Filling up the DagBag from /home/airflow/.local/lib/python3.10/site-packages/airflow/example_dags/example_latest_only.py
[2025-05-09T16:26:14.498+0000] {processor.py:840} INFO - DAG(s) 'latest_only' retrieved from /home/airflow/.local/lib/python3.10/site-packages/airflow/example_dags/example_latest_only.py
[2025-05-09T16:26:14.518+0000] {logging_mixin.py:188} INFO - [2025-05-09T16:26:14.518+0000] {dag.py:3096} INFO - Sync 1 DAGs
[2025-05-09T16:26:14.544+0000] {logging_mixin.py:188} INFO - [2025-05-09T16:26:14.543+0000] {dag.py:3954} INFO - Setting next_dagrun for latest_only to 2025-05-09 12:00:00+00:00, run_after=2025-05-09 16:00:00+00:00
[2025-05-09T16:26:14.566+0000] {processor.py:183} INFO - Processing /home/airflow/.local/lib/python3.10/site-packages/airflow/example_dags/example_latest_only.py took 0.087 seconds
[2025-05-09T16:26:44.942+0000] {processor.py:161} INFO - Started process (PID=12302) to work on /home/airflow/.local/lib/python3.10/site-packages/airflow/example_dags/example_latest_only.py
[2025-05-09T16:26:44.944+0000] {processor.py:830} INFO - Processing file /home/airflow/.local/lib/python3.10/site-packages/airflow/example_dags/example_latest_only.py for tasks to queue
[2025-05-09T16:26:44.946+0000] {logging_mixin.py:188} INFO - [2025-05-09T16:26:44.946+0000] {dagbag.py:545} INFO - Filling up the DagBag from /home/airflow/.local/lib/python3.10/site-packages/airflow/example_dags/example_latest_only.py
[2025-05-09T16:26:44.951+0000] {processor.py:840} INFO - DAG(s) 'latest_only' retrieved from /home/airflow/.local/lib/python3.10/site-packages/airflow/example_dags/example_latest_only.py
[2025-05-09T16:26:44.972+0000] {logging_mixin.py:188} INFO - [2025-05-09T16:26:44.971+0000] {dag.py:3096} INFO - Sync 1 DAGs
[2025-05-09T16:26:44.993+0000] {logging_mixin.py:188} INFO - [2025-05-09T16:26:44.993+0000] {dag.py:3954} INFO - Setting next_dagrun for latest_only to 2025-05-09 12:00:00+00:00, run_after=2025-05-09 16:00:00+00:00
[2025-05-09T16:26:45.024+0000] {processor.py:183} INFO - Processing /home/airflow/.local/lib/python3.10/site-packages/airflow/example_dags/example_latest_only.py took 0.089 seconds
[2025-05-09T16:27:15.721+0000] {processor.py:161} INFO - Started process (PID=12622) to work on /home/airflow/.local/lib/python3.10/site-packages/airflow/example_dags/example_latest_only.py
[2025-05-09T16:27:15.723+0000] {processor.py:830} INFO - Processing file /home/airflow/.local/lib/python3.10/site-packages/airflow/example_dags/example_latest_only.py for tasks to queue
[2025-05-09T16:27:15.725+0000] {logging_mixin.py:188} INFO - [2025-05-09T16:27:15.725+0000] {dagbag.py:545} INFO - Filling up the DagBag from /home/airflow/.local/lib/python3.10/site-packages/airflow/example_dags/example_latest_only.py
[2025-05-09T16:27:15.732+0000] {processor.py:840} INFO - DAG(s) 'latest_only' retrieved from /home/airflow/.local/lib/python3.10/site-packages/airflow/example_dags/example_latest_only.py
[2025-05-09T16:27:15.765+0000] {logging_mixin.py:188} INFO - [2025-05-09T16:27:15.765+0000] {dag.py:3096} INFO - Sync 1 DAGs
[2025-05-09T16:27:15.800+0000] {logging_mixin.py:188} INFO - [2025-05-09T16:27:15.799+0000] {dag.py:3954} INFO - Setting next_dagrun for latest_only to 2025-05-09 12:00:00+00:00, run_after=2025-05-09 16:00:00+00:00
[2025-05-09T16:27:15.830+0000] {processor.py:183} INFO - Processing /home/airflow/.local/lib/python3.10/site-packages/airflow/example_dags/example_latest_only.py took 0.117 seconds
[2025-05-09T16:27:46.025+0000] {processor.py:161} INFO - Started process (PID=12882) to work on /home/airflow/.local/lib/python3.10/site-packages/airflow/example_dags/example_latest_only.py
[2025-05-09T16:27:46.027+0000] {processor.py:830} INFO - Processing file /home/airflow/.local/lib/python3.10/site-packages/airflow/example_dags/example_latest_only.py for tasks to queue
[2025-05-09T16:27:46.029+0000] {logging_mixin.py:188} INFO - [2025-05-09T16:27:46.029+0000] {dagbag.py:545} INFO - Filling up the DagBag from /home/airflow/.local/lib/python3.10/site-packages/airflow/example_dags/example_latest_only.py
[2025-05-09T16:27:46.035+0000] {processor.py:840} INFO - DAG(s) 'latest_only' retrieved from /home/airflow/.local/lib/python3.10/site-packages/airflow/example_dags/example_latest_only.py
[2025-05-09T16:27:46.063+0000] {logging_mixin.py:188} INFO - [2025-05-09T16:27:46.063+0000] {dag.py:3096} INFO - Sync 1 DAGs
[2025-05-09T16:27:46.088+0000] {logging_mixin.py:188} INFO - [2025-05-09T16:27:46.088+0000] {dag.py:3954} INFO - Setting next_dagrun for latest_only to 2025-05-09 12:00:00+00:00, run_after=2025-05-09 16:00:00+00:00
[2025-05-09T16:27:46.112+0000] {processor.py:183} INFO - Processing /home/airflow/.local/lib/python3.10/site-packages/airflow/example_dags/example_latest_only.py took 0.094 seconds
[2025-05-09T16:28:16.363+0000] {processor.py:161} INFO - Started process (PID=13182) to work on /home/airflow/.local/lib/python3.10/site-packages/airflow/example_dags/example_latest_only.py
[2025-05-09T16:28:16.365+0000] {processor.py:830} INFO - Processing file /home/airflow/.local/lib/python3.10/site-packages/airflow/example_dags/example_latest_only.py for tasks to queue
[2025-05-09T16:28:16.372+0000] {logging_mixin.py:188} INFO - [2025-05-09T16:28:16.372+0000] {dagbag.py:545} INFO - Filling up the DagBag from /home/airflow/.local/lib/python3.10/site-packages/airflow/example_dags/example_latest_only.py
[2025-05-09T16:28:16.379+0000] {processor.py:840} INFO - DAG(s) 'latest_only' retrieved from /home/airflow/.local/lib/python3.10/site-packages/airflow/example_dags/example_latest_only.py
[2025-05-09T16:28:16.412+0000] {logging_mixin.py:188} INFO - [2025-05-09T16:28:16.411+0000] {dag.py:3096} INFO - Sync 1 DAGs
[2025-05-09T16:28:16.452+0000] {logging_mixin.py:188} INFO - [2025-05-09T16:28:16.452+0000] {dag.py:3954} INFO - Setting next_dagrun for latest_only to 2025-05-09 12:00:00+00:00, run_after=2025-05-09 16:00:00+00:00
[2025-05-09T16:28:16.482+0000] {processor.py:183} INFO - Processing /home/airflow/.local/lib/python3.10/site-packages/airflow/example_dags/example_latest_only.py took 0.128 seconds
[2025-05-09T16:28:47.388+0000] {processor.py:161} INFO - Started process (PID=13444) to work on /home/airflow/.local/lib/python3.10/site-packages/airflow/example_dags/example_latest_only.py
[2025-05-09T16:28:47.390+0000] {processor.py:830} INFO - Processing file /home/airflow/.local/lib/python3.10/site-packages/airflow/example_dags/example_latest_only.py for tasks to queue
[2025-05-09T16:28:47.393+0000] {logging_mixin.py:188} INFO - [2025-05-09T16:28:47.393+0000] {dagbag.py:545} INFO - Filling up the DagBag from /home/airflow/.local/lib/python3.10/site-packages/airflow/example_dags/example_latest_only.py
[2025-05-09T16:28:47.399+0000] {processor.py:840} INFO - DAG(s) 'latest_only' retrieved from /home/airflow/.local/lib/python3.10/site-packages/airflow/example_dags/example_latest_only.py
[2025-05-09T16:28:47.429+0000] {logging_mixin.py:188} INFO - [2025-05-09T16:28:47.429+0000] {dag.py:3096} INFO - Sync 1 DAGs
[2025-05-09T16:28:47.457+0000] {logging_mixin.py:188} INFO - [2025-05-09T16:28:47.457+0000] {dag.py:3954} INFO - Setting next_dagrun for latest_only to 2025-05-09 12:00:00+00:00, run_after=2025-05-09 16:00:00+00:00
[2025-05-09T16:28:47.480+0000] {processor.py:183} INFO - Processing /home/airflow/.local/lib/python3.10/site-packages/airflow/example_dags/example_latest_only.py took 0.102 seconds
[2025-05-09T16:29:17.839+0000] {processor.py:161} INFO - Started process (PID=13781) to work on /home/airflow/.local/lib/python3.10/site-packages/airflow/example_dags/example_latest_only.py
[2025-05-09T16:29:17.842+0000] {processor.py:830} INFO - Processing file /home/airflow/.local/lib/python3.10/site-packages/airflow/example_dags/example_latest_only.py for tasks to queue
[2025-05-09T16:29:17.845+0000] {logging_mixin.py:188} INFO - [2025-05-09T16:29:17.845+0000] {dagbag.py:545} INFO - Filling up the DagBag from /home/airflow/.local/lib/python3.10/site-packages/airflow/example_dags/example_latest_only.py
[2025-05-09T16:29:17.854+0000] {processor.py:840} INFO - DAG(s) 'latest_only' retrieved from /home/airflow/.local/lib/python3.10/site-packages/airflow/example_dags/example_latest_only.py
[2025-05-09T16:29:17.884+0000] {logging_mixin.py:188} INFO - [2025-05-09T16:29:17.884+0000] {dag.py:3096} INFO - Sync 1 DAGs
[2025-05-09T16:29:17.913+0000] {logging_mixin.py:188} INFO - [2025-05-09T16:29:17.912+0000] {dag.py:3954} INFO - Setting next_dagrun for latest_only to 2025-05-09 12:00:00+00:00, run_after=2025-05-09 16:00:00+00:00
[2025-05-09T16:29:17.940+0000] {processor.py:183} INFO - Processing /home/airflow/.local/lib/python3.10/site-packages/airflow/example_dags/example_latest_only.py took 0.111 seconds
[2025-05-09T16:29:48.111+0000] {processor.py:161} INFO - Started process (PID=14041) to work on /home/airflow/.local/lib/python3.10/site-packages/airflow/example_dags/example_latest_only.py
[2025-05-09T16:29:48.113+0000] {processor.py:830} INFO - Processing file /home/airflow/.local/lib/python3.10/site-packages/airflow/example_dags/example_latest_only.py for tasks to queue
[2025-05-09T16:29:48.116+0000] {logging_mixin.py:188} INFO - [2025-05-09T16:29:48.115+0000] {dagbag.py:545} INFO - Filling up the DagBag from /home/airflow/.local/lib/python3.10/site-packages/airflow/example_dags/example_latest_only.py
[2025-05-09T16:29:48.121+0000] {processor.py:840} INFO - DAG(s) 'latest_only' retrieved from /home/airflow/.local/lib/python3.10/site-packages/airflow/example_dags/example_latest_only.py
[2025-05-09T16:29:48.143+0000] {logging_mixin.py:188} INFO - [2025-05-09T16:29:48.142+0000] {dag.py:3096} INFO - Sync 1 DAGs
[2025-05-09T16:29:48.162+0000] {logging_mixin.py:188} INFO - [2025-05-09T16:29:48.162+0000] {dag.py:3954} INFO - Setting next_dagrun for latest_only to 2025-05-09 12:00:00+00:00, run_after=2025-05-09 16:00:00+00:00
[2025-05-09T16:29:48.180+0000] {processor.py:183} INFO - Processing /home/airflow/.local/lib/python3.10/site-packages/airflow/example_dags/example_latest_only.py took 0.074 seconds
[2025-05-09T16:30:18.698+0000] {processor.py:161} INFO - Started process (PID=14354) to work on /home/airflow/.local/lib/python3.10/site-packages/airflow/example_dags/example_latest_only.py
[2025-05-09T16:30:18.701+0000] {processor.py:830} INFO - Processing file /home/airflow/.local/lib/python3.10/site-packages/airflow/example_dags/example_latest_only.py for tasks to queue
[2025-05-09T16:30:18.708+0000] {logging_mixin.py:188} INFO - [2025-05-09T16:30:18.707+0000] {dagbag.py:545} INFO - Filling up the DagBag from /home/airflow/.local/lib/python3.10/site-packages/airflow/example_dags/example_latest_only.py
[2025-05-09T16:30:18.716+0000] {processor.py:840} INFO - DAG(s) 'latest_only' retrieved from /home/airflow/.local/lib/python3.10/site-packages/airflow/example_dags/example_latest_only.py
[2025-05-09T16:30:18.760+0000] {logging_mixin.py:188} INFO - [2025-05-09T16:30:18.759+0000] {dag.py:3096} INFO - Sync 1 DAGs
[2025-05-09T16:30:18.802+0000] {logging_mixin.py:188} INFO - [2025-05-09T16:30:18.801+0000] {dag.py:3954} INFO - Setting next_dagrun for latest_only to 2025-05-09 12:00:00+00:00, run_after=2025-05-09 16:00:00+00:00
[2025-05-09T16:30:18.848+0000] {processor.py:183} INFO - Processing /home/airflow/.local/lib/python3.10/site-packages/airflow/example_dags/example_latest_only.py took 0.159 seconds
[2025-05-09T16:30:49.062+0000] {processor.py:161} INFO - Started process (PID=14618) to work on /home/airflow/.local/lib/python3.10/site-packages/airflow/example_dags/example_latest_only.py
[2025-05-09T16:30:49.064+0000] {processor.py:830} INFO - Processing file /home/airflow/.local/lib/python3.10/site-packages/airflow/example_dags/example_latest_only.py for tasks to queue
[2025-05-09T16:30:49.066+0000] {logging_mixin.py:188} INFO - [2025-05-09T16:30:49.066+0000] {dagbag.py:545} INFO - Filling up the DagBag from /home/airflow/.local/lib/python3.10/site-packages/airflow/example_dags/example_latest_only.py
[2025-05-09T16:30:49.072+0000] {processor.py:840} INFO - DAG(s) 'latest_only' retrieved from /home/airflow/.local/lib/python3.10/site-packages/airflow/example_dags/example_latest_only.py
[2025-05-09T16:30:49.098+0000] {logging_mixin.py:188} INFO - [2025-05-09T16:30:49.097+0000] {dag.py:3096} INFO - Sync 1 DAGs
[2025-05-09T16:30:49.129+0000] {logging_mixin.py:188} INFO - [2025-05-09T16:30:49.129+0000] {dag.py:3954} INFO - Setting next_dagrun for latest_only to 2025-05-09 12:00:00+00:00, run_after=2025-05-09 16:00:00+00:00
[2025-05-09T16:30:49.156+0000] {processor.py:183} INFO - Processing /home/airflow/.local/lib/python3.10/site-packages/airflow/example_dags/example_latest_only.py took 0.100 seconds
