[2025-05-09T12:10:21.845+0000] {processor.py:161} INFO - Started process (PID=331) to work on /home/airflow/.local/lib/python3.10/site-packages/airflow/example_dags/example_branch_day_of_week_operator.py
[2025-05-09T12:10:21.850+0000] {processor.py:830} INFO - Processing file /home/airflow/.local/lib/python3.10/site-packages/airflow/example_dags/example_branch_day_of_week_operator.py for tasks to queue
[2025-05-09T12:10:21.853+0000] {logging_mixin.py:188} INFO - [2025-05-09T12:10:21.853+0000] {dagbag.py:545} INFO - Filling up the DagBag from /home/airflow/.local/lib/python3.10/site-packages/airflow/example_dags/example_branch_day_of_week_operator.py
[2025-05-09T12:10:21.867+0000] {processor.py:840} INFO - DAG(s) 'example_weekday_branch_operator' retrieved from /home/airflow/.local/lib/python3.10/site-packages/airflow/example_dags/example_branch_day_of_week_operator.py
[2025-05-09T12:10:21.893+0000] {logging_mixin.py:188} INFO - [2025-05-09T12:10:21.892+0000] {dag.py:3096} INFO - Sync 1 DAGs
[2025-05-09T12:10:21.963+0000] {logging_mixin.py:188} INFO - [2025-05-09T12:10:21.961+0000] {dag.py:3954} INFO - Setting next_dagrun for example_weekday_branch_operator to 2025-05-08 00:00:00+00:00, run_after=2025-05-09 00:00:00+00:00
[2025-05-09T12:10:22.029+0000] {processor.py:183} INFO - Processing /home/airflow/.local/lib/python3.10/site-packages/airflow/example_dags/example_branch_day_of_week_operator.py took 0.193 seconds
[2025-05-09T12:10:53.830+0000] {processor.py:161} INFO - Started process (PID=587) to work on /home/airflow/.local/lib/python3.10/site-packages/airflow/example_dags/example_branch_day_of_week_operator.py
[2025-05-09T12:10:53.831+0000] {processor.py:830} INFO - Processing file /home/airflow/.local/lib/python3.10/site-packages/airflow/example_dags/example_branch_day_of_week_operator.py for tasks to queue
[2025-05-09T12:10:53.834+0000] {logging_mixin.py:188} INFO - [2025-05-09T12:10:53.833+0000] {dagbag.py:545} INFO - Filling up the DagBag from /home/airflow/.local/lib/python3.10/site-packages/airflow/example_dags/example_branch_day_of_week_operator.py
[2025-05-09T12:10:53.845+0000] {processor.py:840} INFO - DAG(s) 'example_weekday_branch_operator' retrieved from /home/airflow/.local/lib/python3.10/site-packages/airflow/example_dags/example_branch_day_of_week_operator.py
[2025-05-09T12:10:53.970+0000] {logging_mixin.py:188} INFO - [2025-05-09T12:10:53.969+0000] {dag.py:3096} INFO - Sync 1 DAGs
[2025-05-09T12:10:54.003+0000] {logging_mixin.py:188} INFO - [2025-05-09T12:10:54.002+0000] {dag.py:3954} INFO - Setting next_dagrun for example_weekday_branch_operator to 2025-05-08 00:00:00+00:00, run_after=2025-05-09 00:00:00+00:00
[2025-05-09T12:10:54.041+0000] {processor.py:183} INFO - Processing /home/airflow/.local/lib/python3.10/site-packages/airflow/example_dags/example_branch_day_of_week_operator.py took 0.221 seconds
[2025-05-09T12:11:24.110+0000] {processor.py:161} INFO - Started process (PID=843) to work on /home/airflow/.local/lib/python3.10/site-packages/airflow/example_dags/example_branch_day_of_week_operator.py
[2025-05-09T12:11:24.112+0000] {processor.py:830} INFO - Processing file /home/airflow/.local/lib/python3.10/site-packages/airflow/example_dags/example_branch_day_of_week_operator.py for tasks to queue
[2025-05-09T12:11:24.115+0000] {logging_mixin.py:188} INFO - [2025-05-09T12:11:24.114+0000] {dagbag.py:545} INFO - Filling up the DagBag from /home/airflow/.local/lib/python3.10/site-packages/airflow/example_dags/example_branch_day_of_week_operator.py
[2025-05-09T12:11:24.126+0000] {processor.py:840} INFO - DAG(s) 'example_weekday_branch_operator' retrieved from /home/airflow/.local/lib/python3.10/site-packages/airflow/example_dags/example_branch_day_of_week_operator.py
[2025-05-09T12:11:24.155+0000] {logging_mixin.py:188} INFO - [2025-05-09T12:11:24.155+0000] {dag.py:3096} INFO - Sync 1 DAGs
[2025-05-09T12:11:24.189+0000] {logging_mixin.py:188} INFO - [2025-05-09T12:11:24.188+0000] {dag.py:3954} INFO - Setting next_dagrun for example_weekday_branch_operator to 2025-05-08 00:00:00+00:00, run_after=2025-05-09 00:00:00+00:00
[2025-05-09T12:11:24.214+0000] {processor.py:183} INFO - Processing /home/airflow/.local/lib/python3.10/site-packages/airflow/example_dags/example_branch_day_of_week_operator.py took 0.112 seconds
[2025-05-09T12:11:54.564+0000] {processor.py:161} INFO - Started process (PID=1101) to work on /home/airflow/.local/lib/python3.10/site-packages/airflow/example_dags/example_branch_day_of_week_operator.py
[2025-05-09T12:11:54.565+0000] {processor.py:830} INFO - Processing file /home/airflow/.local/lib/python3.10/site-packages/airflow/example_dags/example_branch_day_of_week_operator.py for tasks to queue
[2025-05-09T12:11:54.567+0000] {logging_mixin.py:188} INFO - [2025-05-09T12:11:54.567+0000] {dagbag.py:545} INFO - Filling up the DagBag from /home/airflow/.local/lib/python3.10/site-packages/airflow/example_dags/example_branch_day_of_week_operator.py
[2025-05-09T12:11:54.579+0000] {processor.py:840} INFO - DAG(s) 'example_weekday_branch_operator' retrieved from /home/airflow/.local/lib/python3.10/site-packages/airflow/example_dags/example_branch_day_of_week_operator.py
[2025-05-09T12:11:54.615+0000] {logging_mixin.py:188} INFO - [2025-05-09T12:11:54.615+0000] {dag.py:3096} INFO - Sync 1 DAGs
[2025-05-09T12:11:54.642+0000] {logging_mixin.py:188} INFO - [2025-05-09T12:11:54.642+0000] {dag.py:3954} INFO - Setting next_dagrun for example_weekday_branch_operator to 2025-05-08 00:00:00+00:00, run_after=2025-05-09 00:00:00+00:00
[2025-05-09T12:11:54.665+0000] {processor.py:183} INFO - Processing /home/airflow/.local/lib/python3.10/site-packages/airflow/example_dags/example_branch_day_of_week_operator.py took 0.110 seconds
[2025-05-09T12:12:24.889+0000] {processor.py:161} INFO - Started process (PID=1357) to work on /home/airflow/.local/lib/python3.10/site-packages/airflow/example_dags/example_branch_day_of_week_operator.py
[2025-05-09T12:12:24.890+0000] {processor.py:830} INFO - Processing file /home/airflow/.local/lib/python3.10/site-packages/airflow/example_dags/example_branch_day_of_week_operator.py for tasks to queue
[2025-05-09T12:12:24.892+0000] {logging_mixin.py:188} INFO - [2025-05-09T12:12:24.892+0000] {dagbag.py:545} INFO - Filling up the DagBag from /home/airflow/.local/lib/python3.10/site-packages/airflow/example_dags/example_branch_day_of_week_operator.py
[2025-05-09T12:12:24.904+0000] {processor.py:840} INFO - DAG(s) 'example_weekday_branch_operator' retrieved from /home/airflow/.local/lib/python3.10/site-packages/airflow/example_dags/example_branch_day_of_week_operator.py
[2025-05-09T12:12:24.932+0000] {logging_mixin.py:188} INFO - [2025-05-09T12:12:24.932+0000] {dag.py:3096} INFO - Sync 1 DAGs
[2025-05-09T12:12:24.958+0000] {logging_mixin.py:188} INFO - [2025-05-09T12:12:24.957+0000] {dag.py:3954} INFO - Setting next_dagrun for example_weekday_branch_operator to 2025-05-08 00:00:00+00:00, run_after=2025-05-09 00:00:00+00:00
[2025-05-09T12:12:24.988+0000] {processor.py:183} INFO - Processing /home/airflow/.local/lib/python3.10/site-packages/airflow/example_dags/example_branch_day_of_week_operator.py took 0.106 seconds
[2025-05-09T12:12:55.430+0000] {processor.py:161} INFO - Started process (PID=1611) to work on /home/airflow/.local/lib/python3.10/site-packages/airflow/example_dags/example_branch_day_of_week_operator.py
[2025-05-09T12:12:55.431+0000] {processor.py:830} INFO - Processing file /home/airflow/.local/lib/python3.10/site-packages/airflow/example_dags/example_branch_day_of_week_operator.py for tasks to queue
[2025-05-09T12:12:55.435+0000] {logging_mixin.py:188} INFO - [2025-05-09T12:12:55.434+0000] {dagbag.py:545} INFO - Filling up the DagBag from /home/airflow/.local/lib/python3.10/site-packages/airflow/example_dags/example_branch_day_of_week_operator.py
[2025-05-09T12:12:55.454+0000] {processor.py:840} INFO - DAG(s) 'example_weekday_branch_operator' retrieved from /home/airflow/.local/lib/python3.10/site-packages/airflow/example_dags/example_branch_day_of_week_operator.py
[2025-05-09T12:12:55.515+0000] {logging_mixin.py:188} INFO - [2025-05-09T12:12:55.515+0000] {dag.py:3096} INFO - Sync 1 DAGs
[2025-05-09T12:12:55.549+0000] {logging_mixin.py:188} INFO - [2025-05-09T12:12:55.549+0000] {dag.py:3954} INFO - Setting next_dagrun for example_weekday_branch_operator to 2025-05-08 00:00:00+00:00, run_after=2025-05-09 00:00:00+00:00
[2025-05-09T12:12:55.586+0000] {processor.py:183} INFO - Processing /home/airflow/.local/lib/python3.10/site-packages/airflow/example_dags/example_branch_day_of_week_operator.py took 0.169 seconds
[2025-05-09T12:13:25.926+0000] {processor.py:161} INFO - Started process (PID=1862) to work on /home/airflow/.local/lib/python3.10/site-packages/airflow/example_dags/example_branch_day_of_week_operator.py
[2025-05-09T12:13:25.928+0000] {processor.py:830} INFO - Processing file /home/airflow/.local/lib/python3.10/site-packages/airflow/example_dags/example_branch_day_of_week_operator.py for tasks to queue
[2025-05-09T12:13:25.931+0000] {logging_mixin.py:188} INFO - [2025-05-09T12:13:25.930+0000] {dagbag.py:545} INFO - Filling up the DagBag from /home/airflow/.local/lib/python3.10/site-packages/airflow/example_dags/example_branch_day_of_week_operator.py
[2025-05-09T12:13:25.942+0000] {processor.py:840} INFO - DAG(s) 'example_weekday_branch_operator' retrieved from /home/airflow/.local/lib/python3.10/site-packages/airflow/example_dags/example_branch_day_of_week_operator.py
[2025-05-09T12:13:25.967+0000] {logging_mixin.py:188} INFO - [2025-05-09T12:13:25.967+0000] {dag.py:3096} INFO - Sync 1 DAGs
[2025-05-09T12:13:25.992+0000] {logging_mixin.py:188} INFO - [2025-05-09T12:13:25.992+0000] {dag.py:3954} INFO - Setting next_dagrun for example_weekday_branch_operator to 2025-05-08 00:00:00+00:00, run_after=2025-05-09 00:00:00+00:00
[2025-05-09T12:13:26.028+0000] {processor.py:183} INFO - Processing /home/airflow/.local/lib/python3.10/site-packages/airflow/example_dags/example_branch_day_of_week_operator.py took 0.109 seconds
[2025-05-09T12:13:56.629+0000] {processor.py:161} INFO - Started process (PID=2118) to work on /home/airflow/.local/lib/python3.10/site-packages/airflow/example_dags/example_branch_day_of_week_operator.py
[2025-05-09T12:13:56.630+0000] {processor.py:830} INFO - Processing file /home/airflow/.local/lib/python3.10/site-packages/airflow/example_dags/example_branch_day_of_week_operator.py for tasks to queue
[2025-05-09T12:13:56.633+0000] {logging_mixin.py:188} INFO - [2025-05-09T12:13:56.633+0000] {dagbag.py:545} INFO - Filling up the DagBag from /home/airflow/.local/lib/python3.10/site-packages/airflow/example_dags/example_branch_day_of_week_operator.py
[2025-05-09T12:13:56.644+0000] {processor.py:840} INFO - DAG(s) 'example_weekday_branch_operator' retrieved from /home/airflow/.local/lib/python3.10/site-packages/airflow/example_dags/example_branch_day_of_week_operator.py
[2025-05-09T12:13:56.682+0000] {logging_mixin.py:188} INFO - [2025-05-09T12:13:56.682+0000] {dag.py:3096} INFO - Sync 1 DAGs
[2025-05-09T12:13:56.719+0000] {logging_mixin.py:188} INFO - [2025-05-09T12:13:56.718+0000] {dag.py:3954} INFO - Setting next_dagrun for example_weekday_branch_operator to 2025-05-08 00:00:00+00:00, run_after=2025-05-09 00:00:00+00:00
[2025-05-09T12:13:56.743+0000] {processor.py:183} INFO - Processing /home/airflow/.local/lib/python3.10/site-packages/airflow/example_dags/example_branch_day_of_week_operator.py took 0.122 seconds
[2025-05-09T12:14:27.515+0000] {processor.py:161} INFO - Started process (PID=2376) to work on /home/airflow/.local/lib/python3.10/site-packages/airflow/example_dags/example_branch_day_of_week_operator.py
[2025-05-09T12:14:27.517+0000] {processor.py:830} INFO - Processing file /home/airflow/.local/lib/python3.10/site-packages/airflow/example_dags/example_branch_day_of_week_operator.py for tasks to queue
[2025-05-09T12:14:27.519+0000] {logging_mixin.py:188} INFO - [2025-05-09T12:14:27.519+0000] {dagbag.py:545} INFO - Filling up the DagBag from /home/airflow/.local/lib/python3.10/site-packages/airflow/example_dags/example_branch_day_of_week_operator.py
[2025-05-09T12:14:27.529+0000] {processor.py:840} INFO - DAG(s) 'example_weekday_branch_operator' retrieved from /home/airflow/.local/lib/python3.10/site-packages/airflow/example_dags/example_branch_day_of_week_operator.py
[2025-05-09T12:14:27.553+0000] {logging_mixin.py:188} INFO - [2025-05-09T12:14:27.552+0000] {dag.py:3096} INFO - Sync 1 DAGs
[2025-05-09T12:14:27.579+0000] {logging_mixin.py:188} INFO - [2025-05-09T12:14:27.579+0000] {dag.py:3954} INFO - Setting next_dagrun for example_weekday_branch_operator to 2025-05-08 00:00:00+00:00, run_after=2025-05-09 00:00:00+00:00
[2025-05-09T12:14:27.618+0000] {processor.py:183} INFO - Processing /home/airflow/.local/lib/python3.10/site-packages/airflow/example_dags/example_branch_day_of_week_operator.py took 0.111 seconds
[2025-05-09T12:14:57.814+0000] {processor.py:161} INFO - Started process (PID=2630) to work on /home/airflow/.local/lib/python3.10/site-packages/airflow/example_dags/example_branch_day_of_week_operator.py
[2025-05-09T12:14:57.815+0000] {processor.py:830} INFO - Processing file /home/airflow/.local/lib/python3.10/site-packages/airflow/example_dags/example_branch_day_of_week_operator.py for tasks to queue
[2025-05-09T12:14:57.817+0000] {logging_mixin.py:188} INFO - [2025-05-09T12:14:57.817+0000] {dagbag.py:545} INFO - Filling up the DagBag from /home/airflow/.local/lib/python3.10/site-packages/airflow/example_dags/example_branch_day_of_week_operator.py
[2025-05-09T12:14:57.826+0000] {processor.py:840} INFO - DAG(s) 'example_weekday_branch_operator' retrieved from /home/airflow/.local/lib/python3.10/site-packages/airflow/example_dags/example_branch_day_of_week_operator.py
[2025-05-09T12:14:57.851+0000] {logging_mixin.py:188} INFO - [2025-05-09T12:14:57.851+0000] {dag.py:3096} INFO - Sync 1 DAGs
[2025-05-09T12:14:57.878+0000] {logging_mixin.py:188} INFO - [2025-05-09T12:14:57.878+0000] {dag.py:3954} INFO - Setting next_dagrun for example_weekday_branch_operator to 2025-05-08 00:00:00+00:00, run_after=2025-05-09 00:00:00+00:00
[2025-05-09T12:14:57.905+0000] {processor.py:183} INFO - Processing /home/airflow/.local/lib/python3.10/site-packages/airflow/example_dags/example_branch_day_of_week_operator.py took 0.100 seconds
[2025-05-09T12:15:28.020+0000] {processor.py:161} INFO - Started process (PID=2892) to work on /home/airflow/.local/lib/python3.10/site-packages/airflow/example_dags/example_branch_day_of_week_operator.py
[2025-05-09T12:15:28.021+0000] {processor.py:830} INFO - Processing file /home/airflow/.local/lib/python3.10/site-packages/airflow/example_dags/example_branch_day_of_week_operator.py for tasks to queue
[2025-05-09T12:15:28.023+0000] {logging_mixin.py:188} INFO - [2025-05-09T12:15:28.023+0000] {dagbag.py:545} INFO - Filling up the DagBag from /home/airflow/.local/lib/python3.10/site-packages/airflow/example_dags/example_branch_day_of_week_operator.py
[2025-05-09T12:15:28.034+0000] {processor.py:840} INFO - DAG(s) 'example_weekday_branch_operator' retrieved from /home/airflow/.local/lib/python3.10/site-packages/airflow/example_dags/example_branch_day_of_week_operator.py
[2025-05-09T12:15:28.064+0000] {logging_mixin.py:188} INFO - [2025-05-09T12:15:28.064+0000] {dag.py:3096} INFO - Sync 1 DAGs
[2025-05-09T12:15:28.093+0000] {logging_mixin.py:188} INFO - [2025-05-09T12:15:28.093+0000] {dag.py:3954} INFO - Setting next_dagrun for example_weekday_branch_operator to 2025-05-08 00:00:00+00:00, run_after=2025-05-09 00:00:00+00:00
[2025-05-09T12:15:28.127+0000] {processor.py:183} INFO - Processing /home/airflow/.local/lib/python3.10/site-packages/airflow/example_dags/example_branch_day_of_week_operator.py took 0.114 seconds
[2025-05-09T12:43:54.445+0000] {processor.py:161} INFO - Started process (PID=337) to work on /home/airflow/.local/lib/python3.10/site-packages/airflow/example_dags/example_branch_day_of_week_operator.py
[2025-05-09T12:43:54.448+0000] {processor.py:830} INFO - Processing file /home/airflow/.local/lib/python3.10/site-packages/airflow/example_dags/example_branch_day_of_week_operator.py for tasks to queue
[2025-05-09T12:43:54.451+0000] {logging_mixin.py:188} INFO - [2025-05-09T12:43:54.450+0000] {dagbag.py:545} INFO - Filling up the DagBag from /home/airflow/.local/lib/python3.10/site-packages/airflow/example_dags/example_branch_day_of_week_operator.py
[2025-05-09T12:43:54.463+0000] {processor.py:840} INFO - DAG(s) 'example_weekday_branch_operator' retrieved from /home/airflow/.local/lib/python3.10/site-packages/airflow/example_dags/example_branch_day_of_week_operator.py
[2025-05-09T12:43:54.484+0000] {logging_mixin.py:188} INFO - [2025-05-09T12:43:54.483+0000] {dag.py:3096} INFO - Sync 1 DAGs
[2025-05-09T12:43:54.521+0000] {logging_mixin.py:188} INFO - [2025-05-09T12:43:54.521+0000] {dag.py:3954} INFO - Setting next_dagrun for example_weekday_branch_operator to 2025-05-08 00:00:00+00:00, run_after=2025-05-09 00:00:00+00:00
[2025-05-09T12:43:54.550+0000] {processor.py:183} INFO - Processing /home/airflow/.local/lib/python3.10/site-packages/airflow/example_dags/example_branch_day_of_week_operator.py took 0.114 seconds
[2025-05-09T12:44:26.574+0000] {processor.py:161} INFO - Started process (PID=599) to work on /home/airflow/.local/lib/python3.10/site-packages/airflow/example_dags/example_branch_day_of_week_operator.py
[2025-05-09T12:44:26.575+0000] {processor.py:830} INFO - Processing file /home/airflow/.local/lib/python3.10/site-packages/airflow/example_dags/example_branch_day_of_week_operator.py for tasks to queue
[2025-05-09T12:44:26.577+0000] {logging_mixin.py:188} INFO - [2025-05-09T12:44:26.577+0000] {dagbag.py:545} INFO - Filling up the DagBag from /home/airflow/.local/lib/python3.10/site-packages/airflow/example_dags/example_branch_day_of_week_operator.py
[2025-05-09T12:44:26.587+0000] {processor.py:840} INFO - DAG(s) 'example_weekday_branch_operator' retrieved from /home/airflow/.local/lib/python3.10/site-packages/airflow/example_dags/example_branch_day_of_week_operator.py
[2025-05-09T12:44:26.704+0000] {logging_mixin.py:188} INFO - [2025-05-09T12:44:26.704+0000] {dag.py:3096} INFO - Sync 1 DAGs
[2025-05-09T12:44:26.727+0000] {logging_mixin.py:188} INFO - [2025-05-09T12:44:26.726+0000] {dag.py:3954} INFO - Setting next_dagrun for example_weekday_branch_operator to 2025-05-08 00:00:00+00:00, run_after=2025-05-09 00:00:00+00:00
[2025-05-09T12:44:26.752+0000] {processor.py:183} INFO - Processing /home/airflow/.local/lib/python3.10/site-packages/airflow/example_dags/example_branch_day_of_week_operator.py took 0.186 seconds
[2025-05-09T12:44:57.629+0000] {processor.py:161} INFO - Started process (PID=861) to work on /home/airflow/.local/lib/python3.10/site-packages/airflow/example_dags/example_branch_day_of_week_operator.py
[2025-05-09T12:44:57.633+0000] {processor.py:830} INFO - Processing file /home/airflow/.local/lib/python3.10/site-packages/airflow/example_dags/example_branch_day_of_week_operator.py for tasks to queue
[2025-05-09T12:44:57.636+0000] {logging_mixin.py:188} INFO - [2025-05-09T12:44:57.635+0000] {dagbag.py:545} INFO - Filling up the DagBag from /home/airflow/.local/lib/python3.10/site-packages/airflow/example_dags/example_branch_day_of_week_operator.py
[2025-05-09T12:44:57.647+0000] {processor.py:840} INFO - DAG(s) 'example_weekday_branch_operator' retrieved from /home/airflow/.local/lib/python3.10/site-packages/airflow/example_dags/example_branch_day_of_week_operator.py
[2025-05-09T12:44:57.678+0000] {logging_mixin.py:188} INFO - [2025-05-09T12:44:57.678+0000] {dag.py:3096} INFO - Sync 1 DAGs
[2025-05-09T12:44:57.706+0000] {logging_mixin.py:188} INFO - [2025-05-09T12:44:57.706+0000] {dag.py:3954} INFO - Setting next_dagrun for example_weekday_branch_operator to 2025-05-08 00:00:00+00:00, run_after=2025-05-09 00:00:00+00:00
[2025-05-09T12:44:57.730+0000] {processor.py:183} INFO - Processing /home/airflow/.local/lib/python3.10/site-packages/airflow/example_dags/example_branch_day_of_week_operator.py took 0.112 seconds
[2025-05-09T12:45:28.087+0000] {processor.py:161} INFO - Started process (PID=1123) to work on /home/airflow/.local/lib/python3.10/site-packages/airflow/example_dags/example_branch_day_of_week_operator.py
[2025-05-09T12:45:28.088+0000] {processor.py:830} INFO - Processing file /home/airflow/.local/lib/python3.10/site-packages/airflow/example_dags/example_branch_day_of_week_operator.py for tasks to queue
[2025-05-09T12:45:28.091+0000] {logging_mixin.py:188} INFO - [2025-05-09T12:45:28.090+0000] {dagbag.py:545} INFO - Filling up the DagBag from /home/airflow/.local/lib/python3.10/site-packages/airflow/example_dags/example_branch_day_of_week_operator.py
[2025-05-09T12:45:28.103+0000] {processor.py:840} INFO - DAG(s) 'example_weekday_branch_operator' retrieved from /home/airflow/.local/lib/python3.10/site-packages/airflow/example_dags/example_branch_day_of_week_operator.py
[2025-05-09T12:45:28.135+0000] {logging_mixin.py:188} INFO - [2025-05-09T12:45:28.135+0000] {dag.py:3096} INFO - Sync 1 DAGs
[2025-05-09T12:45:28.171+0000] {logging_mixin.py:188} INFO - [2025-05-09T12:45:28.171+0000] {dag.py:3954} INFO - Setting next_dagrun for example_weekday_branch_operator to 2025-05-08 00:00:00+00:00, run_after=2025-05-09 00:00:00+00:00
[2025-05-09T12:45:28.202+0000] {processor.py:183} INFO - Processing /home/airflow/.local/lib/python3.10/site-packages/airflow/example_dags/example_branch_day_of_week_operator.py took 0.123 seconds
[2025-05-09T12:45:59.094+0000] {processor.py:161} INFO - Started process (PID=1385) to work on /home/airflow/.local/lib/python3.10/site-packages/airflow/example_dags/example_branch_day_of_week_operator.py
[2025-05-09T12:45:59.095+0000] {processor.py:830} INFO - Processing file /home/airflow/.local/lib/python3.10/site-packages/airflow/example_dags/example_branch_day_of_week_operator.py for tasks to queue
[2025-05-09T12:45:59.098+0000] {logging_mixin.py:188} INFO - [2025-05-09T12:45:59.097+0000] {dagbag.py:545} INFO - Filling up the DagBag from /home/airflow/.local/lib/python3.10/site-packages/airflow/example_dags/example_branch_day_of_week_operator.py
[2025-05-09T12:45:59.106+0000] {processor.py:840} INFO - DAG(s) 'example_weekday_branch_operator' retrieved from /home/airflow/.local/lib/python3.10/site-packages/airflow/example_dags/example_branch_day_of_week_operator.py
[2025-05-09T12:45:59.133+0000] {logging_mixin.py:188} INFO - [2025-05-09T12:45:59.133+0000] {dag.py:3096} INFO - Sync 1 DAGs
[2025-05-09T12:45:59.158+0000] {logging_mixin.py:188} INFO - [2025-05-09T12:45:59.158+0000] {dag.py:3954} INFO - Setting next_dagrun for example_weekday_branch_operator to 2025-05-08 00:00:00+00:00, run_after=2025-05-09 00:00:00+00:00
[2025-05-09T12:45:59.183+0000] {processor.py:183} INFO - Processing /home/airflow/.local/lib/python3.10/site-packages/airflow/example_dags/example_branch_day_of_week_operator.py took 0.095 seconds
[2025-05-09T12:46:29.546+0000] {processor.py:161} INFO - Started process (PID=1647) to work on /home/airflow/.local/lib/python3.10/site-packages/airflow/example_dags/example_branch_day_of_week_operator.py
[2025-05-09T12:46:29.548+0000] {processor.py:830} INFO - Processing file /home/airflow/.local/lib/python3.10/site-packages/airflow/example_dags/example_branch_day_of_week_operator.py for tasks to queue
[2025-05-09T12:46:29.550+0000] {logging_mixin.py:188} INFO - [2025-05-09T12:46:29.550+0000] {dagbag.py:545} INFO - Filling up the DagBag from /home/airflow/.local/lib/python3.10/site-packages/airflow/example_dags/example_branch_day_of_week_operator.py
[2025-05-09T12:46:29.558+0000] {processor.py:840} INFO - DAG(s) 'example_weekday_branch_operator' retrieved from /home/airflow/.local/lib/python3.10/site-packages/airflow/example_dags/example_branch_day_of_week_operator.py
[2025-05-09T12:46:29.585+0000] {logging_mixin.py:188} INFO - [2025-05-09T12:46:29.584+0000] {dag.py:3096} INFO - Sync 1 DAGs
[2025-05-09T12:46:29.610+0000] {logging_mixin.py:188} INFO - [2025-05-09T12:46:29.610+0000] {dag.py:3954} INFO - Setting next_dagrun for example_weekday_branch_operator to 2025-05-08 00:00:00+00:00, run_after=2025-05-09 00:00:00+00:00
[2025-05-09T12:46:29.634+0000] {processor.py:183} INFO - Processing /home/airflow/.local/lib/python3.10/site-packages/airflow/example_dags/example_branch_day_of_week_operator.py took 0.095 seconds
[2025-05-09T12:47:00.171+0000] {processor.py:161} INFO - Started process (PID=1909) to work on /home/airflow/.local/lib/python3.10/site-packages/airflow/example_dags/example_branch_day_of_week_operator.py
[2025-05-09T12:47:00.173+0000] {processor.py:830} INFO - Processing file /home/airflow/.local/lib/python3.10/site-packages/airflow/example_dags/example_branch_day_of_week_operator.py for tasks to queue
[2025-05-09T12:47:00.175+0000] {logging_mixin.py:188} INFO - [2025-05-09T12:47:00.175+0000] {dagbag.py:545} INFO - Filling up the DagBag from /home/airflow/.local/lib/python3.10/site-packages/airflow/example_dags/example_branch_day_of_week_operator.py
[2025-05-09T12:47:00.185+0000] {processor.py:840} INFO - DAG(s) 'example_weekday_branch_operator' retrieved from /home/airflow/.local/lib/python3.10/site-packages/airflow/example_dags/example_branch_day_of_week_operator.py
[2025-05-09T12:47:00.212+0000] {logging_mixin.py:188} INFO - [2025-05-09T12:47:00.211+0000] {dag.py:3096} INFO - Sync 1 DAGs
[2025-05-09T12:47:00.239+0000] {logging_mixin.py:188} INFO - [2025-05-09T12:47:00.239+0000] {dag.py:3954} INFO - Setting next_dagrun for example_weekday_branch_operator to 2025-05-08 00:00:00+00:00, run_after=2025-05-09 00:00:00+00:00
[2025-05-09T12:47:00.268+0000] {processor.py:183} INFO - Processing /home/airflow/.local/lib/python3.10/site-packages/airflow/example_dags/example_branch_day_of_week_operator.py took 0.103 seconds
[2025-05-09T12:47:30.651+0000] {processor.py:161} INFO - Started process (PID=2180) to work on /home/airflow/.local/lib/python3.10/site-packages/airflow/example_dags/example_branch_day_of_week_operator.py
[2025-05-09T12:47:30.652+0000] {processor.py:830} INFO - Processing file /home/airflow/.local/lib/python3.10/site-packages/airflow/example_dags/example_branch_day_of_week_operator.py for tasks to queue
[2025-05-09T12:47:30.654+0000] {logging_mixin.py:188} INFO - [2025-05-09T12:47:30.654+0000] {dagbag.py:545} INFO - Filling up the DagBag from /home/airflow/.local/lib/python3.10/site-packages/airflow/example_dags/example_branch_day_of_week_operator.py
[2025-05-09T12:47:30.665+0000] {processor.py:840} INFO - DAG(s) 'example_weekday_branch_operator' retrieved from /home/airflow/.local/lib/python3.10/site-packages/airflow/example_dags/example_branch_day_of_week_operator.py
[2025-05-09T12:47:30.689+0000] {logging_mixin.py:188} INFO - [2025-05-09T12:47:30.689+0000] {dag.py:3096} INFO - Sync 1 DAGs
[2025-05-09T12:47:30.716+0000] {logging_mixin.py:188} INFO - [2025-05-09T12:47:30.715+0000] {dag.py:3954} INFO - Setting next_dagrun for example_weekday_branch_operator to 2025-05-08 00:00:00+00:00, run_after=2025-05-09 00:00:00+00:00
[2025-05-09T12:47:30.738+0000] {processor.py:183} INFO - Processing /home/airflow/.local/lib/python3.10/site-packages/airflow/example_dags/example_branch_day_of_week_operator.py took 0.094 seconds
[2025-05-09T12:48:00.838+0000] {processor.py:161} INFO - Started process (PID=2442) to work on /home/airflow/.local/lib/python3.10/site-packages/airflow/example_dags/example_branch_day_of_week_operator.py
[2025-05-09T12:48:00.840+0000] {processor.py:830} INFO - Processing file /home/airflow/.local/lib/python3.10/site-packages/airflow/example_dags/example_branch_day_of_week_operator.py for tasks to queue
[2025-05-09T12:48:00.842+0000] {logging_mixin.py:188} INFO - [2025-05-09T12:48:00.841+0000] {dagbag.py:545} INFO - Filling up the DagBag from /home/airflow/.local/lib/python3.10/site-packages/airflow/example_dags/example_branch_day_of_week_operator.py
[2025-05-09T12:48:00.848+0000] {processor.py:840} INFO - DAG(s) 'example_weekday_branch_operator' retrieved from /home/airflow/.local/lib/python3.10/site-packages/airflow/example_dags/example_branch_day_of_week_operator.py
[2025-05-09T12:48:00.873+0000] {logging_mixin.py:188} INFO - [2025-05-09T12:48:00.872+0000] {dag.py:3096} INFO - Sync 1 DAGs
[2025-05-09T12:48:00.895+0000] {logging_mixin.py:188} INFO - [2025-05-09T12:48:00.895+0000] {dag.py:3954} INFO - Setting next_dagrun for example_weekday_branch_operator to 2025-05-08 00:00:00+00:00, run_after=2025-05-09 00:00:00+00:00
[2025-05-09T12:48:01.005+0000] {processor.py:183} INFO - Processing /home/airflow/.local/lib/python3.10/site-packages/airflow/example_dags/example_branch_day_of_week_operator.py took 0.087 seconds
[2025-05-09T12:48:31.857+0000] {processor.py:161} INFO - Started process (PID=2713) to work on /home/airflow/.local/lib/python3.10/site-packages/airflow/example_dags/example_branch_day_of_week_operator.py
[2025-05-09T12:48:31.859+0000] {processor.py:830} INFO - Processing file /home/airflow/.local/lib/python3.10/site-packages/airflow/example_dags/example_branch_day_of_week_operator.py for tasks to queue
[2025-05-09T12:48:31.861+0000] {logging_mixin.py:188} INFO - [2025-05-09T12:48:31.861+0000] {dagbag.py:545} INFO - Filling up the DagBag from /home/airflow/.local/lib/python3.10/site-packages/airflow/example_dags/example_branch_day_of_week_operator.py
[2025-05-09T12:48:31.870+0000] {processor.py:840} INFO - DAG(s) 'example_weekday_branch_operator' retrieved from /home/airflow/.local/lib/python3.10/site-packages/airflow/example_dags/example_branch_day_of_week_operator.py
[2025-05-09T12:48:31.899+0000] {logging_mixin.py:188} INFO - [2025-05-09T12:48:31.899+0000] {dag.py:3096} INFO - Sync 1 DAGs
[2025-05-09T12:48:31.921+0000] {logging_mixin.py:188} INFO - [2025-05-09T12:48:31.921+0000] {dag.py:3954} INFO - Setting next_dagrun for example_weekday_branch_operator to 2025-05-08 00:00:00+00:00, run_after=2025-05-09 00:00:00+00:00
[2025-05-09T12:48:31.943+0000] {processor.py:183} INFO - Processing /home/airflow/.local/lib/python3.10/site-packages/airflow/example_dags/example_branch_day_of_week_operator.py took 0.092 seconds
[2025-05-09T12:49:02.538+0000] {processor.py:161} INFO - Started process (PID=2975) to work on /home/airflow/.local/lib/python3.10/site-packages/airflow/example_dags/example_branch_day_of_week_operator.py
[2025-05-09T12:49:02.540+0000] {processor.py:830} INFO - Processing file /home/airflow/.local/lib/python3.10/site-packages/airflow/example_dags/example_branch_day_of_week_operator.py for tasks to queue
[2025-05-09T12:49:02.542+0000] {logging_mixin.py:188} INFO - [2025-05-09T12:49:02.542+0000] {dagbag.py:545} INFO - Filling up the DagBag from /home/airflow/.local/lib/python3.10/site-packages/airflow/example_dags/example_branch_day_of_week_operator.py
[2025-05-09T12:49:02.550+0000] {processor.py:840} INFO - DAG(s) 'example_weekday_branch_operator' retrieved from /home/airflow/.local/lib/python3.10/site-packages/airflow/example_dags/example_branch_day_of_week_operator.py
[2025-05-09T12:49:02.571+0000] {logging_mixin.py:188} INFO - [2025-05-09T12:49:02.571+0000] {dag.py:3096} INFO - Sync 1 DAGs
[2025-05-09T12:49:02.593+0000] {logging_mixin.py:188} INFO - [2025-05-09T12:49:02.592+0000] {dag.py:3954} INFO - Setting next_dagrun for example_weekday_branch_operator to 2025-05-08 00:00:00+00:00, run_after=2025-05-09 00:00:00+00:00
[2025-05-09T12:49:02.616+0000] {processor.py:183} INFO - Processing /home/airflow/.local/lib/python3.10/site-packages/airflow/example_dags/example_branch_day_of_week_operator.py took 0.084 seconds
[2025-05-09T12:49:32.769+0000] {processor.py:161} INFO - Started process (PID=3237) to work on /home/airflow/.local/lib/python3.10/site-packages/airflow/example_dags/example_branch_day_of_week_operator.py
[2025-05-09T12:49:32.771+0000] {processor.py:830} INFO - Processing file /home/airflow/.local/lib/python3.10/site-packages/airflow/example_dags/example_branch_day_of_week_operator.py for tasks to queue
[2025-05-09T12:49:32.773+0000] {logging_mixin.py:188} INFO - [2025-05-09T12:49:32.773+0000] {dagbag.py:545} INFO - Filling up the DagBag from /home/airflow/.local/lib/python3.10/site-packages/airflow/example_dags/example_branch_day_of_week_operator.py
[2025-05-09T12:49:32.783+0000] {processor.py:840} INFO - DAG(s) 'example_weekday_branch_operator' retrieved from /home/airflow/.local/lib/python3.10/site-packages/airflow/example_dags/example_branch_day_of_week_operator.py
[2025-05-09T12:49:32.810+0000] {logging_mixin.py:188} INFO - [2025-05-09T12:49:32.810+0000] {dag.py:3096} INFO - Sync 1 DAGs
[2025-05-09T12:49:32.841+0000] {logging_mixin.py:188} INFO - [2025-05-09T12:49:32.841+0000] {dag.py:3954} INFO - Setting next_dagrun for example_weekday_branch_operator to 2025-05-08 00:00:00+00:00, run_after=2025-05-09 00:00:00+00:00
[2025-05-09T12:49:32.887+0000] {processor.py:183} INFO - Processing /home/airflow/.local/lib/python3.10/site-packages/airflow/example_dags/example_branch_day_of_week_operator.py took 0.126 seconds
[2025-05-09T12:50:03.482+0000] {processor.py:161} INFO - Started process (PID=3502) to work on /home/airflow/.local/lib/python3.10/site-packages/airflow/example_dags/example_branch_day_of_week_operator.py
[2025-05-09T12:50:03.484+0000] {processor.py:830} INFO - Processing file /home/airflow/.local/lib/python3.10/site-packages/airflow/example_dags/example_branch_day_of_week_operator.py for tasks to queue
[2025-05-09T12:50:03.487+0000] {logging_mixin.py:188} INFO - [2025-05-09T12:50:03.487+0000] {dagbag.py:545} INFO - Filling up the DagBag from /home/airflow/.local/lib/python3.10/site-packages/airflow/example_dags/example_branch_day_of_week_operator.py
[2025-05-09T12:50:03.500+0000] {processor.py:840} INFO - DAG(s) 'example_weekday_branch_operator' retrieved from /home/airflow/.local/lib/python3.10/site-packages/airflow/example_dags/example_branch_day_of_week_operator.py
[2025-05-09T12:50:03.532+0000] {logging_mixin.py:188} INFO - [2025-05-09T12:50:03.532+0000] {dag.py:3096} INFO - Sync 1 DAGs
[2025-05-09T12:50:03.563+0000] {logging_mixin.py:188} INFO - [2025-05-09T12:50:03.562+0000] {dag.py:3954} INFO - Setting next_dagrun for example_weekday_branch_operator to 2025-05-08 00:00:00+00:00, run_after=2025-05-09 00:00:00+00:00
[2025-05-09T12:50:03.588+0000] {processor.py:183} INFO - Processing /home/airflow/.local/lib/python3.10/site-packages/airflow/example_dags/example_branch_day_of_week_operator.py took 0.115 seconds
[2025-05-09T12:50:34.228+0000] {processor.py:161} INFO - Started process (PID=3770) to work on /home/airflow/.local/lib/python3.10/site-packages/airflow/example_dags/example_branch_day_of_week_operator.py
[2025-05-09T12:50:34.230+0000] {processor.py:830} INFO - Processing file /home/airflow/.local/lib/python3.10/site-packages/airflow/example_dags/example_branch_day_of_week_operator.py for tasks to queue
[2025-05-09T12:50:34.232+0000] {logging_mixin.py:188} INFO - [2025-05-09T12:50:34.232+0000] {dagbag.py:545} INFO - Filling up the DagBag from /home/airflow/.local/lib/python3.10/site-packages/airflow/example_dags/example_branch_day_of_week_operator.py
[2025-05-09T12:50:34.240+0000] {processor.py:840} INFO - DAG(s) 'example_weekday_branch_operator' retrieved from /home/airflow/.local/lib/python3.10/site-packages/airflow/example_dags/example_branch_day_of_week_operator.py
[2025-05-09T12:50:34.269+0000] {logging_mixin.py:188} INFO - [2025-05-09T12:50:34.269+0000] {dag.py:3096} INFO - Sync 1 DAGs
[2025-05-09T12:50:34.298+0000] {logging_mixin.py:188} INFO - [2025-05-09T12:50:34.298+0000] {dag.py:3954} INFO - Setting next_dagrun for example_weekday_branch_operator to 2025-05-08 00:00:00+00:00, run_after=2025-05-09 00:00:00+00:00
[2025-05-09T12:50:34.324+0000] {processor.py:183} INFO - Processing /home/airflow/.local/lib/python3.10/site-packages/airflow/example_dags/example_branch_day_of_week_operator.py took 0.103 seconds
[2025-05-09T12:51:05.146+0000] {processor.py:161} INFO - Started process (PID=4032) to work on /home/airflow/.local/lib/python3.10/site-packages/airflow/example_dags/example_branch_day_of_week_operator.py
[2025-05-09T12:51:05.148+0000] {processor.py:830} INFO - Processing file /home/airflow/.local/lib/python3.10/site-packages/airflow/example_dags/example_branch_day_of_week_operator.py for tasks to queue
[2025-05-09T12:51:05.150+0000] {logging_mixin.py:188} INFO - [2025-05-09T12:51:05.150+0000] {dagbag.py:545} INFO - Filling up the DagBag from /home/airflow/.local/lib/python3.10/site-packages/airflow/example_dags/example_branch_day_of_week_operator.py
[2025-05-09T12:51:05.159+0000] {processor.py:840} INFO - DAG(s) 'example_weekday_branch_operator' retrieved from /home/airflow/.local/lib/python3.10/site-packages/airflow/example_dags/example_branch_day_of_week_operator.py
[2025-05-09T12:51:05.189+0000] {logging_mixin.py:188} INFO - [2025-05-09T12:51:05.188+0000] {dag.py:3096} INFO - Sync 1 DAGs
[2025-05-09T12:51:05.210+0000] {logging_mixin.py:188} INFO - [2025-05-09T12:51:05.210+0000] {dag.py:3954} INFO - Setting next_dagrun for example_weekday_branch_operator to 2025-05-08 00:00:00+00:00, run_after=2025-05-09 00:00:00+00:00
[2025-05-09T12:51:05.233+0000] {processor.py:183} INFO - Processing /home/airflow/.local/lib/python3.10/site-packages/airflow/example_dags/example_branch_day_of_week_operator.py took 0.093 seconds
[2025-05-09T12:52:24.029+0000] {processor.py:161} INFO - Started process (PID=340) to work on /home/airflow/.local/lib/python3.10/site-packages/airflow/example_dags/example_branch_day_of_week_operator.py
[2025-05-09T12:52:24.032+0000] {processor.py:830} INFO - Processing file /home/airflow/.local/lib/python3.10/site-packages/airflow/example_dags/example_branch_day_of_week_operator.py for tasks to queue
[2025-05-09T12:52:24.036+0000] {logging_mixin.py:188} INFO - [2025-05-09T12:52:24.035+0000] {dagbag.py:545} INFO - Filling up the DagBag from /home/airflow/.local/lib/python3.10/site-packages/airflow/example_dags/example_branch_day_of_week_operator.py
[2025-05-09T12:52:24.049+0000] {processor.py:840} INFO - DAG(s) 'example_weekday_branch_operator' retrieved from /home/airflow/.local/lib/python3.10/site-packages/airflow/example_dags/example_branch_day_of_week_operator.py
[2025-05-09T12:52:24.078+0000] {logging_mixin.py:188} INFO - [2025-05-09T12:52:24.078+0000] {dag.py:3096} INFO - Sync 1 DAGs
[2025-05-09T12:52:24.123+0000] {logging_mixin.py:188} INFO - [2025-05-09T12:52:24.123+0000] {dag.py:3954} INFO - Setting next_dagrun for example_weekday_branch_operator to 2025-05-08 00:00:00+00:00, run_after=2025-05-09 00:00:00+00:00
[2025-05-09T12:52:24.154+0000] {processor.py:183} INFO - Processing /home/airflow/.local/lib/python3.10/site-packages/airflow/example_dags/example_branch_day_of_week_operator.py took 0.137 seconds
[2025-05-09T12:52:55.908+0000] {processor.py:161} INFO - Started process (PID=602) to work on /home/airflow/.local/lib/python3.10/site-packages/airflow/example_dags/example_branch_day_of_week_operator.py
[2025-05-09T12:52:55.910+0000] {processor.py:830} INFO - Processing file /home/airflow/.local/lib/python3.10/site-packages/airflow/example_dags/example_branch_day_of_week_operator.py for tasks to queue
[2025-05-09T12:52:55.913+0000] {logging_mixin.py:188} INFO - [2025-05-09T12:52:55.912+0000] {dagbag.py:545} INFO - Filling up the DagBag from /home/airflow/.local/lib/python3.10/site-packages/airflow/example_dags/example_branch_day_of_week_operator.py
[2025-05-09T12:52:55.925+0000] {processor.py:840} INFO - DAG(s) 'example_weekday_branch_operator' retrieved from /home/airflow/.local/lib/python3.10/site-packages/airflow/example_dags/example_branch_day_of_week_operator.py
[2025-05-09T12:52:56.061+0000] {logging_mixin.py:188} INFO - [2025-05-09T12:52:56.061+0000] {dag.py:3096} INFO - Sync 1 DAGs
[2025-05-09T12:52:56.084+0000] {logging_mixin.py:188} INFO - [2025-05-09T12:52:56.083+0000] {dag.py:3954} INFO - Setting next_dagrun for example_weekday_branch_operator to 2025-05-08 00:00:00+00:00, run_after=2025-05-09 00:00:00+00:00
[2025-05-09T12:52:56.114+0000] {processor.py:183} INFO - Processing /home/airflow/.local/lib/python3.10/site-packages/airflow/example_dags/example_branch_day_of_week_operator.py took 0.214 seconds
[2025-05-09T12:53:26.959+0000] {processor.py:161} INFO - Started process (PID=867) to work on /home/airflow/.local/lib/python3.10/site-packages/airflow/example_dags/example_branch_day_of_week_operator.py
[2025-05-09T12:53:26.960+0000] {processor.py:830} INFO - Processing file /home/airflow/.local/lib/python3.10/site-packages/airflow/example_dags/example_branch_day_of_week_operator.py for tasks to queue
[2025-05-09T12:53:26.962+0000] {logging_mixin.py:188} INFO - [2025-05-09T12:53:26.962+0000] {dagbag.py:545} INFO - Filling up the DagBag from /home/airflow/.local/lib/python3.10/site-packages/airflow/example_dags/example_branch_day_of_week_operator.py
[2025-05-09T12:53:26.969+0000] {processor.py:840} INFO - DAG(s) 'example_weekday_branch_operator' retrieved from /home/airflow/.local/lib/python3.10/site-packages/airflow/example_dags/example_branch_day_of_week_operator.py
[2025-05-09T12:53:26.993+0000] {logging_mixin.py:188} INFO - [2025-05-09T12:53:26.993+0000] {dag.py:3096} INFO - Sync 1 DAGs
[2025-05-09T12:53:27.016+0000] {logging_mixin.py:188} INFO - [2025-05-09T12:53:27.015+0000] {dag.py:3954} INFO - Setting next_dagrun for example_weekday_branch_operator to 2025-05-08 00:00:00+00:00, run_after=2025-05-09 00:00:00+00:00
[2025-05-09T12:53:27.041+0000] {processor.py:183} INFO - Processing /home/airflow/.local/lib/python3.10/site-packages/airflow/example_dags/example_branch_day_of_week_operator.py took 0.088 seconds
[2025-05-09T12:53:57.535+0000] {processor.py:161} INFO - Started process (PID=1129) to work on /home/airflow/.local/lib/python3.10/site-packages/airflow/example_dags/example_branch_day_of_week_operator.py
[2025-05-09T12:53:57.538+0000] {processor.py:830} INFO - Processing file /home/airflow/.local/lib/python3.10/site-packages/airflow/example_dags/example_branch_day_of_week_operator.py for tasks to queue
[2025-05-09T12:53:57.540+0000] {logging_mixin.py:188} INFO - [2025-05-09T12:53:57.540+0000] {dagbag.py:545} INFO - Filling up the DagBag from /home/airflow/.local/lib/python3.10/site-packages/airflow/example_dags/example_branch_day_of_week_operator.py
[2025-05-09T12:53:57.549+0000] {processor.py:840} INFO - DAG(s) 'example_weekday_branch_operator' retrieved from /home/airflow/.local/lib/python3.10/site-packages/airflow/example_dags/example_branch_day_of_week_operator.py
[2025-05-09T12:53:57.578+0000] {logging_mixin.py:188} INFO - [2025-05-09T12:53:57.578+0000] {dag.py:3096} INFO - Sync 1 DAGs
[2025-05-09T12:53:57.600+0000] {logging_mixin.py:188} INFO - [2025-05-09T12:53:57.600+0000] {dag.py:3954} INFO - Setting next_dagrun for example_weekday_branch_operator to 2025-05-08 00:00:00+00:00, run_after=2025-05-09 00:00:00+00:00
[2025-05-09T12:53:57.623+0000] {processor.py:183} INFO - Processing /home/airflow/.local/lib/python3.10/site-packages/airflow/example_dags/example_branch_day_of_week_operator.py took 0.094 seconds
[2025-05-09T12:54:28.407+0000] {processor.py:161} INFO - Started process (PID=1391) to work on /home/airflow/.local/lib/python3.10/site-packages/airflow/example_dags/example_branch_day_of_week_operator.py
[2025-05-09T12:54:28.409+0000] {processor.py:830} INFO - Processing file /home/airflow/.local/lib/python3.10/site-packages/airflow/example_dags/example_branch_day_of_week_operator.py for tasks to queue
[2025-05-09T12:54:28.411+0000] {logging_mixin.py:188} INFO - [2025-05-09T12:54:28.411+0000] {dagbag.py:545} INFO - Filling up the DagBag from /home/airflow/.local/lib/python3.10/site-packages/airflow/example_dags/example_branch_day_of_week_operator.py
[2025-05-09T12:54:28.426+0000] {processor.py:840} INFO - DAG(s) 'example_weekday_branch_operator' retrieved from /home/airflow/.local/lib/python3.10/site-packages/airflow/example_dags/example_branch_day_of_week_operator.py
[2025-05-09T12:54:28.459+0000] {logging_mixin.py:188} INFO - [2025-05-09T12:54:28.459+0000] {dag.py:3096} INFO - Sync 1 DAGs
[2025-05-09T12:54:28.487+0000] {logging_mixin.py:188} INFO - [2025-05-09T12:54:28.486+0000] {dag.py:3954} INFO - Setting next_dagrun for example_weekday_branch_operator to 2025-05-08 00:00:00+00:00, run_after=2025-05-09 00:00:00+00:00
[2025-05-09T12:54:28.513+0000] {processor.py:183} INFO - Processing /home/airflow/.local/lib/python3.10/site-packages/airflow/example_dags/example_branch_day_of_week_operator.py took 0.115 seconds
[2025-05-09T12:54:58.766+0000] {processor.py:161} INFO - Started process (PID=1653) to work on /home/airflow/.local/lib/python3.10/site-packages/airflow/example_dags/example_branch_day_of_week_operator.py
[2025-05-09T12:54:58.768+0000] {processor.py:830} INFO - Processing file /home/airflow/.local/lib/python3.10/site-packages/airflow/example_dags/example_branch_day_of_week_operator.py for tasks to queue
[2025-05-09T12:54:58.770+0000] {logging_mixin.py:188} INFO - [2025-05-09T12:54:58.770+0000] {dagbag.py:545} INFO - Filling up the DagBag from /home/airflow/.local/lib/python3.10/site-packages/airflow/example_dags/example_branch_day_of_week_operator.py
[2025-05-09T12:54:58.777+0000] {processor.py:840} INFO - DAG(s) 'example_weekday_branch_operator' retrieved from /home/airflow/.local/lib/python3.10/site-packages/airflow/example_dags/example_branch_day_of_week_operator.py
[2025-05-09T12:54:58.803+0000] {logging_mixin.py:188} INFO - [2025-05-09T12:54:58.803+0000] {dag.py:3096} INFO - Sync 1 DAGs
[2025-05-09T12:54:58.836+0000] {logging_mixin.py:188} INFO - [2025-05-09T12:54:58.835+0000] {dag.py:3954} INFO - Setting next_dagrun for example_weekday_branch_operator to 2025-05-08 00:00:00+00:00, run_after=2025-05-09 00:00:00+00:00
[2025-05-09T12:54:58.865+0000] {processor.py:183} INFO - Processing /home/airflow/.local/lib/python3.10/site-packages/airflow/example_dags/example_branch_day_of_week_operator.py took 0.106 seconds
[2025-05-09T12:55:29.082+0000] {processor.py:161} INFO - Started process (PID=1918) to work on /home/airflow/.local/lib/python3.10/site-packages/airflow/example_dags/example_branch_day_of_week_operator.py
[2025-05-09T12:55:29.084+0000] {processor.py:830} INFO - Processing file /home/airflow/.local/lib/python3.10/site-packages/airflow/example_dags/example_branch_day_of_week_operator.py for tasks to queue
[2025-05-09T12:55:29.086+0000] {logging_mixin.py:188} INFO - [2025-05-09T12:55:29.086+0000] {dagbag.py:545} INFO - Filling up the DagBag from /home/airflow/.local/lib/python3.10/site-packages/airflow/example_dags/example_branch_day_of_week_operator.py
[2025-05-09T12:55:29.095+0000] {processor.py:840} INFO - DAG(s) 'example_weekday_branch_operator' retrieved from /home/airflow/.local/lib/python3.10/site-packages/airflow/example_dags/example_branch_day_of_week_operator.py
[2025-05-09T12:55:29.121+0000] {logging_mixin.py:188} INFO - [2025-05-09T12:55:29.121+0000] {dag.py:3096} INFO - Sync 1 DAGs
[2025-05-09T12:55:29.145+0000] {logging_mixin.py:188} INFO - [2025-05-09T12:55:29.145+0000] {dag.py:3954} INFO - Setting next_dagrun for example_weekday_branch_operator to 2025-05-08 00:00:00+00:00, run_after=2025-05-09 00:00:00+00:00
[2025-05-09T12:55:29.172+0000] {processor.py:183} INFO - Processing /home/airflow/.local/lib/python3.10/site-packages/airflow/example_dags/example_branch_day_of_week_operator.py took 0.096 seconds
[2025-05-09T12:57:17.133+0000] {processor.py:161} INFO - Started process (PID=338) to work on /home/airflow/.local/lib/python3.10/site-packages/airflow/example_dags/example_branch_day_of_week_operator.py
[2025-05-09T12:57:17.134+0000] {processor.py:830} INFO - Processing file /home/airflow/.local/lib/python3.10/site-packages/airflow/example_dags/example_branch_day_of_week_operator.py for tasks to queue
[2025-05-09T12:57:17.137+0000] {logging_mixin.py:188} INFO - [2025-05-09T12:57:17.137+0000] {dagbag.py:545} INFO - Filling up the DagBag from /home/airflow/.local/lib/python3.10/site-packages/airflow/example_dags/example_branch_day_of_week_operator.py
[2025-05-09T12:57:17.150+0000] {processor.py:840} INFO - DAG(s) 'example_weekday_branch_operator' retrieved from /home/airflow/.local/lib/python3.10/site-packages/airflow/example_dags/example_branch_day_of_week_operator.py
[2025-05-09T12:57:17.168+0000] {logging_mixin.py:188} INFO - [2025-05-09T12:57:17.168+0000] {dag.py:3096} INFO - Sync 1 DAGs
[2025-05-09T12:57:17.197+0000] {logging_mixin.py:188} INFO - [2025-05-09T12:57:17.196+0000] {dag.py:3954} INFO - Setting next_dagrun for example_weekday_branch_operator to 2025-05-08 00:00:00+00:00, run_after=2025-05-09 00:00:00+00:00
[2025-05-09T12:57:17.227+0000] {processor.py:183} INFO - Processing /home/airflow/.local/lib/python3.10/site-packages/airflow/example_dags/example_branch_day_of_week_operator.py took 0.102 seconds
[2025-05-09T12:57:47.895+0000] {processor.py:161} INFO - Started process (PID=600) to work on /home/airflow/.local/lib/python3.10/site-packages/airflow/example_dags/example_branch_day_of_week_operator.py
[2025-05-09T12:57:47.897+0000] {processor.py:830} INFO - Processing file /home/airflow/.local/lib/python3.10/site-packages/airflow/example_dags/example_branch_day_of_week_operator.py for tasks to queue
[2025-05-09T12:57:47.899+0000] {logging_mixin.py:188} INFO - [2025-05-09T12:57:47.899+0000] {dagbag.py:545} INFO - Filling up the DagBag from /home/airflow/.local/lib/python3.10/site-packages/airflow/example_dags/example_branch_day_of_week_operator.py
[2025-05-09T12:57:47.908+0000] {processor.py:840} INFO - DAG(s) 'example_weekday_branch_operator' retrieved from /home/airflow/.local/lib/python3.10/site-packages/airflow/example_dags/example_branch_day_of_week_operator.py
[2025-05-09T12:57:48.054+0000] {logging_mixin.py:188} INFO - [2025-05-09T12:57:48.053+0000] {dag.py:3096} INFO - Sync 1 DAGs
[2025-05-09T12:57:48.080+0000] {logging_mixin.py:188} INFO - [2025-05-09T12:57:48.079+0000] {dag.py:3954} INFO - Setting next_dagrun for example_weekday_branch_operator to 2025-05-08 00:00:00+00:00, run_after=2025-05-09 00:00:00+00:00
[2025-05-09T12:57:48.114+0000] {processor.py:183} INFO - Processing /home/airflow/.local/lib/python3.10/site-packages/airflow/example_dags/example_branch_day_of_week_operator.py took 0.229 seconds
[2025-05-09T12:58:18.797+0000] {processor.py:161} INFO - Started process (PID=862) to work on /home/airflow/.local/lib/python3.10/site-packages/airflow/example_dags/example_branch_day_of_week_operator.py
[2025-05-09T12:58:18.799+0000] {processor.py:830} INFO - Processing file /home/airflow/.local/lib/python3.10/site-packages/airflow/example_dags/example_branch_day_of_week_operator.py for tasks to queue
[2025-05-09T12:58:18.802+0000] {logging_mixin.py:188} INFO - [2025-05-09T12:58:18.802+0000] {dagbag.py:545} INFO - Filling up the DagBag from /home/airflow/.local/lib/python3.10/site-packages/airflow/example_dags/example_branch_day_of_week_operator.py
[2025-05-09T12:58:18.809+0000] {processor.py:840} INFO - DAG(s) 'example_weekday_branch_operator' retrieved from /home/airflow/.local/lib/python3.10/site-packages/airflow/example_dags/example_branch_day_of_week_operator.py
[2025-05-09T12:58:18.832+0000] {logging_mixin.py:188} INFO - [2025-05-09T12:58:18.832+0000] {dag.py:3096} INFO - Sync 1 DAGs
[2025-05-09T12:58:18.867+0000] {logging_mixin.py:188} INFO - [2025-05-09T12:58:18.867+0000] {dag.py:3954} INFO - Setting next_dagrun for example_weekday_branch_operator to 2025-05-08 00:00:00+00:00, run_after=2025-05-09 00:00:00+00:00
[2025-05-09T12:58:18.898+0000] {processor.py:183} INFO - Processing /home/airflow/.local/lib/python3.10/site-packages/airflow/example_dags/example_branch_day_of_week_operator.py took 0.107 seconds
[2025-05-09T12:58:49.337+0000] {processor.py:161} INFO - Started process (PID=1124) to work on /home/airflow/.local/lib/python3.10/site-packages/airflow/example_dags/example_branch_day_of_week_operator.py
[2025-05-09T12:58:49.338+0000] {processor.py:830} INFO - Processing file /home/airflow/.local/lib/python3.10/site-packages/airflow/example_dags/example_branch_day_of_week_operator.py for tasks to queue
[2025-05-09T12:58:49.341+0000] {logging_mixin.py:188} INFO - [2025-05-09T12:58:49.341+0000] {dagbag.py:545} INFO - Filling up the DagBag from /home/airflow/.local/lib/python3.10/site-packages/airflow/example_dags/example_branch_day_of_week_operator.py
[2025-05-09T12:58:49.349+0000] {processor.py:840} INFO - DAG(s) 'example_weekday_branch_operator' retrieved from /home/airflow/.local/lib/python3.10/site-packages/airflow/example_dags/example_branch_day_of_week_operator.py
[2025-05-09T12:58:49.374+0000] {logging_mixin.py:188} INFO - [2025-05-09T12:58:49.373+0000] {dag.py:3096} INFO - Sync 1 DAGs
[2025-05-09T12:58:49.394+0000] {logging_mixin.py:188} INFO - [2025-05-09T12:58:49.394+0000] {dag.py:3954} INFO - Setting next_dagrun for example_weekday_branch_operator to 2025-05-08 00:00:00+00:00, run_after=2025-05-09 00:00:00+00:00
[2025-05-09T12:58:49.420+0000] {processor.py:183} INFO - Processing /home/airflow/.local/lib/python3.10/site-packages/airflow/example_dags/example_branch_day_of_week_operator.py took 0.089 seconds
[2025-05-09T12:59:19.754+0000] {processor.py:161} INFO - Started process (PID=1386) to work on /home/airflow/.local/lib/python3.10/site-packages/airflow/example_dags/example_branch_day_of_week_operator.py
[2025-05-09T12:59:19.756+0000] {processor.py:830} INFO - Processing file /home/airflow/.local/lib/python3.10/site-packages/airflow/example_dags/example_branch_day_of_week_operator.py for tasks to queue
[2025-05-09T12:59:19.758+0000] {logging_mixin.py:188} INFO - [2025-05-09T12:59:19.757+0000] {dagbag.py:545} INFO - Filling up the DagBag from /home/airflow/.local/lib/python3.10/site-packages/airflow/example_dags/example_branch_day_of_week_operator.py
[2025-05-09T12:59:19.767+0000] {processor.py:840} INFO - DAG(s) 'example_weekday_branch_operator' retrieved from /home/airflow/.local/lib/python3.10/site-packages/airflow/example_dags/example_branch_day_of_week_operator.py
[2025-05-09T12:59:19.795+0000] {logging_mixin.py:188} INFO - [2025-05-09T12:59:19.795+0000] {dag.py:3096} INFO - Sync 1 DAGs
[2025-05-09T12:59:19.826+0000] {logging_mixin.py:188} INFO - [2025-05-09T12:59:19.826+0000] {dag.py:3954} INFO - Setting next_dagrun for example_weekday_branch_operator to 2025-05-08 00:00:00+00:00, run_after=2025-05-09 00:00:00+00:00
[2025-05-09T12:59:19.853+0000] {processor.py:183} INFO - Processing /home/airflow/.local/lib/python3.10/site-packages/airflow/example_dags/example_branch_day_of_week_operator.py took 0.104 seconds
[2025-05-09T12:59:50.843+0000] {processor.py:161} INFO - Started process (PID=1648) to work on /home/airflow/.local/lib/python3.10/site-packages/airflow/example_dags/example_branch_day_of_week_operator.py
[2025-05-09T12:59:50.845+0000] {processor.py:830} INFO - Processing file /home/airflow/.local/lib/python3.10/site-packages/airflow/example_dags/example_branch_day_of_week_operator.py for tasks to queue
[2025-05-09T12:59:50.848+0000] {logging_mixin.py:188} INFO - [2025-05-09T12:59:50.847+0000] {dagbag.py:545} INFO - Filling up the DagBag from /home/airflow/.local/lib/python3.10/site-packages/airflow/example_dags/example_branch_day_of_week_operator.py
[2025-05-09T12:59:50.856+0000] {processor.py:840} INFO - DAG(s) 'example_weekday_branch_operator' retrieved from /home/airflow/.local/lib/python3.10/site-packages/airflow/example_dags/example_branch_day_of_week_operator.py
[2025-05-09T12:59:50.885+0000] {logging_mixin.py:188} INFO - [2025-05-09T12:59:50.884+0000] {dag.py:3096} INFO - Sync 1 DAGs
[2025-05-09T12:59:50.911+0000] {logging_mixin.py:188} INFO - [2025-05-09T12:59:50.911+0000] {dag.py:3954} INFO - Setting next_dagrun for example_weekday_branch_operator to 2025-05-08 00:00:00+00:00, run_after=2025-05-09 00:00:00+00:00
[2025-05-09T12:59:50.944+0000] {processor.py:183} INFO - Processing /home/airflow/.local/lib/python3.10/site-packages/airflow/example_dags/example_branch_day_of_week_operator.py took 0.106 seconds
[2025-05-09T13:00:21.125+0000] {processor.py:161} INFO - Started process (PID=1919) to work on /home/airflow/.local/lib/python3.10/site-packages/airflow/example_dags/example_branch_day_of_week_operator.py
[2025-05-09T13:00:21.127+0000] {processor.py:830} INFO - Processing file /home/airflow/.local/lib/python3.10/site-packages/airflow/example_dags/example_branch_day_of_week_operator.py for tasks to queue
[2025-05-09T13:00:21.130+0000] {logging_mixin.py:188} INFO - [2025-05-09T13:00:21.129+0000] {dagbag.py:545} INFO - Filling up the DagBag from /home/airflow/.local/lib/python3.10/site-packages/airflow/example_dags/example_branch_day_of_week_operator.py
[2025-05-09T13:00:21.137+0000] {processor.py:840} INFO - DAG(s) 'example_weekday_branch_operator' retrieved from /home/airflow/.local/lib/python3.10/site-packages/airflow/example_dags/example_branch_day_of_week_operator.py
[2025-05-09T13:00:21.162+0000] {logging_mixin.py:188} INFO - [2025-05-09T13:00:21.162+0000] {dag.py:3096} INFO - Sync 1 DAGs
[2025-05-09T13:00:21.186+0000] {logging_mixin.py:188} INFO - [2025-05-09T13:00:21.186+0000] {dag.py:3954} INFO - Setting next_dagrun for example_weekday_branch_operator to 2025-05-08 00:00:00+00:00, run_after=2025-05-09 00:00:00+00:00
[2025-05-09T13:00:21.212+0000] {processor.py:183} INFO - Processing /home/airflow/.local/lib/python3.10/site-packages/airflow/example_dags/example_branch_day_of_week_operator.py took 0.093 seconds
[2025-05-09T13:00:51.796+0000] {processor.py:161} INFO - Started process (PID=2181) to work on /home/airflow/.local/lib/python3.10/site-packages/airflow/example_dags/example_branch_day_of_week_operator.py
[2025-05-09T13:00:51.798+0000] {processor.py:830} INFO - Processing file /home/airflow/.local/lib/python3.10/site-packages/airflow/example_dags/example_branch_day_of_week_operator.py for tasks to queue
[2025-05-09T13:00:51.801+0000] {logging_mixin.py:188} INFO - [2025-05-09T13:00:51.800+0000] {dagbag.py:545} INFO - Filling up the DagBag from /home/airflow/.local/lib/python3.10/site-packages/airflow/example_dags/example_branch_day_of_week_operator.py
[2025-05-09T13:00:51.809+0000] {processor.py:840} INFO - DAG(s) 'example_weekday_branch_operator' retrieved from /home/airflow/.local/lib/python3.10/site-packages/airflow/example_dags/example_branch_day_of_week_operator.py
[2025-05-09T13:00:51.831+0000] {logging_mixin.py:188} INFO - [2025-05-09T13:00:51.831+0000] {dag.py:3096} INFO - Sync 1 DAGs
[2025-05-09T13:00:51.853+0000] {logging_mixin.py:188} INFO - [2025-05-09T13:00:51.852+0000] {dag.py:3954} INFO - Setting next_dagrun for example_weekday_branch_operator to 2025-05-08 00:00:00+00:00, run_after=2025-05-09 00:00:00+00:00
[2025-05-09T13:00:51.875+0000] {processor.py:183} INFO - Processing /home/airflow/.local/lib/python3.10/site-packages/airflow/example_dags/example_branch_day_of_week_operator.py took 0.084 seconds
[2025-05-09T13:01:22.263+0000] {processor.py:161} INFO - Started process (PID=2443) to work on /home/airflow/.local/lib/python3.10/site-packages/airflow/example_dags/example_branch_day_of_week_operator.py
[2025-05-09T13:01:22.264+0000] {processor.py:830} INFO - Processing file /home/airflow/.local/lib/python3.10/site-packages/airflow/example_dags/example_branch_day_of_week_operator.py for tasks to queue
[2025-05-09T13:01:22.266+0000] {logging_mixin.py:188} INFO - [2025-05-09T13:01:22.266+0000] {dagbag.py:545} INFO - Filling up the DagBag from /home/airflow/.local/lib/python3.10/site-packages/airflow/example_dags/example_branch_day_of_week_operator.py
[2025-05-09T13:01:22.276+0000] {processor.py:840} INFO - DAG(s) 'example_weekday_branch_operator' retrieved from /home/airflow/.local/lib/python3.10/site-packages/airflow/example_dags/example_branch_day_of_week_operator.py
[2025-05-09T13:01:22.299+0000] {logging_mixin.py:188} INFO - [2025-05-09T13:01:22.299+0000] {dag.py:3096} INFO - Sync 1 DAGs
[2025-05-09T13:01:22.324+0000] {logging_mixin.py:188} INFO - [2025-05-09T13:01:22.324+0000] {dag.py:3954} INFO - Setting next_dagrun for example_weekday_branch_operator to 2025-05-08 00:00:00+00:00, run_after=2025-05-09 00:00:00+00:00
[2025-05-09T13:01:22.353+0000] {processor.py:183} INFO - Processing /home/airflow/.local/lib/python3.10/site-packages/airflow/example_dags/example_branch_day_of_week_operator.py took 0.098 seconds
[2025-05-09T13:01:52.804+0000] {processor.py:161} INFO - Started process (PID=2705) to work on /home/airflow/.local/lib/python3.10/site-packages/airflow/example_dags/example_branch_day_of_week_operator.py
[2025-05-09T13:01:52.805+0000] {processor.py:830} INFO - Processing file /home/airflow/.local/lib/python3.10/site-packages/airflow/example_dags/example_branch_day_of_week_operator.py for tasks to queue
[2025-05-09T13:01:52.807+0000] {logging_mixin.py:188} INFO - [2025-05-09T13:01:52.807+0000] {dagbag.py:545} INFO - Filling up the DagBag from /home/airflow/.local/lib/python3.10/site-packages/airflow/example_dags/example_branch_day_of_week_operator.py
[2025-05-09T13:01:52.816+0000] {processor.py:840} INFO - DAG(s) 'example_weekday_branch_operator' retrieved from /home/airflow/.local/lib/python3.10/site-packages/airflow/example_dags/example_branch_day_of_week_operator.py
[2025-05-09T13:01:52.841+0000] {logging_mixin.py:188} INFO - [2025-05-09T13:01:52.841+0000] {dag.py:3096} INFO - Sync 1 DAGs
[2025-05-09T13:01:52.866+0000] {logging_mixin.py:188} INFO - [2025-05-09T13:01:52.866+0000] {dag.py:3954} INFO - Setting next_dagrun for example_weekday_branch_operator to 2025-05-08 00:00:00+00:00, run_after=2025-05-09 00:00:00+00:00
[2025-05-09T13:01:52.887+0000] {processor.py:183} INFO - Processing /home/airflow/.local/lib/python3.10/site-packages/airflow/example_dags/example_branch_day_of_week_operator.py took 0.090 seconds
[2025-05-09T13:02:23.205+0000] {processor.py:161} INFO - Started process (PID=2967) to work on /home/airflow/.local/lib/python3.10/site-packages/airflow/example_dags/example_branch_day_of_week_operator.py
[2025-05-09T13:02:23.206+0000] {processor.py:830} INFO - Processing file /home/airflow/.local/lib/python3.10/site-packages/airflow/example_dags/example_branch_day_of_week_operator.py for tasks to queue
[2025-05-09T13:02:23.209+0000] {logging_mixin.py:188} INFO - [2025-05-09T13:02:23.208+0000] {dagbag.py:545} INFO - Filling up the DagBag from /home/airflow/.local/lib/python3.10/site-packages/airflow/example_dags/example_branch_day_of_week_operator.py
[2025-05-09T13:02:23.218+0000] {processor.py:840} INFO - DAG(s) 'example_weekday_branch_operator' retrieved from /home/airflow/.local/lib/python3.10/site-packages/airflow/example_dags/example_branch_day_of_week_operator.py
[2025-05-09T13:02:23.244+0000] {logging_mixin.py:188} INFO - [2025-05-09T13:02:23.243+0000] {dag.py:3096} INFO - Sync 1 DAGs
[2025-05-09T13:02:23.271+0000] {logging_mixin.py:188} INFO - [2025-05-09T13:02:23.271+0000] {dag.py:3954} INFO - Setting next_dagrun for example_weekday_branch_operator to 2025-05-08 00:00:00+00:00, run_after=2025-05-09 00:00:00+00:00
[2025-05-09T13:02:23.296+0000] {processor.py:183} INFO - Processing /home/airflow/.local/lib/python3.10/site-packages/airflow/example_dags/example_branch_day_of_week_operator.py took 0.098 seconds
[2025-05-09T13:02:53.790+0000] {processor.py:161} INFO - Started process (PID=3229) to work on /home/airflow/.local/lib/python3.10/site-packages/airflow/example_dags/example_branch_day_of_week_operator.py
[2025-05-09T13:02:53.791+0000] {processor.py:830} INFO - Processing file /home/airflow/.local/lib/python3.10/site-packages/airflow/example_dags/example_branch_day_of_week_operator.py for tasks to queue
[2025-05-09T13:02:53.793+0000] {logging_mixin.py:188} INFO - [2025-05-09T13:02:53.793+0000] {dagbag.py:545} INFO - Filling up the DagBag from /home/airflow/.local/lib/python3.10/site-packages/airflow/example_dags/example_branch_day_of_week_operator.py
[2025-05-09T13:02:53.803+0000] {processor.py:840} INFO - DAG(s) 'example_weekday_branch_operator' retrieved from /home/airflow/.local/lib/python3.10/site-packages/airflow/example_dags/example_branch_day_of_week_operator.py
[2025-05-09T13:02:53.826+0000] {logging_mixin.py:188} INFO - [2025-05-09T13:02:53.826+0000] {dag.py:3096} INFO - Sync 1 DAGs
[2025-05-09T13:02:53.858+0000] {logging_mixin.py:188} INFO - [2025-05-09T13:02:53.857+0000] {dag.py:3954} INFO - Setting next_dagrun for example_weekday_branch_operator to 2025-05-08 00:00:00+00:00, run_after=2025-05-09 00:00:00+00:00
[2025-05-09T13:02:53.882+0000] {processor.py:183} INFO - Processing /home/airflow/.local/lib/python3.10/site-packages/airflow/example_dags/example_branch_day_of_week_operator.py took 0.101 seconds
[2025-05-09T13:03:25.122+0000] {processor.py:161} INFO - Started process (PID=3491) to work on /home/airflow/.local/lib/python3.10/site-packages/airflow/example_dags/example_branch_day_of_week_operator.py
[2025-05-09T13:03:25.123+0000] {processor.py:830} INFO - Processing file /home/airflow/.local/lib/python3.10/site-packages/airflow/example_dags/example_branch_day_of_week_operator.py for tasks to queue
[2025-05-09T13:03:25.125+0000] {logging_mixin.py:188} INFO - [2025-05-09T13:03:25.125+0000] {dagbag.py:545} INFO - Filling up the DagBag from /home/airflow/.local/lib/python3.10/site-packages/airflow/example_dags/example_branch_day_of_week_operator.py
[2025-05-09T13:03:25.136+0000] {processor.py:840} INFO - DAG(s) 'example_weekday_branch_operator' retrieved from /home/airflow/.local/lib/python3.10/site-packages/airflow/example_dags/example_branch_day_of_week_operator.py
[2025-05-09T13:03:25.170+0000] {logging_mixin.py:188} INFO - [2025-05-09T13:03:25.167+0000] {dag.py:3096} INFO - Sync 1 DAGs
[2025-05-09T13:03:25.201+0000] {logging_mixin.py:188} INFO - [2025-05-09T13:03:25.201+0000] {dag.py:3954} INFO - Setting next_dagrun for example_weekday_branch_operator to 2025-05-08 00:00:00+00:00, run_after=2025-05-09 00:00:00+00:00
[2025-05-09T13:03:25.239+0000] {processor.py:183} INFO - Processing /home/airflow/.local/lib/python3.10/site-packages/airflow/example_dags/example_branch_day_of_week_operator.py took 0.126 seconds
[2025-05-09T13:03:55.607+0000] {processor.py:161} INFO - Started process (PID=3748) to work on /home/airflow/.local/lib/python3.10/site-packages/airflow/example_dags/example_branch_day_of_week_operator.py
[2025-05-09T13:03:55.609+0000] {processor.py:830} INFO - Processing file /home/airflow/.local/lib/python3.10/site-packages/airflow/example_dags/example_branch_day_of_week_operator.py for tasks to queue
[2025-05-09T13:03:55.611+0000] {logging_mixin.py:188} INFO - [2025-05-09T13:03:55.611+0000] {dagbag.py:545} INFO - Filling up the DagBag from /home/airflow/.local/lib/python3.10/site-packages/airflow/example_dags/example_branch_day_of_week_operator.py
[2025-05-09T13:03:55.622+0000] {processor.py:840} INFO - DAG(s) 'example_weekday_branch_operator' retrieved from /home/airflow/.local/lib/python3.10/site-packages/airflow/example_dags/example_branch_day_of_week_operator.py
[2025-05-09T13:03:55.649+0000] {logging_mixin.py:188} INFO - [2025-05-09T13:03:55.649+0000] {dag.py:3096} INFO - Sync 1 DAGs
[2025-05-09T13:03:55.682+0000] {logging_mixin.py:188} INFO - [2025-05-09T13:03:55.681+0000] {dag.py:3954} INFO - Setting next_dagrun for example_weekday_branch_operator to 2025-05-08 00:00:00+00:00, run_after=2025-05-09 00:00:00+00:00
[2025-05-09T13:03:55.705+0000] {processor.py:183} INFO - Processing /home/airflow/.local/lib/python3.10/site-packages/airflow/example_dags/example_branch_day_of_week_operator.py took 0.110 seconds
[2025-05-09T15:43:50.014+0000] {processor.py:161} INFO - Started process (PID=4030) to work on /home/airflow/.local/lib/python3.10/site-packages/airflow/example_dags/example_branch_day_of_week_operator.py
[2025-05-09T15:43:50.018+0000] {processor.py:830} INFO - Processing file /home/airflow/.local/lib/python3.10/site-packages/airflow/example_dags/example_branch_day_of_week_operator.py for tasks to queue
[2025-05-09T15:43:50.023+0000] {logging_mixin.py:188} INFO - [2025-05-09T15:43:50.022+0000] {dagbag.py:545} INFO - Filling up the DagBag from /home/airflow/.local/lib/python3.10/site-packages/airflow/example_dags/example_branch_day_of_week_operator.py
[2025-05-09T15:43:50.042+0000] {processor.py:840} INFO - DAG(s) 'example_weekday_branch_operator' retrieved from /home/airflow/.local/lib/python3.10/site-packages/airflow/example_dags/example_branch_day_of_week_operator.py
[2025-05-09T15:43:50.083+0000] {logging_mixin.py:188} INFO - [2025-05-09T15:43:50.082+0000] {dag.py:3096} INFO - Sync 1 DAGs
[2025-05-09T15:43:50.136+0000] {logging_mixin.py:188} INFO - [2025-05-09T15:43:50.135+0000] {dag.py:3954} INFO - Setting next_dagrun for example_weekday_branch_operator to 2025-05-08 00:00:00+00:00, run_after=2025-05-09 00:00:00+00:00
[2025-05-09T15:43:50.180+0000] {processor.py:183} INFO - Processing /home/airflow/.local/lib/python3.10/site-packages/airflow/example_dags/example_branch_day_of_week_operator.py took 0.178 seconds
[2025-05-09T15:44:20.585+0000] {processor.py:161} INFO - Started process (PID=4292) to work on /home/airflow/.local/lib/python3.10/site-packages/airflow/example_dags/example_branch_day_of_week_operator.py
[2025-05-09T15:44:20.586+0000] {processor.py:830} INFO - Processing file /home/airflow/.local/lib/python3.10/site-packages/airflow/example_dags/example_branch_day_of_week_operator.py for tasks to queue
[2025-05-09T15:44:20.588+0000] {logging_mixin.py:188} INFO - [2025-05-09T15:44:20.588+0000] {dagbag.py:545} INFO - Filling up the DagBag from /home/airflow/.local/lib/python3.10/site-packages/airflow/example_dags/example_branch_day_of_week_operator.py
[2025-05-09T15:44:20.598+0000] {processor.py:840} INFO - DAG(s) 'example_weekday_branch_operator' retrieved from /home/airflow/.local/lib/python3.10/site-packages/airflow/example_dags/example_branch_day_of_week_operator.py
[2025-05-09T15:44:20.626+0000] {logging_mixin.py:188} INFO - [2025-05-09T15:44:20.626+0000] {dag.py:3096} INFO - Sync 1 DAGs
[2025-05-09T15:44:20.657+0000] {logging_mixin.py:188} INFO - [2025-05-09T15:44:20.657+0000] {dag.py:3954} INFO - Setting next_dagrun for example_weekday_branch_operator to 2025-05-08 00:00:00+00:00, run_after=2025-05-09 00:00:00+00:00
[2025-05-09T15:44:20.684+0000] {processor.py:183} INFO - Processing /home/airflow/.local/lib/python3.10/site-packages/airflow/example_dags/example_branch_day_of_week_operator.py took 0.107 seconds
[2025-05-09T15:44:51.328+0000] {processor.py:161} INFO - Started process (PID=4566) to work on /home/airflow/.local/lib/python3.10/site-packages/airflow/example_dags/example_branch_day_of_week_operator.py
[2025-05-09T15:44:51.330+0000] {processor.py:830} INFO - Processing file /home/airflow/.local/lib/python3.10/site-packages/airflow/example_dags/example_branch_day_of_week_operator.py for tasks to queue
[2025-05-09T15:44:51.332+0000] {logging_mixin.py:188} INFO - [2025-05-09T15:44:51.332+0000] {dagbag.py:545} INFO - Filling up the DagBag from /home/airflow/.local/lib/python3.10/site-packages/airflow/example_dags/example_branch_day_of_week_operator.py
[2025-05-09T15:44:51.343+0000] {processor.py:840} INFO - DAG(s) 'example_weekday_branch_operator' retrieved from /home/airflow/.local/lib/python3.10/site-packages/airflow/example_dags/example_branch_day_of_week_operator.py
[2025-05-09T15:44:51.375+0000] {logging_mixin.py:188} INFO - [2025-05-09T15:44:51.375+0000] {dag.py:3096} INFO - Sync 1 DAGs
[2025-05-09T15:44:51.411+0000] {logging_mixin.py:188} INFO - [2025-05-09T15:44:51.410+0000] {dag.py:3954} INFO - Setting next_dagrun for example_weekday_branch_operator to 2025-05-08 00:00:00+00:00, run_after=2025-05-09 00:00:00+00:00
[2025-05-09T15:44:51.447+0000] {processor.py:183} INFO - Processing /home/airflow/.local/lib/python3.10/site-packages/airflow/example_dags/example_branch_day_of_week_operator.py took 0.127 seconds
[2025-05-09T15:45:22.191+0000] {processor.py:161} INFO - Started process (PID=4834) to work on /home/airflow/.local/lib/python3.10/site-packages/airflow/example_dags/example_branch_day_of_week_operator.py
[2025-05-09T15:45:22.192+0000] {processor.py:830} INFO - Processing file /home/airflow/.local/lib/python3.10/site-packages/airflow/example_dags/example_branch_day_of_week_operator.py for tasks to queue
[2025-05-09T15:45:22.196+0000] {logging_mixin.py:188} INFO - [2025-05-09T15:45:22.195+0000] {dagbag.py:545} INFO - Filling up the DagBag from /home/airflow/.local/lib/python3.10/site-packages/airflow/example_dags/example_branch_day_of_week_operator.py
[2025-05-09T15:45:22.207+0000] {processor.py:840} INFO - DAG(s) 'example_weekday_branch_operator' retrieved from /home/airflow/.local/lib/python3.10/site-packages/airflow/example_dags/example_branch_day_of_week_operator.py
[2025-05-09T15:45:22.233+0000] {logging_mixin.py:188} INFO - [2025-05-09T15:45:22.233+0000] {dag.py:3096} INFO - Sync 1 DAGs
[2025-05-09T15:45:22.262+0000] {logging_mixin.py:188} INFO - [2025-05-09T15:45:22.262+0000] {dag.py:3954} INFO - Setting next_dagrun for example_weekday_branch_operator to 2025-05-08 00:00:00+00:00, run_after=2025-05-09 00:00:00+00:00
[2025-05-09T15:45:22.297+0000] {processor.py:183} INFO - Processing /home/airflow/.local/lib/python3.10/site-packages/airflow/example_dags/example_branch_day_of_week_operator.py took 0.115 seconds
[2025-05-09T15:45:52.756+0000] {processor.py:161} INFO - Started process (PID=5098) to work on /home/airflow/.local/lib/python3.10/site-packages/airflow/example_dags/example_branch_day_of_week_operator.py
[2025-05-09T15:45:52.758+0000] {processor.py:830} INFO - Processing file /home/airflow/.local/lib/python3.10/site-packages/airflow/example_dags/example_branch_day_of_week_operator.py for tasks to queue
[2025-05-09T15:45:52.761+0000] {logging_mixin.py:188} INFO - [2025-05-09T15:45:52.761+0000] {dagbag.py:545} INFO - Filling up the DagBag from /home/airflow/.local/lib/python3.10/site-packages/airflow/example_dags/example_branch_day_of_week_operator.py
[2025-05-09T15:45:52.776+0000] {processor.py:840} INFO - DAG(s) 'example_weekday_branch_operator' retrieved from /home/airflow/.local/lib/python3.10/site-packages/airflow/example_dags/example_branch_day_of_week_operator.py
[2025-05-09T15:45:52.822+0000] {logging_mixin.py:188} INFO - [2025-05-09T15:45:52.821+0000] {dag.py:3096} INFO - Sync 1 DAGs
[2025-05-09T15:45:52.878+0000] {logging_mixin.py:188} INFO - [2025-05-09T15:45:52.877+0000] {dag.py:3954} INFO - Setting next_dagrun for example_weekday_branch_operator to 2025-05-08 00:00:00+00:00, run_after=2025-05-09 00:00:00+00:00
[2025-05-09T15:45:52.939+0000] {processor.py:183} INFO - Processing /home/airflow/.local/lib/python3.10/site-packages/airflow/example_dags/example_branch_day_of_week_operator.py took 0.195 seconds
[2025-05-09T15:46:23.678+0000] {processor.py:161} INFO - Started process (PID=5367) to work on /home/airflow/.local/lib/python3.10/site-packages/airflow/example_dags/example_branch_day_of_week_operator.py
[2025-05-09T15:46:23.679+0000] {processor.py:830} INFO - Processing file /home/airflow/.local/lib/python3.10/site-packages/airflow/example_dags/example_branch_day_of_week_operator.py for tasks to queue
[2025-05-09T15:46:23.682+0000] {logging_mixin.py:188} INFO - [2025-05-09T15:46:23.682+0000] {dagbag.py:545} INFO - Filling up the DagBag from /home/airflow/.local/lib/python3.10/site-packages/airflow/example_dags/example_branch_day_of_week_operator.py
[2025-05-09T15:46:23.692+0000] {processor.py:840} INFO - DAG(s) 'example_weekday_branch_operator' retrieved from /home/airflow/.local/lib/python3.10/site-packages/airflow/example_dags/example_branch_day_of_week_operator.py
[2025-05-09T15:46:23.724+0000] {logging_mixin.py:188} INFO - [2025-05-09T15:46:23.724+0000] {dag.py:3096} INFO - Sync 1 DAGs
[2025-05-09T15:46:23.763+0000] {logging_mixin.py:188} INFO - [2025-05-09T15:46:23.763+0000] {dag.py:3954} INFO - Setting next_dagrun for example_weekday_branch_operator to 2025-05-08 00:00:00+00:00, run_after=2025-05-09 00:00:00+00:00
[2025-05-09T15:46:23.802+0000] {processor.py:183} INFO - Processing /home/airflow/.local/lib/python3.10/site-packages/airflow/example_dags/example_branch_day_of_week_operator.py took 0.132 seconds
[2025-05-09T15:46:54.369+0000] {processor.py:161} INFO - Started process (PID=5629) to work on /home/airflow/.local/lib/python3.10/site-packages/airflow/example_dags/example_branch_day_of_week_operator.py
[2025-05-09T15:46:54.371+0000] {processor.py:830} INFO - Processing file /home/airflow/.local/lib/python3.10/site-packages/airflow/example_dags/example_branch_day_of_week_operator.py for tasks to queue
[2025-05-09T15:46:54.374+0000] {logging_mixin.py:188} INFO - [2025-05-09T15:46:54.373+0000] {dagbag.py:545} INFO - Filling up the DagBag from /home/airflow/.local/lib/python3.10/site-packages/airflow/example_dags/example_branch_day_of_week_operator.py
[2025-05-09T15:46:54.386+0000] {processor.py:840} INFO - DAG(s) 'example_weekday_branch_operator' retrieved from /home/airflow/.local/lib/python3.10/site-packages/airflow/example_dags/example_branch_day_of_week_operator.py
[2025-05-09T15:46:54.417+0000] {logging_mixin.py:188} INFO - [2025-05-09T15:46:54.417+0000] {dag.py:3096} INFO - Sync 1 DAGs
[2025-05-09T15:46:54.446+0000] {logging_mixin.py:188} INFO - [2025-05-09T15:46:54.446+0000] {dag.py:3954} INFO - Setting next_dagrun for example_weekday_branch_operator to 2025-05-08 00:00:00+00:00, run_after=2025-05-09 00:00:00+00:00
[2025-05-09T15:46:54.475+0000] {processor.py:183} INFO - Processing /home/airflow/.local/lib/python3.10/site-packages/airflow/example_dags/example_branch_day_of_week_operator.py took 0.115 seconds
[2025-05-09T15:47:24.915+0000] {processor.py:161} INFO - Started process (PID=5886) to work on /home/airflow/.local/lib/python3.10/site-packages/airflow/example_dags/example_branch_day_of_week_operator.py
[2025-05-09T15:47:24.916+0000] {processor.py:830} INFO - Processing file /home/airflow/.local/lib/python3.10/site-packages/airflow/example_dags/example_branch_day_of_week_operator.py for tasks to queue
[2025-05-09T15:47:24.918+0000] {logging_mixin.py:188} INFO - [2025-05-09T15:47:24.918+0000] {dagbag.py:545} INFO - Filling up the DagBag from /home/airflow/.local/lib/python3.10/site-packages/airflow/example_dags/example_branch_day_of_week_operator.py
[2025-05-09T15:47:24.929+0000] {processor.py:840} INFO - DAG(s) 'example_weekday_branch_operator' retrieved from /home/airflow/.local/lib/python3.10/site-packages/airflow/example_dags/example_branch_day_of_week_operator.py
[2025-05-09T15:47:24.957+0000] {logging_mixin.py:188} INFO - [2025-05-09T15:47:24.957+0000] {dag.py:3096} INFO - Sync 1 DAGs
[2025-05-09T15:47:24.983+0000] {logging_mixin.py:188} INFO - [2025-05-09T15:47:24.983+0000] {dag.py:3954} INFO - Setting next_dagrun for example_weekday_branch_operator to 2025-05-08 00:00:00+00:00, run_after=2025-05-09 00:00:00+00:00
[2025-05-09T15:47:25.005+0000] {processor.py:183} INFO - Processing /home/airflow/.local/lib/python3.10/site-packages/airflow/example_dags/example_branch_day_of_week_operator.py took 0.099 seconds
[2025-05-09T15:47:55.453+0000] {processor.py:161} INFO - Started process (PID=6148) to work on /home/airflow/.local/lib/python3.10/site-packages/airflow/example_dags/example_branch_day_of_week_operator.py
[2025-05-09T15:47:55.456+0000] {processor.py:830} INFO - Processing file /home/airflow/.local/lib/python3.10/site-packages/airflow/example_dags/example_branch_day_of_week_operator.py for tasks to queue
[2025-05-09T15:47:55.459+0000] {logging_mixin.py:188} INFO - [2025-05-09T15:47:55.458+0000] {dagbag.py:545} INFO - Filling up the DagBag from /home/airflow/.local/lib/python3.10/site-packages/airflow/example_dags/example_branch_day_of_week_operator.py
[2025-05-09T15:47:55.472+0000] {processor.py:840} INFO - DAG(s) 'example_weekday_branch_operator' retrieved from /home/airflow/.local/lib/python3.10/site-packages/airflow/example_dags/example_branch_day_of_week_operator.py
[2025-05-09T15:47:55.503+0000] {logging_mixin.py:188} INFO - [2025-05-09T15:47:55.502+0000] {dag.py:3096} INFO - Sync 1 DAGs
[2025-05-09T15:47:55.542+0000] {logging_mixin.py:188} INFO - [2025-05-09T15:47:55.541+0000] {dag.py:3954} INFO - Setting next_dagrun for example_weekday_branch_operator to 2025-05-08 00:00:00+00:00, run_after=2025-05-09 00:00:00+00:00
[2025-05-09T15:47:55.577+0000] {processor.py:183} INFO - Processing /home/airflow/.local/lib/python3.10/site-packages/airflow/example_dags/example_branch_day_of_week_operator.py took 0.133 seconds
[2025-05-09T15:48:25.764+0000] {processor.py:161} INFO - Started process (PID=6421) to work on /home/airflow/.local/lib/python3.10/site-packages/airflow/example_dags/example_branch_day_of_week_operator.py
[2025-05-09T15:48:25.765+0000] {processor.py:830} INFO - Processing file /home/airflow/.local/lib/python3.10/site-packages/airflow/example_dags/example_branch_day_of_week_operator.py for tasks to queue
[2025-05-09T15:48:25.767+0000] {logging_mixin.py:188} INFO - [2025-05-09T15:48:25.767+0000] {dagbag.py:545} INFO - Filling up the DagBag from /home/airflow/.local/lib/python3.10/site-packages/airflow/example_dags/example_branch_day_of_week_operator.py
[2025-05-09T15:48:25.776+0000] {processor.py:840} INFO - DAG(s) 'example_weekday_branch_operator' retrieved from /home/airflow/.local/lib/python3.10/site-packages/airflow/example_dags/example_branch_day_of_week_operator.py
[2025-05-09T15:48:25.799+0000] {logging_mixin.py:188} INFO - [2025-05-09T15:48:25.798+0000] {dag.py:3096} INFO - Sync 1 DAGs
[2025-05-09T15:48:25.822+0000] {logging_mixin.py:188} INFO - [2025-05-09T15:48:25.821+0000] {dag.py:3954} INFO - Setting next_dagrun for example_weekday_branch_operator to 2025-05-08 00:00:00+00:00, run_after=2025-05-09 00:00:00+00:00
[2025-05-09T15:48:25.847+0000] {processor.py:183} INFO - Processing /home/airflow/.local/lib/python3.10/site-packages/airflow/example_dags/example_branch_day_of_week_operator.py took 0.090 seconds
[2025-05-09T15:48:56.976+0000] {processor.py:161} INFO - Started process (PID=6712) to work on /home/airflow/.local/lib/python3.10/site-packages/airflow/example_dags/example_branch_day_of_week_operator.py
[2025-05-09T15:48:56.977+0000] {processor.py:830} INFO - Processing file /home/airflow/.local/lib/python3.10/site-packages/airflow/example_dags/example_branch_day_of_week_operator.py for tasks to queue
[2025-05-09T15:48:56.980+0000] {logging_mixin.py:188} INFO - [2025-05-09T15:48:56.979+0000] {dagbag.py:545} INFO - Filling up the DagBag from /home/airflow/.local/lib/python3.10/site-packages/airflow/example_dags/example_branch_day_of_week_operator.py
[2025-05-09T15:48:56.990+0000] {processor.py:840} INFO - DAG(s) 'example_weekday_branch_operator' retrieved from /home/airflow/.local/lib/python3.10/site-packages/airflow/example_dags/example_branch_day_of_week_operator.py
[2025-05-09T15:48:57.015+0000] {logging_mixin.py:188} INFO - [2025-05-09T15:48:57.015+0000] {dag.py:3096} INFO - Sync 1 DAGs
[2025-05-09T15:48:57.041+0000] {logging_mixin.py:188} INFO - [2025-05-09T15:48:57.041+0000] {dag.py:3954} INFO - Setting next_dagrun for example_weekday_branch_operator to 2025-05-08 00:00:00+00:00, run_after=2025-05-09 00:00:00+00:00
[2025-05-09T15:48:57.063+0000] {processor.py:183} INFO - Processing /home/airflow/.local/lib/python3.10/site-packages/airflow/example_dags/example_branch_day_of_week_operator.py took 0.093 seconds
[2025-05-09T15:49:27.365+0000] {processor.py:161} INFO - Started process (PID=6986) to work on /home/airflow/.local/lib/python3.10/site-packages/airflow/example_dags/example_branch_day_of_week_operator.py
[2025-05-09T15:49:27.366+0000] {processor.py:830} INFO - Processing file /home/airflow/.local/lib/python3.10/site-packages/airflow/example_dags/example_branch_day_of_week_operator.py for tasks to queue
[2025-05-09T15:49:27.370+0000] {logging_mixin.py:188} INFO - [2025-05-09T15:49:27.370+0000] {dagbag.py:545} INFO - Filling up the DagBag from /home/airflow/.local/lib/python3.10/site-packages/airflow/example_dags/example_branch_day_of_week_operator.py
[2025-05-09T15:49:27.382+0000] {processor.py:840} INFO - DAG(s) 'example_weekday_branch_operator' retrieved from /home/airflow/.local/lib/python3.10/site-packages/airflow/example_dags/example_branch_day_of_week_operator.py
[2025-05-09T15:49:27.411+0000] {logging_mixin.py:188} INFO - [2025-05-09T15:49:27.411+0000] {dag.py:3096} INFO - Sync 1 DAGs
[2025-05-09T15:49:27.438+0000] {logging_mixin.py:188} INFO - [2025-05-09T15:49:27.437+0000] {dag.py:3954} INFO - Setting next_dagrun for example_weekday_branch_operator to 2025-05-08 00:00:00+00:00, run_after=2025-05-09 00:00:00+00:00
[2025-05-09T15:49:27.463+0000] {processor.py:183} INFO - Processing /home/airflow/.local/lib/python3.10/site-packages/airflow/example_dags/example_branch_day_of_week_operator.py took 0.106 seconds
[2025-05-09T15:49:57.549+0000] {processor.py:161} INFO - Started process (PID=7248) to work on /home/airflow/.local/lib/python3.10/site-packages/airflow/example_dags/example_branch_day_of_week_operator.py
[2025-05-09T15:49:57.551+0000] {processor.py:830} INFO - Processing file /home/airflow/.local/lib/python3.10/site-packages/airflow/example_dags/example_branch_day_of_week_operator.py for tasks to queue
[2025-05-09T15:49:57.554+0000] {logging_mixin.py:188} INFO - [2025-05-09T15:49:57.553+0000] {dagbag.py:545} INFO - Filling up the DagBag from /home/airflow/.local/lib/python3.10/site-packages/airflow/example_dags/example_branch_day_of_week_operator.py
[2025-05-09T15:49:57.567+0000] {processor.py:840} INFO - DAG(s) 'example_weekday_branch_operator' retrieved from /home/airflow/.local/lib/python3.10/site-packages/airflow/example_dags/example_branch_day_of_week_operator.py
[2025-05-09T15:49:57.609+0000] {logging_mixin.py:188} INFO - [2025-05-09T15:49:57.609+0000] {dag.py:3096} INFO - Sync 1 DAGs
[2025-05-09T15:49:57.652+0000] {logging_mixin.py:188} INFO - [2025-05-09T15:49:57.651+0000] {dag.py:3954} INFO - Setting next_dagrun for example_weekday_branch_operator to 2025-05-08 00:00:00+00:00, run_after=2025-05-09 00:00:00+00:00
[2025-05-09T15:49:57.696+0000] {processor.py:183} INFO - Processing /home/airflow/.local/lib/python3.10/site-packages/airflow/example_dags/example_branch_day_of_week_operator.py took 0.155 seconds
[2025-05-09T15:50:27.793+0000] {processor.py:161} INFO - Started process (PID=7513) to work on /home/airflow/.local/lib/python3.10/site-packages/airflow/example_dags/example_branch_day_of_week_operator.py
[2025-05-09T15:50:27.795+0000] {processor.py:830} INFO - Processing file /home/airflow/.local/lib/python3.10/site-packages/airflow/example_dags/example_branch_day_of_week_operator.py for tasks to queue
[2025-05-09T15:50:27.798+0000] {logging_mixin.py:188} INFO - [2025-05-09T15:50:27.797+0000] {dagbag.py:545} INFO - Filling up the DagBag from /home/airflow/.local/lib/python3.10/site-packages/airflow/example_dags/example_branch_day_of_week_operator.py
[2025-05-09T15:50:27.810+0000] {processor.py:840} INFO - DAG(s) 'example_weekday_branch_operator' retrieved from /home/airflow/.local/lib/python3.10/site-packages/airflow/example_dags/example_branch_day_of_week_operator.py
[2025-05-09T15:50:27.843+0000] {logging_mixin.py:188} INFO - [2025-05-09T15:50:27.842+0000] {dag.py:3096} INFO - Sync 1 DAGs
[2025-05-09T15:50:27.872+0000] {logging_mixin.py:188} INFO - [2025-05-09T15:50:27.872+0000] {dag.py:3954} INFO - Setting next_dagrun for example_weekday_branch_operator to 2025-05-08 00:00:00+00:00, run_after=2025-05-09 00:00:00+00:00
[2025-05-09T15:50:27.908+0000] {processor.py:183} INFO - Processing /home/airflow/.local/lib/python3.10/site-packages/airflow/example_dags/example_branch_day_of_week_operator.py took 0.122 seconds
[2025-05-09T15:50:58.073+0000] {processor.py:161} INFO - Started process (PID=7775) to work on /home/airflow/.local/lib/python3.10/site-packages/airflow/example_dags/example_branch_day_of_week_operator.py
[2025-05-09T15:50:58.075+0000] {processor.py:830} INFO - Processing file /home/airflow/.local/lib/python3.10/site-packages/airflow/example_dags/example_branch_day_of_week_operator.py for tasks to queue
[2025-05-09T15:50:58.077+0000] {logging_mixin.py:188} INFO - [2025-05-09T15:50:58.076+0000] {dagbag.py:545} INFO - Filling up the DagBag from /home/airflow/.local/lib/python3.10/site-packages/airflow/example_dags/example_branch_day_of_week_operator.py
[2025-05-09T15:50:58.090+0000] {processor.py:840} INFO - DAG(s) 'example_weekday_branch_operator' retrieved from /home/airflow/.local/lib/python3.10/site-packages/airflow/example_dags/example_branch_day_of_week_operator.py
[2025-05-09T15:50:58.117+0000] {logging_mixin.py:188} INFO - [2025-05-09T15:50:58.116+0000] {dag.py:3096} INFO - Sync 1 DAGs
[2025-05-09T15:50:58.143+0000] {logging_mixin.py:188} INFO - [2025-05-09T15:50:58.142+0000] {dag.py:3954} INFO - Setting next_dagrun for example_weekday_branch_operator to 2025-05-08 00:00:00+00:00, run_after=2025-05-09 00:00:00+00:00
[2025-05-09T15:50:58.166+0000] {processor.py:183} INFO - Processing /home/airflow/.local/lib/python3.10/site-packages/airflow/example_dags/example_branch_day_of_week_operator.py took 0.100 seconds
[2025-05-09T15:51:28.575+0000] {processor.py:161} INFO - Started process (PID=8046) to work on /home/airflow/.local/lib/python3.10/site-packages/airflow/example_dags/example_branch_day_of_week_operator.py
[2025-05-09T15:51:28.576+0000] {processor.py:830} INFO - Processing file /home/airflow/.local/lib/python3.10/site-packages/airflow/example_dags/example_branch_day_of_week_operator.py for tasks to queue
[2025-05-09T15:51:28.579+0000] {logging_mixin.py:188} INFO - [2025-05-09T15:51:28.578+0000] {dagbag.py:545} INFO - Filling up the DagBag from /home/airflow/.local/lib/python3.10/site-packages/airflow/example_dags/example_branch_day_of_week_operator.py
[2025-05-09T15:51:28.587+0000] {processor.py:840} INFO - DAG(s) 'example_weekday_branch_operator' retrieved from /home/airflow/.local/lib/python3.10/site-packages/airflow/example_dags/example_branch_day_of_week_operator.py
[2025-05-09T15:51:28.609+0000] {logging_mixin.py:188} INFO - [2025-05-09T15:51:28.608+0000] {dag.py:3096} INFO - Sync 1 DAGs
[2025-05-09T15:51:28.632+0000] {logging_mixin.py:188} INFO - [2025-05-09T15:51:28.632+0000] {dag.py:3954} INFO - Setting next_dagrun for example_weekday_branch_operator to 2025-05-08 00:00:00+00:00, run_after=2025-05-09 00:00:00+00:00
[2025-05-09T15:51:28.654+0000] {processor.py:183} INFO - Processing /home/airflow/.local/lib/python3.10/site-packages/airflow/example_dags/example_branch_day_of_week_operator.py took 0.085 seconds
[2025-05-09T15:51:58.812+0000] {processor.py:161} INFO - Started process (PID=8306) to work on /home/airflow/.local/lib/python3.10/site-packages/airflow/example_dags/example_branch_day_of_week_operator.py
[2025-05-09T15:51:58.814+0000] {processor.py:830} INFO - Processing file /home/airflow/.local/lib/python3.10/site-packages/airflow/example_dags/example_branch_day_of_week_operator.py for tasks to queue
[2025-05-09T15:51:58.816+0000] {logging_mixin.py:188} INFO - [2025-05-09T15:51:58.816+0000] {dagbag.py:545} INFO - Filling up the DagBag from /home/airflow/.local/lib/python3.10/site-packages/airflow/example_dags/example_branch_day_of_week_operator.py
[2025-05-09T15:51:58.825+0000] {processor.py:840} INFO - DAG(s) 'example_weekday_branch_operator' retrieved from /home/airflow/.local/lib/python3.10/site-packages/airflow/example_dags/example_branch_day_of_week_operator.py
[2025-05-09T15:51:58.851+0000] {logging_mixin.py:188} INFO - [2025-05-09T15:51:58.851+0000] {dag.py:3096} INFO - Sync 1 DAGs
[2025-05-09T15:51:58.880+0000] {logging_mixin.py:188} INFO - [2025-05-09T15:51:58.879+0000] {dag.py:3954} INFO - Setting next_dagrun for example_weekday_branch_operator to 2025-05-08 00:00:00+00:00, run_after=2025-05-09 00:00:00+00:00
[2025-05-09T15:51:58.914+0000] {processor.py:183} INFO - Processing /home/airflow/.local/lib/python3.10/site-packages/airflow/example_dags/example_branch_day_of_week_operator.py took 0.109 seconds
[2025-05-09T15:52:29.802+0000] {processor.py:161} INFO - Started process (PID=8574) to work on /home/airflow/.local/lib/python3.10/site-packages/airflow/example_dags/example_branch_day_of_week_operator.py
[2025-05-09T15:52:29.803+0000] {processor.py:830} INFO - Processing file /home/airflow/.local/lib/python3.10/site-packages/airflow/example_dags/example_branch_day_of_week_operator.py for tasks to queue
[2025-05-09T15:52:29.805+0000] {logging_mixin.py:188} INFO - [2025-05-09T15:52:29.805+0000] {dagbag.py:545} INFO - Filling up the DagBag from /home/airflow/.local/lib/python3.10/site-packages/airflow/example_dags/example_branch_day_of_week_operator.py
[2025-05-09T15:52:29.814+0000] {processor.py:840} INFO - DAG(s) 'example_weekday_branch_operator' retrieved from /home/airflow/.local/lib/python3.10/site-packages/airflow/example_dags/example_branch_day_of_week_operator.py
[2025-05-09T15:52:29.839+0000] {logging_mixin.py:188} INFO - [2025-05-09T15:52:29.839+0000] {dag.py:3096} INFO - Sync 1 DAGs
[2025-05-09T15:52:29.864+0000] {logging_mixin.py:188} INFO - [2025-05-09T15:52:29.864+0000] {dag.py:3954} INFO - Setting next_dagrun for example_weekday_branch_operator to 2025-05-08 00:00:00+00:00, run_after=2025-05-09 00:00:00+00:00
[2025-05-09T15:52:29.897+0000] {processor.py:183} INFO - Processing /home/airflow/.local/lib/python3.10/site-packages/airflow/example_dags/example_branch_day_of_week_operator.py took 0.103 seconds
[2025-05-09T15:53:00.868+0000] {processor.py:161} INFO - Started process (PID=8840) to work on /home/airflow/.local/lib/python3.10/site-packages/airflow/example_dags/example_branch_day_of_week_operator.py
[2025-05-09T15:53:00.869+0000] {processor.py:830} INFO - Processing file /home/airflow/.local/lib/python3.10/site-packages/airflow/example_dags/example_branch_day_of_week_operator.py for tasks to queue
[2025-05-09T15:53:00.871+0000] {logging_mixin.py:188} INFO - [2025-05-09T15:53:00.871+0000] {dagbag.py:545} INFO - Filling up the DagBag from /home/airflow/.local/lib/python3.10/site-packages/airflow/example_dags/example_branch_day_of_week_operator.py
[2025-05-09T15:53:00.879+0000] {processor.py:840} INFO - DAG(s) 'example_weekday_branch_operator' retrieved from /home/airflow/.local/lib/python3.10/site-packages/airflow/example_dags/example_branch_day_of_week_operator.py
[2025-05-09T15:53:00.902+0000] {logging_mixin.py:188} INFO - [2025-05-09T15:53:00.902+0000] {dag.py:3096} INFO - Sync 1 DAGs
[2025-05-09T15:53:00.923+0000] {logging_mixin.py:188} INFO - [2025-05-09T15:53:00.923+0000] {dag.py:3954} INFO - Setting next_dagrun for example_weekday_branch_operator to 2025-05-08 00:00:00+00:00, run_after=2025-05-09 00:00:00+00:00
[2025-05-09T15:53:00.945+0000] {processor.py:183} INFO - Processing /home/airflow/.local/lib/python3.10/site-packages/airflow/example_dags/example_branch_day_of_week_operator.py took 0.085 seconds
[2025-05-09T15:53:31.524+0000] {processor.py:161} INFO - Started process (PID=9109) to work on /home/airflow/.local/lib/python3.10/site-packages/airflow/example_dags/example_branch_day_of_week_operator.py
[2025-05-09T15:53:31.526+0000] {processor.py:830} INFO - Processing file /home/airflow/.local/lib/python3.10/site-packages/airflow/example_dags/example_branch_day_of_week_operator.py for tasks to queue
[2025-05-09T15:53:31.528+0000] {logging_mixin.py:188} INFO - [2025-05-09T15:53:31.527+0000] {dagbag.py:545} INFO - Filling up the DagBag from /home/airflow/.local/lib/python3.10/site-packages/airflow/example_dags/example_branch_day_of_week_operator.py
[2025-05-09T15:53:31.536+0000] {processor.py:840} INFO - DAG(s) 'example_weekday_branch_operator' retrieved from /home/airflow/.local/lib/python3.10/site-packages/airflow/example_dags/example_branch_day_of_week_operator.py
[2025-05-09T15:53:31.564+0000] {logging_mixin.py:188} INFO - [2025-05-09T15:53:31.564+0000] {dag.py:3096} INFO - Sync 1 DAGs
[2025-05-09T15:53:31.599+0000] {logging_mixin.py:188} INFO - [2025-05-09T15:53:31.598+0000] {dag.py:3954} INFO - Setting next_dagrun for example_weekday_branch_operator to 2025-05-08 00:00:00+00:00, run_after=2025-05-09 00:00:00+00:00
[2025-05-09T15:53:31.628+0000] {processor.py:183} INFO - Processing /home/airflow/.local/lib/python3.10/site-packages/airflow/example_dags/example_branch_day_of_week_operator.py took 0.112 seconds
[2025-05-09T15:54:01.857+0000] {processor.py:161} INFO - Started process (PID=9386) to work on /home/airflow/.local/lib/python3.10/site-packages/airflow/example_dags/example_branch_day_of_week_operator.py
[2025-05-09T15:54:01.859+0000] {processor.py:830} INFO - Processing file /home/airflow/.local/lib/python3.10/site-packages/airflow/example_dags/example_branch_day_of_week_operator.py for tasks to queue
[2025-05-09T15:54:01.861+0000] {logging_mixin.py:188} INFO - [2025-05-09T15:54:01.860+0000] {dagbag.py:545} INFO - Filling up the DagBag from /home/airflow/.local/lib/python3.10/site-packages/airflow/example_dags/example_branch_day_of_week_operator.py
[2025-05-09T15:54:01.878+0000] {processor.py:840} INFO - DAG(s) 'example_weekday_branch_operator' retrieved from /home/airflow/.local/lib/python3.10/site-packages/airflow/example_dags/example_branch_day_of_week_operator.py
[2025-05-09T15:54:01.929+0000] {logging_mixin.py:188} INFO - [2025-05-09T15:54:01.928+0000] {dag.py:3096} INFO - Sync 1 DAGs
[2025-05-09T15:54:01.983+0000] {logging_mixin.py:188} INFO - [2025-05-09T15:54:01.982+0000] {dag.py:3954} INFO - Setting next_dagrun for example_weekday_branch_operator to 2025-05-08 00:00:00+00:00, run_after=2025-05-09 00:00:00+00:00
[2025-05-09T15:54:02.029+0000] {processor.py:183} INFO - Processing /home/airflow/.local/lib/python3.10/site-packages/airflow/example_dags/example_branch_day_of_week_operator.py took 0.178 seconds
[2025-05-09T15:54:32.583+0000] {processor.py:161} INFO - Started process (PID=9657) to work on /home/airflow/.local/lib/python3.10/site-packages/airflow/example_dags/example_branch_day_of_week_operator.py
[2025-05-09T15:54:32.585+0000] {processor.py:830} INFO - Processing file /home/airflow/.local/lib/python3.10/site-packages/airflow/example_dags/example_branch_day_of_week_operator.py for tasks to queue
[2025-05-09T15:54:32.588+0000] {logging_mixin.py:188} INFO - [2025-05-09T15:54:32.588+0000] {dagbag.py:545} INFO - Filling up the DagBag from /home/airflow/.local/lib/python3.10/site-packages/airflow/example_dags/example_branch_day_of_week_operator.py
[2025-05-09T15:54:32.597+0000] {processor.py:840} INFO - DAG(s) 'example_weekday_branch_operator' retrieved from /home/airflow/.local/lib/python3.10/site-packages/airflow/example_dags/example_branch_day_of_week_operator.py
[2025-05-09T15:54:32.624+0000] {logging_mixin.py:188} INFO - [2025-05-09T15:54:32.624+0000] {dag.py:3096} INFO - Sync 1 DAGs
[2025-05-09T15:54:32.647+0000] {logging_mixin.py:188} INFO - [2025-05-09T15:54:32.646+0000] {dag.py:3954} INFO - Setting next_dagrun for example_weekday_branch_operator to 2025-05-08 00:00:00+00:00, run_after=2025-05-09 00:00:00+00:00
[2025-05-09T15:54:32.674+0000] {processor.py:183} INFO - Processing /home/airflow/.local/lib/python3.10/site-packages/airflow/example_dags/example_branch_day_of_week_operator.py took 0.097 seconds
[2025-05-09T15:55:03.070+0000] {processor.py:161} INFO - Started process (PID=9924) to work on /home/airflow/.local/lib/python3.10/site-packages/airflow/example_dags/example_branch_day_of_week_operator.py
[2025-05-09T15:55:03.072+0000] {processor.py:830} INFO - Processing file /home/airflow/.local/lib/python3.10/site-packages/airflow/example_dags/example_branch_day_of_week_operator.py for tasks to queue
[2025-05-09T15:55:03.074+0000] {logging_mixin.py:188} INFO - [2025-05-09T15:55:03.074+0000] {dagbag.py:545} INFO - Filling up the DagBag from /home/airflow/.local/lib/python3.10/site-packages/airflow/example_dags/example_branch_day_of_week_operator.py
[2025-05-09T15:55:03.083+0000] {processor.py:840} INFO - DAG(s) 'example_weekday_branch_operator' retrieved from /home/airflow/.local/lib/python3.10/site-packages/airflow/example_dags/example_branch_day_of_week_operator.py
[2025-05-09T15:55:03.109+0000] {logging_mixin.py:188} INFO - [2025-05-09T15:55:03.109+0000] {dag.py:3096} INFO - Sync 1 DAGs
[2025-05-09T15:55:03.136+0000] {logging_mixin.py:188} INFO - [2025-05-09T15:55:03.136+0000] {dag.py:3954} INFO - Setting next_dagrun for example_weekday_branch_operator to 2025-05-08 00:00:00+00:00, run_after=2025-05-09 00:00:00+00:00
[2025-05-09T15:55:03.168+0000] {processor.py:183} INFO - Processing /home/airflow/.local/lib/python3.10/site-packages/airflow/example_dags/example_branch_day_of_week_operator.py took 0.105 seconds
[2025-05-09T15:55:33.327+0000] {processor.py:161} INFO - Started process (PID=10190) to work on /home/airflow/.local/lib/python3.10/site-packages/airflow/example_dags/example_branch_day_of_week_operator.py
[2025-05-09T15:55:33.329+0000] {processor.py:830} INFO - Processing file /home/airflow/.local/lib/python3.10/site-packages/airflow/example_dags/example_branch_day_of_week_operator.py for tasks to queue
[2025-05-09T15:55:33.332+0000] {logging_mixin.py:188} INFO - [2025-05-09T15:55:33.332+0000] {dagbag.py:545} INFO - Filling up the DagBag from /home/airflow/.local/lib/python3.10/site-packages/airflow/example_dags/example_branch_day_of_week_operator.py
[2025-05-09T15:55:33.341+0000] {processor.py:840} INFO - DAG(s) 'example_weekday_branch_operator' retrieved from /home/airflow/.local/lib/python3.10/site-packages/airflow/example_dags/example_branch_day_of_week_operator.py
[2025-05-09T15:55:33.372+0000] {logging_mixin.py:188} INFO - [2025-05-09T15:55:33.372+0000] {dag.py:3096} INFO - Sync 1 DAGs
[2025-05-09T15:55:33.405+0000] {logging_mixin.py:188} INFO - [2025-05-09T15:55:33.405+0000] {dag.py:3954} INFO - Setting next_dagrun for example_weekday_branch_operator to 2025-05-08 00:00:00+00:00, run_after=2025-05-09 00:00:00+00:00
[2025-05-09T15:55:33.433+0000] {processor.py:183} INFO - Processing /home/airflow/.local/lib/python3.10/site-packages/airflow/example_dags/example_branch_day_of_week_operator.py took 0.112 seconds
[2025-05-09T15:56:03.804+0000] {processor.py:161} INFO - Started process (PID=10457) to work on /home/airflow/.local/lib/python3.10/site-packages/airflow/example_dags/example_branch_day_of_week_operator.py
[2025-05-09T15:56:03.806+0000] {processor.py:830} INFO - Processing file /home/airflow/.local/lib/python3.10/site-packages/airflow/example_dags/example_branch_day_of_week_operator.py for tasks to queue
[2025-05-09T15:56:03.809+0000] {logging_mixin.py:188} INFO - [2025-05-09T15:56:03.808+0000] {dagbag.py:545} INFO - Filling up the DagBag from /home/airflow/.local/lib/python3.10/site-packages/airflow/example_dags/example_branch_day_of_week_operator.py
[2025-05-09T15:56:03.821+0000] {processor.py:840} INFO - DAG(s) 'example_weekday_branch_operator' retrieved from /home/airflow/.local/lib/python3.10/site-packages/airflow/example_dags/example_branch_day_of_week_operator.py
[2025-05-09T15:56:03.849+0000] {logging_mixin.py:188} INFO - [2025-05-09T15:56:03.848+0000] {dag.py:3096} INFO - Sync 1 DAGs
[2025-05-09T15:56:03.874+0000] {logging_mixin.py:188} INFO - [2025-05-09T15:56:03.874+0000] {dag.py:3954} INFO - Setting next_dagrun for example_weekday_branch_operator to 2025-05-08 00:00:00+00:00, run_after=2025-05-09 00:00:00+00:00
[2025-05-09T15:56:03.904+0000] {processor.py:183} INFO - Processing /home/airflow/.local/lib/python3.10/site-packages/airflow/example_dags/example_branch_day_of_week_operator.py took 0.109 seconds
[2025-05-09T15:56:34.088+0000] {processor.py:161} INFO - Started process (PID=10723) to work on /home/airflow/.local/lib/python3.10/site-packages/airflow/example_dags/example_branch_day_of_week_operator.py
[2025-05-09T15:56:34.090+0000] {processor.py:830} INFO - Processing file /home/airflow/.local/lib/python3.10/site-packages/airflow/example_dags/example_branch_day_of_week_operator.py for tasks to queue
[2025-05-09T15:56:34.092+0000] {logging_mixin.py:188} INFO - [2025-05-09T15:56:34.092+0000] {dagbag.py:545} INFO - Filling up the DagBag from /home/airflow/.local/lib/python3.10/site-packages/airflow/example_dags/example_branch_day_of_week_operator.py
[2025-05-09T15:56:34.099+0000] {processor.py:840} INFO - DAG(s) 'example_weekday_branch_operator' retrieved from /home/airflow/.local/lib/python3.10/site-packages/airflow/example_dags/example_branch_day_of_week_operator.py
[2025-05-09T15:56:34.118+0000] {logging_mixin.py:188} INFO - [2025-05-09T15:56:34.118+0000] {dag.py:3096} INFO - Sync 1 DAGs
[2025-05-09T15:56:34.139+0000] {logging_mixin.py:188} INFO - [2025-05-09T15:56:34.139+0000] {dag.py:3954} INFO - Setting next_dagrun for example_weekday_branch_operator to 2025-05-08 00:00:00+00:00, run_after=2025-05-09 00:00:00+00:00
[2025-05-09T15:56:34.157+0000] {processor.py:183} INFO - Processing /home/airflow/.local/lib/python3.10/site-packages/airflow/example_dags/example_branch_day_of_week_operator.py took 0.075 seconds
[2025-05-09T15:57:04.331+0000] {processor.py:161} INFO - Started process (PID=10991) to work on /home/airflow/.local/lib/python3.10/site-packages/airflow/example_dags/example_branch_day_of_week_operator.py
[2025-05-09T15:57:04.333+0000] {processor.py:830} INFO - Processing file /home/airflow/.local/lib/python3.10/site-packages/airflow/example_dags/example_branch_day_of_week_operator.py for tasks to queue
[2025-05-09T15:57:04.335+0000] {logging_mixin.py:188} INFO - [2025-05-09T15:57:04.334+0000] {dagbag.py:545} INFO - Filling up the DagBag from /home/airflow/.local/lib/python3.10/site-packages/airflow/example_dags/example_branch_day_of_week_operator.py
[2025-05-09T15:57:04.342+0000] {processor.py:840} INFO - DAG(s) 'example_weekday_branch_operator' retrieved from /home/airflow/.local/lib/python3.10/site-packages/airflow/example_dags/example_branch_day_of_week_operator.py
[2025-05-09T15:57:04.369+0000] {logging_mixin.py:188} INFO - [2025-05-09T15:57:04.368+0000] {dag.py:3096} INFO - Sync 1 DAGs
[2025-05-09T15:57:04.391+0000] {logging_mixin.py:188} INFO - [2025-05-09T15:57:04.391+0000] {dag.py:3954} INFO - Setting next_dagrun for example_weekday_branch_operator to 2025-05-08 00:00:00+00:00, run_after=2025-05-09 00:00:00+00:00
[2025-05-09T15:57:04.418+0000] {processor.py:183} INFO - Processing /home/airflow/.local/lib/python3.10/site-packages/airflow/example_dags/example_branch_day_of_week_operator.py took 0.095 seconds
[2025-05-09T15:57:34.550+0000] {processor.py:161} INFO - Started process (PID=11256) to work on /home/airflow/.local/lib/python3.10/site-packages/airflow/example_dags/example_branch_day_of_week_operator.py
[2025-05-09T15:57:34.552+0000] {processor.py:830} INFO - Processing file /home/airflow/.local/lib/python3.10/site-packages/airflow/example_dags/example_branch_day_of_week_operator.py for tasks to queue
[2025-05-09T15:57:34.554+0000] {logging_mixin.py:188} INFO - [2025-05-09T15:57:34.554+0000] {dagbag.py:545} INFO - Filling up the DagBag from /home/airflow/.local/lib/python3.10/site-packages/airflow/example_dags/example_branch_day_of_week_operator.py
[2025-05-09T15:57:34.561+0000] {processor.py:840} INFO - DAG(s) 'example_weekday_branch_operator' retrieved from /home/airflow/.local/lib/python3.10/site-packages/airflow/example_dags/example_branch_day_of_week_operator.py
[2025-05-09T15:57:34.580+0000] {logging_mixin.py:188} INFO - [2025-05-09T15:57:34.580+0000] {dag.py:3096} INFO - Sync 1 DAGs
[2025-05-09T15:57:34.602+0000] {logging_mixin.py:188} INFO - [2025-05-09T15:57:34.602+0000] {dag.py:3954} INFO - Setting next_dagrun for example_weekday_branch_operator to 2025-05-08 00:00:00+00:00, run_after=2025-05-09 00:00:00+00:00
[2025-05-09T15:57:34.620+0000] {processor.py:183} INFO - Processing /home/airflow/.local/lib/python3.10/site-packages/airflow/example_dags/example_branch_day_of_week_operator.py took 0.076 seconds
[2025-05-09T15:58:05.298+0000] {processor.py:161} INFO - Started process (PID=11527) to work on /home/airflow/.local/lib/python3.10/site-packages/airflow/example_dags/example_branch_day_of_week_operator.py
[2025-05-09T15:58:05.300+0000] {processor.py:830} INFO - Processing file /home/airflow/.local/lib/python3.10/site-packages/airflow/example_dags/example_branch_day_of_week_operator.py for tasks to queue
[2025-05-09T15:58:05.303+0000] {logging_mixin.py:188} INFO - [2025-05-09T15:58:05.302+0000] {dagbag.py:545} INFO - Filling up the DagBag from /home/airflow/.local/lib/python3.10/site-packages/airflow/example_dags/example_branch_day_of_week_operator.py
[2025-05-09T15:58:05.314+0000] {processor.py:840} INFO - DAG(s) 'example_weekday_branch_operator' retrieved from /home/airflow/.local/lib/python3.10/site-packages/airflow/example_dags/example_branch_day_of_week_operator.py
[2025-05-09T15:58:05.341+0000] {logging_mixin.py:188} INFO - [2025-05-09T15:58:05.340+0000] {dag.py:3096} INFO - Sync 1 DAGs
[2025-05-09T15:58:05.372+0000] {logging_mixin.py:188} INFO - [2025-05-09T15:58:05.372+0000] {dag.py:3954} INFO - Setting next_dagrun for example_weekday_branch_operator to 2025-05-08 00:00:00+00:00, run_after=2025-05-09 00:00:00+00:00
[2025-05-09T15:58:05.397+0000] {processor.py:183} INFO - Processing /home/airflow/.local/lib/python3.10/site-packages/airflow/example_dags/example_branch_day_of_week_operator.py took 0.105 seconds
[2025-05-09T15:58:35.620+0000] {processor.py:161} INFO - Started process (PID=11789) to work on /home/airflow/.local/lib/python3.10/site-packages/airflow/example_dags/example_branch_day_of_week_operator.py
[2025-05-09T15:58:35.622+0000] {processor.py:830} INFO - Processing file /home/airflow/.local/lib/python3.10/site-packages/airflow/example_dags/example_branch_day_of_week_operator.py for tasks to queue
[2025-05-09T15:58:35.625+0000] {logging_mixin.py:188} INFO - [2025-05-09T15:58:35.624+0000] {dagbag.py:545} INFO - Filling up the DagBag from /home/airflow/.local/lib/python3.10/site-packages/airflow/example_dags/example_branch_day_of_week_operator.py
[2025-05-09T15:58:35.633+0000] {processor.py:840} INFO - DAG(s) 'example_weekday_branch_operator' retrieved from /home/airflow/.local/lib/python3.10/site-packages/airflow/example_dags/example_branch_day_of_week_operator.py
[2025-05-09T15:58:35.667+0000] {logging_mixin.py:188} INFO - [2025-05-09T15:58:35.667+0000] {dag.py:3096} INFO - Sync 1 DAGs
[2025-05-09T15:58:35.693+0000] {logging_mixin.py:188} INFO - [2025-05-09T15:58:35.693+0000] {dag.py:3954} INFO - Setting next_dagrun for example_weekday_branch_operator to 2025-05-08 00:00:00+00:00, run_after=2025-05-09 00:00:00+00:00
[2025-05-09T15:58:35.713+0000] {processor.py:183} INFO - Processing /home/airflow/.local/lib/python3.10/site-packages/airflow/example_dags/example_branch_day_of_week_operator.py took 0.101 seconds
[2025-05-09T15:59:06.629+0000] {processor.py:161} INFO - Started process (PID=12060) to work on /home/airflow/.local/lib/python3.10/site-packages/airflow/example_dags/example_branch_day_of_week_operator.py
[2025-05-09T15:59:06.631+0000] {processor.py:830} INFO - Processing file /home/airflow/.local/lib/python3.10/site-packages/airflow/example_dags/example_branch_day_of_week_operator.py for tasks to queue
[2025-05-09T15:59:06.633+0000] {logging_mixin.py:188} INFO - [2025-05-09T15:59:06.633+0000] {dagbag.py:545} INFO - Filling up the DagBag from /home/airflow/.local/lib/python3.10/site-packages/airflow/example_dags/example_branch_day_of_week_operator.py
[2025-05-09T15:59:06.640+0000] {processor.py:840} INFO - DAG(s) 'example_weekday_branch_operator' retrieved from /home/airflow/.local/lib/python3.10/site-packages/airflow/example_dags/example_branch_day_of_week_operator.py
[2025-05-09T15:59:06.659+0000] {logging_mixin.py:188} INFO - [2025-05-09T15:59:06.658+0000] {dag.py:3096} INFO - Sync 1 DAGs
[2025-05-09T15:59:06.678+0000] {logging_mixin.py:188} INFO - [2025-05-09T15:59:06.678+0000] {dag.py:3954} INFO - Setting next_dagrun for example_weekday_branch_operator to 2025-05-08 00:00:00+00:00, run_after=2025-05-09 00:00:00+00:00
[2025-05-09T15:59:06.700+0000] {processor.py:183} INFO - Processing /home/airflow/.local/lib/python3.10/site-packages/airflow/example_dags/example_branch_day_of_week_operator.py took 0.076 seconds
[2025-05-09T15:59:37.445+0000] {processor.py:161} INFO - Started process (PID=12330) to work on /home/airflow/.local/lib/python3.10/site-packages/airflow/example_dags/example_branch_day_of_week_operator.py
[2025-05-09T15:59:37.447+0000] {processor.py:830} INFO - Processing file /home/airflow/.local/lib/python3.10/site-packages/airflow/example_dags/example_branch_day_of_week_operator.py for tasks to queue
[2025-05-09T15:59:37.449+0000] {logging_mixin.py:188} INFO - [2025-05-09T15:59:37.449+0000] {dagbag.py:545} INFO - Filling up the DagBag from /home/airflow/.local/lib/python3.10/site-packages/airflow/example_dags/example_branch_day_of_week_operator.py
[2025-05-09T15:59:37.457+0000] {processor.py:840} INFO - DAG(s) 'example_weekday_branch_operator' retrieved from /home/airflow/.local/lib/python3.10/site-packages/airflow/example_dags/example_branch_day_of_week_operator.py
[2025-05-09T15:59:37.484+0000] {logging_mixin.py:188} INFO - [2025-05-09T15:59:37.484+0000] {dag.py:3096} INFO - Sync 1 DAGs
[2025-05-09T15:59:37.505+0000] {logging_mixin.py:188} INFO - [2025-05-09T15:59:37.505+0000] {dag.py:3954} INFO - Setting next_dagrun for example_weekday_branch_operator to 2025-05-08 00:00:00+00:00, run_after=2025-05-09 00:00:00+00:00
[2025-05-09T15:59:37.529+0000] {processor.py:183} INFO - Processing /home/airflow/.local/lib/python3.10/site-packages/airflow/example_dags/example_branch_day_of_week_operator.py took 0.089 seconds
[2025-05-09T16:00:08.114+0000] {processor.py:161} INFO - Started process (PID=12627) to work on /home/airflow/.local/lib/python3.10/site-packages/airflow/example_dags/example_branch_day_of_week_operator.py
[2025-05-09T16:00:08.116+0000] {processor.py:830} INFO - Processing file /home/airflow/.local/lib/python3.10/site-packages/airflow/example_dags/example_branch_day_of_week_operator.py for tasks to queue
[2025-05-09T16:00:08.118+0000] {logging_mixin.py:188} INFO - [2025-05-09T16:00:08.118+0000] {dagbag.py:545} INFO - Filling up the DagBag from /home/airflow/.local/lib/python3.10/site-packages/airflow/example_dags/example_branch_day_of_week_operator.py
[2025-05-09T16:00:08.126+0000] {processor.py:840} INFO - DAG(s) 'example_weekday_branch_operator' retrieved from /home/airflow/.local/lib/python3.10/site-packages/airflow/example_dags/example_branch_day_of_week_operator.py
[2025-05-09T16:00:08.149+0000] {logging_mixin.py:188} INFO - [2025-05-09T16:00:08.149+0000] {dag.py:3096} INFO - Sync 1 DAGs
[2025-05-09T16:00:08.170+0000] {logging_mixin.py:188} INFO - [2025-05-09T16:00:08.169+0000] {dag.py:3954} INFO - Setting next_dagrun for example_weekday_branch_operator to 2025-05-08 00:00:00+00:00, run_after=2025-05-09 00:00:00+00:00
[2025-05-09T16:00:08.193+0000] {processor.py:183} INFO - Processing /home/airflow/.local/lib/python3.10/site-packages/airflow/example_dags/example_branch_day_of_week_operator.py took 0.085 seconds
[2025-05-09T16:00:38.749+0000] {processor.py:161} INFO - Started process (PID=12923) to work on /home/airflow/.local/lib/python3.10/site-packages/airflow/example_dags/example_branch_day_of_week_operator.py
[2025-05-09T16:00:38.750+0000] {processor.py:830} INFO - Processing file /home/airflow/.local/lib/python3.10/site-packages/airflow/example_dags/example_branch_day_of_week_operator.py for tasks to queue
[2025-05-09T16:00:38.753+0000] {logging_mixin.py:188} INFO - [2025-05-09T16:00:38.753+0000] {dagbag.py:545} INFO - Filling up the DagBag from /home/airflow/.local/lib/python3.10/site-packages/airflow/example_dags/example_branch_day_of_week_operator.py
[2025-05-09T16:00:38.764+0000] {processor.py:840} INFO - DAG(s) 'example_weekday_branch_operator' retrieved from /home/airflow/.local/lib/python3.10/site-packages/airflow/example_dags/example_branch_day_of_week_operator.py
[2025-05-09T16:00:38.792+0000] {logging_mixin.py:188} INFO - [2025-05-09T16:00:38.792+0000] {dag.py:3096} INFO - Sync 1 DAGs
[2025-05-09T16:00:38.819+0000] {logging_mixin.py:188} INFO - [2025-05-09T16:00:38.818+0000] {dag.py:3954} INFO - Setting next_dagrun for example_weekday_branch_operator to 2025-05-08 00:00:00+00:00, run_after=2025-05-09 00:00:00+00:00
[2025-05-09T16:00:38.849+0000] {processor.py:183} INFO - Processing /home/airflow/.local/lib/python3.10/site-packages/airflow/example_dags/example_branch_day_of_week_operator.py took 0.110 seconds
[2025-05-09T16:01:09.936+0000] {processor.py:161} INFO - Started process (PID=13205) to work on /home/airflow/.local/lib/python3.10/site-packages/airflow/example_dags/example_branch_day_of_week_operator.py
[2025-05-09T16:01:09.937+0000] {processor.py:830} INFO - Processing file /home/airflow/.local/lib/python3.10/site-packages/airflow/example_dags/example_branch_day_of_week_operator.py for tasks to queue
[2025-05-09T16:01:09.939+0000] {logging_mixin.py:188} INFO - [2025-05-09T16:01:09.939+0000] {dagbag.py:545} INFO - Filling up the DagBag from /home/airflow/.local/lib/python3.10/site-packages/airflow/example_dags/example_branch_day_of_week_operator.py
[2025-05-09T16:01:09.951+0000] {processor.py:840} INFO - DAG(s) 'example_weekday_branch_operator' retrieved from /home/airflow/.local/lib/python3.10/site-packages/airflow/example_dags/example_branch_day_of_week_operator.py
[2025-05-09T16:01:09.990+0000] {logging_mixin.py:188} INFO - [2025-05-09T16:01:09.989+0000] {dag.py:3096} INFO - Sync 1 DAGs
[2025-05-09T16:01:10.022+0000] {logging_mixin.py:188} INFO - [2025-05-09T16:01:10.022+0000] {dag.py:3954} INFO - Setting next_dagrun for example_weekday_branch_operator to 2025-05-08 00:00:00+00:00, run_after=2025-05-09 00:00:00+00:00
[2025-05-09T16:01:10.048+0000] {processor.py:183} INFO - Processing /home/airflow/.local/lib/python3.10/site-packages/airflow/example_dags/example_branch_day_of_week_operator.py took 0.121 seconds
[2025-05-09T16:01:40.834+0000] {processor.py:161} INFO - Started process (PID=13487) to work on /home/airflow/.local/lib/python3.10/site-packages/airflow/example_dags/example_branch_day_of_week_operator.py
[2025-05-09T16:01:40.835+0000] {processor.py:830} INFO - Processing file /home/airflow/.local/lib/python3.10/site-packages/airflow/example_dags/example_branch_day_of_week_operator.py for tasks to queue
[2025-05-09T16:01:40.837+0000] {logging_mixin.py:188} INFO - [2025-05-09T16:01:40.836+0000] {dagbag.py:545} INFO - Filling up the DagBag from /home/airflow/.local/lib/python3.10/site-packages/airflow/example_dags/example_branch_day_of_week_operator.py
[2025-05-09T16:01:40.844+0000] {processor.py:840} INFO - DAG(s) 'example_weekday_branch_operator' retrieved from /home/airflow/.local/lib/python3.10/site-packages/airflow/example_dags/example_branch_day_of_week_operator.py
[2025-05-09T16:01:40.869+0000] {logging_mixin.py:188} INFO - [2025-05-09T16:01:40.869+0000] {dag.py:3096} INFO - Sync 1 DAGs
[2025-05-09T16:01:40.895+0000] {logging_mixin.py:188} INFO - [2025-05-09T16:01:40.894+0000] {dag.py:3954} INFO - Setting next_dagrun for example_weekday_branch_operator to 2025-05-08 00:00:00+00:00, run_after=2025-05-09 00:00:00+00:00
[2025-05-09T16:01:40.916+0000] {processor.py:183} INFO - Processing /home/airflow/.local/lib/python3.10/site-packages/airflow/example_dags/example_branch_day_of_week_operator.py took 0.088 seconds
[2025-05-09T16:02:11.138+0000] {processor.py:161} INFO - Started process (PID=13795) to work on /home/airflow/.local/lib/python3.10/site-packages/airflow/example_dags/example_branch_day_of_week_operator.py
[2025-05-09T16:02:11.139+0000] {processor.py:830} INFO - Processing file /home/airflow/.local/lib/python3.10/site-packages/airflow/example_dags/example_branch_day_of_week_operator.py for tasks to queue
[2025-05-09T16:02:11.141+0000] {logging_mixin.py:188} INFO - [2025-05-09T16:02:11.141+0000] {dagbag.py:545} INFO - Filling up the DagBag from /home/airflow/.local/lib/python3.10/site-packages/airflow/example_dags/example_branch_day_of_week_operator.py
[2025-05-09T16:02:11.150+0000] {processor.py:840} INFO - DAG(s) 'example_weekday_branch_operator' retrieved from /home/airflow/.local/lib/python3.10/site-packages/airflow/example_dags/example_branch_day_of_week_operator.py
[2025-05-09T16:02:11.172+0000] {logging_mixin.py:188} INFO - [2025-05-09T16:02:11.172+0000] {dag.py:3096} INFO - Sync 1 DAGs
[2025-05-09T16:02:11.192+0000] {logging_mixin.py:188} INFO - [2025-05-09T16:02:11.192+0000] {dag.py:3954} INFO - Setting next_dagrun for example_weekday_branch_operator to 2025-05-08 00:00:00+00:00, run_after=2025-05-09 00:00:00+00:00
[2025-05-09T16:02:11.213+0000] {processor.py:183} INFO - Processing /home/airflow/.local/lib/python3.10/site-packages/airflow/example_dags/example_branch_day_of_week_operator.py took 0.080 seconds
[2025-05-09T16:02:41.518+0000] {processor.py:161} INFO - Started process (PID=14059) to work on /home/airflow/.local/lib/python3.10/site-packages/airflow/example_dags/example_branch_day_of_week_operator.py
[2025-05-09T16:02:41.520+0000] {processor.py:830} INFO - Processing file /home/airflow/.local/lib/python3.10/site-packages/airflow/example_dags/example_branch_day_of_week_operator.py for tasks to queue
[2025-05-09T16:02:41.522+0000] {logging_mixin.py:188} INFO - [2025-05-09T16:02:41.522+0000] {dagbag.py:545} INFO - Filling up the DagBag from /home/airflow/.local/lib/python3.10/site-packages/airflow/example_dags/example_branch_day_of_week_operator.py
[2025-05-09T16:02:41.532+0000] {processor.py:840} INFO - DAG(s) 'example_weekday_branch_operator' retrieved from /home/airflow/.local/lib/python3.10/site-packages/airflow/example_dags/example_branch_day_of_week_operator.py
[2025-05-09T16:02:41.558+0000] {logging_mixin.py:188} INFO - [2025-05-09T16:02:41.558+0000] {dag.py:3096} INFO - Sync 1 DAGs
[2025-05-09T16:02:41.579+0000] {logging_mixin.py:188} INFO - [2025-05-09T16:02:41.579+0000] {dag.py:3954} INFO - Setting next_dagrun for example_weekday_branch_operator to 2025-05-08 00:00:00+00:00, run_after=2025-05-09 00:00:00+00:00
[2025-05-09T16:02:41.606+0000] {processor.py:183} INFO - Processing /home/airflow/.local/lib/python3.10/site-packages/airflow/example_dags/example_branch_day_of_week_operator.py took 0.094 seconds
[2025-05-09T16:03:12.217+0000] {processor.py:161} INFO - Started process (PID=14376) to work on /home/airflow/.local/lib/python3.10/site-packages/airflow/example_dags/example_branch_day_of_week_operator.py
[2025-05-09T16:03:12.219+0000] {processor.py:830} INFO - Processing file /home/airflow/.local/lib/python3.10/site-packages/airflow/example_dags/example_branch_day_of_week_operator.py for tasks to queue
[2025-05-09T16:03:12.221+0000] {logging_mixin.py:188} INFO - [2025-05-09T16:03:12.220+0000] {dagbag.py:545} INFO - Filling up the DagBag from /home/airflow/.local/lib/python3.10/site-packages/airflow/example_dags/example_branch_day_of_week_operator.py
[2025-05-09T16:03:12.232+0000] {processor.py:840} INFO - DAG(s) 'example_weekday_branch_operator' retrieved from /home/airflow/.local/lib/python3.10/site-packages/airflow/example_dags/example_branch_day_of_week_operator.py
[2025-05-09T16:03:12.265+0000] {logging_mixin.py:188} INFO - [2025-05-09T16:03:12.265+0000] {dag.py:3096} INFO - Sync 1 DAGs
[2025-05-09T16:03:12.298+0000] {logging_mixin.py:188} INFO - [2025-05-09T16:03:12.297+0000] {dag.py:3954} INFO - Setting next_dagrun for example_weekday_branch_operator to 2025-05-08 00:00:00+00:00, run_after=2025-05-09 00:00:00+00:00
[2025-05-09T16:03:12.331+0000] {processor.py:183} INFO - Processing /home/airflow/.local/lib/python3.10/site-packages/airflow/example_dags/example_branch_day_of_week_operator.py took 0.123 seconds
[2025-05-09T16:03:42.843+0000] {processor.py:161} INFO - Started process (PID=14644) to work on /home/airflow/.local/lib/python3.10/site-packages/airflow/example_dags/example_branch_day_of_week_operator.py
[2025-05-09T16:03:42.845+0000] {processor.py:830} INFO - Processing file /home/airflow/.local/lib/python3.10/site-packages/airflow/example_dags/example_branch_day_of_week_operator.py for tasks to queue
[2025-05-09T16:03:42.848+0000] {logging_mixin.py:188} INFO - [2025-05-09T16:03:42.848+0000] {dagbag.py:545} INFO - Filling up the DagBag from /home/airflow/.local/lib/python3.10/site-packages/airflow/example_dags/example_branch_day_of_week_operator.py
[2025-05-09T16:03:42.855+0000] {processor.py:840} INFO - DAG(s) 'example_weekday_branch_operator' retrieved from /home/airflow/.local/lib/python3.10/site-packages/airflow/example_dags/example_branch_day_of_week_operator.py
[2025-05-09T16:03:42.885+0000] {logging_mixin.py:188} INFO - [2025-05-09T16:03:42.885+0000] {dag.py:3096} INFO - Sync 1 DAGs
[2025-05-09T16:03:42.908+0000] {logging_mixin.py:188} INFO - [2025-05-09T16:03:42.908+0000] {dag.py:3954} INFO - Setting next_dagrun for example_weekday_branch_operator to 2025-05-08 00:00:00+00:00, run_after=2025-05-09 00:00:00+00:00
[2025-05-09T16:03:42.933+0000] {processor.py:183} INFO - Processing /home/airflow/.local/lib/python3.10/site-packages/airflow/example_dags/example_branch_day_of_week_operator.py took 0.097 seconds
[2025-05-09T16:04:13.064+0000] {processor.py:161} INFO - Started process (PID=14906) to work on /home/airflow/.local/lib/python3.10/site-packages/airflow/example_dags/example_branch_day_of_week_operator.py
[2025-05-09T16:04:13.066+0000] {processor.py:830} INFO - Processing file /home/airflow/.local/lib/python3.10/site-packages/airflow/example_dags/example_branch_day_of_week_operator.py for tasks to queue
[2025-05-09T16:04:13.068+0000] {logging_mixin.py:188} INFO - [2025-05-09T16:04:13.067+0000] {dagbag.py:545} INFO - Filling up the DagBag from /home/airflow/.local/lib/python3.10/site-packages/airflow/example_dags/example_branch_day_of_week_operator.py
[2025-05-09T16:04:13.077+0000] {processor.py:840} INFO - DAG(s) 'example_weekday_branch_operator' retrieved from /home/airflow/.local/lib/python3.10/site-packages/airflow/example_dags/example_branch_day_of_week_operator.py
[2025-05-09T16:04:13.103+0000] {logging_mixin.py:188} INFO - [2025-05-09T16:04:13.103+0000] {dag.py:3096} INFO - Sync 1 DAGs
[2025-05-09T16:04:13.128+0000] {logging_mixin.py:188} INFO - [2025-05-09T16:04:13.128+0000] {dag.py:3954} INFO - Setting next_dagrun for example_weekday_branch_operator to 2025-05-08 00:00:00+00:00, run_after=2025-05-09 00:00:00+00:00
[2025-05-09T16:04:13.154+0000] {processor.py:183} INFO - Processing /home/airflow/.local/lib/python3.10/site-packages/airflow/example_dags/example_branch_day_of_week_operator.py took 0.097 seconds
[2025-05-09T16:05:18.197+0000] {processor.py:161} INFO - Started process (PID=338) to work on /home/airflow/.local/lib/python3.10/site-packages/airflow/example_dags/example_branch_day_of_week_operator.py
[2025-05-09T16:05:18.199+0000] {processor.py:830} INFO - Processing file /home/airflow/.local/lib/python3.10/site-packages/airflow/example_dags/example_branch_day_of_week_operator.py for tasks to queue
[2025-05-09T16:05:18.202+0000] {logging_mixin.py:188} INFO - [2025-05-09T16:05:18.201+0000] {dagbag.py:545} INFO - Filling up the DagBag from /home/airflow/.local/lib/python3.10/site-packages/airflow/example_dags/example_branch_day_of_week_operator.py
[2025-05-09T16:05:18.211+0000] {processor.py:840} INFO - DAG(s) 'example_weekday_branch_operator' retrieved from /home/airflow/.local/lib/python3.10/site-packages/airflow/example_dags/example_branch_day_of_week_operator.py
[2025-05-09T16:05:18.231+0000] {logging_mixin.py:188} INFO - [2025-05-09T16:05:18.231+0000] {dag.py:3096} INFO - Sync 1 DAGs
[2025-05-09T16:05:18.262+0000] {logging_mixin.py:188} INFO - [2025-05-09T16:05:18.261+0000] {dag.py:3954} INFO - Setting next_dagrun for example_weekday_branch_operator to 2025-05-08 00:00:00+00:00, run_after=2025-05-09 00:00:00+00:00
[2025-05-09T16:05:18.302+0000] {processor.py:183} INFO - Processing /home/airflow/.local/lib/python3.10/site-packages/airflow/example_dags/example_branch_day_of_week_operator.py took 0.113 seconds
[2025-05-09T16:05:49.721+0000] {processor.py:161} INFO - Started process (PID=599) to work on /home/airflow/.local/lib/python3.10/site-packages/airflow/example_dags/example_branch_day_of_week_operator.py
[2025-05-09T16:05:49.723+0000] {processor.py:830} INFO - Processing file /home/airflow/.local/lib/python3.10/site-packages/airflow/example_dags/example_branch_day_of_week_operator.py for tasks to queue
[2025-05-09T16:05:49.726+0000] {logging_mixin.py:188} INFO - [2025-05-09T16:05:49.726+0000] {dagbag.py:545} INFO - Filling up the DagBag from /home/airflow/.local/lib/python3.10/site-packages/airflow/example_dags/example_branch_day_of_week_operator.py
[2025-05-09T16:05:49.737+0000] {processor.py:840} INFO - DAG(s) 'example_weekday_branch_operator' retrieved from /home/airflow/.local/lib/python3.10/site-packages/airflow/example_dags/example_branch_day_of_week_operator.py
[2025-05-09T16:05:49.883+0000] {logging_mixin.py:188} INFO - [2025-05-09T16:05:49.882+0000] {dag.py:3096} INFO - Sync 1 DAGs
[2025-05-09T16:05:49.928+0000] {logging_mixin.py:188} INFO - [2025-05-09T16:05:49.928+0000] {dag.py:3954} INFO - Setting next_dagrun for example_weekday_branch_operator to 2025-05-08 00:00:00+00:00, run_after=2025-05-09 00:00:00+00:00
[2025-05-09T16:05:49.971+0000] {processor.py:183} INFO - Processing /home/airflow/.local/lib/python3.10/site-packages/airflow/example_dags/example_branch_day_of_week_operator.py took 0.258 seconds
[2025-05-09T16:06:20.085+0000] {processor.py:161} INFO - Started process (PID=863) to work on /home/airflow/.local/lib/python3.10/site-packages/airflow/example_dags/example_branch_day_of_week_operator.py
[2025-05-09T16:06:20.086+0000] {processor.py:830} INFO - Processing file /home/airflow/.local/lib/python3.10/site-packages/airflow/example_dags/example_branch_day_of_week_operator.py for tasks to queue
[2025-05-09T16:06:20.088+0000] {logging_mixin.py:188} INFO - [2025-05-09T16:06:20.088+0000] {dagbag.py:545} INFO - Filling up the DagBag from /home/airflow/.local/lib/python3.10/site-packages/airflow/example_dags/example_branch_day_of_week_operator.py
[2025-05-09T16:06:20.096+0000] {processor.py:840} INFO - DAG(s) 'example_weekday_branch_operator' retrieved from /home/airflow/.local/lib/python3.10/site-packages/airflow/example_dags/example_branch_day_of_week_operator.py
[2025-05-09T16:06:20.120+0000] {logging_mixin.py:188} INFO - [2025-05-09T16:06:20.119+0000] {dag.py:3096} INFO - Sync 1 DAGs
[2025-05-09T16:06:20.145+0000] {logging_mixin.py:188} INFO - [2025-05-09T16:06:20.145+0000] {dag.py:3954} INFO - Setting next_dagrun for example_weekday_branch_operator to 2025-05-08 00:00:00+00:00, run_after=2025-05-09 00:00:00+00:00
[2025-05-09T16:06:20.167+0000] {processor.py:183} INFO - Processing /home/airflow/.local/lib/python3.10/site-packages/airflow/example_dags/example_branch_day_of_week_operator.py took 0.088 seconds
[2025-05-09T16:06:50.400+0000] {processor.py:161} INFO - Started process (PID=1123) to work on /home/airflow/.local/lib/python3.10/site-packages/airflow/example_dags/example_branch_day_of_week_operator.py
[2025-05-09T16:06:50.402+0000] {processor.py:830} INFO - Processing file /home/airflow/.local/lib/python3.10/site-packages/airflow/example_dags/example_branch_day_of_week_operator.py for tasks to queue
[2025-05-09T16:06:50.405+0000] {logging_mixin.py:188} INFO - [2025-05-09T16:06:50.404+0000] {dagbag.py:545} INFO - Filling up the DagBag from /home/airflow/.local/lib/python3.10/site-packages/airflow/example_dags/example_branch_day_of_week_operator.py
[2025-05-09T16:06:50.413+0000] {processor.py:840} INFO - DAG(s) 'example_weekday_branch_operator' retrieved from /home/airflow/.local/lib/python3.10/site-packages/airflow/example_dags/example_branch_day_of_week_operator.py
[2025-05-09T16:06:50.441+0000] {logging_mixin.py:188} INFO - [2025-05-09T16:06:50.440+0000] {dag.py:3096} INFO - Sync 1 DAGs
[2025-05-09T16:06:50.465+0000] {logging_mixin.py:188} INFO - [2025-05-09T16:06:50.465+0000] {dag.py:3954} INFO - Setting next_dagrun for example_weekday_branch_operator to 2025-05-08 00:00:00+00:00, run_after=2025-05-09 00:00:00+00:00
[2025-05-09T16:06:50.488+0000] {processor.py:183} INFO - Processing /home/airflow/.local/lib/python3.10/site-packages/airflow/example_dags/example_branch_day_of_week_operator.py took 0.096 seconds
[2025-05-09T16:07:20.823+0000] {processor.py:161} INFO - Started process (PID=1421) to work on /home/airflow/.local/lib/python3.10/site-packages/airflow/example_dags/example_branch_day_of_week_operator.py
[2025-05-09T16:07:20.825+0000] {processor.py:830} INFO - Processing file /home/airflow/.local/lib/python3.10/site-packages/airflow/example_dags/example_branch_day_of_week_operator.py for tasks to queue
[2025-05-09T16:07:20.827+0000] {logging_mixin.py:188} INFO - [2025-05-09T16:07:20.827+0000] {dagbag.py:545} INFO - Filling up the DagBag from /home/airflow/.local/lib/python3.10/site-packages/airflow/example_dags/example_branch_day_of_week_operator.py
[2025-05-09T16:07:20.837+0000] {processor.py:840} INFO - DAG(s) 'example_weekday_branch_operator' retrieved from /home/airflow/.local/lib/python3.10/site-packages/airflow/example_dags/example_branch_day_of_week_operator.py
[2025-05-09T16:07:20.866+0000] {logging_mixin.py:188} INFO - [2025-05-09T16:07:20.866+0000] {dag.py:3096} INFO - Sync 1 DAGs
[2025-05-09T16:07:20.891+0000] {logging_mixin.py:188} INFO - [2025-05-09T16:07:20.891+0000] {dag.py:3954} INFO - Setting next_dagrun for example_weekday_branch_operator to 2025-05-08 00:00:00+00:00, run_after=2025-05-09 00:00:00+00:00
[2025-05-09T16:07:20.914+0000] {processor.py:183} INFO - Processing /home/airflow/.local/lib/python3.10/site-packages/airflow/example_dags/example_branch_day_of_week_operator.py took 0.101 seconds
[2025-05-09T16:07:51.310+0000] {processor.py:161} INFO - Started process (PID=1683) to work on /home/airflow/.local/lib/python3.10/site-packages/airflow/example_dags/example_branch_day_of_week_operator.py
[2025-05-09T16:07:51.312+0000] {processor.py:830} INFO - Processing file /home/airflow/.local/lib/python3.10/site-packages/airflow/example_dags/example_branch_day_of_week_operator.py for tasks to queue
[2025-05-09T16:07:51.316+0000] {logging_mixin.py:188} INFO - [2025-05-09T16:07:51.315+0000] {dagbag.py:545} INFO - Filling up the DagBag from /home/airflow/.local/lib/python3.10/site-packages/airflow/example_dags/example_branch_day_of_week_operator.py
[2025-05-09T16:07:51.325+0000] {processor.py:840} INFO - DAG(s) 'example_weekday_branch_operator' retrieved from /home/airflow/.local/lib/python3.10/site-packages/airflow/example_dags/example_branch_day_of_week_operator.py
[2025-05-09T16:07:51.353+0000] {logging_mixin.py:188} INFO - [2025-05-09T16:07:51.353+0000] {dag.py:3096} INFO - Sync 1 DAGs
[2025-05-09T16:07:51.386+0000] {logging_mixin.py:188} INFO - [2025-05-09T16:07:51.385+0000] {dag.py:3954} INFO - Setting next_dagrun for example_weekday_branch_operator to 2025-05-08 00:00:00+00:00, run_after=2025-05-09 00:00:00+00:00
[2025-05-09T16:07:51.418+0000] {processor.py:183} INFO - Processing /home/airflow/.local/lib/python3.10/site-packages/airflow/example_dags/example_branch_day_of_week_operator.py took 0.114 seconds
[2025-05-09T16:08:22.664+0000] {processor.py:161} INFO - Started process (PID=1951) to work on /home/airflow/.local/lib/python3.10/site-packages/airflow/example_dags/example_branch_day_of_week_operator.py
[2025-05-09T16:08:22.665+0000] {processor.py:830} INFO - Processing file /home/airflow/.local/lib/python3.10/site-packages/airflow/example_dags/example_branch_day_of_week_operator.py for tasks to queue
[2025-05-09T16:08:22.668+0000] {logging_mixin.py:188} INFO - [2025-05-09T16:08:22.668+0000] {dagbag.py:545} INFO - Filling up the DagBag from /home/airflow/.local/lib/python3.10/site-packages/airflow/example_dags/example_branch_day_of_week_operator.py
[2025-05-09T16:08:22.677+0000] {processor.py:840} INFO - DAG(s) 'example_weekday_branch_operator' retrieved from /home/airflow/.local/lib/python3.10/site-packages/airflow/example_dags/example_branch_day_of_week_operator.py
[2025-05-09T16:08:22.703+0000] {logging_mixin.py:188} INFO - [2025-05-09T16:08:22.703+0000] {dag.py:3096} INFO - Sync 1 DAGs
[2025-05-09T16:08:22.728+0000] {logging_mixin.py:188} INFO - [2025-05-09T16:08:22.728+0000] {dag.py:3954} INFO - Setting next_dagrun for example_weekday_branch_operator to 2025-05-08 00:00:00+00:00, run_after=2025-05-09 00:00:00+00:00
[2025-05-09T16:08:22.754+0000] {processor.py:183} INFO - Processing /home/airflow/.local/lib/python3.10/site-packages/airflow/example_dags/example_branch_day_of_week_operator.py took 0.096 seconds
[2025-05-09T16:08:53.264+0000] {processor.py:161} INFO - Started process (PID=2237) to work on /home/airflow/.local/lib/python3.10/site-packages/airflow/example_dags/example_branch_day_of_week_operator.py
[2025-05-09T16:08:53.266+0000] {processor.py:830} INFO - Processing file /home/airflow/.local/lib/python3.10/site-packages/airflow/example_dags/example_branch_day_of_week_operator.py for tasks to queue
[2025-05-09T16:08:53.269+0000] {logging_mixin.py:188} INFO - [2025-05-09T16:08:53.268+0000] {dagbag.py:545} INFO - Filling up the DagBag from /home/airflow/.local/lib/python3.10/site-packages/airflow/example_dags/example_branch_day_of_week_operator.py
[2025-05-09T16:08:53.279+0000] {processor.py:840} INFO - DAG(s) 'example_weekday_branch_operator' retrieved from /home/airflow/.local/lib/python3.10/site-packages/airflow/example_dags/example_branch_day_of_week_operator.py
[2025-05-09T16:08:53.304+0000] {logging_mixin.py:188} INFO - [2025-05-09T16:08:53.304+0000] {dag.py:3096} INFO - Sync 1 DAGs
[2025-05-09T16:08:53.327+0000] {logging_mixin.py:188} INFO - [2025-05-09T16:08:53.326+0000] {dag.py:3954} INFO - Setting next_dagrun for example_weekday_branch_operator to 2025-05-08 00:00:00+00:00, run_after=2025-05-09 00:00:00+00:00
[2025-05-09T16:08:53.350+0000] {processor.py:183} INFO - Processing /home/airflow/.local/lib/python3.10/site-packages/airflow/example_dags/example_branch_day_of_week_operator.py took 0.094 seconds
[2025-05-09T16:09:23.798+0000] {processor.py:161} INFO - Started process (PID=2511) to work on /home/airflow/.local/lib/python3.10/site-packages/airflow/example_dags/example_branch_day_of_week_operator.py
[2025-05-09T16:09:23.800+0000] {processor.py:830} INFO - Processing file /home/airflow/.local/lib/python3.10/site-packages/airflow/example_dags/example_branch_day_of_week_operator.py for tasks to queue
[2025-05-09T16:09:23.803+0000] {logging_mixin.py:188} INFO - [2025-05-09T16:09:23.802+0000] {dagbag.py:545} INFO - Filling up the DagBag from /home/airflow/.local/lib/python3.10/site-packages/airflow/example_dags/example_branch_day_of_week_operator.py
[2025-05-09T16:09:23.811+0000] {processor.py:840} INFO - DAG(s) 'example_weekday_branch_operator' retrieved from /home/airflow/.local/lib/python3.10/site-packages/airflow/example_dags/example_branch_day_of_week_operator.py
[2025-05-09T16:09:23.838+0000] {logging_mixin.py:188} INFO - [2025-05-09T16:09:23.838+0000] {dag.py:3096} INFO - Sync 1 DAGs
[2025-05-09T16:09:23.863+0000] {logging_mixin.py:188} INFO - [2025-05-09T16:09:23.863+0000] {dag.py:3954} INFO - Setting next_dagrun for example_weekday_branch_operator to 2025-05-08 00:00:00+00:00, run_after=2025-05-09 00:00:00+00:00
[2025-05-09T16:09:23.893+0000] {processor.py:183} INFO - Processing /home/airflow/.local/lib/python3.10/site-packages/airflow/example_dags/example_branch_day_of_week_operator.py took 0.102 seconds
[2025-05-09T16:09:54.594+0000] {processor.py:161} INFO - Started process (PID=2773) to work on /home/airflow/.local/lib/python3.10/site-packages/airflow/example_dags/example_branch_day_of_week_operator.py
[2025-05-09T16:09:54.597+0000] {processor.py:830} INFO - Processing file /home/airflow/.local/lib/python3.10/site-packages/airflow/example_dags/example_branch_day_of_week_operator.py for tasks to queue
[2025-05-09T16:09:54.601+0000] {logging_mixin.py:188} INFO - [2025-05-09T16:09:54.600+0000] {dagbag.py:545} INFO - Filling up the DagBag from /home/airflow/.local/lib/python3.10/site-packages/airflow/example_dags/example_branch_day_of_week_operator.py
[2025-05-09T16:09:54.616+0000] {processor.py:840} INFO - DAG(s) 'example_weekday_branch_operator' retrieved from /home/airflow/.local/lib/python3.10/site-packages/airflow/example_dags/example_branch_day_of_week_operator.py
[2025-05-09T16:09:54.652+0000] {logging_mixin.py:188} INFO - [2025-05-09T16:09:54.651+0000] {dag.py:3096} INFO - Sync 1 DAGs
[2025-05-09T16:09:54.683+0000] {logging_mixin.py:188} INFO - [2025-05-09T16:09:54.683+0000] {dag.py:3954} INFO - Setting next_dagrun for example_weekday_branch_operator to 2025-05-08 00:00:00+00:00, run_after=2025-05-09 00:00:00+00:00
[2025-05-09T16:09:54.710+0000] {processor.py:183} INFO - Processing /home/airflow/.local/lib/python3.10/site-packages/airflow/example_dags/example_branch_day_of_week_operator.py took 0.131 seconds
[2025-05-09T16:10:25.678+0000] {processor.py:161} INFO - Started process (PID=3043) to work on /home/airflow/.local/lib/python3.10/site-packages/airflow/example_dags/example_branch_day_of_week_operator.py
[2025-05-09T16:10:25.681+0000] {processor.py:830} INFO - Processing file /home/airflow/.local/lib/python3.10/site-packages/airflow/example_dags/example_branch_day_of_week_operator.py for tasks to queue
[2025-05-09T16:10:25.683+0000] {logging_mixin.py:188} INFO - [2025-05-09T16:10:25.683+0000] {dagbag.py:545} INFO - Filling up the DagBag from /home/airflow/.local/lib/python3.10/site-packages/airflow/example_dags/example_branch_day_of_week_operator.py
[2025-05-09T16:10:25.698+0000] {processor.py:840} INFO - DAG(s) 'example_weekday_branch_operator' retrieved from /home/airflow/.local/lib/python3.10/site-packages/airflow/example_dags/example_branch_day_of_week_operator.py
[2025-05-09T16:10:25.733+0000] {logging_mixin.py:188} INFO - [2025-05-09T16:10:25.732+0000] {dag.py:3096} INFO - Sync 1 DAGs
[2025-05-09T16:10:25.768+0000] {logging_mixin.py:188} INFO - [2025-05-09T16:10:25.768+0000] {dag.py:3954} INFO - Setting next_dagrun for example_weekday_branch_operator to 2025-05-08 00:00:00+00:00, run_after=2025-05-09 00:00:00+00:00
[2025-05-09T16:10:25.798+0000] {processor.py:183} INFO - Processing /home/airflow/.local/lib/python3.10/site-packages/airflow/example_dags/example_branch_day_of_week_operator.py took 0.130 seconds
[2025-05-09T16:10:55.859+0000] {processor.py:161} INFO - Started process (PID=3309) to work on /home/airflow/.local/lib/python3.10/site-packages/airflow/example_dags/example_branch_day_of_week_operator.py
[2025-05-09T16:10:55.860+0000] {processor.py:830} INFO - Processing file /home/airflow/.local/lib/python3.10/site-packages/airflow/example_dags/example_branch_day_of_week_operator.py for tasks to queue
[2025-05-09T16:10:55.862+0000] {logging_mixin.py:188} INFO - [2025-05-09T16:10:55.862+0000] {dagbag.py:545} INFO - Filling up the DagBag from /home/airflow/.local/lib/python3.10/site-packages/airflow/example_dags/example_branch_day_of_week_operator.py
[2025-05-09T16:10:55.871+0000] {processor.py:840} INFO - DAG(s) 'example_weekday_branch_operator' retrieved from /home/airflow/.local/lib/python3.10/site-packages/airflow/example_dags/example_branch_day_of_week_operator.py
[2025-05-09T16:10:55.911+0000] {logging_mixin.py:188} INFO - [2025-05-09T16:10:55.910+0000] {dag.py:3096} INFO - Sync 1 DAGs
[2025-05-09T16:10:55.958+0000] {logging_mixin.py:188} INFO - [2025-05-09T16:10:55.958+0000] {dag.py:3954} INFO - Setting next_dagrun for example_weekday_branch_operator to 2025-05-08 00:00:00+00:00, run_after=2025-05-09 00:00:00+00:00
[2025-05-09T16:10:56.002+0000] {processor.py:183} INFO - Processing /home/airflow/.local/lib/python3.10/site-packages/airflow/example_dags/example_branch_day_of_week_operator.py took 0.150 seconds
[2025-05-09T16:11:27.001+0000] {processor.py:161} INFO - Started process (PID=3583) to work on /home/airflow/.local/lib/python3.10/site-packages/airflow/example_dags/example_branch_day_of_week_operator.py
[2025-05-09T16:11:27.003+0000] {processor.py:830} INFO - Processing file /home/airflow/.local/lib/python3.10/site-packages/airflow/example_dags/example_branch_day_of_week_operator.py for tasks to queue
[2025-05-09T16:11:27.006+0000] {logging_mixin.py:188} INFO - [2025-05-09T16:11:27.005+0000] {dagbag.py:545} INFO - Filling up the DagBag from /home/airflow/.local/lib/python3.10/site-packages/airflow/example_dags/example_branch_day_of_week_operator.py
[2025-05-09T16:11:27.020+0000] {processor.py:840} INFO - DAG(s) 'example_weekday_branch_operator' retrieved from /home/airflow/.local/lib/python3.10/site-packages/airflow/example_dags/example_branch_day_of_week_operator.py
[2025-05-09T16:11:27.048+0000] {logging_mixin.py:188} INFO - [2025-05-09T16:11:27.048+0000] {dag.py:3096} INFO - Sync 1 DAGs
[2025-05-09T16:11:27.073+0000] {logging_mixin.py:188} INFO - [2025-05-09T16:11:27.073+0000] {dag.py:3954} INFO - Setting next_dagrun for example_weekday_branch_operator to 2025-05-08 00:00:00+00:00, run_after=2025-05-09 00:00:00+00:00
[2025-05-09T16:11:27.098+0000] {processor.py:183} INFO - Processing /home/airflow/.local/lib/python3.10/site-packages/airflow/example_dags/example_branch_day_of_week_operator.py took 0.108 seconds
[2025-05-09T16:11:57.752+0000] {processor.py:161} INFO - Started process (PID=3851) to work on /home/airflow/.local/lib/python3.10/site-packages/airflow/example_dags/example_branch_day_of_week_operator.py
[2025-05-09T16:11:57.754+0000] {processor.py:830} INFO - Processing file /home/airflow/.local/lib/python3.10/site-packages/airflow/example_dags/example_branch_day_of_week_operator.py for tasks to queue
[2025-05-09T16:11:57.757+0000] {logging_mixin.py:188} INFO - [2025-05-09T16:11:57.756+0000] {dagbag.py:545} INFO - Filling up the DagBag from /home/airflow/.local/lib/python3.10/site-packages/airflow/example_dags/example_branch_day_of_week_operator.py
[2025-05-09T16:11:57.766+0000] {processor.py:840} INFO - DAG(s) 'example_weekday_branch_operator' retrieved from /home/airflow/.local/lib/python3.10/site-packages/airflow/example_dags/example_branch_day_of_week_operator.py
[2025-05-09T16:11:57.801+0000] {logging_mixin.py:188} INFO - [2025-05-09T16:11:57.801+0000] {dag.py:3096} INFO - Sync 1 DAGs
[2025-05-09T16:11:57.831+0000] {logging_mixin.py:188} INFO - [2025-05-09T16:11:57.831+0000] {dag.py:3954} INFO - Setting next_dagrun for example_weekday_branch_operator to 2025-05-08 00:00:00+00:00, run_after=2025-05-09 00:00:00+00:00
[2025-05-09T16:11:57.863+0000] {processor.py:183} INFO - Processing /home/airflow/.local/lib/python3.10/site-packages/airflow/example_dags/example_branch_day_of_week_operator.py took 0.121 seconds
[2025-05-09T16:12:28.572+0000] {processor.py:161} INFO - Started process (PID=4128) to work on /home/airflow/.local/lib/python3.10/site-packages/airflow/example_dags/example_branch_day_of_week_operator.py
[2025-05-09T16:12:28.574+0000] {processor.py:830} INFO - Processing file /home/airflow/.local/lib/python3.10/site-packages/airflow/example_dags/example_branch_day_of_week_operator.py for tasks to queue
[2025-05-09T16:12:28.577+0000] {logging_mixin.py:188} INFO - [2025-05-09T16:12:28.577+0000] {dagbag.py:545} INFO - Filling up the DagBag from /home/airflow/.local/lib/python3.10/site-packages/airflow/example_dags/example_branch_day_of_week_operator.py
[2025-05-09T16:12:28.587+0000] {processor.py:840} INFO - DAG(s) 'example_weekday_branch_operator' retrieved from /home/airflow/.local/lib/python3.10/site-packages/airflow/example_dags/example_branch_day_of_week_operator.py
[2025-05-09T16:12:28.615+0000] {logging_mixin.py:188} INFO - [2025-05-09T16:12:28.615+0000] {dag.py:3096} INFO - Sync 1 DAGs
[2025-05-09T16:12:28.641+0000] {logging_mixin.py:188} INFO - [2025-05-09T16:12:28.641+0000] {dag.py:3954} INFO - Setting next_dagrun for example_weekday_branch_operator to 2025-05-08 00:00:00+00:00, run_after=2025-05-09 00:00:00+00:00
[2025-05-09T16:12:28.667+0000] {processor.py:183} INFO - Processing /home/airflow/.local/lib/python3.10/site-packages/airflow/example_dags/example_branch_day_of_week_operator.py took 0.104 seconds
[2025-05-09T16:12:59.247+0000] {processor.py:161} INFO - Started process (PID=4390) to work on /home/airflow/.local/lib/python3.10/site-packages/airflow/example_dags/example_branch_day_of_week_operator.py
[2025-05-09T16:12:59.248+0000] {processor.py:830} INFO - Processing file /home/airflow/.local/lib/python3.10/site-packages/airflow/example_dags/example_branch_day_of_week_operator.py for tasks to queue
[2025-05-09T16:12:59.250+0000] {logging_mixin.py:188} INFO - [2025-05-09T16:12:59.250+0000] {dagbag.py:545} INFO - Filling up the DagBag from /home/airflow/.local/lib/python3.10/site-packages/airflow/example_dags/example_branch_day_of_week_operator.py
[2025-05-09T16:12:59.258+0000] {processor.py:840} INFO - DAG(s) 'example_weekday_branch_operator' retrieved from /home/airflow/.local/lib/python3.10/site-packages/airflow/example_dags/example_branch_day_of_week_operator.py
[2025-05-09T16:12:59.280+0000] {logging_mixin.py:188} INFO - [2025-05-09T16:12:59.279+0000] {dag.py:3096} INFO - Sync 1 DAGs
[2025-05-09T16:12:59.301+0000] {logging_mixin.py:188} INFO - [2025-05-09T16:12:59.300+0000] {dag.py:3954} INFO - Setting next_dagrun for example_weekday_branch_operator to 2025-05-08 00:00:00+00:00, run_after=2025-05-09 00:00:00+00:00
[2025-05-09T16:12:59.326+0000] {processor.py:183} INFO - Processing /home/airflow/.local/lib/python3.10/site-packages/airflow/example_dags/example_branch_day_of_week_operator.py took 0.084 seconds
[2025-05-09T16:13:29.548+0000] {processor.py:161} INFO - Started process (PID=4661) to work on /home/airflow/.local/lib/python3.10/site-packages/airflow/example_dags/example_branch_day_of_week_operator.py
[2025-05-09T16:13:29.549+0000] {processor.py:830} INFO - Processing file /home/airflow/.local/lib/python3.10/site-packages/airflow/example_dags/example_branch_day_of_week_operator.py for tasks to queue
[2025-05-09T16:13:29.552+0000] {logging_mixin.py:188} INFO - [2025-05-09T16:13:29.551+0000] {dagbag.py:545} INFO - Filling up the DagBag from /home/airflow/.local/lib/python3.10/site-packages/airflow/example_dags/example_branch_day_of_week_operator.py
[2025-05-09T16:13:29.560+0000] {processor.py:840} INFO - DAG(s) 'example_weekday_branch_operator' retrieved from /home/airflow/.local/lib/python3.10/site-packages/airflow/example_dags/example_branch_day_of_week_operator.py
[2025-05-09T16:13:29.588+0000] {logging_mixin.py:188} INFO - [2025-05-09T16:13:29.588+0000] {dag.py:3096} INFO - Sync 1 DAGs
[2025-05-09T16:13:29.613+0000] {logging_mixin.py:188} INFO - [2025-05-09T16:13:29.612+0000] {dag.py:3954} INFO - Setting next_dagrun for example_weekday_branch_operator to 2025-05-08 00:00:00+00:00, run_after=2025-05-09 00:00:00+00:00
[2025-05-09T16:13:29.637+0000] {processor.py:183} INFO - Processing /home/airflow/.local/lib/python3.10/site-packages/airflow/example_dags/example_branch_day_of_week_operator.py took 0.094 seconds
[2025-05-09T16:13:59.833+0000] {processor.py:161} INFO - Started process (PID=4923) to work on /home/airflow/.local/lib/python3.10/site-packages/airflow/example_dags/example_branch_day_of_week_operator.py
[2025-05-09T16:13:59.835+0000] {processor.py:830} INFO - Processing file /home/airflow/.local/lib/python3.10/site-packages/airflow/example_dags/example_branch_day_of_week_operator.py for tasks to queue
[2025-05-09T16:13:59.837+0000] {logging_mixin.py:188} INFO - [2025-05-09T16:13:59.837+0000] {dagbag.py:545} INFO - Filling up the DagBag from /home/airflow/.local/lib/python3.10/site-packages/airflow/example_dags/example_branch_day_of_week_operator.py
[2025-05-09T16:13:59.847+0000] {processor.py:840} INFO - DAG(s) 'example_weekday_branch_operator' retrieved from /home/airflow/.local/lib/python3.10/site-packages/airflow/example_dags/example_branch_day_of_week_operator.py
[2025-05-09T16:13:59.873+0000] {logging_mixin.py:188} INFO - [2025-05-09T16:13:59.872+0000] {dag.py:3096} INFO - Sync 1 DAGs
[2025-05-09T16:13:59.903+0000] {logging_mixin.py:188} INFO - [2025-05-09T16:13:59.902+0000] {dag.py:3954} INFO - Setting next_dagrun for example_weekday_branch_operator to 2025-05-08 00:00:00+00:00, run_after=2025-05-09 00:00:00+00:00
[2025-05-09T16:13:59.927+0000] {processor.py:183} INFO - Processing /home/airflow/.local/lib/python3.10/site-packages/airflow/example_dags/example_branch_day_of_week_operator.py took 0.099 seconds
[2025-05-09T16:14:30.175+0000] {processor.py:161} INFO - Started process (PID=5212) to work on /home/airflow/.local/lib/python3.10/site-packages/airflow/example_dags/example_branch_day_of_week_operator.py
[2025-05-09T16:14:30.177+0000] {processor.py:830} INFO - Processing file /home/airflow/.local/lib/python3.10/site-packages/airflow/example_dags/example_branch_day_of_week_operator.py for tasks to queue
[2025-05-09T16:14:30.179+0000] {logging_mixin.py:188} INFO - [2025-05-09T16:14:30.179+0000] {dagbag.py:545} INFO - Filling up the DagBag from /home/airflow/.local/lib/python3.10/site-packages/airflow/example_dags/example_branch_day_of_week_operator.py
[2025-05-09T16:14:30.188+0000] {processor.py:840} INFO - DAG(s) 'example_weekday_branch_operator' retrieved from /home/airflow/.local/lib/python3.10/site-packages/airflow/example_dags/example_branch_day_of_week_operator.py
[2025-05-09T16:14:30.213+0000] {logging_mixin.py:188} INFO - [2025-05-09T16:14:30.213+0000] {dag.py:3096} INFO - Sync 1 DAGs
[2025-05-09T16:14:30.235+0000] {logging_mixin.py:188} INFO - [2025-05-09T16:14:30.235+0000] {dag.py:3954} INFO - Setting next_dagrun for example_weekday_branch_operator to 2025-05-08 00:00:00+00:00, run_after=2025-05-09 00:00:00+00:00
[2025-05-09T16:14:30.263+0000] {processor.py:183} INFO - Processing /home/airflow/.local/lib/python3.10/site-packages/airflow/example_dags/example_branch_day_of_week_operator.py took 0.093 seconds
[2025-05-09T16:15:00.725+0000] {processor.py:161} INFO - Started process (PID=5481) to work on /home/airflow/.local/lib/python3.10/site-packages/airflow/example_dags/example_branch_day_of_week_operator.py
[2025-05-09T16:15:00.727+0000] {processor.py:830} INFO - Processing file /home/airflow/.local/lib/python3.10/site-packages/airflow/example_dags/example_branch_day_of_week_operator.py for tasks to queue
[2025-05-09T16:15:00.730+0000] {logging_mixin.py:188} INFO - [2025-05-09T16:15:00.730+0000] {dagbag.py:545} INFO - Filling up the DagBag from /home/airflow/.local/lib/python3.10/site-packages/airflow/example_dags/example_branch_day_of_week_operator.py
[2025-05-09T16:15:00.743+0000] {processor.py:840} INFO - DAG(s) 'example_weekday_branch_operator' retrieved from /home/airflow/.local/lib/python3.10/site-packages/airflow/example_dags/example_branch_day_of_week_operator.py
[2025-05-09T16:15:00.778+0000] {logging_mixin.py:188} INFO - [2025-05-09T16:15:00.778+0000] {dag.py:3096} INFO - Sync 1 DAGs
[2025-05-09T16:15:00.827+0000] {logging_mixin.py:188} INFO - [2025-05-09T16:15:00.826+0000] {dag.py:3954} INFO - Setting next_dagrun for example_weekday_branch_operator to 2025-05-08 00:00:00+00:00, run_after=2025-05-09 00:00:00+00:00
[2025-05-09T16:15:00.864+0000] {processor.py:183} INFO - Processing /home/airflow/.local/lib/python3.10/site-packages/airflow/example_dags/example_branch_day_of_week_operator.py took 0.150 seconds
[2025-05-09T16:15:31.485+0000] {processor.py:161} INFO - Started process (PID=5754) to work on /home/airflow/.local/lib/python3.10/site-packages/airflow/example_dags/example_branch_day_of_week_operator.py
[2025-05-09T16:15:31.487+0000] {processor.py:830} INFO - Processing file /home/airflow/.local/lib/python3.10/site-packages/airflow/example_dags/example_branch_day_of_week_operator.py for tasks to queue
[2025-05-09T16:15:31.490+0000] {logging_mixin.py:188} INFO - [2025-05-09T16:15:31.490+0000] {dagbag.py:545} INFO - Filling up the DagBag from /home/airflow/.local/lib/python3.10/site-packages/airflow/example_dags/example_branch_day_of_week_operator.py
[2025-05-09T16:15:31.501+0000] {processor.py:840} INFO - DAG(s) 'example_weekday_branch_operator' retrieved from /home/airflow/.local/lib/python3.10/site-packages/airflow/example_dags/example_branch_day_of_week_operator.py
[2025-05-09T16:15:31.533+0000] {logging_mixin.py:188} INFO - [2025-05-09T16:15:31.533+0000] {dag.py:3096} INFO - Sync 1 DAGs
[2025-05-09T16:15:31.566+0000] {logging_mixin.py:188} INFO - [2025-05-09T16:15:31.566+0000] {dag.py:3954} INFO - Setting next_dagrun for example_weekday_branch_operator to 2025-05-08 00:00:00+00:00, run_after=2025-05-09 00:00:00+00:00
[2025-05-09T16:15:31.610+0000] {processor.py:183} INFO - Processing /home/airflow/.local/lib/python3.10/site-packages/airflow/example_dags/example_branch_day_of_week_operator.py took 0.132 seconds
[2025-05-09T16:16:02.156+0000] {processor.py:161} INFO - Started process (PID=6036) to work on /home/airflow/.local/lib/python3.10/site-packages/airflow/example_dags/example_branch_day_of_week_operator.py
[2025-05-09T16:16:02.158+0000] {processor.py:830} INFO - Processing file /home/airflow/.local/lib/python3.10/site-packages/airflow/example_dags/example_branch_day_of_week_operator.py for tasks to queue
[2025-05-09T16:16:02.162+0000] {logging_mixin.py:188} INFO - [2025-05-09T16:16:02.161+0000] {dagbag.py:545} INFO - Filling up the DagBag from /home/airflow/.local/lib/python3.10/site-packages/airflow/example_dags/example_branch_day_of_week_operator.py
[2025-05-09T16:16:02.174+0000] {processor.py:840} INFO - DAG(s) 'example_weekday_branch_operator' retrieved from /home/airflow/.local/lib/python3.10/site-packages/airflow/example_dags/example_branch_day_of_week_operator.py
[2025-05-09T16:16:02.205+0000] {logging_mixin.py:188} INFO - [2025-05-09T16:16:02.205+0000] {dag.py:3096} INFO - Sync 1 DAGs
[2025-05-09T16:16:02.236+0000] {logging_mixin.py:188} INFO - [2025-05-09T16:16:02.236+0000] {dag.py:3954} INFO - Setting next_dagrun for example_weekday_branch_operator to 2025-05-08 00:00:00+00:00, run_after=2025-05-09 00:00:00+00:00
[2025-05-09T16:16:02.271+0000] {processor.py:183} INFO - Processing /home/airflow/.local/lib/python3.10/site-packages/airflow/example_dags/example_branch_day_of_week_operator.py took 0.122 seconds
[2025-05-09T16:16:33.184+0000] {processor.py:161} INFO - Started process (PID=6383) to work on /home/airflow/.local/lib/python3.10/site-packages/airflow/example_dags/example_branch_day_of_week_operator.py
[2025-05-09T16:16:33.186+0000] {processor.py:830} INFO - Processing file /home/airflow/.local/lib/python3.10/site-packages/airflow/example_dags/example_branch_day_of_week_operator.py for tasks to queue
[2025-05-09T16:16:33.189+0000] {logging_mixin.py:188} INFO - [2025-05-09T16:16:33.189+0000] {dagbag.py:545} INFO - Filling up the DagBag from /home/airflow/.local/lib/python3.10/site-packages/airflow/example_dags/example_branch_day_of_week_operator.py
[2025-05-09T16:16:33.196+0000] {processor.py:840} INFO - DAG(s) 'example_weekday_branch_operator' retrieved from /home/airflow/.local/lib/python3.10/site-packages/airflow/example_dags/example_branch_day_of_week_operator.py
[2025-05-09T16:16:33.225+0000] {logging_mixin.py:188} INFO - [2025-05-09T16:16:33.225+0000] {dag.py:3096} INFO - Sync 1 DAGs
[2025-05-09T16:16:33.253+0000] {logging_mixin.py:188} INFO - [2025-05-09T16:16:33.253+0000] {dag.py:3954} INFO - Setting next_dagrun for example_weekday_branch_operator to 2025-05-08 00:00:00+00:00, run_after=2025-05-09 00:00:00+00:00
[2025-05-09T16:16:33.292+0000] {processor.py:183} INFO - Processing /home/airflow/.local/lib/python3.10/site-packages/airflow/example_dags/example_branch_day_of_week_operator.py took 0.113 seconds
[2025-05-09T16:17:03.962+0000] {processor.py:161} INFO - Started process (PID=6676) to work on /home/airflow/.local/lib/python3.10/site-packages/airflow/example_dags/example_branch_day_of_week_operator.py
[2025-05-09T16:17:03.964+0000] {processor.py:830} INFO - Processing file /home/airflow/.local/lib/python3.10/site-packages/airflow/example_dags/example_branch_day_of_week_operator.py for tasks to queue
[2025-05-09T16:17:03.969+0000] {logging_mixin.py:188} INFO - [2025-05-09T16:17:03.969+0000] {dagbag.py:545} INFO - Filling up the DagBag from /home/airflow/.local/lib/python3.10/site-packages/airflow/example_dags/example_branch_day_of_week_operator.py
[2025-05-09T16:17:03.987+0000] {processor.py:840} INFO - DAG(s) 'example_weekday_branch_operator' retrieved from /home/airflow/.local/lib/python3.10/site-packages/airflow/example_dags/example_branch_day_of_week_operator.py
[2025-05-09T16:17:04.031+0000] {logging_mixin.py:188} INFO - [2025-05-09T16:17:04.031+0000] {dag.py:3096} INFO - Sync 1 DAGs
[2025-05-09T16:17:04.083+0000] {logging_mixin.py:188} INFO - [2025-05-09T16:17:04.083+0000] {dag.py:3954} INFO - Setting next_dagrun for example_weekday_branch_operator to 2025-05-08 00:00:00+00:00, run_after=2025-05-09 00:00:00+00:00
[2025-05-09T16:17:04.133+0000] {processor.py:183} INFO - Processing /home/airflow/.local/lib/python3.10/site-packages/airflow/example_dags/example_branch_day_of_week_operator.py took 0.183 seconds
[2025-05-09T16:17:34.352+0000] {processor.py:161} INFO - Started process (PID=6982) to work on /home/airflow/.local/lib/python3.10/site-packages/airflow/example_dags/example_branch_day_of_week_operator.py
[2025-05-09T16:17:34.354+0000] {processor.py:830} INFO - Processing file /home/airflow/.local/lib/python3.10/site-packages/airflow/example_dags/example_branch_day_of_week_operator.py for tasks to queue
[2025-05-09T16:17:34.356+0000] {logging_mixin.py:188} INFO - [2025-05-09T16:17:34.356+0000] {dagbag.py:545} INFO - Filling up the DagBag from /home/airflow/.local/lib/python3.10/site-packages/airflow/example_dags/example_branch_day_of_week_operator.py
[2025-05-09T16:17:34.366+0000] {processor.py:840} INFO - DAG(s) 'example_weekday_branch_operator' retrieved from /home/airflow/.local/lib/python3.10/site-packages/airflow/example_dags/example_branch_day_of_week_operator.py
[2025-05-09T16:17:34.391+0000] {logging_mixin.py:188} INFO - [2025-05-09T16:17:34.390+0000] {dag.py:3096} INFO - Sync 1 DAGs
[2025-05-09T16:17:34.418+0000] {logging_mixin.py:188} INFO - [2025-05-09T16:17:34.418+0000] {dag.py:3954} INFO - Setting next_dagrun for example_weekday_branch_operator to 2025-05-08 00:00:00+00:00, run_after=2025-05-09 00:00:00+00:00
[2025-05-09T16:17:34.450+0000] {processor.py:183} INFO - Processing /home/airflow/.local/lib/python3.10/site-packages/airflow/example_dags/example_branch_day_of_week_operator.py took 0.103 seconds
[2025-05-09T16:18:05.333+0000] {processor.py:161} INFO - Started process (PID=7256) to work on /home/airflow/.local/lib/python3.10/site-packages/airflow/example_dags/example_branch_day_of_week_operator.py
[2025-05-09T16:18:05.335+0000] {processor.py:830} INFO - Processing file /home/airflow/.local/lib/python3.10/site-packages/airflow/example_dags/example_branch_day_of_week_operator.py for tasks to queue
[2025-05-09T16:18:05.337+0000] {logging_mixin.py:188} INFO - [2025-05-09T16:18:05.337+0000] {dagbag.py:545} INFO - Filling up the DagBag from /home/airflow/.local/lib/python3.10/site-packages/airflow/example_dags/example_branch_day_of_week_operator.py
[2025-05-09T16:18:05.347+0000] {processor.py:840} INFO - DAG(s) 'example_weekday_branch_operator' retrieved from /home/airflow/.local/lib/python3.10/site-packages/airflow/example_dags/example_branch_day_of_week_operator.py
[2025-05-09T16:18:05.389+0000] {logging_mixin.py:188} INFO - [2025-05-09T16:18:05.388+0000] {dag.py:3096} INFO - Sync 1 DAGs
[2025-05-09T16:18:05.446+0000] {logging_mixin.py:188} INFO - [2025-05-09T16:18:05.445+0000] {dag.py:3954} INFO - Setting next_dagrun for example_weekday_branch_operator to 2025-05-08 00:00:00+00:00, run_after=2025-05-09 00:00:00+00:00
[2025-05-09T16:18:05.497+0000] {processor.py:183} INFO - Processing /home/airflow/.local/lib/python3.10/site-packages/airflow/example_dags/example_branch_day_of_week_operator.py took 0.171 seconds
[2025-05-09T16:18:35.716+0000] {processor.py:161} INFO - Started process (PID=7545) to work on /home/airflow/.local/lib/python3.10/site-packages/airflow/example_dags/example_branch_day_of_week_operator.py
[2025-05-09T16:18:35.718+0000] {processor.py:830} INFO - Processing file /home/airflow/.local/lib/python3.10/site-packages/airflow/example_dags/example_branch_day_of_week_operator.py for tasks to queue
[2025-05-09T16:18:35.723+0000] {logging_mixin.py:188} INFO - [2025-05-09T16:18:35.722+0000] {dagbag.py:545} INFO - Filling up the DagBag from /home/airflow/.local/lib/python3.10/site-packages/airflow/example_dags/example_branch_day_of_week_operator.py
[2025-05-09T16:18:35.735+0000] {processor.py:840} INFO - DAG(s) 'example_weekday_branch_operator' retrieved from /home/airflow/.local/lib/python3.10/site-packages/airflow/example_dags/example_branch_day_of_week_operator.py
[2025-05-09T16:18:35.774+0000] {logging_mixin.py:188} INFO - [2025-05-09T16:18:35.774+0000] {dag.py:3096} INFO - Sync 1 DAGs
[2025-05-09T16:18:35.814+0000] {logging_mixin.py:188} INFO - [2025-05-09T16:18:35.813+0000] {dag.py:3954} INFO - Setting next_dagrun for example_weekday_branch_operator to 2025-05-08 00:00:00+00:00, run_after=2025-05-09 00:00:00+00:00
[2025-05-09T16:18:35.839+0000] {processor.py:183} INFO - Processing /home/airflow/.local/lib/python3.10/site-packages/airflow/example_dags/example_branch_day_of_week_operator.py took 0.131 seconds
[2025-05-09T16:19:06.550+0000] {processor.py:161} INFO - Started process (PID=7836) to work on /home/airflow/.local/lib/python3.10/site-packages/airflow/example_dags/example_branch_day_of_week_operator.py
[2025-05-09T16:19:06.552+0000] {processor.py:830} INFO - Processing file /home/airflow/.local/lib/python3.10/site-packages/airflow/example_dags/example_branch_day_of_week_operator.py for tasks to queue
[2025-05-09T16:19:06.554+0000] {logging_mixin.py:188} INFO - [2025-05-09T16:19:06.554+0000] {dagbag.py:545} INFO - Filling up the DagBag from /home/airflow/.local/lib/python3.10/site-packages/airflow/example_dags/example_branch_day_of_week_operator.py
[2025-05-09T16:19:06.565+0000] {processor.py:840} INFO - DAG(s) 'example_weekday_branch_operator' retrieved from /home/airflow/.local/lib/python3.10/site-packages/airflow/example_dags/example_branch_day_of_week_operator.py
[2025-05-09T16:19:06.596+0000] {logging_mixin.py:188} INFO - [2025-05-09T16:19:06.596+0000] {dag.py:3096} INFO - Sync 1 DAGs
[2025-05-09T16:19:06.619+0000] {logging_mixin.py:188} INFO - [2025-05-09T16:19:06.619+0000] {dag.py:3954} INFO - Setting next_dagrun for example_weekday_branch_operator to 2025-05-08 00:00:00+00:00, run_after=2025-05-09 00:00:00+00:00
[2025-05-09T16:19:06.650+0000] {processor.py:183} INFO - Processing /home/airflow/.local/lib/python3.10/site-packages/airflow/example_dags/example_branch_day_of_week_operator.py took 0.107 seconds
[2025-05-09T16:19:36.916+0000] {processor.py:161} INFO - Started process (PID=8111) to work on /home/airflow/.local/lib/python3.10/site-packages/airflow/example_dags/example_branch_day_of_week_operator.py
[2025-05-09T16:19:36.918+0000] {processor.py:830} INFO - Processing file /home/airflow/.local/lib/python3.10/site-packages/airflow/example_dags/example_branch_day_of_week_operator.py for tasks to queue
[2025-05-09T16:19:36.921+0000] {logging_mixin.py:188} INFO - [2025-05-09T16:19:36.921+0000] {dagbag.py:545} INFO - Filling up the DagBag from /home/airflow/.local/lib/python3.10/site-packages/airflow/example_dags/example_branch_day_of_week_operator.py
[2025-05-09T16:19:36.932+0000] {processor.py:840} INFO - DAG(s) 'example_weekday_branch_operator' retrieved from /home/airflow/.local/lib/python3.10/site-packages/airflow/example_dags/example_branch_day_of_week_operator.py
[2025-05-09T16:19:36.973+0000] {logging_mixin.py:188} INFO - [2025-05-09T16:19:36.973+0000] {dag.py:3096} INFO - Sync 1 DAGs
[2025-05-09T16:19:37.004+0000] {logging_mixin.py:188} INFO - [2025-05-09T16:19:37.004+0000] {dag.py:3954} INFO - Setting next_dagrun for example_weekday_branch_operator to 2025-05-08 00:00:00+00:00, run_after=2025-05-09 00:00:00+00:00
[2025-05-09T16:19:37.046+0000] {processor.py:183} INFO - Processing /home/airflow/.local/lib/python3.10/site-packages/airflow/example_dags/example_branch_day_of_week_operator.py took 0.140 seconds
[2025-05-09T16:20:07.682+0000] {processor.py:161} INFO - Started process (PID=8417) to work on /home/airflow/.local/lib/python3.10/site-packages/airflow/example_dags/example_branch_day_of_week_operator.py
[2025-05-09T16:20:07.683+0000] {processor.py:830} INFO - Processing file /home/airflow/.local/lib/python3.10/site-packages/airflow/example_dags/example_branch_day_of_week_operator.py for tasks to queue
[2025-05-09T16:20:07.686+0000] {logging_mixin.py:188} INFO - [2025-05-09T16:20:07.686+0000] {dagbag.py:545} INFO - Filling up the DagBag from /home/airflow/.local/lib/python3.10/site-packages/airflow/example_dags/example_branch_day_of_week_operator.py
[2025-05-09T16:20:07.697+0000] {processor.py:840} INFO - DAG(s) 'example_weekday_branch_operator' retrieved from /home/airflow/.local/lib/python3.10/site-packages/airflow/example_dags/example_branch_day_of_week_operator.py
[2025-05-09T16:20:07.731+0000] {logging_mixin.py:188} INFO - [2025-05-09T16:20:07.731+0000] {dag.py:3096} INFO - Sync 1 DAGs
[2025-05-09T16:20:07.762+0000] {logging_mixin.py:188} INFO - [2025-05-09T16:20:07.762+0000] {dag.py:3954} INFO - Setting next_dagrun for example_weekday_branch_operator to 2025-05-08 00:00:00+00:00, run_after=2025-05-09 00:00:00+00:00
[2025-05-09T16:20:07.791+0000] {processor.py:183} INFO - Processing /home/airflow/.local/lib/python3.10/site-packages/airflow/example_dags/example_branch_day_of_week_operator.py took 0.117 seconds
[2025-05-09T16:20:38.391+0000] {processor.py:161} INFO - Started process (PID=8692) to work on /home/airflow/.local/lib/python3.10/site-packages/airflow/example_dags/example_branch_day_of_week_operator.py
[2025-05-09T16:20:38.393+0000] {processor.py:830} INFO - Processing file /home/airflow/.local/lib/python3.10/site-packages/airflow/example_dags/example_branch_day_of_week_operator.py for tasks to queue
[2025-05-09T16:20:38.396+0000] {logging_mixin.py:188} INFO - [2025-05-09T16:20:38.396+0000] {dagbag.py:545} INFO - Filling up the DagBag from /home/airflow/.local/lib/python3.10/site-packages/airflow/example_dags/example_branch_day_of_week_operator.py
[2025-05-09T16:20:38.405+0000] {processor.py:840} INFO - DAG(s) 'example_weekday_branch_operator' retrieved from /home/airflow/.local/lib/python3.10/site-packages/airflow/example_dags/example_branch_day_of_week_operator.py
[2025-05-09T16:20:38.436+0000] {logging_mixin.py:188} INFO - [2025-05-09T16:20:38.435+0000] {dag.py:3096} INFO - Sync 1 DAGs
[2025-05-09T16:20:38.462+0000] {logging_mixin.py:188} INFO - [2025-05-09T16:20:38.462+0000] {dag.py:3954} INFO - Setting next_dagrun for example_weekday_branch_operator to 2025-05-08 00:00:00+00:00, run_after=2025-05-09 00:00:00+00:00
[2025-05-09T16:20:38.493+0000] {processor.py:183} INFO - Processing /home/airflow/.local/lib/python3.10/site-packages/airflow/example_dags/example_branch_day_of_week_operator.py took 0.109 seconds
[2025-05-09T16:21:08.580+0000] {processor.py:161} INFO - Started process (PID=8993) to work on /home/airflow/.local/lib/python3.10/site-packages/airflow/example_dags/example_branch_day_of_week_operator.py
[2025-05-09T16:21:08.581+0000] {processor.py:830} INFO - Processing file /home/airflow/.local/lib/python3.10/site-packages/airflow/example_dags/example_branch_day_of_week_operator.py for tasks to queue
[2025-05-09T16:21:08.583+0000] {logging_mixin.py:188} INFO - [2025-05-09T16:21:08.583+0000] {dagbag.py:545} INFO - Filling up the DagBag from /home/airflow/.local/lib/python3.10/site-packages/airflow/example_dags/example_branch_day_of_week_operator.py
[2025-05-09T16:21:08.592+0000] {processor.py:840} INFO - DAG(s) 'example_weekday_branch_operator' retrieved from /home/airflow/.local/lib/python3.10/site-packages/airflow/example_dags/example_branch_day_of_week_operator.py
[2025-05-09T16:21:08.614+0000] {logging_mixin.py:188} INFO - [2025-05-09T16:21:08.614+0000] {dag.py:3096} INFO - Sync 1 DAGs
[2025-05-09T16:21:08.636+0000] {logging_mixin.py:188} INFO - [2025-05-09T16:21:08.636+0000] {dag.py:3954} INFO - Setting next_dagrun for example_weekday_branch_operator to 2025-05-08 00:00:00+00:00, run_after=2025-05-09 00:00:00+00:00
[2025-05-09T16:21:08.670+0000] {processor.py:183} INFO - Processing /home/airflow/.local/lib/python3.10/site-packages/airflow/example_dags/example_branch_day_of_week_operator.py took 0.098 seconds
[2025-05-09T16:21:39.706+0000] {processor.py:161} INFO - Started process (PID=9324) to work on /home/airflow/.local/lib/python3.10/site-packages/airflow/example_dags/example_branch_day_of_week_operator.py
[2025-05-09T16:21:39.708+0000] {processor.py:830} INFO - Processing file /home/airflow/.local/lib/python3.10/site-packages/airflow/example_dags/example_branch_day_of_week_operator.py for tasks to queue
[2025-05-09T16:21:39.710+0000] {logging_mixin.py:188} INFO - [2025-05-09T16:21:39.710+0000] {dagbag.py:545} INFO - Filling up the DagBag from /home/airflow/.local/lib/python3.10/site-packages/airflow/example_dags/example_branch_day_of_week_operator.py
[2025-05-09T16:21:39.721+0000] {processor.py:840} INFO - DAG(s) 'example_weekday_branch_operator' retrieved from /home/airflow/.local/lib/python3.10/site-packages/airflow/example_dags/example_branch_day_of_week_operator.py
[2025-05-09T16:21:39.754+0000] {logging_mixin.py:188} INFO - [2025-05-09T16:21:39.753+0000] {dag.py:3096} INFO - Sync 1 DAGs
[2025-05-09T16:21:39.784+0000] {logging_mixin.py:188} INFO - [2025-05-09T16:21:39.784+0000] {dag.py:3954} INFO - Setting next_dagrun for example_weekday_branch_operator to 2025-05-08 00:00:00+00:00, run_after=2025-05-09 00:00:00+00:00
[2025-05-09T16:21:39.815+0000] {processor.py:183} INFO - Processing /home/airflow/.local/lib/python3.10/site-packages/airflow/example_dags/example_branch_day_of_week_operator.py took 0.116 seconds
[2025-05-09T16:22:10.273+0000] {processor.py:161} INFO - Started process (PID=9654) to work on /home/airflow/.local/lib/python3.10/site-packages/airflow/example_dags/example_branch_day_of_week_operator.py
[2025-05-09T16:22:10.274+0000] {processor.py:830} INFO - Processing file /home/airflow/.local/lib/python3.10/site-packages/airflow/example_dags/example_branch_day_of_week_operator.py for tasks to queue
[2025-05-09T16:22:10.278+0000] {logging_mixin.py:188} INFO - [2025-05-09T16:22:10.277+0000] {dagbag.py:545} INFO - Filling up the DagBag from /home/airflow/.local/lib/python3.10/site-packages/airflow/example_dags/example_branch_day_of_week_operator.py
[2025-05-09T16:22:10.288+0000] {processor.py:840} INFO - DAG(s) 'example_weekday_branch_operator' retrieved from /home/airflow/.local/lib/python3.10/site-packages/airflow/example_dags/example_branch_day_of_week_operator.py
[2025-05-09T16:22:10.317+0000] {logging_mixin.py:188} INFO - [2025-05-09T16:22:10.316+0000] {dag.py:3096} INFO - Sync 1 DAGs
[2025-05-09T16:22:10.346+0000] {logging_mixin.py:188} INFO - [2025-05-09T16:22:10.346+0000] {dag.py:3954} INFO - Setting next_dagrun for example_weekday_branch_operator to 2025-05-08 00:00:00+00:00, run_after=2025-05-09 00:00:00+00:00
[2025-05-09T16:22:10.375+0000] {processor.py:183} INFO - Processing /home/airflow/.local/lib/python3.10/site-packages/airflow/example_dags/example_branch_day_of_week_operator.py took 0.109 seconds
[2025-05-09T16:22:40.525+0000] {processor.py:161} INFO - Started process (PID=9926) to work on /home/airflow/.local/lib/python3.10/site-packages/airflow/example_dags/example_branch_day_of_week_operator.py
[2025-05-09T16:22:40.527+0000] {processor.py:830} INFO - Processing file /home/airflow/.local/lib/python3.10/site-packages/airflow/example_dags/example_branch_day_of_week_operator.py for tasks to queue
[2025-05-09T16:22:40.530+0000] {logging_mixin.py:188} INFO - [2025-05-09T16:22:40.530+0000] {dagbag.py:545} INFO - Filling up the DagBag from /home/airflow/.local/lib/python3.10/site-packages/airflow/example_dags/example_branch_day_of_week_operator.py
[2025-05-09T16:22:40.537+0000] {processor.py:840} INFO - DAG(s) 'example_weekday_branch_operator' retrieved from /home/airflow/.local/lib/python3.10/site-packages/airflow/example_dags/example_branch_day_of_week_operator.py
[2025-05-09T16:22:40.557+0000] {logging_mixin.py:188} INFO - [2025-05-09T16:22:40.557+0000] {dag.py:3096} INFO - Sync 1 DAGs
[2025-05-09T16:22:40.575+0000] {logging_mixin.py:188} INFO - [2025-05-09T16:22:40.575+0000] {dag.py:3954} INFO - Setting next_dagrun for example_weekday_branch_operator to 2025-05-08 00:00:00+00:00, run_after=2025-05-09 00:00:00+00:00
[2025-05-09T16:22:40.598+0000] {processor.py:183} INFO - Processing /home/airflow/.local/lib/python3.10/site-packages/airflow/example_dags/example_branch_day_of_week_operator.py took 0.080 seconds
[2025-05-09T16:23:10.837+0000] {processor.py:161} INFO - Started process (PID=10224) to work on /home/airflow/.local/lib/python3.10/site-packages/airflow/example_dags/example_branch_day_of_week_operator.py
[2025-05-09T16:23:10.839+0000] {processor.py:830} INFO - Processing file /home/airflow/.local/lib/python3.10/site-packages/airflow/example_dags/example_branch_day_of_week_operator.py for tasks to queue
[2025-05-09T16:23:10.841+0000] {logging_mixin.py:188} INFO - [2025-05-09T16:23:10.840+0000] {dagbag.py:545} INFO - Filling up the DagBag from /home/airflow/.local/lib/python3.10/site-packages/airflow/example_dags/example_branch_day_of_week_operator.py
[2025-05-09T16:23:10.850+0000] {processor.py:840} INFO - DAG(s) 'example_weekday_branch_operator' retrieved from /home/airflow/.local/lib/python3.10/site-packages/airflow/example_dags/example_branch_day_of_week_operator.py
[2025-05-09T16:23:10.879+0000] {logging_mixin.py:188} INFO - [2025-05-09T16:23:10.879+0000] {dag.py:3096} INFO - Sync 1 DAGs
[2025-05-09T16:23:10.907+0000] {logging_mixin.py:188} INFO - [2025-05-09T16:23:10.906+0000] {dag.py:3954} INFO - Setting next_dagrun for example_weekday_branch_operator to 2025-05-08 00:00:00+00:00, run_after=2025-05-09 00:00:00+00:00
[2025-05-09T16:23:10.937+0000] {processor.py:183} INFO - Processing /home/airflow/.local/lib/python3.10/site-packages/airflow/example_dags/example_branch_day_of_week_operator.py took 0.107 seconds
[2025-05-09T16:23:41.079+0000] {processor.py:161} INFO - Started process (PID=10499) to work on /home/airflow/.local/lib/python3.10/site-packages/airflow/example_dags/example_branch_day_of_week_operator.py
[2025-05-09T16:23:41.081+0000] {processor.py:830} INFO - Processing file /home/airflow/.local/lib/python3.10/site-packages/airflow/example_dags/example_branch_day_of_week_operator.py for tasks to queue
[2025-05-09T16:23:41.084+0000] {logging_mixin.py:188} INFO - [2025-05-09T16:23:41.083+0000] {dagbag.py:545} INFO - Filling up the DagBag from /home/airflow/.local/lib/python3.10/site-packages/airflow/example_dags/example_branch_day_of_week_operator.py
[2025-05-09T16:23:41.097+0000] {processor.py:840} INFO - DAG(s) 'example_weekday_branch_operator' retrieved from /home/airflow/.local/lib/python3.10/site-packages/airflow/example_dags/example_branch_day_of_week_operator.py
[2025-05-09T16:23:41.128+0000] {logging_mixin.py:188} INFO - [2025-05-09T16:23:41.128+0000] {dag.py:3096} INFO - Sync 1 DAGs
[2025-05-09T16:23:41.154+0000] {logging_mixin.py:188} INFO - [2025-05-09T16:23:41.154+0000] {dag.py:3954} INFO - Setting next_dagrun for example_weekday_branch_operator to 2025-05-08 00:00:00+00:00, run_after=2025-05-09 00:00:00+00:00
[2025-05-09T16:23:41.180+0000] {processor.py:183} INFO - Processing /home/airflow/.local/lib/python3.10/site-packages/airflow/example_dags/example_branch_day_of_week_operator.py took 0.109 seconds
[2025-05-09T16:24:12.112+0000] {processor.py:161} INFO - Started process (PID=10817) to work on /home/airflow/.local/lib/python3.10/site-packages/airflow/example_dags/example_branch_day_of_week_operator.py
[2025-05-09T16:24:12.114+0000] {processor.py:830} INFO - Processing file /home/airflow/.local/lib/python3.10/site-packages/airflow/example_dags/example_branch_day_of_week_operator.py for tasks to queue
[2025-05-09T16:24:12.117+0000] {logging_mixin.py:188} INFO - [2025-05-09T16:24:12.117+0000] {dagbag.py:545} INFO - Filling up the DagBag from /home/airflow/.local/lib/python3.10/site-packages/airflow/example_dags/example_branch_day_of_week_operator.py
[2025-05-09T16:24:12.127+0000] {processor.py:840} INFO - DAG(s) 'example_weekday_branch_operator' retrieved from /home/airflow/.local/lib/python3.10/site-packages/airflow/example_dags/example_branch_day_of_week_operator.py
[2025-05-09T16:24:12.155+0000] {logging_mixin.py:188} INFO - [2025-05-09T16:24:12.155+0000] {dag.py:3096} INFO - Sync 1 DAGs
[2025-05-09T16:24:12.183+0000] {logging_mixin.py:188} INFO - [2025-05-09T16:24:12.183+0000] {dag.py:3954} INFO - Setting next_dagrun for example_weekday_branch_operator to 2025-05-08 00:00:00+00:00, run_after=2025-05-09 00:00:00+00:00
[2025-05-09T16:24:12.211+0000] {processor.py:183} INFO - Processing /home/airflow/.local/lib/python3.10/site-packages/airflow/example_dags/example_branch_day_of_week_operator.py took 0.107 seconds
[2025-05-09T16:24:42.787+0000] {processor.py:161} INFO - Started process (PID=11093) to work on /home/airflow/.local/lib/python3.10/site-packages/airflow/example_dags/example_branch_day_of_week_operator.py
[2025-05-09T16:24:42.789+0000] {processor.py:830} INFO - Processing file /home/airflow/.local/lib/python3.10/site-packages/airflow/example_dags/example_branch_day_of_week_operator.py for tasks to queue
[2025-05-09T16:24:42.791+0000] {logging_mixin.py:188} INFO - [2025-05-09T16:24:42.791+0000] {dagbag.py:545} INFO - Filling up the DagBag from /home/airflow/.local/lib/python3.10/site-packages/airflow/example_dags/example_branch_day_of_week_operator.py
[2025-05-09T16:24:42.800+0000] {processor.py:840} INFO - DAG(s) 'example_weekday_branch_operator' retrieved from /home/airflow/.local/lib/python3.10/site-packages/airflow/example_dags/example_branch_day_of_week_operator.py
[2025-05-09T16:24:42.827+0000] {logging_mixin.py:188} INFO - [2025-05-09T16:24:42.826+0000] {dag.py:3096} INFO - Sync 1 DAGs
[2025-05-09T16:24:42.850+0000] {logging_mixin.py:188} INFO - [2025-05-09T16:24:42.849+0000] {dag.py:3954} INFO - Setting next_dagrun for example_weekday_branch_operator to 2025-05-08 00:00:00+00:00, run_after=2025-05-09 00:00:00+00:00
[2025-05-09T16:24:42.882+0000] {processor.py:183} INFO - Processing /home/airflow/.local/lib/python3.10/site-packages/airflow/example_dags/example_branch_day_of_week_operator.py took 0.100 seconds
[2025-05-09T16:25:13.534+0000] {processor.py:161} INFO - Started process (PID=11446) to work on /home/airflow/.local/lib/python3.10/site-packages/airflow/example_dags/example_branch_day_of_week_operator.py
[2025-05-09T16:25:13.536+0000] {processor.py:830} INFO - Processing file /home/airflow/.local/lib/python3.10/site-packages/airflow/example_dags/example_branch_day_of_week_operator.py for tasks to queue
[2025-05-09T16:25:13.538+0000] {logging_mixin.py:188} INFO - [2025-05-09T16:25:13.538+0000] {dagbag.py:545} INFO - Filling up the DagBag from /home/airflow/.local/lib/python3.10/site-packages/airflow/example_dags/example_branch_day_of_week_operator.py
[2025-05-09T16:25:13.545+0000] {processor.py:840} INFO - DAG(s) 'example_weekday_branch_operator' retrieved from /home/airflow/.local/lib/python3.10/site-packages/airflow/example_dags/example_branch_day_of_week_operator.py
[2025-05-09T16:25:13.567+0000] {logging_mixin.py:188} INFO - [2025-05-09T16:25:13.567+0000] {dag.py:3096} INFO - Sync 1 DAGs
[2025-05-09T16:25:13.587+0000] {logging_mixin.py:188} INFO - [2025-05-09T16:25:13.587+0000] {dag.py:3954} INFO - Setting next_dagrun for example_weekday_branch_operator to 2025-05-08 00:00:00+00:00, run_after=2025-05-09 00:00:00+00:00
[2025-05-09T16:25:13.608+0000] {processor.py:183} INFO - Processing /home/airflow/.local/lib/python3.10/site-packages/airflow/example_dags/example_branch_day_of_week_operator.py took 0.080 seconds
[2025-05-09T16:25:44.289+0000] {processor.py:161} INFO - Started process (PID=11714) to work on /home/airflow/.local/lib/python3.10/site-packages/airflow/example_dags/example_branch_day_of_week_operator.py
[2025-05-09T16:25:44.291+0000] {processor.py:830} INFO - Processing file /home/airflow/.local/lib/python3.10/site-packages/airflow/example_dags/example_branch_day_of_week_operator.py for tasks to queue
[2025-05-09T16:25:44.294+0000] {logging_mixin.py:188} INFO - [2025-05-09T16:25:44.294+0000] {dagbag.py:545} INFO - Filling up the DagBag from /home/airflow/.local/lib/python3.10/site-packages/airflow/example_dags/example_branch_day_of_week_operator.py
[2025-05-09T16:25:44.303+0000] {processor.py:840} INFO - DAG(s) 'example_weekday_branch_operator' retrieved from /home/airflow/.local/lib/python3.10/site-packages/airflow/example_dags/example_branch_day_of_week_operator.py
[2025-05-09T16:25:44.334+0000] {logging_mixin.py:188} INFO - [2025-05-09T16:25:44.333+0000] {dag.py:3096} INFO - Sync 1 DAGs
[2025-05-09T16:25:44.366+0000] {logging_mixin.py:188} INFO - [2025-05-09T16:25:44.365+0000] {dag.py:3954} INFO - Setting next_dagrun for example_weekday_branch_operator to 2025-05-08 00:00:00+00:00, run_after=2025-05-09 00:00:00+00:00
[2025-05-09T16:25:44.392+0000] {processor.py:183} INFO - Processing /home/airflow/.local/lib/python3.10/site-packages/airflow/example_dags/example_branch_day_of_week_operator.py took 0.109 seconds
[2025-05-09T16:26:14.738+0000] {processor.py:161} INFO - Started process (PID=12039) to work on /home/airflow/.local/lib/python3.10/site-packages/airflow/example_dags/example_branch_day_of_week_operator.py
[2025-05-09T16:26:14.739+0000] {processor.py:830} INFO - Processing file /home/airflow/.local/lib/python3.10/site-packages/airflow/example_dags/example_branch_day_of_week_operator.py for tasks to queue
[2025-05-09T16:26:14.742+0000] {logging_mixin.py:188} INFO - [2025-05-09T16:26:14.741+0000] {dagbag.py:545} INFO - Filling up the DagBag from /home/airflow/.local/lib/python3.10/site-packages/airflow/example_dags/example_branch_day_of_week_operator.py
[2025-05-09T16:26:14.749+0000] {processor.py:840} INFO - DAG(s) 'example_weekday_branch_operator' retrieved from /home/airflow/.local/lib/python3.10/site-packages/airflow/example_dags/example_branch_day_of_week_operator.py
[2025-05-09T16:26:14.773+0000] {logging_mixin.py:188} INFO - [2025-05-09T16:26:14.773+0000] {dag.py:3096} INFO - Sync 1 DAGs
[2025-05-09T16:26:14.795+0000] {logging_mixin.py:188} INFO - [2025-05-09T16:26:14.795+0000] {dag.py:3954} INFO - Setting next_dagrun for example_weekday_branch_operator to 2025-05-08 00:00:00+00:00, run_after=2025-05-09 00:00:00+00:00
[2025-05-09T16:26:14.819+0000] {processor.py:183} INFO - Processing /home/airflow/.local/lib/python3.10/site-packages/airflow/example_dags/example_branch_day_of_week_operator.py took 0.088 seconds
[2025-05-09T16:26:45.219+0000] {processor.py:161} INFO - Started process (PID=12316) to work on /home/airflow/.local/lib/python3.10/site-packages/airflow/example_dags/example_branch_day_of_week_operator.py
[2025-05-09T16:26:45.220+0000] {processor.py:830} INFO - Processing file /home/airflow/.local/lib/python3.10/site-packages/airflow/example_dags/example_branch_day_of_week_operator.py for tasks to queue
[2025-05-09T16:26:45.224+0000] {logging_mixin.py:188} INFO - [2025-05-09T16:26:45.223+0000] {dagbag.py:545} INFO - Filling up the DagBag from /home/airflow/.local/lib/python3.10/site-packages/airflow/example_dags/example_branch_day_of_week_operator.py
[2025-05-09T16:26:45.234+0000] {processor.py:840} INFO - DAG(s) 'example_weekday_branch_operator' retrieved from /home/airflow/.local/lib/python3.10/site-packages/airflow/example_dags/example_branch_day_of_week_operator.py
[2025-05-09T16:26:45.258+0000] {logging_mixin.py:188} INFO - [2025-05-09T16:26:45.258+0000] {dag.py:3096} INFO - Sync 1 DAGs
[2025-05-09T16:26:45.280+0000] {logging_mixin.py:188} INFO - [2025-05-09T16:26:45.280+0000] {dag.py:3954} INFO - Setting next_dagrun for example_weekday_branch_operator to 2025-05-08 00:00:00+00:00, run_after=2025-05-09 00:00:00+00:00
[2025-05-09T16:26:45.300+0000] {processor.py:183} INFO - Processing /home/airflow/.local/lib/python3.10/site-packages/airflow/example_dags/example_branch_day_of_week_operator.py took 0.088 seconds
[2025-05-09T16:27:16.034+0000] {processor.py:161} INFO - Started process (PID=12635) to work on /home/airflow/.local/lib/python3.10/site-packages/airflow/example_dags/example_branch_day_of_week_operator.py
[2025-05-09T16:27:16.035+0000] {processor.py:830} INFO - Processing file /home/airflow/.local/lib/python3.10/site-packages/airflow/example_dags/example_branch_day_of_week_operator.py for tasks to queue
[2025-05-09T16:27:16.039+0000] {logging_mixin.py:188} INFO - [2025-05-09T16:27:16.039+0000] {dagbag.py:545} INFO - Filling up the DagBag from /home/airflow/.local/lib/python3.10/site-packages/airflow/example_dags/example_branch_day_of_week_operator.py
[2025-05-09T16:27:16.049+0000] {processor.py:840} INFO - DAG(s) 'example_weekday_branch_operator' retrieved from /home/airflow/.local/lib/python3.10/site-packages/airflow/example_dags/example_branch_day_of_week_operator.py
[2025-05-09T16:27:16.081+0000] {logging_mixin.py:188} INFO - [2025-05-09T16:27:16.081+0000] {dag.py:3096} INFO - Sync 1 DAGs
[2025-05-09T16:27:16.111+0000] {logging_mixin.py:188} INFO - [2025-05-09T16:27:16.110+0000] {dag.py:3954} INFO - Setting next_dagrun for example_weekday_branch_operator to 2025-05-08 00:00:00+00:00, run_after=2025-05-09 00:00:00+00:00
[2025-05-09T16:27:16.147+0000] {processor.py:183} INFO - Processing /home/airflow/.local/lib/python3.10/site-packages/airflow/example_dags/example_branch_day_of_week_operator.py took 0.122 seconds
[2025-05-09T16:27:46.475+0000] {processor.py:161} INFO - Started process (PID=12899) to work on /home/airflow/.local/lib/python3.10/site-packages/airflow/example_dags/example_branch_day_of_week_operator.py
[2025-05-09T16:27:46.477+0000] {processor.py:830} INFO - Processing file /home/airflow/.local/lib/python3.10/site-packages/airflow/example_dags/example_branch_day_of_week_operator.py for tasks to queue
[2025-05-09T16:27:46.481+0000] {logging_mixin.py:188} INFO - [2025-05-09T16:27:46.480+0000] {dagbag.py:545} INFO - Filling up the DagBag from /home/airflow/.local/lib/python3.10/site-packages/airflow/example_dags/example_branch_day_of_week_operator.py
[2025-05-09T16:27:46.490+0000] {processor.py:840} INFO - DAG(s) 'example_weekday_branch_operator' retrieved from /home/airflow/.local/lib/python3.10/site-packages/airflow/example_dags/example_branch_day_of_week_operator.py
[2025-05-09T16:27:46.522+0000] {logging_mixin.py:188} INFO - [2025-05-09T16:27:46.522+0000] {dag.py:3096} INFO - Sync 1 DAGs
[2025-05-09T16:27:46.553+0000] {logging_mixin.py:188} INFO - [2025-05-09T16:27:46.552+0000] {dag.py:3954} INFO - Setting next_dagrun for example_weekday_branch_operator to 2025-05-08 00:00:00+00:00, run_after=2025-05-09 00:00:00+00:00
[2025-05-09T16:27:46.584+0000] {processor.py:183} INFO - Processing /home/airflow/.local/lib/python3.10/site-packages/airflow/example_dags/example_branch_day_of_week_operator.py took 0.116 seconds
[2025-05-09T16:28:16.725+0000] {processor.py:161} INFO - Started process (PID=13195) to work on /home/airflow/.local/lib/python3.10/site-packages/airflow/example_dags/example_branch_day_of_week_operator.py
[2025-05-09T16:28:16.727+0000] {processor.py:830} INFO - Processing file /home/airflow/.local/lib/python3.10/site-packages/airflow/example_dags/example_branch_day_of_week_operator.py for tasks to queue
[2025-05-09T16:28:16.730+0000] {logging_mixin.py:188} INFO - [2025-05-09T16:28:16.729+0000] {dagbag.py:545} INFO - Filling up the DagBag from /home/airflow/.local/lib/python3.10/site-packages/airflow/example_dags/example_branch_day_of_week_operator.py
[2025-05-09T16:28:16.740+0000] {processor.py:840} INFO - DAG(s) 'example_weekday_branch_operator' retrieved from /home/airflow/.local/lib/python3.10/site-packages/airflow/example_dags/example_branch_day_of_week_operator.py
[2025-05-09T16:28:16.775+0000] {logging_mixin.py:188} INFO - [2025-05-09T16:28:16.774+0000] {dag.py:3096} INFO - Sync 1 DAGs
[2025-05-09T16:28:16.809+0000] {logging_mixin.py:188} INFO - [2025-05-09T16:28:16.809+0000] {dag.py:3954} INFO - Setting next_dagrun for example_weekday_branch_operator to 2025-05-08 00:00:00+00:00, run_after=2025-05-09 00:00:00+00:00
[2025-05-09T16:28:16.843+0000] {processor.py:183} INFO - Processing /home/airflow/.local/lib/python3.10/site-packages/airflow/example_dags/example_branch_day_of_week_operator.py took 0.126 seconds
[2025-05-09T16:28:47.535+0000] {processor.py:161} INFO - Started process (PID=13452) to work on /home/airflow/.local/lib/python3.10/site-packages/airflow/example_dags/example_branch_day_of_week_operator.py
[2025-05-09T16:28:47.537+0000] {processor.py:830} INFO - Processing file /home/airflow/.local/lib/python3.10/site-packages/airflow/example_dags/example_branch_day_of_week_operator.py for tasks to queue
[2025-05-09T16:28:47.539+0000] {logging_mixin.py:188} INFO - [2025-05-09T16:28:47.539+0000] {dagbag.py:545} INFO - Filling up the DagBag from /home/airflow/.local/lib/python3.10/site-packages/airflow/example_dags/example_branch_day_of_week_operator.py
[2025-05-09T16:28:47.550+0000] {processor.py:840} INFO - DAG(s) 'example_weekday_branch_operator' retrieved from /home/airflow/.local/lib/python3.10/site-packages/airflow/example_dags/example_branch_day_of_week_operator.py
[2025-05-09T16:28:47.574+0000] {logging_mixin.py:188} INFO - [2025-05-09T16:28:47.574+0000] {dag.py:3096} INFO - Sync 1 DAGs
[2025-05-09T16:28:47.599+0000] {logging_mixin.py:188} INFO - [2025-05-09T16:28:47.599+0000] {dag.py:3954} INFO - Setting next_dagrun for example_weekday_branch_operator to 2025-05-08 00:00:00+00:00, run_after=2025-05-09 00:00:00+00:00
[2025-05-09T16:28:47.626+0000] {processor.py:183} INFO - Processing /home/airflow/.local/lib/python3.10/site-packages/airflow/example_dags/example_branch_day_of_week_operator.py took 0.098 seconds
[2025-05-09T16:29:18.004+0000] {processor.py:161} INFO - Started process (PID=13789) to work on /home/airflow/.local/lib/python3.10/site-packages/airflow/example_dags/example_branch_day_of_week_operator.py
[2025-05-09T16:29:18.007+0000] {processor.py:830} INFO - Processing file /home/airflow/.local/lib/python3.10/site-packages/airflow/example_dags/example_branch_day_of_week_operator.py for tasks to queue
[2025-05-09T16:29:18.010+0000] {logging_mixin.py:188} INFO - [2025-05-09T16:29:18.010+0000] {dagbag.py:545} INFO - Filling up the DagBag from /home/airflow/.local/lib/python3.10/site-packages/airflow/example_dags/example_branch_day_of_week_operator.py
[2025-05-09T16:29:18.020+0000] {processor.py:840} INFO - DAG(s) 'example_weekday_branch_operator' retrieved from /home/airflow/.local/lib/python3.10/site-packages/airflow/example_dags/example_branch_day_of_week_operator.py
[2025-05-09T16:29:18.051+0000] {logging_mixin.py:188} INFO - [2025-05-09T16:29:18.050+0000] {dag.py:3096} INFO - Sync 1 DAGs
[2025-05-09T16:29:18.081+0000] {logging_mixin.py:188} INFO - [2025-05-09T16:29:18.080+0000] {dag.py:3954} INFO - Setting next_dagrun for example_weekday_branch_operator to 2025-05-08 00:00:00+00:00, run_after=2025-05-09 00:00:00+00:00
[2025-05-09T16:29:18.110+0000] {processor.py:183} INFO - Processing /home/airflow/.local/lib/python3.10/site-packages/airflow/example_dags/example_branch_day_of_week_operator.py took 0.112 seconds
[2025-05-09T16:29:48.234+0000] {processor.py:161} INFO - Started process (PID=14051) to work on /home/airflow/.local/lib/python3.10/site-packages/airflow/example_dags/example_branch_day_of_week_operator.py
[2025-05-09T16:29:48.235+0000] {processor.py:830} INFO - Processing file /home/airflow/.local/lib/python3.10/site-packages/airflow/example_dags/example_branch_day_of_week_operator.py for tasks to queue
[2025-05-09T16:29:48.237+0000] {logging_mixin.py:188} INFO - [2025-05-09T16:29:48.237+0000] {dagbag.py:545} INFO - Filling up the DagBag from /home/airflow/.local/lib/python3.10/site-packages/airflow/example_dags/example_branch_day_of_week_operator.py
[2025-05-09T16:29:48.245+0000] {processor.py:840} INFO - DAG(s) 'example_weekday_branch_operator' retrieved from /home/airflow/.local/lib/python3.10/site-packages/airflow/example_dags/example_branch_day_of_week_operator.py
[2025-05-09T16:29:48.267+0000] {logging_mixin.py:188} INFO - [2025-05-09T16:29:48.267+0000] {dag.py:3096} INFO - Sync 1 DAGs
[2025-05-09T16:29:48.288+0000] {logging_mixin.py:188} INFO - [2025-05-09T16:29:48.287+0000] {dag.py:3954} INFO - Setting next_dagrun for example_weekday_branch_operator to 2025-05-08 00:00:00+00:00, run_after=2025-05-09 00:00:00+00:00
[2025-05-09T16:29:48.310+0000] {processor.py:183} INFO - Processing /home/airflow/.local/lib/python3.10/site-packages/airflow/example_dags/example_branch_day_of_week_operator.py took 0.083 seconds
[2025-05-09T16:30:18.909+0000] {processor.py:161} INFO - Started process (PID=14364) to work on /home/airflow/.local/lib/python3.10/site-packages/airflow/example_dags/example_branch_day_of_week_operator.py
[2025-05-09T16:30:18.911+0000] {processor.py:830} INFO - Processing file /home/airflow/.local/lib/python3.10/site-packages/airflow/example_dags/example_branch_day_of_week_operator.py for tasks to queue
[2025-05-09T16:30:18.913+0000] {logging_mixin.py:188} INFO - [2025-05-09T16:30:18.912+0000] {dagbag.py:545} INFO - Filling up the DagBag from /home/airflow/.local/lib/python3.10/site-packages/airflow/example_dags/example_branch_day_of_week_operator.py
[2025-05-09T16:30:18.922+0000] {processor.py:840} INFO - DAG(s) 'example_weekday_branch_operator' retrieved from /home/airflow/.local/lib/python3.10/site-packages/airflow/example_dags/example_branch_day_of_week_operator.py
[2025-05-09T16:30:18.948+0000] {logging_mixin.py:188} INFO - [2025-05-09T16:30:18.948+0000] {dag.py:3096} INFO - Sync 1 DAGs
[2025-05-09T16:30:18.974+0000] {logging_mixin.py:188} INFO - [2025-05-09T16:30:18.973+0000] {dag.py:3954} INFO - Setting next_dagrun for example_weekday_branch_operator to 2025-05-08 00:00:00+00:00, run_after=2025-05-09 00:00:00+00:00
[2025-05-09T16:30:19.001+0000] {processor.py:183} INFO - Processing /home/airflow/.local/lib/python3.10/site-packages/airflow/example_dags/example_branch_day_of_week_operator.py took 0.101 seconds
[2025-05-09T16:30:49.216+0000] {processor.py:161} INFO - Started process (PID=14628) to work on /home/airflow/.local/lib/python3.10/site-packages/airflow/example_dags/example_branch_day_of_week_operator.py
[2025-05-09T16:30:49.217+0000] {processor.py:830} INFO - Processing file /home/airflow/.local/lib/python3.10/site-packages/airflow/example_dags/example_branch_day_of_week_operator.py for tasks to queue
[2025-05-09T16:30:49.219+0000] {logging_mixin.py:188} INFO - [2025-05-09T16:30:49.219+0000] {dagbag.py:545} INFO - Filling up the DagBag from /home/airflow/.local/lib/python3.10/site-packages/airflow/example_dags/example_branch_day_of_week_operator.py
[2025-05-09T16:30:49.227+0000] {processor.py:840} INFO - DAG(s) 'example_weekday_branch_operator' retrieved from /home/airflow/.local/lib/python3.10/site-packages/airflow/example_dags/example_branch_day_of_week_operator.py
[2025-05-09T16:30:49.251+0000] {logging_mixin.py:188} INFO - [2025-05-09T16:30:49.250+0000] {dag.py:3096} INFO - Sync 1 DAGs
[2025-05-09T16:30:49.273+0000] {logging_mixin.py:188} INFO - [2025-05-09T16:30:49.273+0000] {dag.py:3954} INFO - Setting next_dagrun for example_weekday_branch_operator to 2025-05-08 00:00:00+00:00, run_after=2025-05-09 00:00:00+00:00
[2025-05-09T16:30:49.297+0000] {processor.py:183} INFO - Processing /home/airflow/.local/lib/python3.10/site-packages/airflow/example_dags/example_branch_day_of_week_operator.py took 0.088 seconds
