[2025-05-09T12:10:21.584+0000] {processor.py:161} INFO - Started process (PID=321) to work on /home/airflow/.local/lib/python3.10/site-packages/airflow/example_dags/example_dag_decorator.py
[2025-05-09T12:10:21.586+0000] {processor.py:830} INFO - Processing file /home/airflow/.local/lib/python3.10/site-packages/airflow/example_dags/example_dag_decorator.py for tasks to queue
[2025-05-09T12:10:21.589+0000] {logging_mixin.py:188} INFO - [2025-05-09T12:10:21.589+0000] {dagbag.py:545} INFO - Filling up the DagBag from /home/airflow/.local/lib/python3.10/site-packages/airflow/example_dags/example_dag_decorator.py
[2025-05-09T12:10:21.938+0000] {processor.py:840} INFO - DAG(s) 'example_dag_decorator' retrieved from /home/airflow/.local/lib/python3.10/site-packages/airflow/example_dags/example_dag_decorator.py
[2025-05-09T12:10:21.969+0000] {logging_mixin.py:188} INFO - [2025-05-09T12:10:21.968+0000] {dag.py:3096} INFO - Sync 1 DAGs
[2025-05-09T12:10:22.017+0000] {logging_mixin.py:188} INFO - [2025-05-09T12:10:22.017+0000] {dag.py:3954} INFO - Setting next_dagrun for example_dag_decorator to None, run_after=None
[2025-05-09T12:10:22.085+0000] {processor.py:183} INFO - Processing /home/airflow/.local/lib/python3.10/site-packages/airflow/example_dags/example_dag_decorator.py took 0.511 seconds
[2025-05-09T12:10:53.472+0000] {processor.py:161} INFO - Started process (PID=577) to work on /home/airflow/.local/lib/python3.10/site-packages/airflow/example_dags/example_dag_decorator.py
[2025-05-09T12:10:53.473+0000] {processor.py:830} INFO - Processing file /home/airflow/.local/lib/python3.10/site-packages/airflow/example_dags/example_dag_decorator.py for tasks to queue
[2025-05-09T12:10:53.476+0000] {logging_mixin.py:188} INFO - [2025-05-09T12:10:53.475+0000] {dagbag.py:545} INFO - Filling up the DagBag from /home/airflow/.local/lib/python3.10/site-packages/airflow/example_dags/example_dag_decorator.py
[2025-05-09T12:10:53.581+0000] {processor.py:840} INFO - DAG(s) 'example_dag_decorator' retrieved from /home/airflow/.local/lib/python3.10/site-packages/airflow/example_dags/example_dag_decorator.py
[2025-05-09T12:10:53.701+0000] {logging_mixin.py:188} INFO - [2025-05-09T12:10:53.701+0000] {dag.py:3096} INFO - Sync 1 DAGs
[2025-05-09T12:10:53.717+0000] {logging_mixin.py:188} INFO - [2025-05-09T12:10:53.717+0000] {dag.py:3954} INFO - Setting next_dagrun for example_dag_decorator to None, run_after=None
[2025-05-09T12:10:53.761+0000] {processor.py:183} INFO - Processing /home/airflow/.local/lib/python3.10/site-packages/airflow/example_dags/example_dag_decorator.py took 0.298 seconds
[2025-05-09T12:11:23.847+0000] {processor.py:161} INFO - Started process (PID=833) to work on /home/airflow/.local/lib/python3.10/site-packages/airflow/example_dags/example_dag_decorator.py
[2025-05-09T12:11:23.848+0000] {processor.py:830} INFO - Processing file /home/airflow/.local/lib/python3.10/site-packages/airflow/example_dags/example_dag_decorator.py for tasks to queue
[2025-05-09T12:11:23.851+0000] {logging_mixin.py:188} INFO - [2025-05-09T12:11:23.850+0000] {dagbag.py:545} INFO - Filling up the DagBag from /home/airflow/.local/lib/python3.10/site-packages/airflow/example_dags/example_dag_decorator.py
[2025-05-09T12:11:23.966+0000] {processor.py:840} INFO - DAG(s) 'example_dag_decorator' retrieved from /home/airflow/.local/lib/python3.10/site-packages/airflow/example_dags/example_dag_decorator.py
[2025-05-09T12:11:24.119+0000] {logging_mixin.py:188} INFO - [2025-05-09T12:11:24.119+0000] {dag.py:3096} INFO - Sync 1 DAGs
[2025-05-09T12:11:24.136+0000] {logging_mixin.py:188} INFO - [2025-05-09T12:11:24.135+0000] {dag.py:3954} INFO - Setting next_dagrun for example_dag_decorator to None, run_after=None
[2025-05-09T12:11:24.161+0000] {processor.py:183} INFO - Processing /home/airflow/.local/lib/python3.10/site-packages/airflow/example_dags/example_dag_decorator.py took 0.323 seconds
[2025-05-09T12:11:54.237+0000] {processor.py:161} INFO - Started process (PID=1096) to work on /home/airflow/.local/lib/python3.10/site-packages/airflow/example_dags/example_dag_decorator.py
[2025-05-09T12:11:54.238+0000] {processor.py:830} INFO - Processing file /home/airflow/.local/lib/python3.10/site-packages/airflow/example_dags/example_dag_decorator.py for tasks to queue
[2025-05-09T12:11:54.240+0000] {logging_mixin.py:188} INFO - [2025-05-09T12:11:54.240+0000] {dagbag.py:545} INFO - Filling up the DagBag from /home/airflow/.local/lib/python3.10/site-packages/airflow/example_dags/example_dag_decorator.py
[2025-05-09T12:11:54.332+0000] {processor.py:840} INFO - DAG(s) 'example_dag_decorator' retrieved from /home/airflow/.local/lib/python3.10/site-packages/airflow/example_dags/example_dag_decorator.py
[2025-05-09T12:11:54.436+0000] {logging_mixin.py:188} INFO - [2025-05-09T12:11:54.436+0000] {dag.py:3096} INFO - Sync 1 DAGs
[2025-05-09T12:11:54.448+0000] {logging_mixin.py:188} INFO - [2025-05-09T12:11:54.447+0000] {dag.py:3954} INFO - Setting next_dagrun for example_dag_decorator to None, run_after=None
[2025-05-09T12:11:54.497+0000] {processor.py:183} INFO - Processing /home/airflow/.local/lib/python3.10/site-packages/airflow/example_dags/example_dag_decorator.py took 0.267 seconds
[2025-05-09T12:12:24.572+0000] {processor.py:161} INFO - Started process (PID=1352) to work on /home/airflow/.local/lib/python3.10/site-packages/airflow/example_dags/example_dag_decorator.py
[2025-05-09T12:12:24.574+0000] {processor.py:830} INFO - Processing file /home/airflow/.local/lib/python3.10/site-packages/airflow/example_dags/example_dag_decorator.py for tasks to queue
[2025-05-09T12:12:24.576+0000] {logging_mixin.py:188} INFO - [2025-05-09T12:12:24.576+0000] {dagbag.py:545} INFO - Filling up the DagBag from /home/airflow/.local/lib/python3.10/site-packages/airflow/example_dags/example_dag_decorator.py
[2025-05-09T12:12:24.675+0000] {processor.py:840} INFO - DAG(s) 'example_dag_decorator' retrieved from /home/airflow/.local/lib/python3.10/site-packages/airflow/example_dags/example_dag_decorator.py
[2025-05-09T12:12:24.792+0000] {logging_mixin.py:188} INFO - [2025-05-09T12:12:24.792+0000] {dag.py:3096} INFO - Sync 1 DAGs
[2025-05-09T12:12:24.804+0000] {logging_mixin.py:188} INFO - [2025-05-09T12:12:24.804+0000] {dag.py:3954} INFO - Setting next_dagrun for example_dag_decorator to None, run_after=None
[2025-05-09T12:12:24.839+0000] {processor.py:183} INFO - Processing /home/airflow/.local/lib/python3.10/site-packages/airflow/example_dags/example_dag_decorator.py took 0.277 seconds
[2025-05-09T12:12:55.219+0000] {processor.py:161} INFO - Started process (PID=1601) to work on /home/airflow/.local/lib/python3.10/site-packages/airflow/example_dags/example_dag_decorator.py
[2025-05-09T12:12:55.221+0000] {processor.py:830} INFO - Processing file /home/airflow/.local/lib/python3.10/site-packages/airflow/example_dags/example_dag_decorator.py for tasks to queue
[2025-05-09T12:12:55.225+0000] {logging_mixin.py:188} INFO - [2025-05-09T12:12:55.225+0000] {dagbag.py:545} INFO - Filling up the DagBag from /home/airflow/.local/lib/python3.10/site-packages/airflow/example_dags/example_dag_decorator.py
[2025-05-09T12:12:55.344+0000] {processor.py:840} INFO - DAG(s) 'example_dag_decorator' retrieved from /home/airflow/.local/lib/python3.10/site-packages/airflow/example_dags/example_dag_decorator.py
[2025-05-09T12:12:55.564+0000] {logging_mixin.py:188} INFO - [2025-05-09T12:12:55.563+0000] {dag.py:3096} INFO - Sync 1 DAGs
[2025-05-09T12:12:55.582+0000] {logging_mixin.py:188} INFO - [2025-05-09T12:12:55.582+0000] {dag.py:3954} INFO - Setting next_dagrun for example_dag_decorator to None, run_after=None
[2025-05-09T12:12:55.634+0000] {processor.py:183} INFO - Processing /home/airflow/.local/lib/python3.10/site-packages/airflow/example_dags/example_dag_decorator.py took 0.424 seconds
[2025-05-09T12:13:25.952+0000] {processor.py:161} INFO - Started process (PID=1867) to work on /home/airflow/.local/lib/python3.10/site-packages/airflow/example_dags/example_dag_decorator.py
[2025-05-09T12:13:25.953+0000] {processor.py:830} INFO - Processing file /home/airflow/.local/lib/python3.10/site-packages/airflow/example_dags/example_dag_decorator.py for tasks to queue
[2025-05-09T12:13:25.955+0000] {logging_mixin.py:188} INFO - [2025-05-09T12:13:25.955+0000] {dagbag.py:545} INFO - Filling up the DagBag from /home/airflow/.local/lib/python3.10/site-packages/airflow/example_dags/example_dag_decorator.py
[2025-05-09T12:13:26.049+0000] {processor.py:840} INFO - DAG(s) 'example_dag_decorator' retrieved from /home/airflow/.local/lib/python3.10/site-packages/airflow/example_dags/example_dag_decorator.py
[2025-05-09T12:13:26.172+0000] {logging_mixin.py:188} INFO - [2025-05-09T12:13:26.171+0000] {dag.py:3096} INFO - Sync 1 DAGs
[2025-05-09T12:13:26.186+0000] {logging_mixin.py:188} INFO - [2025-05-09T12:13:26.186+0000] {dag.py:3954} INFO - Setting next_dagrun for example_dag_decorator to None, run_after=None
[2025-05-09T12:13:26.216+0000] {processor.py:183} INFO - Processing /home/airflow/.local/lib/python3.10/site-packages/airflow/example_dags/example_dag_decorator.py took 0.272 seconds
[2025-05-09T12:13:56.670+0000] {processor.py:161} INFO - Started process (PID=2123) to work on /home/airflow/.local/lib/python3.10/site-packages/airflow/example_dags/example_dag_decorator.py
[2025-05-09T12:13:56.673+0000] {processor.py:830} INFO - Processing file /home/airflow/.local/lib/python3.10/site-packages/airflow/example_dags/example_dag_decorator.py for tasks to queue
[2025-05-09T12:13:56.680+0000] {logging_mixin.py:188} INFO - [2025-05-09T12:13:56.680+0000] {dagbag.py:545} INFO - Filling up the DagBag from /home/airflow/.local/lib/python3.10/site-packages/airflow/example_dags/example_dag_decorator.py
[2025-05-09T12:13:56.804+0000] {processor.py:840} INFO - DAG(s) 'example_dag_decorator' retrieved from /home/airflow/.local/lib/python3.10/site-packages/airflow/example_dags/example_dag_decorator.py
[2025-05-09T12:13:56.830+0000] {logging_mixin.py:188} INFO - [2025-05-09T12:13:56.830+0000] {dag.py:3096} INFO - Sync 1 DAGs
[2025-05-09T12:13:56.844+0000] {logging_mixin.py:188} INFO - [2025-05-09T12:13:56.843+0000] {dag.py:3954} INFO - Setting next_dagrun for example_dag_decorator to None, run_after=None
[2025-05-09T12:13:56.878+0000] {processor.py:183} INFO - Processing /home/airflow/.local/lib/python3.10/site-packages/airflow/example_dags/example_dag_decorator.py took 0.221 seconds
[2025-05-09T12:14:27.670+0000] {processor.py:161} INFO - Started process (PID=2381) to work on /home/airflow/.local/lib/python3.10/site-packages/airflow/example_dags/example_dag_decorator.py
[2025-05-09T12:14:27.672+0000] {processor.py:830} INFO - Processing file /home/airflow/.local/lib/python3.10/site-packages/airflow/example_dags/example_dag_decorator.py for tasks to queue
[2025-05-09T12:14:27.675+0000] {logging_mixin.py:188} INFO - [2025-05-09T12:14:27.674+0000] {dagbag.py:545} INFO - Filling up the DagBag from /home/airflow/.local/lib/python3.10/site-packages/airflow/example_dags/example_dag_decorator.py
[2025-05-09T12:14:27.816+0000] {processor.py:840} INFO - DAG(s) 'example_dag_decorator' retrieved from /home/airflow/.local/lib/python3.10/site-packages/airflow/example_dags/example_dag_decorator.py
[2025-05-09T12:14:27.958+0000] {logging_mixin.py:188} INFO - [2025-05-09T12:14:27.957+0000] {dag.py:3096} INFO - Sync 1 DAGs
[2025-05-09T12:14:27.974+0000] {logging_mixin.py:188} INFO - [2025-05-09T12:14:27.974+0000] {dag.py:3954} INFO - Setting next_dagrun for example_dag_decorator to None, run_after=None
[2025-05-09T12:14:28.006+0000] {processor.py:183} INFO - Processing /home/airflow/.local/lib/python3.10/site-packages/airflow/example_dags/example_dag_decorator.py took 0.343 seconds
[2025-05-09T12:14:58.117+0000] {processor.py:161} INFO - Started process (PID=2642) to work on /home/airflow/.local/lib/python3.10/site-packages/airflow/example_dags/example_dag_decorator.py
[2025-05-09T12:14:58.119+0000] {processor.py:830} INFO - Processing file /home/airflow/.local/lib/python3.10/site-packages/airflow/example_dags/example_dag_decorator.py for tasks to queue
[2025-05-09T12:14:58.126+0000] {logging_mixin.py:188} INFO - [2025-05-09T12:14:58.124+0000] {dagbag.py:545} INFO - Filling up the DagBag from /home/airflow/.local/lib/python3.10/site-packages/airflow/example_dags/example_dag_decorator.py
[2025-05-09T12:14:58.232+0000] {processor.py:840} INFO - DAG(s) 'example_dag_decorator' retrieved from /home/airflow/.local/lib/python3.10/site-packages/airflow/example_dags/example_dag_decorator.py
[2025-05-09T12:14:58.353+0000] {logging_mixin.py:188} INFO - [2025-05-09T12:14:58.353+0000] {dag.py:3096} INFO - Sync 1 DAGs
[2025-05-09T12:14:58.367+0000] {logging_mixin.py:188} INFO - [2025-05-09T12:14:58.367+0000] {dag.py:3954} INFO - Setting next_dagrun for example_dag_decorator to None, run_after=None
[2025-05-09T12:14:58.404+0000] {processor.py:183} INFO - Processing /home/airflow/.local/lib/python3.10/site-packages/airflow/example_dags/example_dag_decorator.py took 0.296 seconds
[2025-05-09T12:15:28.534+0000] {processor.py:161} INFO - Started process (PID=2909) to work on /home/airflow/.local/lib/python3.10/site-packages/airflow/example_dags/example_dag_decorator.py
[2025-05-09T12:15:28.536+0000] {processor.py:830} INFO - Processing file /home/airflow/.local/lib/python3.10/site-packages/airflow/example_dags/example_dag_decorator.py for tasks to queue
[2025-05-09T12:15:28.539+0000] {logging_mixin.py:188} INFO - [2025-05-09T12:15:28.538+0000] {dagbag.py:545} INFO - Filling up the DagBag from /home/airflow/.local/lib/python3.10/site-packages/airflow/example_dags/example_dag_decorator.py
[2025-05-09T12:15:28.644+0000] {processor.py:840} INFO - DAG(s) 'example_dag_decorator' retrieved from /home/airflow/.local/lib/python3.10/site-packages/airflow/example_dags/example_dag_decorator.py
[2025-05-09T12:15:28.807+0000] {logging_mixin.py:188} INFO - [2025-05-09T12:15:28.807+0000] {dag.py:3096} INFO - Sync 1 DAGs
[2025-05-09T12:15:28.839+0000] {logging_mixin.py:188} INFO - [2025-05-09T12:15:28.839+0000] {dag.py:3954} INFO - Setting next_dagrun for example_dag_decorator to None, run_after=None
[2025-05-09T12:15:28.891+0000] {processor.py:183} INFO - Processing /home/airflow/.local/lib/python3.10/site-packages/airflow/example_dags/example_dag_decorator.py took 0.365 seconds
[2025-05-09T12:43:54.253+0000] {processor.py:161} INFO - Started process (PID=327) to work on /home/airflow/.local/lib/python3.10/site-packages/airflow/example_dags/example_dag_decorator.py
[2025-05-09T12:43:54.255+0000] {processor.py:830} INFO - Processing file /home/airflow/.local/lib/python3.10/site-packages/airflow/example_dags/example_dag_decorator.py for tasks to queue
[2025-05-09T12:43:54.259+0000] {logging_mixin.py:188} INFO - [2025-05-09T12:43:54.258+0000] {dagbag.py:545} INFO - Filling up the DagBag from /home/airflow/.local/lib/python3.10/site-packages/airflow/example_dags/example_dag_decorator.py
[2025-05-09T12:43:54.410+0000] {processor.py:840} INFO - DAG(s) 'example_dag_decorator' retrieved from /home/airflow/.local/lib/python3.10/site-packages/airflow/example_dags/example_dag_decorator.py
[2025-05-09T12:43:54.432+0000] {logging_mixin.py:188} INFO - [2025-05-09T12:43:54.432+0000] {dag.py:3096} INFO - Sync 1 DAGs
[2025-05-09T12:43:54.454+0000] {logging_mixin.py:188} INFO - [2025-05-09T12:43:54.454+0000] {dag.py:3954} INFO - Setting next_dagrun for example_dag_decorator to None, run_after=None
[2025-05-09T12:43:54.485+0000] {processor.py:183} INFO - Processing /home/airflow/.local/lib/python3.10/site-packages/airflow/example_dags/example_dag_decorator.py took 0.243 seconds
[2025-05-09T12:44:26.249+0000] {processor.py:161} INFO - Started process (PID=591) to work on /home/airflow/.local/lib/python3.10/site-packages/airflow/example_dags/example_dag_decorator.py
[2025-05-09T12:44:26.250+0000] {processor.py:830} INFO - Processing file /home/airflow/.local/lib/python3.10/site-packages/airflow/example_dags/example_dag_decorator.py for tasks to queue
[2025-05-09T12:44:26.252+0000] {logging_mixin.py:188} INFO - [2025-05-09T12:44:26.252+0000] {dagbag.py:545} INFO - Filling up the DagBag from /home/airflow/.local/lib/python3.10/site-packages/airflow/example_dags/example_dag_decorator.py
[2025-05-09T12:44:26.344+0000] {processor.py:840} INFO - DAG(s) 'example_dag_decorator' retrieved from /home/airflow/.local/lib/python3.10/site-packages/airflow/example_dags/example_dag_decorator.py
[2025-05-09T12:44:26.490+0000] {logging_mixin.py:188} INFO - [2025-05-09T12:44:26.489+0000] {dag.py:3096} INFO - Sync 1 DAGs
[2025-05-09T12:44:26.501+0000] {logging_mixin.py:188} INFO - [2025-05-09T12:44:26.501+0000] {dag.py:3954} INFO - Setting next_dagrun for example_dag_decorator to None, run_after=None
[2025-05-09T12:44:26.524+0000] {processor.py:183} INFO - Processing /home/airflow/.local/lib/python3.10/site-packages/airflow/example_dags/example_dag_decorator.py took 0.282 seconds
[2025-05-09T12:44:57.277+0000] {processor.py:161} INFO - Started process (PID=853) to work on /home/airflow/.local/lib/python3.10/site-packages/airflow/example_dags/example_dag_decorator.py
[2025-05-09T12:44:57.278+0000] {processor.py:830} INFO - Processing file /home/airflow/.local/lib/python3.10/site-packages/airflow/example_dags/example_dag_decorator.py for tasks to queue
[2025-05-09T12:44:57.280+0000] {logging_mixin.py:188} INFO - [2025-05-09T12:44:57.280+0000] {dagbag.py:545} INFO - Filling up the DagBag from /home/airflow/.local/lib/python3.10/site-packages/airflow/example_dags/example_dag_decorator.py
[2025-05-09T12:44:57.388+0000] {processor.py:840} INFO - DAG(s) 'example_dag_decorator' retrieved from /home/airflow/.local/lib/python3.10/site-packages/airflow/example_dags/example_dag_decorator.py
[2025-05-09T12:44:57.508+0000] {logging_mixin.py:188} INFO - [2025-05-09T12:44:57.508+0000] {dag.py:3096} INFO - Sync 1 DAGs
[2025-05-09T12:44:57.521+0000] {logging_mixin.py:188} INFO - [2025-05-09T12:44:57.521+0000] {dag.py:3954} INFO - Setting next_dagrun for example_dag_decorator to None, run_after=None
[2025-05-09T12:44:57.557+0000] {processor.py:183} INFO - Processing /home/airflow/.local/lib/python3.10/site-packages/airflow/example_dags/example_dag_decorator.py took 0.287 seconds
[2025-05-09T12:45:27.747+0000] {processor.py:161} INFO - Started process (PID=1113) to work on /home/airflow/.local/lib/python3.10/site-packages/airflow/example_dags/example_dag_decorator.py
[2025-05-09T12:45:27.749+0000] {processor.py:830} INFO - Processing file /home/airflow/.local/lib/python3.10/site-packages/airflow/example_dags/example_dag_decorator.py for tasks to queue
[2025-05-09T12:45:27.754+0000] {logging_mixin.py:188} INFO - [2025-05-09T12:45:27.753+0000] {dagbag.py:545} INFO - Filling up the DagBag from /home/airflow/.local/lib/python3.10/site-packages/airflow/example_dags/example_dag_decorator.py
[2025-05-09T12:45:27.910+0000] {processor.py:840} INFO - DAG(s) 'example_dag_decorator' retrieved from /home/airflow/.local/lib/python3.10/site-packages/airflow/example_dags/example_dag_decorator.py
[2025-05-09T12:45:28.102+0000] {logging_mixin.py:188} INFO - [2025-05-09T12:45:28.101+0000] {dag.py:3096} INFO - Sync 1 DAGs
[2025-05-09T12:45:28.117+0000] {logging_mixin.py:188} INFO - [2025-05-09T12:45:28.117+0000] {dag.py:3954} INFO - Setting next_dagrun for example_dag_decorator to None, run_after=None
[2025-05-09T12:45:28.150+0000] {processor.py:183} INFO - Processing /home/airflow/.local/lib/python3.10/site-packages/airflow/example_dags/example_dag_decorator.py took 0.420 seconds
[2025-05-09T12:45:58.935+0000] {processor.py:161} INFO - Started process (PID=1377) to work on /home/airflow/.local/lib/python3.10/site-packages/airflow/example_dags/example_dag_decorator.py
[2025-05-09T12:45:58.937+0000] {processor.py:830} INFO - Processing file /home/airflow/.local/lib/python3.10/site-packages/airflow/example_dags/example_dag_decorator.py for tasks to queue
[2025-05-09T12:45:58.941+0000] {logging_mixin.py:188} INFO - [2025-05-09T12:45:58.941+0000] {dagbag.py:545} INFO - Filling up the DagBag from /home/airflow/.local/lib/python3.10/site-packages/airflow/example_dags/example_dag_decorator.py
[2025-05-09T12:45:59.045+0000] {processor.py:840} INFO - DAG(s) 'example_dag_decorator' retrieved from /home/airflow/.local/lib/python3.10/site-packages/airflow/example_dags/example_dag_decorator.py
[2025-05-09T12:45:59.149+0000] {logging_mixin.py:188} INFO - [2025-05-09T12:45:59.148+0000] {dag.py:3096} INFO - Sync 1 DAGs
[2025-05-09T12:45:59.160+0000] {logging_mixin.py:188} INFO - [2025-05-09T12:45:59.159+0000] {dag.py:3954} INFO - Setting next_dagrun for example_dag_decorator to None, run_after=None
[2025-05-09T12:45:59.183+0000] {processor.py:183} INFO - Processing /home/airflow/.local/lib/python3.10/site-packages/airflow/example_dags/example_dag_decorator.py took 0.254 seconds
[2025-05-09T12:46:29.428+0000] {processor.py:161} INFO - Started process (PID=1639) to work on /home/airflow/.local/lib/python3.10/site-packages/airflow/example_dags/example_dag_decorator.py
[2025-05-09T12:46:29.430+0000] {processor.py:830} INFO - Processing file /home/airflow/.local/lib/python3.10/site-packages/airflow/example_dags/example_dag_decorator.py for tasks to queue
[2025-05-09T12:46:29.431+0000] {logging_mixin.py:188} INFO - [2025-05-09T12:46:29.431+0000] {dagbag.py:545} INFO - Filling up the DagBag from /home/airflow/.local/lib/python3.10/site-packages/airflow/example_dags/example_dag_decorator.py
[2025-05-09T12:46:29.519+0000] {processor.py:840} INFO - DAG(s) 'example_dag_decorator' retrieved from /home/airflow/.local/lib/python3.10/site-packages/airflow/example_dags/example_dag_decorator.py
[2025-05-09T12:46:29.626+0000] {logging_mixin.py:188} INFO - [2025-05-09T12:46:29.626+0000] {dag.py:3096} INFO - Sync 1 DAGs
[2025-05-09T12:46:29.638+0000] {logging_mixin.py:188} INFO - [2025-05-09T12:46:29.637+0000] {dag.py:3954} INFO - Setting next_dagrun for example_dag_decorator to None, run_after=None
[2025-05-09T12:46:29.662+0000] {processor.py:183} INFO - Processing /home/airflow/.local/lib/python3.10/site-packages/airflow/example_dags/example_dag_decorator.py took 0.239 seconds
[2025-05-09T12:46:59.996+0000] {processor.py:161} INFO - Started process (PID=1901) to work on /home/airflow/.local/lib/python3.10/site-packages/airflow/example_dags/example_dag_decorator.py
[2025-05-09T12:46:59.998+0000] {processor.py:830} INFO - Processing file /home/airflow/.local/lib/python3.10/site-packages/airflow/example_dags/example_dag_decorator.py for tasks to queue
[2025-05-09T12:47:00.002+0000] {logging_mixin.py:188} INFO - [2025-05-09T12:47:00.001+0000] {dagbag.py:545} INFO - Filling up the DagBag from /home/airflow/.local/lib/python3.10/site-packages/airflow/example_dags/example_dag_decorator.py
[2025-05-09T12:47:00.116+0000] {processor.py:840} INFO - DAG(s) 'example_dag_decorator' retrieved from /home/airflow/.local/lib/python3.10/site-packages/airflow/example_dags/example_dag_decorator.py
[2025-05-09T12:47:00.234+0000] {logging_mixin.py:188} INFO - [2025-05-09T12:47:00.234+0000] {dag.py:3096} INFO - Sync 1 DAGs
[2025-05-09T12:47:00.250+0000] {logging_mixin.py:188} INFO - [2025-05-09T12:47:00.249+0000] {dag.py:3954} INFO - Setting next_dagrun for example_dag_decorator to None, run_after=None
[2025-05-09T12:47:00.279+0000] {processor.py:183} INFO - Processing /home/airflow/.local/lib/python3.10/site-packages/airflow/example_dags/example_dag_decorator.py took 0.289 seconds
[2025-05-09T12:47:30.529+0000] {processor.py:161} INFO - Started process (PID=2172) to work on /home/airflow/.local/lib/python3.10/site-packages/airflow/example_dags/example_dag_decorator.py
[2025-05-09T12:47:30.531+0000] {processor.py:830} INFO - Processing file /home/airflow/.local/lib/python3.10/site-packages/airflow/example_dags/example_dag_decorator.py for tasks to queue
[2025-05-09T12:47:30.533+0000] {logging_mixin.py:188} INFO - [2025-05-09T12:47:30.533+0000] {dagbag.py:545} INFO - Filling up the DagBag from /home/airflow/.local/lib/python3.10/site-packages/airflow/example_dags/example_dag_decorator.py
[2025-05-09T12:47:30.623+0000] {processor.py:840} INFO - DAG(s) 'example_dag_decorator' retrieved from /home/airflow/.local/lib/python3.10/site-packages/airflow/example_dags/example_dag_decorator.py
[2025-05-09T12:47:30.651+0000] {logging_mixin.py:188} INFO - [2025-05-09T12:47:30.651+0000] {dag.py:3096} INFO - Sync 1 DAGs
[2025-05-09T12:47:30.665+0000] {logging_mixin.py:188} INFO - [2025-05-09T12:47:30.664+0000] {dag.py:3954} INFO - Setting next_dagrun for example_dag_decorator to None, run_after=None
[2025-05-09T12:47:30.691+0000] {processor.py:183} INFO - Processing /home/airflow/.local/lib/python3.10/site-packages/airflow/example_dags/example_dag_decorator.py took 0.168 seconds
[2025-05-09T12:48:00.838+0000] {processor.py:161} INFO - Started process (PID=2439) to work on /home/airflow/.local/lib/python3.10/site-packages/airflow/example_dags/example_dag_decorator.py
[2025-05-09T12:48:00.839+0000] {processor.py:830} INFO - Processing file /home/airflow/.local/lib/python3.10/site-packages/airflow/example_dags/example_dag_decorator.py for tasks to queue
[2025-05-09T12:48:00.841+0000] {logging_mixin.py:188} INFO - [2025-05-09T12:48:00.841+0000] {dagbag.py:545} INFO - Filling up the DagBag from /home/airflow/.local/lib/python3.10/site-packages/airflow/example_dags/example_dag_decorator.py
[2025-05-09T12:48:01.016+0000] {processor.py:840} INFO - DAG(s) 'example_dag_decorator' retrieved from /home/airflow/.local/lib/python3.10/site-packages/airflow/example_dags/example_dag_decorator.py
[2025-05-09T12:48:01.135+0000] {logging_mixin.py:188} INFO - [2025-05-09T12:48:01.135+0000] {dag.py:3096} INFO - Sync 1 DAGs
[2025-05-09T12:48:01.146+0000] {logging_mixin.py:188} INFO - [2025-05-09T12:48:01.146+0000] {dag.py:3954} INFO - Setting next_dagrun for example_dag_decorator to None, run_after=None
[2025-05-09T12:48:01.169+0000] {processor.py:183} INFO - Processing /home/airflow/.local/lib/python3.10/site-packages/airflow/example_dags/example_dag_decorator.py took 0.251 seconds
[2025-05-09T12:48:31.713+0000] {processor.py:161} INFO - Started process (PID=2705) to work on /home/airflow/.local/lib/python3.10/site-packages/airflow/example_dags/example_dag_decorator.py
[2025-05-09T12:48:31.715+0000] {processor.py:830} INFO - Processing file /home/airflow/.local/lib/python3.10/site-packages/airflow/example_dags/example_dag_decorator.py for tasks to queue
[2025-05-09T12:48:31.718+0000] {logging_mixin.py:188} INFO - [2025-05-09T12:48:31.718+0000] {dagbag.py:545} INFO - Filling up the DagBag from /home/airflow/.local/lib/python3.10/site-packages/airflow/example_dags/example_dag_decorator.py
[2025-05-09T12:48:31.815+0000] {processor.py:840} INFO - DAG(s) 'example_dag_decorator' retrieved from /home/airflow/.local/lib/python3.10/site-packages/airflow/example_dags/example_dag_decorator.py
[2025-05-09T12:48:31.916+0000] {logging_mixin.py:188} INFO - [2025-05-09T12:48:31.916+0000] {dag.py:3096} INFO - Sync 1 DAGs
[2025-05-09T12:48:31.926+0000] {logging_mixin.py:188} INFO - [2025-05-09T12:48:31.926+0000] {dag.py:3954} INFO - Setting next_dagrun for example_dag_decorator to None, run_after=None
[2025-05-09T12:48:31.948+0000] {processor.py:183} INFO - Processing /home/airflow/.local/lib/python3.10/site-packages/airflow/example_dags/example_dag_decorator.py took 0.245 seconds
[2025-05-09T12:49:02.431+0000] {processor.py:161} INFO - Started process (PID=2967) to work on /home/airflow/.local/lib/python3.10/site-packages/airflow/example_dags/example_dag_decorator.py
[2025-05-09T12:49:02.432+0000] {processor.py:830} INFO - Processing file /home/airflow/.local/lib/python3.10/site-packages/airflow/example_dags/example_dag_decorator.py for tasks to queue
[2025-05-09T12:49:02.434+0000] {logging_mixin.py:188} INFO - [2025-05-09T12:49:02.434+0000] {dagbag.py:545} INFO - Filling up the DagBag from /home/airflow/.local/lib/python3.10/site-packages/airflow/example_dags/example_dag_decorator.py
[2025-05-09T12:49:02.512+0000] {processor.py:840} INFO - DAG(s) 'example_dag_decorator' retrieved from /home/airflow/.local/lib/python3.10/site-packages/airflow/example_dags/example_dag_decorator.py
[2025-05-09T12:49:02.609+0000] {logging_mixin.py:188} INFO - [2025-05-09T12:49:02.609+0000] {dag.py:3096} INFO - Sync 1 DAGs
[2025-05-09T12:49:02.620+0000] {logging_mixin.py:188} INFO - [2025-05-09T12:49:02.620+0000] {dag.py:3954} INFO - Setting next_dagrun for example_dag_decorator to None, run_after=None
[2025-05-09T12:49:02.643+0000] {processor.py:183} INFO - Processing /home/airflow/.local/lib/python3.10/site-packages/airflow/example_dags/example_dag_decorator.py took 0.220 seconds
[2025-05-09T12:49:32.694+0000] {processor.py:161} INFO - Started process (PID=3232) to work on /home/airflow/.local/lib/python3.10/site-packages/airflow/example_dags/example_dag_decorator.py
[2025-05-09T12:49:32.696+0000] {processor.py:830} INFO - Processing file /home/airflow/.local/lib/python3.10/site-packages/airflow/example_dags/example_dag_decorator.py for tasks to queue
[2025-05-09T12:49:32.699+0000] {logging_mixin.py:188} INFO - [2025-05-09T12:49:32.698+0000] {dagbag.py:545} INFO - Filling up the DagBag from /home/airflow/.local/lib/python3.10/site-packages/airflow/example_dags/example_dag_decorator.py
[2025-05-09T12:49:32.805+0000] {processor.py:840} INFO - DAG(s) 'example_dag_decorator' retrieved from /home/airflow/.local/lib/python3.10/site-packages/airflow/example_dags/example_dag_decorator.py
[2025-05-09T12:49:32.965+0000] {logging_mixin.py:188} INFO - [2025-05-09T12:49:32.965+0000] {dag.py:3096} INFO - Sync 1 DAGs
[2025-05-09T12:49:32.992+0000] {logging_mixin.py:188} INFO - [2025-05-09T12:49:32.992+0000] {dag.py:3954} INFO - Setting next_dagrun for example_dag_decorator to None, run_after=None
[2025-05-09T12:49:33.033+0000] {processor.py:183} INFO - Processing /home/airflow/.local/lib/python3.10/site-packages/airflow/example_dags/example_dag_decorator.py took 0.348 seconds
[2025-05-09T12:50:03.198+0000] {processor.py:161} INFO - Started process (PID=3492) to work on /home/airflow/.local/lib/python3.10/site-packages/airflow/example_dags/example_dag_decorator.py
[2025-05-09T12:50:03.200+0000] {processor.py:830} INFO - Processing file /home/airflow/.local/lib/python3.10/site-packages/airflow/example_dags/example_dag_decorator.py for tasks to queue
[2025-05-09T12:50:03.203+0000] {logging_mixin.py:188} INFO - [2025-05-09T12:50:03.202+0000] {dagbag.py:545} INFO - Filling up the DagBag from /home/airflow/.local/lib/python3.10/site-packages/airflow/example_dags/example_dag_decorator.py
[2025-05-09T12:50:03.313+0000] {processor.py:840} INFO - DAG(s) 'example_dag_decorator' retrieved from /home/airflow/.local/lib/python3.10/site-packages/airflow/example_dags/example_dag_decorator.py
[2025-05-09T12:50:03.433+0000] {logging_mixin.py:188} INFO - [2025-05-09T12:50:03.432+0000] {dag.py:3096} INFO - Sync 1 DAGs
[2025-05-09T12:50:03.454+0000] {logging_mixin.py:188} INFO - [2025-05-09T12:50:03.453+0000] {dag.py:3954} INFO - Setting next_dagrun for example_dag_decorator to None, run_after=None
[2025-05-09T12:50:03.486+0000] {processor.py:183} INFO - Processing /home/airflow/.local/lib/python3.10/site-packages/airflow/example_dags/example_dag_decorator.py took 0.296 seconds
[2025-05-09T12:50:33.997+0000] {processor.py:161} INFO - Started process (PID=3760) to work on /home/airflow/.local/lib/python3.10/site-packages/airflow/example_dags/example_dag_decorator.py
[2025-05-09T12:50:33.999+0000] {processor.py:830} INFO - Processing file /home/airflow/.local/lib/python3.10/site-packages/airflow/example_dags/example_dag_decorator.py for tasks to queue
[2025-05-09T12:50:34.001+0000] {logging_mixin.py:188} INFO - [2025-05-09T12:50:34.001+0000] {dagbag.py:545} INFO - Filling up the DagBag from /home/airflow/.local/lib/python3.10/site-packages/airflow/example_dags/example_dag_decorator.py
[2025-05-09T12:50:34.093+0000] {processor.py:840} INFO - DAG(s) 'example_dag_decorator' retrieved from /home/airflow/.local/lib/python3.10/site-packages/airflow/example_dags/example_dag_decorator.py
[2025-05-09T12:50:34.209+0000] {logging_mixin.py:188} INFO - [2025-05-09T12:50:34.208+0000] {dag.py:3096} INFO - Sync 1 DAGs
[2025-05-09T12:50:34.221+0000] {logging_mixin.py:188} INFO - [2025-05-09T12:50:34.221+0000] {dag.py:3954} INFO - Setting next_dagrun for example_dag_decorator to None, run_after=None
[2025-05-09T12:50:34.248+0000] {processor.py:183} INFO - Processing /home/airflow/.local/lib/python3.10/site-packages/airflow/example_dags/example_dag_decorator.py took 0.260 seconds
[2025-05-09T12:51:05.020+0000] {processor.py:161} INFO - Started process (PID=4027) to work on /home/airflow/.local/lib/python3.10/site-packages/airflow/example_dags/example_dag_decorator.py
[2025-05-09T12:51:05.021+0000] {processor.py:830} INFO - Processing file /home/airflow/.local/lib/python3.10/site-packages/airflow/example_dags/example_dag_decorator.py for tasks to queue
[2025-05-09T12:51:05.023+0000] {logging_mixin.py:188} INFO - [2025-05-09T12:51:05.023+0000] {dagbag.py:545} INFO - Filling up the DagBag from /home/airflow/.local/lib/python3.10/site-packages/airflow/example_dags/example_dag_decorator.py
[2025-05-09T12:51:05.112+0000] {processor.py:840} INFO - DAG(s) 'example_dag_decorator' retrieved from /home/airflow/.local/lib/python3.10/site-packages/airflow/example_dags/example_dag_decorator.py
[2025-05-09T12:51:05.219+0000] {logging_mixin.py:188} INFO - [2025-05-09T12:51:05.218+0000] {dag.py:3096} INFO - Sync 1 DAGs
[2025-05-09T12:51:05.229+0000] {logging_mixin.py:188} INFO - [2025-05-09T12:51:05.228+0000] {dag.py:3954} INFO - Setting next_dagrun for example_dag_decorator to None, run_after=None
[2025-05-09T12:51:05.252+0000] {processor.py:183} INFO - Processing /home/airflow/.local/lib/python3.10/site-packages/airflow/example_dags/example_dag_decorator.py took 0.239 seconds
[2025-05-09T12:52:23.830+0000] {processor.py:161} INFO - Started process (PID=330) to work on /home/airflow/.local/lib/python3.10/site-packages/airflow/example_dags/example_dag_decorator.py
[2025-05-09T12:52:23.832+0000] {processor.py:830} INFO - Processing file /home/airflow/.local/lib/python3.10/site-packages/airflow/example_dags/example_dag_decorator.py for tasks to queue
[2025-05-09T12:52:23.836+0000] {logging_mixin.py:188} INFO - [2025-05-09T12:52:23.836+0000] {dagbag.py:545} INFO - Filling up the DagBag from /home/airflow/.local/lib/python3.10/site-packages/airflow/example_dags/example_dag_decorator.py
[2025-05-09T12:52:23.955+0000] {processor.py:840} INFO - DAG(s) 'example_dag_decorator' retrieved from /home/airflow/.local/lib/python3.10/site-packages/airflow/example_dags/example_dag_decorator.py
[2025-05-09T12:52:23.975+0000] {logging_mixin.py:188} INFO - [2025-05-09T12:52:23.974+0000] {dag.py:3096} INFO - Sync 1 DAGs
[2025-05-09T12:52:24.000+0000] {logging_mixin.py:188} INFO - [2025-05-09T12:52:24.000+0000] {dag.py:3954} INFO - Setting next_dagrun for example_dag_decorator to None, run_after=None
[2025-05-09T12:52:24.037+0000] {processor.py:183} INFO - Processing /home/airflow/.local/lib/python3.10/site-packages/airflow/example_dags/example_dag_decorator.py took 0.216 seconds
[2025-05-09T12:52:55.526+0000] {processor.py:161} INFO - Started process (PID=592) to work on /home/airflow/.local/lib/python3.10/site-packages/airflow/example_dags/example_dag_decorator.py
[2025-05-09T12:52:55.528+0000] {processor.py:830} INFO - Processing file /home/airflow/.local/lib/python3.10/site-packages/airflow/example_dags/example_dag_decorator.py for tasks to queue
[2025-05-09T12:52:55.531+0000] {logging_mixin.py:188} INFO - [2025-05-09T12:52:55.531+0000] {dagbag.py:545} INFO - Filling up the DagBag from /home/airflow/.local/lib/python3.10/site-packages/airflow/example_dags/example_dag_decorator.py
[2025-05-09T12:52:55.677+0000] {processor.py:840} INFO - DAG(s) 'example_dag_decorator' retrieved from /home/airflow/.local/lib/python3.10/site-packages/airflow/example_dags/example_dag_decorator.py
[2025-05-09T12:52:55.831+0000] {logging_mixin.py:188} INFO - [2025-05-09T12:52:55.831+0000] {dag.py:3096} INFO - Sync 1 DAGs
[2025-05-09T12:52:55.847+0000] {logging_mixin.py:188} INFO - [2025-05-09T12:52:55.847+0000] {dag.py:3954} INFO - Setting next_dagrun for example_dag_decorator to None, run_after=None
[2025-05-09T12:52:55.879+0000] {processor.py:183} INFO - Processing /home/airflow/.local/lib/python3.10/site-packages/airflow/example_dags/example_dag_decorator.py took 0.362 seconds
[2025-05-09T12:53:26.835+0000] {processor.py:161} INFO - Started process (PID=859) to work on /home/airflow/.local/lib/python3.10/site-packages/airflow/example_dags/example_dag_decorator.py
[2025-05-09T12:53:26.837+0000] {processor.py:830} INFO - Processing file /home/airflow/.local/lib/python3.10/site-packages/airflow/example_dags/example_dag_decorator.py for tasks to queue
[2025-05-09T12:53:26.839+0000] {logging_mixin.py:188} INFO - [2025-05-09T12:53:26.839+0000] {dagbag.py:545} INFO - Filling up the DagBag from /home/airflow/.local/lib/python3.10/site-packages/airflow/example_dags/example_dag_decorator.py
[2025-05-09T12:53:26.926+0000] {processor.py:840} INFO - DAG(s) 'example_dag_decorator' retrieved from /home/airflow/.local/lib/python3.10/site-packages/airflow/example_dags/example_dag_decorator.py
[2025-05-09T12:53:27.019+0000] {logging_mixin.py:188} INFO - [2025-05-09T12:53:27.018+0000] {dag.py:3096} INFO - Sync 1 DAGs
[2025-05-09T12:53:27.029+0000] {logging_mixin.py:188} INFO - [2025-05-09T12:53:27.028+0000] {dag.py:3954} INFO - Setting next_dagrun for example_dag_decorator to None, run_after=None
[2025-05-09T12:53:27.056+0000] {processor.py:183} INFO - Processing /home/airflow/.local/lib/python3.10/site-packages/airflow/example_dags/example_dag_decorator.py took 0.226 seconds
[2025-05-09T12:53:57.389+0000] {processor.py:161} INFO - Started process (PID=1121) to work on /home/airflow/.local/lib/python3.10/site-packages/airflow/example_dags/example_dag_decorator.py
[2025-05-09T12:53:57.391+0000] {processor.py:830} INFO - Processing file /home/airflow/.local/lib/python3.10/site-packages/airflow/example_dags/example_dag_decorator.py for tasks to queue
[2025-05-09T12:53:57.393+0000] {logging_mixin.py:188} INFO - [2025-05-09T12:53:57.393+0000] {dagbag.py:545} INFO - Filling up the DagBag from /home/airflow/.local/lib/python3.10/site-packages/airflow/example_dags/example_dag_decorator.py
[2025-05-09T12:53:57.486+0000] {processor.py:840} INFO - DAG(s) 'example_dag_decorator' retrieved from /home/airflow/.local/lib/python3.10/site-packages/airflow/example_dags/example_dag_decorator.py
[2025-05-09T12:53:57.596+0000] {logging_mixin.py:188} INFO - [2025-05-09T12:53:57.596+0000] {dag.py:3096} INFO - Sync 1 DAGs
[2025-05-09T12:53:57.606+0000] {logging_mixin.py:188} INFO - [2025-05-09T12:53:57.606+0000] {dag.py:3954} INFO - Setting next_dagrun for example_dag_decorator to None, run_after=None
[2025-05-09T12:53:57.630+0000] {processor.py:183} INFO - Processing /home/airflow/.local/lib/python3.10/site-packages/airflow/example_dags/example_dag_decorator.py took 0.247 seconds
[2025-05-09T12:54:28.258+0000] {processor.py:161} INFO - Started process (PID=1383) to work on /home/airflow/.local/lib/python3.10/site-packages/airflow/example_dags/example_dag_decorator.py
[2025-05-09T12:54:28.260+0000] {processor.py:830} INFO - Processing file /home/airflow/.local/lib/python3.10/site-packages/airflow/example_dags/example_dag_decorator.py for tasks to queue
[2025-05-09T12:54:28.263+0000] {logging_mixin.py:188} INFO - [2025-05-09T12:54:28.262+0000] {dagbag.py:545} INFO - Filling up the DagBag from /home/airflow/.local/lib/python3.10/site-packages/airflow/example_dags/example_dag_decorator.py
[2025-05-09T12:54:28.360+0000] {processor.py:840} INFO - DAG(s) 'example_dag_decorator' retrieved from /home/airflow/.local/lib/python3.10/site-packages/airflow/example_dags/example_dag_decorator.py
[2025-05-09T12:54:28.498+0000] {logging_mixin.py:188} INFO - [2025-05-09T12:54:28.497+0000] {dag.py:3096} INFO - Sync 1 DAGs
[2025-05-09T12:54:28.510+0000] {logging_mixin.py:188} INFO - [2025-05-09T12:54:28.510+0000] {dag.py:3954} INFO - Setting next_dagrun for example_dag_decorator to None, run_after=None
[2025-05-09T12:54:28.552+0000] {processor.py:183} INFO - Processing /home/airflow/.local/lib/python3.10/site-packages/airflow/example_dags/example_dag_decorator.py took 0.300 seconds
[2025-05-09T12:54:58.636+0000] {processor.py:161} INFO - Started process (PID=1645) to work on /home/airflow/.local/lib/python3.10/site-packages/airflow/example_dags/example_dag_decorator.py
[2025-05-09T12:54:58.638+0000] {processor.py:830} INFO - Processing file /home/airflow/.local/lib/python3.10/site-packages/airflow/example_dags/example_dag_decorator.py for tasks to queue
[2025-05-09T12:54:58.641+0000] {logging_mixin.py:188} INFO - [2025-05-09T12:54:58.641+0000] {dagbag.py:545} INFO - Filling up the DagBag from /home/airflow/.local/lib/python3.10/site-packages/airflow/example_dags/example_dag_decorator.py
[2025-05-09T12:54:58.731+0000] {processor.py:840} INFO - DAG(s) 'example_dag_decorator' retrieved from /home/airflow/.local/lib/python3.10/site-packages/airflow/example_dags/example_dag_decorator.py
[2025-05-09T12:54:58.850+0000] {logging_mixin.py:188} INFO - [2025-05-09T12:54:58.850+0000] {dag.py:3096} INFO - Sync 1 DAGs
[2025-05-09T12:54:58.862+0000] {logging_mixin.py:188} INFO - [2025-05-09T12:54:58.862+0000] {dag.py:3954} INFO - Setting next_dagrun for example_dag_decorator to None, run_after=None
[2025-05-09T12:54:58.888+0000] {processor.py:183} INFO - Processing /home/airflow/.local/lib/python3.10/site-packages/airflow/example_dags/example_dag_decorator.py took 0.261 seconds
[2025-05-09T12:55:28.944+0000] {processor.py:161} INFO - Started process (PID=1910) to work on /home/airflow/.local/lib/python3.10/site-packages/airflow/example_dags/example_dag_decorator.py
[2025-05-09T12:55:28.947+0000] {processor.py:830} INFO - Processing file /home/airflow/.local/lib/python3.10/site-packages/airflow/example_dags/example_dag_decorator.py for tasks to queue
[2025-05-09T12:55:28.950+0000] {logging_mixin.py:188} INFO - [2025-05-09T12:55:28.950+0000] {dagbag.py:545} INFO - Filling up the DagBag from /home/airflow/.local/lib/python3.10/site-packages/airflow/example_dags/example_dag_decorator.py
[2025-05-09T12:55:29.039+0000] {processor.py:840} INFO - DAG(s) 'example_dag_decorator' retrieved from /home/airflow/.local/lib/python3.10/site-packages/airflow/example_dags/example_dag_decorator.py
[2025-05-09T12:55:29.143+0000] {logging_mixin.py:188} INFO - [2025-05-09T12:55:29.143+0000] {dag.py:3096} INFO - Sync 1 DAGs
[2025-05-09T12:55:29.156+0000] {logging_mixin.py:188} INFO - [2025-05-09T12:55:29.156+0000] {dag.py:3954} INFO - Setting next_dagrun for example_dag_decorator to None, run_after=None
[2025-05-09T12:55:29.179+0000] {processor.py:183} INFO - Processing /home/airflow/.local/lib/python3.10/site-packages/airflow/example_dags/example_dag_decorator.py took 0.243 seconds
[2025-05-09T12:57:16.907+0000] {processor.py:161} INFO - Started process (PID=330) to work on /home/airflow/.local/lib/python3.10/site-packages/airflow/example_dags/example_dag_decorator.py
[2025-05-09T12:57:16.908+0000] {processor.py:830} INFO - Processing file /home/airflow/.local/lib/python3.10/site-packages/airflow/example_dags/example_dag_decorator.py for tasks to queue
[2025-05-09T12:57:16.910+0000] {logging_mixin.py:188} INFO - [2025-05-09T12:57:16.910+0000] {dagbag.py:545} INFO - Filling up the DagBag from /home/airflow/.local/lib/python3.10/site-packages/airflow/example_dags/example_dag_decorator.py
[2025-05-09T12:57:17.010+0000] {processor.py:840} INFO - DAG(s) 'example_dag_decorator' retrieved from /home/airflow/.local/lib/python3.10/site-packages/airflow/example_dags/example_dag_decorator.py
[2025-05-09T12:57:17.029+0000] {logging_mixin.py:188} INFO - [2025-05-09T12:57:17.029+0000] {dag.py:3096} INFO - Sync 1 DAGs
[2025-05-09T12:57:17.044+0000] {logging_mixin.py:188} INFO - [2025-05-09T12:57:17.044+0000] {dag.py:3954} INFO - Setting next_dagrun for example_dag_decorator to None, run_after=None
[2025-05-09T12:57:17.067+0000] {processor.py:183} INFO - Processing /home/airflow/.local/lib/python3.10/site-packages/airflow/example_dags/example_dag_decorator.py took 0.166 seconds
[2025-05-09T12:57:47.617+0000] {processor.py:161} INFO - Started process (PID=592) to work on /home/airflow/.local/lib/python3.10/site-packages/airflow/example_dags/example_dag_decorator.py
[2025-05-09T12:57:47.619+0000] {processor.py:830} INFO - Processing file /home/airflow/.local/lib/python3.10/site-packages/airflow/example_dags/example_dag_decorator.py for tasks to queue
[2025-05-09T12:57:47.621+0000] {logging_mixin.py:188} INFO - [2025-05-09T12:57:47.621+0000] {dagbag.py:545} INFO - Filling up the DagBag from /home/airflow/.local/lib/python3.10/site-packages/airflow/example_dags/example_dag_decorator.py
[2025-05-09T12:57:47.699+0000] {processor.py:840} INFO - DAG(s) 'example_dag_decorator' retrieved from /home/airflow/.local/lib/python3.10/site-packages/airflow/example_dags/example_dag_decorator.py
[2025-05-09T12:57:47.791+0000] {logging_mixin.py:188} INFO - [2025-05-09T12:57:47.791+0000] {dag.py:3096} INFO - Sync 1 DAGs
[2025-05-09T12:57:47.802+0000] {logging_mixin.py:188} INFO - [2025-05-09T12:57:47.801+0000] {dag.py:3954} INFO - Setting next_dagrun for example_dag_decorator to None, run_after=None
[2025-05-09T12:57:47.827+0000] {processor.py:183} INFO - Processing /home/airflow/.local/lib/python3.10/site-packages/airflow/example_dags/example_dag_decorator.py took 0.216 seconds
[2025-05-09T12:58:18.682+0000] {processor.py:161} INFO - Started process (PID=854) to work on /home/airflow/.local/lib/python3.10/site-packages/airflow/example_dags/example_dag_decorator.py
[2025-05-09T12:58:18.684+0000] {processor.py:830} INFO - Processing file /home/airflow/.local/lib/python3.10/site-packages/airflow/example_dags/example_dag_decorator.py for tasks to queue
[2025-05-09T12:58:18.686+0000] {logging_mixin.py:188} INFO - [2025-05-09T12:58:18.686+0000] {dagbag.py:545} INFO - Filling up the DagBag from /home/airflow/.local/lib/python3.10/site-packages/airflow/example_dags/example_dag_decorator.py
[2025-05-09T12:58:18.766+0000] {processor.py:840} INFO - DAG(s) 'example_dag_decorator' retrieved from /home/airflow/.local/lib/python3.10/site-packages/airflow/example_dags/example_dag_decorator.py
[2025-05-09T12:58:18.867+0000] {logging_mixin.py:188} INFO - [2025-05-09T12:58:18.866+0000] {dag.py:3096} INFO - Sync 1 DAGs
[2025-05-09T12:58:18.880+0000] {logging_mixin.py:188} INFO - [2025-05-09T12:58:18.880+0000] {dag.py:3954} INFO - Setting next_dagrun for example_dag_decorator to None, run_after=None
[2025-05-09T12:58:18.912+0000] {processor.py:183} INFO - Processing /home/airflow/.local/lib/python3.10/site-packages/airflow/example_dags/example_dag_decorator.py took 0.235 seconds
[2025-05-09T12:58:49.227+0000] {processor.py:161} INFO - Started process (PID=1116) to work on /home/airflow/.local/lib/python3.10/site-packages/airflow/example_dags/example_dag_decorator.py
[2025-05-09T12:58:49.229+0000] {processor.py:830} INFO - Processing file /home/airflow/.local/lib/python3.10/site-packages/airflow/example_dags/example_dag_decorator.py for tasks to queue
[2025-05-09T12:58:49.231+0000] {logging_mixin.py:188} INFO - [2025-05-09T12:58:49.231+0000] {dagbag.py:545} INFO - Filling up the DagBag from /home/airflow/.local/lib/python3.10/site-packages/airflow/example_dags/example_dag_decorator.py
[2025-05-09T12:58:49.307+0000] {processor.py:840} INFO - DAG(s) 'example_dag_decorator' retrieved from /home/airflow/.local/lib/python3.10/site-packages/airflow/example_dags/example_dag_decorator.py
[2025-05-09T12:58:49.401+0000] {logging_mixin.py:188} INFO - [2025-05-09T12:58:49.401+0000] {dag.py:3096} INFO - Sync 1 DAGs
[2025-05-09T12:58:49.414+0000] {logging_mixin.py:188} INFO - [2025-05-09T12:58:49.414+0000] {dag.py:3954} INFO - Setting next_dagrun for example_dag_decorator to None, run_after=None
[2025-05-09T12:58:49.439+0000] {processor.py:183} INFO - Processing /home/airflow/.local/lib/python3.10/site-packages/airflow/example_dags/example_dag_decorator.py took 0.217 seconds
[2025-05-09T12:59:19.618+0000] {processor.py:161} INFO - Started process (PID=1378) to work on /home/airflow/.local/lib/python3.10/site-packages/airflow/example_dags/example_dag_decorator.py
[2025-05-09T12:59:19.620+0000] {processor.py:830} INFO - Processing file /home/airflow/.local/lib/python3.10/site-packages/airflow/example_dags/example_dag_decorator.py for tasks to queue
[2025-05-09T12:59:19.623+0000] {logging_mixin.py:188} INFO - [2025-05-09T12:59:19.622+0000] {dagbag.py:545} INFO - Filling up the DagBag from /home/airflow/.local/lib/python3.10/site-packages/airflow/example_dags/example_dag_decorator.py
[2025-05-09T12:59:19.718+0000] {processor.py:840} INFO - DAG(s) 'example_dag_decorator' retrieved from /home/airflow/.local/lib/python3.10/site-packages/airflow/example_dags/example_dag_decorator.py
[2025-05-09T12:59:19.837+0000] {logging_mixin.py:188} INFO - [2025-05-09T12:59:19.837+0000] {dag.py:3096} INFO - Sync 1 DAGs
[2025-05-09T12:59:19.850+0000] {logging_mixin.py:188} INFO - [2025-05-09T12:59:19.850+0000] {dag.py:3954} INFO - Setting next_dagrun for example_dag_decorator to None, run_after=None
[2025-05-09T12:59:19.878+0000] {processor.py:183} INFO - Processing /home/airflow/.local/lib/python3.10/site-packages/airflow/example_dags/example_dag_decorator.py took 0.268 seconds
[2025-05-09T12:59:50.713+0000] {processor.py:161} INFO - Started process (PID=1640) to work on /home/airflow/.local/lib/python3.10/site-packages/airflow/example_dags/example_dag_decorator.py
[2025-05-09T12:59:50.714+0000] {processor.py:830} INFO - Processing file /home/airflow/.local/lib/python3.10/site-packages/airflow/example_dags/example_dag_decorator.py for tasks to queue
[2025-05-09T12:59:50.715+0000] {logging_mixin.py:188} INFO - [2025-05-09T12:59:50.715+0000] {dagbag.py:545} INFO - Filling up the DagBag from /home/airflow/.local/lib/python3.10/site-packages/airflow/example_dags/example_dag_decorator.py
[2025-05-09T12:59:50.802+0000] {processor.py:840} INFO - DAG(s) 'example_dag_decorator' retrieved from /home/airflow/.local/lib/python3.10/site-packages/airflow/example_dags/example_dag_decorator.py
[2025-05-09T12:59:50.918+0000] {logging_mixin.py:188} INFO - [2025-05-09T12:59:50.918+0000] {dag.py:3096} INFO - Sync 1 DAGs
[2025-05-09T12:59:50.931+0000] {logging_mixin.py:188} INFO - [2025-05-09T12:59:50.931+0000] {dag.py:3954} INFO - Setting next_dagrun for example_dag_decorator to None, run_after=None
[2025-05-09T12:59:50.970+0000] {processor.py:183} INFO - Processing /home/airflow/.local/lib/python3.10/site-packages/airflow/example_dags/example_dag_decorator.py took 0.264 seconds
[2025-05-09T13:00:21.064+0000] {processor.py:161} INFO - Started process (PID=1914) to work on /home/airflow/.local/lib/python3.10/site-packages/airflow/example_dags/example_dag_decorator.py
[2025-05-09T13:00:21.066+0000] {processor.py:830} INFO - Processing file /home/airflow/.local/lib/python3.10/site-packages/airflow/example_dags/example_dag_decorator.py for tasks to queue
[2025-05-09T13:00:21.069+0000] {logging_mixin.py:188} INFO - [2025-05-09T13:00:21.068+0000] {dagbag.py:545} INFO - Filling up the DagBag from /home/airflow/.local/lib/python3.10/site-packages/airflow/example_dags/example_dag_decorator.py
[2025-05-09T13:00:21.161+0000] {processor.py:840} INFO - DAG(s) 'example_dag_decorator' retrieved from /home/airflow/.local/lib/python3.10/site-packages/airflow/example_dags/example_dag_decorator.py
[2025-05-09T13:00:21.282+0000] {logging_mixin.py:188} INFO - [2025-05-09T13:00:21.281+0000] {dag.py:3096} INFO - Sync 1 DAGs
[2025-05-09T13:00:21.295+0000] {logging_mixin.py:188} INFO - [2025-05-09T13:00:21.295+0000] {dag.py:3954} INFO - Setting next_dagrun for example_dag_decorator to None, run_after=None
[2025-05-09T13:00:21.323+0000] {processor.py:183} INFO - Processing /home/airflow/.local/lib/python3.10/site-packages/airflow/example_dags/example_dag_decorator.py took 0.268 seconds
[2025-05-09T13:00:51.675+0000] {processor.py:161} INFO - Started process (PID=2173) to work on /home/airflow/.local/lib/python3.10/site-packages/airflow/example_dags/example_dag_decorator.py
[2025-05-09T13:00:51.678+0000] {processor.py:830} INFO - Processing file /home/airflow/.local/lib/python3.10/site-packages/airflow/example_dags/example_dag_decorator.py for tasks to queue
[2025-05-09T13:00:51.680+0000] {logging_mixin.py:188} INFO - [2025-05-09T13:00:51.680+0000] {dagbag.py:545} INFO - Filling up the DagBag from /home/airflow/.local/lib/python3.10/site-packages/airflow/example_dags/example_dag_decorator.py
[2025-05-09T13:00:51.757+0000] {processor.py:840} INFO - DAG(s) 'example_dag_decorator' retrieved from /home/airflow/.local/lib/python3.10/site-packages/airflow/example_dags/example_dag_decorator.py
[2025-05-09T13:00:51.850+0000] {logging_mixin.py:188} INFO - [2025-05-09T13:00:51.850+0000] {dag.py:3096} INFO - Sync 1 DAGs
[2025-05-09T13:00:51.861+0000] {logging_mixin.py:188} INFO - [2025-05-09T13:00:51.861+0000] {dag.py:3954} INFO - Setting next_dagrun for example_dag_decorator to None, run_after=None
[2025-05-09T13:00:51.883+0000] {processor.py:183} INFO - Processing /home/airflow/.local/lib/python3.10/site-packages/airflow/example_dags/example_dag_decorator.py took 0.214 seconds
[2025-05-09T13:01:22.058+0000] {processor.py:161} INFO - Started process (PID=2433) to work on /home/airflow/.local/lib/python3.10/site-packages/airflow/example_dags/example_dag_decorator.py
[2025-05-09T13:01:22.060+0000] {processor.py:830} INFO - Processing file /home/airflow/.local/lib/python3.10/site-packages/airflow/example_dags/example_dag_decorator.py for tasks to queue
[2025-05-09T13:01:22.061+0000] {logging_mixin.py:188} INFO - [2025-05-09T13:01:22.061+0000] {dagbag.py:545} INFO - Filling up the DagBag from /home/airflow/.local/lib/python3.10/site-packages/airflow/example_dags/example_dag_decorator.py
[2025-05-09T13:01:22.170+0000] {processor.py:840} INFO - DAG(s) 'example_dag_decorator' retrieved from /home/airflow/.local/lib/python3.10/site-packages/airflow/example_dags/example_dag_decorator.py
[2025-05-09T13:01:22.287+0000] {logging_mixin.py:188} INFO - [2025-05-09T13:01:22.287+0000] {dag.py:3096} INFO - Sync 1 DAGs
[2025-05-09T13:01:22.298+0000] {logging_mixin.py:188} INFO - [2025-05-09T13:01:22.298+0000] {dag.py:3954} INFO - Setting next_dagrun for example_dag_decorator to None, run_after=None
[2025-05-09T13:01:22.319+0000] {processor.py:183} INFO - Processing /home/airflow/.local/lib/python3.10/site-packages/airflow/example_dags/example_dag_decorator.py took 0.268 seconds
[2025-05-09T13:01:52.561+0000] {processor.py:161} INFO - Started process (PID=2695) to work on /home/airflow/.local/lib/python3.10/site-packages/airflow/example_dags/example_dag_decorator.py
[2025-05-09T13:01:52.562+0000] {processor.py:830} INFO - Processing file /home/airflow/.local/lib/python3.10/site-packages/airflow/example_dags/example_dag_decorator.py for tasks to queue
[2025-05-09T13:01:52.564+0000] {logging_mixin.py:188} INFO - [2025-05-09T13:01:52.564+0000] {dagbag.py:545} INFO - Filling up the DagBag from /home/airflow/.local/lib/python3.10/site-packages/airflow/example_dags/example_dag_decorator.py
[2025-05-09T13:01:52.666+0000] {processor.py:840} INFO - DAG(s) 'example_dag_decorator' retrieved from /home/airflow/.local/lib/python3.10/site-packages/airflow/example_dags/example_dag_decorator.py
[2025-05-09T13:01:52.779+0000] {logging_mixin.py:188} INFO - [2025-05-09T13:01:52.779+0000] {dag.py:3096} INFO - Sync 1 DAGs
[2025-05-09T13:01:52.795+0000] {logging_mixin.py:188} INFO - [2025-05-09T13:01:52.795+0000] {dag.py:3954} INFO - Setting next_dagrun for example_dag_decorator to None, run_after=None
[2025-05-09T13:01:52.815+0000] {processor.py:183} INFO - Processing /home/airflow/.local/lib/python3.10/site-packages/airflow/example_dags/example_dag_decorator.py took 0.262 seconds
[2025-05-09T13:02:22.918+0000] {processor.py:161} INFO - Started process (PID=2957) to work on /home/airflow/.local/lib/python3.10/site-packages/airflow/example_dags/example_dag_decorator.py
[2025-05-09T13:02:22.919+0000] {processor.py:830} INFO - Processing file /home/airflow/.local/lib/python3.10/site-packages/airflow/example_dags/example_dag_decorator.py for tasks to queue
[2025-05-09T13:02:22.921+0000] {logging_mixin.py:188} INFO - [2025-05-09T13:02:22.921+0000] {dagbag.py:545} INFO - Filling up the DagBag from /home/airflow/.local/lib/python3.10/site-packages/airflow/example_dags/example_dag_decorator.py
[2025-05-09T13:02:23.018+0000] {processor.py:840} INFO - DAG(s) 'example_dag_decorator' retrieved from /home/airflow/.local/lib/python3.10/site-packages/airflow/example_dags/example_dag_decorator.py
[2025-05-09T13:02:23.187+0000] {logging_mixin.py:188} INFO - [2025-05-09T13:02:23.187+0000] {dag.py:3096} INFO - Sync 1 DAGs
[2025-05-09T13:02:23.200+0000] {logging_mixin.py:188} INFO - [2025-05-09T13:02:23.199+0000] {dag.py:3954} INFO - Setting next_dagrun for example_dag_decorator to None, run_after=None
[2025-05-09T13:02:23.225+0000] {processor.py:183} INFO - Processing /home/airflow/.local/lib/python3.10/site-packages/airflow/example_dags/example_dag_decorator.py took 0.315 seconds
[2025-05-09T13:02:53.577+0000] {processor.py:161} INFO - Started process (PID=3219) to work on /home/airflow/.local/lib/python3.10/site-packages/airflow/example_dags/example_dag_decorator.py
[2025-05-09T13:02:53.579+0000] {processor.py:830} INFO - Processing file /home/airflow/.local/lib/python3.10/site-packages/airflow/example_dags/example_dag_decorator.py for tasks to queue
[2025-05-09T13:02:53.581+0000] {logging_mixin.py:188} INFO - [2025-05-09T13:02:53.581+0000] {dagbag.py:545} INFO - Filling up the DagBag from /home/airflow/.local/lib/python3.10/site-packages/airflow/example_dags/example_dag_decorator.py
[2025-05-09T13:02:53.683+0000] {processor.py:840} INFO - DAG(s) 'example_dag_decorator' retrieved from /home/airflow/.local/lib/python3.10/site-packages/airflow/example_dags/example_dag_decorator.py
[2025-05-09T13:02:53.803+0000] {logging_mixin.py:188} INFO - [2025-05-09T13:02:53.802+0000] {dag.py:3096} INFO - Sync 1 DAGs
[2025-05-09T13:02:53.815+0000] {logging_mixin.py:188} INFO - [2025-05-09T13:02:53.815+0000] {dag.py:3954} INFO - Setting next_dagrun for example_dag_decorator to None, run_after=None
[2025-05-09T13:02:53.837+0000] {processor.py:183} INFO - Processing /home/airflow/.local/lib/python3.10/site-packages/airflow/example_dags/example_dag_decorator.py took 0.268 seconds
[2025-05-09T13:03:25.120+0000] {processor.py:161} INFO - Started process (PID=3488) to work on /home/airflow/.local/lib/python3.10/site-packages/airflow/example_dags/example_dag_decorator.py
[2025-05-09T13:03:25.122+0000] {processor.py:830} INFO - Processing file /home/airflow/.local/lib/python3.10/site-packages/airflow/example_dags/example_dag_decorator.py for tasks to queue
[2025-05-09T13:03:25.124+0000] {logging_mixin.py:188} INFO - [2025-05-09T13:03:25.123+0000] {dagbag.py:545} INFO - Filling up the DagBag from /home/airflow/.local/lib/python3.10/site-packages/airflow/example_dags/example_dag_decorator.py
[2025-05-09T13:03:25.241+0000] {processor.py:840} INFO - DAG(s) 'example_dag_decorator' retrieved from /home/airflow/.local/lib/python3.10/site-packages/airflow/example_dags/example_dag_decorator.py
[2025-05-09T13:03:25.358+0000] {logging_mixin.py:188} INFO - [2025-05-09T13:03:25.358+0000] {dag.py:3096} INFO - Sync 1 DAGs
[2025-05-09T13:03:25.374+0000] {logging_mixin.py:188} INFO - [2025-05-09T13:03:25.373+0000] {dag.py:3954} INFO - Setting next_dagrun for example_dag_decorator to None, run_after=None
[2025-05-09T13:03:25.403+0000] {processor.py:183} INFO - Processing /home/airflow/.local/lib/python3.10/site-packages/airflow/example_dags/example_dag_decorator.py took 0.292 seconds
[2025-05-09T13:03:55.753+0000] {processor.py:161} INFO - Started process (PID=3758) to work on /home/airflow/.local/lib/python3.10/site-packages/airflow/example_dags/example_dag_decorator.py
[2025-05-09T13:03:55.755+0000] {processor.py:830} INFO - Processing file /home/airflow/.local/lib/python3.10/site-packages/airflow/example_dags/example_dag_decorator.py for tasks to queue
[2025-05-09T13:03:55.758+0000] {logging_mixin.py:188} INFO - [2025-05-09T13:03:55.757+0000] {dagbag.py:545} INFO - Filling up the DagBag from /home/airflow/.local/lib/python3.10/site-packages/airflow/example_dags/example_dag_decorator.py
[2025-05-09T13:03:55.871+0000] {processor.py:840} INFO - DAG(s) 'example_dag_decorator' retrieved from /home/airflow/.local/lib/python3.10/site-packages/airflow/example_dags/example_dag_decorator.py
[2025-05-09T13:03:56.005+0000] {logging_mixin.py:188} INFO - [2025-05-09T13:03:56.004+0000] {dag.py:3096} INFO - Sync 1 DAGs
[2025-05-09T13:03:56.021+0000] {logging_mixin.py:188} INFO - [2025-05-09T13:03:56.021+0000] {dag.py:3954} INFO - Setting next_dagrun for example_dag_decorator to None, run_after=None
[2025-05-09T13:03:56.052+0000] {processor.py:183} INFO - Processing /home/airflow/.local/lib/python3.10/site-packages/airflow/example_dags/example_dag_decorator.py took 0.307 seconds
[2025-05-09T15:43:49.558+0000] {processor.py:161} INFO - Started process (PID=4020) to work on /home/airflow/.local/lib/python3.10/site-packages/airflow/example_dags/example_dag_decorator.py
[2025-05-09T15:43:49.560+0000] {processor.py:830} INFO - Processing file /home/airflow/.local/lib/python3.10/site-packages/airflow/example_dags/example_dag_decorator.py for tasks to queue
[2025-05-09T15:43:49.565+0000] {logging_mixin.py:188} INFO - [2025-05-09T15:43:49.564+0000] {dagbag.py:545} INFO - Filling up the DagBag from /home/airflow/.local/lib/python3.10/site-packages/airflow/example_dags/example_dag_decorator.py
[2025-05-09T15:43:49.780+0000] {processor.py:840} INFO - DAG(s) 'example_dag_decorator' retrieved from /home/airflow/.local/lib/python3.10/site-packages/airflow/example_dags/example_dag_decorator.py
[2025-05-09T15:43:50.033+0000] {logging_mixin.py:188} INFO - [2025-05-09T15:43:50.032+0000] {dag.py:3096} INFO - Sync 1 DAGs
[2025-05-09T15:43:50.053+0000] {logging_mixin.py:188} INFO - [2025-05-09T15:43:50.053+0000] {dag.py:3954} INFO - Setting next_dagrun for example_dag_decorator to None, run_after=None
[2025-05-09T15:43:50.096+0000] {processor.py:183} INFO - Processing /home/airflow/.local/lib/python3.10/site-packages/airflow/example_dags/example_dag_decorator.py took 0.552 seconds
[2025-05-09T15:44:20.583+0000] {processor.py:161} INFO - Started process (PID=4289) to work on /home/airflow/.local/lib/python3.10/site-packages/airflow/example_dags/example_dag_decorator.py
[2025-05-09T15:44:20.584+0000] {processor.py:830} INFO - Processing file /home/airflow/.local/lib/python3.10/site-packages/airflow/example_dags/example_dag_decorator.py for tasks to queue
[2025-05-09T15:44:20.587+0000] {logging_mixin.py:188} INFO - [2025-05-09T15:44:20.586+0000] {dagbag.py:545} INFO - Filling up the DagBag from /home/airflow/.local/lib/python3.10/site-packages/airflow/example_dags/example_dag_decorator.py
[2025-05-09T15:44:20.717+0000] {processor.py:840} INFO - DAG(s) 'example_dag_decorator' retrieved from /home/airflow/.local/lib/python3.10/site-packages/airflow/example_dags/example_dag_decorator.py
[2025-05-09T15:44:20.890+0000] {logging_mixin.py:188} INFO - [2025-05-09T15:44:20.889+0000] {dag.py:3096} INFO - Sync 1 DAGs
[2025-05-09T15:44:20.909+0000] {logging_mixin.py:188} INFO - [2025-05-09T15:44:20.908+0000] {dag.py:3954} INFO - Setting next_dagrun for example_dag_decorator to None, run_after=None
[2025-05-09T15:44:20.937+0000] {processor.py:183} INFO - Processing /home/airflow/.local/lib/python3.10/site-packages/airflow/example_dags/example_dag_decorator.py took 0.362 seconds
[2025-05-09T15:44:51.317+0000] {processor.py:161} INFO - Started process (PID=4563) to work on /home/airflow/.local/lib/python3.10/site-packages/airflow/example_dags/example_dag_decorator.py
[2025-05-09T15:44:51.318+0000] {processor.py:830} INFO - Processing file /home/airflow/.local/lib/python3.10/site-packages/airflow/example_dags/example_dag_decorator.py for tasks to queue
[2025-05-09T15:44:51.321+0000] {logging_mixin.py:188} INFO - [2025-05-09T15:44:51.320+0000] {dagbag.py:545} INFO - Filling up the DagBag from /home/airflow/.local/lib/python3.10/site-packages/airflow/example_dags/example_dag_decorator.py
[2025-05-09T15:44:51.444+0000] {processor.py:840} INFO - DAG(s) 'example_dag_decorator' retrieved from /home/airflow/.local/lib/python3.10/site-packages/airflow/example_dags/example_dag_decorator.py
[2025-05-09T15:44:51.587+0000] {logging_mixin.py:188} INFO - [2025-05-09T15:44:51.587+0000] {dag.py:3096} INFO - Sync 1 DAGs
[2025-05-09T15:44:51.602+0000] {logging_mixin.py:188} INFO - [2025-05-09T15:44:51.601+0000] {dag.py:3954} INFO - Setting next_dagrun for example_dag_decorator to None, run_after=None
[2025-05-09T15:44:51.634+0000] {processor.py:183} INFO - Processing /home/airflow/.local/lib/python3.10/site-packages/airflow/example_dags/example_dag_decorator.py took 0.324 seconds
[2025-05-09T15:45:21.790+0000] {processor.py:161} INFO - Started process (PID=4824) to work on /home/airflow/.local/lib/python3.10/site-packages/airflow/example_dags/example_dag_decorator.py
[2025-05-09T15:45:21.792+0000] {processor.py:830} INFO - Processing file /home/airflow/.local/lib/python3.10/site-packages/airflow/example_dags/example_dag_decorator.py for tasks to queue
[2025-05-09T15:45:21.794+0000] {logging_mixin.py:188} INFO - [2025-05-09T15:45:21.794+0000] {dagbag.py:545} INFO - Filling up the DagBag from /home/airflow/.local/lib/python3.10/site-packages/airflow/example_dags/example_dag_decorator.py
[2025-05-09T15:45:21.969+0000] {processor.py:840} INFO - DAG(s) 'example_dag_decorator' retrieved from /home/airflow/.local/lib/python3.10/site-packages/airflow/example_dags/example_dag_decorator.py
[2025-05-09T15:45:22.137+0000] {logging_mixin.py:188} INFO - [2025-05-09T15:45:22.137+0000] {dag.py:3096} INFO - Sync 1 DAGs
[2025-05-09T15:45:22.152+0000] {logging_mixin.py:188} INFO - [2025-05-09T15:45:22.152+0000] {dag.py:3954} INFO - Setting next_dagrun for example_dag_decorator to None, run_after=None
[2025-05-09T15:45:22.181+0000] {processor.py:183} INFO - Processing /home/airflow/.local/lib/python3.10/site-packages/airflow/example_dags/example_dag_decorator.py took 0.402 seconds
[2025-05-09T15:45:52.368+0000] {processor.py:161} INFO - Started process (PID=5087) to work on /home/airflow/.local/lib/python3.10/site-packages/airflow/example_dags/example_dag_decorator.py
[2025-05-09T15:45:52.371+0000] {processor.py:830} INFO - Processing file /home/airflow/.local/lib/python3.10/site-packages/airflow/example_dags/example_dag_decorator.py for tasks to queue
[2025-05-09T15:45:52.377+0000] {logging_mixin.py:188} INFO - [2025-05-09T15:45:52.376+0000] {dagbag.py:545} INFO - Filling up the DagBag from /home/airflow/.local/lib/python3.10/site-packages/airflow/example_dags/example_dag_decorator.py
[2025-05-09T15:45:52.553+0000] {processor.py:840} INFO - DAG(s) 'example_dag_decorator' retrieved from /home/airflow/.local/lib/python3.10/site-packages/airflow/example_dags/example_dag_decorator.py
[2025-05-09T15:45:52.723+0000] {logging_mixin.py:188} INFO - [2025-05-09T15:45:52.722+0000] {dag.py:3096} INFO - Sync 1 DAGs
[2025-05-09T15:45:52.742+0000] {logging_mixin.py:188} INFO - [2025-05-09T15:45:52.742+0000] {dag.py:3954} INFO - Setting next_dagrun for example_dag_decorator to None, run_after=None
[2025-05-09T15:45:52.778+0000] {processor.py:183} INFO - Processing /home/airflow/.local/lib/python3.10/site-packages/airflow/example_dags/example_dag_decorator.py took 0.419 seconds
[2025-05-09T15:46:23.518+0000] {processor.py:161} INFO - Started process (PID=5359) to work on /home/airflow/.local/lib/python3.10/site-packages/airflow/example_dags/example_dag_decorator.py
[2025-05-09T15:46:23.520+0000] {processor.py:830} INFO - Processing file /home/airflow/.local/lib/python3.10/site-packages/airflow/example_dags/example_dag_decorator.py for tasks to queue
[2025-05-09T15:46:23.522+0000] {logging_mixin.py:188} INFO - [2025-05-09T15:46:23.522+0000] {dagbag.py:545} INFO - Filling up the DagBag from /home/airflow/.local/lib/python3.10/site-packages/airflow/example_dags/example_dag_decorator.py
[2025-05-09T15:46:23.663+0000] {processor.py:840} INFO - DAG(s) 'example_dag_decorator' retrieved from /home/airflow/.local/lib/python3.10/site-packages/airflow/example_dags/example_dag_decorator.py
[2025-05-09T15:46:23.801+0000] {logging_mixin.py:188} INFO - [2025-05-09T15:46:23.800+0000] {dag.py:3096} INFO - Sync 1 DAGs
[2025-05-09T15:46:23.819+0000] {logging_mixin.py:188} INFO - [2025-05-09T15:46:23.819+0000] {dag.py:3954} INFO - Setting next_dagrun for example_dag_decorator to None, run_after=None
[2025-05-09T15:46:23.843+0000] {processor.py:183} INFO - Processing /home/airflow/.local/lib/python3.10/site-packages/airflow/example_dags/example_dag_decorator.py took 0.334 seconds
[2025-05-09T15:46:54.368+0000] {processor.py:161} INFO - Started process (PID=5626) to work on /home/airflow/.local/lib/python3.10/site-packages/airflow/example_dags/example_dag_decorator.py
[2025-05-09T15:46:54.369+0000] {processor.py:830} INFO - Processing file /home/airflow/.local/lib/python3.10/site-packages/airflow/example_dags/example_dag_decorator.py for tasks to queue
[2025-05-09T15:46:54.372+0000] {logging_mixin.py:188} INFO - [2025-05-09T15:46:54.372+0000] {dagbag.py:545} INFO - Filling up the DagBag from /home/airflow/.local/lib/python3.10/site-packages/airflow/example_dags/example_dag_decorator.py
[2025-05-09T15:46:54.491+0000] {processor.py:840} INFO - DAG(s) 'example_dag_decorator' retrieved from /home/airflow/.local/lib/python3.10/site-packages/airflow/example_dags/example_dag_decorator.py
[2025-05-09T15:46:54.618+0000] {logging_mixin.py:188} INFO - [2025-05-09T15:46:54.618+0000] {dag.py:3096} INFO - Sync 1 DAGs
[2025-05-09T15:46:54.632+0000] {logging_mixin.py:188} INFO - [2025-05-09T15:46:54.632+0000] {dag.py:3954} INFO - Setting next_dagrun for example_dag_decorator to None, run_after=None
[2025-05-09T15:46:54.663+0000] {processor.py:183} INFO - Processing /home/airflow/.local/lib/python3.10/site-packages/airflow/example_dags/example_dag_decorator.py took 0.305 seconds
[2025-05-09T15:47:25.047+0000] {processor.py:161} INFO - Started process (PID=5893) to work on /home/airflow/.local/lib/python3.10/site-packages/airflow/example_dags/example_dag_decorator.py
[2025-05-09T15:47:25.049+0000] {processor.py:830} INFO - Processing file /home/airflow/.local/lib/python3.10/site-packages/airflow/example_dags/example_dag_decorator.py for tasks to queue
[2025-05-09T15:47:25.051+0000] {logging_mixin.py:188} INFO - [2025-05-09T15:47:25.050+0000] {dagbag.py:545} INFO - Filling up the DagBag from /home/airflow/.local/lib/python3.10/site-packages/airflow/example_dags/example_dag_decorator.py
[2025-05-09T15:47:25.142+0000] {processor.py:840} INFO - DAG(s) 'example_dag_decorator' retrieved from /home/airflow/.local/lib/python3.10/site-packages/airflow/example_dags/example_dag_decorator.py
[2025-05-09T15:47:25.284+0000] {logging_mixin.py:188} INFO - [2025-05-09T15:47:25.284+0000] {dag.py:3096} INFO - Sync 1 DAGs
[2025-05-09T15:47:25.295+0000] {logging_mixin.py:188} INFO - [2025-05-09T15:47:25.294+0000] {dag.py:3954} INFO - Setting next_dagrun for example_dag_decorator to None, run_after=None
[2025-05-09T15:47:25.329+0000] {processor.py:183} INFO - Processing /home/airflow/.local/lib/python3.10/site-packages/airflow/example_dags/example_dag_decorator.py took 0.289 seconds
[2025-05-09T15:47:55.604+0000] {processor.py:161} INFO - Started process (PID=6153) to work on /home/airflow/.local/lib/python3.10/site-packages/airflow/example_dags/example_dag_decorator.py
[2025-05-09T15:47:55.607+0000] {processor.py:830} INFO - Processing file /home/airflow/.local/lib/python3.10/site-packages/airflow/example_dags/example_dag_decorator.py for tasks to queue
[2025-05-09T15:47:55.610+0000] {logging_mixin.py:188} INFO - [2025-05-09T15:47:55.609+0000] {dagbag.py:545} INFO - Filling up the DagBag from /home/airflow/.local/lib/python3.10/site-packages/airflow/example_dags/example_dag_decorator.py
[2025-05-09T15:47:55.745+0000] {processor.py:840} INFO - DAG(s) 'example_dag_decorator' retrieved from /home/airflow/.local/lib/python3.10/site-packages/airflow/example_dags/example_dag_decorator.py
[2025-05-09T15:47:55.778+0000] {logging_mixin.py:188} INFO - [2025-05-09T15:47:55.778+0000] {dag.py:3096} INFO - Sync 1 DAGs
[2025-05-09T15:47:55.794+0000] {logging_mixin.py:188} INFO - [2025-05-09T15:47:55.794+0000] {dag.py:3954} INFO - Setting next_dagrun for example_dag_decorator to None, run_after=None
[2025-05-09T15:47:55.819+0000] {processor.py:183} INFO - Processing /home/airflow/.local/lib/python3.10/site-packages/airflow/example_dags/example_dag_decorator.py took 0.227 seconds
[2025-05-09T15:48:25.891+0000] {processor.py:161} INFO - Started process (PID=6428) to work on /home/airflow/.local/lib/python3.10/site-packages/airflow/example_dags/example_dag_decorator.py
[2025-05-09T15:48:25.892+0000] {processor.py:830} INFO - Processing file /home/airflow/.local/lib/python3.10/site-packages/airflow/example_dags/example_dag_decorator.py for tasks to queue
[2025-05-09T15:48:25.894+0000] {logging_mixin.py:188} INFO - [2025-05-09T15:48:25.894+0000] {dagbag.py:545} INFO - Filling up the DagBag from /home/airflow/.local/lib/python3.10/site-packages/airflow/example_dags/example_dag_decorator.py
[2025-05-09T15:48:25.977+0000] {processor.py:840} INFO - DAG(s) 'example_dag_decorator' retrieved from /home/airflow/.local/lib/python3.10/site-packages/airflow/example_dags/example_dag_decorator.py
[2025-05-09T15:48:26.003+0000] {logging_mixin.py:188} INFO - [2025-05-09T15:48:26.003+0000] {dag.py:3096} INFO - Sync 1 DAGs
[2025-05-09T15:48:26.019+0000] {logging_mixin.py:188} INFO - [2025-05-09T15:48:26.018+0000] {dag.py:3954} INFO - Setting next_dagrun for example_dag_decorator to None, run_after=None
[2025-05-09T15:48:26.037+0000] {processor.py:183} INFO - Processing /home/airflow/.local/lib/python3.10/site-packages/airflow/example_dags/example_dag_decorator.py took 0.154 seconds
[2025-05-09T15:48:56.802+0000] {processor.py:161} INFO - Started process (PID=6704) to work on /home/airflow/.local/lib/python3.10/site-packages/airflow/example_dags/example_dag_decorator.py
[2025-05-09T15:48:56.803+0000] {processor.py:830} INFO - Processing file /home/airflow/.local/lib/python3.10/site-packages/airflow/example_dags/example_dag_decorator.py for tasks to queue
[2025-05-09T15:48:56.805+0000] {logging_mixin.py:188} INFO - [2025-05-09T15:48:56.804+0000] {dagbag.py:545} INFO - Filling up the DagBag from /home/airflow/.local/lib/python3.10/site-packages/airflow/example_dags/example_dag_decorator.py
[2025-05-09T15:48:56.946+0000] {processor.py:840} INFO - DAG(s) 'example_dag_decorator' retrieved from /home/airflow/.local/lib/python3.10/site-packages/airflow/example_dags/example_dag_decorator.py
[2025-05-09T15:48:57.063+0000] {logging_mixin.py:188} INFO - [2025-05-09T15:48:57.063+0000] {dag.py:3096} INFO - Sync 1 DAGs
[2025-05-09T15:48:57.076+0000] {logging_mixin.py:188} INFO - [2025-05-09T15:48:57.076+0000] {dag.py:3954} INFO - Setting next_dagrun for example_dag_decorator to None, run_after=None
[2025-05-09T15:48:57.104+0000] {processor.py:183} INFO - Processing /home/airflow/.local/lib/python3.10/site-packages/airflow/example_dags/example_dag_decorator.py took 0.311 seconds
[2025-05-09T15:49:27.224+0000] {processor.py:161} INFO - Started process (PID=6978) to work on /home/airflow/.local/lib/python3.10/site-packages/airflow/example_dags/example_dag_decorator.py
[2025-05-09T15:49:27.226+0000] {processor.py:830} INFO - Processing file /home/airflow/.local/lib/python3.10/site-packages/airflow/example_dags/example_dag_decorator.py for tasks to queue
[2025-05-09T15:49:27.228+0000] {logging_mixin.py:188} INFO - [2025-05-09T15:49:27.228+0000] {dagbag.py:545} INFO - Filling up the DagBag from /home/airflow/.local/lib/python3.10/site-packages/airflow/example_dags/example_dag_decorator.py
[2025-05-09T15:49:27.347+0000] {processor.py:840} INFO - DAG(s) 'example_dag_decorator' retrieved from /home/airflow/.local/lib/python3.10/site-packages/airflow/example_dags/example_dag_decorator.py
[2025-05-09T15:49:27.381+0000] {logging_mixin.py:188} INFO - [2025-05-09T15:49:27.381+0000] {dag.py:3096} INFO - Sync 1 DAGs
[2025-05-09T15:49:27.398+0000] {logging_mixin.py:188} INFO - [2025-05-09T15:49:27.398+0000] {dag.py:3954} INFO - Setting next_dagrun for example_dag_decorator to None, run_after=None
[2025-05-09T15:49:27.425+0000] {processor.py:183} INFO - Processing /home/airflow/.local/lib/python3.10/site-packages/airflow/example_dags/example_dag_decorator.py took 0.211 seconds
[2025-05-09T15:49:57.551+0000] {processor.py:161} INFO - Started process (PID=7245) to work on /home/airflow/.local/lib/python3.10/site-packages/airflow/example_dags/example_dag_decorator.py
[2025-05-09T15:49:57.553+0000] {processor.py:830} INFO - Processing file /home/airflow/.local/lib/python3.10/site-packages/airflow/example_dags/example_dag_decorator.py for tasks to queue
[2025-05-09T15:49:57.555+0000] {logging_mixin.py:188} INFO - [2025-05-09T15:49:57.555+0000] {dagbag.py:545} INFO - Filling up the DagBag from /home/airflow/.local/lib/python3.10/site-packages/airflow/example_dags/example_dag_decorator.py
[2025-05-09T15:49:57.712+0000] {processor.py:840} INFO - DAG(s) 'example_dag_decorator' retrieved from /home/airflow/.local/lib/python3.10/site-packages/airflow/example_dags/example_dag_decorator.py
[2025-05-09T15:49:57.825+0000] {logging_mixin.py:188} INFO - [2025-05-09T15:49:57.824+0000] {dag.py:3096} INFO - Sync 1 DAGs
[2025-05-09T15:49:57.837+0000] {logging_mixin.py:188} INFO - [2025-05-09T15:49:57.837+0000] {dag.py:3954} INFO - Setting next_dagrun for example_dag_decorator to None, run_after=None
[2025-05-09T15:49:57.863+0000] {processor.py:183} INFO - Processing /home/airflow/.local/lib/python3.10/site-packages/airflow/example_dags/example_dag_decorator.py took 0.321 seconds
[2025-05-09T15:50:27.963+0000] {processor.py:161} INFO - Started process (PID=7518) to work on /home/airflow/.local/lib/python3.10/site-packages/airflow/example_dags/example_dag_decorator.py
[2025-05-09T15:50:27.964+0000] {processor.py:830} INFO - Processing file /home/airflow/.local/lib/python3.10/site-packages/airflow/example_dags/example_dag_decorator.py for tasks to queue
[2025-05-09T15:50:27.966+0000] {logging_mixin.py:188} INFO - [2025-05-09T15:50:27.966+0000] {dagbag.py:545} INFO - Filling up the DagBag from /home/airflow/.local/lib/python3.10/site-packages/airflow/example_dags/example_dag_decorator.py
[2025-05-09T15:50:28.066+0000] {processor.py:840} INFO - DAG(s) 'example_dag_decorator' retrieved from /home/airflow/.local/lib/python3.10/site-packages/airflow/example_dags/example_dag_decorator.py
[2025-05-09T15:50:28.210+0000] {logging_mixin.py:188} INFO - [2025-05-09T15:50:28.209+0000] {dag.py:3096} INFO - Sync 1 DAGs
[2025-05-09T15:50:28.221+0000] {logging_mixin.py:188} INFO - [2025-05-09T15:50:28.221+0000] {dag.py:3954} INFO - Setting next_dagrun for example_dag_decorator to None, run_after=None
[2025-05-09T15:50:28.264+0000] {processor.py:183} INFO - Processing /home/airflow/.local/lib/python3.10/site-packages/airflow/example_dags/example_dag_decorator.py took 0.309 seconds
[2025-05-09T15:50:58.413+0000] {processor.py:161} INFO - Started process (PID=7785) to work on /home/airflow/.local/lib/python3.10/site-packages/airflow/example_dags/example_dag_decorator.py
[2025-05-09T15:50:58.414+0000] {processor.py:830} INFO - Processing file /home/airflow/.local/lib/python3.10/site-packages/airflow/example_dags/example_dag_decorator.py for tasks to queue
[2025-05-09T15:50:58.416+0000] {logging_mixin.py:188} INFO - [2025-05-09T15:50:58.415+0000] {dagbag.py:545} INFO - Filling up the DagBag from /home/airflow/.local/lib/python3.10/site-packages/airflow/example_dags/example_dag_decorator.py
[2025-05-09T15:50:58.510+0000] {processor.py:840} INFO - DAG(s) 'example_dag_decorator' retrieved from /home/airflow/.local/lib/python3.10/site-packages/airflow/example_dags/example_dag_decorator.py
[2025-05-09T15:50:58.640+0000] {logging_mixin.py:188} INFO - [2025-05-09T15:50:58.639+0000] {dag.py:3096} INFO - Sync 1 DAGs
[2025-05-09T15:50:58.653+0000] {logging_mixin.py:188} INFO - [2025-05-09T15:50:58.653+0000] {dag.py:3954} INFO - Setting next_dagrun for example_dag_decorator to None, run_after=None
[2025-05-09T15:50:58.674+0000] {processor.py:183} INFO - Processing /home/airflow/.local/lib/python3.10/site-packages/airflow/example_dags/example_dag_decorator.py took 0.270 seconds
[2025-05-09T15:51:28.866+0000] {processor.py:161} INFO - Started process (PID=8061) to work on /home/airflow/.local/lib/python3.10/site-packages/airflow/example_dags/example_dag_decorator.py
[2025-05-09T15:51:28.868+0000] {processor.py:830} INFO - Processing file /home/airflow/.local/lib/python3.10/site-packages/airflow/example_dags/example_dag_decorator.py for tasks to queue
[2025-05-09T15:51:28.872+0000] {logging_mixin.py:188} INFO - [2025-05-09T15:51:28.871+0000] {dagbag.py:545} INFO - Filling up the DagBag from /home/airflow/.local/lib/python3.10/site-packages/airflow/example_dags/example_dag_decorator.py
[2025-05-09T15:51:28.962+0000] {processor.py:840} INFO - DAG(s) 'example_dag_decorator' retrieved from /home/airflow/.local/lib/python3.10/site-packages/airflow/example_dags/example_dag_decorator.py
[2025-05-09T15:51:29.062+0000] {logging_mixin.py:188} INFO - [2025-05-09T15:51:29.061+0000] {dag.py:3096} INFO - Sync 1 DAGs
[2025-05-09T15:51:29.073+0000] {logging_mixin.py:188} INFO - [2025-05-09T15:51:29.073+0000] {dag.py:3954} INFO - Setting next_dagrun for example_dag_decorator to None, run_after=None
[2025-05-09T15:51:29.105+0000] {processor.py:183} INFO - Processing /home/airflow/.local/lib/python3.10/site-packages/airflow/example_dags/example_dag_decorator.py took 0.246 seconds
[2025-05-09T15:51:59.250+0000] {processor.py:161} INFO - Started process (PID=8328) to work on /home/airflow/.local/lib/python3.10/site-packages/airflow/example_dags/example_dag_decorator.py
[2025-05-09T15:51:59.252+0000] {processor.py:830} INFO - Processing file /home/airflow/.local/lib/python3.10/site-packages/airflow/example_dags/example_dag_decorator.py for tasks to queue
[2025-05-09T15:51:59.254+0000] {logging_mixin.py:188} INFO - [2025-05-09T15:51:59.254+0000] {dagbag.py:545} INFO - Filling up the DagBag from /home/airflow/.local/lib/python3.10/site-packages/airflow/example_dags/example_dag_decorator.py
[2025-05-09T15:51:59.362+0000] {processor.py:840} INFO - DAG(s) 'example_dag_decorator' retrieved from /home/airflow/.local/lib/python3.10/site-packages/airflow/example_dags/example_dag_decorator.py
[2025-05-09T15:51:59.495+0000] {logging_mixin.py:188} INFO - [2025-05-09T15:51:59.494+0000] {dag.py:3096} INFO - Sync 1 DAGs
[2025-05-09T15:51:59.508+0000] {logging_mixin.py:188} INFO - [2025-05-09T15:51:59.507+0000] {dag.py:3954} INFO - Setting next_dagrun for example_dag_decorator to None, run_after=None
[2025-05-09T15:51:59.535+0000] {processor.py:183} INFO - Processing /home/airflow/.local/lib/python3.10/site-packages/airflow/example_dags/example_dag_decorator.py took 0.292 seconds
[2025-05-09T15:52:30.479+0000] {processor.py:161} INFO - Started process (PID=8601) to work on /home/airflow/.local/lib/python3.10/site-packages/airflow/example_dags/example_dag_decorator.py
[2025-05-09T15:52:30.482+0000] {processor.py:830} INFO - Processing file /home/airflow/.local/lib/python3.10/site-packages/airflow/example_dags/example_dag_decorator.py for tasks to queue
[2025-05-09T15:52:30.484+0000] {logging_mixin.py:188} INFO - [2025-05-09T15:52:30.484+0000] {dagbag.py:545} INFO - Filling up the DagBag from /home/airflow/.local/lib/python3.10/site-packages/airflow/example_dags/example_dag_decorator.py
[2025-05-09T15:52:30.583+0000] {processor.py:840} INFO - DAG(s) 'example_dag_decorator' retrieved from /home/airflow/.local/lib/python3.10/site-packages/airflow/example_dags/example_dag_decorator.py
[2025-05-09T15:52:30.724+0000] {logging_mixin.py:188} INFO - [2025-05-09T15:52:30.724+0000] {dag.py:3096} INFO - Sync 1 DAGs
[2025-05-09T15:52:30.737+0000] {logging_mixin.py:188} INFO - [2025-05-09T15:52:30.737+0000] {dag.py:3954} INFO - Setting next_dagrun for example_dag_decorator to None, run_after=None
[2025-05-09T15:52:30.768+0000] {processor.py:183} INFO - Processing /home/airflow/.local/lib/python3.10/site-packages/airflow/example_dags/example_dag_decorator.py took 0.296 seconds
[2025-05-09T15:53:01.397+0000] {processor.py:161} INFO - Started process (PID=8868) to work on /home/airflow/.local/lib/python3.10/site-packages/airflow/example_dags/example_dag_decorator.py
[2025-05-09T15:53:01.399+0000] {processor.py:830} INFO - Processing file /home/airflow/.local/lib/python3.10/site-packages/airflow/example_dags/example_dag_decorator.py for tasks to queue
[2025-05-09T15:53:01.402+0000] {logging_mixin.py:188} INFO - [2025-05-09T15:53:01.402+0000] {dagbag.py:545} INFO - Filling up the DagBag from /home/airflow/.local/lib/python3.10/site-packages/airflow/example_dags/example_dag_decorator.py
[2025-05-09T15:53:01.506+0000] {processor.py:840} INFO - DAG(s) 'example_dag_decorator' retrieved from /home/airflow/.local/lib/python3.10/site-packages/airflow/example_dags/example_dag_decorator.py
[2025-05-09T15:53:01.654+0000] {logging_mixin.py:188} INFO - [2025-05-09T15:53:01.654+0000] {dag.py:3096} INFO - Sync 1 DAGs
[2025-05-09T15:53:01.669+0000] {logging_mixin.py:188} INFO - [2025-05-09T15:53:01.669+0000] {dag.py:3954} INFO - Setting next_dagrun for example_dag_decorator to None, run_after=None
[2025-05-09T15:53:01.706+0000] {processor.py:183} INFO - Processing /home/airflow/.local/lib/python3.10/site-packages/airflow/example_dags/example_dag_decorator.py took 0.318 seconds
[2025-05-09T15:53:31.880+0000] {processor.py:161} INFO - Started process (PID=9122) to work on /home/airflow/.local/lib/python3.10/site-packages/airflow/example_dags/example_dag_decorator.py
[2025-05-09T15:53:31.882+0000] {processor.py:830} INFO - Processing file /home/airflow/.local/lib/python3.10/site-packages/airflow/example_dags/example_dag_decorator.py for tasks to queue
[2025-05-09T15:53:31.886+0000] {logging_mixin.py:188} INFO - [2025-05-09T15:53:31.884+0000] {dagbag.py:545} INFO - Filling up the DagBag from /home/airflow/.local/lib/python3.10/site-packages/airflow/example_dags/example_dag_decorator.py
[2025-05-09T15:53:31.997+0000] {processor.py:840} INFO - DAG(s) 'example_dag_decorator' retrieved from /home/airflow/.local/lib/python3.10/site-packages/airflow/example_dags/example_dag_decorator.py
[2025-05-09T15:53:32.150+0000] {logging_mixin.py:188} INFO - [2025-05-09T15:53:32.150+0000] {dag.py:3096} INFO - Sync 1 DAGs
[2025-05-09T15:53:32.164+0000] {logging_mixin.py:188} INFO - [2025-05-09T15:53:32.164+0000] {dag.py:3954} INFO - Setting next_dagrun for example_dag_decorator to None, run_after=None
[2025-05-09T15:53:32.199+0000] {processor.py:183} INFO - Processing /home/airflow/.local/lib/python3.10/site-packages/airflow/example_dags/example_dag_decorator.py took 0.329 seconds
[2025-05-09T15:54:02.281+0000] {processor.py:161} INFO - Started process (PID=9401) to work on /home/airflow/.local/lib/python3.10/site-packages/airflow/example_dags/example_dag_decorator.py
[2025-05-09T15:54:02.282+0000] {processor.py:830} INFO - Processing file /home/airflow/.local/lib/python3.10/site-packages/airflow/example_dags/example_dag_decorator.py for tasks to queue
[2025-05-09T15:54:02.286+0000] {logging_mixin.py:188} INFO - [2025-05-09T15:54:02.285+0000] {dagbag.py:545} INFO - Filling up the DagBag from /home/airflow/.local/lib/python3.10/site-packages/airflow/example_dags/example_dag_decorator.py
[2025-05-09T15:54:02.378+0000] {processor.py:840} INFO - DAG(s) 'example_dag_decorator' retrieved from /home/airflow/.local/lib/python3.10/site-packages/airflow/example_dags/example_dag_decorator.py
[2025-05-09T15:54:02.417+0000] {logging_mixin.py:188} INFO - [2025-05-09T15:54:02.417+0000] {dag.py:3096} INFO - Sync 1 DAGs
[2025-05-09T15:54:02.434+0000] {logging_mixin.py:188} INFO - [2025-05-09T15:54:02.434+0000] {dag.py:3954} INFO - Setting next_dagrun for example_dag_decorator to None, run_after=None
[2025-05-09T15:54:02.462+0000] {processor.py:183} INFO - Processing /home/airflow/.local/lib/python3.10/site-packages/airflow/example_dags/example_dag_decorator.py took 0.187 seconds
[2025-05-09T15:54:32.888+0000] {processor.py:161} INFO - Started process (PID=9670) to work on /home/airflow/.local/lib/python3.10/site-packages/airflow/example_dags/example_dag_decorator.py
[2025-05-09T15:54:32.891+0000] {processor.py:830} INFO - Processing file /home/airflow/.local/lib/python3.10/site-packages/airflow/example_dags/example_dag_decorator.py for tasks to queue
[2025-05-09T15:54:32.894+0000] {logging_mixin.py:188} INFO - [2025-05-09T15:54:32.893+0000] {dagbag.py:545} INFO - Filling up the DagBag from /home/airflow/.local/lib/python3.10/site-packages/airflow/example_dags/example_dag_decorator.py
[2025-05-09T15:54:32.991+0000] {processor.py:840} INFO - DAG(s) 'example_dag_decorator' retrieved from /home/airflow/.local/lib/python3.10/site-packages/airflow/example_dags/example_dag_decorator.py
[2025-05-09T15:54:33.022+0000] {logging_mixin.py:188} INFO - [2025-05-09T15:54:33.022+0000] {dag.py:3096} INFO - Sync 1 DAGs
[2025-05-09T15:54:33.039+0000] {logging_mixin.py:188} INFO - [2025-05-09T15:54:33.038+0000] {dag.py:3954} INFO - Setting next_dagrun for example_dag_decorator to None, run_after=None
[2025-05-09T15:54:33.066+0000] {processor.py:183} INFO - Processing /home/airflow/.local/lib/python3.10/site-packages/airflow/example_dags/example_dag_decorator.py took 0.186 seconds
[2025-05-09T15:55:03.434+0000] {processor.py:161} INFO - Started process (PID=9935) to work on /home/airflow/.local/lib/python3.10/site-packages/airflow/example_dags/example_dag_decorator.py
[2025-05-09T15:55:03.436+0000] {processor.py:830} INFO - Processing file /home/airflow/.local/lib/python3.10/site-packages/airflow/example_dags/example_dag_decorator.py for tasks to queue
[2025-05-09T15:55:03.438+0000] {logging_mixin.py:188} INFO - [2025-05-09T15:55:03.438+0000] {dagbag.py:545} INFO - Filling up the DagBag from /home/airflow/.local/lib/python3.10/site-packages/airflow/example_dags/example_dag_decorator.py
[2025-05-09T15:55:03.550+0000] {processor.py:840} INFO - DAG(s) 'example_dag_decorator' retrieved from /home/airflow/.local/lib/python3.10/site-packages/airflow/example_dags/example_dag_decorator.py
[2025-05-09T15:55:03.642+0000] {logging_mixin.py:188} INFO - [2025-05-09T15:55:03.642+0000] {dag.py:3096} INFO - Sync 1 DAGs
[2025-05-09T15:55:03.653+0000] {logging_mixin.py:188} INFO - [2025-05-09T15:55:03.653+0000] {dag.py:3954} INFO - Setting next_dagrun for example_dag_decorator to None, run_after=None
[2025-05-09T15:55:03.677+0000] {processor.py:183} INFO - Processing /home/airflow/.local/lib/python3.10/site-packages/airflow/example_dags/example_dag_decorator.py took 0.253 seconds
[2025-05-09T15:55:34.635+0000] {processor.py:161} INFO - Started process (PID=10210) to work on /home/airflow/.local/lib/python3.10/site-packages/airflow/example_dags/example_dag_decorator.py
[2025-05-09T15:55:34.637+0000] {processor.py:830} INFO - Processing file /home/airflow/.local/lib/python3.10/site-packages/airflow/example_dags/example_dag_decorator.py for tasks to queue
[2025-05-09T15:55:34.640+0000] {logging_mixin.py:188} INFO - [2025-05-09T15:55:34.639+0000] {dagbag.py:545} INFO - Filling up the DagBag from /home/airflow/.local/lib/python3.10/site-packages/airflow/example_dags/example_dag_decorator.py
[2025-05-09T15:55:34.731+0000] {processor.py:840} INFO - DAG(s) 'example_dag_decorator' retrieved from /home/airflow/.local/lib/python3.10/site-packages/airflow/example_dags/example_dag_decorator.py
[2025-05-09T15:55:34.823+0000] {logging_mixin.py:188} INFO - [2025-05-09T15:55:34.823+0000] {dag.py:3096} INFO - Sync 1 DAGs
[2025-05-09T15:55:34.834+0000] {logging_mixin.py:188} INFO - [2025-05-09T15:55:34.834+0000] {dag.py:3954} INFO - Setting next_dagrun for example_dag_decorator to None, run_after=None
[2025-05-09T15:55:34.862+0000] {processor.py:183} INFO - Processing /home/airflow/.local/lib/python3.10/site-packages/airflow/example_dags/example_dag_decorator.py took 0.234 seconds
[2025-05-09T15:56:05.123+0000] {processor.py:161} INFO - Started process (PID=10478) to work on /home/airflow/.local/lib/python3.10/site-packages/airflow/example_dags/example_dag_decorator.py
[2025-05-09T15:56:05.125+0000] {processor.py:830} INFO - Processing file /home/airflow/.local/lib/python3.10/site-packages/airflow/example_dags/example_dag_decorator.py for tasks to queue
[2025-05-09T15:56:05.127+0000] {logging_mixin.py:188} INFO - [2025-05-09T15:56:05.127+0000] {dagbag.py:545} INFO - Filling up the DagBag from /home/airflow/.local/lib/python3.10/site-packages/airflow/example_dags/example_dag_decorator.py
[2025-05-09T15:56:05.209+0000] {processor.py:840} INFO - DAG(s) 'example_dag_decorator' retrieved from /home/airflow/.local/lib/python3.10/site-packages/airflow/example_dags/example_dag_decorator.py
[2025-05-09T15:56:05.330+0000] {logging_mixin.py:188} INFO - [2025-05-09T15:56:05.330+0000] {dag.py:3096} INFO - Sync 1 DAGs
[2025-05-09T15:56:05.344+0000] {logging_mixin.py:188} INFO - [2025-05-09T15:56:05.344+0000] {dag.py:3954} INFO - Setting next_dagrun for example_dag_decorator to None, run_after=None
[2025-05-09T15:56:05.380+0000] {processor.py:183} INFO - Processing /home/airflow/.local/lib/python3.10/site-packages/airflow/example_dags/example_dag_decorator.py took 0.263 seconds
[2025-05-09T15:56:36.357+0000] {processor.py:161} INFO - Started process (PID=10746) to work on /home/airflow/.local/lib/python3.10/site-packages/airflow/example_dags/example_dag_decorator.py
[2025-05-09T15:56:36.358+0000] {processor.py:830} INFO - Processing file /home/airflow/.local/lib/python3.10/site-packages/airflow/example_dags/example_dag_decorator.py for tasks to queue
[2025-05-09T15:56:36.360+0000] {logging_mixin.py:188} INFO - [2025-05-09T15:56:36.360+0000] {dagbag.py:545} INFO - Filling up the DagBag from /home/airflow/.local/lib/python3.10/site-packages/airflow/example_dags/example_dag_decorator.py
[2025-05-09T15:56:36.443+0000] {processor.py:840} INFO - DAG(s) 'example_dag_decorator' retrieved from /home/airflow/.local/lib/python3.10/site-packages/airflow/example_dags/example_dag_decorator.py
[2025-05-09T15:56:36.547+0000] {logging_mixin.py:188} INFO - [2025-05-09T15:56:36.546+0000] {dag.py:3096} INFO - Sync 1 DAGs
[2025-05-09T15:56:36.557+0000] {logging_mixin.py:188} INFO - [2025-05-09T15:56:36.557+0000] {dag.py:3954} INFO - Setting next_dagrun for example_dag_decorator to None, run_after=None
[2025-05-09T15:56:36.581+0000] {processor.py:183} INFO - Processing /home/airflow/.local/lib/python3.10/site-packages/airflow/example_dags/example_dag_decorator.py took 0.229 seconds
[2025-05-09T15:57:06.707+0000] {processor.py:161} INFO - Started process (PID=11016) to work on /home/airflow/.local/lib/python3.10/site-packages/airflow/example_dags/example_dag_decorator.py
[2025-05-09T15:57:06.708+0000] {processor.py:830} INFO - Processing file /home/airflow/.local/lib/python3.10/site-packages/airflow/example_dags/example_dag_decorator.py for tasks to queue
[2025-05-09T15:57:06.711+0000] {logging_mixin.py:188} INFO - [2025-05-09T15:57:06.711+0000] {dagbag.py:545} INFO - Filling up the DagBag from /home/airflow/.local/lib/python3.10/site-packages/airflow/example_dags/example_dag_decorator.py
[2025-05-09T15:57:06.813+0000] {processor.py:840} INFO - DAG(s) 'example_dag_decorator' retrieved from /home/airflow/.local/lib/python3.10/site-packages/airflow/example_dags/example_dag_decorator.py
[2025-05-09T15:57:06.969+0000] {logging_mixin.py:188} INFO - [2025-05-09T15:57:06.969+0000] {dag.py:3096} INFO - Sync 1 DAGs
[2025-05-09T15:57:06.989+0000] {logging_mixin.py:188} INFO - [2025-05-09T15:57:06.988+0000] {dag.py:3954} INFO - Setting next_dagrun for example_dag_decorator to None, run_after=None
[2025-05-09T15:57:07.024+0000] {processor.py:183} INFO - Processing /home/airflow/.local/lib/python3.10/site-packages/airflow/example_dags/example_dag_decorator.py took 0.325 seconds
[2025-05-09T15:57:37.085+0000] {processor.py:161} INFO - Started process (PID=11281) to work on /home/airflow/.local/lib/python3.10/site-packages/airflow/example_dags/example_dag_decorator.py
[2025-05-09T15:57:37.087+0000] {processor.py:830} INFO - Processing file /home/airflow/.local/lib/python3.10/site-packages/airflow/example_dags/example_dag_decorator.py for tasks to queue
[2025-05-09T15:57:37.089+0000] {logging_mixin.py:188} INFO - [2025-05-09T15:57:37.089+0000] {dagbag.py:545} INFO - Filling up the DagBag from /home/airflow/.local/lib/python3.10/site-packages/airflow/example_dags/example_dag_decorator.py
[2025-05-09T15:57:37.166+0000] {processor.py:840} INFO - DAG(s) 'example_dag_decorator' retrieved from /home/airflow/.local/lib/python3.10/site-packages/airflow/example_dags/example_dag_decorator.py
[2025-05-09T15:57:37.265+0000] {logging_mixin.py:188} INFO - [2025-05-09T15:57:37.265+0000] {dag.py:3096} INFO - Sync 1 DAGs
[2025-05-09T15:57:37.275+0000] {logging_mixin.py:188} INFO - [2025-05-09T15:57:37.275+0000] {dag.py:3954} INFO - Setting next_dagrun for example_dag_decorator to None, run_after=None
[2025-05-09T15:57:37.300+0000] {processor.py:183} INFO - Processing /home/airflow/.local/lib/python3.10/site-packages/airflow/example_dags/example_dag_decorator.py took 0.220 seconds
[2025-05-09T15:58:07.478+0000] {processor.py:161} INFO - Started process (PID=11550) to work on /home/airflow/.local/lib/python3.10/site-packages/airflow/example_dags/example_dag_decorator.py
[2025-05-09T15:58:07.479+0000] {processor.py:830} INFO - Processing file /home/airflow/.local/lib/python3.10/site-packages/airflow/example_dags/example_dag_decorator.py for tasks to queue
[2025-05-09T15:58:07.482+0000] {logging_mixin.py:188} INFO - [2025-05-09T15:58:07.481+0000] {dagbag.py:545} INFO - Filling up the DagBag from /home/airflow/.local/lib/python3.10/site-packages/airflow/example_dags/example_dag_decorator.py
[2025-05-09T15:58:07.571+0000] {processor.py:840} INFO - DAG(s) 'example_dag_decorator' retrieved from /home/airflow/.local/lib/python3.10/site-packages/airflow/example_dags/example_dag_decorator.py
[2025-05-09T15:58:07.682+0000] {logging_mixin.py:188} INFO - [2025-05-09T15:58:07.681+0000] {dag.py:3096} INFO - Sync 1 DAGs
[2025-05-09T15:58:07.696+0000] {logging_mixin.py:188} INFO - [2025-05-09T15:58:07.696+0000] {dag.py:3954} INFO - Setting next_dagrun for example_dag_decorator to None, run_after=None
[2025-05-09T15:58:07.725+0000] {processor.py:183} INFO - Processing /home/airflow/.local/lib/python3.10/site-packages/airflow/example_dags/example_dag_decorator.py took 0.253 seconds
[2025-05-09T15:58:37.817+0000] {processor.py:161} INFO - Started process (PID=11812) to work on /home/airflow/.local/lib/python3.10/site-packages/airflow/example_dags/example_dag_decorator.py
[2025-05-09T15:58:37.819+0000] {processor.py:830} INFO - Processing file /home/airflow/.local/lib/python3.10/site-packages/airflow/example_dags/example_dag_decorator.py for tasks to queue
[2025-05-09T15:58:37.823+0000] {logging_mixin.py:188} INFO - [2025-05-09T15:58:37.823+0000] {dagbag.py:545} INFO - Filling up the DagBag from /home/airflow/.local/lib/python3.10/site-packages/airflow/example_dags/example_dag_decorator.py
[2025-05-09T15:58:37.957+0000] {processor.py:840} INFO - DAG(s) 'example_dag_decorator' retrieved from /home/airflow/.local/lib/python3.10/site-packages/airflow/example_dags/example_dag_decorator.py
[2025-05-09T15:58:38.126+0000] {logging_mixin.py:188} INFO - [2025-05-09T15:58:38.126+0000] {dag.py:3096} INFO - Sync 1 DAGs
[2025-05-09T15:58:38.142+0000] {logging_mixin.py:188} INFO - [2025-05-09T15:58:38.142+0000] {dag.py:3954} INFO - Setting next_dagrun for example_dag_decorator to None, run_after=None
[2025-05-09T15:58:38.185+0000] {processor.py:183} INFO - Processing /home/airflow/.local/lib/python3.10/site-packages/airflow/example_dags/example_dag_decorator.py took 0.377 seconds
[2025-05-09T15:59:08.410+0000] {processor.py:161} INFO - Started process (PID=12090) to work on /home/airflow/.local/lib/python3.10/site-packages/airflow/example_dags/example_dag_decorator.py
[2025-05-09T15:59:08.412+0000] {processor.py:830} INFO - Processing file /home/airflow/.local/lib/python3.10/site-packages/airflow/example_dags/example_dag_decorator.py for tasks to queue
[2025-05-09T15:59:08.414+0000] {logging_mixin.py:188} INFO - [2025-05-09T15:59:08.414+0000] {dagbag.py:545} INFO - Filling up the DagBag from /home/airflow/.local/lib/python3.10/site-packages/airflow/example_dags/example_dag_decorator.py
[2025-05-09T15:59:08.500+0000] {processor.py:840} INFO - DAG(s) 'example_dag_decorator' retrieved from /home/airflow/.local/lib/python3.10/site-packages/airflow/example_dags/example_dag_decorator.py
[2025-05-09T15:59:08.597+0000] {logging_mixin.py:188} INFO - [2025-05-09T15:59:08.597+0000] {dag.py:3096} INFO - Sync 1 DAGs
[2025-05-09T15:59:08.609+0000] {logging_mixin.py:188} INFO - [2025-05-09T15:59:08.609+0000] {dag.py:3954} INFO - Setting next_dagrun for example_dag_decorator to None, run_after=None
[2025-05-09T15:59:08.633+0000] {processor.py:183} INFO - Processing /home/airflow/.local/lib/python3.10/site-packages/airflow/example_dags/example_dag_decorator.py took 0.229 seconds
[2025-05-09T15:59:38.724+0000] {processor.py:161} INFO - Started process (PID=12350) to work on /home/airflow/.local/lib/python3.10/site-packages/airflow/example_dags/example_dag_decorator.py
[2025-05-09T15:59:38.725+0000] {processor.py:830} INFO - Processing file /home/airflow/.local/lib/python3.10/site-packages/airflow/example_dags/example_dag_decorator.py for tasks to queue
[2025-05-09T15:59:38.727+0000] {logging_mixin.py:188} INFO - [2025-05-09T15:59:38.727+0000] {dagbag.py:545} INFO - Filling up the DagBag from /home/airflow/.local/lib/python3.10/site-packages/airflow/example_dags/example_dag_decorator.py
[2025-05-09T15:59:38.803+0000] {processor.py:840} INFO - DAG(s) 'example_dag_decorator' retrieved from /home/airflow/.local/lib/python3.10/site-packages/airflow/example_dags/example_dag_decorator.py
[2025-05-09T15:59:38.899+0000] {logging_mixin.py:188} INFO - [2025-05-09T15:59:38.899+0000] {dag.py:3096} INFO - Sync 1 DAGs
[2025-05-09T15:59:38.910+0000] {logging_mixin.py:188} INFO - [2025-05-09T15:59:38.910+0000] {dag.py:3954} INFO - Setting next_dagrun for example_dag_decorator to None, run_after=None
[2025-05-09T15:59:38.931+0000] {processor.py:183} INFO - Processing /home/airflow/.local/lib/python3.10/site-packages/airflow/example_dags/example_dag_decorator.py took 0.213 seconds
[2025-05-09T16:00:09.265+0000] {processor.py:161} INFO - Started process (PID=12642) to work on /home/airflow/.local/lib/python3.10/site-packages/airflow/example_dags/example_dag_decorator.py
[2025-05-09T16:00:09.267+0000] {processor.py:830} INFO - Processing file /home/airflow/.local/lib/python3.10/site-packages/airflow/example_dags/example_dag_decorator.py for tasks to queue
[2025-05-09T16:00:09.269+0000] {logging_mixin.py:188} INFO - [2025-05-09T16:00:09.269+0000] {dagbag.py:545} INFO - Filling up the DagBag from /home/airflow/.local/lib/python3.10/site-packages/airflow/example_dags/example_dag_decorator.py
[2025-05-09T16:00:09.347+0000] {processor.py:840} INFO - DAG(s) 'example_dag_decorator' retrieved from /home/airflow/.local/lib/python3.10/site-packages/airflow/example_dags/example_dag_decorator.py
[2025-05-09T16:00:09.449+0000] {logging_mixin.py:188} INFO - [2025-05-09T16:00:09.449+0000] {dag.py:3096} INFO - Sync 1 DAGs
[2025-05-09T16:00:09.464+0000] {logging_mixin.py:188} INFO - [2025-05-09T16:00:09.464+0000] {dag.py:3954} INFO - Setting next_dagrun for example_dag_decorator to None, run_after=None
[2025-05-09T16:00:09.493+0000] {processor.py:183} INFO - Processing /home/airflow/.local/lib/python3.10/site-packages/airflow/example_dags/example_dag_decorator.py took 0.234 seconds
[2025-05-09T16:00:39.936+0000] {processor.py:161} INFO - Started process (PID=12938) to work on /home/airflow/.local/lib/python3.10/site-packages/airflow/example_dags/example_dag_decorator.py
[2025-05-09T16:00:39.938+0000] {processor.py:830} INFO - Processing file /home/airflow/.local/lib/python3.10/site-packages/airflow/example_dags/example_dag_decorator.py for tasks to queue
[2025-05-09T16:00:39.941+0000] {logging_mixin.py:188} INFO - [2025-05-09T16:00:39.941+0000] {dagbag.py:545} INFO - Filling up the DagBag from /home/airflow/.local/lib/python3.10/site-packages/airflow/example_dags/example_dag_decorator.py
[2025-05-09T16:00:40.046+0000] {processor.py:840} INFO - DAG(s) 'example_dag_decorator' retrieved from /home/airflow/.local/lib/python3.10/site-packages/airflow/example_dags/example_dag_decorator.py
[2025-05-09T16:00:40.173+0000] {logging_mixin.py:188} INFO - [2025-05-09T16:00:40.172+0000] {dag.py:3096} INFO - Sync 1 DAGs
[2025-05-09T16:00:40.189+0000] {logging_mixin.py:188} INFO - [2025-05-09T16:00:40.188+0000] {dag.py:3954} INFO - Setting next_dagrun for example_dag_decorator to None, run_after=None
[2025-05-09T16:00:40.215+0000] {processor.py:183} INFO - Processing /home/airflow/.local/lib/python3.10/site-packages/airflow/example_dags/example_dag_decorator.py took 0.286 seconds
[2025-05-09T16:01:10.432+0000] {processor.py:161} INFO - Started process (PID=13225) to work on /home/airflow/.local/lib/python3.10/site-packages/airflow/example_dags/example_dag_decorator.py
[2025-05-09T16:01:10.434+0000] {processor.py:830} INFO - Processing file /home/airflow/.local/lib/python3.10/site-packages/airflow/example_dags/example_dag_decorator.py for tasks to queue
[2025-05-09T16:01:10.436+0000] {logging_mixin.py:188} INFO - [2025-05-09T16:01:10.435+0000] {dagbag.py:545} INFO - Filling up the DagBag from /home/airflow/.local/lib/python3.10/site-packages/airflow/example_dags/example_dag_decorator.py
[2025-05-09T16:01:10.543+0000] {processor.py:840} INFO - DAG(s) 'example_dag_decorator' retrieved from /home/airflow/.local/lib/python3.10/site-packages/airflow/example_dags/example_dag_decorator.py
[2025-05-09T16:01:10.664+0000] {logging_mixin.py:188} INFO - [2025-05-09T16:01:10.664+0000] {dag.py:3096} INFO - Sync 1 DAGs
[2025-05-09T16:01:10.677+0000] {logging_mixin.py:188} INFO - [2025-05-09T16:01:10.677+0000] {dag.py:3954} INFO - Setting next_dagrun for example_dag_decorator to None, run_after=None
[2025-05-09T16:01:10.706+0000] {processor.py:183} INFO - Processing /home/airflow/.local/lib/python3.10/site-packages/airflow/example_dags/example_dag_decorator.py took 0.282 seconds
[2025-05-09T16:01:40.966+0000] {processor.py:161} INFO - Started process (PID=13497) to work on /home/airflow/.local/lib/python3.10/site-packages/airflow/example_dags/example_dag_decorator.py
[2025-05-09T16:01:40.968+0000] {processor.py:830} INFO - Processing file /home/airflow/.local/lib/python3.10/site-packages/airflow/example_dags/example_dag_decorator.py for tasks to queue
[2025-05-09T16:01:40.970+0000] {logging_mixin.py:188} INFO - [2025-05-09T16:01:40.969+0000] {dagbag.py:545} INFO - Filling up the DagBag from /home/airflow/.local/lib/python3.10/site-packages/airflow/example_dags/example_dag_decorator.py
[2025-05-09T16:01:41.053+0000] {processor.py:840} INFO - DAG(s) 'example_dag_decorator' retrieved from /home/airflow/.local/lib/python3.10/site-packages/airflow/example_dags/example_dag_decorator.py
[2025-05-09T16:01:41.142+0000] {logging_mixin.py:188} INFO - [2025-05-09T16:01:41.142+0000] {dag.py:3096} INFO - Sync 1 DAGs
[2025-05-09T16:01:41.153+0000] {logging_mixin.py:188} INFO - [2025-05-09T16:01:41.153+0000] {dag.py:3954} INFO - Setting next_dagrun for example_dag_decorator to None, run_after=None
[2025-05-09T16:01:41.175+0000] {processor.py:183} INFO - Processing /home/airflow/.local/lib/python3.10/site-packages/airflow/example_dags/example_dag_decorator.py took 0.216 seconds
[2025-05-09T16:02:11.265+0000] {processor.py:161} INFO - Started process (PID=13805) to work on /home/airflow/.local/lib/python3.10/site-packages/airflow/example_dags/example_dag_decorator.py
[2025-05-09T16:02:11.266+0000] {processor.py:830} INFO - Processing file /home/airflow/.local/lib/python3.10/site-packages/airflow/example_dags/example_dag_decorator.py for tasks to queue
[2025-05-09T16:02:11.268+0000] {logging_mixin.py:188} INFO - [2025-05-09T16:02:11.267+0000] {dagbag.py:545} INFO - Filling up the DagBag from /home/airflow/.local/lib/python3.10/site-packages/airflow/example_dags/example_dag_decorator.py
[2025-05-09T16:02:11.344+0000] {processor.py:840} INFO - DAG(s) 'example_dag_decorator' retrieved from /home/airflow/.local/lib/python3.10/site-packages/airflow/example_dags/example_dag_decorator.py
[2025-05-09T16:02:11.434+0000] {logging_mixin.py:188} INFO - [2025-05-09T16:02:11.434+0000] {dag.py:3096} INFO - Sync 1 DAGs
[2025-05-09T16:02:11.444+0000] {logging_mixin.py:188} INFO - [2025-05-09T16:02:11.443+0000] {dag.py:3954} INFO - Setting next_dagrun for example_dag_decorator to None, run_after=None
[2025-05-09T16:02:11.469+0000] {processor.py:183} INFO - Processing /home/airflow/.local/lib/python3.10/site-packages/airflow/example_dags/example_dag_decorator.py took 0.210 seconds
[2025-05-09T16:02:41.780+0000] {processor.py:161} INFO - Started process (PID=14071) to work on /home/airflow/.local/lib/python3.10/site-packages/airflow/example_dags/example_dag_decorator.py
[2025-05-09T16:02:41.782+0000] {processor.py:830} INFO - Processing file /home/airflow/.local/lib/python3.10/site-packages/airflow/example_dags/example_dag_decorator.py for tasks to queue
[2025-05-09T16:02:41.784+0000] {logging_mixin.py:188} INFO - [2025-05-09T16:02:41.783+0000] {dagbag.py:545} INFO - Filling up the DagBag from /home/airflow/.local/lib/python3.10/site-packages/airflow/example_dags/example_dag_decorator.py
[2025-05-09T16:02:41.885+0000] {processor.py:840} INFO - DAG(s) 'example_dag_decorator' retrieved from /home/airflow/.local/lib/python3.10/site-packages/airflow/example_dags/example_dag_decorator.py
[2025-05-09T16:02:41.919+0000] {logging_mixin.py:188} INFO - [2025-05-09T16:02:41.919+0000] {dag.py:3096} INFO - Sync 1 DAGs
[2025-05-09T16:02:41.934+0000] {logging_mixin.py:188} INFO - [2025-05-09T16:02:41.934+0000] {dag.py:3954} INFO - Setting next_dagrun for example_dag_decorator to None, run_after=None
[2025-05-09T16:02:41.960+0000] {processor.py:183} INFO - Processing /home/airflow/.local/lib/python3.10/site-packages/airflow/example_dags/example_dag_decorator.py took 0.186 seconds
[2025-05-09T16:03:12.401+0000] {processor.py:161} INFO - Started process (PID=14386) to work on /home/airflow/.local/lib/python3.10/site-packages/airflow/example_dags/example_dag_decorator.py
[2025-05-09T16:03:12.403+0000] {processor.py:830} INFO - Processing file /home/airflow/.local/lib/python3.10/site-packages/airflow/example_dags/example_dag_decorator.py for tasks to queue
[2025-05-09T16:03:12.404+0000] {logging_mixin.py:188} INFO - [2025-05-09T16:03:12.403+0000] {dagbag.py:545} INFO - Filling up the DagBag from /home/airflow/.local/lib/python3.10/site-packages/airflow/example_dags/example_dag_decorator.py
[2025-05-09T16:03:12.532+0000] {processor.py:840} INFO - DAG(s) 'example_dag_decorator' retrieved from /home/airflow/.local/lib/python3.10/site-packages/airflow/example_dags/example_dag_decorator.py
[2025-05-09T16:03:12.647+0000] {logging_mixin.py:188} INFO - [2025-05-09T16:03:12.647+0000] {dag.py:3096} INFO - Sync 1 DAGs
[2025-05-09T16:03:12.660+0000] {logging_mixin.py:188} INFO - [2025-05-09T16:03:12.660+0000] {dag.py:3954} INFO - Setting next_dagrun for example_dag_decorator to None, run_after=None
[2025-05-09T16:03:12.691+0000] {processor.py:183} INFO - Processing /home/airflow/.local/lib/python3.10/site-packages/airflow/example_dags/example_dag_decorator.py took 0.300 seconds
[2025-05-09T16:03:43.019+0000] {processor.py:161} INFO - Started process (PID=14654) to work on /home/airflow/.local/lib/python3.10/site-packages/airflow/example_dags/example_dag_decorator.py
[2025-05-09T16:03:43.022+0000] {processor.py:830} INFO - Processing file /home/airflow/.local/lib/python3.10/site-packages/airflow/example_dags/example_dag_decorator.py for tasks to queue
[2025-05-09T16:03:43.023+0000] {logging_mixin.py:188} INFO - [2025-05-09T16:03:43.023+0000] {dagbag.py:545} INFO - Filling up the DagBag from /home/airflow/.local/lib/python3.10/site-packages/airflow/example_dags/example_dag_decorator.py
[2025-05-09T16:03:43.117+0000] {processor.py:840} INFO - DAG(s) 'example_dag_decorator' retrieved from /home/airflow/.local/lib/python3.10/site-packages/airflow/example_dags/example_dag_decorator.py
[2025-05-09T16:03:43.213+0000] {logging_mixin.py:188} INFO - [2025-05-09T16:03:43.213+0000] {dag.py:3096} INFO - Sync 1 DAGs
[2025-05-09T16:03:43.223+0000] {logging_mixin.py:188} INFO - [2025-05-09T16:03:43.223+0000] {dag.py:3954} INFO - Setting next_dagrun for example_dag_decorator to None, run_after=None
[2025-05-09T16:03:43.250+0000] {processor.py:183} INFO - Processing /home/airflow/.local/lib/python3.10/site-packages/airflow/example_dags/example_dag_decorator.py took 0.241 seconds
[2025-05-09T16:04:14.237+0000] {processor.py:161} INFO - Started process (PID=14916) to work on /home/airflow/.local/lib/python3.10/site-packages/airflow/example_dags/example_dag_decorator.py
[2025-05-09T16:04:14.238+0000] {processor.py:830} INFO - Processing file /home/airflow/.local/lib/python3.10/site-packages/airflow/example_dags/example_dag_decorator.py for tasks to queue
[2025-05-09T16:04:14.240+0000] {logging_mixin.py:188} INFO - [2025-05-09T16:04:14.240+0000] {dagbag.py:545} INFO - Filling up the DagBag from /home/airflow/.local/lib/python3.10/site-packages/airflow/example_dags/example_dag_decorator.py
[2025-05-09T16:04:14.344+0000] {processor.py:840} INFO - DAG(s) 'example_dag_decorator' retrieved from /home/airflow/.local/lib/python3.10/site-packages/airflow/example_dags/example_dag_decorator.py
[2025-05-09T16:04:14.383+0000] {logging_mixin.py:188} INFO - [2025-05-09T16:04:14.383+0000] {dag.py:3096} INFO - Sync 1 DAGs
[2025-05-09T16:04:14.402+0000] {logging_mixin.py:188} INFO - [2025-05-09T16:04:14.402+0000] {dag.py:3954} INFO - Setting next_dagrun for example_dag_decorator to None, run_after=None
[2025-05-09T16:04:14.427+0000] {processor.py:183} INFO - Processing /home/airflow/.local/lib/python3.10/site-packages/airflow/example_dags/example_dag_decorator.py took 0.198 seconds
[2025-05-09T16:05:17.940+0000] {processor.py:161} INFO - Started process (PID=327) to work on /home/airflow/.local/lib/python3.10/site-packages/airflow/example_dags/example_dag_decorator.py
[2025-05-09T16:05:17.941+0000] {processor.py:830} INFO - Processing file /home/airflow/.local/lib/python3.10/site-packages/airflow/example_dags/example_dag_decorator.py for tasks to queue
[2025-05-09T16:05:17.944+0000] {logging_mixin.py:188} INFO - [2025-05-09T16:05:17.943+0000] {dagbag.py:545} INFO - Filling up the DagBag from /home/airflow/.local/lib/python3.10/site-packages/airflow/example_dags/example_dag_decorator.py
[2025-05-09T16:05:18.081+0000] {processor.py:840} INFO - DAG(s) 'example_dag_decorator' retrieved from /home/airflow/.local/lib/python3.10/site-packages/airflow/example_dags/example_dag_decorator.py
[2025-05-09T16:05:18.103+0000] {logging_mixin.py:188} INFO - [2025-05-09T16:05:18.102+0000] {dag.py:3096} INFO - Sync 1 DAGs
[2025-05-09T16:05:18.122+0000] {logging_mixin.py:188} INFO - [2025-05-09T16:05:18.122+0000] {dag.py:3954} INFO - Setting next_dagrun for example_dag_decorator to None, run_after=None
[2025-05-09T16:05:18.154+0000] {processor.py:183} INFO - Processing /home/airflow/.local/lib/python3.10/site-packages/airflow/example_dags/example_dag_decorator.py took 0.220 seconds
[2025-05-09T16:05:49.424+0000] {processor.py:161} INFO - Started process (PID=589) to work on /home/airflow/.local/lib/python3.10/site-packages/airflow/example_dags/example_dag_decorator.py
[2025-05-09T16:05:49.427+0000] {processor.py:830} INFO - Processing file /home/airflow/.local/lib/python3.10/site-packages/airflow/example_dags/example_dag_decorator.py for tasks to queue
[2025-05-09T16:05:49.431+0000] {logging_mixin.py:188} INFO - [2025-05-09T16:05:49.431+0000] {dagbag.py:545} INFO - Filling up the DagBag from /home/airflow/.local/lib/python3.10/site-packages/airflow/example_dags/example_dag_decorator.py
[2025-05-09T16:05:49.547+0000] {processor.py:840} INFO - DAG(s) 'example_dag_decorator' retrieved from /home/airflow/.local/lib/python3.10/site-packages/airflow/example_dags/example_dag_decorator.py
[2025-05-09T16:05:49.649+0000] {logging_mixin.py:188} INFO - [2025-05-09T16:05:49.649+0000] {dag.py:3096} INFO - Sync 1 DAGs
[2025-05-09T16:05:49.664+0000] {logging_mixin.py:188} INFO - [2025-05-09T16:05:49.664+0000] {dag.py:3954} INFO - Setting next_dagrun for example_dag_decorator to None, run_after=None
[2025-05-09T16:05:49.693+0000] {processor.py:183} INFO - Processing /home/airflow/.local/lib/python3.10/site-packages/airflow/example_dags/example_dag_decorator.py took 0.277 seconds
[2025-05-09T16:06:19.804+0000] {processor.py:161} INFO - Started process (PID=851) to work on /home/airflow/.local/lib/python3.10/site-packages/airflow/example_dags/example_dag_decorator.py
[2025-05-09T16:06:19.806+0000] {processor.py:830} INFO - Processing file /home/airflow/.local/lib/python3.10/site-packages/airflow/example_dags/example_dag_decorator.py for tasks to queue
[2025-05-09T16:06:19.808+0000] {logging_mixin.py:188} INFO - [2025-05-09T16:06:19.807+0000] {dagbag.py:545} INFO - Filling up the DagBag from /home/airflow/.local/lib/python3.10/site-packages/airflow/example_dags/example_dag_decorator.py
[2025-05-09T16:06:19.894+0000] {processor.py:840} INFO - DAG(s) 'example_dag_decorator' retrieved from /home/airflow/.local/lib/python3.10/site-packages/airflow/example_dags/example_dag_decorator.py
[2025-05-09T16:06:20.002+0000] {logging_mixin.py:188} INFO - [2025-05-09T16:06:20.002+0000] {dag.py:3096} INFO - Sync 1 DAGs
[2025-05-09T16:06:20.013+0000] {logging_mixin.py:188} INFO - [2025-05-09T16:06:20.013+0000] {dag.py:3954} INFO - Setting next_dagrun for example_dag_decorator to None, run_after=None
[2025-05-09T16:06:20.034+0000] {processor.py:183} INFO - Processing /home/airflow/.local/lib/python3.10/site-packages/airflow/example_dags/example_dag_decorator.py took 0.236 seconds
[2025-05-09T16:06:50.400+0000] {processor.py:161} INFO - Started process (PID=1120) to work on /home/airflow/.local/lib/python3.10/site-packages/airflow/example_dags/example_dag_decorator.py
[2025-05-09T16:06:50.402+0000] {processor.py:830} INFO - Processing file /home/airflow/.local/lib/python3.10/site-packages/airflow/example_dags/example_dag_decorator.py for tasks to queue
[2025-05-09T16:06:50.404+0000] {logging_mixin.py:188} INFO - [2025-05-09T16:06:50.404+0000] {dagbag.py:545} INFO - Filling up the DagBag from /home/airflow/.local/lib/python3.10/site-packages/airflow/example_dags/example_dag_decorator.py
[2025-05-09T16:06:50.494+0000] {processor.py:840} INFO - DAG(s) 'example_dag_decorator' retrieved from /home/airflow/.local/lib/python3.10/site-packages/airflow/example_dags/example_dag_decorator.py
[2025-05-09T16:06:50.593+0000] {logging_mixin.py:188} INFO - [2025-05-09T16:06:50.593+0000] {dag.py:3096} INFO - Sync 1 DAGs
[2025-05-09T16:06:50.604+0000] {logging_mixin.py:188} INFO - [2025-05-09T16:06:50.603+0000] {dag.py:3954} INFO - Setting next_dagrun for example_dag_decorator to None, run_after=None
[2025-05-09T16:06:50.627+0000] {processor.py:183} INFO - Processing /home/airflow/.local/lib/python3.10/site-packages/airflow/example_dags/example_dag_decorator.py took 0.234 seconds
[2025-05-09T16:07:20.779+0000] {processor.py:161} INFO - Started process (PID=1416) to work on /home/airflow/.local/lib/python3.10/site-packages/airflow/example_dags/example_dag_decorator.py
[2025-05-09T16:07:20.781+0000] {processor.py:830} INFO - Processing file /home/airflow/.local/lib/python3.10/site-packages/airflow/example_dags/example_dag_decorator.py for tasks to queue
[2025-05-09T16:07:20.785+0000] {logging_mixin.py:188} INFO - [2025-05-09T16:07:20.784+0000] {dagbag.py:545} INFO - Filling up the DagBag from /home/airflow/.local/lib/python3.10/site-packages/airflow/example_dags/example_dag_decorator.py
[2025-05-09T16:07:20.886+0000] {processor.py:840} INFO - DAG(s) 'example_dag_decorator' retrieved from /home/airflow/.local/lib/python3.10/site-packages/airflow/example_dags/example_dag_decorator.py
[2025-05-09T16:07:20.984+0000] {logging_mixin.py:188} INFO - [2025-05-09T16:07:20.983+0000] {dag.py:3096} INFO - Sync 1 DAGs
[2025-05-09T16:07:20.994+0000] {logging_mixin.py:188} INFO - [2025-05-09T16:07:20.994+0000] {dag.py:3954} INFO - Setting next_dagrun for example_dag_decorator to None, run_after=None
[2025-05-09T16:07:21.019+0000] {processor.py:183} INFO - Processing /home/airflow/.local/lib/python3.10/site-packages/airflow/example_dags/example_dag_decorator.py took 0.249 seconds
[2025-05-09T16:07:51.240+0000] {processor.py:161} INFO - Started process (PID=1678) to work on /home/airflow/.local/lib/python3.10/site-packages/airflow/example_dags/example_dag_decorator.py
[2025-05-09T16:07:51.242+0000] {processor.py:830} INFO - Processing file /home/airflow/.local/lib/python3.10/site-packages/airflow/example_dags/example_dag_decorator.py for tasks to queue
[2025-05-09T16:07:51.244+0000] {logging_mixin.py:188} INFO - [2025-05-09T16:07:51.244+0000] {dagbag.py:545} INFO - Filling up the DagBag from /home/airflow/.local/lib/python3.10/site-packages/airflow/example_dags/example_dag_decorator.py
[2025-05-09T16:07:51.329+0000] {processor.py:840} INFO - DAG(s) 'example_dag_decorator' retrieved from /home/airflow/.local/lib/python3.10/site-packages/airflow/example_dags/example_dag_decorator.py
[2025-05-09T16:07:51.457+0000] {logging_mixin.py:188} INFO - [2025-05-09T16:07:51.456+0000] {dag.py:3096} INFO - Sync 1 DAGs
[2025-05-09T16:07:51.481+0000] {logging_mixin.py:188} INFO - [2025-05-09T16:07:51.481+0000] {dag.py:3954} INFO - Setting next_dagrun for example_dag_decorator to None, run_after=None
[2025-05-09T16:07:51.514+0000] {processor.py:183} INFO - Processing /home/airflow/.local/lib/python3.10/site-packages/airflow/example_dags/example_dag_decorator.py took 0.280 seconds
[2025-05-09T16:08:22.390+0000] {processor.py:161} INFO - Started process (PID=1941) to work on /home/airflow/.local/lib/python3.10/site-packages/airflow/example_dags/example_dag_decorator.py
[2025-05-09T16:08:22.392+0000] {processor.py:830} INFO - Processing file /home/airflow/.local/lib/python3.10/site-packages/airflow/example_dags/example_dag_decorator.py for tasks to queue
[2025-05-09T16:08:22.396+0000] {logging_mixin.py:188} INFO - [2025-05-09T16:08:22.395+0000] {dagbag.py:545} INFO - Filling up the DagBag from /home/airflow/.local/lib/python3.10/site-packages/airflow/example_dags/example_dag_decorator.py
[2025-05-09T16:08:22.516+0000] {processor.py:840} INFO - DAG(s) 'example_dag_decorator' retrieved from /home/airflow/.local/lib/python3.10/site-packages/airflow/example_dags/example_dag_decorator.py
[2025-05-09T16:08:22.627+0000] {logging_mixin.py:188} INFO - [2025-05-09T16:08:22.627+0000] {dag.py:3096} INFO - Sync 1 DAGs
[2025-05-09T16:08:22.641+0000] {logging_mixin.py:188} INFO - [2025-05-09T16:08:22.641+0000] {dag.py:3954} INFO - Setting next_dagrun for example_dag_decorator to None, run_after=None
[2025-05-09T16:08:22.664+0000] {processor.py:183} INFO - Processing /home/airflow/.local/lib/python3.10/site-packages/airflow/example_dags/example_dag_decorator.py took 0.282 seconds
[2025-05-09T16:08:53.110+0000] {processor.py:161} INFO - Started process (PID=2227) to work on /home/airflow/.local/lib/python3.10/site-packages/airflow/example_dags/example_dag_decorator.py
[2025-05-09T16:08:53.112+0000] {processor.py:830} INFO - Processing file /home/airflow/.local/lib/python3.10/site-packages/airflow/example_dags/example_dag_decorator.py for tasks to queue
[2025-05-09T16:08:53.114+0000] {logging_mixin.py:188} INFO - [2025-05-09T16:08:53.114+0000] {dagbag.py:545} INFO - Filling up the DagBag from /home/airflow/.local/lib/python3.10/site-packages/airflow/example_dags/example_dag_decorator.py
[2025-05-09T16:08:53.207+0000] {processor.py:840} INFO - DAG(s) 'example_dag_decorator' retrieved from /home/airflow/.local/lib/python3.10/site-packages/airflow/example_dags/example_dag_decorator.py
[2025-05-09T16:08:53.237+0000] {logging_mixin.py:188} INFO - [2025-05-09T16:08:53.237+0000] {dag.py:3096} INFO - Sync 1 DAGs
[2025-05-09T16:08:53.252+0000] {logging_mixin.py:188} INFO - [2025-05-09T16:08:53.251+0000] {dag.py:3954} INFO - Setting next_dagrun for example_dag_decorator to None, run_after=None
[2025-05-09T16:08:53.275+0000] {processor.py:183} INFO - Processing /home/airflow/.local/lib/python3.10/site-packages/airflow/example_dags/example_dag_decorator.py took 0.172 seconds
[2025-05-09T16:09:23.570+0000] {processor.py:161} INFO - Started process (PID=2501) to work on /home/airflow/.local/lib/python3.10/site-packages/airflow/example_dags/example_dag_decorator.py
[2025-05-09T16:09:23.572+0000] {processor.py:830} INFO - Processing file /home/airflow/.local/lib/python3.10/site-packages/airflow/example_dags/example_dag_decorator.py for tasks to queue
[2025-05-09T16:09:23.574+0000] {logging_mixin.py:188} INFO - [2025-05-09T16:09:23.574+0000] {dagbag.py:545} INFO - Filling up the DagBag from /home/airflow/.local/lib/python3.10/site-packages/airflow/example_dags/example_dag_decorator.py
[2025-05-09T16:09:23.676+0000] {processor.py:840} INFO - DAG(s) 'example_dag_decorator' retrieved from /home/airflow/.local/lib/python3.10/site-packages/airflow/example_dags/example_dag_decorator.py
[2025-05-09T16:09:23.806+0000] {logging_mixin.py:188} INFO - [2025-05-09T16:09:23.806+0000] {dag.py:3096} INFO - Sync 1 DAGs
[2025-05-09T16:09:23.819+0000] {logging_mixin.py:188} INFO - [2025-05-09T16:09:23.819+0000] {dag.py:3954} INFO - Setting next_dagrun for example_dag_decorator to None, run_after=None
[2025-05-09T16:09:23.847+0000] {processor.py:183} INFO - Processing /home/airflow/.local/lib/python3.10/site-packages/airflow/example_dags/example_dag_decorator.py took 0.286 seconds
[2025-05-09T16:09:54.326+0000] {processor.py:161} INFO - Started process (PID=2763) to work on /home/airflow/.local/lib/python3.10/site-packages/airflow/example_dags/example_dag_decorator.py
[2025-05-09T16:09:54.327+0000] {processor.py:830} INFO - Processing file /home/airflow/.local/lib/python3.10/site-packages/airflow/example_dags/example_dag_decorator.py for tasks to queue
[2025-05-09T16:09:54.330+0000] {logging_mixin.py:188} INFO - [2025-05-09T16:09:54.330+0000] {dagbag.py:545} INFO - Filling up the DagBag from /home/airflow/.local/lib/python3.10/site-packages/airflow/example_dags/example_dag_decorator.py
[2025-05-09T16:09:54.440+0000] {processor.py:840} INFO - DAG(s) 'example_dag_decorator' retrieved from /home/airflow/.local/lib/python3.10/site-packages/airflow/example_dags/example_dag_decorator.py
[2025-05-09T16:09:54.601+0000] {logging_mixin.py:188} INFO - [2025-05-09T16:09:54.601+0000] {dag.py:3096} INFO - Sync 1 DAGs
[2025-05-09T16:09:54.621+0000] {logging_mixin.py:188} INFO - [2025-05-09T16:09:54.621+0000] {dag.py:3954} INFO - Setting next_dagrun for example_dag_decorator to None, run_after=None
[2025-05-09T16:09:54.658+0000] {processor.py:183} INFO - Processing /home/airflow/.local/lib/python3.10/site-packages/airflow/example_dags/example_dag_decorator.py took 0.341 seconds
[2025-05-09T16:10:25.371+0000] {processor.py:161} INFO - Started process (PID=3032) to work on /home/airflow/.local/lib/python3.10/site-packages/airflow/example_dags/example_dag_decorator.py
[2025-05-09T16:10:25.373+0000] {processor.py:830} INFO - Processing file /home/airflow/.local/lib/python3.10/site-packages/airflow/example_dags/example_dag_decorator.py for tasks to queue
[2025-05-09T16:10:25.378+0000] {logging_mixin.py:188} INFO - [2025-05-09T16:10:25.377+0000] {dagbag.py:545} INFO - Filling up the DagBag from /home/airflow/.local/lib/python3.10/site-packages/airflow/example_dags/example_dag_decorator.py
[2025-05-09T16:10:25.523+0000] {processor.py:840} INFO - DAG(s) 'example_dag_decorator' retrieved from /home/airflow/.local/lib/python3.10/site-packages/airflow/example_dags/example_dag_decorator.py
[2025-05-09T16:10:25.679+0000] {logging_mixin.py:188} INFO - [2025-05-09T16:10:25.678+0000] {dag.py:3096} INFO - Sync 1 DAGs
[2025-05-09T16:10:25.696+0000] {logging_mixin.py:188} INFO - [2025-05-09T16:10:25.696+0000] {dag.py:3954} INFO - Setting next_dagrun for example_dag_decorator to None, run_after=None
[2025-05-09T16:10:25.735+0000] {processor.py:183} INFO - Processing /home/airflow/.local/lib/python3.10/site-packages/airflow/example_dags/example_dag_decorator.py took 0.375 seconds
[2025-05-09T16:10:55.859+0000] {processor.py:161} INFO - Started process (PID=3306) to work on /home/airflow/.local/lib/python3.10/site-packages/airflow/example_dags/example_dag_decorator.py
[2025-05-09T16:10:55.860+0000] {processor.py:830} INFO - Processing file /home/airflow/.local/lib/python3.10/site-packages/airflow/example_dags/example_dag_decorator.py for tasks to queue
[2025-05-09T16:10:55.863+0000] {logging_mixin.py:188} INFO - [2025-05-09T16:10:55.863+0000] {dagbag.py:545} INFO - Filling up the DagBag from /home/airflow/.local/lib/python3.10/site-packages/airflow/example_dags/example_dag_decorator.py
[2025-05-09T16:10:56.017+0000] {processor.py:840} INFO - DAG(s) 'example_dag_decorator' retrieved from /home/airflow/.local/lib/python3.10/site-packages/airflow/example_dags/example_dag_decorator.py
[2025-05-09T16:10:56.173+0000] {logging_mixin.py:188} INFO - [2025-05-09T16:10:56.173+0000] {dag.py:3096} INFO - Sync 1 DAGs
[2025-05-09T16:10:56.189+0000] {logging_mixin.py:188} INFO - [2025-05-09T16:10:56.188+0000] {dag.py:3954} INFO - Setting next_dagrun for example_dag_decorator to None, run_after=None
[2025-05-09T16:10:56.224+0000] {processor.py:183} INFO - Processing /home/airflow/.local/lib/python3.10/site-packages/airflow/example_dags/example_dag_decorator.py took 0.372 seconds
[2025-05-09T16:11:27.000+0000] {processor.py:161} INFO - Started process (PID=3580) to work on /home/airflow/.local/lib/python3.10/site-packages/airflow/example_dags/example_dag_decorator.py
[2025-05-09T16:11:27.002+0000] {processor.py:830} INFO - Processing file /home/airflow/.local/lib/python3.10/site-packages/airflow/example_dags/example_dag_decorator.py for tasks to queue
[2025-05-09T16:11:27.006+0000] {logging_mixin.py:188} INFO - [2025-05-09T16:11:27.005+0000] {dagbag.py:545} INFO - Filling up the DagBag from /home/airflow/.local/lib/python3.10/site-packages/airflow/example_dags/example_dag_decorator.py
[2025-05-09T16:11:27.103+0000] {processor.py:840} INFO - DAG(s) 'example_dag_decorator' retrieved from /home/airflow/.local/lib/python3.10/site-packages/airflow/example_dags/example_dag_decorator.py
[2025-05-09T16:11:27.204+0000] {logging_mixin.py:188} INFO - [2025-05-09T16:11:27.203+0000] {dag.py:3096} INFO - Sync 1 DAGs
[2025-05-09T16:11:27.215+0000] {logging_mixin.py:188} INFO - [2025-05-09T16:11:27.215+0000] {dag.py:3954} INFO - Setting next_dagrun for example_dag_decorator to None, run_after=None
[2025-05-09T16:11:27.243+0000] {processor.py:183} INFO - Processing /home/airflow/.local/lib/python3.10/site-packages/airflow/example_dags/example_dag_decorator.py took 0.253 seconds
[2025-05-09T16:11:57.753+0000] {processor.py:161} INFO - Started process (PID=3848) to work on /home/airflow/.local/lib/python3.10/site-packages/airflow/example_dags/example_dag_decorator.py
[2025-05-09T16:11:57.754+0000] {processor.py:830} INFO - Processing file /home/airflow/.local/lib/python3.10/site-packages/airflow/example_dags/example_dag_decorator.py for tasks to queue
[2025-05-09T16:11:57.757+0000] {logging_mixin.py:188} INFO - [2025-05-09T16:11:57.757+0000] {dagbag.py:545} INFO - Filling up the DagBag from /home/airflow/.local/lib/python3.10/site-packages/airflow/example_dags/example_dag_decorator.py
[2025-05-09T16:11:57.862+0000] {processor.py:840} INFO - DAG(s) 'example_dag_decorator' retrieved from /home/airflow/.local/lib/python3.10/site-packages/airflow/example_dags/example_dag_decorator.py
[2025-05-09T16:11:57.988+0000] {logging_mixin.py:188} INFO - [2025-05-09T16:11:57.987+0000] {dag.py:3096} INFO - Sync 1 DAGs
[2025-05-09T16:11:58.000+0000] {logging_mixin.py:188} INFO - [2025-05-09T16:11:58.000+0000] {dag.py:3954} INFO - Setting next_dagrun for example_dag_decorator to None, run_after=None
[2025-05-09T16:11:58.024+0000] {processor.py:183} INFO - Processing /home/airflow/.local/lib/python3.10/site-packages/airflow/example_dags/example_dag_decorator.py took 0.282 seconds
[2025-05-09T16:12:28.569+0000] {processor.py:161} INFO - Started process (PID=4125) to work on /home/airflow/.local/lib/python3.10/site-packages/airflow/example_dags/example_dag_decorator.py
[2025-05-09T16:12:28.571+0000] {processor.py:830} INFO - Processing file /home/airflow/.local/lib/python3.10/site-packages/airflow/example_dags/example_dag_decorator.py for tasks to queue
[2025-05-09T16:12:28.574+0000] {logging_mixin.py:188} INFO - [2025-05-09T16:12:28.574+0000] {dagbag.py:545} INFO - Filling up the DagBag from /home/airflow/.local/lib/python3.10/site-packages/airflow/example_dags/example_dag_decorator.py
[2025-05-09T16:12:28.673+0000] {processor.py:840} INFO - DAG(s) 'example_dag_decorator' retrieved from /home/airflow/.local/lib/python3.10/site-packages/airflow/example_dags/example_dag_decorator.py
[2025-05-09T16:12:28.793+0000] {logging_mixin.py:188} INFO - [2025-05-09T16:12:28.793+0000] {dag.py:3096} INFO - Sync 1 DAGs
[2025-05-09T16:12:28.806+0000] {logging_mixin.py:188} INFO - [2025-05-09T16:12:28.805+0000] {dag.py:3954} INFO - Setting next_dagrun for example_dag_decorator to None, run_after=None
[2025-05-09T16:12:28.835+0000] {processor.py:183} INFO - Processing /home/airflow/.local/lib/python3.10/site-packages/airflow/example_dags/example_dag_decorator.py took 0.273 seconds
[2025-05-09T16:12:59.247+0000] {processor.py:161} INFO - Started process (PID=4387) to work on /home/airflow/.local/lib/python3.10/site-packages/airflow/example_dags/example_dag_decorator.py
[2025-05-09T16:12:59.248+0000] {processor.py:830} INFO - Processing file /home/airflow/.local/lib/python3.10/site-packages/airflow/example_dags/example_dag_decorator.py for tasks to queue
[2025-05-09T16:12:59.252+0000] {logging_mixin.py:188} INFO - [2025-05-09T16:12:59.252+0000] {dagbag.py:545} INFO - Filling up the DagBag from /home/airflow/.local/lib/python3.10/site-packages/airflow/example_dags/example_dag_decorator.py
[2025-05-09T16:12:59.325+0000] {processor.py:840} INFO - DAG(s) 'example_dag_decorator' retrieved from /home/airflow/.local/lib/python3.10/site-packages/airflow/example_dags/example_dag_decorator.py
[2025-05-09T16:12:59.425+0000] {logging_mixin.py:188} INFO - [2025-05-09T16:12:59.425+0000] {dag.py:3096} INFO - Sync 1 DAGs
[2025-05-09T16:12:59.438+0000] {logging_mixin.py:188} INFO - [2025-05-09T16:12:59.438+0000] {dag.py:3954} INFO - Setting next_dagrun for example_dag_decorator to None, run_after=None
[2025-05-09T16:12:59.467+0000] {processor.py:183} INFO - Processing /home/airflow/.local/lib/python3.10/site-packages/airflow/example_dags/example_dag_decorator.py took 0.226 seconds
[2025-05-09T16:13:29.548+0000] {processor.py:161} INFO - Started process (PID=4658) to work on /home/airflow/.local/lib/python3.10/site-packages/airflow/example_dags/example_dag_decorator.py
[2025-05-09T16:13:29.550+0000] {processor.py:830} INFO - Processing file /home/airflow/.local/lib/python3.10/site-packages/airflow/example_dags/example_dag_decorator.py for tasks to queue
[2025-05-09T16:13:29.552+0000] {logging_mixin.py:188} INFO - [2025-05-09T16:13:29.552+0000] {dagbag.py:545} INFO - Filling up the DagBag from /home/airflow/.local/lib/python3.10/site-packages/airflow/example_dags/example_dag_decorator.py
[2025-05-09T16:13:29.635+0000] {processor.py:840} INFO - DAG(s) 'example_dag_decorator' retrieved from /home/airflow/.local/lib/python3.10/site-packages/airflow/example_dags/example_dag_decorator.py
[2025-05-09T16:13:29.735+0000] {logging_mixin.py:188} INFO - [2025-05-09T16:13:29.734+0000] {dag.py:3096} INFO - Sync 1 DAGs
[2025-05-09T16:13:29.745+0000] {logging_mixin.py:188} INFO - [2025-05-09T16:13:29.744+0000] {dag.py:3954} INFO - Setting next_dagrun for example_dag_decorator to None, run_after=None
[2025-05-09T16:13:29.768+0000] {processor.py:183} INFO - Processing /home/airflow/.local/lib/python3.10/site-packages/airflow/example_dags/example_dag_decorator.py took 0.226 seconds
[2025-05-09T16:13:59.833+0000] {processor.py:161} INFO - Started process (PID=4920) to work on /home/airflow/.local/lib/python3.10/site-packages/airflow/example_dags/example_dag_decorator.py
[2025-05-09T16:13:59.835+0000] {processor.py:830} INFO - Processing file /home/airflow/.local/lib/python3.10/site-packages/airflow/example_dags/example_dag_decorator.py for tasks to queue
[2025-05-09T16:13:59.837+0000] {logging_mixin.py:188} INFO - [2025-05-09T16:13:59.836+0000] {dagbag.py:545} INFO - Filling up the DagBag from /home/airflow/.local/lib/python3.10/site-packages/airflow/example_dags/example_dag_decorator.py
[2025-05-09T16:13:59.932+0000] {processor.py:840} INFO - DAG(s) 'example_dag_decorator' retrieved from /home/airflow/.local/lib/python3.10/site-packages/airflow/example_dags/example_dag_decorator.py
[2025-05-09T16:14:00.031+0000] {logging_mixin.py:188} INFO - [2025-05-09T16:14:00.031+0000] {dag.py:3096} INFO - Sync 1 DAGs
[2025-05-09T16:14:00.043+0000] {logging_mixin.py:188} INFO - [2025-05-09T16:14:00.043+0000] {dag.py:3954} INFO - Setting next_dagrun for example_dag_decorator to None, run_after=None
[2025-05-09T16:14:00.069+0000] {processor.py:183} INFO - Processing /home/airflow/.local/lib/python3.10/site-packages/airflow/example_dags/example_dag_decorator.py took 0.241 seconds
[2025-05-09T16:14:30.174+0000] {processor.py:161} INFO - Started process (PID=5209) to work on /home/airflow/.local/lib/python3.10/site-packages/airflow/example_dags/example_dag_decorator.py
[2025-05-09T16:14:30.176+0000] {processor.py:830} INFO - Processing file /home/airflow/.local/lib/python3.10/site-packages/airflow/example_dags/example_dag_decorator.py for tasks to queue
[2025-05-09T16:14:30.178+0000] {logging_mixin.py:188} INFO - [2025-05-09T16:14:30.178+0000] {dagbag.py:545} INFO - Filling up the DagBag from /home/airflow/.local/lib/python3.10/site-packages/airflow/example_dags/example_dag_decorator.py
[2025-05-09T16:14:30.262+0000] {processor.py:840} INFO - DAG(s) 'example_dag_decorator' retrieved from /home/airflow/.local/lib/python3.10/site-packages/airflow/example_dags/example_dag_decorator.py
[2025-05-09T16:14:30.358+0000] {logging_mixin.py:188} INFO - [2025-05-09T16:14:30.358+0000] {dag.py:3096} INFO - Sync 1 DAGs
[2025-05-09T16:14:30.369+0000] {logging_mixin.py:188} INFO - [2025-05-09T16:14:30.369+0000] {dag.py:3954} INFO - Setting next_dagrun for example_dag_decorator to None, run_after=None
[2025-05-09T16:14:30.390+0000] {processor.py:183} INFO - Processing /home/airflow/.local/lib/python3.10/site-packages/airflow/example_dags/example_dag_decorator.py took 0.221 seconds
[2025-05-09T16:15:00.724+0000] {processor.py:161} INFO - Started process (PID=5478) to work on /home/airflow/.local/lib/python3.10/site-packages/airflow/example_dags/example_dag_decorator.py
[2025-05-09T16:15:00.726+0000] {processor.py:830} INFO - Processing file /home/airflow/.local/lib/python3.10/site-packages/airflow/example_dags/example_dag_decorator.py for tasks to queue
[2025-05-09T16:15:00.729+0000] {logging_mixin.py:188} INFO - [2025-05-09T16:15:00.729+0000] {dagbag.py:545} INFO - Filling up the DagBag from /home/airflow/.local/lib/python3.10/site-packages/airflow/example_dags/example_dag_decorator.py
[2025-05-09T16:15:00.867+0000] {processor.py:840} INFO - DAG(s) 'example_dag_decorator' retrieved from /home/airflow/.local/lib/python3.10/site-packages/airflow/example_dags/example_dag_decorator.py
[2025-05-09T16:15:01.025+0000] {logging_mixin.py:188} INFO - [2025-05-09T16:15:01.025+0000] {dag.py:3096} INFO - Sync 1 DAGs
[2025-05-09T16:15:01.040+0000] {logging_mixin.py:188} INFO - [2025-05-09T16:15:01.040+0000] {dag.py:3954} INFO - Setting next_dagrun for example_dag_decorator to None, run_after=None
[2025-05-09T16:15:01.076+0000] {processor.py:183} INFO - Processing /home/airflow/.local/lib/python3.10/site-packages/airflow/example_dags/example_dag_decorator.py took 0.363 seconds
[2025-05-09T16:15:31.485+0000] {processor.py:161} INFO - Started process (PID=5751) to work on /home/airflow/.local/lib/python3.10/site-packages/airflow/example_dags/example_dag_decorator.py
[2025-05-09T16:15:31.487+0000] {processor.py:830} INFO - Processing file /home/airflow/.local/lib/python3.10/site-packages/airflow/example_dags/example_dag_decorator.py for tasks to queue
[2025-05-09T16:15:31.490+0000] {logging_mixin.py:188} INFO - [2025-05-09T16:15:31.489+0000] {dagbag.py:545} INFO - Filling up the DagBag from /home/airflow/.local/lib/python3.10/site-packages/airflow/example_dags/example_dag_decorator.py
[2025-05-09T16:15:31.612+0000] {processor.py:840} INFO - DAG(s) 'example_dag_decorator' retrieved from /home/airflow/.local/lib/python3.10/site-packages/airflow/example_dags/example_dag_decorator.py
[2025-05-09T16:15:31.746+0000] {logging_mixin.py:188} INFO - [2025-05-09T16:15:31.746+0000] {dag.py:3096} INFO - Sync 1 DAGs
[2025-05-09T16:15:31.758+0000] {logging_mixin.py:188} INFO - [2025-05-09T16:15:31.757+0000] {dag.py:3954} INFO - Setting next_dagrun for example_dag_decorator to None, run_after=None
[2025-05-09T16:15:31.784+0000] {processor.py:183} INFO - Processing /home/airflow/.local/lib/python3.10/site-packages/airflow/example_dags/example_dag_decorator.py took 0.306 seconds
[2025-05-09T16:16:02.070+0000] {processor.py:161} INFO - Started process (PID=6031) to work on /home/airflow/.local/lib/python3.10/site-packages/airflow/example_dags/example_dag_decorator.py
[2025-05-09T16:16:02.072+0000] {processor.py:830} INFO - Processing file /home/airflow/.local/lib/python3.10/site-packages/airflow/example_dags/example_dag_decorator.py for tasks to queue
[2025-05-09T16:16:02.075+0000] {logging_mixin.py:188} INFO - [2025-05-09T16:16:02.075+0000] {dagbag.py:545} INFO - Filling up the DagBag from /home/airflow/.local/lib/python3.10/site-packages/airflow/example_dags/example_dag_decorator.py
[2025-05-09T16:16:02.181+0000] {processor.py:840} INFO - DAG(s) 'example_dag_decorator' retrieved from /home/airflow/.local/lib/python3.10/site-packages/airflow/example_dags/example_dag_decorator.py
[2025-05-09T16:16:02.332+0000] {logging_mixin.py:188} INFO - [2025-05-09T16:16:02.332+0000] {dag.py:3096} INFO - Sync 1 DAGs
[2025-05-09T16:16:02.348+0000] {logging_mixin.py:188} INFO - [2025-05-09T16:16:02.347+0000] {dag.py:3954} INFO - Setting next_dagrun for example_dag_decorator to None, run_after=None
[2025-05-09T16:16:02.398+0000] {processor.py:183} INFO - Processing /home/airflow/.local/lib/python3.10/site-packages/airflow/example_dags/example_dag_decorator.py took 0.336 seconds
[2025-05-09T16:16:33.184+0000] {processor.py:161} INFO - Started process (PID=6380) to work on /home/airflow/.local/lib/python3.10/site-packages/airflow/example_dags/example_dag_decorator.py
[2025-05-09T16:16:33.186+0000] {processor.py:830} INFO - Processing file /home/airflow/.local/lib/python3.10/site-packages/airflow/example_dags/example_dag_decorator.py for tasks to queue
[2025-05-09T16:16:33.189+0000] {logging_mixin.py:188} INFO - [2025-05-09T16:16:33.189+0000] {dagbag.py:545} INFO - Filling up the DagBag from /home/airflow/.local/lib/python3.10/site-packages/airflow/example_dags/example_dag_decorator.py
[2025-05-09T16:16:33.289+0000] {processor.py:840} INFO - DAG(s) 'example_dag_decorator' retrieved from /home/airflow/.local/lib/python3.10/site-packages/airflow/example_dags/example_dag_decorator.py
[2025-05-09T16:16:33.425+0000] {logging_mixin.py:188} INFO - [2025-05-09T16:16:33.424+0000] {dag.py:3096} INFO - Sync 1 DAGs
[2025-05-09T16:16:33.437+0000] {logging_mixin.py:188} INFO - [2025-05-09T16:16:33.437+0000] {dag.py:3954} INFO - Setting next_dagrun for example_dag_decorator to None, run_after=None
[2025-05-09T16:16:33.467+0000] {processor.py:183} INFO - Processing /home/airflow/.local/lib/python3.10/site-packages/airflow/example_dags/example_dag_decorator.py took 0.292 seconds
[2025-05-09T16:17:03.962+0000] {processor.py:161} INFO - Started process (PID=6673) to work on /home/airflow/.local/lib/python3.10/site-packages/airflow/example_dags/example_dag_decorator.py
[2025-05-09T16:17:03.964+0000] {processor.py:830} INFO - Processing file /home/airflow/.local/lib/python3.10/site-packages/airflow/example_dags/example_dag_decorator.py for tasks to queue
[2025-05-09T16:17:03.971+0000] {logging_mixin.py:188} INFO - [2025-05-09T16:17:03.970+0000] {dagbag.py:545} INFO - Filling up the DagBag from /home/airflow/.local/lib/python3.10/site-packages/airflow/example_dags/example_dag_decorator.py
[2025-05-09T16:17:04.127+0000] {processor.py:840} INFO - DAG(s) 'example_dag_decorator' retrieved from /home/airflow/.local/lib/python3.10/site-packages/airflow/example_dags/example_dag_decorator.py
[2025-05-09T16:17:04.298+0000] {logging_mixin.py:188} INFO - [2025-05-09T16:17:04.297+0000] {dag.py:3096} INFO - Sync 1 DAGs
[2025-05-09T16:17:04.319+0000] {logging_mixin.py:188} INFO - [2025-05-09T16:17:04.318+0000] {dag.py:3954} INFO - Setting next_dagrun for example_dag_decorator to None, run_after=None
[2025-05-09T16:17:04.357+0000] {processor.py:183} INFO - Processing /home/airflow/.local/lib/python3.10/site-packages/airflow/example_dags/example_dag_decorator.py took 0.407 seconds
[2025-05-09T16:17:34.512+0000] {processor.py:161} INFO - Started process (PID=6987) to work on /home/airflow/.local/lib/python3.10/site-packages/airflow/example_dags/example_dag_decorator.py
[2025-05-09T16:17:34.515+0000] {processor.py:830} INFO - Processing file /home/airflow/.local/lib/python3.10/site-packages/airflow/example_dags/example_dag_decorator.py for tasks to queue
[2025-05-09T16:17:34.518+0000] {logging_mixin.py:188} INFO - [2025-05-09T16:17:34.517+0000] {dagbag.py:545} INFO - Filling up the DagBag from /home/airflow/.local/lib/python3.10/site-packages/airflow/example_dags/example_dag_decorator.py
[2025-05-09T16:17:34.682+0000] {processor.py:840} INFO - DAG(s) 'example_dag_decorator' retrieved from /home/airflow/.local/lib/python3.10/site-packages/airflow/example_dags/example_dag_decorator.py
[2025-05-09T16:17:34.870+0000] {logging_mixin.py:188} INFO - [2025-05-09T16:17:34.870+0000] {dag.py:3096} INFO - Sync 1 DAGs
[2025-05-09T16:17:34.888+0000] {logging_mixin.py:188} INFO - [2025-05-09T16:17:34.888+0000] {dag.py:3954} INFO - Setting next_dagrun for example_dag_decorator to None, run_after=None
[2025-05-09T16:17:34.927+0000] {processor.py:183} INFO - Processing /home/airflow/.local/lib/python3.10/site-packages/airflow/example_dags/example_dag_decorator.py took 0.423 seconds
[2025-05-09T16:18:05.334+0000] {processor.py:161} INFO - Started process (PID=7253) to work on /home/airflow/.local/lib/python3.10/site-packages/airflow/example_dags/example_dag_decorator.py
[2025-05-09T16:18:05.336+0000] {processor.py:830} INFO - Processing file /home/airflow/.local/lib/python3.10/site-packages/airflow/example_dags/example_dag_decorator.py for tasks to queue
[2025-05-09T16:18:05.338+0000] {logging_mixin.py:188} INFO - [2025-05-09T16:18:05.338+0000] {dagbag.py:545} INFO - Filling up the DagBag from /home/airflow/.local/lib/python3.10/site-packages/airflow/example_dags/example_dag_decorator.py
[2025-05-09T16:18:05.524+0000] {processor.py:840} INFO - DAG(s) 'example_dag_decorator' retrieved from /home/airflow/.local/lib/python3.10/site-packages/airflow/example_dags/example_dag_decorator.py
[2025-05-09T16:18:05.683+0000] {logging_mixin.py:188} INFO - [2025-05-09T16:18:05.682+0000] {dag.py:3096} INFO - Sync 1 DAGs
[2025-05-09T16:18:05.704+0000] {logging_mixin.py:188} INFO - [2025-05-09T16:18:05.704+0000] {dag.py:3954} INFO - Setting next_dagrun for example_dag_decorator to None, run_after=None
[2025-05-09T16:18:05.748+0000] {processor.py:183} INFO - Processing /home/airflow/.local/lib/python3.10/site-packages/airflow/example_dags/example_dag_decorator.py took 0.422 seconds
[2025-05-09T16:18:35.902+0000] {processor.py:161} INFO - Started process (PID=7553) to work on /home/airflow/.local/lib/python3.10/site-packages/airflow/example_dags/example_dag_decorator.py
[2025-05-09T16:18:35.904+0000] {processor.py:830} INFO - Processing file /home/airflow/.local/lib/python3.10/site-packages/airflow/example_dags/example_dag_decorator.py for tasks to queue
[2025-05-09T16:18:35.907+0000] {logging_mixin.py:188} INFO - [2025-05-09T16:18:35.907+0000] {dagbag.py:545} INFO - Filling up the DagBag from /home/airflow/.local/lib/python3.10/site-packages/airflow/example_dags/example_dag_decorator.py
[2025-05-09T16:18:36.013+0000] {processor.py:840} INFO - DAG(s) 'example_dag_decorator' retrieved from /home/airflow/.local/lib/python3.10/site-packages/airflow/example_dags/example_dag_decorator.py
[2025-05-09T16:18:36.108+0000] {logging_mixin.py:188} INFO - [2025-05-09T16:18:36.108+0000] {dag.py:3096} INFO - Sync 1 DAGs
[2025-05-09T16:18:36.118+0000] {logging_mixin.py:188} INFO - [2025-05-09T16:18:36.118+0000] {dag.py:3954} INFO - Setting next_dagrun for example_dag_decorator to None, run_after=None
[2025-05-09T16:18:36.136+0000] {processor.py:183} INFO - Processing /home/airflow/.local/lib/python3.10/site-packages/airflow/example_dags/example_dag_decorator.py took 0.243 seconds
[2025-05-09T16:19:06.552+0000] {processor.py:161} INFO - Started process (PID=7833) to work on /home/airflow/.local/lib/python3.10/site-packages/airflow/example_dags/example_dag_decorator.py
[2025-05-09T16:19:06.554+0000] {processor.py:830} INFO - Processing file /home/airflow/.local/lib/python3.10/site-packages/airflow/example_dags/example_dag_decorator.py for tasks to queue
[2025-05-09T16:19:06.556+0000] {logging_mixin.py:188} INFO - [2025-05-09T16:19:06.555+0000] {dagbag.py:545} INFO - Filling up the DagBag from /home/airflow/.local/lib/python3.10/site-packages/airflow/example_dags/example_dag_decorator.py
[2025-05-09T16:19:06.645+0000] {processor.py:840} INFO - DAG(s) 'example_dag_decorator' retrieved from /home/airflow/.local/lib/python3.10/site-packages/airflow/example_dags/example_dag_decorator.py
[2025-05-09T16:19:06.760+0000] {logging_mixin.py:188} INFO - [2025-05-09T16:19:06.759+0000] {dag.py:3096} INFO - Sync 1 DAGs
[2025-05-09T16:19:06.770+0000] {logging_mixin.py:188} INFO - [2025-05-09T16:19:06.770+0000] {dag.py:3954} INFO - Setting next_dagrun for example_dag_decorator to None, run_after=None
[2025-05-09T16:19:06.796+0000] {processor.py:183} INFO - Processing /home/airflow/.local/lib/python3.10/site-packages/airflow/example_dags/example_dag_decorator.py took 0.252 seconds
[2025-05-09T16:19:36.913+0000] {processor.py:161} INFO - Started process (PID=8108) to work on /home/airflow/.local/lib/python3.10/site-packages/airflow/example_dags/example_dag_decorator.py
[2025-05-09T16:19:36.915+0000] {processor.py:830} INFO - Processing file /home/airflow/.local/lib/python3.10/site-packages/airflow/example_dags/example_dag_decorator.py for tasks to queue
[2025-05-09T16:19:36.918+0000] {logging_mixin.py:188} INFO - [2025-05-09T16:19:36.918+0000] {dagbag.py:545} INFO - Filling up the DagBag from /home/airflow/.local/lib/python3.10/site-packages/airflow/example_dags/example_dag_decorator.py
[2025-05-09T16:19:37.026+0000] {processor.py:840} INFO - DAG(s) 'example_dag_decorator' retrieved from /home/airflow/.local/lib/python3.10/site-packages/airflow/example_dags/example_dag_decorator.py
[2025-05-09T16:19:37.064+0000] {logging_mixin.py:188} INFO - [2025-05-09T16:19:37.063+0000] {dag.py:3096} INFO - Sync 1 DAGs
[2025-05-09T16:19:37.079+0000] {logging_mixin.py:188} INFO - [2025-05-09T16:19:37.079+0000] {dag.py:3954} INFO - Setting next_dagrun for example_dag_decorator to None, run_after=None
[2025-05-09T16:19:37.105+0000] {processor.py:183} INFO - Processing /home/airflow/.local/lib/python3.10/site-packages/airflow/example_dags/example_dag_decorator.py took 0.200 seconds
[2025-05-09T16:20:07.683+0000] {processor.py:161} INFO - Started process (PID=8414) to work on /home/airflow/.local/lib/python3.10/site-packages/airflow/example_dags/example_dag_decorator.py
[2025-05-09T16:20:07.685+0000] {processor.py:830} INFO - Processing file /home/airflow/.local/lib/python3.10/site-packages/airflow/example_dags/example_dag_decorator.py for tasks to queue
[2025-05-09T16:20:07.688+0000] {logging_mixin.py:188} INFO - [2025-05-09T16:20:07.688+0000] {dagbag.py:545} INFO - Filling up the DagBag from /home/airflow/.local/lib/python3.10/site-packages/airflow/example_dags/example_dag_decorator.py
[2025-05-09T16:20:07.778+0000] {processor.py:840} INFO - DAG(s) 'example_dag_decorator' retrieved from /home/airflow/.local/lib/python3.10/site-packages/airflow/example_dags/example_dag_decorator.py
[2025-05-09T16:20:07.808+0000] {logging_mixin.py:188} INFO - [2025-05-09T16:20:07.808+0000] {dag.py:3096} INFO - Sync 1 DAGs
[2025-05-09T16:20:07.827+0000] {logging_mixin.py:188} INFO - [2025-05-09T16:20:07.826+0000] {dag.py:3954} INFO - Setting next_dagrun for example_dag_decorator to None, run_after=None
[2025-05-09T16:20:07.851+0000] {processor.py:183} INFO - Processing /home/airflow/.local/lib/python3.10/site-packages/airflow/example_dags/example_dag_decorator.py took 0.176 seconds
[2025-05-09T16:20:38.389+0000] {processor.py:161} INFO - Started process (PID=8689) to work on /home/airflow/.local/lib/python3.10/site-packages/airflow/example_dags/example_dag_decorator.py
[2025-05-09T16:20:38.391+0000] {processor.py:830} INFO - Processing file /home/airflow/.local/lib/python3.10/site-packages/airflow/example_dags/example_dag_decorator.py for tasks to queue
[2025-05-09T16:20:38.395+0000] {logging_mixin.py:188} INFO - [2025-05-09T16:20:38.394+0000] {dagbag.py:545} INFO - Filling up the DagBag from /home/airflow/.local/lib/python3.10/site-packages/airflow/example_dags/example_dag_decorator.py
[2025-05-09T16:20:38.488+0000] {processor.py:840} INFO - DAG(s) 'example_dag_decorator' retrieved from /home/airflow/.local/lib/python3.10/site-packages/airflow/example_dags/example_dag_decorator.py
[2025-05-09T16:20:38.515+0000] {logging_mixin.py:188} INFO - [2025-05-09T16:20:38.515+0000] {dag.py:3096} INFO - Sync 1 DAGs
[2025-05-09T16:20:38.529+0000] {logging_mixin.py:188} INFO - [2025-05-09T16:20:38.529+0000] {dag.py:3954} INFO - Setting next_dagrun for example_dag_decorator to None, run_after=None
[2025-05-09T16:20:38.550+0000] {processor.py:183} INFO - Processing /home/airflow/.local/lib/python3.10/site-packages/airflow/example_dags/example_dag_decorator.py took 0.171 seconds
[2025-05-09T16:21:08.764+0000] {processor.py:161} INFO - Started process (PID=8998) to work on /home/airflow/.local/lib/python3.10/site-packages/airflow/example_dags/example_dag_decorator.py
[2025-05-09T16:21:08.766+0000] {processor.py:830} INFO - Processing file /home/airflow/.local/lib/python3.10/site-packages/airflow/example_dags/example_dag_decorator.py for tasks to queue
[2025-05-09T16:21:08.771+0000] {logging_mixin.py:188} INFO - [2025-05-09T16:21:08.770+0000] {dagbag.py:545} INFO - Filling up the DagBag from /home/airflow/.local/lib/python3.10/site-packages/airflow/example_dags/example_dag_decorator.py
[2025-05-09T16:21:09.124+0000] {processor.py:840} INFO - DAG(s) 'example_dag_decorator' retrieved from /home/airflow/.local/lib/python3.10/site-packages/airflow/example_dags/example_dag_decorator.py
[2025-05-09T16:21:09.307+0000] {logging_mixin.py:188} INFO - [2025-05-09T16:21:09.306+0000] {dag.py:3096} INFO - Sync 1 DAGs
[2025-05-09T16:21:09.331+0000] {logging_mixin.py:188} INFO - [2025-05-09T16:21:09.330+0000] {dag.py:3954} INFO - Setting next_dagrun for example_dag_decorator to None, run_after=None
[2025-05-09T16:21:09.378+0000] {processor.py:183} INFO - Processing /home/airflow/.local/lib/python3.10/site-packages/airflow/example_dags/example_dag_decorator.py took 0.631 seconds
[2025-05-09T16:21:39.706+0000] {processor.py:161} INFO - Started process (PID=9321) to work on /home/airflow/.local/lib/python3.10/site-packages/airflow/example_dags/example_dag_decorator.py
[2025-05-09T16:21:39.708+0000] {processor.py:830} INFO - Processing file /home/airflow/.local/lib/python3.10/site-packages/airflow/example_dags/example_dag_decorator.py for tasks to queue
[2025-05-09T16:21:39.711+0000] {logging_mixin.py:188} INFO - [2025-05-09T16:21:39.711+0000] {dagbag.py:545} INFO - Filling up the DagBag from /home/airflow/.local/lib/python3.10/site-packages/airflow/example_dags/example_dag_decorator.py
[2025-05-09T16:21:39.821+0000] {processor.py:840} INFO - DAG(s) 'example_dag_decorator' retrieved from /home/airflow/.local/lib/python3.10/site-packages/airflow/example_dags/example_dag_decorator.py
[2025-05-09T16:21:39.921+0000] {logging_mixin.py:188} INFO - [2025-05-09T16:21:39.921+0000] {dag.py:3096} INFO - Sync 1 DAGs
[2025-05-09T16:21:39.931+0000] {logging_mixin.py:188} INFO - [2025-05-09T16:21:39.931+0000] {dag.py:3954} INFO - Setting next_dagrun for example_dag_decorator to None, run_after=None
[2025-05-09T16:21:39.954+0000] {processor.py:183} INFO - Processing /home/airflow/.local/lib/python3.10/site-packages/airflow/example_dags/example_dag_decorator.py took 0.257 seconds
[2025-05-09T16:22:10.273+0000] {processor.py:161} INFO - Started process (PID=9651) to work on /home/airflow/.local/lib/python3.10/site-packages/airflow/example_dags/example_dag_decorator.py
[2025-05-09T16:22:10.274+0000] {processor.py:830} INFO - Processing file /home/airflow/.local/lib/python3.10/site-packages/airflow/example_dags/example_dag_decorator.py for tasks to queue
[2025-05-09T16:22:10.277+0000] {logging_mixin.py:188} INFO - [2025-05-09T16:22:10.276+0000] {dagbag.py:545} INFO - Filling up the DagBag from /home/airflow/.local/lib/python3.10/site-packages/airflow/example_dags/example_dag_decorator.py
[2025-05-09T16:22:10.374+0000] {processor.py:840} INFO - DAG(s) 'example_dag_decorator' retrieved from /home/airflow/.local/lib/python3.10/site-packages/airflow/example_dags/example_dag_decorator.py
[2025-05-09T16:22:10.490+0000] {logging_mixin.py:188} INFO - [2025-05-09T16:22:10.490+0000] {dag.py:3096} INFO - Sync 1 DAGs
[2025-05-09T16:22:10.503+0000] {logging_mixin.py:188} INFO - [2025-05-09T16:22:10.502+0000] {dag.py:3954} INFO - Setting next_dagrun for example_dag_decorator to None, run_after=None
[2025-05-09T16:22:10.532+0000] {processor.py:183} INFO - Processing /home/airflow/.local/lib/python3.10/site-packages/airflow/example_dags/example_dag_decorator.py took 0.267 seconds
[2025-05-09T16:22:40.608+0000] {processor.py:161} INFO - Started process (PID=9929) to work on /home/airflow/.local/lib/python3.10/site-packages/airflow/example_dags/example_dag_decorator.py
[2025-05-09T16:22:40.609+0000] {processor.py:830} INFO - Processing file /home/airflow/.local/lib/python3.10/site-packages/airflow/example_dags/example_dag_decorator.py for tasks to queue
[2025-05-09T16:22:40.611+0000] {logging_mixin.py:188} INFO - [2025-05-09T16:22:40.611+0000] {dagbag.py:545} INFO - Filling up the DagBag from /home/airflow/.local/lib/python3.10/site-packages/airflow/example_dags/example_dag_decorator.py
[2025-05-09T16:22:40.703+0000] {processor.py:840} INFO - DAG(s) 'example_dag_decorator' retrieved from /home/airflow/.local/lib/python3.10/site-packages/airflow/example_dags/example_dag_decorator.py
[2025-05-09T16:22:40.800+0000] {logging_mixin.py:188} INFO - [2025-05-09T16:22:40.800+0000] {dag.py:3096} INFO - Sync 1 DAGs
[2025-05-09T16:22:40.813+0000] {logging_mixin.py:188} INFO - [2025-05-09T16:22:40.813+0000] {dag.py:3954} INFO - Setting next_dagrun for example_dag_decorator to None, run_after=None
[2025-05-09T16:22:40.837+0000] {processor.py:183} INFO - Processing /home/airflow/.local/lib/python3.10/site-packages/airflow/example_dags/example_dag_decorator.py took 0.236 seconds
[2025-05-09T16:23:10.990+0000] {processor.py:161} INFO - Started process (PID=10234) to work on /home/airflow/.local/lib/python3.10/site-packages/airflow/example_dags/example_dag_decorator.py
[2025-05-09T16:23:10.991+0000] {processor.py:830} INFO - Processing file /home/airflow/.local/lib/python3.10/site-packages/airflow/example_dags/example_dag_decorator.py for tasks to queue
[2025-05-09T16:23:10.994+0000] {logging_mixin.py:188} INFO - [2025-05-09T16:23:10.994+0000] {dagbag.py:545} INFO - Filling up the DagBag from /home/airflow/.local/lib/python3.10/site-packages/airflow/example_dags/example_dag_decorator.py
[2025-05-09T16:23:11.106+0000] {processor.py:840} INFO - DAG(s) 'example_dag_decorator' retrieved from /home/airflow/.local/lib/python3.10/site-packages/airflow/example_dags/example_dag_decorator.py
[2025-05-09T16:23:11.144+0000] {logging_mixin.py:188} INFO - [2025-05-09T16:23:11.144+0000] {dag.py:3096} INFO - Sync 1 DAGs
[2025-05-09T16:23:11.167+0000] {logging_mixin.py:188} INFO - [2025-05-09T16:23:11.166+0000] {dag.py:3954} INFO - Setting next_dagrun for example_dag_decorator to None, run_after=None
[2025-05-09T16:23:11.194+0000] {processor.py:183} INFO - Processing /home/airflow/.local/lib/python3.10/site-packages/airflow/example_dags/example_dag_decorator.py took 0.212 seconds
[2025-05-09T16:23:41.296+0000] {processor.py:161} INFO - Started process (PID=10511) to work on /home/airflow/.local/lib/python3.10/site-packages/airflow/example_dags/example_dag_decorator.py
[2025-05-09T16:23:41.298+0000] {processor.py:830} INFO - Processing file /home/airflow/.local/lib/python3.10/site-packages/airflow/example_dags/example_dag_decorator.py for tasks to queue
[2025-05-09T16:23:41.301+0000] {logging_mixin.py:188} INFO - [2025-05-09T16:23:41.301+0000] {dagbag.py:545} INFO - Filling up the DagBag from /home/airflow/.local/lib/python3.10/site-packages/airflow/example_dags/example_dag_decorator.py
[2025-05-09T16:23:41.395+0000] {processor.py:840} INFO - DAG(s) 'example_dag_decorator' retrieved from /home/airflow/.local/lib/python3.10/site-packages/airflow/example_dags/example_dag_decorator.py
[2025-05-09T16:23:41.511+0000] {logging_mixin.py:188} INFO - [2025-05-09T16:23:41.511+0000] {dag.py:3096} INFO - Sync 1 DAGs
[2025-05-09T16:23:41.524+0000] {logging_mixin.py:188} INFO - [2025-05-09T16:23:41.524+0000] {dag.py:3954} INFO - Setting next_dagrun for example_dag_decorator to None, run_after=None
[2025-05-09T16:23:41.550+0000] {processor.py:183} INFO - Processing /home/airflow/.local/lib/python3.10/site-packages/airflow/example_dags/example_dag_decorator.py took 0.260 seconds
[2025-05-09T16:24:11.877+0000] {processor.py:161} INFO - Started process (PID=10807) to work on /home/airflow/.local/lib/python3.10/site-packages/airflow/example_dags/example_dag_decorator.py
[2025-05-09T16:24:11.880+0000] {processor.py:830} INFO - Processing file /home/airflow/.local/lib/python3.10/site-packages/airflow/example_dags/example_dag_decorator.py for tasks to queue
[2025-05-09T16:24:11.883+0000] {logging_mixin.py:188} INFO - [2025-05-09T16:24:11.883+0000] {dagbag.py:545} INFO - Filling up the DagBag from /home/airflow/.local/lib/python3.10/site-packages/airflow/example_dags/example_dag_decorator.py
[2025-05-09T16:24:11.986+0000] {processor.py:840} INFO - DAG(s) 'example_dag_decorator' retrieved from /home/airflow/.local/lib/python3.10/site-packages/airflow/example_dags/example_dag_decorator.py
[2025-05-09T16:24:12.104+0000] {logging_mixin.py:188} INFO - [2025-05-09T16:24:12.103+0000] {dag.py:3096} INFO - Sync 1 DAGs
[2025-05-09T16:24:12.116+0000] {logging_mixin.py:188} INFO - [2025-05-09T16:24:12.116+0000] {dag.py:3954} INFO - Setting next_dagrun for example_dag_decorator to None, run_after=None
[2025-05-09T16:24:12.144+0000] {processor.py:183} INFO - Processing /home/airflow/.local/lib/python3.10/site-packages/airflow/example_dags/example_dag_decorator.py took 0.273 seconds
[2025-05-09T16:24:42.596+0000] {processor.py:161} INFO - Started process (PID=11088) to work on /home/airflow/.local/lib/python3.10/site-packages/airflow/example_dags/example_dag_decorator.py
[2025-05-09T16:24:42.597+0000] {processor.py:830} INFO - Processing file /home/airflow/.local/lib/python3.10/site-packages/airflow/example_dags/example_dag_decorator.py for tasks to queue
[2025-05-09T16:24:42.599+0000] {logging_mixin.py:188} INFO - [2025-05-09T16:24:42.598+0000] {dagbag.py:545} INFO - Filling up the DagBag from /home/airflow/.local/lib/python3.10/site-packages/airflow/example_dags/example_dag_decorator.py
[2025-05-09T16:24:42.677+0000] {processor.py:840} INFO - DAG(s) 'example_dag_decorator' retrieved from /home/airflow/.local/lib/python3.10/site-packages/airflow/example_dags/example_dag_decorator.py
[2025-05-09T16:24:42.704+0000] {logging_mixin.py:188} INFO - [2025-05-09T16:24:42.704+0000] {dag.py:3096} INFO - Sync 1 DAGs
[2025-05-09T16:24:42.716+0000] {logging_mixin.py:188} INFO - [2025-05-09T16:24:42.716+0000] {dag.py:3954} INFO - Setting next_dagrun for example_dag_decorator to None, run_after=None
[2025-05-09T16:24:42.738+0000] {processor.py:183} INFO - Processing /home/airflow/.local/lib/python3.10/site-packages/airflow/example_dags/example_dag_decorator.py took 0.149 seconds
[2025-05-09T16:25:13.415+0000] {processor.py:161} INFO - Started process (PID=11438) to work on /home/airflow/.local/lib/python3.10/site-packages/airflow/example_dags/example_dag_decorator.py
[2025-05-09T16:25:13.417+0000] {processor.py:830} INFO - Processing file /home/airflow/.local/lib/python3.10/site-packages/airflow/example_dags/example_dag_decorator.py for tasks to queue
[2025-05-09T16:25:13.420+0000] {logging_mixin.py:188} INFO - [2025-05-09T16:25:13.419+0000] {dagbag.py:545} INFO - Filling up the DagBag from /home/airflow/.local/lib/python3.10/site-packages/airflow/example_dags/example_dag_decorator.py
[2025-05-09T16:25:13.500+0000] {processor.py:840} INFO - DAG(s) 'example_dag_decorator' retrieved from /home/airflow/.local/lib/python3.10/site-packages/airflow/example_dags/example_dag_decorator.py
[2025-05-09T16:25:13.591+0000] {logging_mixin.py:188} INFO - [2025-05-09T16:25:13.591+0000] {dag.py:3096} INFO - Sync 1 DAGs
[2025-05-09T16:25:13.601+0000] {logging_mixin.py:188} INFO - [2025-05-09T16:25:13.601+0000] {dag.py:3954} INFO - Setting next_dagrun for example_dag_decorator to None, run_after=None
[2025-05-09T16:25:13.624+0000] {processor.py:183} INFO - Processing /home/airflow/.local/lib/python3.10/site-packages/airflow/example_dags/example_dag_decorator.py took 0.215 seconds
[2025-05-09T16:25:44.167+0000] {processor.py:161} INFO - Started process (PID=11706) to work on /home/airflow/.local/lib/python3.10/site-packages/airflow/example_dags/example_dag_decorator.py
[2025-05-09T16:25:44.169+0000] {processor.py:830} INFO - Processing file /home/airflow/.local/lib/python3.10/site-packages/airflow/example_dags/example_dag_decorator.py for tasks to queue
[2025-05-09T16:25:44.171+0000] {logging_mixin.py:188} INFO - [2025-05-09T16:25:44.171+0000] {dagbag.py:545} INFO - Filling up the DagBag from /home/airflow/.local/lib/python3.10/site-packages/airflow/example_dags/example_dag_decorator.py
[2025-05-09T16:25:44.255+0000] {processor.py:840} INFO - DAG(s) 'example_dag_decorator' retrieved from /home/airflow/.local/lib/python3.10/site-packages/airflow/example_dags/example_dag_decorator.py
[2025-05-09T16:25:44.283+0000] {logging_mixin.py:188} INFO - [2025-05-09T16:25:44.283+0000] {dag.py:3096} INFO - Sync 1 DAGs
[2025-05-09T16:25:44.297+0000] {logging_mixin.py:188} INFO - [2025-05-09T16:25:44.296+0000] {dag.py:3954} INFO - Setting next_dagrun for example_dag_decorator to None, run_after=None
[2025-05-09T16:25:44.326+0000] {processor.py:183} INFO - Processing /home/airflow/.local/lib/python3.10/site-packages/airflow/example_dags/example_dag_decorator.py took 0.165 seconds
[2025-05-09T16:26:14.517+0000] {processor.py:161} INFO - Started process (PID=12029) to work on /home/airflow/.local/lib/python3.10/site-packages/airflow/example_dags/example_dag_decorator.py
[2025-05-09T16:26:14.519+0000] {processor.py:830} INFO - Processing file /home/airflow/.local/lib/python3.10/site-packages/airflow/example_dags/example_dag_decorator.py for tasks to queue
[2025-05-09T16:26:14.522+0000] {logging_mixin.py:188} INFO - [2025-05-09T16:26:14.521+0000] {dagbag.py:545} INFO - Filling up the DagBag from /home/airflow/.local/lib/python3.10/site-packages/airflow/example_dags/example_dag_decorator.py
[2025-05-09T16:26:14.610+0000] {processor.py:840} INFO - DAG(s) 'example_dag_decorator' retrieved from /home/airflow/.local/lib/python3.10/site-packages/airflow/example_dags/example_dag_decorator.py
[2025-05-09T16:26:14.707+0000] {logging_mixin.py:188} INFO - [2025-05-09T16:26:14.706+0000] {dag.py:3096} INFO - Sync 1 DAGs
[2025-05-09T16:26:14.717+0000] {logging_mixin.py:188} INFO - [2025-05-09T16:26:14.717+0000] {dag.py:3954} INFO - Setting next_dagrun for example_dag_decorator to None, run_after=None
[2025-05-09T16:26:14.739+0000] {processor.py:183} INFO - Processing /home/airflow/.local/lib/python3.10/site-packages/airflow/example_dags/example_dag_decorator.py took 0.227 seconds
[2025-05-09T16:26:44.961+0000] {processor.py:161} INFO - Started process (PID=12306) to work on /home/airflow/.local/lib/python3.10/site-packages/airflow/example_dags/example_dag_decorator.py
[2025-05-09T16:26:44.963+0000] {processor.py:830} INFO - Processing file /home/airflow/.local/lib/python3.10/site-packages/airflow/example_dags/example_dag_decorator.py for tasks to queue
[2025-05-09T16:26:44.965+0000] {logging_mixin.py:188} INFO - [2025-05-09T16:26:44.965+0000] {dagbag.py:545} INFO - Filling up the DagBag from /home/airflow/.local/lib/python3.10/site-packages/airflow/example_dags/example_dag_decorator.py
[2025-05-09T16:26:45.071+0000] {processor.py:840} INFO - DAG(s) 'example_dag_decorator' retrieved from /home/airflow/.local/lib/python3.10/site-packages/airflow/example_dags/example_dag_decorator.py
[2025-05-09T16:26:45.117+0000] {logging_mixin.py:188} INFO - [2025-05-09T16:26:45.117+0000] {dag.py:3096} INFO - Sync 1 DAGs
[2025-05-09T16:26:45.135+0000] {logging_mixin.py:188} INFO - [2025-05-09T16:26:45.135+0000] {dag.py:3954} INFO - Setting next_dagrun for example_dag_decorator to None, run_after=None
[2025-05-09T16:26:45.166+0000] {processor.py:183} INFO - Processing /home/airflow/.local/lib/python3.10/site-packages/airflow/example_dags/example_dag_decorator.py took 0.211 seconds
[2025-05-09T16:27:15.721+0000] {processor.py:161} INFO - Started process (PID=12625) to work on /home/airflow/.local/lib/python3.10/site-packages/airflow/example_dags/example_dag_decorator.py
[2025-05-09T16:27:15.723+0000] {processor.py:830} INFO - Processing file /home/airflow/.local/lib/python3.10/site-packages/airflow/example_dags/example_dag_decorator.py for tasks to queue
[2025-05-09T16:27:15.726+0000] {logging_mixin.py:188} INFO - [2025-05-09T16:27:15.725+0000] {dagbag.py:545} INFO - Filling up the DagBag from /home/airflow/.local/lib/python3.10/site-packages/airflow/example_dags/example_dag_decorator.py
[2025-05-09T16:27:15.849+0000] {processor.py:840} INFO - DAG(s) 'example_dag_decorator' retrieved from /home/airflow/.local/lib/python3.10/site-packages/airflow/example_dags/example_dag_decorator.py
[2025-05-09T16:27:15.982+0000] {logging_mixin.py:188} INFO - [2025-05-09T16:27:15.982+0000] {dag.py:3096} INFO - Sync 1 DAGs
[2025-05-09T16:27:15.996+0000] {logging_mixin.py:188} INFO - [2025-05-09T16:27:15.996+0000] {dag.py:3954} INFO - Setting next_dagrun for example_dag_decorator to None, run_after=None
[2025-05-09T16:27:16.032+0000] {processor.py:183} INFO - Processing /home/airflow/.local/lib/python3.10/site-packages/airflow/example_dags/example_dag_decorator.py took 0.318 seconds
[2025-05-09T16:27:46.178+0000] {processor.py:161} INFO - Started process (PID=12894) to work on /home/airflow/.local/lib/python3.10/site-packages/airflow/example_dags/example_dag_decorator.py
[2025-05-09T16:27:46.180+0000] {processor.py:830} INFO - Processing file /home/airflow/.local/lib/python3.10/site-packages/airflow/example_dags/example_dag_decorator.py for tasks to queue
[2025-05-09T16:27:46.183+0000] {logging_mixin.py:188} INFO - [2025-05-09T16:27:46.182+0000] {dagbag.py:545} INFO - Filling up the DagBag from /home/airflow/.local/lib/python3.10/site-packages/airflow/example_dags/example_dag_decorator.py
[2025-05-09T16:27:46.276+0000] {processor.py:840} INFO - DAG(s) 'example_dag_decorator' retrieved from /home/airflow/.local/lib/python3.10/site-packages/airflow/example_dags/example_dag_decorator.py
[2025-05-09T16:27:46.373+0000] {logging_mixin.py:188} INFO - [2025-05-09T16:27:46.373+0000] {dag.py:3096} INFO - Sync 1 DAGs
[2025-05-09T16:27:46.384+0000] {logging_mixin.py:188} INFO - [2025-05-09T16:27:46.384+0000] {dag.py:3954} INFO - Setting next_dagrun for example_dag_decorator to None, run_after=None
[2025-05-09T16:27:46.413+0000] {processor.py:183} INFO - Processing /home/airflow/.local/lib/python3.10/site-packages/airflow/example_dags/example_dag_decorator.py took 0.241 seconds
[2025-05-09T16:28:16.723+0000] {processor.py:161} INFO - Started process (PID=13192) to work on /home/airflow/.local/lib/python3.10/site-packages/airflow/example_dags/example_dag_decorator.py
[2025-05-09T16:28:16.725+0000] {processor.py:830} INFO - Processing file /home/airflow/.local/lib/python3.10/site-packages/airflow/example_dags/example_dag_decorator.py for tasks to queue
[2025-05-09T16:28:16.728+0000] {logging_mixin.py:188} INFO - [2025-05-09T16:28:16.727+0000] {dagbag.py:545} INFO - Filling up the DagBag from /home/airflow/.local/lib/python3.10/site-packages/airflow/example_dags/example_dag_decorator.py
[2025-05-09T16:28:16.840+0000] {processor.py:840} INFO - DAG(s) 'example_dag_decorator' retrieved from /home/airflow/.local/lib/python3.10/site-packages/airflow/example_dags/example_dag_decorator.py
[2025-05-09T16:28:16.968+0000] {logging_mixin.py:188} INFO - [2025-05-09T16:28:16.968+0000] {dag.py:3096} INFO - Sync 1 DAGs
[2025-05-09T16:28:16.983+0000] {logging_mixin.py:188} INFO - [2025-05-09T16:28:16.982+0000] {dag.py:3954} INFO - Setting next_dagrun for example_dag_decorator to None, run_after=None
[2025-05-09T16:28:17.015+0000] {processor.py:183} INFO - Processing /home/airflow/.local/lib/python3.10/site-packages/airflow/example_dags/example_dag_decorator.py took 0.299 seconds
[2025-05-09T16:28:47.675+0000] {processor.py:161} INFO - Started process (PID=13459) to work on /home/airflow/.local/lib/python3.10/site-packages/airflow/example_dags/example_dag_decorator.py
[2025-05-09T16:28:47.677+0000] {processor.py:830} INFO - Processing file /home/airflow/.local/lib/python3.10/site-packages/airflow/example_dags/example_dag_decorator.py for tasks to queue
[2025-05-09T16:28:47.679+0000] {logging_mixin.py:188} INFO - [2025-05-09T16:28:47.679+0000] {dagbag.py:545} INFO - Filling up the DagBag from /home/airflow/.local/lib/python3.10/site-packages/airflow/example_dags/example_dag_decorator.py
[2025-05-09T16:28:47.765+0000] {processor.py:840} INFO - DAG(s) 'example_dag_decorator' retrieved from /home/airflow/.local/lib/python3.10/site-packages/airflow/example_dags/example_dag_decorator.py
[2025-05-09T16:28:47.894+0000] {logging_mixin.py:188} INFO - [2025-05-09T16:28:47.893+0000] {dag.py:3096} INFO - Sync 1 DAGs
[2025-05-09T16:28:47.909+0000] {logging_mixin.py:188} INFO - [2025-05-09T16:28:47.909+0000] {dag.py:3954} INFO - Setting next_dagrun for example_dag_decorator to None, run_after=None
[2025-05-09T16:28:47.942+0000] {processor.py:183} INFO - Processing /home/airflow/.local/lib/python3.10/site-packages/airflow/example_dags/example_dag_decorator.py took 0.272 seconds
[2025-05-09T16:29:18.169+0000] {processor.py:161} INFO - Started process (PID=13799) to work on /home/airflow/.local/lib/python3.10/site-packages/airflow/example_dags/example_dag_decorator.py
[2025-05-09T16:29:18.170+0000] {processor.py:830} INFO - Processing file /home/airflow/.local/lib/python3.10/site-packages/airflow/example_dags/example_dag_decorator.py for tasks to queue
[2025-05-09T16:29:18.172+0000] {logging_mixin.py:188} INFO - [2025-05-09T16:29:18.172+0000] {dagbag.py:545} INFO - Filling up the DagBag from /home/airflow/.local/lib/python3.10/site-packages/airflow/example_dags/example_dag_decorator.py
[2025-05-09T16:29:18.297+0000] {processor.py:840} INFO - DAG(s) 'example_dag_decorator' retrieved from /home/airflow/.local/lib/python3.10/site-packages/airflow/example_dags/example_dag_decorator.py
[2025-05-09T16:29:18.439+0000] {logging_mixin.py:188} INFO - [2025-05-09T16:29:18.439+0000] {dag.py:3096} INFO - Sync 1 DAGs
[2025-05-09T16:29:18.453+0000] {logging_mixin.py:188} INFO - [2025-05-09T16:29:18.453+0000] {dag.py:3954} INFO - Setting next_dagrun for example_dag_decorator to None, run_after=None
[2025-05-09T16:29:18.482+0000] {processor.py:183} INFO - Processing /home/airflow/.local/lib/python3.10/site-packages/airflow/example_dags/example_dag_decorator.py took 0.321 seconds
[2025-05-09T16:29:49.376+0000] {processor.py:161} INFO - Started process (PID=14063) to work on /home/airflow/.local/lib/python3.10/site-packages/airflow/example_dags/example_dag_decorator.py
[2025-05-09T16:29:49.378+0000] {processor.py:830} INFO - Processing file /home/airflow/.local/lib/python3.10/site-packages/airflow/example_dags/example_dag_decorator.py for tasks to queue
[2025-05-09T16:29:49.381+0000] {logging_mixin.py:188} INFO - [2025-05-09T16:29:49.381+0000] {dagbag.py:545} INFO - Filling up the DagBag from /home/airflow/.local/lib/python3.10/site-packages/airflow/example_dags/example_dag_decorator.py
[2025-05-09T16:29:49.465+0000] {processor.py:840} INFO - DAG(s) 'example_dag_decorator' retrieved from /home/airflow/.local/lib/python3.10/site-packages/airflow/example_dags/example_dag_decorator.py
[2025-05-09T16:29:49.578+0000] {logging_mixin.py:188} INFO - [2025-05-09T16:29:49.578+0000] {dag.py:3096} INFO - Sync 1 DAGs
[2025-05-09T16:29:49.592+0000] {logging_mixin.py:188} INFO - [2025-05-09T16:29:49.592+0000] {dag.py:3954} INFO - Setting next_dagrun for example_dag_decorator to None, run_after=None
[2025-05-09T16:29:49.619+0000] {processor.py:183} INFO - Processing /home/airflow/.local/lib/python3.10/site-packages/airflow/example_dags/example_dag_decorator.py took 0.251 seconds
[2025-05-09T16:30:20.069+0000] {processor.py:161} INFO - Started process (PID=14376) to work on /home/airflow/.local/lib/python3.10/site-packages/airflow/example_dags/example_dag_decorator.py
[2025-05-09T16:30:20.070+0000] {processor.py:830} INFO - Processing file /home/airflow/.local/lib/python3.10/site-packages/airflow/example_dags/example_dag_decorator.py for tasks to queue
[2025-05-09T16:30:20.074+0000] {logging_mixin.py:188} INFO - [2025-05-09T16:30:20.073+0000] {dagbag.py:545} INFO - Filling up the DagBag from /home/airflow/.local/lib/python3.10/site-packages/airflow/example_dags/example_dag_decorator.py
[2025-05-09T16:30:20.158+0000] {processor.py:840} INFO - DAG(s) 'example_dag_decorator' retrieved from /home/airflow/.local/lib/python3.10/site-packages/airflow/example_dags/example_dag_decorator.py
[2025-05-09T16:30:20.278+0000] {logging_mixin.py:188} INFO - [2025-05-09T16:30:20.277+0000] {dag.py:3096} INFO - Sync 1 DAGs
[2025-05-09T16:30:20.296+0000] {logging_mixin.py:188} INFO - [2025-05-09T16:30:20.295+0000] {dag.py:3954} INFO - Setting next_dagrun for example_dag_decorator to None, run_after=None
[2025-05-09T16:30:20.329+0000] {processor.py:183} INFO - Processing /home/airflow/.local/lib/python3.10/site-packages/airflow/example_dags/example_dag_decorator.py took 0.266 seconds
[2025-05-09T16:30:50.498+0000] {processor.py:161} INFO - Started process (PID=14641) to work on /home/airflow/.local/lib/python3.10/site-packages/airflow/example_dags/example_dag_decorator.py
[2025-05-09T16:30:50.500+0000] {processor.py:830} INFO - Processing file /home/airflow/.local/lib/python3.10/site-packages/airflow/example_dags/example_dag_decorator.py for tasks to queue
[2025-05-09T16:30:50.502+0000] {logging_mixin.py:188} INFO - [2025-05-09T16:30:50.502+0000] {dagbag.py:545} INFO - Filling up the DagBag from /home/airflow/.local/lib/python3.10/site-packages/airflow/example_dags/example_dag_decorator.py
[2025-05-09T16:30:50.599+0000] {processor.py:840} INFO - DAG(s) 'example_dag_decorator' retrieved from /home/airflow/.local/lib/python3.10/site-packages/airflow/example_dags/example_dag_decorator.py
[2025-05-09T16:30:50.695+0000] {logging_mixin.py:188} INFO - [2025-05-09T16:30:50.694+0000] {dag.py:3096} INFO - Sync 1 DAGs
[2025-05-09T16:30:50.706+0000] {logging_mixin.py:188} INFO - [2025-05-09T16:30:50.706+0000] {dag.py:3954} INFO - Setting next_dagrun for example_dag_decorator to None, run_after=None
[2025-05-09T16:30:50.868+0000] {processor.py:183} INFO - Processing /home/airflow/.local/lib/python3.10/site-packages/airflow/example_dags/example_dag_decorator.py took 0.378 seconds
