[2025-05-09T12:10:20.892+0000] {processor.py:161} INFO - Started process (PID=276) to work on /home/airflow/.local/lib/python3.10/site-packages/airflow/example_dags/example_task_group_decorator.py
[2025-05-09T12:10:20.893+0000] {processor.py:830} INFO - Processing file /home/airflow/.local/lib/python3.10/site-packages/airflow/example_dags/example_task_group_decorator.py for tasks to queue
[2025-05-09T12:10:20.898+0000] {logging_mixin.py:188} INFO - [2025-05-09T12:10:20.897+0000] {dagbag.py:545} INFO - Filling up the DagBag from /home/airflow/.local/lib/python3.10/site-packages/airflow/example_dags/example_task_group_decorator.py
[2025-05-09T12:10:20.920+0000] {processor.py:840} INFO - DAG(s) 'example_task_group_decorator' retrieved from /home/airflow/.local/lib/python3.10/site-packages/airflow/example_dags/example_task_group_decorator.py
[2025-05-09T12:10:20.937+0000] {logging_mixin.py:188} INFO - [2025-05-09T12:10:20.936+0000] {dag.py:3096} INFO - Sync 1 DAGs
[2025-05-09T12:10:20.965+0000] {logging_mixin.py:188} INFO - [2025-05-09T12:10:20.965+0000] {dag.py:3954} INFO - Setting next_dagrun for example_task_group_decorator to 2025-05-08 00:00:00+00:00, run_after=2025-05-09 00:00:00+00:00
[2025-05-09T12:10:20.998+0000] {processor.py:183} INFO - Processing /home/airflow/.local/lib/python3.10/site-packages/airflow/example_dags/example_task_group_decorator.py took 0.116 seconds
[2025-05-09T12:10:52.205+0000] {processor.py:161} INFO - Started process (PID=532) to work on /home/airflow/.local/lib/python3.10/site-packages/airflow/example_dags/example_task_group_decorator.py
[2025-05-09T12:10:52.206+0000] {processor.py:830} INFO - Processing file /home/airflow/.local/lib/python3.10/site-packages/airflow/example_dags/example_task_group_decorator.py for tasks to queue
[2025-05-09T12:10:52.209+0000] {logging_mixin.py:188} INFO - [2025-05-09T12:10:52.208+0000] {dagbag.py:545} INFO - Filling up the DagBag from /home/airflow/.local/lib/python3.10/site-packages/airflow/example_dags/example_task_group_decorator.py
[2025-05-09T12:10:52.226+0000] {processor.py:840} INFO - DAG(s) 'example_task_group_decorator' retrieved from /home/airflow/.local/lib/python3.10/site-packages/airflow/example_dags/example_task_group_decorator.py
[2025-05-09T12:10:52.354+0000] {logging_mixin.py:188} INFO - [2025-05-09T12:10:52.353+0000] {dag.py:3096} INFO - Sync 1 DAGs
[2025-05-09T12:10:52.381+0000] {logging_mixin.py:188} INFO - [2025-05-09T12:10:52.380+0000] {dag.py:3954} INFO - Setting next_dagrun for example_task_group_decorator to 2025-05-08 00:00:00+00:00, run_after=2025-05-09 00:00:00+00:00
[2025-05-09T12:10:52.413+0000] {processor.py:183} INFO - Processing /home/airflow/.local/lib/python3.10/site-packages/airflow/example_dags/example_task_group_decorator.py took 0.216 seconds
[2025-05-09T12:11:23.030+0000] {processor.py:161} INFO - Started process (PID=790) to work on /home/airflow/.local/lib/python3.10/site-packages/airflow/example_dags/example_task_group_decorator.py
[2025-05-09T12:11:23.039+0000] {processor.py:830} INFO - Processing file /home/airflow/.local/lib/python3.10/site-packages/airflow/example_dags/example_task_group_decorator.py for tasks to queue
[2025-05-09T12:11:23.042+0000] {logging_mixin.py:188} INFO - [2025-05-09T12:11:23.041+0000] {dagbag.py:545} INFO - Filling up the DagBag from /home/airflow/.local/lib/python3.10/site-packages/airflow/example_dags/example_task_group_decorator.py
[2025-05-09T12:11:23.058+0000] {processor.py:840} INFO - DAG(s) 'example_task_group_decorator' retrieved from /home/airflow/.local/lib/python3.10/site-packages/airflow/example_dags/example_task_group_decorator.py
[2025-05-09T12:11:23.093+0000] {logging_mixin.py:188} INFO - [2025-05-09T12:11:23.093+0000] {dag.py:3096} INFO - Sync 1 DAGs
[2025-05-09T12:11:23.121+0000] {logging_mixin.py:188} INFO - [2025-05-09T12:11:23.120+0000] {dag.py:3954} INFO - Setting next_dagrun for example_task_group_decorator to 2025-05-08 00:00:00+00:00, run_after=2025-05-09 00:00:00+00:00
[2025-05-09T12:11:23.146+0000] {processor.py:183} INFO - Processing /home/airflow/.local/lib/python3.10/site-packages/airflow/example_dags/example_task_group_decorator.py took 0.123 seconds
[2025-05-09T12:11:53.219+0000] {processor.py:161} INFO - Started process (PID=1046) to work on /home/airflow/.local/lib/python3.10/site-packages/airflow/example_dags/example_task_group_decorator.py
[2025-05-09T12:11:53.221+0000] {processor.py:830} INFO - Processing file /home/airflow/.local/lib/python3.10/site-packages/airflow/example_dags/example_task_group_decorator.py for tasks to queue
[2025-05-09T12:11:53.224+0000] {logging_mixin.py:188} INFO - [2025-05-09T12:11:53.224+0000] {dagbag.py:545} INFO - Filling up the DagBag from /home/airflow/.local/lib/python3.10/site-packages/airflow/example_dags/example_task_group_decorator.py
[2025-05-09T12:11:53.241+0000] {processor.py:840} INFO - DAG(s) 'example_task_group_decorator' retrieved from /home/airflow/.local/lib/python3.10/site-packages/airflow/example_dags/example_task_group_decorator.py
[2025-05-09T12:11:53.274+0000] {logging_mixin.py:188} INFO - [2025-05-09T12:11:53.273+0000] {dag.py:3096} INFO - Sync 1 DAGs
[2025-05-09T12:11:53.357+0000] {logging_mixin.py:188} INFO - [2025-05-09T12:11:53.357+0000] {dag.py:3954} INFO - Setting next_dagrun for example_task_group_decorator to 2025-05-08 00:00:00+00:00, run_after=2025-05-09 00:00:00+00:00
[2025-05-09T12:11:53.404+0000] {processor.py:183} INFO - Processing /home/airflow/.local/lib/python3.10/site-packages/airflow/example_dags/example_task_group_decorator.py took 0.194 seconds
[2025-05-09T12:12:23.609+0000] {processor.py:161} INFO - Started process (PID=1300) to work on /home/airflow/.local/lib/python3.10/site-packages/airflow/example_dags/example_task_group_decorator.py
[2025-05-09T12:12:23.610+0000] {processor.py:830} INFO - Processing file /home/airflow/.local/lib/python3.10/site-packages/airflow/example_dags/example_task_group_decorator.py for tasks to queue
[2025-05-09T12:12:23.615+0000] {logging_mixin.py:188} INFO - [2025-05-09T12:12:23.612+0000] {dagbag.py:545} INFO - Filling up the DagBag from /home/airflow/.local/lib/python3.10/site-packages/airflow/example_dags/example_task_group_decorator.py
[2025-05-09T12:12:23.632+0000] {processor.py:840} INFO - DAG(s) 'example_task_group_decorator' retrieved from /home/airflow/.local/lib/python3.10/site-packages/airflow/example_dags/example_task_group_decorator.py
[2025-05-09T12:12:23.664+0000] {logging_mixin.py:188} INFO - [2025-05-09T12:12:23.663+0000] {dag.py:3096} INFO - Sync 1 DAGs
[2025-05-09T12:12:23.695+0000] {logging_mixin.py:188} INFO - [2025-05-09T12:12:23.695+0000] {dag.py:3954} INFO - Setting next_dagrun for example_task_group_decorator to 2025-05-08 00:00:00+00:00, run_after=2025-05-09 00:00:00+00:00
[2025-05-09T12:12:23.725+0000] {processor.py:183} INFO - Processing /home/airflow/.local/lib/python3.10/site-packages/airflow/example_dags/example_task_group_decorator.py took 0.124 seconds
[2025-05-09T12:12:54.088+0000] {processor.py:161} INFO - Started process (PID=1558) to work on /home/airflow/.local/lib/python3.10/site-packages/airflow/example_dags/example_task_group_decorator.py
[2025-05-09T12:12:54.089+0000] {processor.py:830} INFO - Processing file /home/airflow/.local/lib/python3.10/site-packages/airflow/example_dags/example_task_group_decorator.py for tasks to queue
[2025-05-09T12:12:54.097+0000] {logging_mixin.py:188} INFO - [2025-05-09T12:12:54.096+0000] {dagbag.py:545} INFO - Filling up the DagBag from /home/airflow/.local/lib/python3.10/site-packages/airflow/example_dags/example_task_group_decorator.py
[2025-05-09T12:12:54.118+0000] {processor.py:840} INFO - DAG(s) 'example_task_group_decorator' retrieved from /home/airflow/.local/lib/python3.10/site-packages/airflow/example_dags/example_task_group_decorator.py
[2025-05-09T12:12:54.159+0000] {logging_mixin.py:188} INFO - [2025-05-09T12:12:54.159+0000] {dag.py:3096} INFO - Sync 1 DAGs
[2025-05-09T12:12:54.198+0000] {logging_mixin.py:188} INFO - [2025-05-09T12:12:54.198+0000] {dag.py:3954} INFO - Setting next_dagrun for example_task_group_decorator to 2025-05-08 00:00:00+00:00, run_after=2025-05-09 00:00:00+00:00
[2025-05-09T12:12:54.236+0000] {processor.py:183} INFO - Processing /home/airflow/.local/lib/python3.10/site-packages/airflow/example_dags/example_task_group_decorator.py took 0.156 seconds
[2025-05-09T12:13:25.171+0000] {processor.py:161} INFO - Started process (PID=1814) to work on /home/airflow/.local/lib/python3.10/site-packages/airflow/example_dags/example_task_group_decorator.py
[2025-05-09T12:13:25.172+0000] {processor.py:830} INFO - Processing file /home/airflow/.local/lib/python3.10/site-packages/airflow/example_dags/example_task_group_decorator.py for tasks to queue
[2025-05-09T12:13:25.177+0000] {logging_mixin.py:188} INFO - [2025-05-09T12:13:25.176+0000] {dagbag.py:545} INFO - Filling up the DagBag from /home/airflow/.local/lib/python3.10/site-packages/airflow/example_dags/example_task_group_decorator.py
[2025-05-09T12:13:25.203+0000] {processor.py:840} INFO - DAG(s) 'example_task_group_decorator' retrieved from /home/airflow/.local/lib/python3.10/site-packages/airflow/example_dags/example_task_group_decorator.py
[2025-05-09T12:13:25.248+0000] {logging_mixin.py:188} INFO - [2025-05-09T12:13:25.247+0000] {dag.py:3096} INFO - Sync 1 DAGs
[2025-05-09T12:13:25.271+0000] {logging_mixin.py:188} INFO - [2025-05-09T12:13:25.271+0000] {dag.py:3954} INFO - Setting next_dagrun for example_task_group_decorator to 2025-05-08 00:00:00+00:00, run_after=2025-05-09 00:00:00+00:00
[2025-05-09T12:13:25.297+0000] {processor.py:183} INFO - Processing /home/airflow/.local/lib/python3.10/site-packages/airflow/example_dags/example_task_group_decorator.py took 0.142 seconds
[2025-05-09T12:13:55.631+0000] {processor.py:161} INFO - Started process (PID=2070) to work on /home/airflow/.local/lib/python3.10/site-packages/airflow/example_dags/example_task_group_decorator.py
[2025-05-09T12:13:55.633+0000] {processor.py:830} INFO - Processing file /home/airflow/.local/lib/python3.10/site-packages/airflow/example_dags/example_task_group_decorator.py for tasks to queue
[2025-05-09T12:13:55.635+0000] {logging_mixin.py:188} INFO - [2025-05-09T12:13:55.635+0000] {dagbag.py:545} INFO - Filling up the DagBag from /home/airflow/.local/lib/python3.10/site-packages/airflow/example_dags/example_task_group_decorator.py
[2025-05-09T12:13:55.650+0000] {processor.py:840} INFO - DAG(s) 'example_task_group_decorator' retrieved from /home/airflow/.local/lib/python3.10/site-packages/airflow/example_dags/example_task_group_decorator.py
[2025-05-09T12:13:55.681+0000] {logging_mixin.py:188} INFO - [2025-05-09T12:13:55.680+0000] {dag.py:3096} INFO - Sync 1 DAGs
[2025-05-09T12:13:55.707+0000] {logging_mixin.py:188} INFO - [2025-05-09T12:13:55.707+0000] {dag.py:3954} INFO - Setting next_dagrun for example_task_group_decorator to 2025-05-08 00:00:00+00:00, run_after=2025-05-09 00:00:00+00:00
[2025-05-09T12:13:55.741+0000] {processor.py:183} INFO - Processing /home/airflow/.local/lib/python3.10/site-packages/airflow/example_dags/example_task_group_decorator.py took 0.118 seconds
[2025-05-09T12:14:26.269+0000] {processor.py:161} INFO - Started process (PID=2326) to work on /home/airflow/.local/lib/python3.10/site-packages/airflow/example_dags/example_task_group_decorator.py
[2025-05-09T12:14:26.270+0000] {processor.py:830} INFO - Processing file /home/airflow/.local/lib/python3.10/site-packages/airflow/example_dags/example_task_group_decorator.py for tasks to queue
[2025-05-09T12:14:26.272+0000] {logging_mixin.py:188} INFO - [2025-05-09T12:14:26.271+0000] {dagbag.py:545} INFO - Filling up the DagBag from /home/airflow/.local/lib/python3.10/site-packages/airflow/example_dags/example_task_group_decorator.py
[2025-05-09T12:14:26.293+0000] {processor.py:840} INFO - DAG(s) 'example_task_group_decorator' retrieved from /home/airflow/.local/lib/python3.10/site-packages/airflow/example_dags/example_task_group_decorator.py
[2025-05-09T12:14:26.330+0000] {logging_mixin.py:188} INFO - [2025-05-09T12:14:26.330+0000] {dag.py:3096} INFO - Sync 1 DAGs
[2025-05-09T12:14:26.355+0000] {logging_mixin.py:188} INFO - [2025-05-09T12:14:26.355+0000] {dag.py:3954} INFO - Setting next_dagrun for example_task_group_decorator to 2025-05-08 00:00:00+00:00, run_after=2025-05-09 00:00:00+00:00
[2025-05-09T12:14:26.389+0000] {processor.py:183} INFO - Processing /home/airflow/.local/lib/python3.10/site-packages/airflow/example_dags/example_task_group_decorator.py took 0.127 seconds
[2025-05-09T12:14:56.820+0000] {processor.py:161} INFO - Started process (PID=2582) to work on /home/airflow/.local/lib/python3.10/site-packages/airflow/example_dags/example_task_group_decorator.py
[2025-05-09T12:14:56.821+0000] {processor.py:830} INFO - Processing file /home/airflow/.local/lib/python3.10/site-packages/airflow/example_dags/example_task_group_decorator.py for tasks to queue
[2025-05-09T12:14:56.823+0000] {logging_mixin.py:188} INFO - [2025-05-09T12:14:56.823+0000] {dagbag.py:545} INFO - Filling up the DagBag from /home/airflow/.local/lib/python3.10/site-packages/airflow/example_dags/example_task_group_decorator.py
[2025-05-09T12:14:56.840+0000] {processor.py:840} INFO - DAG(s) 'example_task_group_decorator' retrieved from /home/airflow/.local/lib/python3.10/site-packages/airflow/example_dags/example_task_group_decorator.py
[2025-05-09T12:14:56.873+0000] {logging_mixin.py:188} INFO - [2025-05-09T12:14:56.873+0000] {dag.py:3096} INFO - Sync 1 DAGs
[2025-05-09T12:14:56.899+0000] {logging_mixin.py:188} INFO - [2025-05-09T12:14:56.899+0000] {dag.py:3954} INFO - Setting next_dagrun for example_task_group_decorator to 2025-05-08 00:00:00+00:00, run_after=2025-05-09 00:00:00+00:00
[2025-05-09T12:14:56.935+0000] {processor.py:183} INFO - Processing /home/airflow/.local/lib/python3.10/site-packages/airflow/example_dags/example_task_group_decorator.py took 0.123 seconds
[2025-05-09T12:15:27.042+0000] {processor.py:161} INFO - Started process (PID=2844) to work on /home/airflow/.local/lib/python3.10/site-packages/airflow/example_dags/example_task_group_decorator.py
[2025-05-09T12:15:27.044+0000] {processor.py:830} INFO - Processing file /home/airflow/.local/lib/python3.10/site-packages/airflow/example_dags/example_task_group_decorator.py for tasks to queue
[2025-05-09T12:15:27.048+0000] {logging_mixin.py:188} INFO - [2025-05-09T12:15:27.047+0000] {dagbag.py:545} INFO - Filling up the DagBag from /home/airflow/.local/lib/python3.10/site-packages/airflow/example_dags/example_task_group_decorator.py
[2025-05-09T12:15:27.067+0000] {processor.py:840} INFO - DAG(s) 'example_task_group_decorator' retrieved from /home/airflow/.local/lib/python3.10/site-packages/airflow/example_dags/example_task_group_decorator.py
[2025-05-09T12:15:27.108+0000] {logging_mixin.py:188} INFO - [2025-05-09T12:15:27.107+0000] {dag.py:3096} INFO - Sync 1 DAGs
[2025-05-09T12:15:27.139+0000] {logging_mixin.py:188} INFO - [2025-05-09T12:15:27.139+0000] {dag.py:3954} INFO - Setting next_dagrun for example_task_group_decorator to 2025-05-08 00:00:00+00:00, run_after=2025-05-09 00:00:00+00:00
[2025-05-09T12:15:27.173+0000] {processor.py:183} INFO - Processing /home/airflow/.local/lib/python3.10/site-packages/airflow/example_dags/example_task_group_decorator.py took 0.142 seconds
[2025-05-09T12:43:53.392+0000] {processor.py:161} INFO - Started process (PID=284) to work on /home/airflow/.local/lib/python3.10/site-packages/airflow/example_dags/example_task_group_decorator.py
[2025-05-09T12:43:53.394+0000] {processor.py:830} INFO - Processing file /home/airflow/.local/lib/python3.10/site-packages/airflow/example_dags/example_task_group_decorator.py for tasks to queue
[2025-05-09T12:43:53.397+0000] {logging_mixin.py:188} INFO - [2025-05-09T12:43:53.396+0000] {dagbag.py:545} INFO - Filling up the DagBag from /home/airflow/.local/lib/python3.10/site-packages/airflow/example_dags/example_task_group_decorator.py
[2025-05-09T12:43:53.418+0000] {processor.py:840} INFO - DAG(s) 'example_task_group_decorator' retrieved from /home/airflow/.local/lib/python3.10/site-packages/airflow/example_dags/example_task_group_decorator.py
[2025-05-09T12:43:53.435+0000] {logging_mixin.py:188} INFO - [2025-05-09T12:43:53.435+0000] {dag.py:3096} INFO - Sync 1 DAGs
[2025-05-09T12:43:53.474+0000] {logging_mixin.py:188} INFO - [2025-05-09T12:43:53.473+0000] {dag.py:3954} INFO - Setting next_dagrun for example_task_group_decorator to 2025-05-08 00:00:00+00:00, run_after=2025-05-09 00:00:00+00:00
[2025-05-09T12:43:53.504+0000] {processor.py:183} INFO - Processing /home/airflow/.local/lib/python3.10/site-packages/airflow/example_dags/example_task_group_decorator.py took 0.119 seconds
[2025-05-09T12:44:24.884+0000] {processor.py:161} INFO - Started process (PID=544) to work on /home/airflow/.local/lib/python3.10/site-packages/airflow/example_dags/example_task_group_decorator.py
[2025-05-09T12:44:24.885+0000] {processor.py:830} INFO - Processing file /home/airflow/.local/lib/python3.10/site-packages/airflow/example_dags/example_task_group_decorator.py for tasks to queue
[2025-05-09T12:44:24.887+0000] {logging_mixin.py:188} INFO - [2025-05-09T12:44:24.887+0000] {dagbag.py:545} INFO - Filling up the DagBag from /home/airflow/.local/lib/python3.10/site-packages/airflow/example_dags/example_task_group_decorator.py
[2025-05-09T12:44:24.905+0000] {processor.py:840} INFO - DAG(s) 'example_task_group_decorator' retrieved from /home/airflow/.local/lib/python3.10/site-packages/airflow/example_dags/example_task_group_decorator.py
[2025-05-09T12:44:25.043+0000] {logging_mixin.py:188} INFO - [2025-05-09T12:44:25.042+0000] {dag.py:3096} INFO - Sync 1 DAGs
[2025-05-09T12:44:25.076+0000] {logging_mixin.py:188} INFO - [2025-05-09T12:44:25.076+0000] {dag.py:3954} INFO - Setting next_dagrun for example_task_group_decorator to 2025-05-08 00:00:00+00:00, run_after=2025-05-09 00:00:00+00:00
[2025-05-09T12:44:25.111+0000] {processor.py:183} INFO - Processing /home/airflow/.local/lib/python3.10/site-packages/airflow/example_dags/example_task_group_decorator.py took 0.234 seconds
[2025-05-09T12:44:55.616+0000] {processor.py:161} INFO - Started process (PID=806) to work on /home/airflow/.local/lib/python3.10/site-packages/airflow/example_dags/example_task_group_decorator.py
[2025-05-09T12:44:55.618+0000] {processor.py:830} INFO - Processing file /home/airflow/.local/lib/python3.10/site-packages/airflow/example_dags/example_task_group_decorator.py for tasks to queue
[2025-05-09T12:44:55.620+0000] {logging_mixin.py:188} INFO - [2025-05-09T12:44:55.620+0000] {dagbag.py:545} INFO - Filling up the DagBag from /home/airflow/.local/lib/python3.10/site-packages/airflow/example_dags/example_task_group_decorator.py
[2025-05-09T12:44:55.641+0000] {processor.py:840} INFO - DAG(s) 'example_task_group_decorator' retrieved from /home/airflow/.local/lib/python3.10/site-packages/airflow/example_dags/example_task_group_decorator.py
[2025-05-09T12:44:55.672+0000] {logging_mixin.py:188} INFO - [2025-05-09T12:44:55.672+0000] {dag.py:3096} INFO - Sync 1 DAGs
[2025-05-09T12:44:55.698+0000] {logging_mixin.py:188} INFO - [2025-05-09T12:44:55.697+0000] {dag.py:3954} INFO - Setting next_dagrun for example_task_group_decorator to 2025-05-08 00:00:00+00:00, run_after=2025-05-09 00:00:00+00:00
[2025-05-09T12:44:55.720+0000] {processor.py:183} INFO - Processing /home/airflow/.local/lib/python3.10/site-packages/airflow/example_dags/example_task_group_decorator.py took 0.114 seconds
[2025-05-09T12:45:26.429+0000] {processor.py:161} INFO - Started process (PID=1068) to work on /home/airflow/.local/lib/python3.10/site-packages/airflow/example_dags/example_task_group_decorator.py
[2025-05-09T12:45:26.430+0000] {processor.py:830} INFO - Processing file /home/airflow/.local/lib/python3.10/site-packages/airflow/example_dags/example_task_group_decorator.py for tasks to queue
[2025-05-09T12:45:26.433+0000] {logging_mixin.py:188} INFO - [2025-05-09T12:45:26.432+0000] {dagbag.py:545} INFO - Filling up the DagBag from /home/airflow/.local/lib/python3.10/site-packages/airflow/example_dags/example_task_group_decorator.py
[2025-05-09T12:45:26.452+0000] {processor.py:840} INFO - DAG(s) 'example_task_group_decorator' retrieved from /home/airflow/.local/lib/python3.10/site-packages/airflow/example_dags/example_task_group_decorator.py
[2025-05-09T12:45:26.497+0000] {logging_mixin.py:188} INFO - [2025-05-09T12:45:26.497+0000] {dag.py:3096} INFO - Sync 1 DAGs
[2025-05-09T12:45:26.535+0000] {logging_mixin.py:188} INFO - [2025-05-09T12:45:26.535+0000] {dag.py:3954} INFO - Setting next_dagrun for example_task_group_decorator to 2025-05-08 00:00:00+00:00, run_after=2025-05-09 00:00:00+00:00
[2025-05-09T12:45:26.585+0000] {processor.py:183} INFO - Processing /home/airflow/.local/lib/python3.10/site-packages/airflow/example_dags/example_task_group_decorator.py took 0.165 seconds
[2025-05-09T12:45:57.196+0000] {processor.py:161} INFO - Started process (PID=1330) to work on /home/airflow/.local/lib/python3.10/site-packages/airflow/example_dags/example_task_group_decorator.py
[2025-05-09T12:45:57.197+0000] {processor.py:830} INFO - Processing file /home/airflow/.local/lib/python3.10/site-packages/airflow/example_dags/example_task_group_decorator.py for tasks to queue
[2025-05-09T12:45:57.200+0000] {logging_mixin.py:188} INFO - [2025-05-09T12:45:57.199+0000] {dagbag.py:545} INFO - Filling up the DagBag from /home/airflow/.local/lib/python3.10/site-packages/airflow/example_dags/example_task_group_decorator.py
[2025-05-09T12:45:57.216+0000] {processor.py:840} INFO - DAG(s) 'example_task_group_decorator' retrieved from /home/airflow/.local/lib/python3.10/site-packages/airflow/example_dags/example_task_group_decorator.py
[2025-05-09T12:45:57.255+0000] {logging_mixin.py:188} INFO - [2025-05-09T12:45:57.255+0000] {dag.py:3096} INFO - Sync 1 DAGs
[2025-05-09T12:45:57.285+0000] {logging_mixin.py:188} INFO - [2025-05-09T12:45:57.285+0000] {dag.py:3954} INFO - Setting next_dagrun for example_task_group_decorator to 2025-05-08 00:00:00+00:00, run_after=2025-05-09 00:00:00+00:00
[2025-05-09T12:45:57.315+0000] {processor.py:183} INFO - Processing /home/airflow/.local/lib/python3.10/site-packages/airflow/example_dags/example_task_group_decorator.py took 0.127 seconds
[2025-05-09T12:46:27.749+0000] {processor.py:161} INFO - Started process (PID=1592) to work on /home/airflow/.local/lib/python3.10/site-packages/airflow/example_dags/example_task_group_decorator.py
[2025-05-09T12:46:27.751+0000] {processor.py:830} INFO - Processing file /home/airflow/.local/lib/python3.10/site-packages/airflow/example_dags/example_task_group_decorator.py for tasks to queue
[2025-05-09T12:46:27.753+0000] {logging_mixin.py:188} INFO - [2025-05-09T12:46:27.753+0000] {dagbag.py:545} INFO - Filling up the DagBag from /home/airflow/.local/lib/python3.10/site-packages/airflow/example_dags/example_task_group_decorator.py
[2025-05-09T12:46:27.770+0000] {processor.py:840} INFO - DAG(s) 'example_task_group_decorator' retrieved from /home/airflow/.local/lib/python3.10/site-packages/airflow/example_dags/example_task_group_decorator.py
[2025-05-09T12:46:27.804+0000] {logging_mixin.py:188} INFO - [2025-05-09T12:46:27.804+0000] {dag.py:3096} INFO - Sync 1 DAGs
[2025-05-09T12:46:27.844+0000] {logging_mixin.py:188} INFO - [2025-05-09T12:46:27.844+0000] {dag.py:3954} INFO - Setting next_dagrun for example_task_group_decorator to 2025-05-08 00:00:00+00:00, run_after=2025-05-09 00:00:00+00:00
[2025-05-09T12:46:27.879+0000] {processor.py:183} INFO - Processing /home/airflow/.local/lib/python3.10/site-packages/airflow/example_dags/example_task_group_decorator.py took 0.137 seconds
[2025-05-09T12:46:58.317+0000] {processor.py:161} INFO - Started process (PID=1854) to work on /home/airflow/.local/lib/python3.10/site-packages/airflow/example_dags/example_task_group_decorator.py
[2025-05-09T12:46:58.319+0000] {processor.py:830} INFO - Processing file /home/airflow/.local/lib/python3.10/site-packages/airflow/example_dags/example_task_group_decorator.py for tasks to queue
[2025-05-09T12:46:58.321+0000] {logging_mixin.py:188} INFO - [2025-05-09T12:46:58.321+0000] {dagbag.py:545} INFO - Filling up the DagBag from /home/airflow/.local/lib/python3.10/site-packages/airflow/example_dags/example_task_group_decorator.py
[2025-05-09T12:46:58.334+0000] {processor.py:840} INFO - DAG(s) 'example_task_group_decorator' retrieved from /home/airflow/.local/lib/python3.10/site-packages/airflow/example_dags/example_task_group_decorator.py
[2025-05-09T12:46:58.365+0000] {logging_mixin.py:188} INFO - [2025-05-09T12:46:58.365+0000] {dag.py:3096} INFO - Sync 1 DAGs
[2025-05-09T12:46:58.390+0000] {logging_mixin.py:188} INFO - [2025-05-09T12:46:58.390+0000] {dag.py:3954} INFO - Setting next_dagrun for example_task_group_decorator to 2025-05-08 00:00:00+00:00, run_after=2025-05-09 00:00:00+00:00
[2025-05-09T12:46:58.412+0000] {processor.py:183} INFO - Processing /home/airflow/.local/lib/python3.10/site-packages/airflow/example_dags/example_task_group_decorator.py took 0.101 seconds
[2025-05-09T12:47:28.788+0000] {processor.py:161} INFO - Started process (PID=2127) to work on /home/airflow/.local/lib/python3.10/site-packages/airflow/example_dags/example_task_group_decorator.py
[2025-05-09T12:47:28.790+0000] {processor.py:830} INFO - Processing file /home/airflow/.local/lib/python3.10/site-packages/airflow/example_dags/example_task_group_decorator.py for tasks to queue
[2025-05-09T12:47:28.792+0000] {logging_mixin.py:188} INFO - [2025-05-09T12:47:28.791+0000] {dagbag.py:545} INFO - Filling up the DagBag from /home/airflow/.local/lib/python3.10/site-packages/airflow/example_dags/example_task_group_decorator.py
[2025-05-09T12:47:28.806+0000] {processor.py:840} INFO - DAG(s) 'example_task_group_decorator' retrieved from /home/airflow/.local/lib/python3.10/site-packages/airflow/example_dags/example_task_group_decorator.py
[2025-05-09T12:47:28.832+0000] {logging_mixin.py:188} INFO - [2025-05-09T12:47:28.832+0000] {dag.py:3096} INFO - Sync 1 DAGs
[2025-05-09T12:47:28.850+0000] {logging_mixin.py:188} INFO - [2025-05-09T12:47:28.850+0000] {dag.py:3954} INFO - Setting next_dagrun for example_task_group_decorator to 2025-05-08 00:00:00+00:00, run_after=2025-05-09 00:00:00+00:00
[2025-05-09T12:47:28.868+0000] {processor.py:183} INFO - Processing /home/airflow/.local/lib/python3.10/site-packages/airflow/example_dags/example_task_group_decorator.py took 0.086 seconds
[2025-05-09T12:47:59.139+0000] {processor.py:161} INFO - Started process (PID=2387) to work on /home/airflow/.local/lib/python3.10/site-packages/airflow/example_dags/example_task_group_decorator.py
[2025-05-09T12:47:59.141+0000] {processor.py:830} INFO - Processing file /home/airflow/.local/lib/python3.10/site-packages/airflow/example_dags/example_task_group_decorator.py for tasks to queue
[2025-05-09T12:47:59.143+0000] {logging_mixin.py:188} INFO - [2025-05-09T12:47:59.143+0000] {dagbag.py:545} INFO - Filling up the DagBag from /home/airflow/.local/lib/python3.10/site-packages/airflow/example_dags/example_task_group_decorator.py
[2025-05-09T12:47:59.159+0000] {processor.py:840} INFO - DAG(s) 'example_task_group_decorator' retrieved from /home/airflow/.local/lib/python3.10/site-packages/airflow/example_dags/example_task_group_decorator.py
[2025-05-09T12:47:59.189+0000] {logging_mixin.py:188} INFO - [2025-05-09T12:47:59.189+0000] {dag.py:3096} INFO - Sync 1 DAGs
[2025-05-09T12:47:59.209+0000] {logging_mixin.py:188} INFO - [2025-05-09T12:47:59.208+0000] {dag.py:3954} INFO - Setting next_dagrun for example_task_group_decorator to 2025-05-08 00:00:00+00:00, run_after=2025-05-09 00:00:00+00:00
[2025-05-09T12:47:59.232+0000] {processor.py:183} INFO - Processing /home/airflow/.local/lib/python3.10/site-packages/airflow/example_dags/example_task_group_decorator.py took 0.100 seconds
[2025-05-09T12:48:29.476+0000] {processor.py:161} INFO - Started process (PID=2658) to work on /home/airflow/.local/lib/python3.10/site-packages/airflow/example_dags/example_task_group_decorator.py
[2025-05-09T12:48:29.478+0000] {processor.py:830} INFO - Processing file /home/airflow/.local/lib/python3.10/site-packages/airflow/example_dags/example_task_group_decorator.py for tasks to queue
[2025-05-09T12:48:29.480+0000] {logging_mixin.py:188} INFO - [2025-05-09T12:48:29.480+0000] {dagbag.py:545} INFO - Filling up the DagBag from /home/airflow/.local/lib/python3.10/site-packages/airflow/example_dags/example_task_group_decorator.py
[2025-05-09T12:48:29.493+0000] {processor.py:840} INFO - DAG(s) 'example_task_group_decorator' retrieved from /home/airflow/.local/lib/python3.10/site-packages/airflow/example_dags/example_task_group_decorator.py
[2025-05-09T12:48:29.520+0000] {logging_mixin.py:188} INFO - [2025-05-09T12:48:29.520+0000] {dag.py:3096} INFO - Sync 1 DAGs
[2025-05-09T12:48:29.561+0000] {logging_mixin.py:188} INFO - [2025-05-09T12:48:29.561+0000] {dag.py:3954} INFO - Setting next_dagrun for example_task_group_decorator to 2025-05-08 00:00:00+00:00, run_after=2025-05-09 00:00:00+00:00
[2025-05-09T12:48:29.590+0000] {processor.py:183} INFO - Processing /home/airflow/.local/lib/python3.10/site-packages/airflow/example_dags/example_task_group_decorator.py took 0.120 seconds
[2025-05-09T12:49:00.155+0000] {processor.py:161} INFO - Started process (PID=2920) to work on /home/airflow/.local/lib/python3.10/site-packages/airflow/example_dags/example_task_group_decorator.py
[2025-05-09T12:49:00.157+0000] {processor.py:830} INFO - Processing file /home/airflow/.local/lib/python3.10/site-packages/airflow/example_dags/example_task_group_decorator.py for tasks to queue
[2025-05-09T12:49:00.160+0000] {logging_mixin.py:188} INFO - [2025-05-09T12:49:00.159+0000] {dagbag.py:545} INFO - Filling up the DagBag from /home/airflow/.local/lib/python3.10/site-packages/airflow/example_dags/example_task_group_decorator.py
[2025-05-09T12:49:00.179+0000] {processor.py:840} INFO - DAG(s) 'example_task_group_decorator' retrieved from /home/airflow/.local/lib/python3.10/site-packages/airflow/example_dags/example_task_group_decorator.py
[2025-05-09T12:49:00.213+0000] {logging_mixin.py:188} INFO - [2025-05-09T12:49:00.213+0000] {dag.py:3096} INFO - Sync 1 DAGs
[2025-05-09T12:49:00.243+0000] {logging_mixin.py:188} INFO - [2025-05-09T12:49:00.243+0000] {dag.py:3954} INFO - Setting next_dagrun for example_task_group_decorator to 2025-05-08 00:00:00+00:00, run_after=2025-05-09 00:00:00+00:00
[2025-05-09T12:49:00.275+0000] {processor.py:183} INFO - Processing /home/airflow/.local/lib/python3.10/site-packages/airflow/example_dags/example_task_group_decorator.py took 0.126 seconds
[2025-05-09T12:49:31.569+0000] {processor.py:161} INFO - Started process (PID=3182) to work on /home/airflow/.local/lib/python3.10/site-packages/airflow/example_dags/example_task_group_decorator.py
[2025-05-09T12:49:31.570+0000] {processor.py:830} INFO - Processing file /home/airflow/.local/lib/python3.10/site-packages/airflow/example_dags/example_task_group_decorator.py for tasks to queue
[2025-05-09T12:49:31.572+0000] {logging_mixin.py:188} INFO - [2025-05-09T12:49:31.572+0000] {dagbag.py:545} INFO - Filling up the DagBag from /home/airflow/.local/lib/python3.10/site-packages/airflow/example_dags/example_task_group_decorator.py
[2025-05-09T12:49:31.586+0000] {processor.py:840} INFO - DAG(s) 'example_task_group_decorator' retrieved from /home/airflow/.local/lib/python3.10/site-packages/airflow/example_dags/example_task_group_decorator.py
[2025-05-09T12:49:31.614+0000] {logging_mixin.py:188} INFO - [2025-05-09T12:49:31.614+0000] {dag.py:3096} INFO - Sync 1 DAGs
[2025-05-09T12:49:31.643+0000] {logging_mixin.py:188} INFO - [2025-05-09T12:49:31.642+0000] {dag.py:3954} INFO - Setting next_dagrun for example_task_group_decorator to 2025-05-08 00:00:00+00:00, run_after=2025-05-09 00:00:00+00:00
[2025-05-09T12:49:31.666+0000] {processor.py:183} INFO - Processing /home/airflow/.local/lib/python3.10/site-packages/airflow/example_dags/example_task_group_decorator.py took 0.105 seconds
[2025-05-09T12:50:02.204+0000] {processor.py:161} INFO - Started process (PID=3447) to work on /home/airflow/.local/lib/python3.10/site-packages/airflow/example_dags/example_task_group_decorator.py
[2025-05-09T12:50:02.206+0000] {processor.py:830} INFO - Processing file /home/airflow/.local/lib/python3.10/site-packages/airflow/example_dags/example_task_group_decorator.py for tasks to queue
[2025-05-09T12:50:02.212+0000] {logging_mixin.py:188} INFO - [2025-05-09T12:50:02.211+0000] {dagbag.py:545} INFO - Filling up the DagBag from /home/airflow/.local/lib/python3.10/site-packages/airflow/example_dags/example_task_group_decorator.py
[2025-05-09T12:50:02.228+0000] {processor.py:840} INFO - DAG(s) 'example_task_group_decorator' retrieved from /home/airflow/.local/lib/python3.10/site-packages/airflow/example_dags/example_task_group_decorator.py
[2025-05-09T12:50:02.262+0000] {logging_mixin.py:188} INFO - [2025-05-09T12:50:02.262+0000] {dag.py:3096} INFO - Sync 1 DAGs
[2025-05-09T12:50:02.289+0000] {logging_mixin.py:188} INFO - [2025-05-09T12:50:02.288+0000] {dag.py:3954} INFO - Setting next_dagrun for example_task_group_decorator to 2025-05-08 00:00:00+00:00, run_after=2025-05-09 00:00:00+00:00
[2025-05-09T12:50:02.565+0000] {processor.py:183} INFO - Processing /home/airflow/.local/lib/python3.10/site-packages/airflow/example_dags/example_task_group_decorator.py took 0.119 seconds
[2025-05-09T12:50:33.232+0000] {processor.py:161} INFO - Started process (PID=3715) to work on /home/airflow/.local/lib/python3.10/site-packages/airflow/example_dags/example_task_group_decorator.py
[2025-05-09T12:50:33.234+0000] {processor.py:830} INFO - Processing file /home/airflow/.local/lib/python3.10/site-packages/airflow/example_dags/example_task_group_decorator.py for tasks to queue
[2025-05-09T12:50:33.236+0000] {logging_mixin.py:188} INFO - [2025-05-09T12:50:33.236+0000] {dagbag.py:545} INFO - Filling up the DagBag from /home/airflow/.local/lib/python3.10/site-packages/airflow/example_dags/example_task_group_decorator.py
[2025-05-09T12:50:33.251+0000] {processor.py:840} INFO - DAG(s) 'example_task_group_decorator' retrieved from /home/airflow/.local/lib/python3.10/site-packages/airflow/example_dags/example_task_group_decorator.py
[2025-05-09T12:50:33.288+0000] {logging_mixin.py:188} INFO - [2025-05-09T12:50:33.288+0000] {dag.py:3096} INFO - Sync 1 DAGs
[2025-05-09T12:50:33.320+0000] {logging_mixin.py:188} INFO - [2025-05-09T12:50:33.319+0000] {dag.py:3954} INFO - Setting next_dagrun for example_task_group_decorator to 2025-05-08 00:00:00+00:00, run_after=2025-05-09 00:00:00+00:00
[2025-05-09T12:50:33.365+0000] {processor.py:183} INFO - Processing /home/airflow/.local/lib/python3.10/site-packages/airflow/example_dags/example_task_group_decorator.py took 0.139 seconds
[2025-05-09T12:51:04.248+0000] {processor.py:161} INFO - Started process (PID=3979) to work on /home/airflow/.local/lib/python3.10/site-packages/airflow/example_dags/example_task_group_decorator.py
[2025-05-09T12:51:04.249+0000] {processor.py:830} INFO - Processing file /home/airflow/.local/lib/python3.10/site-packages/airflow/example_dags/example_task_group_decorator.py for tasks to queue
[2025-05-09T12:51:04.251+0000] {logging_mixin.py:188} INFO - [2025-05-09T12:51:04.251+0000] {dagbag.py:545} INFO - Filling up the DagBag from /home/airflow/.local/lib/python3.10/site-packages/airflow/example_dags/example_task_group_decorator.py
[2025-05-09T12:51:04.264+0000] {processor.py:840} INFO - DAG(s) 'example_task_group_decorator' retrieved from /home/airflow/.local/lib/python3.10/site-packages/airflow/example_dags/example_task_group_decorator.py
[2025-05-09T12:51:04.295+0000] {logging_mixin.py:188} INFO - [2025-05-09T12:51:04.295+0000] {dag.py:3096} INFO - Sync 1 DAGs
[2025-05-09T12:51:04.322+0000] {logging_mixin.py:188} INFO - [2025-05-09T12:51:04.322+0000] {dag.py:3954} INFO - Setting next_dagrun for example_task_group_decorator to 2025-05-08 00:00:00+00:00, run_after=2025-05-09 00:00:00+00:00
[2025-05-09T12:51:04.347+0000] {processor.py:183} INFO - Processing /home/airflow/.local/lib/python3.10/site-packages/airflow/example_dags/example_task_group_decorator.py took 0.106 seconds
[2025-05-09T12:52:23.083+0000] {processor.py:161} INFO - Started process (PID=287) to work on /home/airflow/.local/lib/python3.10/site-packages/airflow/example_dags/example_task_group_decorator.py
[2025-05-09T12:52:23.085+0000] {processor.py:830} INFO - Processing file /home/airflow/.local/lib/python3.10/site-packages/airflow/example_dags/example_task_group_decorator.py for tasks to queue
[2025-05-09T12:52:23.088+0000] {logging_mixin.py:188} INFO - [2025-05-09T12:52:23.088+0000] {dagbag.py:545} INFO - Filling up the DagBag from /home/airflow/.local/lib/python3.10/site-packages/airflow/example_dags/example_task_group_decorator.py
[2025-05-09T12:52:23.106+0000] {processor.py:840} INFO - DAG(s) 'example_task_group_decorator' retrieved from /home/airflow/.local/lib/python3.10/site-packages/airflow/example_dags/example_task_group_decorator.py
[2025-05-09T12:52:23.125+0000] {logging_mixin.py:188} INFO - [2025-05-09T12:52:23.125+0000] {dag.py:3096} INFO - Sync 1 DAGs
[2025-05-09T12:52:23.152+0000] {logging_mixin.py:188} INFO - [2025-05-09T12:52:23.151+0000] {dag.py:3954} INFO - Setting next_dagrun for example_task_group_decorator to 2025-05-08 00:00:00+00:00, run_after=2025-05-09 00:00:00+00:00
[2025-05-09T12:52:23.177+0000] {processor.py:183} INFO - Processing /home/airflow/.local/lib/python3.10/site-packages/airflow/example_dags/example_task_group_decorator.py took 0.101 seconds
[2025-05-09T12:52:54.405+0000] {processor.py:161} INFO - Started process (PID=547) to work on /home/airflow/.local/lib/python3.10/site-packages/airflow/example_dags/example_task_group_decorator.py
[2025-05-09T12:52:54.406+0000] {processor.py:830} INFO - Processing file /home/airflow/.local/lib/python3.10/site-packages/airflow/example_dags/example_task_group_decorator.py for tasks to queue
[2025-05-09T12:52:54.409+0000] {logging_mixin.py:188} INFO - [2025-05-09T12:52:54.409+0000] {dagbag.py:545} INFO - Filling up the DagBag from /home/airflow/.local/lib/python3.10/site-packages/airflow/example_dags/example_task_group_decorator.py
[2025-05-09T12:52:54.425+0000] {processor.py:840} INFO - DAG(s) 'example_task_group_decorator' retrieved from /home/airflow/.local/lib/python3.10/site-packages/airflow/example_dags/example_task_group_decorator.py
[2025-05-09T12:52:54.539+0000] {logging_mixin.py:188} INFO - [2025-05-09T12:52:54.538+0000] {dag.py:3096} INFO - Sync 1 DAGs
[2025-05-09T12:52:54.562+0000] {logging_mixin.py:188} INFO - [2025-05-09T12:52:54.562+0000] {dag.py:3954} INFO - Setting next_dagrun for example_task_group_decorator to 2025-05-08 00:00:00+00:00, run_after=2025-05-09 00:00:00+00:00
[2025-05-09T12:52:54.588+0000] {processor.py:183} INFO - Processing /home/airflow/.local/lib/python3.10/site-packages/airflow/example_dags/example_task_group_decorator.py took 0.190 seconds
[2025-05-09T12:53:24.797+0000] {processor.py:161} INFO - Started process (PID=810) to work on /home/airflow/.local/lib/python3.10/site-packages/airflow/example_dags/example_task_group_decorator.py
[2025-05-09T12:53:24.799+0000] {processor.py:830} INFO - Processing file /home/airflow/.local/lib/python3.10/site-packages/airflow/example_dags/example_task_group_decorator.py for tasks to queue
[2025-05-09T12:53:24.802+0000] {logging_mixin.py:188} INFO - [2025-05-09T12:53:24.802+0000] {dagbag.py:545} INFO - Filling up the DagBag from /home/airflow/.local/lib/python3.10/site-packages/airflow/example_dags/example_task_group_decorator.py
[2025-05-09T12:53:24.822+0000] {processor.py:840} INFO - DAG(s) 'example_task_group_decorator' retrieved from /home/airflow/.local/lib/python3.10/site-packages/airflow/example_dags/example_task_group_decorator.py
[2025-05-09T12:53:24.862+0000] {logging_mixin.py:188} INFO - [2025-05-09T12:53:24.862+0000] {dag.py:3096} INFO - Sync 1 DAGs
[2025-05-09T12:53:24.886+0000] {logging_mixin.py:188} INFO - [2025-05-09T12:53:24.886+0000] {dag.py:3954} INFO - Setting next_dagrun for example_task_group_decorator to 2025-05-08 00:00:00+00:00, run_after=2025-05-09 00:00:00+00:00
[2025-05-09T12:53:24.913+0000] {processor.py:183} INFO - Processing /home/airflow/.local/lib/python3.10/site-packages/airflow/example_dags/example_task_group_decorator.py took 0.127 seconds
[2025-05-09T12:53:55.664+0000] {processor.py:161} INFO - Started process (PID=1074) to work on /home/airflow/.local/lib/python3.10/site-packages/airflow/example_dags/example_task_group_decorator.py
[2025-05-09T12:53:55.666+0000] {processor.py:830} INFO - Processing file /home/airflow/.local/lib/python3.10/site-packages/airflow/example_dags/example_task_group_decorator.py for tasks to queue
[2025-05-09T12:53:55.668+0000] {logging_mixin.py:188} INFO - [2025-05-09T12:53:55.668+0000] {dagbag.py:545} INFO - Filling up the DagBag from /home/airflow/.local/lib/python3.10/site-packages/airflow/example_dags/example_task_group_decorator.py
[2025-05-09T12:53:55.685+0000] {processor.py:840} INFO - DAG(s) 'example_task_group_decorator' retrieved from /home/airflow/.local/lib/python3.10/site-packages/airflow/example_dags/example_task_group_decorator.py
[2025-05-09T12:53:55.725+0000] {logging_mixin.py:188} INFO - [2025-05-09T12:53:55.724+0000] {dag.py:3096} INFO - Sync 1 DAGs
[2025-05-09T12:53:55.761+0000] {logging_mixin.py:188} INFO - [2025-05-09T12:53:55.761+0000] {dag.py:3954} INFO - Setting next_dagrun for example_task_group_decorator to 2025-05-08 00:00:00+00:00, run_after=2025-05-09 00:00:00+00:00
[2025-05-09T12:53:55.802+0000] {processor.py:183} INFO - Processing /home/airflow/.local/lib/python3.10/site-packages/airflow/example_dags/example_task_group_decorator.py took 0.145 seconds
[2025-05-09T12:54:26.527+0000] {processor.py:161} INFO - Started process (PID=1336) to work on /home/airflow/.local/lib/python3.10/site-packages/airflow/example_dags/example_task_group_decorator.py
[2025-05-09T12:54:26.530+0000] {processor.py:830} INFO - Processing file /home/airflow/.local/lib/python3.10/site-packages/airflow/example_dags/example_task_group_decorator.py for tasks to queue
[2025-05-09T12:54:26.533+0000] {logging_mixin.py:188} INFO - [2025-05-09T12:54:26.532+0000] {dagbag.py:545} INFO - Filling up the DagBag from /home/airflow/.local/lib/python3.10/site-packages/airflow/example_dags/example_task_group_decorator.py
[2025-05-09T12:54:26.555+0000] {processor.py:840} INFO - DAG(s) 'example_task_group_decorator' retrieved from /home/airflow/.local/lib/python3.10/site-packages/airflow/example_dags/example_task_group_decorator.py
[2025-05-09T12:54:26.598+0000] {logging_mixin.py:188} INFO - [2025-05-09T12:54:26.597+0000] {dag.py:3096} INFO - Sync 1 DAGs
[2025-05-09T12:54:26.625+0000] {logging_mixin.py:188} INFO - [2025-05-09T12:54:26.625+0000] {dag.py:3954} INFO - Setting next_dagrun for example_task_group_decorator to 2025-05-08 00:00:00+00:00, run_after=2025-05-09 00:00:00+00:00
[2025-05-09T12:54:26.654+0000] {processor.py:183} INFO - Processing /home/airflow/.local/lib/python3.10/site-packages/airflow/example_dags/example_task_group_decorator.py took 0.136 seconds
[2025-05-09T12:54:56.918+0000] {processor.py:161} INFO - Started process (PID=1598) to work on /home/airflow/.local/lib/python3.10/site-packages/airflow/example_dags/example_task_group_decorator.py
[2025-05-09T12:54:56.921+0000] {processor.py:830} INFO - Processing file /home/airflow/.local/lib/python3.10/site-packages/airflow/example_dags/example_task_group_decorator.py for tasks to queue
[2025-05-09T12:54:56.924+0000] {logging_mixin.py:188} INFO - [2025-05-09T12:54:56.924+0000] {dagbag.py:545} INFO - Filling up the DagBag from /home/airflow/.local/lib/python3.10/site-packages/airflow/example_dags/example_task_group_decorator.py
[2025-05-09T12:54:56.942+0000] {processor.py:840} INFO - DAG(s) 'example_task_group_decorator' retrieved from /home/airflow/.local/lib/python3.10/site-packages/airflow/example_dags/example_task_group_decorator.py
[2025-05-09T12:54:56.980+0000] {logging_mixin.py:188} INFO - [2025-05-09T12:54:56.980+0000] {dag.py:3096} INFO - Sync 1 DAGs
[2025-05-09T12:54:57.006+0000] {logging_mixin.py:188} INFO - [2025-05-09T12:54:57.006+0000] {dag.py:3954} INFO - Setting next_dagrun for example_task_group_decorator to 2025-05-08 00:00:00+00:00, run_after=2025-05-09 00:00:00+00:00
[2025-05-09T12:54:57.034+0000] {processor.py:183} INFO - Processing /home/airflow/.local/lib/python3.10/site-packages/airflow/example_dags/example_task_group_decorator.py took 0.123 seconds
[2025-05-09T12:55:27.319+0000] {processor.py:161} INFO - Started process (PID=1863) to work on /home/airflow/.local/lib/python3.10/site-packages/airflow/example_dags/example_task_group_decorator.py
[2025-05-09T12:55:27.320+0000] {processor.py:830} INFO - Processing file /home/airflow/.local/lib/python3.10/site-packages/airflow/example_dags/example_task_group_decorator.py for tasks to queue
[2025-05-09T12:55:27.323+0000] {logging_mixin.py:188} INFO - [2025-05-09T12:55:27.322+0000] {dagbag.py:545} INFO - Filling up the DagBag from /home/airflow/.local/lib/python3.10/site-packages/airflow/example_dags/example_task_group_decorator.py
[2025-05-09T12:55:27.341+0000] {processor.py:840} INFO - DAG(s) 'example_task_group_decorator' retrieved from /home/airflow/.local/lib/python3.10/site-packages/airflow/example_dags/example_task_group_decorator.py
[2025-05-09T12:55:27.375+0000] {logging_mixin.py:188} INFO - [2025-05-09T12:55:27.375+0000] {dag.py:3096} INFO - Sync 1 DAGs
[2025-05-09T12:55:27.401+0000] {logging_mixin.py:188} INFO - [2025-05-09T12:55:27.400+0000] {dag.py:3954} INFO - Setting next_dagrun for example_task_group_decorator to 2025-05-08 00:00:00+00:00, run_after=2025-05-09 00:00:00+00:00
[2025-05-09T12:55:27.423+0000] {processor.py:183} INFO - Processing /home/airflow/.local/lib/python3.10/site-packages/airflow/example_dags/example_task_group_decorator.py took 0.111 seconds
[2025-05-09T12:57:16.029+0000] {processor.py:161} INFO - Started process (PID=285) to work on /home/airflow/.local/lib/python3.10/site-packages/airflow/example_dags/example_task_group_decorator.py
[2025-05-09T12:57:16.031+0000] {processor.py:830} INFO - Processing file /home/airflow/.local/lib/python3.10/site-packages/airflow/example_dags/example_task_group_decorator.py for tasks to queue
[2025-05-09T12:57:16.035+0000] {logging_mixin.py:188} INFO - [2025-05-09T12:57:16.034+0000] {dagbag.py:545} INFO - Filling up the DagBag from /home/airflow/.local/lib/python3.10/site-packages/airflow/example_dags/example_task_group_decorator.py
[2025-05-09T12:57:16.056+0000] {processor.py:840} INFO - DAG(s) 'example_task_group_decorator' retrieved from /home/airflow/.local/lib/python3.10/site-packages/airflow/example_dags/example_task_group_decorator.py
[2025-05-09T12:57:16.078+0000] {logging_mixin.py:188} INFO - [2025-05-09T12:57:16.078+0000] {dag.py:3096} INFO - Sync 1 DAGs
[2025-05-09T12:57:16.113+0000] {logging_mixin.py:188} INFO - [2025-05-09T12:57:16.113+0000] {dag.py:3954} INFO - Setting next_dagrun for example_task_group_decorator to 2025-05-08 00:00:00+00:00, run_after=2025-05-09 00:00:00+00:00
[2025-05-09T12:57:16.141+0000] {processor.py:183} INFO - Processing /home/airflow/.local/lib/python3.10/site-packages/airflow/example_dags/example_task_group_decorator.py took 0.122 seconds
[2025-05-09T12:57:46.458+0000] {processor.py:161} INFO - Started process (PID=545) to work on /home/airflow/.local/lib/python3.10/site-packages/airflow/example_dags/example_task_group_decorator.py
[2025-05-09T12:57:46.460+0000] {processor.py:830} INFO - Processing file /home/airflow/.local/lib/python3.10/site-packages/airflow/example_dags/example_task_group_decorator.py for tasks to queue
[2025-05-09T12:57:46.462+0000] {logging_mixin.py:188} INFO - [2025-05-09T12:57:46.461+0000] {dagbag.py:545} INFO - Filling up the DagBag from /home/airflow/.local/lib/python3.10/site-packages/airflow/example_dags/example_task_group_decorator.py
[2025-05-09T12:57:46.475+0000] {processor.py:840} INFO - DAG(s) 'example_task_group_decorator' retrieved from /home/airflow/.local/lib/python3.10/site-packages/airflow/example_dags/example_task_group_decorator.py
[2025-05-09T12:57:46.572+0000] {logging_mixin.py:188} INFO - [2025-05-09T12:57:46.571+0000] {dag.py:3096} INFO - Sync 1 DAGs
[2025-05-09T12:57:46.591+0000] {logging_mixin.py:188} INFO - [2025-05-09T12:57:46.590+0000] {dag.py:3954} INFO - Setting next_dagrun for example_task_group_decorator to 2025-05-08 00:00:00+00:00, run_after=2025-05-09 00:00:00+00:00
[2025-05-09T12:57:46.613+0000] {processor.py:183} INFO - Processing /home/airflow/.local/lib/python3.10/site-packages/airflow/example_dags/example_task_group_decorator.py took 0.161 seconds
[2025-05-09T12:58:17.059+0000] {processor.py:161} INFO - Started process (PID=807) to work on /home/airflow/.local/lib/python3.10/site-packages/airflow/example_dags/example_task_group_decorator.py
[2025-05-09T12:58:17.061+0000] {processor.py:830} INFO - Processing file /home/airflow/.local/lib/python3.10/site-packages/airflow/example_dags/example_task_group_decorator.py for tasks to queue
[2025-05-09T12:58:17.063+0000] {logging_mixin.py:188} INFO - [2025-05-09T12:58:17.062+0000] {dagbag.py:545} INFO - Filling up the DagBag from /home/airflow/.local/lib/python3.10/site-packages/airflow/example_dags/example_task_group_decorator.py
[2025-05-09T12:58:17.075+0000] {processor.py:840} INFO - DAG(s) 'example_task_group_decorator' retrieved from /home/airflow/.local/lib/python3.10/site-packages/airflow/example_dags/example_task_group_decorator.py
[2025-05-09T12:58:17.102+0000] {logging_mixin.py:188} INFO - [2025-05-09T12:58:17.102+0000] {dag.py:3096} INFO - Sync 1 DAGs
[2025-05-09T12:58:17.129+0000] {logging_mixin.py:188} INFO - [2025-05-09T12:58:17.128+0000] {dag.py:3954} INFO - Setting next_dagrun for example_task_group_decorator to 2025-05-08 00:00:00+00:00, run_after=2025-05-09 00:00:00+00:00
[2025-05-09T12:58:17.151+0000] {processor.py:183} INFO - Processing /home/airflow/.local/lib/python3.10/site-packages/airflow/example_dags/example_task_group_decorator.py took 0.098 seconds
[2025-05-09T12:58:47.518+0000] {processor.py:161} INFO - Started process (PID=1069) to work on /home/airflow/.local/lib/python3.10/site-packages/airflow/example_dags/example_task_group_decorator.py
[2025-05-09T12:58:47.519+0000] {processor.py:830} INFO - Processing file /home/airflow/.local/lib/python3.10/site-packages/airflow/example_dags/example_task_group_decorator.py for tasks to queue
[2025-05-09T12:58:47.522+0000] {logging_mixin.py:188} INFO - [2025-05-09T12:58:47.521+0000] {dagbag.py:545} INFO - Filling up the DagBag from /home/airflow/.local/lib/python3.10/site-packages/airflow/example_dags/example_task_group_decorator.py
[2025-05-09T12:58:47.536+0000] {processor.py:840} INFO - DAG(s) 'example_task_group_decorator' retrieved from /home/airflow/.local/lib/python3.10/site-packages/airflow/example_dags/example_task_group_decorator.py
[2025-05-09T12:58:47.567+0000] {logging_mixin.py:188} INFO - [2025-05-09T12:58:47.566+0000] {dag.py:3096} INFO - Sync 1 DAGs
[2025-05-09T12:58:47.593+0000] {logging_mixin.py:188} INFO - [2025-05-09T12:58:47.593+0000] {dag.py:3954} INFO - Setting next_dagrun for example_task_group_decorator to 2025-05-08 00:00:00+00:00, run_after=2025-05-09 00:00:00+00:00
[2025-05-09T12:58:47.624+0000] {processor.py:183} INFO - Processing /home/airflow/.local/lib/python3.10/site-packages/airflow/example_dags/example_task_group_decorator.py took 0.112 seconds
[2025-05-09T12:59:17.984+0000] {processor.py:161} INFO - Started process (PID=1331) to work on /home/airflow/.local/lib/python3.10/site-packages/airflow/example_dags/example_task_group_decorator.py
[2025-05-09T12:59:17.986+0000] {processor.py:830} INFO - Processing file /home/airflow/.local/lib/python3.10/site-packages/airflow/example_dags/example_task_group_decorator.py for tasks to queue
[2025-05-09T12:59:17.989+0000] {logging_mixin.py:188} INFO - [2025-05-09T12:59:17.988+0000] {dagbag.py:545} INFO - Filling up the DagBag from /home/airflow/.local/lib/python3.10/site-packages/airflow/example_dags/example_task_group_decorator.py
[2025-05-09T12:59:18.004+0000] {processor.py:840} INFO - DAG(s) 'example_task_group_decorator' retrieved from /home/airflow/.local/lib/python3.10/site-packages/airflow/example_dags/example_task_group_decorator.py
[2025-05-09T12:59:18.030+0000] {logging_mixin.py:188} INFO - [2025-05-09T12:59:18.030+0000] {dag.py:3096} INFO - Sync 1 DAGs
[2025-05-09T12:59:18.053+0000] {logging_mixin.py:188} INFO - [2025-05-09T12:59:18.053+0000] {dag.py:3954} INFO - Setting next_dagrun for example_task_group_decorator to 2025-05-08 00:00:00+00:00, run_after=2025-05-09 00:00:00+00:00
[2025-05-09T12:59:18.075+0000] {processor.py:183} INFO - Processing /home/airflow/.local/lib/python3.10/site-packages/airflow/example_dags/example_task_group_decorator.py took 0.098 seconds
[2025-05-09T12:59:49.046+0000] {processor.py:161} INFO - Started process (PID=1593) to work on /home/airflow/.local/lib/python3.10/site-packages/airflow/example_dags/example_task_group_decorator.py
[2025-05-09T12:59:49.048+0000] {processor.py:830} INFO - Processing file /home/airflow/.local/lib/python3.10/site-packages/airflow/example_dags/example_task_group_decorator.py for tasks to queue
[2025-05-09T12:59:49.051+0000] {logging_mixin.py:188} INFO - [2025-05-09T12:59:49.050+0000] {dagbag.py:545} INFO - Filling up the DagBag from /home/airflow/.local/lib/python3.10/site-packages/airflow/example_dags/example_task_group_decorator.py
[2025-05-09T12:59:49.067+0000] {processor.py:840} INFO - DAG(s) 'example_task_group_decorator' retrieved from /home/airflow/.local/lib/python3.10/site-packages/airflow/example_dags/example_task_group_decorator.py
[2025-05-09T12:59:49.108+0000] {logging_mixin.py:188} INFO - [2025-05-09T12:59:49.108+0000] {dag.py:3096} INFO - Sync 1 DAGs
[2025-05-09T12:59:49.141+0000] {logging_mixin.py:188} INFO - [2025-05-09T12:59:49.140+0000] {dag.py:3954} INFO - Setting next_dagrun for example_task_group_decorator to 2025-05-08 00:00:00+00:00, run_after=2025-05-09 00:00:00+00:00
[2025-05-09T12:59:49.170+0000] {processor.py:183} INFO - Processing /home/airflow/.local/lib/python3.10/site-packages/airflow/example_dags/example_task_group_decorator.py took 0.130 seconds
[2025-05-09T13:00:19.337+0000] {processor.py:161} INFO - Started process (PID=1864) to work on /home/airflow/.local/lib/python3.10/site-packages/airflow/example_dags/example_task_group_decorator.py
[2025-05-09T13:00:19.339+0000] {processor.py:830} INFO - Processing file /home/airflow/.local/lib/python3.10/site-packages/airflow/example_dags/example_task_group_decorator.py for tasks to queue
[2025-05-09T13:00:19.341+0000] {logging_mixin.py:188} INFO - [2025-05-09T13:00:19.341+0000] {dagbag.py:545} INFO - Filling up the DagBag from /home/airflow/.local/lib/python3.10/site-packages/airflow/example_dags/example_task_group_decorator.py
[2025-05-09T13:00:19.359+0000] {processor.py:840} INFO - DAG(s) 'example_task_group_decorator' retrieved from /home/airflow/.local/lib/python3.10/site-packages/airflow/example_dags/example_task_group_decorator.py
[2025-05-09T13:00:19.390+0000] {logging_mixin.py:188} INFO - [2025-05-09T13:00:19.390+0000] {dag.py:3096} INFO - Sync 1 DAGs
[2025-05-09T13:00:19.413+0000] {logging_mixin.py:188} INFO - [2025-05-09T13:00:19.412+0000] {dag.py:3954} INFO - Setting next_dagrun for example_task_group_decorator to 2025-05-08 00:00:00+00:00, run_after=2025-05-09 00:00:00+00:00
[2025-05-09T13:00:19.436+0000] {processor.py:183} INFO - Processing /home/airflow/.local/lib/python3.10/site-packages/airflow/example_dags/example_task_group_decorator.py took 0.106 seconds
[2025-05-09T13:00:50.091+0000] {processor.py:161} INFO - Started process (PID=2126) to work on /home/airflow/.local/lib/python3.10/site-packages/airflow/example_dags/example_task_group_decorator.py
[2025-05-09T13:00:50.093+0000] {processor.py:830} INFO - Processing file /home/airflow/.local/lib/python3.10/site-packages/airflow/example_dags/example_task_group_decorator.py for tasks to queue
[2025-05-09T13:00:50.096+0000] {logging_mixin.py:188} INFO - [2025-05-09T13:00:50.096+0000] {dagbag.py:545} INFO - Filling up the DagBag from /home/airflow/.local/lib/python3.10/site-packages/airflow/example_dags/example_task_group_decorator.py
[2025-05-09T13:00:50.116+0000] {processor.py:840} INFO - DAG(s) 'example_task_group_decorator' retrieved from /home/airflow/.local/lib/python3.10/site-packages/airflow/example_dags/example_task_group_decorator.py
[2025-05-09T13:00:50.152+0000] {logging_mixin.py:188} INFO - [2025-05-09T13:00:50.152+0000] {dag.py:3096} INFO - Sync 1 DAGs
[2025-05-09T13:00:50.175+0000] {logging_mixin.py:188} INFO - [2025-05-09T13:00:50.175+0000] {dag.py:3954} INFO - Setting next_dagrun for example_task_group_decorator to 2025-05-08 00:00:00+00:00, run_after=2025-05-09 00:00:00+00:00
[2025-05-09T13:00:50.199+0000] {processor.py:183} INFO - Processing /home/airflow/.local/lib/python3.10/site-packages/airflow/example_dags/example_task_group_decorator.py took 0.115 seconds
[2025-05-09T13:01:21.402+0000] {processor.py:161} INFO - Started process (PID=2388) to work on /home/airflow/.local/lib/python3.10/site-packages/airflow/example_dags/example_task_group_decorator.py
[2025-05-09T13:01:21.404+0000] {processor.py:830} INFO - Processing file /home/airflow/.local/lib/python3.10/site-packages/airflow/example_dags/example_task_group_decorator.py for tasks to queue
[2025-05-09T13:01:21.406+0000] {logging_mixin.py:188} INFO - [2025-05-09T13:01:21.406+0000] {dagbag.py:545} INFO - Filling up the DagBag from /home/airflow/.local/lib/python3.10/site-packages/airflow/example_dags/example_task_group_decorator.py
[2025-05-09T13:01:21.422+0000] {processor.py:840} INFO - DAG(s) 'example_task_group_decorator' retrieved from /home/airflow/.local/lib/python3.10/site-packages/airflow/example_dags/example_task_group_decorator.py
[2025-05-09T13:01:21.455+0000] {logging_mixin.py:188} INFO - [2025-05-09T13:01:21.455+0000] {dag.py:3096} INFO - Sync 1 DAGs
[2025-05-09T13:01:21.478+0000] {logging_mixin.py:188} INFO - [2025-05-09T13:01:21.478+0000] {dag.py:3954} INFO - Setting next_dagrun for example_task_group_decorator to 2025-05-08 00:00:00+00:00, run_after=2025-05-09 00:00:00+00:00
[2025-05-09T13:01:21.500+0000] {processor.py:183} INFO - Processing /home/airflow/.local/lib/python3.10/site-packages/airflow/example_dags/example_task_group_decorator.py took 0.104 seconds
[2025-05-09T13:01:51.654+0000] {processor.py:161} INFO - Started process (PID=2652) to work on /home/airflow/.local/lib/python3.10/site-packages/airflow/example_dags/example_task_group_decorator.py
[2025-05-09T13:01:51.656+0000] {processor.py:830} INFO - Processing file /home/airflow/.local/lib/python3.10/site-packages/airflow/example_dags/example_task_group_decorator.py for tasks to queue
[2025-05-09T13:01:51.658+0000] {logging_mixin.py:188} INFO - [2025-05-09T13:01:51.658+0000] {dagbag.py:545} INFO - Filling up the DagBag from /home/airflow/.local/lib/python3.10/site-packages/airflow/example_dags/example_task_group_decorator.py
[2025-05-09T13:01:51.676+0000] {processor.py:840} INFO - DAG(s) 'example_task_group_decorator' retrieved from /home/airflow/.local/lib/python3.10/site-packages/airflow/example_dags/example_task_group_decorator.py
[2025-05-09T13:01:51.702+0000] {logging_mixin.py:188} INFO - [2025-05-09T13:01:51.702+0000] {dag.py:3096} INFO - Sync 1 DAGs
[2025-05-09T13:01:51.723+0000] {logging_mixin.py:188} INFO - [2025-05-09T13:01:51.723+0000] {dag.py:3954} INFO - Setting next_dagrun for example_task_group_decorator to 2025-05-08 00:00:00+00:00, run_after=2025-05-09 00:00:00+00:00
[2025-05-09T13:01:51.744+0000] {processor.py:183} INFO - Processing /home/airflow/.local/lib/python3.10/site-packages/airflow/example_dags/example_task_group_decorator.py took 0.098 seconds
[2025-05-09T13:02:22.306+0000] {processor.py:161} INFO - Started process (PID=2914) to work on /home/airflow/.local/lib/python3.10/site-packages/airflow/example_dags/example_task_group_decorator.py
[2025-05-09T13:02:22.307+0000] {processor.py:830} INFO - Processing file /home/airflow/.local/lib/python3.10/site-packages/airflow/example_dags/example_task_group_decorator.py for tasks to queue
[2025-05-09T13:02:22.309+0000] {logging_mixin.py:188} INFO - [2025-05-09T13:02:22.309+0000] {dagbag.py:545} INFO - Filling up the DagBag from /home/airflow/.local/lib/python3.10/site-packages/airflow/example_dags/example_task_group_decorator.py
[2025-05-09T13:02:22.324+0000] {processor.py:840} INFO - DAG(s) 'example_task_group_decorator' retrieved from /home/airflow/.local/lib/python3.10/site-packages/airflow/example_dags/example_task_group_decorator.py
[2025-05-09T13:02:22.352+0000] {logging_mixin.py:188} INFO - [2025-05-09T13:02:22.352+0000] {dag.py:3096} INFO - Sync 1 DAGs
[2025-05-09T13:02:22.376+0000] {logging_mixin.py:188} INFO - [2025-05-09T13:02:22.376+0000] {dag.py:3954} INFO - Setting next_dagrun for example_task_group_decorator to 2025-05-08 00:00:00+00:00, run_after=2025-05-09 00:00:00+00:00
[2025-05-09T13:02:22.397+0000] {processor.py:183} INFO - Processing /home/airflow/.local/lib/python3.10/site-packages/airflow/example_dags/example_task_group_decorator.py took 0.099 seconds
[2025-05-09T13:02:52.897+0000] {processor.py:161} INFO - Started process (PID=3174) to work on /home/airflow/.local/lib/python3.10/site-packages/airflow/example_dags/example_task_group_decorator.py
[2025-05-09T13:02:52.899+0000] {processor.py:830} INFO - Processing file /home/airflow/.local/lib/python3.10/site-packages/airflow/example_dags/example_task_group_decorator.py for tasks to queue
[2025-05-09T13:02:52.902+0000] {logging_mixin.py:188} INFO - [2025-05-09T13:02:52.902+0000] {dagbag.py:545} INFO - Filling up the DagBag from /home/airflow/.local/lib/python3.10/site-packages/airflow/example_dags/example_task_group_decorator.py
[2025-05-09T13:02:52.921+0000] {processor.py:840} INFO - DAG(s) 'example_task_group_decorator' retrieved from /home/airflow/.local/lib/python3.10/site-packages/airflow/example_dags/example_task_group_decorator.py
[2025-05-09T13:02:52.959+0000] {logging_mixin.py:188} INFO - [2025-05-09T13:02:52.959+0000] {dag.py:3096} INFO - Sync 1 DAGs
[2025-05-09T13:02:52.988+0000] {logging_mixin.py:188} INFO - [2025-05-09T13:02:52.987+0000] {dag.py:3954} INFO - Setting next_dagrun for example_task_group_decorator to 2025-05-08 00:00:00+00:00, run_after=2025-05-09 00:00:00+00:00
[2025-05-09T13:02:53.012+0000] {processor.py:183} INFO - Processing /home/airflow/.local/lib/python3.10/site-packages/airflow/example_dags/example_task_group_decorator.py took 0.123 seconds
[2025-05-09T13:03:24.000+0000] {processor.py:161} INFO - Started process (PID=3436) to work on /home/airflow/.local/lib/python3.10/site-packages/airflow/example_dags/example_task_group_decorator.py
[2025-05-09T13:03:24.002+0000] {processor.py:830} INFO - Processing file /home/airflow/.local/lib/python3.10/site-packages/airflow/example_dags/example_task_group_decorator.py for tasks to queue
[2025-05-09T13:03:24.004+0000] {logging_mixin.py:188} INFO - [2025-05-09T13:03:24.004+0000] {dagbag.py:545} INFO - Filling up the DagBag from /home/airflow/.local/lib/python3.10/site-packages/airflow/example_dags/example_task_group_decorator.py
[2025-05-09T13:03:24.023+0000] {processor.py:840} INFO - DAG(s) 'example_task_group_decorator' retrieved from /home/airflow/.local/lib/python3.10/site-packages/airflow/example_dags/example_task_group_decorator.py
[2025-05-09T13:03:24.054+0000] {logging_mixin.py:188} INFO - [2025-05-09T13:03:24.054+0000] {dag.py:3096} INFO - Sync 1 DAGs
[2025-05-09T13:03:24.078+0000] {logging_mixin.py:188} INFO - [2025-05-09T13:03:24.078+0000] {dag.py:3954} INFO - Setting next_dagrun for example_task_group_decorator to 2025-05-08 00:00:00+00:00, run_after=2025-05-09 00:00:00+00:00
[2025-05-09T13:03:24.115+0000] {processor.py:183} INFO - Processing /home/airflow/.local/lib/python3.10/site-packages/airflow/example_dags/example_task_group_decorator.py took 0.123 seconds
[2025-05-09T13:03:54.737+0000] {processor.py:161} INFO - Started process (PID=3698) to work on /home/airflow/.local/lib/python3.10/site-packages/airflow/example_dags/example_task_group_decorator.py
[2025-05-09T13:03:54.739+0000] {processor.py:830} INFO - Processing file /home/airflow/.local/lib/python3.10/site-packages/airflow/example_dags/example_task_group_decorator.py for tasks to queue
[2025-05-09T13:03:54.744+0000] {logging_mixin.py:188} INFO - [2025-05-09T13:03:54.744+0000] {dagbag.py:545} INFO - Filling up the DagBag from /home/airflow/.local/lib/python3.10/site-packages/airflow/example_dags/example_task_group_decorator.py
[2025-05-09T13:03:54.765+0000] {processor.py:840} INFO - DAG(s) 'example_task_group_decorator' retrieved from /home/airflow/.local/lib/python3.10/site-packages/airflow/example_dags/example_task_group_decorator.py
[2025-05-09T13:03:54.797+0000] {logging_mixin.py:188} INFO - [2025-05-09T13:03:54.797+0000] {dag.py:3096} INFO - Sync 1 DAGs
[2025-05-09T13:03:54.824+0000] {logging_mixin.py:188} INFO - [2025-05-09T13:03:54.824+0000] {dag.py:3954} INFO - Setting next_dagrun for example_task_group_decorator to 2025-05-08 00:00:00+00:00, run_after=2025-05-09 00:00:00+00:00
[2025-05-09T13:03:54.849+0000] {processor.py:183} INFO - Processing /home/airflow/.local/lib/python3.10/site-packages/airflow/example_dags/example_task_group_decorator.py took 0.121 seconds
[2025-05-09T15:43:47.556+0000] {processor.py:161} INFO - Started process (PID=3975) to work on /home/airflow/.local/lib/python3.10/site-packages/airflow/example_dags/example_task_group_decorator.py
[2025-05-09T15:43:47.568+0000] {processor.py:830} INFO - Processing file /home/airflow/.local/lib/python3.10/site-packages/airflow/example_dags/example_task_group_decorator.py for tasks to queue
[2025-05-09T15:43:47.584+0000] {logging_mixin.py:188} INFO - [2025-05-09T15:43:47.583+0000] {dagbag.py:545} INFO - Filling up the DagBag from /home/airflow/.local/lib/python3.10/site-packages/airflow/example_dags/example_task_group_decorator.py
[2025-05-09T15:43:47.704+0000] {processor.py:840} INFO - DAG(s) 'example_task_group_decorator' retrieved from /home/airflow/.local/lib/python3.10/site-packages/airflow/example_dags/example_task_group_decorator.py
[2025-05-09T15:43:47.842+0000] {logging_mixin.py:188} INFO - [2025-05-09T15:43:47.841+0000] {dag.py:3096} INFO - Sync 1 DAGs
[2025-05-09T15:43:47.983+0000] {logging_mixin.py:188} INFO - [2025-05-09T15:43:47.981+0000] {dag.py:3954} INFO - Setting next_dagrun for example_task_group_decorator to 2025-05-08 00:00:00+00:00, run_after=2025-05-09 00:00:00+00:00
[2025-05-09T15:43:48.090+0000] {processor.py:183} INFO - Processing /home/airflow/.local/lib/python3.10/site-packages/airflow/example_dags/example_task_group_decorator.py took 0.568 seconds
[2025-05-09T15:44:18.688+0000] {processor.py:161} INFO - Started process (PID=4239) to work on /home/airflow/.local/lib/python3.10/site-packages/airflow/example_dags/example_task_group_decorator.py
[2025-05-09T15:44:18.692+0000] {processor.py:830} INFO - Processing file /home/airflow/.local/lib/python3.10/site-packages/airflow/example_dags/example_task_group_decorator.py for tasks to queue
[2025-05-09T15:44:18.695+0000] {logging_mixin.py:188} INFO - [2025-05-09T15:44:18.694+0000] {dagbag.py:545} INFO - Filling up the DagBag from /home/airflow/.local/lib/python3.10/site-packages/airflow/example_dags/example_task_group_decorator.py
[2025-05-09T15:44:18.714+0000] {processor.py:840} INFO - DAG(s) 'example_task_group_decorator' retrieved from /home/airflow/.local/lib/python3.10/site-packages/airflow/example_dags/example_task_group_decorator.py
[2025-05-09T15:44:18.763+0000] {logging_mixin.py:188} INFO - [2025-05-09T15:44:18.762+0000] {dag.py:3096} INFO - Sync 1 DAGs
[2025-05-09T15:44:18.787+0000] {logging_mixin.py:188} INFO - [2025-05-09T15:44:18.787+0000] {dag.py:3954} INFO - Setting next_dagrun for example_task_group_decorator to 2025-05-08 00:00:00+00:00, run_after=2025-05-09 00:00:00+00:00
[2025-05-09T15:44:18.815+0000] {processor.py:183} INFO - Processing /home/airflow/.local/lib/python3.10/site-packages/airflow/example_dags/example_task_group_decorator.py took 0.135 seconds
[2025-05-09T15:44:49.319+0000] {processor.py:161} INFO - Started process (PID=4513) to work on /home/airflow/.local/lib/python3.10/site-packages/airflow/example_dags/example_task_group_decorator.py
[2025-05-09T15:44:49.320+0000] {processor.py:830} INFO - Processing file /home/airflow/.local/lib/python3.10/site-packages/airflow/example_dags/example_task_group_decorator.py for tasks to queue
[2025-05-09T15:44:49.323+0000] {logging_mixin.py:188} INFO - [2025-05-09T15:44:49.322+0000] {dagbag.py:545} INFO - Filling up the DagBag from /home/airflow/.local/lib/python3.10/site-packages/airflow/example_dags/example_task_group_decorator.py
[2025-05-09T15:44:49.346+0000] {processor.py:840} INFO - DAG(s) 'example_task_group_decorator' retrieved from /home/airflow/.local/lib/python3.10/site-packages/airflow/example_dags/example_task_group_decorator.py
[2025-05-09T15:44:49.394+0000] {logging_mixin.py:188} INFO - [2025-05-09T15:44:49.394+0000] {dag.py:3096} INFO - Sync 1 DAGs
[2025-05-09T15:44:49.428+0000] {logging_mixin.py:188} INFO - [2025-05-09T15:44:49.426+0000] {dag.py:3954} INFO - Setting next_dagrun for example_task_group_decorator to 2025-05-08 00:00:00+00:00, run_after=2025-05-09 00:00:00+00:00
[2025-05-09T15:44:49.469+0000] {processor.py:183} INFO - Processing /home/airflow/.local/lib/python3.10/site-packages/airflow/example_dags/example_task_group_decorator.py took 0.161 seconds
[2025-05-09T15:45:19.843+0000] {processor.py:161} INFO - Started process (PID=4781) to work on /home/airflow/.local/lib/python3.10/site-packages/airflow/example_dags/example_task_group_decorator.py
[2025-05-09T15:45:19.849+0000] {processor.py:830} INFO - Processing file /home/airflow/.local/lib/python3.10/site-packages/airflow/example_dags/example_task_group_decorator.py for tasks to queue
[2025-05-09T15:45:19.855+0000] {logging_mixin.py:188} INFO - [2025-05-09T15:45:19.854+0000] {dagbag.py:545} INFO - Filling up the DagBag from /home/airflow/.local/lib/python3.10/site-packages/airflow/example_dags/example_task_group_decorator.py
[2025-05-09T15:45:19.888+0000] {processor.py:840} INFO - DAG(s) 'example_task_group_decorator' retrieved from /home/airflow/.local/lib/python3.10/site-packages/airflow/example_dags/example_task_group_decorator.py
[2025-05-09T15:45:19.929+0000] {logging_mixin.py:188} INFO - [2025-05-09T15:45:19.929+0000] {dag.py:3096} INFO - Sync 1 DAGs
[2025-05-09T15:45:19.960+0000] {logging_mixin.py:188} INFO - [2025-05-09T15:45:19.960+0000] {dag.py:3954} INFO - Setting next_dagrun for example_task_group_decorator to 2025-05-08 00:00:00+00:00, run_after=2025-05-09 00:00:00+00:00
[2025-05-09T15:45:19.990+0000] {processor.py:183} INFO - Processing /home/airflow/.local/lib/python3.10/site-packages/airflow/example_dags/example_task_group_decorator.py took 0.157 seconds
[2025-05-09T15:45:50.335+0000] {processor.py:161} INFO - Started process (PID=5043) to work on /home/airflow/.local/lib/python3.10/site-packages/airflow/example_dags/example_task_group_decorator.py
[2025-05-09T15:45:50.337+0000] {processor.py:830} INFO - Processing file /home/airflow/.local/lib/python3.10/site-packages/airflow/example_dags/example_task_group_decorator.py for tasks to queue
[2025-05-09T15:45:50.339+0000] {logging_mixin.py:188} INFO - [2025-05-09T15:45:50.339+0000] {dagbag.py:545} INFO - Filling up the DagBag from /home/airflow/.local/lib/python3.10/site-packages/airflow/example_dags/example_task_group_decorator.py
[2025-05-09T15:45:50.353+0000] {processor.py:840} INFO - DAG(s) 'example_task_group_decorator' retrieved from /home/airflow/.local/lib/python3.10/site-packages/airflow/example_dags/example_task_group_decorator.py
[2025-05-09T15:45:50.393+0000] {logging_mixin.py:188} INFO - [2025-05-09T15:45:50.392+0000] {dag.py:3096} INFO - Sync 1 DAGs
[2025-05-09T15:45:50.425+0000] {logging_mixin.py:188} INFO - [2025-05-09T15:45:50.424+0000] {dag.py:3954} INFO - Setting next_dagrun for example_task_group_decorator to 2025-05-08 00:00:00+00:00, run_after=2025-05-09 00:00:00+00:00
[2025-05-09T15:45:50.448+0000] {processor.py:183} INFO - Processing /home/airflow/.local/lib/python3.10/site-packages/airflow/example_dags/example_task_group_decorator.py took 0.121 seconds
[2025-05-09T15:46:20.614+0000] {processor.py:161} INFO - Started process (PID=5314) to work on /home/airflow/.local/lib/python3.10/site-packages/airflow/example_dags/example_task_group_decorator.py
[2025-05-09T15:46:20.616+0000] {processor.py:830} INFO - Processing file /home/airflow/.local/lib/python3.10/site-packages/airflow/example_dags/example_task_group_decorator.py for tasks to queue
[2025-05-09T15:46:20.618+0000] {logging_mixin.py:188} INFO - [2025-05-09T15:46:20.617+0000] {dagbag.py:545} INFO - Filling up the DagBag from /home/airflow/.local/lib/python3.10/site-packages/airflow/example_dags/example_task_group_decorator.py
[2025-05-09T15:46:20.636+0000] {processor.py:840} INFO - DAG(s) 'example_task_group_decorator' retrieved from /home/airflow/.local/lib/python3.10/site-packages/airflow/example_dags/example_task_group_decorator.py
[2025-05-09T15:46:20.679+0000] {logging_mixin.py:188} INFO - [2025-05-09T15:46:20.678+0000] {dag.py:3096} INFO - Sync 1 DAGs
[2025-05-09T15:46:20.737+0000] {logging_mixin.py:188} INFO - [2025-05-09T15:46:20.737+0000] {dag.py:3954} INFO - Setting next_dagrun for example_task_group_decorator to 2025-05-08 00:00:00+00:00, run_after=2025-05-09 00:00:00+00:00
[2025-05-09T15:46:20.761+0000] {processor.py:183} INFO - Processing /home/airflow/.local/lib/python3.10/site-packages/airflow/example_dags/example_task_group_decorator.py took 0.154 seconds
[2025-05-09T15:46:51.318+0000] {processor.py:161} INFO - Started process (PID=5576) to work on /home/airflow/.local/lib/python3.10/site-packages/airflow/example_dags/example_task_group_decorator.py
[2025-05-09T15:46:51.319+0000] {processor.py:830} INFO - Processing file /home/airflow/.local/lib/python3.10/site-packages/airflow/example_dags/example_task_group_decorator.py for tasks to queue
[2025-05-09T15:46:51.322+0000] {logging_mixin.py:188} INFO - [2025-05-09T15:46:51.321+0000] {dagbag.py:545} INFO - Filling up the DagBag from /home/airflow/.local/lib/python3.10/site-packages/airflow/example_dags/example_task_group_decorator.py
[2025-05-09T15:46:51.339+0000] {processor.py:840} INFO - DAG(s) 'example_task_group_decorator' retrieved from /home/airflow/.local/lib/python3.10/site-packages/airflow/example_dags/example_task_group_decorator.py
[2025-05-09T15:46:51.384+0000] {logging_mixin.py:188} INFO - [2025-05-09T15:46:51.384+0000] {dag.py:3096} INFO - Sync 1 DAGs
[2025-05-09T15:46:51.411+0000] {logging_mixin.py:188} INFO - [2025-05-09T15:46:51.411+0000] {dag.py:3954} INFO - Setting next_dagrun for example_task_group_decorator to 2025-05-08 00:00:00+00:00, run_after=2025-05-09 00:00:00+00:00
[2025-05-09T15:46:51.435+0000] {processor.py:183} INFO - Processing /home/airflow/.local/lib/python3.10/site-packages/airflow/example_dags/example_task_group_decorator.py took 0.125 seconds
[2025-05-09T15:47:22.073+0000] {processor.py:161} INFO - Started process (PID=5838) to work on /home/airflow/.local/lib/python3.10/site-packages/airflow/example_dags/example_task_group_decorator.py
[2025-05-09T15:47:22.075+0000] {processor.py:830} INFO - Processing file /home/airflow/.local/lib/python3.10/site-packages/airflow/example_dags/example_task_group_decorator.py for tasks to queue
[2025-05-09T15:47:22.077+0000] {logging_mixin.py:188} INFO - [2025-05-09T15:47:22.076+0000] {dagbag.py:545} INFO - Filling up the DagBag from /home/airflow/.local/lib/python3.10/site-packages/airflow/example_dags/example_task_group_decorator.py
[2025-05-09T15:47:22.095+0000] {processor.py:840} INFO - DAG(s) 'example_task_group_decorator' retrieved from /home/airflow/.local/lib/python3.10/site-packages/airflow/example_dags/example_task_group_decorator.py
[2025-05-09T15:47:22.126+0000] {logging_mixin.py:188} INFO - [2025-05-09T15:47:22.126+0000] {dag.py:3096} INFO - Sync 1 DAGs
[2025-05-09T15:47:22.150+0000] {logging_mixin.py:188} INFO - [2025-05-09T15:47:22.150+0000] {dag.py:3954} INFO - Setting next_dagrun for example_task_group_decorator to 2025-05-08 00:00:00+00:00, run_after=2025-05-09 00:00:00+00:00
[2025-05-09T15:47:22.189+0000] {processor.py:183} INFO - Processing /home/airflow/.local/lib/python3.10/site-packages/airflow/example_dags/example_task_group_decorator.py took 0.124 seconds
[2025-05-09T15:47:52.758+0000] {processor.py:161} INFO - Started process (PID=6100) to work on /home/airflow/.local/lib/python3.10/site-packages/airflow/example_dags/example_task_group_decorator.py
[2025-05-09T15:47:52.759+0000] {processor.py:830} INFO - Processing file /home/airflow/.local/lib/python3.10/site-packages/airflow/example_dags/example_task_group_decorator.py for tasks to queue
[2025-05-09T15:47:52.762+0000] {logging_mixin.py:188} INFO - [2025-05-09T15:47:52.761+0000] {dagbag.py:545} INFO - Filling up the DagBag from /home/airflow/.local/lib/python3.10/site-packages/airflow/example_dags/example_task_group_decorator.py
[2025-05-09T15:47:52.780+0000] {processor.py:840} INFO - DAG(s) 'example_task_group_decorator' retrieved from /home/airflow/.local/lib/python3.10/site-packages/airflow/example_dags/example_task_group_decorator.py
[2025-05-09T15:47:52.811+0000] {logging_mixin.py:188} INFO - [2025-05-09T15:47:52.811+0000] {dag.py:3096} INFO - Sync 1 DAGs
[2025-05-09T15:47:52.835+0000] {logging_mixin.py:188} INFO - [2025-05-09T15:47:52.834+0000] {dag.py:3954} INFO - Setting next_dagrun for example_task_group_decorator to 2025-05-08 00:00:00+00:00, run_after=2025-05-09 00:00:00+00:00
[2025-05-09T15:47:52.869+0000] {processor.py:183} INFO - Processing /home/airflow/.local/lib/python3.10/site-packages/airflow/example_dags/example_task_group_decorator.py took 0.119 seconds
[2025-05-09T15:48:22.949+0000] {processor.py:161} INFO - Started process (PID=6373) to work on /home/airflow/.local/lib/python3.10/site-packages/airflow/example_dags/example_task_group_decorator.py
[2025-05-09T15:48:22.952+0000] {processor.py:830} INFO - Processing file /home/airflow/.local/lib/python3.10/site-packages/airflow/example_dags/example_task_group_decorator.py for tasks to queue
[2025-05-09T15:48:22.954+0000] {logging_mixin.py:188} INFO - [2025-05-09T15:48:22.953+0000] {dagbag.py:545} INFO - Filling up the DagBag from /home/airflow/.local/lib/python3.10/site-packages/airflow/example_dags/example_task_group_decorator.py
[2025-05-09T15:48:22.978+0000] {processor.py:840} INFO - DAG(s) 'example_task_group_decorator' retrieved from /home/airflow/.local/lib/python3.10/site-packages/airflow/example_dags/example_task_group_decorator.py
[2025-05-09T15:48:23.020+0000] {logging_mixin.py:188} INFO - [2025-05-09T15:48:23.019+0000] {dag.py:3096} INFO - Sync 1 DAGs
[2025-05-09T15:48:23.066+0000] {logging_mixin.py:188} INFO - [2025-05-09T15:48:23.065+0000] {dag.py:3954} INFO - Setting next_dagrun for example_task_group_decorator to 2025-05-08 00:00:00+00:00, run_after=2025-05-09 00:00:00+00:00
[2025-05-09T15:48:23.102+0000] {processor.py:183} INFO - Processing /home/airflow/.local/lib/python3.10/site-packages/airflow/example_dags/example_task_group_decorator.py took 0.166 seconds
[2025-05-09T15:48:53.860+0000] {processor.py:161} INFO - Started process (PID=6657) to work on /home/airflow/.local/lib/python3.10/site-packages/airflow/example_dags/example_task_group_decorator.py
[2025-05-09T15:48:53.864+0000] {processor.py:830} INFO - Processing file /home/airflow/.local/lib/python3.10/site-packages/airflow/example_dags/example_task_group_decorator.py for tasks to queue
[2025-05-09T15:48:53.867+0000] {logging_mixin.py:188} INFO - [2025-05-09T15:48:53.866+0000] {dagbag.py:545} INFO - Filling up the DagBag from /home/airflow/.local/lib/python3.10/site-packages/airflow/example_dags/example_task_group_decorator.py
[2025-05-09T15:48:53.889+0000] {processor.py:840} INFO - DAG(s) 'example_task_group_decorator' retrieved from /home/airflow/.local/lib/python3.10/site-packages/airflow/example_dags/example_task_group_decorator.py
[2025-05-09T15:48:53.941+0000] {logging_mixin.py:188} INFO - [2025-05-09T15:48:53.941+0000] {dag.py:3096} INFO - Sync 1 DAGs
[2025-05-09T15:48:53.985+0000] {logging_mixin.py:188} INFO - [2025-05-09T15:48:53.984+0000] {dag.py:3954} INFO - Setting next_dagrun for example_task_group_decorator to 2025-05-08 00:00:00+00:00, run_after=2025-05-09 00:00:00+00:00
[2025-05-09T15:48:54.020+0000] {processor.py:183} INFO - Processing /home/airflow/.local/lib/python3.10/site-packages/airflow/example_dags/example_task_group_decorator.py took 0.169 seconds
[2025-05-09T15:49:24.224+0000] {processor.py:161} INFO - Started process (PID=6933) to work on /home/airflow/.local/lib/python3.10/site-packages/airflow/example_dags/example_task_group_decorator.py
[2025-05-09T15:49:24.226+0000] {processor.py:830} INFO - Processing file /home/airflow/.local/lib/python3.10/site-packages/airflow/example_dags/example_task_group_decorator.py for tasks to queue
[2025-05-09T15:49:24.232+0000] {logging_mixin.py:188} INFO - [2025-05-09T15:49:24.232+0000] {dagbag.py:545} INFO - Filling up the DagBag from /home/airflow/.local/lib/python3.10/site-packages/airflow/example_dags/example_task_group_decorator.py
[2025-05-09T15:49:24.266+0000] {processor.py:840} INFO - DAG(s) 'example_task_group_decorator' retrieved from /home/airflow/.local/lib/python3.10/site-packages/airflow/example_dags/example_task_group_decorator.py
[2025-05-09T15:49:24.305+0000] {logging_mixin.py:188} INFO - [2025-05-09T15:49:24.304+0000] {dag.py:3096} INFO - Sync 1 DAGs
[2025-05-09T15:49:24.335+0000] {logging_mixin.py:188} INFO - [2025-05-09T15:49:24.335+0000] {dag.py:3954} INFO - Setting next_dagrun for example_task_group_decorator to 2025-05-08 00:00:00+00:00, run_after=2025-05-09 00:00:00+00:00
[2025-05-09T15:49:24.375+0000] {processor.py:183} INFO - Processing /home/airflow/.local/lib/python3.10/site-packages/airflow/example_dags/example_task_group_decorator.py took 0.164 seconds
[2025-05-09T15:49:54.532+0000] {processor.py:161} INFO - Started process (PID=7195) to work on /home/airflow/.local/lib/python3.10/site-packages/airflow/example_dags/example_task_group_decorator.py
[2025-05-09T15:49:54.534+0000] {processor.py:830} INFO - Processing file /home/airflow/.local/lib/python3.10/site-packages/airflow/example_dags/example_task_group_decorator.py for tasks to queue
[2025-05-09T15:49:54.538+0000] {logging_mixin.py:188} INFO - [2025-05-09T15:49:54.537+0000] {dagbag.py:545} INFO - Filling up the DagBag from /home/airflow/.local/lib/python3.10/site-packages/airflow/example_dags/example_task_group_decorator.py
[2025-05-09T15:49:54.556+0000] {processor.py:840} INFO - DAG(s) 'example_task_group_decorator' retrieved from /home/airflow/.local/lib/python3.10/site-packages/airflow/example_dags/example_task_group_decorator.py
[2025-05-09T15:49:54.590+0000] {logging_mixin.py:188} INFO - [2025-05-09T15:49:54.590+0000] {dag.py:3096} INFO - Sync 1 DAGs
[2025-05-09T15:49:54.619+0000] {logging_mixin.py:188} INFO - [2025-05-09T15:49:54.619+0000] {dag.py:3954} INFO - Setting next_dagrun for example_task_group_decorator to 2025-05-08 00:00:00+00:00, run_after=2025-05-09 00:00:00+00:00
[2025-05-09T15:49:54.655+0000] {processor.py:183} INFO - Processing /home/airflow/.local/lib/python3.10/site-packages/airflow/example_dags/example_task_group_decorator.py took 0.131 seconds
[2025-05-09T15:50:24.768+0000] {processor.py:161} INFO - Started process (PID=7461) to work on /home/airflow/.local/lib/python3.10/site-packages/airflow/example_dags/example_task_group_decorator.py
[2025-05-09T15:50:24.770+0000] {processor.py:830} INFO - Processing file /home/airflow/.local/lib/python3.10/site-packages/airflow/example_dags/example_task_group_decorator.py for tasks to queue
[2025-05-09T15:50:24.773+0000] {logging_mixin.py:188} INFO - [2025-05-09T15:50:24.772+0000] {dagbag.py:545} INFO - Filling up the DagBag from /home/airflow/.local/lib/python3.10/site-packages/airflow/example_dags/example_task_group_decorator.py
[2025-05-09T15:50:24.788+0000] {processor.py:840} INFO - DAG(s) 'example_task_group_decorator' retrieved from /home/airflow/.local/lib/python3.10/site-packages/airflow/example_dags/example_task_group_decorator.py
[2025-05-09T15:50:24.821+0000] {logging_mixin.py:188} INFO - [2025-05-09T15:50:24.820+0000] {dag.py:3096} INFO - Sync 1 DAGs
[2025-05-09T15:50:24.845+0000] {logging_mixin.py:188} INFO - [2025-05-09T15:50:24.845+0000] {dag.py:3954} INFO - Setting next_dagrun for example_task_group_decorator to 2025-05-08 00:00:00+00:00, run_after=2025-05-09 00:00:00+00:00
[2025-05-09T15:50:24.870+0000] {processor.py:183} INFO - Processing /home/airflow/.local/lib/python3.10/site-packages/airflow/example_dags/example_task_group_decorator.py took 0.110 seconds
[2025-05-09T15:50:55.058+0000] {processor.py:161} INFO - Started process (PID=7723) to work on /home/airflow/.local/lib/python3.10/site-packages/airflow/example_dags/example_task_group_decorator.py
[2025-05-09T15:50:55.059+0000] {processor.py:830} INFO - Processing file /home/airflow/.local/lib/python3.10/site-packages/airflow/example_dags/example_task_group_decorator.py for tasks to queue
[2025-05-09T15:50:55.064+0000] {logging_mixin.py:188} INFO - [2025-05-09T15:50:55.063+0000] {dagbag.py:545} INFO - Filling up the DagBag from /home/airflow/.local/lib/python3.10/site-packages/airflow/example_dags/example_task_group_decorator.py
[2025-05-09T15:50:55.080+0000] {processor.py:840} INFO - DAG(s) 'example_task_group_decorator' retrieved from /home/airflow/.local/lib/python3.10/site-packages/airflow/example_dags/example_task_group_decorator.py
[2025-05-09T15:50:55.116+0000] {logging_mixin.py:188} INFO - [2025-05-09T15:50:55.116+0000] {dag.py:3096} INFO - Sync 1 DAGs
[2025-05-09T15:50:55.149+0000] {logging_mixin.py:188} INFO - [2025-05-09T15:50:55.149+0000] {dag.py:3954} INFO - Setting next_dagrun for example_task_group_decorator to 2025-05-08 00:00:00+00:00, run_after=2025-05-09 00:00:00+00:00
[2025-05-09T15:50:55.174+0000] {processor.py:183} INFO - Processing /home/airflow/.local/lib/python3.10/site-packages/airflow/example_dags/example_task_group_decorator.py took 0.124 seconds
[2025-05-09T15:51:25.588+0000] {processor.py:161} INFO - Started process (PID=7994) to work on /home/airflow/.local/lib/python3.10/site-packages/airflow/example_dags/example_task_group_decorator.py
[2025-05-09T15:51:25.590+0000] {processor.py:830} INFO - Processing file /home/airflow/.local/lib/python3.10/site-packages/airflow/example_dags/example_task_group_decorator.py for tasks to queue
[2025-05-09T15:51:25.592+0000] {logging_mixin.py:188} INFO - [2025-05-09T15:51:25.592+0000] {dagbag.py:545} INFO - Filling up the DagBag from /home/airflow/.local/lib/python3.10/site-packages/airflow/example_dags/example_task_group_decorator.py
[2025-05-09T15:51:25.607+0000] {processor.py:840} INFO - DAG(s) 'example_task_group_decorator' retrieved from /home/airflow/.local/lib/python3.10/site-packages/airflow/example_dags/example_task_group_decorator.py
[2025-05-09T15:51:25.636+0000] {logging_mixin.py:188} INFO - [2025-05-09T15:51:25.636+0000] {dag.py:3096} INFO - Sync 1 DAGs
[2025-05-09T15:51:25.658+0000] {logging_mixin.py:188} INFO - [2025-05-09T15:51:25.658+0000] {dag.py:3954} INFO - Setting next_dagrun for example_task_group_decorator to 2025-05-08 00:00:00+00:00, run_after=2025-05-09 00:00:00+00:00
[2025-05-09T15:51:25.683+0000] {processor.py:183} INFO - Processing /home/airflow/.local/lib/python3.10/site-packages/airflow/example_dags/example_task_group_decorator.py took 0.101 seconds
[2025-05-09T15:51:56.099+0000] {processor.py:161} INFO - Started process (PID=8256) to work on /home/airflow/.local/lib/python3.10/site-packages/airflow/example_dags/example_task_group_decorator.py
[2025-05-09T15:51:56.101+0000] {processor.py:830} INFO - Processing file /home/airflow/.local/lib/python3.10/site-packages/airflow/example_dags/example_task_group_decorator.py for tasks to queue
[2025-05-09T15:51:56.104+0000] {logging_mixin.py:188} INFO - [2025-05-09T15:51:56.103+0000] {dagbag.py:545} INFO - Filling up the DagBag from /home/airflow/.local/lib/python3.10/site-packages/airflow/example_dags/example_task_group_decorator.py
[2025-05-09T15:51:56.115+0000] {processor.py:840} INFO - DAG(s) 'example_task_group_decorator' retrieved from /home/airflow/.local/lib/python3.10/site-packages/airflow/example_dags/example_task_group_decorator.py
[2025-05-09T15:51:56.140+0000] {logging_mixin.py:188} INFO - [2025-05-09T15:51:56.140+0000] {dag.py:3096} INFO - Sync 1 DAGs
[2025-05-09T15:51:56.159+0000] {logging_mixin.py:188} INFO - [2025-05-09T15:51:56.159+0000] {dag.py:3954} INFO - Setting next_dagrun for example_task_group_decorator to 2025-05-08 00:00:00+00:00, run_after=2025-05-09 00:00:00+00:00
[2025-05-09T15:51:56.183+0000] {processor.py:183} INFO - Processing /home/airflow/.local/lib/python3.10/site-packages/airflow/example_dags/example_task_group_decorator.py took 0.089 seconds
[2025-05-09T15:52:26.913+0000] {processor.py:161} INFO - Started process (PID=8524) to work on /home/airflow/.local/lib/python3.10/site-packages/airflow/example_dags/example_task_group_decorator.py
[2025-05-09T15:52:26.915+0000] {processor.py:830} INFO - Processing file /home/airflow/.local/lib/python3.10/site-packages/airflow/example_dags/example_task_group_decorator.py for tasks to queue
[2025-05-09T15:52:26.920+0000] {logging_mixin.py:188} INFO - [2025-05-09T15:52:26.919+0000] {dagbag.py:545} INFO - Filling up the DagBag from /home/airflow/.local/lib/python3.10/site-packages/airflow/example_dags/example_task_group_decorator.py
[2025-05-09T15:52:26.946+0000] {processor.py:840} INFO - DAG(s) 'example_task_group_decorator' retrieved from /home/airflow/.local/lib/python3.10/site-packages/airflow/example_dags/example_task_group_decorator.py
[2025-05-09T15:52:26.986+0000] {logging_mixin.py:188} INFO - [2025-05-09T15:52:26.986+0000] {dag.py:3096} INFO - Sync 1 DAGs
[2025-05-09T15:52:27.022+0000] {logging_mixin.py:188} INFO - [2025-05-09T15:52:27.021+0000] {dag.py:3954} INFO - Setting next_dagrun for example_task_group_decorator to 2025-05-08 00:00:00+00:00, run_after=2025-05-09 00:00:00+00:00
[2025-05-09T15:52:27.058+0000] {processor.py:183} INFO - Processing /home/airflow/.local/lib/python3.10/site-packages/airflow/example_dags/example_task_group_decorator.py took 0.159 seconds
[2025-05-09T15:52:57.186+0000] {processor.py:161} INFO - Started process (PID=8786) to work on /home/airflow/.local/lib/python3.10/site-packages/airflow/example_dags/example_task_group_decorator.py
[2025-05-09T15:52:57.188+0000] {processor.py:830} INFO - Processing file /home/airflow/.local/lib/python3.10/site-packages/airflow/example_dags/example_task_group_decorator.py for tasks to queue
[2025-05-09T15:52:57.191+0000] {logging_mixin.py:188} INFO - [2025-05-09T15:52:57.191+0000] {dagbag.py:545} INFO - Filling up the DagBag from /home/airflow/.local/lib/python3.10/site-packages/airflow/example_dags/example_task_group_decorator.py
[2025-05-09T15:52:57.207+0000] {processor.py:840} INFO - DAG(s) 'example_task_group_decorator' retrieved from /home/airflow/.local/lib/python3.10/site-packages/airflow/example_dags/example_task_group_decorator.py
[2025-05-09T15:52:57.233+0000] {logging_mixin.py:188} INFO - [2025-05-09T15:52:57.232+0000] {dag.py:3096} INFO - Sync 1 DAGs
[2025-05-09T15:52:57.254+0000] {logging_mixin.py:188} INFO - [2025-05-09T15:52:57.254+0000] {dag.py:3954} INFO - Setting next_dagrun for example_task_group_decorator to 2025-05-08 00:00:00+00:00, run_after=2025-05-09 00:00:00+00:00
[2025-05-09T15:52:57.281+0000] {processor.py:183} INFO - Processing /home/airflow/.local/lib/python3.10/site-packages/airflow/example_dags/example_task_group_decorator.py took 0.100 seconds
[2025-05-09T15:53:27.526+0000] {processor.py:161} INFO - Started process (PID=9057) to work on /home/airflow/.local/lib/python3.10/site-packages/airflow/example_dags/example_task_group_decorator.py
[2025-05-09T15:53:27.528+0000] {processor.py:830} INFO - Processing file /home/airflow/.local/lib/python3.10/site-packages/airflow/example_dags/example_task_group_decorator.py for tasks to queue
[2025-05-09T15:53:27.531+0000] {logging_mixin.py:188} INFO - [2025-05-09T15:53:27.531+0000] {dagbag.py:545} INFO - Filling up the DagBag from /home/airflow/.local/lib/python3.10/site-packages/airflow/example_dags/example_task_group_decorator.py
[2025-05-09T15:53:27.553+0000] {processor.py:840} INFO - DAG(s) 'example_task_group_decorator' retrieved from /home/airflow/.local/lib/python3.10/site-packages/airflow/example_dags/example_task_group_decorator.py
[2025-05-09T15:53:27.600+0000] {logging_mixin.py:188} INFO - [2025-05-09T15:53:27.599+0000] {dag.py:3096} INFO - Sync 1 DAGs
[2025-05-09T15:53:27.636+0000] {logging_mixin.py:188} INFO - [2025-05-09T15:53:27.636+0000] {dag.py:3954} INFO - Setting next_dagrun for example_task_group_decorator to 2025-05-08 00:00:00+00:00, run_after=2025-05-09 00:00:00+00:00
[2025-05-09T15:53:27.673+0000] {processor.py:183} INFO - Processing /home/airflow/.local/lib/python3.10/site-packages/airflow/example_dags/example_task_group_decorator.py took 0.157 seconds
[2025-05-09T15:53:57.992+0000] {processor.py:161} INFO - Started process (PID=9331) to work on /home/airflow/.local/lib/python3.10/site-packages/airflow/example_dags/example_task_group_decorator.py
[2025-05-09T15:53:57.994+0000] {processor.py:830} INFO - Processing file /home/airflow/.local/lib/python3.10/site-packages/airflow/example_dags/example_task_group_decorator.py for tasks to queue
[2025-05-09T15:53:57.997+0000] {logging_mixin.py:188} INFO - [2025-05-09T15:53:57.997+0000] {dagbag.py:545} INFO - Filling up the DagBag from /home/airflow/.local/lib/python3.10/site-packages/airflow/example_dags/example_task_group_decorator.py
[2025-05-09T15:53:58.017+0000] {processor.py:840} INFO - DAG(s) 'example_task_group_decorator' retrieved from /home/airflow/.local/lib/python3.10/site-packages/airflow/example_dags/example_task_group_decorator.py
[2025-05-09T15:53:58.046+0000] {logging_mixin.py:188} INFO - [2025-05-09T15:53:58.046+0000] {dag.py:3096} INFO - Sync 1 DAGs
[2025-05-09T15:53:58.072+0000] {logging_mixin.py:188} INFO - [2025-05-09T15:53:58.072+0000] {dag.py:3954} INFO - Setting next_dagrun for example_task_group_decorator to 2025-05-08 00:00:00+00:00, run_after=2025-05-09 00:00:00+00:00
[2025-05-09T15:53:58.097+0000] {processor.py:183} INFO - Processing /home/airflow/.local/lib/python3.10/site-packages/airflow/example_dags/example_task_group_decorator.py took 0.112 seconds
[2025-05-09T15:54:28.884+0000] {processor.py:161} INFO - Started process (PID=9605) to work on /home/airflow/.local/lib/python3.10/site-packages/airflow/example_dags/example_task_group_decorator.py
[2025-05-09T15:54:28.886+0000] {processor.py:830} INFO - Processing file /home/airflow/.local/lib/python3.10/site-packages/airflow/example_dags/example_task_group_decorator.py for tasks to queue
[2025-05-09T15:54:28.888+0000] {logging_mixin.py:188} INFO - [2025-05-09T15:54:28.888+0000] {dagbag.py:545} INFO - Filling up the DagBag from /home/airflow/.local/lib/python3.10/site-packages/airflow/example_dags/example_task_group_decorator.py
[2025-05-09T15:54:28.899+0000] {processor.py:840} INFO - DAG(s) 'example_task_group_decorator' retrieved from /home/airflow/.local/lib/python3.10/site-packages/airflow/example_dags/example_task_group_decorator.py
[2025-05-09T15:54:28.925+0000] {logging_mixin.py:188} INFO - [2025-05-09T15:54:28.925+0000] {dag.py:3096} INFO - Sync 1 DAGs
[2025-05-09T15:54:28.945+0000] {logging_mixin.py:188} INFO - [2025-05-09T15:54:28.945+0000] {dag.py:3954} INFO - Setting next_dagrun for example_task_group_decorator to 2025-05-08 00:00:00+00:00, run_after=2025-05-09 00:00:00+00:00
[2025-05-09T15:54:28.967+0000] {processor.py:183} INFO - Processing /home/airflow/.local/lib/python3.10/site-packages/airflow/example_dags/example_task_group_decorator.py took 0.089 seconds
[2025-05-09T15:54:59.421+0000] {processor.py:161} INFO - Started process (PID=9867) to work on /home/airflow/.local/lib/python3.10/site-packages/airflow/example_dags/example_task_group_decorator.py
[2025-05-09T15:54:59.422+0000] {processor.py:830} INFO - Processing file /home/airflow/.local/lib/python3.10/site-packages/airflow/example_dags/example_task_group_decorator.py for tasks to queue
[2025-05-09T15:54:59.425+0000] {logging_mixin.py:188} INFO - [2025-05-09T15:54:59.424+0000] {dagbag.py:545} INFO - Filling up the DagBag from /home/airflow/.local/lib/python3.10/site-packages/airflow/example_dags/example_task_group_decorator.py
[2025-05-09T15:54:59.439+0000] {processor.py:840} INFO - DAG(s) 'example_task_group_decorator' retrieved from /home/airflow/.local/lib/python3.10/site-packages/airflow/example_dags/example_task_group_decorator.py
[2025-05-09T15:54:59.468+0000] {logging_mixin.py:188} INFO - [2025-05-09T15:54:59.468+0000] {dag.py:3096} INFO - Sync 1 DAGs
[2025-05-09T15:54:59.489+0000] {logging_mixin.py:188} INFO - [2025-05-09T15:54:59.488+0000] {dag.py:3954} INFO - Setting next_dagrun for example_task_group_decorator to 2025-05-08 00:00:00+00:00, run_after=2025-05-09 00:00:00+00:00
[2025-05-09T15:54:59.509+0000] {processor.py:183} INFO - Processing /home/airflow/.local/lib/python3.10/site-packages/airflow/example_dags/example_task_group_decorator.py took 0.094 seconds
[2025-05-09T15:55:29.584+0000] {processor.py:161} INFO - Started process (PID=10138) to work on /home/airflow/.local/lib/python3.10/site-packages/airflow/example_dags/example_task_group_decorator.py
[2025-05-09T15:55:29.586+0000] {processor.py:830} INFO - Processing file /home/airflow/.local/lib/python3.10/site-packages/airflow/example_dags/example_task_group_decorator.py for tasks to queue
[2025-05-09T15:55:29.588+0000] {logging_mixin.py:188} INFO - [2025-05-09T15:55:29.588+0000] {dagbag.py:545} INFO - Filling up the DagBag from /home/airflow/.local/lib/python3.10/site-packages/airflow/example_dags/example_task_group_decorator.py
[2025-05-09T15:55:29.600+0000] {processor.py:840} INFO - DAG(s) 'example_task_group_decorator' retrieved from /home/airflow/.local/lib/python3.10/site-packages/airflow/example_dags/example_task_group_decorator.py
[2025-05-09T15:55:29.625+0000] {logging_mixin.py:188} INFO - [2025-05-09T15:55:29.625+0000] {dag.py:3096} INFO - Sync 1 DAGs
[2025-05-09T15:55:29.644+0000] {logging_mixin.py:188} INFO - [2025-05-09T15:55:29.644+0000] {dag.py:3954} INFO - Setting next_dagrun for example_task_group_decorator to 2025-05-08 00:00:00+00:00, run_after=2025-05-09 00:00:00+00:00
[2025-05-09T15:55:29.665+0000] {processor.py:183} INFO - Processing /home/airflow/.local/lib/python3.10/site-packages/airflow/example_dags/example_task_group_decorator.py took 0.086 seconds
[2025-05-09T15:56:00.069+0000] {processor.py:161} INFO - Started process (PID=10400) to work on /home/airflow/.local/lib/python3.10/site-packages/airflow/example_dags/example_task_group_decorator.py
[2025-05-09T15:56:00.072+0000] {processor.py:830} INFO - Processing file /home/airflow/.local/lib/python3.10/site-packages/airflow/example_dags/example_task_group_decorator.py for tasks to queue
[2025-05-09T15:56:00.075+0000] {logging_mixin.py:188} INFO - [2025-05-09T15:56:00.074+0000] {dagbag.py:545} INFO - Filling up the DagBag from /home/airflow/.local/lib/python3.10/site-packages/airflow/example_dags/example_task_group_decorator.py
[2025-05-09T15:56:00.092+0000] {processor.py:840} INFO - DAG(s) 'example_task_group_decorator' retrieved from /home/airflow/.local/lib/python3.10/site-packages/airflow/example_dags/example_task_group_decorator.py
[2025-05-09T15:56:00.126+0000] {logging_mixin.py:188} INFO - [2025-05-09T15:56:00.125+0000] {dag.py:3096} INFO - Sync 1 DAGs
[2025-05-09T15:56:00.148+0000] {logging_mixin.py:188} INFO - [2025-05-09T15:56:00.148+0000] {dag.py:3954} INFO - Setting next_dagrun for example_task_group_decorator to 2025-05-08 00:00:00+00:00, run_after=2025-05-09 00:00:00+00:00
[2025-05-09T15:56:00.173+0000] {processor.py:183} INFO - Processing /home/airflow/.local/lib/python3.10/site-packages/airflow/example_dags/example_task_group_decorator.py took 0.115 seconds
[2025-05-09T15:56:30.416+0000] {processor.py:161} INFO - Started process (PID=10671) to work on /home/airflow/.local/lib/python3.10/site-packages/airflow/example_dags/example_task_group_decorator.py
[2025-05-09T15:56:30.419+0000] {processor.py:830} INFO - Processing file /home/airflow/.local/lib/python3.10/site-packages/airflow/example_dags/example_task_group_decorator.py for tasks to queue
[2025-05-09T15:56:30.422+0000] {logging_mixin.py:188} INFO - [2025-05-09T15:56:30.421+0000] {dagbag.py:545} INFO - Filling up the DagBag from /home/airflow/.local/lib/python3.10/site-packages/airflow/example_dags/example_task_group_decorator.py
[2025-05-09T15:56:30.442+0000] {processor.py:840} INFO - DAG(s) 'example_task_group_decorator' retrieved from /home/airflow/.local/lib/python3.10/site-packages/airflow/example_dags/example_task_group_decorator.py
[2025-05-09T15:56:30.483+0000] {logging_mixin.py:188} INFO - [2025-05-09T15:56:30.482+0000] {dag.py:3096} INFO - Sync 1 DAGs
[2025-05-09T15:56:30.514+0000] {logging_mixin.py:188} INFO - [2025-05-09T15:56:30.513+0000] {dag.py:3954} INFO - Setting next_dagrun for example_task_group_decorator to 2025-05-08 00:00:00+00:00, run_after=2025-05-09 00:00:00+00:00
[2025-05-09T15:56:30.549+0000] {processor.py:183} INFO - Processing /home/airflow/.local/lib/python3.10/site-packages/airflow/example_dags/example_task_group_decorator.py took 0.142 seconds
[2025-05-09T15:57:00.648+0000] {processor.py:161} INFO - Started process (PID=10934) to work on /home/airflow/.local/lib/python3.10/site-packages/airflow/example_dags/example_task_group_decorator.py
[2025-05-09T15:57:00.650+0000] {processor.py:830} INFO - Processing file /home/airflow/.local/lib/python3.10/site-packages/airflow/example_dags/example_task_group_decorator.py for tasks to queue
[2025-05-09T15:57:00.654+0000] {logging_mixin.py:188} INFO - [2025-05-09T15:57:00.653+0000] {dagbag.py:545} INFO - Filling up the DagBag from /home/airflow/.local/lib/python3.10/site-packages/airflow/example_dags/example_task_group_decorator.py
[2025-05-09T15:57:00.673+0000] {processor.py:840} INFO - DAG(s) 'example_task_group_decorator' retrieved from /home/airflow/.local/lib/python3.10/site-packages/airflow/example_dags/example_task_group_decorator.py
[2025-05-09T15:57:00.708+0000] {logging_mixin.py:188} INFO - [2025-05-09T15:57:00.708+0000] {dag.py:3096} INFO - Sync 1 DAGs
[2025-05-09T15:57:00.733+0000] {logging_mixin.py:188} INFO - [2025-05-09T15:57:00.733+0000] {dag.py:3954} INFO - Setting next_dagrun for example_task_group_decorator to 2025-05-08 00:00:00+00:00, run_after=2025-05-09 00:00:00+00:00
[2025-05-09T15:57:00.759+0000] {processor.py:183} INFO - Processing /home/airflow/.local/lib/python3.10/site-packages/airflow/example_dags/example_task_group_decorator.py took 0.117 seconds
[2025-05-09T15:57:30.805+0000] {processor.py:161} INFO - Started process (PID=11204) to work on /home/airflow/.local/lib/python3.10/site-packages/airflow/example_dags/example_task_group_decorator.py
[2025-05-09T15:57:30.807+0000] {processor.py:830} INFO - Processing file /home/airflow/.local/lib/python3.10/site-packages/airflow/example_dags/example_task_group_decorator.py for tasks to queue
[2025-05-09T15:57:30.809+0000] {logging_mixin.py:188} INFO - [2025-05-09T15:57:30.808+0000] {dagbag.py:545} INFO - Filling up the DagBag from /home/airflow/.local/lib/python3.10/site-packages/airflow/example_dags/example_task_group_decorator.py
[2025-05-09T15:57:30.827+0000] {processor.py:840} INFO - DAG(s) 'example_task_group_decorator' retrieved from /home/airflow/.local/lib/python3.10/site-packages/airflow/example_dags/example_task_group_decorator.py
[2025-05-09T15:57:30.865+0000] {logging_mixin.py:188} INFO - [2025-05-09T15:57:30.864+0000] {dag.py:3096} INFO - Sync 1 DAGs
[2025-05-09T15:57:30.885+0000] {logging_mixin.py:188} INFO - [2025-05-09T15:57:30.885+0000] {dag.py:3954} INFO - Setting next_dagrun for example_task_group_decorator to 2025-05-08 00:00:00+00:00, run_after=2025-05-09 00:00:00+00:00
[2025-05-09T15:57:30.909+0000] {processor.py:183} INFO - Processing /home/airflow/.local/lib/python3.10/site-packages/airflow/example_dags/example_task_group_decorator.py took 0.109 seconds
[2025-05-09T15:58:01.526+0000] {processor.py:161} INFO - Started process (PID=11468) to work on /home/airflow/.local/lib/python3.10/site-packages/airflow/example_dags/example_task_group_decorator.py
[2025-05-09T15:58:01.529+0000] {processor.py:830} INFO - Processing file /home/airflow/.local/lib/python3.10/site-packages/airflow/example_dags/example_task_group_decorator.py for tasks to queue
[2025-05-09T15:58:01.533+0000] {logging_mixin.py:188} INFO - [2025-05-09T15:58:01.532+0000] {dagbag.py:545} INFO - Filling up the DagBag from /home/airflow/.local/lib/python3.10/site-packages/airflow/example_dags/example_task_group_decorator.py
[2025-05-09T15:58:01.558+0000] {processor.py:840} INFO - DAG(s) 'example_task_group_decorator' retrieved from /home/airflow/.local/lib/python3.10/site-packages/airflow/example_dags/example_task_group_decorator.py
[2025-05-09T15:58:01.604+0000] {logging_mixin.py:188} INFO - [2025-05-09T15:58:01.603+0000] {dag.py:3096} INFO - Sync 1 DAGs
[2025-05-09T15:58:01.635+0000] {logging_mixin.py:188} INFO - [2025-05-09T15:58:01.635+0000] {dag.py:3954} INFO - Setting next_dagrun for example_task_group_decorator to 2025-05-08 00:00:00+00:00, run_after=2025-05-09 00:00:00+00:00
[2025-05-09T15:58:01.667+0000] {processor.py:183} INFO - Processing /home/airflow/.local/lib/python3.10/site-packages/airflow/example_dags/example_task_group_decorator.py took 0.153 seconds
[2025-05-09T15:58:31.965+0000] {processor.py:161} INFO - Started process (PID=11737) to work on /home/airflow/.local/lib/python3.10/site-packages/airflow/example_dags/example_task_group_decorator.py
[2025-05-09T15:58:31.967+0000] {processor.py:830} INFO - Processing file /home/airflow/.local/lib/python3.10/site-packages/airflow/example_dags/example_task_group_decorator.py for tasks to queue
[2025-05-09T15:58:31.970+0000] {logging_mixin.py:188} INFO - [2025-05-09T15:58:31.969+0000] {dagbag.py:545} INFO - Filling up the DagBag from /home/airflow/.local/lib/python3.10/site-packages/airflow/example_dags/example_task_group_decorator.py
[2025-05-09T15:58:31.981+0000] {processor.py:840} INFO - DAG(s) 'example_task_group_decorator' retrieved from /home/airflow/.local/lib/python3.10/site-packages/airflow/example_dags/example_task_group_decorator.py
[2025-05-09T15:58:32.006+0000] {logging_mixin.py:188} INFO - [2025-05-09T15:58:32.006+0000] {dag.py:3096} INFO - Sync 1 DAGs
[2025-05-09T15:58:32.028+0000] {logging_mixin.py:188} INFO - [2025-05-09T15:58:32.028+0000] {dag.py:3954} INFO - Setting next_dagrun for example_task_group_decorator to 2025-05-08 00:00:00+00:00, run_after=2025-05-09 00:00:00+00:00
[2025-05-09T15:58:32.051+0000] {processor.py:183} INFO - Processing /home/airflow/.local/lib/python3.10/site-packages/airflow/example_dags/example_task_group_decorator.py took 0.092 seconds
[2025-05-09T15:59:02.724+0000] {processor.py:161} INFO - Started process (PID=12002) to work on /home/airflow/.local/lib/python3.10/site-packages/airflow/example_dags/example_task_group_decorator.py
[2025-05-09T15:59:02.726+0000] {processor.py:830} INFO - Processing file /home/airflow/.local/lib/python3.10/site-packages/airflow/example_dags/example_task_group_decorator.py for tasks to queue
[2025-05-09T15:59:02.731+0000] {logging_mixin.py:188} INFO - [2025-05-09T15:59:02.730+0000] {dagbag.py:545} INFO - Filling up the DagBag from /home/airflow/.local/lib/python3.10/site-packages/airflow/example_dags/example_task_group_decorator.py
[2025-05-09T15:59:02.758+0000] {processor.py:840} INFO - DAG(s) 'example_task_group_decorator' retrieved from /home/airflow/.local/lib/python3.10/site-packages/airflow/example_dags/example_task_group_decorator.py
[2025-05-09T15:59:02.808+0000] {logging_mixin.py:188} INFO - [2025-05-09T15:59:02.807+0000] {dag.py:3096} INFO - Sync 1 DAGs
[2025-05-09T15:59:02.845+0000] {logging_mixin.py:188} INFO - [2025-05-09T15:59:02.845+0000] {dag.py:3954} INFO - Setting next_dagrun for example_task_group_decorator to 2025-05-08 00:00:00+00:00, run_after=2025-05-09 00:00:00+00:00
[2025-05-09T15:59:02.884+0000] {processor.py:183} INFO - Processing /home/airflow/.local/lib/python3.10/site-packages/airflow/example_dags/example_task_group_decorator.py took 0.176 seconds
[2025-05-09T15:59:33.624+0000] {processor.py:161} INFO - Started process (PID=12270) to work on /home/airflow/.local/lib/python3.10/site-packages/airflow/example_dags/example_task_group_decorator.py
[2025-05-09T15:59:33.626+0000] {processor.py:830} INFO - Processing file /home/airflow/.local/lib/python3.10/site-packages/airflow/example_dags/example_task_group_decorator.py for tasks to queue
[2025-05-09T15:59:33.631+0000] {logging_mixin.py:188} INFO - [2025-05-09T15:59:33.631+0000] {dagbag.py:545} INFO - Filling up the DagBag from /home/airflow/.local/lib/python3.10/site-packages/airflow/example_dags/example_task_group_decorator.py
[2025-05-09T15:59:33.656+0000] {processor.py:840} INFO - DAG(s) 'example_task_group_decorator' retrieved from /home/airflow/.local/lib/python3.10/site-packages/airflow/example_dags/example_task_group_decorator.py
[2025-05-09T15:59:33.695+0000] {logging_mixin.py:188} INFO - [2025-05-09T15:59:33.694+0000] {dag.py:3096} INFO - Sync 1 DAGs
[2025-05-09T15:59:33.724+0000] {logging_mixin.py:188} INFO - [2025-05-09T15:59:33.723+0000] {dag.py:3954} INFO - Setting next_dagrun for example_task_group_decorator to 2025-05-08 00:00:00+00:00, run_after=2025-05-09 00:00:00+00:00
[2025-05-09T15:59:33.749+0000] {processor.py:183} INFO - Processing /home/airflow/.local/lib/python3.10/site-packages/airflow/example_dags/example_task_group_decorator.py took 0.133 seconds
[2025-05-09T16:00:04.312+0000] {processor.py:161} INFO - Started process (PID=12560) to work on /home/airflow/.local/lib/python3.10/site-packages/airflow/example_dags/example_task_group_decorator.py
[2025-05-09T16:00:04.314+0000] {processor.py:830} INFO - Processing file /home/airflow/.local/lib/python3.10/site-packages/airflow/example_dags/example_task_group_decorator.py for tasks to queue
[2025-05-09T16:00:04.318+0000] {logging_mixin.py:188} INFO - [2025-05-09T16:00:04.318+0000] {dagbag.py:545} INFO - Filling up the DagBag from /home/airflow/.local/lib/python3.10/site-packages/airflow/example_dags/example_task_group_decorator.py
[2025-05-09T16:00:04.341+0000] {processor.py:840} INFO - DAG(s) 'example_task_group_decorator' retrieved from /home/airflow/.local/lib/python3.10/site-packages/airflow/example_dags/example_task_group_decorator.py
[2025-05-09T16:00:04.385+0000] {logging_mixin.py:188} INFO - [2025-05-09T16:00:04.384+0000] {dag.py:3096} INFO - Sync 1 DAGs
[2025-05-09T16:00:04.431+0000] {logging_mixin.py:188} INFO - [2025-05-09T16:00:04.430+0000] {dag.py:3954} INFO - Setting next_dagrun for example_task_group_decorator to 2025-05-08 00:00:00+00:00, run_after=2025-05-09 00:00:00+00:00
[2025-05-09T16:00:04.473+0000] {processor.py:183} INFO - Processing /home/airflow/.local/lib/python3.10/site-packages/airflow/example_dags/example_task_group_decorator.py took 0.171 seconds
[2025-05-09T16:00:34.592+0000] {processor.py:161} INFO - Started process (PID=12854) to work on /home/airflow/.local/lib/python3.10/site-packages/airflow/example_dags/example_task_group_decorator.py
[2025-05-09T16:00:34.594+0000] {processor.py:830} INFO - Processing file /home/airflow/.local/lib/python3.10/site-packages/airflow/example_dags/example_task_group_decorator.py for tasks to queue
[2025-05-09T16:00:34.596+0000] {logging_mixin.py:188} INFO - [2025-05-09T16:00:34.595+0000] {dagbag.py:545} INFO - Filling up the DagBag from /home/airflow/.local/lib/python3.10/site-packages/airflow/example_dags/example_task_group_decorator.py
[2025-05-09T16:00:34.609+0000] {processor.py:840} INFO - DAG(s) 'example_task_group_decorator' retrieved from /home/airflow/.local/lib/python3.10/site-packages/airflow/example_dags/example_task_group_decorator.py
[2025-05-09T16:00:34.636+0000] {logging_mixin.py:188} INFO - [2025-05-09T16:00:34.636+0000] {dag.py:3096} INFO - Sync 1 DAGs
[2025-05-09T16:00:34.657+0000] {logging_mixin.py:188} INFO - [2025-05-09T16:00:34.657+0000] {dag.py:3954} INFO - Setting next_dagrun for example_task_group_decorator to 2025-05-08 00:00:00+00:00, run_after=2025-05-09 00:00:00+00:00
[2025-05-09T16:00:34.677+0000] {processor.py:183} INFO - Processing /home/airflow/.local/lib/python3.10/site-packages/airflow/example_dags/example_task_group_decorator.py took 0.091 seconds
[2025-05-09T16:01:04.867+0000] {processor.py:161} INFO - Started process (PID=13142) to work on /home/airflow/.local/lib/python3.10/site-packages/airflow/example_dags/example_task_group_decorator.py
[2025-05-09T16:01:04.869+0000] {processor.py:830} INFO - Processing file /home/airflow/.local/lib/python3.10/site-packages/airflow/example_dags/example_task_group_decorator.py for tasks to queue
[2025-05-09T16:01:04.870+0000] {logging_mixin.py:188} INFO - [2025-05-09T16:01:04.870+0000] {dagbag.py:545} INFO - Filling up the DagBag from /home/airflow/.local/lib/python3.10/site-packages/airflow/example_dags/example_task_group_decorator.py
[2025-05-09T16:01:04.888+0000] {processor.py:840} INFO - DAG(s) 'example_task_group_decorator' retrieved from /home/airflow/.local/lib/python3.10/site-packages/airflow/example_dags/example_task_group_decorator.py
[2025-05-09T16:01:04.921+0000] {logging_mixin.py:188} INFO - [2025-05-09T16:01:04.921+0000] {dag.py:3096} INFO - Sync 1 DAGs
[2025-05-09T16:01:04.945+0000] {logging_mixin.py:188} INFO - [2025-05-09T16:01:04.945+0000] {dag.py:3954} INFO - Setting next_dagrun for example_task_group_decorator to 2025-05-08 00:00:00+00:00, run_after=2025-05-09 00:00:00+00:00
[2025-05-09T16:01:04.971+0000] {processor.py:183} INFO - Processing /home/airflow/.local/lib/python3.10/site-packages/airflow/example_dags/example_task_group_decorator.py took 0.113 seconds
[2025-05-09T16:01:35.036+0000] {processor.py:161} INFO - Started process (PID=13410) to work on /home/airflow/.local/lib/python3.10/site-packages/airflow/example_dags/example_task_group_decorator.py
[2025-05-09T16:01:35.038+0000] {processor.py:830} INFO - Processing file /home/airflow/.local/lib/python3.10/site-packages/airflow/example_dags/example_task_group_decorator.py for tasks to queue
[2025-05-09T16:01:35.040+0000] {logging_mixin.py:188} INFO - [2025-05-09T16:01:35.040+0000] {dagbag.py:545} INFO - Filling up the DagBag from /home/airflow/.local/lib/python3.10/site-packages/airflow/example_dags/example_task_group_decorator.py
[2025-05-09T16:01:35.056+0000] {processor.py:840} INFO - DAG(s) 'example_task_group_decorator' retrieved from /home/airflow/.local/lib/python3.10/site-packages/airflow/example_dags/example_task_group_decorator.py
[2025-05-09T16:01:35.089+0000] {logging_mixin.py:188} INFO - [2025-05-09T16:01:35.089+0000] {dag.py:3096} INFO - Sync 1 DAGs
[2025-05-09T16:01:35.113+0000] {logging_mixin.py:188} INFO - [2025-05-09T16:01:35.113+0000] {dag.py:3954} INFO - Setting next_dagrun for example_task_group_decorator to 2025-05-08 00:00:00+00:00, run_after=2025-05-09 00:00:00+00:00
[2025-05-09T16:01:35.132+0000] {processor.py:183} INFO - Processing /home/airflow/.local/lib/python3.10/site-packages/airflow/example_dags/example_task_group_decorator.py took 0.103 seconds
[2025-05-09T16:02:05.442+0000] {processor.py:161} INFO - Started process (PID=13716) to work on /home/airflow/.local/lib/python3.10/site-packages/airflow/example_dags/example_task_group_decorator.py
[2025-05-09T16:02:05.444+0000] {processor.py:830} INFO - Processing file /home/airflow/.local/lib/python3.10/site-packages/airflow/example_dags/example_task_group_decorator.py for tasks to queue
[2025-05-09T16:02:05.446+0000] {logging_mixin.py:188} INFO - [2025-05-09T16:02:05.445+0000] {dagbag.py:545} INFO - Filling up the DagBag from /home/airflow/.local/lib/python3.10/site-packages/airflow/example_dags/example_task_group_decorator.py
[2025-05-09T16:02:05.460+0000] {processor.py:840} INFO - DAG(s) 'example_task_group_decorator' retrieved from /home/airflow/.local/lib/python3.10/site-packages/airflow/example_dags/example_task_group_decorator.py
[2025-05-09T16:02:05.491+0000] {logging_mixin.py:188} INFO - [2025-05-09T16:02:05.491+0000] {dag.py:3096} INFO - Sync 1 DAGs
[2025-05-09T16:02:05.516+0000] {logging_mixin.py:188} INFO - [2025-05-09T16:02:05.516+0000] {dag.py:3954} INFO - Setting next_dagrun for example_task_group_decorator to 2025-05-08 00:00:00+00:00, run_after=2025-05-09 00:00:00+00:00
[2025-05-09T16:02:05.541+0000] {processor.py:183} INFO - Processing /home/airflow/.local/lib/python3.10/site-packages/airflow/example_dags/example_task_group_decorator.py took 0.105 seconds
[2025-05-09T16:02:35.721+0000] {processor.py:161} INFO - Started process (PID=13994) to work on /home/airflow/.local/lib/python3.10/site-packages/airflow/example_dags/example_task_group_decorator.py
[2025-05-09T16:02:35.723+0000] {processor.py:830} INFO - Processing file /home/airflow/.local/lib/python3.10/site-packages/airflow/example_dags/example_task_group_decorator.py for tasks to queue
[2025-05-09T16:02:35.725+0000] {logging_mixin.py:188} INFO - [2025-05-09T16:02:35.725+0000] {dagbag.py:545} INFO - Filling up the DagBag from /home/airflow/.local/lib/python3.10/site-packages/airflow/example_dags/example_task_group_decorator.py
[2025-05-09T16:02:35.740+0000] {processor.py:840} INFO - DAG(s) 'example_task_group_decorator' retrieved from /home/airflow/.local/lib/python3.10/site-packages/airflow/example_dags/example_task_group_decorator.py
[2025-05-09T16:02:35.770+0000] {logging_mixin.py:188} INFO - [2025-05-09T16:02:35.769+0000] {dag.py:3096} INFO - Sync 1 DAGs
[2025-05-09T16:02:35.793+0000] {logging_mixin.py:188} INFO - [2025-05-09T16:02:35.793+0000] {dag.py:3954} INFO - Setting next_dagrun for example_task_group_decorator to 2025-05-08 00:00:00+00:00, run_after=2025-05-09 00:00:00+00:00
[2025-05-09T16:02:35.820+0000] {processor.py:183} INFO - Processing /home/airflow/.local/lib/python3.10/site-packages/airflow/example_dags/example_task_group_decorator.py took 0.105 seconds
[2025-05-09T16:03:06.629+0000] {processor.py:161} INFO - Started process (PID=14303) to work on /home/airflow/.local/lib/python3.10/site-packages/airflow/example_dags/example_task_group_decorator.py
[2025-05-09T16:03:06.631+0000] {processor.py:830} INFO - Processing file /home/airflow/.local/lib/python3.10/site-packages/airflow/example_dags/example_task_group_decorator.py for tasks to queue
[2025-05-09T16:03:06.633+0000] {logging_mixin.py:188} INFO - [2025-05-09T16:03:06.633+0000] {dagbag.py:545} INFO - Filling up the DagBag from /home/airflow/.local/lib/python3.10/site-packages/airflow/example_dags/example_task_group_decorator.py
[2025-05-09T16:03:06.648+0000] {processor.py:840} INFO - DAG(s) 'example_task_group_decorator' retrieved from /home/airflow/.local/lib/python3.10/site-packages/airflow/example_dags/example_task_group_decorator.py
[2025-05-09T16:03:06.675+0000] {logging_mixin.py:188} INFO - [2025-05-09T16:03:06.674+0000] {dag.py:3096} INFO - Sync 1 DAGs
[2025-05-09T16:03:06.695+0000] {logging_mixin.py:188} INFO - [2025-05-09T16:03:06.695+0000] {dag.py:3954} INFO - Setting next_dagrun for example_task_group_decorator to 2025-05-08 00:00:00+00:00, run_after=2025-05-09 00:00:00+00:00
[2025-05-09T16:03:06.718+0000] {processor.py:183} INFO - Processing /home/airflow/.local/lib/python3.10/site-packages/airflow/example_dags/example_task_group_decorator.py took 0.095 seconds
[2025-05-09T16:03:37.550+0000] {processor.py:161} INFO - Started process (PID=14577) to work on /home/airflow/.local/lib/python3.10/site-packages/airflow/example_dags/example_task_group_decorator.py
[2025-05-09T16:03:37.552+0000] {processor.py:830} INFO - Processing file /home/airflow/.local/lib/python3.10/site-packages/airflow/example_dags/example_task_group_decorator.py for tasks to queue
[2025-05-09T16:03:37.553+0000] {logging_mixin.py:188} INFO - [2025-05-09T16:03:37.553+0000] {dagbag.py:545} INFO - Filling up the DagBag from /home/airflow/.local/lib/python3.10/site-packages/airflow/example_dags/example_task_group_decorator.py
[2025-05-09T16:03:37.576+0000] {processor.py:840} INFO - DAG(s) 'example_task_group_decorator' retrieved from /home/airflow/.local/lib/python3.10/site-packages/airflow/example_dags/example_task_group_decorator.py
[2025-05-09T16:03:37.621+0000] {logging_mixin.py:188} INFO - [2025-05-09T16:03:37.620+0000] {dag.py:3096} INFO - Sync 1 DAGs
[2025-05-09T16:03:37.647+0000] {logging_mixin.py:188} INFO - [2025-05-09T16:03:37.646+0000] {dag.py:3954} INFO - Setting next_dagrun for example_task_group_decorator to 2025-05-08 00:00:00+00:00, run_after=2025-05-09 00:00:00+00:00
[2025-05-09T16:03:37.680+0000] {processor.py:183} INFO - Processing /home/airflow/.local/lib/python3.10/site-packages/airflow/example_dags/example_task_group_decorator.py took 0.135 seconds
[2025-05-09T16:04:08.135+0000] {processor.py:161} INFO - Started process (PID=14839) to work on /home/airflow/.local/lib/python3.10/site-packages/airflow/example_dags/example_task_group_decorator.py
[2025-05-09T16:04:08.138+0000] {processor.py:830} INFO - Processing file /home/airflow/.local/lib/python3.10/site-packages/airflow/example_dags/example_task_group_decorator.py for tasks to queue
[2025-05-09T16:04:08.140+0000] {logging_mixin.py:188} INFO - [2025-05-09T16:04:08.139+0000] {dagbag.py:545} INFO - Filling up the DagBag from /home/airflow/.local/lib/python3.10/site-packages/airflow/example_dags/example_task_group_decorator.py
[2025-05-09T16:04:08.155+0000] {processor.py:840} INFO - DAG(s) 'example_task_group_decorator' retrieved from /home/airflow/.local/lib/python3.10/site-packages/airflow/example_dags/example_task_group_decorator.py
[2025-05-09T16:04:08.192+0000] {logging_mixin.py:188} INFO - [2025-05-09T16:04:08.192+0000] {dag.py:3096} INFO - Sync 1 DAGs
[2025-05-09T16:04:08.220+0000] {logging_mixin.py:188} INFO - [2025-05-09T16:04:08.220+0000] {dag.py:3954} INFO - Setting next_dagrun for example_task_group_decorator to 2025-05-08 00:00:00+00:00, run_after=2025-05-09 00:00:00+00:00
[2025-05-09T16:04:08.249+0000] {processor.py:183} INFO - Processing /home/airflow/.local/lib/python3.10/site-packages/airflow/example_dags/example_task_group_decorator.py took 0.120 seconds
[2025-05-09T16:05:17.138+0000] {processor.py:161} INFO - Started process (PID=282) to work on /home/airflow/.local/lib/python3.10/site-packages/airflow/example_dags/example_task_group_decorator.py
[2025-05-09T16:05:17.140+0000] {processor.py:830} INFO - Processing file /home/airflow/.local/lib/python3.10/site-packages/airflow/example_dags/example_task_group_decorator.py for tasks to queue
[2025-05-09T16:05:17.143+0000] {logging_mixin.py:188} INFO - [2025-05-09T16:05:17.142+0000] {dagbag.py:545} INFO - Filling up the DagBag from /home/airflow/.local/lib/python3.10/site-packages/airflow/example_dags/example_task_group_decorator.py
[2025-05-09T16:05:17.163+0000] {processor.py:840} INFO - DAG(s) 'example_task_group_decorator' retrieved from /home/airflow/.local/lib/python3.10/site-packages/airflow/example_dags/example_task_group_decorator.py
[2025-05-09T16:05:17.183+0000] {logging_mixin.py:188} INFO - [2025-05-09T16:05:17.182+0000] {dag.py:3096} INFO - Sync 1 DAGs
[2025-05-09T16:05:17.221+0000] {logging_mixin.py:188} INFO - [2025-05-09T16:05:17.220+0000] {dag.py:3954} INFO - Setting next_dagrun for example_task_group_decorator to 2025-05-08 00:00:00+00:00, run_after=2025-05-09 00:00:00+00:00
[2025-05-09T16:05:17.265+0000] {processor.py:183} INFO - Processing /home/airflow/.local/lib/python3.10/site-packages/airflow/example_dags/example_task_group_decorator.py took 0.135 seconds
[2025-05-09T16:05:47.913+0000] {processor.py:161} INFO - Started process (PID=544) to work on /home/airflow/.local/lib/python3.10/site-packages/airflow/example_dags/example_task_group_decorator.py
[2025-05-09T16:05:47.914+0000] {processor.py:830} INFO - Processing file /home/airflow/.local/lib/python3.10/site-packages/airflow/example_dags/example_task_group_decorator.py for tasks to queue
[2025-05-09T16:05:47.916+0000] {logging_mixin.py:188} INFO - [2025-05-09T16:05:47.916+0000] {dagbag.py:545} INFO - Filling up the DagBag from /home/airflow/.local/lib/python3.10/site-packages/airflow/example_dags/example_task_group_decorator.py
[2025-05-09T16:05:47.931+0000] {processor.py:840} INFO - DAG(s) 'example_task_group_decorator' retrieved from /home/airflow/.local/lib/python3.10/site-packages/airflow/example_dags/example_task_group_decorator.py
[2025-05-09T16:05:48.048+0000] {logging_mixin.py:188} INFO - [2025-05-09T16:05:48.048+0000] {dag.py:3096} INFO - Sync 1 DAGs
[2025-05-09T16:05:48.070+0000] {logging_mixin.py:188} INFO - [2025-05-09T16:05:48.069+0000] {dag.py:3954} INFO - Setting next_dagrun for example_task_group_decorator to 2025-05-08 00:00:00+00:00, run_after=2025-05-09 00:00:00+00:00
[2025-05-09T16:05:48.095+0000] {processor.py:183} INFO - Processing /home/airflow/.local/lib/python3.10/site-packages/airflow/example_dags/example_task_group_decorator.py took 0.187 seconds
[2025-05-09T16:06:18.982+0000] {processor.py:161} INFO - Started process (PID=806) to work on /home/airflow/.local/lib/python3.10/site-packages/airflow/example_dags/example_task_group_decorator.py
[2025-05-09T16:06:18.985+0000] {processor.py:830} INFO - Processing file /home/airflow/.local/lib/python3.10/site-packages/airflow/example_dags/example_task_group_decorator.py for tasks to queue
[2025-05-09T16:06:18.990+0000] {logging_mixin.py:188} INFO - [2025-05-09T16:06:18.989+0000] {dagbag.py:545} INFO - Filling up the DagBag from /home/airflow/.local/lib/python3.10/site-packages/airflow/example_dags/example_task_group_decorator.py
[2025-05-09T16:06:19.016+0000] {processor.py:840} INFO - DAG(s) 'example_task_group_decorator' retrieved from /home/airflow/.local/lib/python3.10/site-packages/airflow/example_dags/example_task_group_decorator.py
[2025-05-09T16:06:19.063+0000] {logging_mixin.py:188} INFO - [2025-05-09T16:06:19.062+0000] {dag.py:3096} INFO - Sync 1 DAGs
[2025-05-09T16:06:19.095+0000] {logging_mixin.py:188} INFO - [2025-05-09T16:06:19.095+0000] {dag.py:3954} INFO - Setting next_dagrun for example_task_group_decorator to 2025-05-08 00:00:00+00:00, run_after=2025-05-09 00:00:00+00:00
[2025-05-09T16:06:19.129+0000] {processor.py:183} INFO - Processing /home/airflow/.local/lib/python3.10/site-packages/airflow/example_dags/example_task_group_decorator.py took 0.157 seconds
[2025-05-09T16:06:49.398+0000] {processor.py:161} INFO - Started process (PID=1068) to work on /home/airflow/.local/lib/python3.10/site-packages/airflow/example_dags/example_task_group_decorator.py
[2025-05-09T16:06:49.400+0000] {processor.py:830} INFO - Processing file /home/airflow/.local/lib/python3.10/site-packages/airflow/example_dags/example_task_group_decorator.py for tasks to queue
[2025-05-09T16:06:49.405+0000] {logging_mixin.py:188} INFO - [2025-05-09T16:06:49.404+0000] {dagbag.py:545} INFO - Filling up the DagBag from /home/airflow/.local/lib/python3.10/site-packages/airflow/example_dags/example_task_group_decorator.py
[2025-05-09T16:06:49.426+0000] {processor.py:840} INFO - DAG(s) 'example_task_group_decorator' retrieved from /home/airflow/.local/lib/python3.10/site-packages/airflow/example_dags/example_task_group_decorator.py
[2025-05-09T16:06:49.465+0000] {logging_mixin.py:188} INFO - [2025-05-09T16:06:49.465+0000] {dag.py:3096} INFO - Sync 1 DAGs
[2025-05-09T16:06:49.493+0000] {logging_mixin.py:188} INFO - [2025-05-09T16:06:49.493+0000] {dag.py:3954} INFO - Setting next_dagrun for example_task_group_decorator to 2025-05-08 00:00:00+00:00, run_after=2025-05-09 00:00:00+00:00
[2025-05-09T16:06:49.519+0000] {processor.py:183} INFO - Processing /home/airflow/.local/lib/python3.10/site-packages/airflow/example_dags/example_task_group_decorator.py took 0.131 seconds
[2025-05-09T16:07:20.042+0000] {processor.py:161} INFO - Started process (PID=1366) to work on /home/airflow/.local/lib/python3.10/site-packages/airflow/example_dags/example_task_group_decorator.py
[2025-05-09T16:07:20.044+0000] {processor.py:830} INFO - Processing file /home/airflow/.local/lib/python3.10/site-packages/airflow/example_dags/example_task_group_decorator.py for tasks to queue
[2025-05-09T16:07:20.046+0000] {logging_mixin.py:188} INFO - [2025-05-09T16:07:20.046+0000] {dagbag.py:545} INFO - Filling up the DagBag from /home/airflow/.local/lib/python3.10/site-packages/airflow/example_dags/example_task_group_decorator.py
[2025-05-09T16:07:20.063+0000] {processor.py:840} INFO - DAG(s) 'example_task_group_decorator' retrieved from /home/airflow/.local/lib/python3.10/site-packages/airflow/example_dags/example_task_group_decorator.py
[2025-05-09T16:07:20.092+0000] {logging_mixin.py:188} INFO - [2025-05-09T16:07:20.092+0000] {dag.py:3096} INFO - Sync 1 DAGs
[2025-05-09T16:07:20.119+0000] {logging_mixin.py:188} INFO - [2025-05-09T16:07:20.118+0000] {dag.py:3954} INFO - Setting next_dagrun for example_task_group_decorator to 2025-05-08 00:00:00+00:00, run_after=2025-05-09 00:00:00+00:00
[2025-05-09T16:07:20.144+0000] {processor.py:183} INFO - Processing /home/airflow/.local/lib/python3.10/site-packages/airflow/example_dags/example_task_group_decorator.py took 0.112 seconds
[2025-05-09T16:07:50.522+0000] {processor.py:161} INFO - Started process (PID=1628) to work on /home/airflow/.local/lib/python3.10/site-packages/airflow/example_dags/example_task_group_decorator.py
[2025-05-09T16:07:50.524+0000] {processor.py:830} INFO - Processing file /home/airflow/.local/lib/python3.10/site-packages/airflow/example_dags/example_task_group_decorator.py for tasks to queue
[2025-05-09T16:07:50.527+0000] {logging_mixin.py:188} INFO - [2025-05-09T16:07:50.527+0000] {dagbag.py:545} INFO - Filling up the DagBag from /home/airflow/.local/lib/python3.10/site-packages/airflow/example_dags/example_task_group_decorator.py
[2025-05-09T16:07:50.545+0000] {processor.py:840} INFO - DAG(s) 'example_task_group_decorator' retrieved from /home/airflow/.local/lib/python3.10/site-packages/airflow/example_dags/example_task_group_decorator.py
[2025-05-09T16:07:50.580+0000] {logging_mixin.py:188} INFO - [2025-05-09T16:07:50.580+0000] {dag.py:3096} INFO - Sync 1 DAGs
[2025-05-09T16:07:50.606+0000] {logging_mixin.py:188} INFO - [2025-05-09T16:07:50.606+0000] {dag.py:3954} INFO - Setting next_dagrun for example_task_group_decorator to 2025-05-08 00:00:00+00:00, run_after=2025-05-09 00:00:00+00:00
[2025-05-09T16:07:50.634+0000] {processor.py:183} INFO - Processing /home/airflow/.local/lib/python3.10/site-packages/airflow/example_dags/example_task_group_decorator.py took 0.120 seconds
[2025-05-09T16:08:21.720+0000] {processor.py:161} INFO - Started process (PID=1896) to work on /home/airflow/.local/lib/python3.10/site-packages/airflow/example_dags/example_task_group_decorator.py
[2025-05-09T16:08:21.722+0000] {processor.py:830} INFO - Processing file /home/airflow/.local/lib/python3.10/site-packages/airflow/example_dags/example_task_group_decorator.py for tasks to queue
[2025-05-09T16:08:21.724+0000] {logging_mixin.py:188} INFO - [2025-05-09T16:08:21.724+0000] {dagbag.py:545} INFO - Filling up the DagBag from /home/airflow/.local/lib/python3.10/site-packages/airflow/example_dags/example_task_group_decorator.py
[2025-05-09T16:08:21.739+0000] {processor.py:840} INFO - DAG(s) 'example_task_group_decorator' retrieved from /home/airflow/.local/lib/python3.10/site-packages/airflow/example_dags/example_task_group_decorator.py
[2025-05-09T16:08:21.772+0000] {logging_mixin.py:188} INFO - [2025-05-09T16:08:21.771+0000] {dag.py:3096} INFO - Sync 1 DAGs
[2025-05-09T16:08:21.795+0000] {logging_mixin.py:188} INFO - [2025-05-09T16:08:21.794+0000] {dag.py:3954} INFO - Setting next_dagrun for example_task_group_decorator to 2025-05-08 00:00:00+00:00, run_after=2025-05-09 00:00:00+00:00
[2025-05-09T16:08:21.817+0000] {processor.py:183} INFO - Processing /home/airflow/.local/lib/python3.10/site-packages/airflow/example_dags/example_task_group_decorator.py took 0.103 seconds
[2025-05-09T16:08:52.393+0000] {processor.py:161} INFO - Started process (PID=2184) to work on /home/airflow/.local/lib/python3.10/site-packages/airflow/example_dags/example_task_group_decorator.py
[2025-05-09T16:08:52.395+0000] {processor.py:830} INFO - Processing file /home/airflow/.local/lib/python3.10/site-packages/airflow/example_dags/example_task_group_decorator.py for tasks to queue
[2025-05-09T16:08:52.398+0000] {logging_mixin.py:188} INFO - [2025-05-09T16:08:52.397+0000] {dagbag.py:545} INFO - Filling up the DagBag from /home/airflow/.local/lib/python3.10/site-packages/airflow/example_dags/example_task_group_decorator.py
[2025-05-09T16:08:52.415+0000] {processor.py:840} INFO - DAG(s) 'example_task_group_decorator' retrieved from /home/airflow/.local/lib/python3.10/site-packages/airflow/example_dags/example_task_group_decorator.py
[2025-05-09T16:08:52.450+0000] {logging_mixin.py:188} INFO - [2025-05-09T16:08:52.450+0000] {dag.py:3096} INFO - Sync 1 DAGs
[2025-05-09T16:08:52.480+0000] {logging_mixin.py:188} INFO - [2025-05-09T16:08:52.480+0000] {dag.py:3954} INFO - Setting next_dagrun for example_task_group_decorator to 2025-05-08 00:00:00+00:00, run_after=2025-05-09 00:00:00+00:00
[2025-05-09T16:08:52.510+0000] {processor.py:183} INFO - Processing /home/airflow/.local/lib/python3.10/site-packages/airflow/example_dags/example_task_group_decorator.py took 0.125 seconds
[2025-05-09T16:09:22.841+0000] {processor.py:161} INFO - Started process (PID=2456) to work on /home/airflow/.local/lib/python3.10/site-packages/airflow/example_dags/example_task_group_decorator.py
[2025-05-09T16:09:22.842+0000] {processor.py:830} INFO - Processing file /home/airflow/.local/lib/python3.10/site-packages/airflow/example_dags/example_task_group_decorator.py for tasks to queue
[2025-05-09T16:09:22.845+0000] {logging_mixin.py:188} INFO - [2025-05-09T16:09:22.844+0000] {dagbag.py:545} INFO - Filling up the DagBag from /home/airflow/.local/lib/python3.10/site-packages/airflow/example_dags/example_task_group_decorator.py
[2025-05-09T16:09:22.860+0000] {processor.py:840} INFO - DAG(s) 'example_task_group_decorator' retrieved from /home/airflow/.local/lib/python3.10/site-packages/airflow/example_dags/example_task_group_decorator.py
[2025-05-09T16:09:22.892+0000] {logging_mixin.py:188} INFO - [2025-05-09T16:09:22.891+0000] {dag.py:3096} INFO - Sync 1 DAGs
[2025-05-09T16:09:22.913+0000] {logging_mixin.py:188} INFO - [2025-05-09T16:09:22.913+0000] {dag.py:3954} INFO - Setting next_dagrun for example_task_group_decorator to 2025-05-08 00:00:00+00:00, run_after=2025-05-09 00:00:00+00:00
[2025-05-09T16:09:22.938+0000] {processor.py:183} INFO - Processing /home/airflow/.local/lib/python3.10/site-packages/airflow/example_dags/example_task_group_decorator.py took 0.104 seconds
[2025-05-09T16:09:53.636+0000] {processor.py:161} INFO - Started process (PID=2718) to work on /home/airflow/.local/lib/python3.10/site-packages/airflow/example_dags/example_task_group_decorator.py
[2025-05-09T16:09:53.638+0000] {processor.py:830} INFO - Processing file /home/airflow/.local/lib/python3.10/site-packages/airflow/example_dags/example_task_group_decorator.py for tasks to queue
[2025-05-09T16:09:53.641+0000] {logging_mixin.py:188} INFO - [2025-05-09T16:09:53.640+0000] {dagbag.py:545} INFO - Filling up the DagBag from /home/airflow/.local/lib/python3.10/site-packages/airflow/example_dags/example_task_group_decorator.py
[2025-05-09T16:09:53.660+0000] {processor.py:840} INFO - DAG(s) 'example_task_group_decorator' retrieved from /home/airflow/.local/lib/python3.10/site-packages/airflow/example_dags/example_task_group_decorator.py
[2025-05-09T16:09:53.695+0000] {logging_mixin.py:188} INFO - [2025-05-09T16:09:53.695+0000] {dag.py:3096} INFO - Sync 1 DAGs
[2025-05-09T16:09:53.724+0000] {logging_mixin.py:188} INFO - [2025-05-09T16:09:53.723+0000] {dag.py:3954} INFO - Setting next_dagrun for example_task_group_decorator to 2025-05-08 00:00:00+00:00, run_after=2025-05-09 00:00:00+00:00
[2025-05-09T16:09:53.753+0000] {processor.py:183} INFO - Processing /home/airflow/.local/lib/python3.10/site-packages/airflow/example_dags/example_task_group_decorator.py took 0.124 seconds
[2025-05-09T16:10:24.177+0000] {processor.py:161} INFO - Started process (PID=2986) to work on /home/airflow/.local/lib/python3.10/site-packages/airflow/example_dags/example_task_group_decorator.py
[2025-05-09T16:10:24.179+0000] {processor.py:830} INFO - Processing file /home/airflow/.local/lib/python3.10/site-packages/airflow/example_dags/example_task_group_decorator.py for tasks to queue
[2025-05-09T16:10:24.183+0000] {logging_mixin.py:188} INFO - [2025-05-09T16:10:24.182+0000] {dagbag.py:545} INFO - Filling up the DagBag from /home/airflow/.local/lib/python3.10/site-packages/airflow/example_dags/example_task_group_decorator.py
[2025-05-09T16:10:24.206+0000] {processor.py:840} INFO - DAG(s) 'example_task_group_decorator' retrieved from /home/airflow/.local/lib/python3.10/site-packages/airflow/example_dags/example_task_group_decorator.py
[2025-05-09T16:10:24.256+0000] {logging_mixin.py:188} INFO - [2025-05-09T16:10:24.255+0000] {dag.py:3096} INFO - Sync 1 DAGs
[2025-05-09T16:10:24.300+0000] {logging_mixin.py:188} INFO - [2025-05-09T16:10:24.299+0000] {dag.py:3954} INFO - Setting next_dagrun for example_task_group_decorator to 2025-05-08 00:00:00+00:00, run_after=2025-05-09 00:00:00+00:00
[2025-05-09T16:10:24.345+0000] {processor.py:183} INFO - Processing /home/airflow/.local/lib/python3.10/site-packages/airflow/example_dags/example_task_group_decorator.py took 0.180 seconds
[2025-05-09T16:10:54.564+0000] {processor.py:161} INFO - Started process (PID=3254) to work on /home/airflow/.local/lib/python3.10/site-packages/airflow/example_dags/example_task_group_decorator.py
[2025-05-09T16:10:54.566+0000] {processor.py:830} INFO - Processing file /home/airflow/.local/lib/python3.10/site-packages/airflow/example_dags/example_task_group_decorator.py for tasks to queue
[2025-05-09T16:10:54.569+0000] {logging_mixin.py:188} INFO - [2025-05-09T16:10:54.569+0000] {dagbag.py:545} INFO - Filling up the DagBag from /home/airflow/.local/lib/python3.10/site-packages/airflow/example_dags/example_task_group_decorator.py
[2025-05-09T16:10:54.586+0000] {processor.py:840} INFO - DAG(s) 'example_task_group_decorator' retrieved from /home/airflow/.local/lib/python3.10/site-packages/airflow/example_dags/example_task_group_decorator.py
[2025-05-09T16:10:54.620+0000] {logging_mixin.py:188} INFO - [2025-05-09T16:10:54.619+0000] {dag.py:3096} INFO - Sync 1 DAGs
[2025-05-09T16:10:54.648+0000] {logging_mixin.py:188} INFO - [2025-05-09T16:10:54.648+0000] {dag.py:3954} INFO - Setting next_dagrun for example_task_group_decorator to 2025-05-08 00:00:00+00:00, run_after=2025-05-09 00:00:00+00:00
[2025-05-09T16:10:54.676+0000] {processor.py:183} INFO - Processing /home/airflow/.local/lib/python3.10/site-packages/airflow/example_dags/example_task_group_decorator.py took 0.119 seconds
[2025-05-09T16:11:25.246+0000] {processor.py:161} INFO - Started process (PID=3528) to work on /home/airflow/.local/lib/python3.10/site-packages/airflow/example_dags/example_task_group_decorator.py
[2025-05-09T16:11:25.247+0000] {processor.py:830} INFO - Processing file /home/airflow/.local/lib/python3.10/site-packages/airflow/example_dags/example_task_group_decorator.py for tasks to queue
[2025-05-09T16:11:25.250+0000] {logging_mixin.py:188} INFO - [2025-05-09T16:11:25.249+0000] {dagbag.py:545} INFO - Filling up the DagBag from /home/airflow/.local/lib/python3.10/site-packages/airflow/example_dags/example_task_group_decorator.py
[2025-05-09T16:11:25.264+0000] {processor.py:840} INFO - DAG(s) 'example_task_group_decorator' retrieved from /home/airflow/.local/lib/python3.10/site-packages/airflow/example_dags/example_task_group_decorator.py
[2025-05-09T16:11:25.293+0000] {logging_mixin.py:188} INFO - [2025-05-09T16:11:25.292+0000] {dag.py:3096} INFO - Sync 1 DAGs
[2025-05-09T16:11:25.316+0000] {logging_mixin.py:188} INFO - [2025-05-09T16:11:25.315+0000] {dag.py:3954} INFO - Setting next_dagrun for example_task_group_decorator to 2025-05-08 00:00:00+00:00, run_after=2025-05-09 00:00:00+00:00
[2025-05-09T16:11:25.338+0000] {processor.py:183} INFO - Processing /home/airflow/.local/lib/python3.10/site-packages/airflow/example_dags/example_task_group_decorator.py took 0.098 seconds
[2025-05-09T16:11:55.923+0000] {processor.py:161} INFO - Started process (PID=3796) to work on /home/airflow/.local/lib/python3.10/site-packages/airflow/example_dags/example_task_group_decorator.py
[2025-05-09T16:11:55.924+0000] {processor.py:830} INFO - Processing file /home/airflow/.local/lib/python3.10/site-packages/airflow/example_dags/example_task_group_decorator.py for tasks to queue
[2025-05-09T16:11:55.927+0000] {logging_mixin.py:188} INFO - [2025-05-09T16:11:55.927+0000] {dagbag.py:545} INFO - Filling up the DagBag from /home/airflow/.local/lib/python3.10/site-packages/airflow/example_dags/example_task_group_decorator.py
[2025-05-09T16:11:55.945+0000] {processor.py:840} INFO - DAG(s) 'example_task_group_decorator' retrieved from /home/airflow/.local/lib/python3.10/site-packages/airflow/example_dags/example_task_group_decorator.py
[2025-05-09T16:11:55.983+0000] {logging_mixin.py:188} INFO - [2025-05-09T16:11:55.982+0000] {dag.py:3096} INFO - Sync 1 DAGs
[2025-05-09T16:11:56.012+0000] {logging_mixin.py:188} INFO - [2025-05-09T16:11:56.012+0000] {dag.py:3954} INFO - Setting next_dagrun for example_task_group_decorator to 2025-05-08 00:00:00+00:00, run_after=2025-05-09 00:00:00+00:00
[2025-05-09T16:11:56.045+0000] {processor.py:183} INFO - Processing /home/airflow/.local/lib/python3.10/site-packages/airflow/example_dags/example_task_group_decorator.py took 0.129 seconds
[2025-05-09T16:12:26.683+0000] {processor.py:161} INFO - Started process (PID=4073) to work on /home/airflow/.local/lib/python3.10/site-packages/airflow/example_dags/example_task_group_decorator.py
[2025-05-09T16:12:26.686+0000] {processor.py:830} INFO - Processing file /home/airflow/.local/lib/python3.10/site-packages/airflow/example_dags/example_task_group_decorator.py for tasks to queue
[2025-05-09T16:12:26.690+0000] {logging_mixin.py:188} INFO - [2025-05-09T16:12:26.690+0000] {dagbag.py:545} INFO - Filling up the DagBag from /home/airflow/.local/lib/python3.10/site-packages/airflow/example_dags/example_task_group_decorator.py
[2025-05-09T16:12:26.712+0000] {processor.py:840} INFO - DAG(s) 'example_task_group_decorator' retrieved from /home/airflow/.local/lib/python3.10/site-packages/airflow/example_dags/example_task_group_decorator.py
[2025-05-09T16:12:26.752+0000] {logging_mixin.py:188} INFO - [2025-05-09T16:12:26.752+0000] {dag.py:3096} INFO - Sync 1 DAGs
[2025-05-09T16:12:26.778+0000] {logging_mixin.py:188} INFO - [2025-05-09T16:12:26.778+0000] {dag.py:3954} INFO - Setting next_dagrun for example_task_group_decorator to 2025-05-08 00:00:00+00:00, run_after=2025-05-09 00:00:00+00:00
[2025-05-09T16:12:26.815+0000] {processor.py:183} INFO - Processing /home/airflow/.local/lib/python3.10/site-packages/airflow/example_dags/example_task_group_decorator.py took 0.139 seconds
[2025-05-09T16:12:57.408+0000] {processor.py:161} INFO - Started process (PID=4335) to work on /home/airflow/.local/lib/python3.10/site-packages/airflow/example_dags/example_task_group_decorator.py
[2025-05-09T16:12:57.410+0000] {processor.py:830} INFO - Processing file /home/airflow/.local/lib/python3.10/site-packages/airflow/example_dags/example_task_group_decorator.py for tasks to queue
[2025-05-09T16:12:57.413+0000] {logging_mixin.py:188} INFO - [2025-05-09T16:12:57.412+0000] {dagbag.py:545} INFO - Filling up the DagBag from /home/airflow/.local/lib/python3.10/site-packages/airflow/example_dags/example_task_group_decorator.py
[2025-05-09T16:12:57.430+0000] {processor.py:840} INFO - DAG(s) 'example_task_group_decorator' retrieved from /home/airflow/.local/lib/python3.10/site-packages/airflow/example_dags/example_task_group_decorator.py
[2025-05-09T16:12:57.463+0000] {logging_mixin.py:188} INFO - [2025-05-09T16:12:57.463+0000] {dag.py:3096} INFO - Sync 1 DAGs
[2025-05-09T16:12:57.488+0000] {logging_mixin.py:188} INFO - [2025-05-09T16:12:57.488+0000] {dag.py:3954} INFO - Setting next_dagrun for example_task_group_decorator to 2025-05-08 00:00:00+00:00, run_after=2025-05-09 00:00:00+00:00
[2025-05-09T16:12:57.522+0000] {processor.py:183} INFO - Processing /home/airflow/.local/lib/python3.10/site-packages/airflow/example_dags/example_task_group_decorator.py took 0.123 seconds
[2025-05-09T16:13:27.761+0000] {processor.py:161} INFO - Started process (PID=4606) to work on /home/airflow/.local/lib/python3.10/site-packages/airflow/example_dags/example_task_group_decorator.py
[2025-05-09T16:13:27.762+0000] {processor.py:830} INFO - Processing file /home/airflow/.local/lib/python3.10/site-packages/airflow/example_dags/example_task_group_decorator.py for tasks to queue
[2025-05-09T16:13:27.764+0000] {logging_mixin.py:188} INFO - [2025-05-09T16:13:27.764+0000] {dagbag.py:545} INFO - Filling up the DagBag from /home/airflow/.local/lib/python3.10/site-packages/airflow/example_dags/example_task_group_decorator.py
[2025-05-09T16:13:27.777+0000] {processor.py:840} INFO - DAG(s) 'example_task_group_decorator' retrieved from /home/airflow/.local/lib/python3.10/site-packages/airflow/example_dags/example_task_group_decorator.py
[2025-05-09T16:13:27.810+0000] {logging_mixin.py:188} INFO - [2025-05-09T16:13:27.809+0000] {dag.py:3096} INFO - Sync 1 DAGs
[2025-05-09T16:13:27.830+0000] {logging_mixin.py:188} INFO - [2025-05-09T16:13:27.830+0000] {dag.py:3954} INFO - Setting next_dagrun for example_task_group_decorator to 2025-05-08 00:00:00+00:00, run_after=2025-05-09 00:00:00+00:00
[2025-05-09T16:13:27.857+0000] {processor.py:183} INFO - Processing /home/airflow/.local/lib/python3.10/site-packages/airflow/example_dags/example_task_group_decorator.py took 0.101 seconds
[2025-05-09T16:13:58.160+0000] {processor.py:161} INFO - Started process (PID=4868) to work on /home/airflow/.local/lib/python3.10/site-packages/airflow/example_dags/example_task_group_decorator.py
[2025-05-09T16:13:58.162+0000] {processor.py:830} INFO - Processing file /home/airflow/.local/lib/python3.10/site-packages/airflow/example_dags/example_task_group_decorator.py for tasks to queue
[2025-05-09T16:13:58.164+0000] {logging_mixin.py:188} INFO - [2025-05-09T16:13:58.163+0000] {dagbag.py:545} INFO - Filling up the DagBag from /home/airflow/.local/lib/python3.10/site-packages/airflow/example_dags/example_task_group_decorator.py
[2025-05-09T16:13:58.177+0000] {processor.py:840} INFO - DAG(s) 'example_task_group_decorator' retrieved from /home/airflow/.local/lib/python3.10/site-packages/airflow/example_dags/example_task_group_decorator.py
[2025-05-09T16:13:58.208+0000] {logging_mixin.py:188} INFO - [2025-05-09T16:13:58.208+0000] {dag.py:3096} INFO - Sync 1 DAGs
[2025-05-09T16:13:58.237+0000] {logging_mixin.py:188} INFO - [2025-05-09T16:13:58.237+0000] {dag.py:3954} INFO - Setting next_dagrun for example_task_group_decorator to 2025-05-08 00:00:00+00:00, run_after=2025-05-09 00:00:00+00:00
[2025-05-09T16:13:58.261+0000] {processor.py:183} INFO - Processing /home/airflow/.local/lib/python3.10/site-packages/airflow/example_dags/example_task_group_decorator.py took 0.107 seconds
[2025-05-09T16:14:28.497+0000] {processor.py:161} INFO - Started process (PID=5157) to work on /home/airflow/.local/lib/python3.10/site-packages/airflow/example_dags/example_task_group_decorator.py
[2025-05-09T16:14:28.498+0000] {processor.py:830} INFO - Processing file /home/airflow/.local/lib/python3.10/site-packages/airflow/example_dags/example_task_group_decorator.py for tasks to queue
[2025-05-09T16:14:28.501+0000] {logging_mixin.py:188} INFO - [2025-05-09T16:14:28.500+0000] {dagbag.py:545} INFO - Filling up the DagBag from /home/airflow/.local/lib/python3.10/site-packages/airflow/example_dags/example_task_group_decorator.py
[2025-05-09T16:14:28.514+0000] {processor.py:840} INFO - DAG(s) 'example_task_group_decorator' retrieved from /home/airflow/.local/lib/python3.10/site-packages/airflow/example_dags/example_task_group_decorator.py
[2025-05-09T16:14:28.543+0000] {logging_mixin.py:188} INFO - [2025-05-09T16:14:28.543+0000] {dag.py:3096} INFO - Sync 1 DAGs
[2025-05-09T16:14:28.565+0000] {logging_mixin.py:188} INFO - [2025-05-09T16:14:28.565+0000] {dag.py:3954} INFO - Setting next_dagrun for example_task_group_decorator to 2025-05-08 00:00:00+00:00, run_after=2025-05-09 00:00:00+00:00
[2025-05-09T16:14:28.586+0000] {processor.py:183} INFO - Processing /home/airflow/.local/lib/python3.10/site-packages/airflow/example_dags/example_task_group_decorator.py took 0.096 seconds
[2025-05-09T16:14:58.808+0000] {processor.py:161} INFO - Started process (PID=5425) to work on /home/airflow/.local/lib/python3.10/site-packages/airflow/example_dags/example_task_group_decorator.py
[2025-05-09T16:14:58.810+0000] {processor.py:830} INFO - Processing file /home/airflow/.local/lib/python3.10/site-packages/airflow/example_dags/example_task_group_decorator.py for tasks to queue
[2025-05-09T16:14:58.812+0000] {logging_mixin.py:188} INFO - [2025-05-09T16:14:58.812+0000] {dagbag.py:545} INFO - Filling up the DagBag from /home/airflow/.local/lib/python3.10/site-packages/airflow/example_dags/example_task_group_decorator.py
[2025-05-09T16:14:58.829+0000] {processor.py:840} INFO - DAG(s) 'example_task_group_decorator' retrieved from /home/airflow/.local/lib/python3.10/site-packages/airflow/example_dags/example_task_group_decorator.py
[2025-05-09T16:14:58.865+0000] {logging_mixin.py:188} INFO - [2025-05-09T16:14:58.864+0000] {dag.py:3096} INFO - Sync 1 DAGs
[2025-05-09T16:14:58.902+0000] {logging_mixin.py:188} INFO - [2025-05-09T16:14:58.901+0000] {dag.py:3954} INFO - Setting next_dagrun for example_task_group_decorator to 2025-05-08 00:00:00+00:00, run_after=2025-05-09 00:00:00+00:00
[2025-05-09T16:14:58.933+0000] {processor.py:183} INFO - Processing /home/airflow/.local/lib/python3.10/site-packages/airflow/example_dags/example_task_group_decorator.py took 0.136 seconds
[2025-05-09T16:15:29.665+0000] {processor.py:161} INFO - Started process (PID=5696) to work on /home/airflow/.local/lib/python3.10/site-packages/airflow/example_dags/example_task_group_decorator.py
[2025-05-09T16:15:29.667+0000] {processor.py:830} INFO - Processing file /home/airflow/.local/lib/python3.10/site-packages/airflow/example_dags/example_task_group_decorator.py for tasks to queue
[2025-05-09T16:15:29.669+0000] {logging_mixin.py:188} INFO - [2025-05-09T16:15:29.668+0000] {dagbag.py:545} INFO - Filling up the DagBag from /home/airflow/.local/lib/python3.10/site-packages/airflow/example_dags/example_task_group_decorator.py
[2025-05-09T16:15:29.685+0000] {processor.py:840} INFO - DAG(s) 'example_task_group_decorator' retrieved from /home/airflow/.local/lib/python3.10/site-packages/airflow/example_dags/example_task_group_decorator.py
[2025-05-09T16:15:29.721+0000] {logging_mixin.py:188} INFO - [2025-05-09T16:15:29.720+0000] {dag.py:3096} INFO - Sync 1 DAGs
[2025-05-09T16:15:29.747+0000] {logging_mixin.py:188} INFO - [2025-05-09T16:15:29.747+0000] {dag.py:3954} INFO - Setting next_dagrun for example_task_group_decorator to 2025-05-08 00:00:00+00:00, run_after=2025-05-09 00:00:00+00:00
[2025-05-09T16:15:29.775+0000] {processor.py:183} INFO - Processing /home/airflow/.local/lib/python3.10/site-packages/airflow/example_dags/example_task_group_decorator.py took 0.119 seconds
[2025-05-09T16:16:00.635+0000] {processor.py:161} INFO - Started process (PID=5978) to work on /home/airflow/.local/lib/python3.10/site-packages/airflow/example_dags/example_task_group_decorator.py
[2025-05-09T16:16:00.637+0000] {processor.py:830} INFO - Processing file /home/airflow/.local/lib/python3.10/site-packages/airflow/example_dags/example_task_group_decorator.py for tasks to queue
[2025-05-09T16:16:00.640+0000] {logging_mixin.py:188} INFO - [2025-05-09T16:16:00.640+0000] {dagbag.py:545} INFO - Filling up the DagBag from /home/airflow/.local/lib/python3.10/site-packages/airflow/example_dags/example_task_group_decorator.py
[2025-05-09T16:16:00.662+0000] {processor.py:840} INFO - DAG(s) 'example_task_group_decorator' retrieved from /home/airflow/.local/lib/python3.10/site-packages/airflow/example_dags/example_task_group_decorator.py
[2025-05-09T16:16:00.704+0000] {logging_mixin.py:188} INFO - [2025-05-09T16:16:00.704+0000] {dag.py:3096} INFO - Sync 1 DAGs
[2025-05-09T16:16:00.748+0000] {logging_mixin.py:188} INFO - [2025-05-09T16:16:00.748+0000] {dag.py:3954} INFO - Setting next_dagrun for example_task_group_decorator to 2025-05-08 00:00:00+00:00, run_after=2025-05-09 00:00:00+00:00
[2025-05-09T16:16:00.792+0000] {processor.py:183} INFO - Processing /home/airflow/.local/lib/python3.10/site-packages/airflow/example_dags/example_task_group_decorator.py took 0.166 seconds
[2025-05-09T16:16:31.283+0000] {processor.py:161} INFO - Started process (PID=6328) to work on /home/airflow/.local/lib/python3.10/site-packages/airflow/example_dags/example_task_group_decorator.py
[2025-05-09T16:16:31.285+0000] {processor.py:830} INFO - Processing file /home/airflow/.local/lib/python3.10/site-packages/airflow/example_dags/example_task_group_decorator.py for tasks to queue
[2025-05-09T16:16:31.288+0000] {logging_mixin.py:188} INFO - [2025-05-09T16:16:31.287+0000] {dagbag.py:545} INFO - Filling up the DagBag from /home/airflow/.local/lib/python3.10/site-packages/airflow/example_dags/example_task_group_decorator.py
[2025-05-09T16:16:31.308+0000] {processor.py:840} INFO - DAG(s) 'example_task_group_decorator' retrieved from /home/airflow/.local/lib/python3.10/site-packages/airflow/example_dags/example_task_group_decorator.py
[2025-05-09T16:16:31.353+0000] {logging_mixin.py:188} INFO - [2025-05-09T16:16:31.352+0000] {dag.py:3096} INFO - Sync 1 DAGs
[2025-05-09T16:16:31.382+0000] {logging_mixin.py:188} INFO - [2025-05-09T16:16:31.382+0000] {dag.py:3954} INFO - Setting next_dagrun for example_task_group_decorator to 2025-05-08 00:00:00+00:00, run_after=2025-05-09 00:00:00+00:00
[2025-05-09T16:16:31.413+0000] {processor.py:183} INFO - Processing /home/airflow/.local/lib/python3.10/site-packages/airflow/example_dags/example_task_group_decorator.py took 0.139 seconds
[2025-05-09T16:17:02.198+0000] {processor.py:161} INFO - Started process (PID=6617) to work on /home/airflow/.local/lib/python3.10/site-packages/airflow/example_dags/example_task_group_decorator.py
[2025-05-09T16:17:02.200+0000] {processor.py:830} INFO - Processing file /home/airflow/.local/lib/python3.10/site-packages/airflow/example_dags/example_task_group_decorator.py for tasks to queue
[2025-05-09T16:17:02.203+0000] {logging_mixin.py:188} INFO - [2025-05-09T16:17:02.202+0000] {dagbag.py:545} INFO - Filling up the DagBag from /home/airflow/.local/lib/python3.10/site-packages/airflow/example_dags/example_task_group_decorator.py
[2025-05-09T16:17:02.223+0000] {processor.py:840} INFO - DAG(s) 'example_task_group_decorator' retrieved from /home/airflow/.local/lib/python3.10/site-packages/airflow/example_dags/example_task_group_decorator.py
[2025-05-09T16:17:02.259+0000] {logging_mixin.py:188} INFO - [2025-05-09T16:17:02.259+0000] {dag.py:3096} INFO - Sync 1 DAGs
[2025-05-09T16:17:02.284+0000] {logging_mixin.py:188} INFO - [2025-05-09T16:17:02.284+0000] {dag.py:3954} INFO - Setting next_dagrun for example_task_group_decorator to 2025-05-08 00:00:00+00:00, run_after=2025-05-09 00:00:00+00:00
[2025-05-09T16:17:02.315+0000] {processor.py:183} INFO - Processing /home/airflow/.local/lib/python3.10/site-packages/airflow/example_dags/example_task_group_decorator.py took 0.125 seconds
[2025-05-09T16:17:32.534+0000] {processor.py:161} INFO - Started process (PID=6930) to work on /home/airflow/.local/lib/python3.10/site-packages/airflow/example_dags/example_task_group_decorator.py
[2025-05-09T16:17:32.537+0000] {processor.py:830} INFO - Processing file /home/airflow/.local/lib/python3.10/site-packages/airflow/example_dags/example_task_group_decorator.py for tasks to queue
[2025-05-09T16:17:32.542+0000] {logging_mixin.py:188} INFO - [2025-05-09T16:17:32.542+0000] {dagbag.py:545} INFO - Filling up the DagBag from /home/airflow/.local/lib/python3.10/site-packages/airflow/example_dags/example_task_group_decorator.py
[2025-05-09T16:17:32.566+0000] {processor.py:840} INFO - DAG(s) 'example_task_group_decorator' retrieved from /home/airflow/.local/lib/python3.10/site-packages/airflow/example_dags/example_task_group_decorator.py
[2025-05-09T16:17:32.609+0000] {logging_mixin.py:188} INFO - [2025-05-09T16:17:32.609+0000] {dag.py:3096} INFO - Sync 1 DAGs
[2025-05-09T16:17:32.640+0000] {logging_mixin.py:188} INFO - [2025-05-09T16:17:32.639+0000] {dag.py:3954} INFO - Setting next_dagrun for example_task_group_decorator to 2025-05-08 00:00:00+00:00, run_after=2025-05-09 00:00:00+00:00
[2025-05-09T16:17:32.667+0000] {processor.py:183} INFO - Processing /home/airflow/.local/lib/python3.10/site-packages/airflow/example_dags/example_task_group_decorator.py took 0.143 seconds
[2025-05-09T16:18:03.430+0000] {processor.py:161} INFO - Started process (PID=7197) to work on /home/airflow/.local/lib/python3.10/site-packages/airflow/example_dags/example_task_group_decorator.py
[2025-05-09T16:18:03.432+0000] {processor.py:830} INFO - Processing file /home/airflow/.local/lib/python3.10/site-packages/airflow/example_dags/example_task_group_decorator.py for tasks to queue
[2025-05-09T16:18:03.435+0000] {logging_mixin.py:188} INFO - [2025-05-09T16:18:03.435+0000] {dagbag.py:545} INFO - Filling up the DagBag from /home/airflow/.local/lib/python3.10/site-packages/airflow/example_dags/example_task_group_decorator.py
[2025-05-09T16:18:03.449+0000] {processor.py:840} INFO - DAG(s) 'example_task_group_decorator' retrieved from /home/airflow/.local/lib/python3.10/site-packages/airflow/example_dags/example_task_group_decorator.py
[2025-05-09T16:18:03.481+0000] {logging_mixin.py:188} INFO - [2025-05-09T16:18:03.480+0000] {dag.py:3096} INFO - Sync 1 DAGs
[2025-05-09T16:18:03.506+0000] {logging_mixin.py:188} INFO - [2025-05-09T16:18:03.506+0000] {dag.py:3954} INFO - Setting next_dagrun for example_task_group_decorator to 2025-05-08 00:00:00+00:00, run_after=2025-05-09 00:00:00+00:00
[2025-05-09T16:18:03.529+0000] {processor.py:183} INFO - Processing /home/airflow/.local/lib/python3.10/site-packages/airflow/example_dags/example_task_group_decorator.py took 0.107 seconds
[2025-05-09T16:18:33.735+0000] {processor.py:161} INFO - Started process (PID=7493) to work on /home/airflow/.local/lib/python3.10/site-packages/airflow/example_dags/example_task_group_decorator.py
[2025-05-09T16:18:33.737+0000] {processor.py:830} INFO - Processing file /home/airflow/.local/lib/python3.10/site-packages/airflow/example_dags/example_task_group_decorator.py for tasks to queue
[2025-05-09T16:18:33.741+0000] {logging_mixin.py:188} INFO - [2025-05-09T16:18:33.740+0000] {dagbag.py:545} INFO - Filling up the DagBag from /home/airflow/.local/lib/python3.10/site-packages/airflow/example_dags/example_task_group_decorator.py
[2025-05-09T16:18:33.764+0000] {processor.py:840} INFO - DAG(s) 'example_task_group_decorator' retrieved from /home/airflow/.local/lib/python3.10/site-packages/airflow/example_dags/example_task_group_decorator.py
[2025-05-09T16:18:33.817+0000] {logging_mixin.py:188} INFO - [2025-05-09T16:18:33.817+0000] {dag.py:3096} INFO - Sync 1 DAGs
[2025-05-09T16:18:33.863+0000] {logging_mixin.py:188} INFO - [2025-05-09T16:18:33.862+0000] {dag.py:3954} INFO - Setting next_dagrun for example_task_group_decorator to 2025-05-08 00:00:00+00:00, run_after=2025-05-09 00:00:00+00:00
[2025-05-09T16:18:33.899+0000] {processor.py:183} INFO - Processing /home/airflow/.local/lib/python3.10/site-packages/airflow/example_dags/example_task_group_decorator.py took 0.174 seconds
[2025-05-09T16:19:04.522+0000] {processor.py:161} INFO - Started process (PID=7765) to work on /home/airflow/.local/lib/python3.10/site-packages/airflow/example_dags/example_task_group_decorator.py
[2025-05-09T16:19:04.524+0000] {processor.py:830} INFO - Processing file /home/airflow/.local/lib/python3.10/site-packages/airflow/example_dags/example_task_group_decorator.py for tasks to queue
[2025-05-09T16:19:04.527+0000] {logging_mixin.py:188} INFO - [2025-05-09T16:19:04.527+0000] {dagbag.py:545} INFO - Filling up the DagBag from /home/airflow/.local/lib/python3.10/site-packages/airflow/example_dags/example_task_group_decorator.py
[2025-05-09T16:19:04.549+0000] {processor.py:840} INFO - DAG(s) 'example_task_group_decorator' retrieved from /home/airflow/.local/lib/python3.10/site-packages/airflow/example_dags/example_task_group_decorator.py
[2025-05-09T16:19:04.590+0000] {logging_mixin.py:188} INFO - [2025-05-09T16:19:04.590+0000] {dag.py:3096} INFO - Sync 1 DAGs
[2025-05-09T16:19:04.629+0000] {logging_mixin.py:188} INFO - [2025-05-09T16:19:04.628+0000] {dag.py:3954} INFO - Setting next_dagrun for example_task_group_decorator to 2025-05-08 00:00:00+00:00, run_after=2025-05-09 00:00:00+00:00
[2025-05-09T16:19:04.664+0000] {processor.py:183} INFO - Processing /home/airflow/.local/lib/python3.10/site-packages/airflow/example_dags/example_task_group_decorator.py took 0.151 seconds
[2025-05-09T16:19:35.105+0000] {processor.py:161} INFO - Started process (PID=8056) to work on /home/airflow/.local/lib/python3.10/site-packages/airflow/example_dags/example_task_group_decorator.py
[2025-05-09T16:19:35.106+0000] {processor.py:830} INFO - Processing file /home/airflow/.local/lib/python3.10/site-packages/airflow/example_dags/example_task_group_decorator.py for tasks to queue
[2025-05-09T16:19:35.109+0000] {logging_mixin.py:188} INFO - [2025-05-09T16:19:35.109+0000] {dagbag.py:545} INFO - Filling up the DagBag from /home/airflow/.local/lib/python3.10/site-packages/airflow/example_dags/example_task_group_decorator.py
[2025-05-09T16:19:35.124+0000] {processor.py:840} INFO - DAG(s) 'example_task_group_decorator' retrieved from /home/airflow/.local/lib/python3.10/site-packages/airflow/example_dags/example_task_group_decorator.py
[2025-05-09T16:19:35.154+0000] {logging_mixin.py:188} INFO - [2025-05-09T16:19:35.153+0000] {dag.py:3096} INFO - Sync 1 DAGs
[2025-05-09T16:19:35.185+0000] {logging_mixin.py:188} INFO - [2025-05-09T16:19:35.184+0000] {dag.py:3954} INFO - Setting next_dagrun for example_task_group_decorator to 2025-05-08 00:00:00+00:00, run_after=2025-05-09 00:00:00+00:00
[2025-05-09T16:19:35.215+0000] {processor.py:183} INFO - Processing /home/airflow/.local/lib/python3.10/site-packages/airflow/example_dags/example_task_group_decorator.py took 0.116 seconds
[2025-05-09T16:20:05.873+0000] {processor.py:161} INFO - Started process (PID=8347) to work on /home/airflow/.local/lib/python3.10/site-packages/airflow/example_dags/example_task_group_decorator.py
[2025-05-09T16:20:05.875+0000] {processor.py:830} INFO - Processing file /home/airflow/.local/lib/python3.10/site-packages/airflow/example_dags/example_task_group_decorator.py for tasks to queue
[2025-05-09T16:20:05.881+0000] {logging_mixin.py:188} INFO - [2025-05-09T16:20:05.880+0000] {dagbag.py:545} INFO - Filling up the DagBag from /home/airflow/.local/lib/python3.10/site-packages/airflow/example_dags/example_task_group_decorator.py
[2025-05-09T16:20:05.907+0000] {processor.py:840} INFO - DAG(s) 'example_task_group_decorator' retrieved from /home/airflow/.local/lib/python3.10/site-packages/airflow/example_dags/example_task_group_decorator.py
[2025-05-09T16:20:05.947+0000] {logging_mixin.py:188} INFO - [2025-05-09T16:20:05.946+0000] {dag.py:3096} INFO - Sync 1 DAGs
[2025-05-09T16:20:05.978+0000] {logging_mixin.py:188} INFO - [2025-05-09T16:20:05.978+0000] {dag.py:3954} INFO - Setting next_dagrun for example_task_group_decorator to 2025-05-08 00:00:00+00:00, run_after=2025-05-09 00:00:00+00:00
[2025-05-09T16:20:06.009+0000] {processor.py:183} INFO - Processing /home/airflow/.local/lib/python3.10/site-packages/airflow/example_dags/example_task_group_decorator.py took 0.147 seconds
[2025-05-09T16:20:36.643+0000] {processor.py:161} INFO - Started process (PID=8639) to work on /home/airflow/.local/lib/python3.10/site-packages/airflow/example_dags/example_task_group_decorator.py
[2025-05-09T16:20:36.645+0000] {processor.py:830} INFO - Processing file /home/airflow/.local/lib/python3.10/site-packages/airflow/example_dags/example_task_group_decorator.py for tasks to queue
[2025-05-09T16:20:36.647+0000] {logging_mixin.py:188} INFO - [2025-05-09T16:20:36.646+0000] {dagbag.py:545} INFO - Filling up the DagBag from /home/airflow/.local/lib/python3.10/site-packages/airflow/example_dags/example_task_group_decorator.py
[2025-05-09T16:20:36.659+0000] {processor.py:840} INFO - DAG(s) 'example_task_group_decorator' retrieved from /home/airflow/.local/lib/python3.10/site-packages/airflow/example_dags/example_task_group_decorator.py
[2025-05-09T16:20:36.685+0000] {logging_mixin.py:188} INFO - [2025-05-09T16:20:36.684+0000] {dag.py:3096} INFO - Sync 1 DAGs
[2025-05-09T16:20:36.706+0000] {logging_mixin.py:188} INFO - [2025-05-09T16:20:36.705+0000] {dag.py:3954} INFO - Setting next_dagrun for example_task_group_decorator to 2025-05-08 00:00:00+00:00, run_after=2025-05-09 00:00:00+00:00
[2025-05-09T16:20:36.724+0000] {processor.py:183} INFO - Processing /home/airflow/.local/lib/python3.10/site-packages/airflow/example_dags/example_task_group_decorator.py took 0.087 seconds
[2025-05-09T16:21:07.504+0000] {processor.py:161} INFO - Started process (PID=8928) to work on /home/airflow/.local/lib/python3.10/site-packages/airflow/example_dags/example_task_group_decorator.py
[2025-05-09T16:21:07.506+0000] {processor.py:830} INFO - Processing file /home/airflow/.local/lib/python3.10/site-packages/airflow/example_dags/example_task_group_decorator.py for tasks to queue
[2025-05-09T16:21:07.510+0000] {logging_mixin.py:188} INFO - [2025-05-09T16:21:07.510+0000] {dagbag.py:545} INFO - Filling up the DagBag from /home/airflow/.local/lib/python3.10/site-packages/airflow/example_dags/example_task_group_decorator.py
[2025-05-09T16:21:07.530+0000] {processor.py:840} INFO - DAG(s) 'example_task_group_decorator' retrieved from /home/airflow/.local/lib/python3.10/site-packages/airflow/example_dags/example_task_group_decorator.py
[2025-05-09T16:21:07.567+0000] {logging_mixin.py:188} INFO - [2025-05-09T16:21:07.567+0000] {dag.py:3096} INFO - Sync 1 DAGs
[2025-05-09T16:21:07.598+0000] {logging_mixin.py:188} INFO - [2025-05-09T16:21:07.598+0000] {dag.py:3954} INFO - Setting next_dagrun for example_task_group_decorator to 2025-05-08 00:00:00+00:00, run_after=2025-05-09 00:00:00+00:00
[2025-05-09T16:21:07.631+0000] {processor.py:183} INFO - Processing /home/airflow/.local/lib/python3.10/site-packages/airflow/example_dags/example_task_group_decorator.py took 0.137 seconds
[2025-05-09T16:21:37.750+0000] {processor.py:161} INFO - Started process (PID=9269) to work on /home/airflow/.local/lib/python3.10/site-packages/airflow/example_dags/example_task_group_decorator.py
[2025-05-09T16:21:37.752+0000] {processor.py:830} INFO - Processing file /home/airflow/.local/lib/python3.10/site-packages/airflow/example_dags/example_task_group_decorator.py for tasks to queue
[2025-05-09T16:21:37.757+0000] {logging_mixin.py:188} INFO - [2025-05-09T16:21:37.756+0000] {dagbag.py:545} INFO - Filling up the DagBag from /home/airflow/.local/lib/python3.10/site-packages/airflow/example_dags/example_task_group_decorator.py
[2025-05-09T16:21:37.778+0000] {processor.py:840} INFO - DAG(s) 'example_task_group_decorator' retrieved from /home/airflow/.local/lib/python3.10/site-packages/airflow/example_dags/example_task_group_decorator.py
[2025-05-09T16:21:37.824+0000] {logging_mixin.py:188} INFO - [2025-05-09T16:21:37.824+0000] {dag.py:3096} INFO - Sync 1 DAGs
[2025-05-09T16:21:37.858+0000] {logging_mixin.py:188} INFO - [2025-05-09T16:21:37.857+0000] {dag.py:3954} INFO - Setting next_dagrun for example_task_group_decorator to 2025-05-08 00:00:00+00:00, run_after=2025-05-09 00:00:00+00:00
[2025-05-09T16:21:37.905+0000] {processor.py:183} INFO - Processing /home/airflow/.local/lib/python3.10/site-packages/airflow/example_dags/example_task_group_decorator.py took 0.165 seconds
[2025-05-09T16:22:08.040+0000] {processor.py:161} INFO - Started process (PID=9582) to work on /home/airflow/.local/lib/python3.10/site-packages/airflow/example_dags/example_task_group_decorator.py
[2025-05-09T16:22:08.042+0000] {processor.py:830} INFO - Processing file /home/airflow/.local/lib/python3.10/site-packages/airflow/example_dags/example_task_group_decorator.py for tasks to queue
[2025-05-09T16:22:08.045+0000] {logging_mixin.py:188} INFO - [2025-05-09T16:22:08.044+0000] {dagbag.py:545} INFO - Filling up the DagBag from /home/airflow/.local/lib/python3.10/site-packages/airflow/example_dags/example_task_group_decorator.py
[2025-05-09T16:22:08.061+0000] {processor.py:840} INFO - DAG(s) 'example_task_group_decorator' retrieved from /home/airflow/.local/lib/python3.10/site-packages/airflow/example_dags/example_task_group_decorator.py
[2025-05-09T16:22:08.100+0000] {logging_mixin.py:188} INFO - [2025-05-09T16:22:08.100+0000] {dag.py:3096} INFO - Sync 1 DAGs
[2025-05-09T16:22:08.133+0000] {logging_mixin.py:188} INFO - [2025-05-09T16:22:08.132+0000] {dag.py:3954} INFO - Setting next_dagrun for example_task_group_decorator to 2025-05-08 00:00:00+00:00, run_after=2025-05-09 00:00:00+00:00
[2025-05-09T16:22:08.161+0000] {processor.py:183} INFO - Processing /home/airflow/.local/lib/python3.10/site-packages/airflow/example_dags/example_task_group_decorator.py took 0.130 seconds
[2025-05-09T16:22:38.880+0000] {processor.py:161} INFO - Started process (PID=9874) to work on /home/airflow/.local/lib/python3.10/site-packages/airflow/example_dags/example_task_group_decorator.py
[2025-05-09T16:22:38.882+0000] {processor.py:830} INFO - Processing file /home/airflow/.local/lib/python3.10/site-packages/airflow/example_dags/example_task_group_decorator.py for tasks to queue
[2025-05-09T16:22:38.884+0000] {logging_mixin.py:188} INFO - [2025-05-09T16:22:38.884+0000] {dagbag.py:545} INFO - Filling up the DagBag from /home/airflow/.local/lib/python3.10/site-packages/airflow/example_dags/example_task_group_decorator.py
[2025-05-09T16:22:38.899+0000] {processor.py:840} INFO - DAG(s) 'example_task_group_decorator' retrieved from /home/airflow/.local/lib/python3.10/site-packages/airflow/example_dags/example_task_group_decorator.py
[2025-05-09T16:22:38.928+0000] {logging_mixin.py:188} INFO - [2025-05-09T16:22:38.928+0000] {dag.py:3096} INFO - Sync 1 DAGs
[2025-05-09T16:22:38.953+0000] {logging_mixin.py:188} INFO - [2025-05-09T16:22:38.953+0000] {dag.py:3954} INFO - Setting next_dagrun for example_task_group_decorator to 2025-05-08 00:00:00+00:00, run_after=2025-05-09 00:00:00+00:00
[2025-05-09T16:22:38.972+0000] {processor.py:183} INFO - Processing /home/airflow/.local/lib/python3.10/site-packages/airflow/example_dags/example_task_group_decorator.py took 0.099 seconds
[2025-05-09T16:23:09.924+0000] {processor.py:161} INFO - Started process (PID=10173) to work on /home/airflow/.local/lib/python3.10/site-packages/airflow/example_dags/example_task_group_decorator.py
[2025-05-09T16:23:09.926+0000] {processor.py:830} INFO - Processing file /home/airflow/.local/lib/python3.10/site-packages/airflow/example_dags/example_task_group_decorator.py for tasks to queue
[2025-05-09T16:23:09.929+0000] {logging_mixin.py:188} INFO - [2025-05-09T16:23:09.929+0000] {dagbag.py:545} INFO - Filling up the DagBag from /home/airflow/.local/lib/python3.10/site-packages/airflow/example_dags/example_task_group_decorator.py
[2025-05-09T16:23:09.956+0000] {processor.py:840} INFO - DAG(s) 'example_task_group_decorator' retrieved from /home/airflow/.local/lib/python3.10/site-packages/airflow/example_dags/example_task_group_decorator.py
[2025-05-09T16:23:10.003+0000] {logging_mixin.py:188} INFO - [2025-05-09T16:23:10.003+0000] {dag.py:3096} INFO - Sync 1 DAGs
[2025-05-09T16:23:10.050+0000] {logging_mixin.py:188} INFO - [2025-05-09T16:23:10.050+0000] {dag.py:3954} INFO - Setting next_dagrun for example_task_group_decorator to 2025-05-08 00:00:00+00:00, run_after=2025-05-09 00:00:00+00:00
[2025-05-09T16:23:10.085+0000] {processor.py:183} INFO - Processing /home/airflow/.local/lib/python3.10/site-packages/airflow/example_dags/example_task_group_decorator.py took 0.172 seconds
[2025-05-09T16:23:40.375+0000] {processor.py:161} INFO - Started process (PID=10449) to work on /home/airflow/.local/lib/python3.10/site-packages/airflow/example_dags/example_task_group_decorator.py
[2025-05-09T16:23:40.377+0000] {processor.py:830} INFO - Processing file /home/airflow/.local/lib/python3.10/site-packages/airflow/example_dags/example_task_group_decorator.py for tasks to queue
[2025-05-09T16:23:40.379+0000] {logging_mixin.py:188} INFO - [2025-05-09T16:23:40.378+0000] {dagbag.py:545} INFO - Filling up the DagBag from /home/airflow/.local/lib/python3.10/site-packages/airflow/example_dags/example_task_group_decorator.py
[2025-05-09T16:23:40.395+0000] {processor.py:840} INFO - DAG(s) 'example_task_group_decorator' retrieved from /home/airflow/.local/lib/python3.10/site-packages/airflow/example_dags/example_task_group_decorator.py
[2025-05-09T16:23:40.425+0000] {logging_mixin.py:188} INFO - [2025-05-09T16:23:40.425+0000] {dag.py:3096} INFO - Sync 1 DAGs
[2025-05-09T16:23:40.447+0000] {logging_mixin.py:188} INFO - [2025-05-09T16:23:40.447+0000] {dag.py:3954} INFO - Setting next_dagrun for example_task_group_decorator to 2025-05-08 00:00:00+00:00, run_after=2025-05-09 00:00:00+00:00
[2025-05-09T16:23:40.470+0000] {processor.py:183} INFO - Processing /home/airflow/.local/lib/python3.10/site-packages/airflow/example_dags/example_task_group_decorator.py took 0.101 seconds
[2025-05-09T16:24:11.156+0000] {processor.py:161} INFO - Started process (PID=10762) to work on /home/airflow/.local/lib/python3.10/site-packages/airflow/example_dags/example_task_group_decorator.py
[2025-05-09T16:24:11.158+0000] {processor.py:830} INFO - Processing file /home/airflow/.local/lib/python3.10/site-packages/airflow/example_dags/example_task_group_decorator.py for tasks to queue
[2025-05-09T16:24:11.162+0000] {logging_mixin.py:188} INFO - [2025-05-09T16:24:11.161+0000] {dagbag.py:545} INFO - Filling up the DagBag from /home/airflow/.local/lib/python3.10/site-packages/airflow/example_dags/example_task_group_decorator.py
[2025-05-09T16:24:11.179+0000] {processor.py:840} INFO - DAG(s) 'example_task_group_decorator' retrieved from /home/airflow/.local/lib/python3.10/site-packages/airflow/example_dags/example_task_group_decorator.py
[2025-05-09T16:24:11.219+0000] {logging_mixin.py:188} INFO - [2025-05-09T16:24:11.219+0000] {dag.py:3096} INFO - Sync 1 DAGs
[2025-05-09T16:24:11.241+0000] {logging_mixin.py:188} INFO - [2025-05-09T16:24:11.240+0000] {dag.py:3954} INFO - Setting next_dagrun for example_task_group_decorator to 2025-05-08 00:00:00+00:00, run_after=2025-05-09 00:00:00+00:00
[2025-05-09T16:24:11.263+0000] {processor.py:183} INFO - Processing /home/airflow/.local/lib/python3.10/site-packages/airflow/example_dags/example_task_group_decorator.py took 0.115 seconds
[2025-05-09T16:24:41.527+0000] {processor.py:161} INFO - Started process (PID=11038) to work on /home/airflow/.local/lib/python3.10/site-packages/airflow/example_dags/example_task_group_decorator.py
[2025-05-09T16:24:41.529+0000] {processor.py:830} INFO - Processing file /home/airflow/.local/lib/python3.10/site-packages/airflow/example_dags/example_task_group_decorator.py for tasks to queue
[2025-05-09T16:24:41.531+0000] {logging_mixin.py:188} INFO - [2025-05-09T16:24:41.531+0000] {dagbag.py:545} INFO - Filling up the DagBag from /home/airflow/.local/lib/python3.10/site-packages/airflow/example_dags/example_task_group_decorator.py
[2025-05-09T16:24:41.544+0000] {processor.py:840} INFO - DAG(s) 'example_task_group_decorator' retrieved from /home/airflow/.local/lib/python3.10/site-packages/airflow/example_dags/example_task_group_decorator.py
[2025-05-09T16:24:41.568+0000] {logging_mixin.py:188} INFO - [2025-05-09T16:24:41.568+0000] {dag.py:3096} INFO - Sync 1 DAGs
[2025-05-09T16:24:41.587+0000] {logging_mixin.py:188} INFO - [2025-05-09T16:24:41.587+0000] {dag.py:3954} INFO - Setting next_dagrun for example_task_group_decorator to 2025-05-08 00:00:00+00:00, run_after=2025-05-09 00:00:00+00:00
[2025-05-09T16:24:41.607+0000] {processor.py:183} INFO - Processing /home/airflow/.local/lib/python3.10/site-packages/airflow/example_dags/example_task_group_decorator.py took 0.085 seconds
[2025-05-09T16:25:11.716+0000] {processor.py:161} INFO - Started process (PID=11393) to work on /home/airflow/.local/lib/python3.10/site-packages/airflow/example_dags/example_task_group_decorator.py
[2025-05-09T16:25:11.718+0000] {processor.py:830} INFO - Processing file /home/airflow/.local/lib/python3.10/site-packages/airflow/example_dags/example_task_group_decorator.py for tasks to queue
[2025-05-09T16:25:11.720+0000] {logging_mixin.py:188} INFO - [2025-05-09T16:25:11.720+0000] {dagbag.py:545} INFO - Filling up the DagBag from /home/airflow/.local/lib/python3.10/site-packages/airflow/example_dags/example_task_group_decorator.py
[2025-05-09T16:25:11.733+0000] {processor.py:840} INFO - DAG(s) 'example_task_group_decorator' retrieved from /home/airflow/.local/lib/python3.10/site-packages/airflow/example_dags/example_task_group_decorator.py
[2025-05-09T16:25:11.761+0000] {logging_mixin.py:188} INFO - [2025-05-09T16:25:11.761+0000] {dag.py:3096} INFO - Sync 1 DAGs
[2025-05-09T16:25:11.781+0000] {logging_mixin.py:188} INFO - [2025-05-09T16:25:11.781+0000] {dag.py:3954} INFO - Setting next_dagrun for example_task_group_decorator to 2025-05-08 00:00:00+00:00, run_after=2025-05-09 00:00:00+00:00
[2025-05-09T16:25:11.801+0000] {processor.py:183} INFO - Processing /home/airflow/.local/lib/python3.10/site-packages/airflow/example_dags/example_task_group_decorator.py took 0.089 seconds
[2025-05-09T16:25:42.469+0000] {processor.py:161} INFO - Started process (PID=11661) to work on /home/airflow/.local/lib/python3.10/site-packages/airflow/example_dags/example_task_group_decorator.py
[2025-05-09T16:25:42.470+0000] {processor.py:830} INFO - Processing file /home/airflow/.local/lib/python3.10/site-packages/airflow/example_dags/example_task_group_decorator.py for tasks to queue
[2025-05-09T16:25:42.472+0000] {logging_mixin.py:188} INFO - [2025-05-09T16:25:42.472+0000] {dagbag.py:545} INFO - Filling up the DagBag from /home/airflow/.local/lib/python3.10/site-packages/airflow/example_dags/example_task_group_decorator.py
[2025-05-09T16:25:42.487+0000] {processor.py:840} INFO - DAG(s) 'example_task_group_decorator' retrieved from /home/airflow/.local/lib/python3.10/site-packages/airflow/example_dags/example_task_group_decorator.py
[2025-05-09T16:25:42.510+0000] {logging_mixin.py:188} INFO - [2025-05-09T16:25:42.509+0000] {dag.py:3096} INFO - Sync 1 DAGs
[2025-05-09T16:25:42.528+0000] {logging_mixin.py:188} INFO - [2025-05-09T16:25:42.528+0000] {dag.py:3954} INFO - Setting next_dagrun for example_task_group_decorator to 2025-05-08 00:00:00+00:00, run_after=2025-05-09 00:00:00+00:00
[2025-05-09T16:25:42.543+0000] {processor.py:183} INFO - Processing /home/airflow/.local/lib/python3.10/site-packages/airflow/example_dags/example_task_group_decorator.py took 0.080 seconds
[2025-05-09T16:26:12.845+0000] {processor.py:161} INFO - Started process (PID=11984) to work on /home/airflow/.local/lib/python3.10/site-packages/airflow/example_dags/example_task_group_decorator.py
[2025-05-09T16:26:12.848+0000] {processor.py:830} INFO - Processing file /home/airflow/.local/lib/python3.10/site-packages/airflow/example_dags/example_task_group_decorator.py for tasks to queue
[2025-05-09T16:26:12.850+0000] {logging_mixin.py:188} INFO - [2025-05-09T16:26:12.850+0000] {dagbag.py:545} INFO - Filling up the DagBag from /home/airflow/.local/lib/python3.10/site-packages/airflow/example_dags/example_task_group_decorator.py
[2025-05-09T16:26:12.868+0000] {processor.py:840} INFO - DAG(s) 'example_task_group_decorator' retrieved from /home/airflow/.local/lib/python3.10/site-packages/airflow/example_dags/example_task_group_decorator.py
[2025-05-09T16:26:12.902+0000] {logging_mixin.py:188} INFO - [2025-05-09T16:26:12.901+0000] {dag.py:3096} INFO - Sync 1 DAGs
[2025-05-09T16:26:12.926+0000] {logging_mixin.py:188} INFO - [2025-05-09T16:26:12.926+0000] {dag.py:3954} INFO - Setting next_dagrun for example_task_group_decorator to 2025-05-08 00:00:00+00:00, run_after=2025-05-09 00:00:00+00:00
[2025-05-09T16:26:12.952+0000] {processor.py:183} INFO - Processing /home/airflow/.local/lib/python3.10/site-packages/airflow/example_dags/example_task_group_decorator.py took 0.115 seconds
[2025-05-09T16:26:43.396+0000] {processor.py:161} INFO - Started process (PID=12261) to work on /home/airflow/.local/lib/python3.10/site-packages/airflow/example_dags/example_task_group_decorator.py
[2025-05-09T16:26:43.398+0000] {processor.py:830} INFO - Processing file /home/airflow/.local/lib/python3.10/site-packages/airflow/example_dags/example_task_group_decorator.py for tasks to queue
[2025-05-09T16:26:43.400+0000] {logging_mixin.py:188} INFO - [2025-05-09T16:26:43.400+0000] {dagbag.py:545} INFO - Filling up the DagBag from /home/airflow/.local/lib/python3.10/site-packages/airflow/example_dags/example_task_group_decorator.py
[2025-05-09T16:26:43.413+0000] {processor.py:840} INFO - DAG(s) 'example_task_group_decorator' retrieved from /home/airflow/.local/lib/python3.10/site-packages/airflow/example_dags/example_task_group_decorator.py
[2025-05-09T16:26:43.438+0000] {logging_mixin.py:188} INFO - [2025-05-09T16:26:43.438+0000] {dag.py:3096} INFO - Sync 1 DAGs
[2025-05-09T16:26:43.459+0000] {logging_mixin.py:188} INFO - [2025-05-09T16:26:43.459+0000] {dag.py:3954} INFO - Setting next_dagrun for example_task_group_decorator to 2025-05-08 00:00:00+00:00, run_after=2025-05-09 00:00:00+00:00
[2025-05-09T16:26:43.479+0000] {processor.py:183} INFO - Processing /home/airflow/.local/lib/python3.10/site-packages/airflow/example_dags/example_task_group_decorator.py took 0.089 seconds
[2025-05-09T16:27:13.976+0000] {processor.py:161} INFO - Started process (PID=12580) to work on /home/airflow/.local/lib/python3.10/site-packages/airflow/example_dags/example_task_group_decorator.py
[2025-05-09T16:27:13.978+0000] {processor.py:830} INFO - Processing file /home/airflow/.local/lib/python3.10/site-packages/airflow/example_dags/example_task_group_decorator.py for tasks to queue
[2025-05-09T16:27:13.981+0000] {logging_mixin.py:188} INFO - [2025-05-09T16:27:13.980+0000] {dagbag.py:545} INFO - Filling up the DagBag from /home/airflow/.local/lib/python3.10/site-packages/airflow/example_dags/example_task_group_decorator.py
[2025-05-09T16:27:14.000+0000] {processor.py:840} INFO - DAG(s) 'example_task_group_decorator' retrieved from /home/airflow/.local/lib/python3.10/site-packages/airflow/example_dags/example_task_group_decorator.py
[2025-05-09T16:27:14.032+0000] {logging_mixin.py:188} INFO - [2025-05-09T16:27:14.031+0000] {dag.py:3096} INFO - Sync 1 DAGs
[2025-05-09T16:27:14.066+0000] {logging_mixin.py:188} INFO - [2025-05-09T16:27:14.066+0000] {dag.py:3954} INFO - Setting next_dagrun for example_task_group_decorator to 2025-05-08 00:00:00+00:00, run_after=2025-05-09 00:00:00+00:00
[2025-05-09T16:27:14.104+0000] {processor.py:183} INFO - Processing /home/airflow/.local/lib/python3.10/site-packages/airflow/example_dags/example_task_group_decorator.py took 0.137 seconds
[2025-05-09T16:27:44.393+0000] {processor.py:161} INFO - Started process (PID=12842) to work on /home/airflow/.local/lib/python3.10/site-packages/airflow/example_dags/example_task_group_decorator.py
[2025-05-09T16:27:44.394+0000] {processor.py:830} INFO - Processing file /home/airflow/.local/lib/python3.10/site-packages/airflow/example_dags/example_task_group_decorator.py for tasks to queue
[2025-05-09T16:27:44.398+0000] {logging_mixin.py:188} INFO - [2025-05-09T16:27:44.397+0000] {dagbag.py:545} INFO - Filling up the DagBag from /home/airflow/.local/lib/python3.10/site-packages/airflow/example_dags/example_task_group_decorator.py
[2025-05-09T16:27:44.415+0000] {processor.py:840} INFO - DAG(s) 'example_task_group_decorator' retrieved from /home/airflow/.local/lib/python3.10/site-packages/airflow/example_dags/example_task_group_decorator.py
[2025-05-09T16:27:44.452+0000] {logging_mixin.py:188} INFO - [2025-05-09T16:27:44.452+0000] {dag.py:3096} INFO - Sync 1 DAGs
[2025-05-09T16:27:44.485+0000] {logging_mixin.py:188} INFO - [2025-05-09T16:27:44.484+0000] {dag.py:3954} INFO - Setting next_dagrun for example_task_group_decorator to 2025-05-08 00:00:00+00:00, run_after=2025-05-09 00:00:00+00:00
[2025-05-09T16:27:44.519+0000] {processor.py:183} INFO - Processing /home/airflow/.local/lib/python3.10/site-packages/airflow/example_dags/example_task_group_decorator.py took 0.134 seconds
[2025-05-09T16:28:14.635+0000] {processor.py:161} INFO - Started process (PID=13140) to work on /home/airflow/.local/lib/python3.10/site-packages/airflow/example_dags/example_task_group_decorator.py
[2025-05-09T16:28:14.637+0000] {processor.py:830} INFO - Processing file /home/airflow/.local/lib/python3.10/site-packages/airflow/example_dags/example_task_group_decorator.py for tasks to queue
[2025-05-09T16:28:14.639+0000] {logging_mixin.py:188} INFO - [2025-05-09T16:28:14.639+0000] {dagbag.py:545} INFO - Filling up the DagBag from /home/airflow/.local/lib/python3.10/site-packages/airflow/example_dags/example_task_group_decorator.py
[2025-05-09T16:28:14.656+0000] {processor.py:840} INFO - DAG(s) 'example_task_group_decorator' retrieved from /home/airflow/.local/lib/python3.10/site-packages/airflow/example_dags/example_task_group_decorator.py
[2025-05-09T16:28:14.690+0000] {logging_mixin.py:188} INFO - [2025-05-09T16:28:14.690+0000] {dag.py:3096} INFO - Sync 1 DAGs
[2025-05-09T16:28:14.722+0000] {logging_mixin.py:188} INFO - [2025-05-09T16:28:14.722+0000] {dag.py:3954} INFO - Setting next_dagrun for example_task_group_decorator to 2025-05-08 00:00:00+00:00, run_after=2025-05-09 00:00:00+00:00
[2025-05-09T16:28:14.750+0000] {processor.py:183} INFO - Processing /home/airflow/.local/lib/python3.10/site-packages/airflow/example_dags/example_task_group_decorator.py took 0.122 seconds
[2025-05-09T16:28:45.729+0000] {processor.py:161} INFO - Started process (PID=13402) to work on /home/airflow/.local/lib/python3.10/site-packages/airflow/example_dags/example_task_group_decorator.py
[2025-05-09T16:28:45.731+0000] {processor.py:830} INFO - Processing file /home/airflow/.local/lib/python3.10/site-packages/airflow/example_dags/example_task_group_decorator.py for tasks to queue
[2025-05-09T16:28:45.734+0000] {logging_mixin.py:188} INFO - [2025-05-09T16:28:45.734+0000] {dagbag.py:545} INFO - Filling up the DagBag from /home/airflow/.local/lib/python3.10/site-packages/airflow/example_dags/example_task_group_decorator.py
[2025-05-09T16:28:45.749+0000] {processor.py:840} INFO - DAG(s) 'example_task_group_decorator' retrieved from /home/airflow/.local/lib/python3.10/site-packages/airflow/example_dags/example_task_group_decorator.py
[2025-05-09T16:28:45.779+0000] {logging_mixin.py:188} INFO - [2025-05-09T16:28:45.779+0000] {dag.py:3096} INFO - Sync 1 DAGs
[2025-05-09T16:28:45.805+0000] {logging_mixin.py:188} INFO - [2025-05-09T16:28:45.805+0000] {dag.py:3954} INFO - Setting next_dagrun for example_task_group_decorator to 2025-05-08 00:00:00+00:00, run_after=2025-05-09 00:00:00+00:00
[2025-05-09T16:28:45.830+0000] {processor.py:183} INFO - Processing /home/airflow/.local/lib/python3.10/site-packages/airflow/example_dags/example_task_group_decorator.py took 0.108 seconds
[2025-05-09T16:29:16.166+0000] {processor.py:161} INFO - Started process (PID=13741) to work on /home/airflow/.local/lib/python3.10/site-packages/airflow/example_dags/example_task_group_decorator.py
[2025-05-09T16:29:16.167+0000] {processor.py:830} INFO - Processing file /home/airflow/.local/lib/python3.10/site-packages/airflow/example_dags/example_task_group_decorator.py for tasks to queue
[2025-05-09T16:29:16.170+0000] {logging_mixin.py:188} INFO - [2025-05-09T16:29:16.169+0000] {dagbag.py:545} INFO - Filling up the DagBag from /home/airflow/.local/lib/python3.10/site-packages/airflow/example_dags/example_task_group_decorator.py
[2025-05-09T16:29:16.184+0000] {processor.py:840} INFO - DAG(s) 'example_task_group_decorator' retrieved from /home/airflow/.local/lib/python3.10/site-packages/airflow/example_dags/example_task_group_decorator.py
[2025-05-09T16:29:16.212+0000] {logging_mixin.py:188} INFO - [2025-05-09T16:29:16.212+0000] {dag.py:3096} INFO - Sync 1 DAGs
[2025-05-09T16:29:16.233+0000] {logging_mixin.py:188} INFO - [2025-05-09T16:29:16.233+0000] {dag.py:3954} INFO - Setting next_dagrun for example_task_group_decorator to 2025-05-08 00:00:00+00:00, run_after=2025-05-09 00:00:00+00:00
[2025-05-09T16:29:16.257+0000] {processor.py:183} INFO - Processing /home/airflow/.local/lib/python3.10/site-packages/airflow/example_dags/example_task_group_decorator.py took 0.097 seconds
[2025-05-09T16:29:46.528+0000] {processor.py:161} INFO - Started process (PID=14001) to work on /home/airflow/.local/lib/python3.10/site-packages/airflow/example_dags/example_task_group_decorator.py
[2025-05-09T16:29:46.530+0000] {processor.py:830} INFO - Processing file /home/airflow/.local/lib/python3.10/site-packages/airflow/example_dags/example_task_group_decorator.py for tasks to queue
[2025-05-09T16:29:46.532+0000] {logging_mixin.py:188} INFO - [2025-05-09T16:29:46.532+0000] {dagbag.py:545} INFO - Filling up the DagBag from /home/airflow/.local/lib/python3.10/site-packages/airflow/example_dags/example_task_group_decorator.py
[2025-05-09T16:29:46.545+0000] {processor.py:840} INFO - DAG(s) 'example_task_group_decorator' retrieved from /home/airflow/.local/lib/python3.10/site-packages/airflow/example_dags/example_task_group_decorator.py
[2025-05-09T16:29:46.578+0000] {logging_mixin.py:188} INFO - [2025-05-09T16:29:46.577+0000] {dag.py:3096} INFO - Sync 1 DAGs
[2025-05-09T16:29:46.602+0000] {logging_mixin.py:188} INFO - [2025-05-09T16:29:46.601+0000] {dag.py:3954} INFO - Setting next_dagrun for example_task_group_decorator to 2025-05-08 00:00:00+00:00, run_after=2025-05-09 00:00:00+00:00
[2025-05-09T16:29:46.626+0000] {processor.py:183} INFO - Processing /home/airflow/.local/lib/python3.10/site-packages/airflow/example_dags/example_task_group_decorator.py took 0.103 seconds
[2025-05-09T16:30:17.076+0000] {processor.py:161} INFO - Started process (PID=14314) to work on /home/airflow/.local/lib/python3.10/site-packages/airflow/example_dags/example_task_group_decorator.py
[2025-05-09T16:30:17.078+0000] {processor.py:830} INFO - Processing file /home/airflow/.local/lib/python3.10/site-packages/airflow/example_dags/example_task_group_decorator.py for tasks to queue
[2025-05-09T16:30:17.080+0000] {logging_mixin.py:188} INFO - [2025-05-09T16:30:17.080+0000] {dagbag.py:545} INFO - Filling up the DagBag from /home/airflow/.local/lib/python3.10/site-packages/airflow/example_dags/example_task_group_decorator.py
[2025-05-09T16:30:17.097+0000] {processor.py:840} INFO - DAG(s) 'example_task_group_decorator' retrieved from /home/airflow/.local/lib/python3.10/site-packages/airflow/example_dags/example_task_group_decorator.py
[2025-05-09T16:30:17.130+0000] {logging_mixin.py:188} INFO - [2025-05-09T16:30:17.130+0000] {dag.py:3096} INFO - Sync 1 DAGs
[2025-05-09T16:30:17.157+0000] {logging_mixin.py:188} INFO - [2025-05-09T16:30:17.157+0000] {dag.py:3954} INFO - Setting next_dagrun for example_task_group_decorator to 2025-05-08 00:00:00+00:00, run_after=2025-05-09 00:00:00+00:00
[2025-05-09T16:30:17.184+0000] {processor.py:183} INFO - Processing /home/airflow/.local/lib/python3.10/site-packages/airflow/example_dags/example_task_group_decorator.py took 0.117 seconds
[2025-05-09T16:30:47.443+0000] {processor.py:161} INFO - Started process (PID=14576) to work on /home/airflow/.local/lib/python3.10/site-packages/airflow/example_dags/example_task_group_decorator.py
[2025-05-09T16:30:47.446+0000] {processor.py:830} INFO - Processing file /home/airflow/.local/lib/python3.10/site-packages/airflow/example_dags/example_task_group_decorator.py for tasks to queue
[2025-05-09T16:30:47.450+0000] {logging_mixin.py:188} INFO - [2025-05-09T16:30:47.449+0000] {dagbag.py:545} INFO - Filling up the DagBag from /home/airflow/.local/lib/python3.10/site-packages/airflow/example_dags/example_task_group_decorator.py
[2025-05-09T16:30:47.492+0000] {processor.py:840} INFO - DAG(s) 'example_task_group_decorator' retrieved from /home/airflow/.local/lib/python3.10/site-packages/airflow/example_dags/example_task_group_decorator.py
[2025-05-09T16:30:47.538+0000] {logging_mixin.py:188} INFO - [2025-05-09T16:30:47.537+0000] {dag.py:3096} INFO - Sync 1 DAGs
[2025-05-09T16:30:47.561+0000] {logging_mixin.py:188} INFO - [2025-05-09T16:30:47.561+0000] {dag.py:3954} INFO - Setting next_dagrun for example_task_group_decorator to 2025-05-08 00:00:00+00:00, run_after=2025-05-09 00:00:00+00:00
[2025-05-09T16:30:47.585+0000] {processor.py:183} INFO - Processing /home/airflow/.local/lib/python3.10/site-packages/airflow/example_dags/example_task_group_decorator.py took 0.157 seconds
