[2025-05-09T12:10:20.277+0000] {processor.py:161} INFO - Started process (PID=231) to work on /home/airflow/.local/lib/python3.10/site-packages/airflow/example_dags/example_display_name.py
[2025-05-09T12:10:20.279+0000] {processor.py:830} INFO - Processing file /home/airflow/.local/lib/python3.10/site-packages/airflow/example_dags/example_display_name.py for tasks to queue
[2025-05-09T12:10:20.282+0000] {logging_mixin.py:188} INFO - [2025-05-09T12:10:20.282+0000] {dagbag.py:545} INFO - Filling up the DagBag from /home/airflow/.local/lib/python3.10/site-packages/airflow/example_dags/example_display_name.py
[2025-05-09T12:10:20.291+0000] {processor.py:840} INFO - DAG(s) 'example_display_name' retrieved from /home/airflow/.local/lib/python3.10/site-packages/airflow/example_dags/example_display_name.py
[2025-05-09T12:10:20.308+0000] {logging_mixin.py:188} INFO - [2025-05-09T12:10:20.307+0000] {dag.py:3096} INFO - Sync 1 DAGs
[2025-05-09T12:10:20.323+0000] {logging_mixin.py:188} INFO - [2025-05-09T12:10:20.323+0000] {dag.py:3954} INFO - Setting next_dagrun for example_display_name to None, run_after=None
[2025-05-09T12:10:20.350+0000] {processor.py:183} INFO - Processing /home/airflow/.local/lib/python3.10/site-packages/airflow/example_dags/example_display_name.py took 0.080 seconds
[2025-05-09T12:10:50.783+0000] {processor.py:161} INFO - Started process (PID=489) to work on /home/airflow/.local/lib/python3.10/site-packages/airflow/example_dags/example_display_name.py
[2025-05-09T12:10:50.784+0000] {processor.py:830} INFO - Processing file /home/airflow/.local/lib/python3.10/site-packages/airflow/example_dags/example_display_name.py for tasks to queue
[2025-05-09T12:10:50.786+0000] {logging_mixin.py:188} INFO - [2025-05-09T12:10:50.786+0000] {dagbag.py:545} INFO - Filling up the DagBag from /home/airflow/.local/lib/python3.10/site-packages/airflow/example_dags/example_display_name.py
[2025-05-09T12:10:50.793+0000] {processor.py:840} INFO - DAG(s) 'example_display_name' retrieved from /home/airflow/.local/lib/python3.10/site-packages/airflow/example_dags/example_display_name.py
[2025-05-09T12:10:50.944+0000] {logging_mixin.py:188} INFO - [2025-05-09T12:10:50.944+0000] {dag.py:3096} INFO - Sync 1 DAGs
[2025-05-09T12:10:50.963+0000] {logging_mixin.py:188} INFO - [2025-05-09T12:10:50.962+0000] {dag.py:3954} INFO - Setting next_dagrun for example_display_name to None, run_after=None
[2025-05-09T12:10:51.006+0000] {processor.py:183} INFO - Processing /home/airflow/.local/lib/python3.10/site-packages/airflow/example_dags/example_display_name.py took 0.230 seconds
[2025-05-09T12:11:21.111+0000] {processor.py:161} INFO - Started process (PID=743) to work on /home/airflow/.local/lib/python3.10/site-packages/airflow/example_dags/example_display_name.py
[2025-05-09T12:11:21.112+0000] {processor.py:830} INFO - Processing file /home/airflow/.local/lib/python3.10/site-packages/airflow/example_dags/example_display_name.py for tasks to queue
[2025-05-09T12:11:21.116+0000] {logging_mixin.py:188} INFO - [2025-05-09T12:11:21.116+0000] {dagbag.py:545} INFO - Filling up the DagBag from /home/airflow/.local/lib/python3.10/site-packages/airflow/example_dags/example_display_name.py
[2025-05-09T12:11:21.126+0000] {processor.py:840} INFO - DAG(s) 'example_display_name' retrieved from /home/airflow/.local/lib/python3.10/site-packages/airflow/example_dags/example_display_name.py
[2025-05-09T12:11:21.149+0000] {logging_mixin.py:188} INFO - [2025-05-09T12:11:21.148+0000] {dag.py:3096} INFO - Sync 1 DAGs
[2025-05-09T12:11:21.164+0000] {logging_mixin.py:188} INFO - [2025-05-09T12:11:21.164+0000] {dag.py:3954} INFO - Setting next_dagrun for example_display_name to None, run_after=None
[2025-05-09T12:11:21.189+0000] {processor.py:183} INFO - Processing /home/airflow/.local/lib/python3.10/site-packages/airflow/example_dags/example_display_name.py took 0.086 seconds
[2025-05-09T12:11:52.353+0000] {processor.py:161} INFO - Started process (PID=999) to work on /home/airflow/.local/lib/python3.10/site-packages/airflow/example_dags/example_display_name.py
[2025-05-09T12:11:52.355+0000] {processor.py:830} INFO - Processing file /home/airflow/.local/lib/python3.10/site-packages/airflow/example_dags/example_display_name.py for tasks to queue
[2025-05-09T12:11:52.358+0000] {logging_mixin.py:188} INFO - [2025-05-09T12:11:52.358+0000] {dagbag.py:545} INFO - Filling up the DagBag from /home/airflow/.local/lib/python3.10/site-packages/airflow/example_dags/example_display_name.py
[2025-05-09T12:11:52.366+0000] {processor.py:840} INFO - DAG(s) 'example_display_name' retrieved from /home/airflow/.local/lib/python3.10/site-packages/airflow/example_dags/example_display_name.py
[2025-05-09T12:11:52.391+0000] {logging_mixin.py:188} INFO - [2025-05-09T12:11:52.391+0000] {dag.py:3096} INFO - Sync 1 DAGs
[2025-05-09T12:11:52.408+0000] {logging_mixin.py:188} INFO - [2025-05-09T12:11:52.407+0000] {dag.py:3954} INFO - Setting next_dagrun for example_display_name to None, run_after=None
[2025-05-09T12:11:52.431+0000] {processor.py:183} INFO - Processing /home/airflow/.local/lib/python3.10/site-packages/airflow/example_dags/example_display_name.py took 0.086 seconds
[2025-05-09T12:12:22.860+0000] {processor.py:161} INFO - Started process (PID=1255) to work on /home/airflow/.local/lib/python3.10/site-packages/airflow/example_dags/example_display_name.py
[2025-05-09T12:12:22.862+0000] {processor.py:830} INFO - Processing file /home/airflow/.local/lib/python3.10/site-packages/airflow/example_dags/example_display_name.py for tasks to queue
[2025-05-09T12:12:22.865+0000] {logging_mixin.py:188} INFO - [2025-05-09T12:12:22.864+0000] {dagbag.py:545} INFO - Filling up the DagBag from /home/airflow/.local/lib/python3.10/site-packages/airflow/example_dags/example_display_name.py
[2025-05-09T12:12:22.873+0000] {processor.py:840} INFO - DAG(s) 'example_display_name' retrieved from /home/airflow/.local/lib/python3.10/site-packages/airflow/example_dags/example_display_name.py
[2025-05-09T12:12:22.899+0000] {logging_mixin.py:188} INFO - [2025-05-09T12:12:22.899+0000] {dag.py:3096} INFO - Sync 1 DAGs
[2025-05-09T12:12:22.916+0000] {logging_mixin.py:188} INFO - [2025-05-09T12:12:22.915+0000] {dag.py:3954} INFO - Setting next_dagrun for example_display_name to None, run_after=None
[2025-05-09T12:12:22.944+0000] {processor.py:183} INFO - Processing /home/airflow/.local/lib/python3.10/site-packages/airflow/example_dags/example_display_name.py took 0.091 seconds
[2025-05-09T12:12:53.025+0000] {processor.py:161} INFO - Started process (PID=1511) to work on /home/airflow/.local/lib/python3.10/site-packages/airflow/example_dags/example_display_name.py
[2025-05-09T12:12:53.026+0000] {processor.py:830} INFO - Processing file /home/airflow/.local/lib/python3.10/site-packages/airflow/example_dags/example_display_name.py for tasks to queue
[2025-05-09T12:12:53.028+0000] {logging_mixin.py:188} INFO - [2025-05-09T12:12:53.028+0000] {dagbag.py:545} INFO - Filling up the DagBag from /home/airflow/.local/lib/python3.10/site-packages/airflow/example_dags/example_display_name.py
[2025-05-09T12:12:53.035+0000] {processor.py:840} INFO - DAG(s) 'example_display_name' retrieved from /home/airflow/.local/lib/python3.10/site-packages/airflow/example_dags/example_display_name.py
[2025-05-09T12:12:53.059+0000] {logging_mixin.py:188} INFO - [2025-05-09T12:12:53.059+0000] {dag.py:3096} INFO - Sync 1 DAGs
[2025-05-09T12:12:53.073+0000] {logging_mixin.py:188} INFO - [2025-05-09T12:12:53.073+0000] {dag.py:3954} INFO - Setting next_dagrun for example_display_name to None, run_after=None
[2025-05-09T12:12:53.098+0000] {processor.py:183} INFO - Processing /home/airflow/.local/lib/python3.10/site-packages/airflow/example_dags/example_display_name.py took 0.082 seconds
[2025-05-09T12:13:23.319+0000] {processor.py:161} INFO - Started process (PID=1767) to work on /home/airflow/.local/lib/python3.10/site-packages/airflow/example_dags/example_display_name.py
[2025-05-09T12:13:23.320+0000] {processor.py:830} INFO - Processing file /home/airflow/.local/lib/python3.10/site-packages/airflow/example_dags/example_display_name.py for tasks to queue
[2025-05-09T12:13:23.323+0000] {logging_mixin.py:188} INFO - [2025-05-09T12:13:23.322+0000] {dagbag.py:545} INFO - Filling up the DagBag from /home/airflow/.local/lib/python3.10/site-packages/airflow/example_dags/example_display_name.py
[2025-05-09T12:13:23.329+0000] {processor.py:840} INFO - DAG(s) 'example_display_name' retrieved from /home/airflow/.local/lib/python3.10/site-packages/airflow/example_dags/example_display_name.py
[2025-05-09T12:13:23.357+0000] {logging_mixin.py:188} INFO - [2025-05-09T12:13:23.357+0000] {dag.py:3096} INFO - Sync 1 DAGs
[2025-05-09T12:13:23.374+0000] {logging_mixin.py:188} INFO - [2025-05-09T12:13:23.374+0000] {dag.py:3954} INFO - Setting next_dagrun for example_display_name to None, run_after=None
[2025-05-09T12:13:23.403+0000] {processor.py:183} INFO - Processing /home/airflow/.local/lib/python3.10/site-packages/airflow/example_dags/example_display_name.py took 0.091 seconds
[2025-05-09T12:13:53.779+0000] {processor.py:161} INFO - Started process (PID=2023) to work on /home/airflow/.local/lib/python3.10/site-packages/airflow/example_dags/example_display_name.py
[2025-05-09T12:13:53.780+0000] {processor.py:830} INFO - Processing file /home/airflow/.local/lib/python3.10/site-packages/airflow/example_dags/example_display_name.py for tasks to queue
[2025-05-09T12:13:53.783+0000] {logging_mixin.py:188} INFO - [2025-05-09T12:13:53.783+0000] {dagbag.py:545} INFO - Filling up the DagBag from /home/airflow/.local/lib/python3.10/site-packages/airflow/example_dags/example_display_name.py
[2025-05-09T12:13:53.793+0000] {processor.py:840} INFO - DAG(s) 'example_display_name' retrieved from /home/airflow/.local/lib/python3.10/site-packages/airflow/example_dags/example_display_name.py
[2025-05-09T12:13:53.816+0000] {logging_mixin.py:188} INFO - [2025-05-09T12:13:53.816+0000] {dag.py:3096} INFO - Sync 1 DAGs
[2025-05-09T12:13:53.832+0000] {logging_mixin.py:188} INFO - [2025-05-09T12:13:53.831+0000] {dag.py:3954} INFO - Setting next_dagrun for example_display_name to None, run_after=None
[2025-05-09T12:13:53.866+0000] {processor.py:183} INFO - Processing /home/airflow/.local/lib/python3.10/site-packages/airflow/example_dags/example_display_name.py took 0.098 seconds
[2025-05-09T12:14:24.281+0000] {processor.py:161} INFO - Started process (PID=2279) to work on /home/airflow/.local/lib/python3.10/site-packages/airflow/example_dags/example_display_name.py
[2025-05-09T12:14:24.282+0000] {processor.py:830} INFO - Processing file /home/airflow/.local/lib/python3.10/site-packages/airflow/example_dags/example_display_name.py for tasks to queue
[2025-05-09T12:14:24.284+0000] {logging_mixin.py:188} INFO - [2025-05-09T12:14:24.284+0000] {dagbag.py:545} INFO - Filling up the DagBag from /home/airflow/.local/lib/python3.10/site-packages/airflow/example_dags/example_display_name.py
[2025-05-09T12:14:24.290+0000] {processor.py:840} INFO - DAG(s) 'example_display_name' retrieved from /home/airflow/.local/lib/python3.10/site-packages/airflow/example_dags/example_display_name.py
[2025-05-09T12:14:24.313+0000] {logging_mixin.py:188} INFO - [2025-05-09T12:14:24.313+0000] {dag.py:3096} INFO - Sync 1 DAGs
[2025-05-09T12:14:24.331+0000] {logging_mixin.py:188} INFO - [2025-05-09T12:14:24.330+0000] {dag.py:3954} INFO - Setting next_dagrun for example_display_name to None, run_after=None
[2025-05-09T12:14:24.368+0000] {processor.py:183} INFO - Processing /home/airflow/.local/lib/python3.10/site-packages/airflow/example_dags/example_display_name.py took 0.094 seconds
[2025-05-09T12:14:54.802+0000] {processor.py:161} INFO - Started process (PID=2537) to work on /home/airflow/.local/lib/python3.10/site-packages/airflow/example_dags/example_display_name.py
[2025-05-09T12:14:54.804+0000] {processor.py:830} INFO - Processing file /home/airflow/.local/lib/python3.10/site-packages/airflow/example_dags/example_display_name.py for tasks to queue
[2025-05-09T12:14:54.807+0000] {logging_mixin.py:188} INFO - [2025-05-09T12:14:54.806+0000] {dagbag.py:545} INFO - Filling up the DagBag from /home/airflow/.local/lib/python3.10/site-packages/airflow/example_dags/example_display_name.py
[2025-05-09T12:14:54.815+0000] {processor.py:840} INFO - DAG(s) 'example_display_name' retrieved from /home/airflow/.local/lib/python3.10/site-packages/airflow/example_dags/example_display_name.py
[2025-05-09T12:14:54.839+0000] {logging_mixin.py:188} INFO - [2025-05-09T12:14:54.838+0000] {dag.py:3096} INFO - Sync 1 DAGs
[2025-05-09T12:14:54.859+0000] {logging_mixin.py:188} INFO - [2025-05-09T12:14:54.859+0000] {dag.py:3954} INFO - Setting next_dagrun for example_display_name to None, run_after=None
[2025-05-09T12:14:54.901+0000] {processor.py:183} INFO - Processing /home/airflow/.local/lib/python3.10/site-packages/airflow/example_dags/example_display_name.py took 0.106 seconds
[2025-05-09T12:15:25.167+0000] {processor.py:161} INFO - Started process (PID=2797) to work on /home/airflow/.local/lib/python3.10/site-packages/airflow/example_dags/example_display_name.py
[2025-05-09T12:15:25.168+0000] {processor.py:830} INFO - Processing file /home/airflow/.local/lib/python3.10/site-packages/airflow/example_dags/example_display_name.py for tasks to queue
[2025-05-09T12:15:25.172+0000] {logging_mixin.py:188} INFO - [2025-05-09T12:15:25.171+0000] {dagbag.py:545} INFO - Filling up the DagBag from /home/airflow/.local/lib/python3.10/site-packages/airflow/example_dags/example_display_name.py
[2025-05-09T12:15:25.179+0000] {processor.py:840} INFO - DAG(s) 'example_display_name' retrieved from /home/airflow/.local/lib/python3.10/site-packages/airflow/example_dags/example_display_name.py
[2025-05-09T12:15:25.208+0000] {logging_mixin.py:188} INFO - [2025-05-09T12:15:25.207+0000] {dag.py:3096} INFO - Sync 1 DAGs
[2025-05-09T12:15:25.222+0000] {logging_mixin.py:188} INFO - [2025-05-09T12:15:25.222+0000] {dag.py:3954} INFO - Setting next_dagrun for example_display_name to None, run_after=None
[2025-05-09T12:15:25.249+0000] {processor.py:183} INFO - Processing /home/airflow/.local/lib/python3.10/site-packages/airflow/example_dags/example_display_name.py took 0.090 seconds
[2025-05-09T12:43:52.426+0000] {processor.py:161} INFO - Started process (PID=239) to work on /home/airflow/.local/lib/python3.10/site-packages/airflow/example_dags/example_display_name.py
[2025-05-09T12:43:52.429+0000] {processor.py:830} INFO - Processing file /home/airflow/.local/lib/python3.10/site-packages/airflow/example_dags/example_display_name.py for tasks to queue
[2025-05-09T12:43:52.433+0000] {logging_mixin.py:188} INFO - [2025-05-09T12:43:52.432+0000] {dagbag.py:545} INFO - Filling up the DagBag from /home/airflow/.local/lib/python3.10/site-packages/airflow/example_dags/example_display_name.py
[2025-05-09T12:43:52.441+0000] {processor.py:840} INFO - DAG(s) 'example_display_name' retrieved from /home/airflow/.local/lib/python3.10/site-packages/airflow/example_dags/example_display_name.py
[2025-05-09T12:43:52.460+0000] {logging_mixin.py:188} INFO - [2025-05-09T12:43:52.459+0000] {dag.py:3096} INFO - Sync 1 DAGs
[2025-05-09T12:43:52.484+0000] {logging_mixin.py:188} INFO - [2025-05-09T12:43:52.483+0000] {dag.py:3954} INFO - Setting next_dagrun for example_display_name to None, run_after=None
[2025-05-09T12:43:52.519+0000] {processor.py:183} INFO - Processing /home/airflow/.local/lib/python3.10/site-packages/airflow/example_dags/example_display_name.py took 0.109 seconds
[2025-05-09T12:44:23.613+0000] {processor.py:161} INFO - Started process (PID=499) to work on /home/airflow/.local/lib/python3.10/site-packages/airflow/example_dags/example_display_name.py
[2025-05-09T12:44:23.616+0000] {processor.py:830} INFO - Processing file /home/airflow/.local/lib/python3.10/site-packages/airflow/example_dags/example_display_name.py for tasks to queue
[2025-05-09T12:44:23.619+0000] {logging_mixin.py:188} INFO - [2025-05-09T12:44:23.618+0000] {dagbag.py:545} INFO - Filling up the DagBag from /home/airflow/.local/lib/python3.10/site-packages/airflow/example_dags/example_display_name.py
[2025-05-09T12:44:23.628+0000] {processor.py:840} INFO - DAG(s) 'example_display_name' retrieved from /home/airflow/.local/lib/python3.10/site-packages/airflow/example_dags/example_display_name.py
[2025-05-09T12:44:23.760+0000] {logging_mixin.py:188} INFO - [2025-05-09T12:44:23.759+0000] {dag.py:3096} INFO - Sync 1 DAGs
[2025-05-09T12:44:23.777+0000] {logging_mixin.py:188} INFO - [2025-05-09T12:44:23.777+0000] {dag.py:3954} INFO - Setting next_dagrun for example_display_name to None, run_after=None
[2025-05-09T12:44:23.819+0000] {processor.py:183} INFO - Processing /home/airflow/.local/lib/python3.10/site-packages/airflow/example_dags/example_display_name.py took 0.214 seconds
[2025-05-09T12:44:53.870+0000] {processor.py:161} INFO - Started process (PID=763) to work on /home/airflow/.local/lib/python3.10/site-packages/airflow/example_dags/example_display_name.py
[2025-05-09T12:44:53.871+0000] {processor.py:830} INFO - Processing file /home/airflow/.local/lib/python3.10/site-packages/airflow/example_dags/example_display_name.py for tasks to queue
[2025-05-09T12:44:53.873+0000] {logging_mixin.py:188} INFO - [2025-05-09T12:44:53.872+0000] {dagbag.py:545} INFO - Filling up the DagBag from /home/airflow/.local/lib/python3.10/site-packages/airflow/example_dags/example_display_name.py
[2025-05-09T12:44:53.880+0000] {processor.py:840} INFO - DAG(s) 'example_display_name' retrieved from /home/airflow/.local/lib/python3.10/site-packages/airflow/example_dags/example_display_name.py
[2025-05-09T12:44:53.901+0000] {logging_mixin.py:188} INFO - [2025-05-09T12:44:53.901+0000] {dag.py:3096} INFO - Sync 1 DAGs
[2025-05-09T12:44:53.917+0000] {logging_mixin.py:188} INFO - [2025-05-09T12:44:53.916+0000] {dag.py:3954} INFO - Setting next_dagrun for example_display_name to None, run_after=None
[2025-05-09T12:44:53.946+0000] {processor.py:183} INFO - Processing /home/airflow/.local/lib/python3.10/site-packages/airflow/example_dags/example_display_name.py took 0.083 seconds
[2025-05-09T12:45:24.433+0000] {processor.py:161} INFO - Started process (PID=1023) to work on /home/airflow/.local/lib/python3.10/site-packages/airflow/example_dags/example_display_name.py
[2025-05-09T12:45:24.435+0000] {processor.py:830} INFO - Processing file /home/airflow/.local/lib/python3.10/site-packages/airflow/example_dags/example_display_name.py for tasks to queue
[2025-05-09T12:45:24.438+0000] {logging_mixin.py:188} INFO - [2025-05-09T12:45:24.438+0000] {dagbag.py:545} INFO - Filling up the DagBag from /home/airflow/.local/lib/python3.10/site-packages/airflow/example_dags/example_display_name.py
[2025-05-09T12:45:24.448+0000] {processor.py:840} INFO - DAG(s) 'example_display_name' retrieved from /home/airflow/.local/lib/python3.10/site-packages/airflow/example_dags/example_display_name.py
[2025-05-09T12:45:24.498+0000] {logging_mixin.py:188} INFO - [2025-05-09T12:45:24.497+0000] {dag.py:3096} INFO - Sync 1 DAGs
[2025-05-09T12:45:24.547+0000] {logging_mixin.py:188} INFO - [2025-05-09T12:45:24.547+0000] {dag.py:3954} INFO - Setting next_dagrun for example_display_name to None, run_after=None
[2025-05-09T12:45:24.627+0000] {processor.py:183} INFO - Processing /home/airflow/.local/lib/python3.10/site-packages/airflow/example_dags/example_display_name.py took 0.202 seconds
[2025-05-09T12:45:55.476+0000] {processor.py:161} INFO - Started process (PID=1285) to work on /home/airflow/.local/lib/python3.10/site-packages/airflow/example_dags/example_display_name.py
[2025-05-09T12:45:55.478+0000] {processor.py:830} INFO - Processing file /home/airflow/.local/lib/python3.10/site-packages/airflow/example_dags/example_display_name.py for tasks to queue
[2025-05-09T12:45:55.482+0000] {logging_mixin.py:188} INFO - [2025-05-09T12:45:55.480+0000] {dagbag.py:545} INFO - Filling up the DagBag from /home/airflow/.local/lib/python3.10/site-packages/airflow/example_dags/example_display_name.py
[2025-05-09T12:45:55.494+0000] {processor.py:840} INFO - DAG(s) 'example_display_name' retrieved from /home/airflow/.local/lib/python3.10/site-packages/airflow/example_dags/example_display_name.py
[2025-05-09T12:45:55.525+0000] {logging_mixin.py:188} INFO - [2025-05-09T12:45:55.524+0000] {dag.py:3096} INFO - Sync 1 DAGs
[2025-05-09T12:45:55.539+0000] {logging_mixin.py:188} INFO - [2025-05-09T12:45:55.538+0000] {dag.py:3954} INFO - Setting next_dagrun for example_display_name to None, run_after=None
[2025-05-09T12:45:55.567+0000] {processor.py:183} INFO - Processing /home/airflow/.local/lib/python3.10/site-packages/airflow/example_dags/example_display_name.py took 0.099 seconds
[2025-05-09T12:46:26.130+0000] {processor.py:161} INFO - Started process (PID=1547) to work on /home/airflow/.local/lib/python3.10/site-packages/airflow/example_dags/example_display_name.py
[2025-05-09T12:46:26.131+0000] {processor.py:830} INFO - Processing file /home/airflow/.local/lib/python3.10/site-packages/airflow/example_dags/example_display_name.py for tasks to queue
[2025-05-09T12:46:26.133+0000] {logging_mixin.py:188} INFO - [2025-05-09T12:46:26.132+0000] {dagbag.py:545} INFO - Filling up the DagBag from /home/airflow/.local/lib/python3.10/site-packages/airflow/example_dags/example_display_name.py
[2025-05-09T12:46:26.141+0000] {processor.py:840} INFO - DAG(s) 'example_display_name' retrieved from /home/airflow/.local/lib/python3.10/site-packages/airflow/example_dags/example_display_name.py
[2025-05-09T12:46:26.166+0000] {logging_mixin.py:188} INFO - [2025-05-09T12:46:26.165+0000] {dag.py:3096} INFO - Sync 1 DAGs
[2025-05-09T12:46:26.179+0000] {logging_mixin.py:188} INFO - [2025-05-09T12:46:26.179+0000] {dag.py:3954} INFO - Setting next_dagrun for example_display_name to None, run_after=None
[2025-05-09T12:46:26.208+0000] {processor.py:183} INFO - Processing /home/airflow/.local/lib/python3.10/site-packages/airflow/example_dags/example_display_name.py took 0.085 seconds
[2025-05-09T12:46:56.696+0000] {processor.py:161} INFO - Started process (PID=1809) to work on /home/airflow/.local/lib/python3.10/site-packages/airflow/example_dags/example_display_name.py
[2025-05-09T12:46:56.697+0000] {processor.py:830} INFO - Processing file /home/airflow/.local/lib/python3.10/site-packages/airflow/example_dags/example_display_name.py for tasks to queue
[2025-05-09T12:46:56.700+0000] {logging_mixin.py:188} INFO - [2025-05-09T12:46:56.699+0000] {dagbag.py:545} INFO - Filling up the DagBag from /home/airflow/.local/lib/python3.10/site-packages/airflow/example_dags/example_display_name.py
[2025-05-09T12:46:56.705+0000] {processor.py:840} INFO - DAG(s) 'example_display_name' retrieved from /home/airflow/.local/lib/python3.10/site-packages/airflow/example_dags/example_display_name.py
[2025-05-09T12:46:56.727+0000] {logging_mixin.py:188} INFO - [2025-05-09T12:46:56.727+0000] {dag.py:3096} INFO - Sync 1 DAGs
[2025-05-09T12:46:56.740+0000] {logging_mixin.py:188} INFO - [2025-05-09T12:46:56.740+0000] {dag.py:3954} INFO - Setting next_dagrun for example_display_name to None, run_after=None
[2025-05-09T12:46:56.769+0000] {processor.py:183} INFO - Processing /home/airflow/.local/lib/python3.10/site-packages/airflow/example_dags/example_display_name.py took 0.078 seconds
[2025-05-09T12:47:27.707+0000] {processor.py:161} INFO - Started process (PID=2080) to work on /home/airflow/.local/lib/python3.10/site-packages/airflow/example_dags/example_display_name.py
[2025-05-09T12:47:27.709+0000] {processor.py:830} INFO - Processing file /home/airflow/.local/lib/python3.10/site-packages/airflow/example_dags/example_display_name.py for tasks to queue
[2025-05-09T12:47:27.712+0000] {logging_mixin.py:188} INFO - [2025-05-09T12:47:27.712+0000] {dagbag.py:545} INFO - Filling up the DagBag from /home/airflow/.local/lib/python3.10/site-packages/airflow/example_dags/example_display_name.py
[2025-05-09T12:47:27.720+0000] {processor.py:840} INFO - DAG(s) 'example_display_name' retrieved from /home/airflow/.local/lib/python3.10/site-packages/airflow/example_dags/example_display_name.py
[2025-05-09T12:47:27.747+0000] {logging_mixin.py:188} INFO - [2025-05-09T12:47:27.747+0000] {dag.py:3096} INFO - Sync 1 DAGs
[2025-05-09T12:47:27.766+0000] {logging_mixin.py:188} INFO - [2025-05-09T12:47:27.766+0000] {dag.py:3954} INFO - Setting next_dagrun for example_display_name to None, run_after=None
[2025-05-09T12:47:27.798+0000] {processor.py:183} INFO - Processing /home/airflow/.local/lib/python3.10/site-packages/airflow/example_dags/example_display_name.py took 0.097 seconds
[2025-05-09T12:47:58.361+0000] {processor.py:161} INFO - Started process (PID=2342) to work on /home/airflow/.local/lib/python3.10/site-packages/airflow/example_dags/example_display_name.py
[2025-05-09T12:47:58.362+0000] {processor.py:830} INFO - Processing file /home/airflow/.local/lib/python3.10/site-packages/airflow/example_dags/example_display_name.py for tasks to queue
[2025-05-09T12:47:58.364+0000] {logging_mixin.py:188} INFO - [2025-05-09T12:47:58.364+0000] {dagbag.py:545} INFO - Filling up the DagBag from /home/airflow/.local/lib/python3.10/site-packages/airflow/example_dags/example_display_name.py
[2025-05-09T12:47:58.369+0000] {processor.py:840} INFO - DAG(s) 'example_display_name' retrieved from /home/airflow/.local/lib/python3.10/site-packages/airflow/example_dags/example_display_name.py
[2025-05-09T12:47:58.391+0000] {logging_mixin.py:188} INFO - [2025-05-09T12:47:58.391+0000] {dag.py:3096} INFO - Sync 1 DAGs
[2025-05-09T12:47:58.404+0000] {logging_mixin.py:188} INFO - [2025-05-09T12:47:58.404+0000] {dag.py:3954} INFO - Setting next_dagrun for example_display_name to None, run_after=None
[2025-05-09T12:47:58.428+0000] {processor.py:183} INFO - Processing /home/airflow/.local/lib/python3.10/site-packages/airflow/example_dags/example_display_name.py took 0.074 seconds
[2025-05-09T12:48:28.703+0000] {processor.py:161} INFO - Started process (PID=2613) to work on /home/airflow/.local/lib/python3.10/site-packages/airflow/example_dags/example_display_name.py
[2025-05-09T12:48:28.705+0000] {processor.py:830} INFO - Processing file /home/airflow/.local/lib/python3.10/site-packages/airflow/example_dags/example_display_name.py for tasks to queue
[2025-05-09T12:48:28.708+0000] {logging_mixin.py:188} INFO - [2025-05-09T12:48:28.708+0000] {dagbag.py:545} INFO - Filling up the DagBag from /home/airflow/.local/lib/python3.10/site-packages/airflow/example_dags/example_display_name.py
[2025-05-09T12:48:28.720+0000] {processor.py:840} INFO - DAG(s) 'example_display_name' retrieved from /home/airflow/.local/lib/python3.10/site-packages/airflow/example_dags/example_display_name.py
[2025-05-09T12:48:28.750+0000] {logging_mixin.py:188} INFO - [2025-05-09T12:48:28.750+0000] {dag.py:3096} INFO - Sync 1 DAGs
[2025-05-09T12:48:28.772+0000] {logging_mixin.py:188} INFO - [2025-05-09T12:48:28.772+0000] {dag.py:3954} INFO - Setting next_dagrun for example_display_name to None, run_after=None
[2025-05-09T12:48:28.806+0000] {processor.py:183} INFO - Processing /home/airflow/.local/lib/python3.10/site-packages/airflow/example_dags/example_display_name.py took 0.110 seconds
[2025-05-09T12:48:59.427+0000] {processor.py:161} INFO - Started process (PID=2875) to work on /home/airflow/.local/lib/python3.10/site-packages/airflow/example_dags/example_display_name.py
[2025-05-09T12:48:59.429+0000] {processor.py:830} INFO - Processing file /home/airflow/.local/lib/python3.10/site-packages/airflow/example_dags/example_display_name.py for tasks to queue
[2025-05-09T12:48:59.431+0000] {logging_mixin.py:188} INFO - [2025-05-09T12:48:59.431+0000] {dagbag.py:545} INFO - Filling up the DagBag from /home/airflow/.local/lib/python3.10/site-packages/airflow/example_dags/example_display_name.py
[2025-05-09T12:48:59.439+0000] {processor.py:840} INFO - DAG(s) 'example_display_name' retrieved from /home/airflow/.local/lib/python3.10/site-packages/airflow/example_dags/example_display_name.py
[2025-05-09T12:48:59.463+0000] {logging_mixin.py:188} INFO - [2025-05-09T12:48:59.462+0000] {dag.py:3096} INFO - Sync 1 DAGs
[2025-05-09T12:48:59.478+0000] {logging_mixin.py:188} INFO - [2025-05-09T12:48:59.477+0000] {dag.py:3954} INFO - Setting next_dagrun for example_display_name to None, run_after=None
[2025-05-09T12:48:59.509+0000] {processor.py:183} INFO - Processing /home/airflow/.local/lib/python3.10/site-packages/airflow/example_dags/example_display_name.py took 0.089 seconds
[2025-05-09T12:49:30.619+0000] {processor.py:161} INFO - Started process (PID=3137) to work on /home/airflow/.local/lib/python3.10/site-packages/airflow/example_dags/example_display_name.py
[2025-05-09T12:49:30.628+0000] {processor.py:830} INFO - Processing file /home/airflow/.local/lib/python3.10/site-packages/airflow/example_dags/example_display_name.py for tasks to queue
[2025-05-09T12:49:30.644+0000] {logging_mixin.py:188} INFO - [2025-05-09T12:49:30.642+0000] {dagbag.py:545} INFO - Filling up the DagBag from /home/airflow/.local/lib/python3.10/site-packages/airflow/example_dags/example_display_name.py
[2025-05-09T12:49:30.738+0000] {processor.py:840} INFO - DAG(s) 'example_display_name' retrieved from /home/airflow/.local/lib/python3.10/site-packages/airflow/example_dags/example_display_name.py
[2025-05-09T12:49:30.785+0000] {logging_mixin.py:188} INFO - [2025-05-09T12:49:30.784+0000] {dag.py:3096} INFO - Sync 1 DAGs
[2025-05-09T12:49:30.825+0000] {logging_mixin.py:188} INFO - [2025-05-09T12:49:30.825+0000] {dag.py:3954} INFO - Setting next_dagrun for example_display_name to None, run_after=None
[2025-05-09T12:49:30.858+0000] {processor.py:183} INFO - Processing /home/airflow/.local/lib/python3.10/site-packages/airflow/example_dags/example_display_name.py took 0.333 seconds
[2025-05-09T12:50:01.247+0000] {processor.py:161} INFO - Started process (PID=3403) to work on /home/airflow/.local/lib/python3.10/site-packages/airflow/example_dags/example_display_name.py
[2025-05-09T12:50:01.249+0000] {processor.py:830} INFO - Processing file /home/airflow/.local/lib/python3.10/site-packages/airflow/example_dags/example_display_name.py for tasks to queue
[2025-05-09T12:50:01.252+0000] {logging_mixin.py:188} INFO - [2025-05-09T12:50:01.252+0000] {dagbag.py:545} INFO - Filling up the DagBag from /home/airflow/.local/lib/python3.10/site-packages/airflow/example_dags/example_display_name.py
[2025-05-09T12:50:01.260+0000] {processor.py:840} INFO - DAG(s) 'example_display_name' retrieved from /home/airflow/.local/lib/python3.10/site-packages/airflow/example_dags/example_display_name.py
[2025-05-09T12:50:01.288+0000] {logging_mixin.py:188} INFO - [2025-05-09T12:50:01.288+0000] {dag.py:3096} INFO - Sync 1 DAGs
[2025-05-09T12:50:01.304+0000] {logging_mixin.py:188} INFO - [2025-05-09T12:50:01.304+0000] {dag.py:3954} INFO - Setting next_dagrun for example_display_name to None, run_after=None
[2025-05-09T12:50:01.335+0000] {processor.py:183} INFO - Processing /home/airflow/.local/lib/python3.10/site-packages/airflow/example_dags/example_display_name.py took 0.098 seconds
[2025-05-09T12:50:31.422+0000] {processor.py:161} INFO - Started process (PID=3670) to work on /home/airflow/.local/lib/python3.10/site-packages/airflow/example_dags/example_display_name.py
[2025-05-09T12:50:31.424+0000] {processor.py:830} INFO - Processing file /home/airflow/.local/lib/python3.10/site-packages/airflow/example_dags/example_display_name.py for tasks to queue
[2025-05-09T12:50:31.426+0000] {logging_mixin.py:188} INFO - [2025-05-09T12:50:31.426+0000] {dagbag.py:545} INFO - Filling up the DagBag from /home/airflow/.local/lib/python3.10/site-packages/airflow/example_dags/example_display_name.py
[2025-05-09T12:50:31.435+0000] {processor.py:840} INFO - DAG(s) 'example_display_name' retrieved from /home/airflow/.local/lib/python3.10/site-packages/airflow/example_dags/example_display_name.py
[2025-05-09T12:50:31.461+0000] {logging_mixin.py:188} INFO - [2025-05-09T12:50:31.460+0000] {dag.py:3096} INFO - Sync 1 DAGs
[2025-05-09T12:50:31.478+0000] {logging_mixin.py:188} INFO - [2025-05-09T12:50:31.478+0000] {dag.py:3954} INFO - Setting next_dagrun for example_display_name to None, run_after=None
[2025-05-09T12:50:31.510+0000] {processor.py:183} INFO - Processing /home/airflow/.local/lib/python3.10/site-packages/airflow/example_dags/example_display_name.py took 0.096 seconds
[2025-05-09T12:51:02.199+0000] {processor.py:161} INFO - Started process (PID=3934) to work on /home/airflow/.local/lib/python3.10/site-packages/airflow/example_dags/example_display_name.py
[2025-05-09T12:51:02.200+0000] {processor.py:830} INFO - Processing file /home/airflow/.local/lib/python3.10/site-packages/airflow/example_dags/example_display_name.py for tasks to queue
[2025-05-09T12:51:02.203+0000] {logging_mixin.py:188} INFO - [2025-05-09T12:51:02.203+0000] {dagbag.py:545} INFO - Filling up the DagBag from /home/airflow/.local/lib/python3.10/site-packages/airflow/example_dags/example_display_name.py
[2025-05-09T12:51:02.212+0000] {processor.py:840} INFO - DAG(s) 'example_display_name' retrieved from /home/airflow/.local/lib/python3.10/site-packages/airflow/example_dags/example_display_name.py
[2025-05-09T12:51:02.247+0000] {logging_mixin.py:188} INFO - [2025-05-09T12:51:02.247+0000] {dag.py:3096} INFO - Sync 1 DAGs
[2025-05-09T12:51:02.266+0000] {logging_mixin.py:188} INFO - [2025-05-09T12:51:02.266+0000] {dag.py:3954} INFO - Setting next_dagrun for example_display_name to None, run_after=None
[2025-05-09T12:51:02.303+0000] {processor.py:183} INFO - Processing /home/airflow/.local/lib/python3.10/site-packages/airflow/example_dags/example_display_name.py took 0.112 seconds
[2025-05-09T12:52:22.036+0000] {processor.py:161} INFO - Started process (PID=241) to work on /home/airflow/.local/lib/python3.10/site-packages/airflow/example_dags/example_display_name.py
[2025-05-09T12:52:22.038+0000] {processor.py:830} INFO - Processing file /home/airflow/.local/lib/python3.10/site-packages/airflow/example_dags/example_display_name.py for tasks to queue
[2025-05-09T12:52:22.041+0000] {logging_mixin.py:188} INFO - [2025-05-09T12:52:22.041+0000] {dagbag.py:545} INFO - Filling up the DagBag from /home/airflow/.local/lib/python3.10/site-packages/airflow/example_dags/example_display_name.py
[2025-05-09T12:52:22.049+0000] {processor.py:840} INFO - DAG(s) 'example_display_name' retrieved from /home/airflow/.local/lib/python3.10/site-packages/airflow/example_dags/example_display_name.py
[2025-05-09T12:52:22.070+0000] {logging_mixin.py:188} INFO - [2025-05-09T12:52:22.069+0000] {dag.py:3096} INFO - Sync 1 DAGs
[2025-05-09T12:52:22.087+0000] {logging_mixin.py:188} INFO - [2025-05-09T12:52:22.086+0000] {dag.py:3954} INFO - Setting next_dagrun for example_display_name to None, run_after=None
[2025-05-09T12:52:22.117+0000] {processor.py:183} INFO - Processing /home/airflow/.local/lib/python3.10/site-packages/airflow/example_dags/example_display_name.py took 0.091 seconds
[2025-05-09T12:52:53.236+0000] {processor.py:161} INFO - Started process (PID=504) to work on /home/airflow/.local/lib/python3.10/site-packages/airflow/example_dags/example_display_name.py
[2025-05-09T12:52:53.238+0000] {processor.py:830} INFO - Processing file /home/airflow/.local/lib/python3.10/site-packages/airflow/example_dags/example_display_name.py for tasks to queue
[2025-05-09T12:52:53.240+0000] {logging_mixin.py:188} INFO - [2025-05-09T12:52:53.239+0000] {dagbag.py:545} INFO - Filling up the DagBag from /home/airflow/.local/lib/python3.10/site-packages/airflow/example_dags/example_display_name.py
[2025-05-09T12:52:53.247+0000] {processor.py:840} INFO - DAG(s) 'example_display_name' retrieved from /home/airflow/.local/lib/python3.10/site-packages/airflow/example_dags/example_display_name.py
[2025-05-09T12:52:53.351+0000] {logging_mixin.py:188} INFO - [2025-05-09T12:52:53.351+0000] {dag.py:3096} INFO - Sync 1 DAGs
[2025-05-09T12:52:53.364+0000] {logging_mixin.py:188} INFO - [2025-05-09T12:52:53.364+0000] {dag.py:3954} INFO - Setting next_dagrun for example_display_name to None, run_after=None
[2025-05-09T12:52:53.402+0000] {processor.py:183} INFO - Processing /home/airflow/.local/lib/python3.10/site-packages/airflow/example_dags/example_display_name.py took 0.173 seconds
[2025-05-09T12:53:24.212+0000] {processor.py:161} INFO - Started process (PID=766) to work on /home/airflow/.local/lib/python3.10/site-packages/airflow/example_dags/example_display_name.py
[2025-05-09T12:53:24.213+0000] {processor.py:830} INFO - Processing file /home/airflow/.local/lib/python3.10/site-packages/airflow/example_dags/example_display_name.py for tasks to queue
[2025-05-09T12:53:24.215+0000] {logging_mixin.py:188} INFO - [2025-05-09T12:53:24.215+0000] {dagbag.py:545} INFO - Filling up the DagBag from /home/airflow/.local/lib/python3.10/site-packages/airflow/example_dags/example_display_name.py
[2025-05-09T12:53:24.220+0000] {processor.py:840} INFO - DAG(s) 'example_display_name' retrieved from /home/airflow/.local/lib/python3.10/site-packages/airflow/example_dags/example_display_name.py
[2025-05-09T12:53:24.241+0000] {logging_mixin.py:188} INFO - [2025-05-09T12:53:24.240+0000] {dag.py:3096} INFO - Sync 1 DAGs
[2025-05-09T12:53:24.252+0000] {logging_mixin.py:188} INFO - [2025-05-09T12:53:24.252+0000] {dag.py:3954} INFO - Setting next_dagrun for example_display_name to None, run_after=None
[2025-05-09T12:53:24.278+0000] {processor.py:183} INFO - Processing /home/airflow/.local/lib/python3.10/site-packages/airflow/example_dags/example_display_name.py took 0.073 seconds
[2025-05-09T12:53:55.071+0000] {processor.py:161} INFO - Started process (PID=1031) to work on /home/airflow/.local/lib/python3.10/site-packages/airflow/example_dags/example_display_name.py
[2025-05-09T12:53:55.073+0000] {processor.py:830} INFO - Processing file /home/airflow/.local/lib/python3.10/site-packages/airflow/example_dags/example_display_name.py for tasks to queue
[2025-05-09T12:53:55.075+0000] {logging_mixin.py:188} INFO - [2025-05-09T12:53:55.074+0000] {dagbag.py:545} INFO - Filling up the DagBag from /home/airflow/.local/lib/python3.10/site-packages/airflow/example_dags/example_display_name.py
[2025-05-09T12:53:55.083+0000] {processor.py:840} INFO - DAG(s) 'example_display_name' retrieved from /home/airflow/.local/lib/python3.10/site-packages/airflow/example_dags/example_display_name.py
[2025-05-09T12:53:55.104+0000] {logging_mixin.py:188} INFO - [2025-05-09T12:53:55.104+0000] {dag.py:3096} INFO - Sync 1 DAGs
[2025-05-09T12:53:55.118+0000] {logging_mixin.py:188} INFO - [2025-05-09T12:53:55.118+0000] {dag.py:3954} INFO - Setting next_dagrun for example_display_name to None, run_after=None
[2025-05-09T12:53:55.140+0000] {processor.py:183} INFO - Processing /home/airflow/.local/lib/python3.10/site-packages/airflow/example_dags/example_display_name.py took 0.075 seconds
[2025-05-09T12:54:25.837+0000] {processor.py:161} INFO - Started process (PID=1291) to work on /home/airflow/.local/lib/python3.10/site-packages/airflow/example_dags/example_display_name.py
[2025-05-09T12:54:25.841+0000] {processor.py:830} INFO - Processing file /home/airflow/.local/lib/python3.10/site-packages/airflow/example_dags/example_display_name.py for tasks to queue
[2025-05-09T12:54:25.845+0000] {logging_mixin.py:188} INFO - [2025-05-09T12:54:25.844+0000] {dagbag.py:545} INFO - Filling up the DagBag from /home/airflow/.local/lib/python3.10/site-packages/airflow/example_dags/example_display_name.py
[2025-05-09T12:54:25.855+0000] {processor.py:840} INFO - DAG(s) 'example_display_name' retrieved from /home/airflow/.local/lib/python3.10/site-packages/airflow/example_dags/example_display_name.py
[2025-05-09T12:54:25.895+0000] {logging_mixin.py:188} INFO - [2025-05-09T12:54:25.895+0000] {dag.py:3096} INFO - Sync 1 DAGs
[2025-05-09T12:54:25.915+0000] {logging_mixin.py:188} INFO - [2025-05-09T12:54:25.914+0000] {dag.py:3954} INFO - Setting next_dagrun for example_display_name to None, run_after=None
[2025-05-09T12:54:25.952+0000] {processor.py:183} INFO - Processing /home/airflow/.local/lib/python3.10/site-packages/airflow/example_dags/example_display_name.py took 0.125 seconds
[2025-05-09T12:54:56.236+0000] {processor.py:161} INFO - Started process (PID=1554) to work on /home/airflow/.local/lib/python3.10/site-packages/airflow/example_dags/example_display_name.py
[2025-05-09T12:54:56.237+0000] {processor.py:830} INFO - Processing file /home/airflow/.local/lib/python3.10/site-packages/airflow/example_dags/example_display_name.py for tasks to queue
[2025-05-09T12:54:56.241+0000] {logging_mixin.py:188} INFO - [2025-05-09T12:54:56.240+0000] {dagbag.py:545} INFO - Filling up the DagBag from /home/airflow/.local/lib/python3.10/site-packages/airflow/example_dags/example_display_name.py
[2025-05-09T12:54:56.250+0000] {processor.py:840} INFO - DAG(s) 'example_display_name' retrieved from /home/airflow/.local/lib/python3.10/site-packages/airflow/example_dags/example_display_name.py
[2025-05-09T12:54:56.277+0000] {logging_mixin.py:188} INFO - [2025-05-09T12:54:56.277+0000] {dag.py:3096} INFO - Sync 1 DAGs
[2025-05-09T12:54:56.294+0000] {logging_mixin.py:188} INFO - [2025-05-09T12:54:56.294+0000] {dag.py:3954} INFO - Setting next_dagrun for example_display_name to None, run_after=None
[2025-05-09T12:54:56.320+0000] {processor.py:183} INFO - Processing /home/airflow/.local/lib/python3.10/site-packages/airflow/example_dags/example_display_name.py took 0.091 seconds
[2025-05-09T12:55:26.734+0000] {processor.py:161} INFO - Started process (PID=1820) to work on /home/airflow/.local/lib/python3.10/site-packages/airflow/example_dags/example_display_name.py
[2025-05-09T12:55:26.736+0000] {processor.py:830} INFO - Processing file /home/airflow/.local/lib/python3.10/site-packages/airflow/example_dags/example_display_name.py for tasks to queue
[2025-05-09T12:55:26.738+0000] {logging_mixin.py:188} INFO - [2025-05-09T12:55:26.738+0000] {dagbag.py:545} INFO - Filling up the DagBag from /home/airflow/.local/lib/python3.10/site-packages/airflow/example_dags/example_display_name.py
[2025-05-09T12:55:26.744+0000] {processor.py:840} INFO - DAG(s) 'example_display_name' retrieved from /home/airflow/.local/lib/python3.10/site-packages/airflow/example_dags/example_display_name.py
[2025-05-09T12:55:26.767+0000] {logging_mixin.py:188} INFO - [2025-05-09T12:55:26.767+0000] {dag.py:3096} INFO - Sync 1 DAGs
[2025-05-09T12:55:26.786+0000] {logging_mixin.py:188} INFO - [2025-05-09T12:55:26.785+0000] {dag.py:3954} INFO - Setting next_dagrun for example_display_name to None, run_after=None
[2025-05-09T12:55:26.812+0000] {processor.py:183} INFO - Processing /home/airflow/.local/lib/python3.10/site-packages/airflow/example_dags/example_display_name.py took 0.085 seconds
[2025-05-09T12:57:15.074+0000] {processor.py:161} INFO - Started process (PID=240) to work on /home/airflow/.local/lib/python3.10/site-packages/airflow/example_dags/example_display_name.py
[2025-05-09T12:57:15.076+0000] {processor.py:830} INFO - Processing file /home/airflow/.local/lib/python3.10/site-packages/airflow/example_dags/example_display_name.py for tasks to queue
[2025-05-09T12:57:15.078+0000] {logging_mixin.py:188} INFO - [2025-05-09T12:57:15.077+0000] {dagbag.py:545} INFO - Filling up the DagBag from /home/airflow/.local/lib/python3.10/site-packages/airflow/example_dags/example_display_name.py
[2025-05-09T12:57:15.087+0000] {processor.py:840} INFO - DAG(s) 'example_display_name' retrieved from /home/airflow/.local/lib/python3.10/site-packages/airflow/example_dags/example_display_name.py
[2025-05-09T12:57:15.110+0000] {logging_mixin.py:188} INFO - [2025-05-09T12:57:15.109+0000] {dag.py:3096} INFO - Sync 1 DAGs
[2025-05-09T12:57:15.128+0000] {logging_mixin.py:188} INFO - [2025-05-09T12:57:15.127+0000] {dag.py:3954} INFO - Setting next_dagrun for example_display_name to None, run_after=None
[2025-05-09T12:57:15.166+0000] {processor.py:183} INFO - Processing /home/airflow/.local/lib/python3.10/site-packages/airflow/example_dags/example_display_name.py took 0.101 seconds
[2025-05-09T12:57:45.339+0000] {processor.py:161} INFO - Started process (PID=500) to work on /home/airflow/.local/lib/python3.10/site-packages/airflow/example_dags/example_display_name.py
[2025-05-09T12:57:45.341+0000] {processor.py:830} INFO - Processing file /home/airflow/.local/lib/python3.10/site-packages/airflow/example_dags/example_display_name.py for tasks to queue
[2025-05-09T12:57:45.344+0000] {logging_mixin.py:188} INFO - [2025-05-09T12:57:45.343+0000] {dagbag.py:545} INFO - Filling up the DagBag from /home/airflow/.local/lib/python3.10/site-packages/airflow/example_dags/example_display_name.py
[2025-05-09T12:57:45.349+0000] {processor.py:840} INFO - DAG(s) 'example_display_name' retrieved from /home/airflow/.local/lib/python3.10/site-packages/airflow/example_dags/example_display_name.py
[2025-05-09T12:57:45.435+0000] {logging_mixin.py:188} INFO - [2025-05-09T12:57:45.435+0000] {dag.py:3096} INFO - Sync 1 DAGs
[2025-05-09T12:57:45.444+0000] {logging_mixin.py:188} INFO - [2025-05-09T12:57:45.444+0000] {dag.py:3954} INFO - Setting next_dagrun for example_display_name to None, run_after=None
[2025-05-09T12:57:45.466+0000] {processor.py:183} INFO - Processing /home/airflow/.local/lib/python3.10/site-packages/airflow/example_dags/example_display_name.py took 0.132 seconds
[2025-05-09T12:58:16.371+0000] {processor.py:161} INFO - Started process (PID=762) to work on /home/airflow/.local/lib/python3.10/site-packages/airflow/example_dags/example_display_name.py
[2025-05-09T12:58:16.373+0000] {processor.py:830} INFO - Processing file /home/airflow/.local/lib/python3.10/site-packages/airflow/example_dags/example_display_name.py for tasks to queue
[2025-05-09T12:58:16.375+0000] {logging_mixin.py:188} INFO - [2025-05-09T12:58:16.375+0000] {dagbag.py:545} INFO - Filling up the DagBag from /home/airflow/.local/lib/python3.10/site-packages/airflow/example_dags/example_display_name.py
[2025-05-09T12:58:16.380+0000] {processor.py:840} INFO - DAG(s) 'example_display_name' retrieved from /home/airflow/.local/lib/python3.10/site-packages/airflow/example_dags/example_display_name.py
[2025-05-09T12:58:16.406+0000] {logging_mixin.py:188} INFO - [2025-05-09T12:58:16.405+0000] {dag.py:3096} INFO - Sync 1 DAGs
[2025-05-09T12:58:16.421+0000] {logging_mixin.py:188} INFO - [2025-05-09T12:58:16.421+0000] {dag.py:3954} INFO - Setting next_dagrun for example_display_name to None, run_after=None
[2025-05-09T12:58:16.448+0000] {processor.py:183} INFO - Processing /home/airflow/.local/lib/python3.10/site-packages/airflow/example_dags/example_display_name.py took 0.084 seconds
[2025-05-09T12:58:46.821+0000] {processor.py:161} INFO - Started process (PID=1024) to work on /home/airflow/.local/lib/python3.10/site-packages/airflow/example_dags/example_display_name.py
[2025-05-09T12:58:46.823+0000] {processor.py:830} INFO - Processing file /home/airflow/.local/lib/python3.10/site-packages/airflow/example_dags/example_display_name.py for tasks to queue
[2025-05-09T12:58:46.826+0000] {logging_mixin.py:188} INFO - [2025-05-09T12:58:46.825+0000] {dagbag.py:545} INFO - Filling up the DagBag from /home/airflow/.local/lib/python3.10/site-packages/airflow/example_dags/example_display_name.py
[2025-05-09T12:58:46.833+0000] {processor.py:840} INFO - DAG(s) 'example_display_name' retrieved from /home/airflow/.local/lib/python3.10/site-packages/airflow/example_dags/example_display_name.py
[2025-05-09T12:58:46.858+0000] {logging_mixin.py:188} INFO - [2025-05-09T12:58:46.858+0000] {dag.py:3096} INFO - Sync 1 DAGs
[2025-05-09T12:58:46.873+0000] {logging_mixin.py:188} INFO - [2025-05-09T12:58:46.873+0000] {dag.py:3954} INFO - Setting next_dagrun for example_display_name to None, run_after=None
[2025-05-09T12:58:46.900+0000] {processor.py:183} INFO - Processing /home/airflow/.local/lib/python3.10/site-packages/airflow/example_dags/example_display_name.py took 0.086 seconds
[2025-05-09T12:59:17.279+0000] {processor.py:161} INFO - Started process (PID=1286) to work on /home/airflow/.local/lib/python3.10/site-packages/airflow/example_dags/example_display_name.py
[2025-05-09T12:59:17.282+0000] {processor.py:830} INFO - Processing file /home/airflow/.local/lib/python3.10/site-packages/airflow/example_dags/example_display_name.py for tasks to queue
[2025-05-09T12:59:17.285+0000] {logging_mixin.py:188} INFO - [2025-05-09T12:59:17.284+0000] {dagbag.py:545} INFO - Filling up the DagBag from /home/airflow/.local/lib/python3.10/site-packages/airflow/example_dags/example_display_name.py
[2025-05-09T12:59:17.292+0000] {processor.py:840} INFO - DAG(s) 'example_display_name' retrieved from /home/airflow/.local/lib/python3.10/site-packages/airflow/example_dags/example_display_name.py
[2025-05-09T12:59:17.323+0000] {logging_mixin.py:188} INFO - [2025-05-09T12:59:17.322+0000] {dag.py:3096} INFO - Sync 1 DAGs
[2025-05-09T12:59:17.337+0000] {logging_mixin.py:188} INFO - [2025-05-09T12:59:17.337+0000] {dag.py:3954} INFO - Setting next_dagrun for example_display_name to None, run_after=None
[2025-05-09T12:59:17.365+0000] {processor.py:183} INFO - Processing /home/airflow/.local/lib/python3.10/site-packages/airflow/example_dags/example_display_name.py took 0.092 seconds
[2025-05-09T12:59:48.362+0000] {processor.py:161} INFO - Started process (PID=1550) to work on /home/airflow/.local/lib/python3.10/site-packages/airflow/example_dags/example_display_name.py
[2025-05-09T12:59:48.364+0000] {processor.py:830} INFO - Processing file /home/airflow/.local/lib/python3.10/site-packages/airflow/example_dags/example_display_name.py for tasks to queue
[2025-05-09T12:59:48.366+0000] {logging_mixin.py:188} INFO - [2025-05-09T12:59:48.366+0000] {dagbag.py:545} INFO - Filling up the DagBag from /home/airflow/.local/lib/python3.10/site-packages/airflow/example_dags/example_display_name.py
[2025-05-09T12:59:48.374+0000] {processor.py:840} INFO - DAG(s) 'example_display_name' retrieved from /home/airflow/.local/lib/python3.10/site-packages/airflow/example_dags/example_display_name.py
[2025-05-09T12:59:48.394+0000] {logging_mixin.py:188} INFO - [2025-05-09T12:59:48.394+0000] {dag.py:3096} INFO - Sync 1 DAGs
[2025-05-09T12:59:48.407+0000] {logging_mixin.py:188} INFO - [2025-05-09T12:59:48.407+0000] {dag.py:3954} INFO - Setting next_dagrun for example_display_name to None, run_after=None
[2025-05-09T12:59:48.429+0000] {processor.py:183} INFO - Processing /home/airflow/.local/lib/python3.10/site-packages/airflow/example_dags/example_display_name.py took 0.073 seconds
[2025-05-09T13:00:18.748+0000] {processor.py:161} INFO - Started process (PID=1820) to work on /home/airflow/.local/lib/python3.10/site-packages/airflow/example_dags/example_display_name.py
[2025-05-09T13:00:18.749+0000] {processor.py:830} INFO - Processing file /home/airflow/.local/lib/python3.10/site-packages/airflow/example_dags/example_display_name.py for tasks to queue
[2025-05-09T13:00:18.753+0000] {logging_mixin.py:188} INFO - [2025-05-09T13:00:18.752+0000] {dagbag.py:545} INFO - Filling up the DagBag from /home/airflow/.local/lib/python3.10/site-packages/airflow/example_dags/example_display_name.py
[2025-05-09T13:00:18.760+0000] {processor.py:840} INFO - DAG(s) 'example_display_name' retrieved from /home/airflow/.local/lib/python3.10/site-packages/airflow/example_dags/example_display_name.py
[2025-05-09T13:00:18.783+0000] {logging_mixin.py:188} INFO - [2025-05-09T13:00:18.783+0000] {dag.py:3096} INFO - Sync 1 DAGs
[2025-05-09T13:00:18.799+0000] {logging_mixin.py:188} INFO - [2025-05-09T13:00:18.799+0000] {dag.py:3954} INFO - Setting next_dagrun for example_display_name to None, run_after=None
[2025-05-09T13:00:18.826+0000] {processor.py:183} INFO - Processing /home/airflow/.local/lib/python3.10/site-packages/airflow/example_dags/example_display_name.py took 0.086 seconds
[2025-05-09T13:00:49.534+0000] {processor.py:161} INFO - Started process (PID=2081) to work on /home/airflow/.local/lib/python3.10/site-packages/airflow/example_dags/example_display_name.py
[2025-05-09T13:00:49.535+0000] {processor.py:830} INFO - Processing file /home/airflow/.local/lib/python3.10/site-packages/airflow/example_dags/example_display_name.py for tasks to queue
[2025-05-09T13:00:49.538+0000] {logging_mixin.py:188} INFO - [2025-05-09T13:00:49.537+0000] {dagbag.py:545} INFO - Filling up the DagBag from /home/airflow/.local/lib/python3.10/site-packages/airflow/example_dags/example_display_name.py
[2025-05-09T13:00:49.544+0000] {processor.py:840} INFO - DAG(s) 'example_display_name' retrieved from /home/airflow/.local/lib/python3.10/site-packages/airflow/example_dags/example_display_name.py
[2025-05-09T13:00:49.565+0000] {logging_mixin.py:188} INFO - [2025-05-09T13:00:49.565+0000] {dag.py:3096} INFO - Sync 1 DAGs
[2025-05-09T13:00:49.576+0000] {logging_mixin.py:188} INFO - [2025-05-09T13:00:49.575+0000] {dag.py:3954} INFO - Setting next_dagrun for example_display_name to None, run_after=None
[2025-05-09T13:00:49.598+0000] {processor.py:183} INFO - Processing /home/airflow/.local/lib/python3.10/site-packages/airflow/example_dags/example_display_name.py took 0.069 seconds
[2025-05-09T13:01:20.790+0000] {processor.py:161} INFO - Started process (PID=2345) to work on /home/airflow/.local/lib/python3.10/site-packages/airflow/example_dags/example_display_name.py
[2025-05-09T13:01:20.792+0000] {processor.py:830} INFO - Processing file /home/airflow/.local/lib/python3.10/site-packages/airflow/example_dags/example_display_name.py for tasks to queue
[2025-05-09T13:01:20.794+0000] {logging_mixin.py:188} INFO - [2025-05-09T13:01:20.793+0000] {dagbag.py:545} INFO - Filling up the DagBag from /home/airflow/.local/lib/python3.10/site-packages/airflow/example_dags/example_display_name.py
[2025-05-09T13:01:20.801+0000] {processor.py:840} INFO - DAG(s) 'example_display_name' retrieved from /home/airflow/.local/lib/python3.10/site-packages/airflow/example_dags/example_display_name.py
[2025-05-09T13:01:20.826+0000] {logging_mixin.py:188} INFO - [2025-05-09T13:01:20.826+0000] {dag.py:3096} INFO - Sync 1 DAGs
[2025-05-09T13:01:20.843+0000] {logging_mixin.py:188} INFO - [2025-05-09T13:01:20.842+0000] {dag.py:3954} INFO - Setting next_dagrun for example_display_name to None, run_after=None
[2025-05-09T13:01:20.879+0000] {processor.py:183} INFO - Processing /home/airflow/.local/lib/python3.10/site-packages/airflow/example_dags/example_display_name.py took 0.097 seconds
[2025-05-09T13:01:50.984+0000] {processor.py:161} INFO - Started process (PID=2605) to work on /home/airflow/.local/lib/python3.10/site-packages/airflow/example_dags/example_display_name.py
[2025-05-09T13:01:50.985+0000] {processor.py:830} INFO - Processing file /home/airflow/.local/lib/python3.10/site-packages/airflow/example_dags/example_display_name.py for tasks to queue
[2025-05-09T13:01:50.987+0000] {logging_mixin.py:188} INFO - [2025-05-09T13:01:50.987+0000] {dagbag.py:545} INFO - Filling up the DagBag from /home/airflow/.local/lib/python3.10/site-packages/airflow/example_dags/example_display_name.py
[2025-05-09T13:01:50.994+0000] {processor.py:840} INFO - DAG(s) 'example_display_name' retrieved from /home/airflow/.local/lib/python3.10/site-packages/airflow/example_dags/example_display_name.py
[2025-05-09T13:01:51.030+0000] {logging_mixin.py:188} INFO - [2025-05-09T13:01:51.030+0000] {dag.py:3096} INFO - Sync 1 DAGs
[2025-05-09T13:01:51.066+0000] {logging_mixin.py:188} INFO - [2025-05-09T13:01:51.066+0000] {dag.py:3954} INFO - Setting next_dagrun for example_display_name to None, run_after=None
[2025-05-09T13:01:51.094+0000] {processor.py:183} INFO - Processing /home/airflow/.local/lib/python3.10/site-packages/airflow/example_dags/example_display_name.py took 0.118 seconds
[2025-05-09T13:02:21.478+0000] {processor.py:161} INFO - Started process (PID=2867) to work on /home/airflow/.local/lib/python3.10/site-packages/airflow/example_dags/example_display_name.py
[2025-05-09T13:02:21.480+0000] {processor.py:830} INFO - Processing file /home/airflow/.local/lib/python3.10/site-packages/airflow/example_dags/example_display_name.py for tasks to queue
[2025-05-09T13:02:21.482+0000] {logging_mixin.py:188} INFO - [2025-05-09T13:02:21.482+0000] {dagbag.py:545} INFO - Filling up the DagBag from /home/airflow/.local/lib/python3.10/site-packages/airflow/example_dags/example_display_name.py
[2025-05-09T13:02:21.495+0000] {processor.py:840} INFO - DAG(s) 'example_display_name' retrieved from /home/airflow/.local/lib/python3.10/site-packages/airflow/example_dags/example_display_name.py
[2025-05-09T13:02:21.525+0000] {logging_mixin.py:188} INFO - [2025-05-09T13:02:21.525+0000] {dag.py:3096} INFO - Sync 1 DAGs
[2025-05-09T13:02:21.538+0000] {logging_mixin.py:188} INFO - [2025-05-09T13:02:21.538+0000] {dag.py:3954} INFO - Setting next_dagrun for example_display_name to None, run_after=None
[2025-05-09T13:02:21.558+0000] {processor.py:183} INFO - Processing /home/airflow/.local/lib/python3.10/site-packages/airflow/example_dags/example_display_name.py took 0.088 seconds
[2025-05-09T13:02:52.289+0000] {processor.py:161} INFO - Started process (PID=3131) to work on /home/airflow/.local/lib/python3.10/site-packages/airflow/example_dags/example_display_name.py
[2025-05-09T13:02:52.291+0000] {processor.py:830} INFO - Processing file /home/airflow/.local/lib/python3.10/site-packages/airflow/example_dags/example_display_name.py for tasks to queue
[2025-05-09T13:02:52.293+0000] {logging_mixin.py:188} INFO - [2025-05-09T13:02:52.293+0000] {dagbag.py:545} INFO - Filling up the DagBag from /home/airflow/.local/lib/python3.10/site-packages/airflow/example_dags/example_display_name.py
[2025-05-09T13:02:52.300+0000] {processor.py:840} INFO - DAG(s) 'example_display_name' retrieved from /home/airflow/.local/lib/python3.10/site-packages/airflow/example_dags/example_display_name.py
[2025-05-09T13:02:52.328+0000] {logging_mixin.py:188} INFO - [2025-05-09T13:02:52.327+0000] {dag.py:3096} INFO - Sync 1 DAGs
[2025-05-09T13:02:52.343+0000] {logging_mixin.py:188} INFO - [2025-05-09T13:02:52.342+0000] {dag.py:3954} INFO - Setting next_dagrun for example_display_name to None, run_after=None
[2025-05-09T13:02:52.368+0000] {processor.py:183} INFO - Processing /home/airflow/.local/lib/python3.10/site-packages/airflow/example_dags/example_display_name.py took 0.086 seconds
[2025-05-09T13:03:23.381+0000] {processor.py:161} INFO - Started process (PID=3391) to work on /home/airflow/.local/lib/python3.10/site-packages/airflow/example_dags/example_display_name.py
[2025-05-09T13:03:23.382+0000] {processor.py:830} INFO - Processing file /home/airflow/.local/lib/python3.10/site-packages/airflow/example_dags/example_display_name.py for tasks to queue
[2025-05-09T13:03:23.385+0000] {logging_mixin.py:188} INFO - [2025-05-09T13:03:23.384+0000] {dagbag.py:545} INFO - Filling up the DagBag from /home/airflow/.local/lib/python3.10/site-packages/airflow/example_dags/example_display_name.py
[2025-05-09T13:03:23.397+0000] {processor.py:840} INFO - DAG(s) 'example_display_name' retrieved from /home/airflow/.local/lib/python3.10/site-packages/airflow/example_dags/example_display_name.py
[2025-05-09T13:03:23.423+0000] {logging_mixin.py:188} INFO - [2025-05-09T13:03:23.423+0000] {dag.py:3096} INFO - Sync 1 DAGs
[2025-05-09T13:03:23.439+0000] {logging_mixin.py:188} INFO - [2025-05-09T13:03:23.438+0000] {dag.py:3954} INFO - Setting next_dagrun for example_display_name to None, run_after=None
[2025-05-09T13:03:23.464+0000] {processor.py:183} INFO - Processing /home/airflow/.local/lib/python3.10/site-packages/airflow/example_dags/example_display_name.py took 0.093 seconds
[2025-05-09T13:03:53.753+0000] {processor.py:161} INFO - Started process (PID=3652) to work on /home/airflow/.local/lib/python3.10/site-packages/airflow/example_dags/example_display_name.py
[2025-05-09T13:03:53.755+0000] {processor.py:830} INFO - Processing file /home/airflow/.local/lib/python3.10/site-packages/airflow/example_dags/example_display_name.py for tasks to queue
[2025-05-09T13:03:53.758+0000] {logging_mixin.py:188} INFO - [2025-05-09T13:03:53.757+0000] {dagbag.py:545} INFO - Filling up the DagBag from /home/airflow/.local/lib/python3.10/site-packages/airflow/example_dags/example_display_name.py
[2025-05-09T13:03:53.769+0000] {processor.py:840} INFO - DAG(s) 'example_display_name' retrieved from /home/airflow/.local/lib/python3.10/site-packages/airflow/example_dags/example_display_name.py
[2025-05-09T13:03:53.798+0000] {logging_mixin.py:188} INFO - [2025-05-09T13:03:53.797+0000] {dag.py:3096} INFO - Sync 1 DAGs
[2025-05-09T13:03:53.814+0000] {logging_mixin.py:188} INFO - [2025-05-09T13:03:53.813+0000] {dag.py:3954} INFO - Setting next_dagrun for example_display_name to None, run_after=None
[2025-05-09T13:03:53.853+0000] {processor.py:183} INFO - Processing /home/airflow/.local/lib/python3.10/site-packages/airflow/example_dags/example_display_name.py took 0.108 seconds
[2025-05-09T15:43:44.272+0000] {processor.py:161} INFO - Started process (PID=3928) to work on /home/airflow/.local/lib/python3.10/site-packages/airflow/example_dags/example_display_name.py
[2025-05-09T15:43:44.285+0000] {processor.py:830} INFO - Processing file /home/airflow/.local/lib/python3.10/site-packages/airflow/example_dags/example_display_name.py for tasks to queue
[2025-05-09T15:43:44.299+0000] {logging_mixin.py:188} INFO - [2025-05-09T15:43:44.297+0000] {dagbag.py:545} INFO - Filling up the DagBag from /home/airflow/.local/lib/python3.10/site-packages/airflow/example_dags/example_display_name.py
[2025-05-09T15:43:44.363+0000] {processor.py:840} INFO - DAG(s) 'example_display_name' retrieved from /home/airflow/.local/lib/python3.10/site-packages/airflow/example_dags/example_display_name.py
[2025-05-09T15:43:44.491+0000] {logging_mixin.py:188} INFO - [2025-05-09T15:43:44.479+0000] {dag.py:3096} INFO - Sync 1 DAGs
[2025-05-09T15:43:44.573+0000] {logging_mixin.py:188} INFO - [2025-05-09T15:43:44.573+0000] {dag.py:3954} INFO - Setting next_dagrun for example_display_name to None, run_after=None
[2025-05-09T15:43:44.688+0000] {processor.py:183} INFO - Processing /home/airflow/.local/lib/python3.10/site-packages/airflow/example_dags/example_display_name.py took 0.453 seconds
[2025-05-09T15:44:15.023+0000] {processor.py:161} INFO - Started process (PID=4194) to work on /home/airflow/.local/lib/python3.10/site-packages/airflow/example_dags/example_display_name.py
[2025-05-09T15:44:15.025+0000] {processor.py:830} INFO - Processing file /home/airflow/.local/lib/python3.10/site-packages/airflow/example_dags/example_display_name.py for tasks to queue
[2025-05-09T15:44:15.027+0000] {logging_mixin.py:188} INFO - [2025-05-09T15:44:15.026+0000] {dagbag.py:545} INFO - Filling up the DagBag from /home/airflow/.local/lib/python3.10/site-packages/airflow/example_dags/example_display_name.py
[2025-05-09T15:44:15.033+0000] {processor.py:840} INFO - DAG(s) 'example_display_name' retrieved from /home/airflow/.local/lib/python3.10/site-packages/airflow/example_dags/example_display_name.py
[2025-05-09T15:44:15.054+0000] {logging_mixin.py:188} INFO - [2025-05-09T15:44:15.054+0000] {dag.py:3096} INFO - Sync 1 DAGs
[2025-05-09T15:44:15.068+0000] {logging_mixin.py:188} INFO - [2025-05-09T15:44:15.068+0000] {dag.py:3954} INFO - Setting next_dagrun for example_display_name to None, run_after=None
[2025-05-09T15:44:15.092+0000] {processor.py:183} INFO - Processing /home/airflow/.local/lib/python3.10/site-packages/airflow/example_dags/example_display_name.py took 0.076 seconds
[2025-05-09T15:44:45.614+0000] {processor.py:161} INFO - Started process (PID=4466) to work on /home/airflow/.local/lib/python3.10/site-packages/airflow/example_dags/example_display_name.py
[2025-05-09T15:44:45.616+0000] {processor.py:830} INFO - Processing file /home/airflow/.local/lib/python3.10/site-packages/airflow/example_dags/example_display_name.py for tasks to queue
[2025-05-09T15:44:45.619+0000] {logging_mixin.py:188} INFO - [2025-05-09T15:44:45.619+0000] {dagbag.py:545} INFO - Filling up the DagBag from /home/airflow/.local/lib/python3.10/site-packages/airflow/example_dags/example_display_name.py
[2025-05-09T15:44:45.633+0000] {processor.py:840} INFO - DAG(s) 'example_display_name' retrieved from /home/airflow/.local/lib/python3.10/site-packages/airflow/example_dags/example_display_name.py
[2025-05-09T15:44:45.657+0000] {logging_mixin.py:188} INFO - [2025-05-09T15:44:45.656+0000] {dag.py:3096} INFO - Sync 1 DAGs
[2025-05-09T15:44:45.672+0000] {logging_mixin.py:188} INFO - [2025-05-09T15:44:45.672+0000] {dag.py:3954} INFO - Setting next_dagrun for example_display_name to None, run_after=None
[2025-05-09T15:44:45.712+0000] {processor.py:183} INFO - Processing /home/airflow/.local/lib/python3.10/site-packages/airflow/example_dags/example_display_name.py took 0.118 seconds
[2025-05-09T15:45:15.786+0000] {processor.py:161} INFO - Started process (PID=4728) to work on /home/airflow/.local/lib/python3.10/site-packages/airflow/example_dags/example_display_name.py
[2025-05-09T15:45:15.787+0000] {processor.py:830} INFO - Processing file /home/airflow/.local/lib/python3.10/site-packages/airflow/example_dags/example_display_name.py for tasks to queue
[2025-05-09T15:45:15.790+0000] {logging_mixin.py:188} INFO - [2025-05-09T15:45:15.790+0000] {dagbag.py:545} INFO - Filling up the DagBag from /home/airflow/.local/lib/python3.10/site-packages/airflow/example_dags/example_display_name.py
[2025-05-09T15:45:15.798+0000] {processor.py:840} INFO - DAG(s) 'example_display_name' retrieved from /home/airflow/.local/lib/python3.10/site-packages/airflow/example_dags/example_display_name.py
[2025-05-09T15:45:15.824+0000] {logging_mixin.py:188} INFO - [2025-05-09T15:45:15.823+0000] {dag.py:3096} INFO - Sync 1 DAGs
[2025-05-09T15:45:15.842+0000] {logging_mixin.py:188} INFO - [2025-05-09T15:45:15.842+0000] {dag.py:3954} INFO - Setting next_dagrun for example_display_name to None, run_after=None
[2025-05-09T15:45:15.894+0000] {processor.py:183} INFO - Processing /home/airflow/.local/lib/python3.10/site-packages/airflow/example_dags/example_display_name.py took 0.118 seconds
[2025-05-09T15:45:46.261+0000] {processor.py:161} INFO - Started process (PID=4992) to work on /home/airflow/.local/lib/python3.10/site-packages/airflow/example_dags/example_display_name.py
[2025-05-09T15:45:46.263+0000] {processor.py:830} INFO - Processing file /home/airflow/.local/lib/python3.10/site-packages/airflow/example_dags/example_display_name.py for tasks to queue
[2025-05-09T15:45:46.265+0000] {logging_mixin.py:188} INFO - [2025-05-09T15:45:46.264+0000] {dagbag.py:545} INFO - Filling up the DagBag from /home/airflow/.local/lib/python3.10/site-packages/airflow/example_dags/example_display_name.py
[2025-05-09T15:45:46.271+0000] {processor.py:840} INFO - DAG(s) 'example_display_name' retrieved from /home/airflow/.local/lib/python3.10/site-packages/airflow/example_dags/example_display_name.py
[2025-05-09T15:45:46.290+0000] {logging_mixin.py:188} INFO - [2025-05-09T15:45:46.290+0000] {dag.py:3096} INFO - Sync 1 DAGs
[2025-05-09T15:45:46.303+0000] {logging_mixin.py:188} INFO - [2025-05-09T15:45:46.303+0000] {dag.py:3954} INFO - Setting next_dagrun for example_display_name to None, run_after=None
[2025-05-09T15:45:46.322+0000] {processor.py:183} INFO - Processing /home/airflow/.local/lib/python3.10/site-packages/airflow/example_dags/example_display_name.py took 0.069 seconds
[2025-05-09T15:46:16.577+0000] {processor.py:161} INFO - Started process (PID=5261) to work on /home/airflow/.local/lib/python3.10/site-packages/airflow/example_dags/example_display_name.py
[2025-05-09T15:46:16.579+0000] {processor.py:830} INFO - Processing file /home/airflow/.local/lib/python3.10/site-packages/airflow/example_dags/example_display_name.py for tasks to queue
[2025-05-09T15:46:16.582+0000] {logging_mixin.py:188} INFO - [2025-05-09T15:46:16.581+0000] {dagbag.py:545} INFO - Filling up the DagBag from /home/airflow/.local/lib/python3.10/site-packages/airflow/example_dags/example_display_name.py
[2025-05-09T15:46:16.589+0000] {processor.py:840} INFO - DAG(s) 'example_display_name' retrieved from /home/airflow/.local/lib/python3.10/site-packages/airflow/example_dags/example_display_name.py
[2025-05-09T15:46:16.611+0000] {logging_mixin.py:188} INFO - [2025-05-09T15:46:16.610+0000] {dag.py:3096} INFO - Sync 1 DAGs
[2025-05-09T15:46:16.624+0000] {logging_mixin.py:188} INFO - [2025-05-09T15:46:16.624+0000] {dag.py:3954} INFO - Setting next_dagrun for example_display_name to None, run_after=None
[2025-05-09T15:46:16.647+0000] {processor.py:183} INFO - Processing /home/airflow/.local/lib/python3.10/site-packages/airflow/example_dags/example_display_name.py took 0.078 seconds
[2025-05-09T15:46:47.330+0000] {processor.py:161} INFO - Started process (PID=5525) to work on /home/airflow/.local/lib/python3.10/site-packages/airflow/example_dags/example_display_name.py
[2025-05-09T15:46:47.331+0000] {processor.py:830} INFO - Processing file /home/airflow/.local/lib/python3.10/site-packages/airflow/example_dags/example_display_name.py for tasks to queue
[2025-05-09T15:46:47.333+0000] {logging_mixin.py:188} INFO - [2025-05-09T15:46:47.333+0000] {dagbag.py:545} INFO - Filling up the DagBag from /home/airflow/.local/lib/python3.10/site-packages/airflow/example_dags/example_display_name.py
[2025-05-09T15:46:47.339+0000] {processor.py:840} INFO - DAG(s) 'example_display_name' retrieved from /home/airflow/.local/lib/python3.10/site-packages/airflow/example_dags/example_display_name.py
[2025-05-09T15:46:47.358+0000] {logging_mixin.py:188} INFO - [2025-05-09T15:46:47.358+0000] {dag.py:3096} INFO - Sync 1 DAGs
[2025-05-09T15:46:47.371+0000] {logging_mixin.py:188} INFO - [2025-05-09T15:46:47.371+0000] {dag.py:3954} INFO - Setting next_dagrun for example_display_name to None, run_after=None
[2025-05-09T15:46:47.393+0000] {processor.py:183} INFO - Processing /home/airflow/.local/lib/python3.10/site-packages/airflow/example_dags/example_display_name.py took 0.070 seconds
[2025-05-09T15:47:18.159+0000] {processor.py:161} INFO - Started process (PID=5787) to work on /home/airflow/.local/lib/python3.10/site-packages/airflow/example_dags/example_display_name.py
[2025-05-09T15:47:18.160+0000] {processor.py:830} INFO - Processing file /home/airflow/.local/lib/python3.10/site-packages/airflow/example_dags/example_display_name.py for tasks to queue
[2025-05-09T15:47:18.163+0000] {logging_mixin.py:188} INFO - [2025-05-09T15:47:18.162+0000] {dagbag.py:545} INFO - Filling up the DagBag from /home/airflow/.local/lib/python3.10/site-packages/airflow/example_dags/example_display_name.py
[2025-05-09T15:47:18.171+0000] {processor.py:840} INFO - DAG(s) 'example_display_name' retrieved from /home/airflow/.local/lib/python3.10/site-packages/airflow/example_dags/example_display_name.py
[2025-05-09T15:47:18.200+0000] {logging_mixin.py:188} INFO - [2025-05-09T15:47:18.199+0000] {dag.py:3096} INFO - Sync 1 DAGs
[2025-05-09T15:47:18.219+0000] {logging_mixin.py:188} INFO - [2025-05-09T15:47:18.219+0000] {dag.py:3954} INFO - Setting next_dagrun for example_display_name to None, run_after=None
[2025-05-09T15:47:18.256+0000] {processor.py:183} INFO - Processing /home/airflow/.local/lib/python3.10/site-packages/airflow/example_dags/example_display_name.py took 0.103 seconds
[2025-05-09T15:47:48.826+0000] {processor.py:161} INFO - Started process (PID=6049) to work on /home/airflow/.local/lib/python3.10/site-packages/airflow/example_dags/example_display_name.py
[2025-05-09T15:47:48.828+0000] {processor.py:830} INFO - Processing file /home/airflow/.local/lib/python3.10/site-packages/airflow/example_dags/example_display_name.py for tasks to queue
[2025-05-09T15:47:48.830+0000] {logging_mixin.py:188} INFO - [2025-05-09T15:47:48.830+0000] {dagbag.py:545} INFO - Filling up the DagBag from /home/airflow/.local/lib/python3.10/site-packages/airflow/example_dags/example_display_name.py
[2025-05-09T15:47:48.838+0000] {processor.py:840} INFO - DAG(s) 'example_display_name' retrieved from /home/airflow/.local/lib/python3.10/site-packages/airflow/example_dags/example_display_name.py
[2025-05-09T15:47:48.865+0000] {logging_mixin.py:188} INFO - [2025-05-09T15:47:48.864+0000] {dag.py:3096} INFO - Sync 1 DAGs
[2025-05-09T15:47:48.880+0000] {logging_mixin.py:188} INFO - [2025-05-09T15:47:48.880+0000] {dag.py:3954} INFO - Setting next_dagrun for example_display_name to None, run_after=None
[2025-05-09T15:47:48.916+0000] {processor.py:183} INFO - Processing /home/airflow/.local/lib/python3.10/site-packages/airflow/example_dags/example_display_name.py took 0.099 seconds
[2025-05-09T15:48:19.120+0000] {processor.py:161} INFO - Started process (PID=6326) to work on /home/airflow/.local/lib/python3.10/site-packages/airflow/example_dags/example_display_name.py
[2025-05-09T15:48:19.122+0000] {processor.py:830} INFO - Processing file /home/airflow/.local/lib/python3.10/site-packages/airflow/example_dags/example_display_name.py for tasks to queue
[2025-05-09T15:48:19.124+0000] {logging_mixin.py:188} INFO - [2025-05-09T15:48:19.124+0000] {dagbag.py:545} INFO - Filling up the DagBag from /home/airflow/.local/lib/python3.10/site-packages/airflow/example_dags/example_display_name.py
[2025-05-09T15:48:19.131+0000] {processor.py:840} INFO - DAG(s) 'example_display_name' retrieved from /home/airflow/.local/lib/python3.10/site-packages/airflow/example_dags/example_display_name.py
[2025-05-09T15:48:19.150+0000] {logging_mixin.py:188} INFO - [2025-05-09T15:48:19.149+0000] {dag.py:3096} INFO - Sync 1 DAGs
[2025-05-09T15:48:19.162+0000] {logging_mixin.py:188} INFO - [2025-05-09T15:48:19.162+0000] {dag.py:3954} INFO - Setting next_dagrun for example_display_name to None, run_after=None
[2025-05-09T15:48:19.186+0000] {processor.py:183} INFO - Processing /home/airflow/.local/lib/python3.10/site-packages/airflow/example_dags/example_display_name.py took 0.074 seconds
[2025-05-09T15:48:49.771+0000] {processor.py:161} INFO - Started process (PID=6602) to work on /home/airflow/.local/lib/python3.10/site-packages/airflow/example_dags/example_display_name.py
[2025-05-09T15:48:49.773+0000] {processor.py:830} INFO - Processing file /home/airflow/.local/lib/python3.10/site-packages/airflow/example_dags/example_display_name.py for tasks to queue
[2025-05-09T15:48:49.776+0000] {logging_mixin.py:188} INFO - [2025-05-09T15:48:49.776+0000] {dagbag.py:545} INFO - Filling up the DagBag from /home/airflow/.local/lib/python3.10/site-packages/airflow/example_dags/example_display_name.py
[2025-05-09T15:48:49.832+0000] {processor.py:840} INFO - DAG(s) 'example_display_name' retrieved from /home/airflow/.local/lib/python3.10/site-packages/airflow/example_dags/example_display_name.py
[2025-05-09T15:48:49.878+0000] {logging_mixin.py:188} INFO - [2025-05-09T15:48:49.877+0000] {dag.py:3096} INFO - Sync 1 DAGs
[2025-05-09T15:48:49.901+0000] {logging_mixin.py:188} INFO - [2025-05-09T15:48:49.900+0000] {dag.py:3954} INFO - Setting next_dagrun for example_display_name to None, run_after=None
[2025-05-09T15:48:49.946+0000] {processor.py:183} INFO - Processing /home/airflow/.local/lib/python3.10/site-packages/airflow/example_dags/example_display_name.py took 0.189 seconds
[2025-05-09T15:49:20.243+0000] {processor.py:161} INFO - Started process (PID=6885) to work on /home/airflow/.local/lib/python3.10/site-packages/airflow/example_dags/example_display_name.py
[2025-05-09T15:49:20.244+0000] {processor.py:830} INFO - Processing file /home/airflow/.local/lib/python3.10/site-packages/airflow/example_dags/example_display_name.py for tasks to queue
[2025-05-09T15:49:20.246+0000] {logging_mixin.py:188} INFO - [2025-05-09T15:49:20.245+0000] {dagbag.py:545} INFO - Filling up the DagBag from /home/airflow/.local/lib/python3.10/site-packages/airflow/example_dags/example_display_name.py
[2025-05-09T15:49:20.252+0000] {processor.py:840} INFO - DAG(s) 'example_display_name' retrieved from /home/airflow/.local/lib/python3.10/site-packages/airflow/example_dags/example_display_name.py
[2025-05-09T15:49:20.273+0000] {logging_mixin.py:188} INFO - [2025-05-09T15:49:20.272+0000] {dag.py:3096} INFO - Sync 1 DAGs
[2025-05-09T15:49:20.285+0000] {logging_mixin.py:188} INFO - [2025-05-09T15:49:20.285+0000] {dag.py:3954} INFO - Setting next_dagrun for example_display_name to None, run_after=None
[2025-05-09T15:49:20.304+0000] {processor.py:183} INFO - Processing /home/airflow/.local/lib/python3.10/site-packages/airflow/example_dags/example_display_name.py took 0.068 seconds
[2025-05-09T15:49:50.568+0000] {processor.py:161} INFO - Started process (PID=7150) to work on /home/airflow/.local/lib/python3.10/site-packages/airflow/example_dags/example_display_name.py
[2025-05-09T15:49:50.569+0000] {processor.py:830} INFO - Processing file /home/airflow/.local/lib/python3.10/site-packages/airflow/example_dags/example_display_name.py for tasks to queue
[2025-05-09T15:49:50.571+0000] {logging_mixin.py:188} INFO - [2025-05-09T15:49:50.571+0000] {dagbag.py:545} INFO - Filling up the DagBag from /home/airflow/.local/lib/python3.10/site-packages/airflow/example_dags/example_display_name.py
[2025-05-09T15:49:50.577+0000] {processor.py:840} INFO - DAG(s) 'example_display_name' retrieved from /home/airflow/.local/lib/python3.10/site-packages/airflow/example_dags/example_display_name.py
[2025-05-09T15:49:50.597+0000] {logging_mixin.py:188} INFO - [2025-05-09T15:49:50.597+0000] {dag.py:3096} INFO - Sync 1 DAGs
[2025-05-09T15:49:50.609+0000] {logging_mixin.py:188} INFO - [2025-05-09T15:49:50.608+0000] {dag.py:3954} INFO - Setting next_dagrun for example_display_name to None, run_after=None
[2025-05-09T15:49:50.640+0000] {processor.py:183} INFO - Processing /home/airflow/.local/lib/python3.10/site-packages/airflow/example_dags/example_display_name.py took 0.079 seconds
[2025-05-09T15:50:21.213+0000] {processor.py:161} INFO - Started process (PID=7418) to work on /home/airflow/.local/lib/python3.10/site-packages/airflow/example_dags/example_display_name.py
[2025-05-09T15:50:21.215+0000] {processor.py:830} INFO - Processing file /home/airflow/.local/lib/python3.10/site-packages/airflow/example_dags/example_display_name.py for tasks to queue
[2025-05-09T15:50:21.217+0000] {logging_mixin.py:188} INFO - [2025-05-09T15:50:21.217+0000] {dagbag.py:545} INFO - Filling up the DagBag from /home/airflow/.local/lib/python3.10/site-packages/airflow/example_dags/example_display_name.py
[2025-05-09T15:50:21.224+0000] {processor.py:840} INFO - DAG(s) 'example_display_name' retrieved from /home/airflow/.local/lib/python3.10/site-packages/airflow/example_dags/example_display_name.py
[2025-05-09T15:50:21.245+0000] {logging_mixin.py:188} INFO - [2025-05-09T15:50:21.245+0000] {dag.py:3096} INFO - Sync 1 DAGs
[2025-05-09T15:50:21.260+0000] {logging_mixin.py:188} INFO - [2025-05-09T15:50:21.260+0000] {dag.py:3954} INFO - Setting next_dagrun for example_display_name to None, run_after=None
[2025-05-09T15:50:21.285+0000] {processor.py:183} INFO - Processing /home/airflow/.local/lib/python3.10/site-packages/airflow/example_dags/example_display_name.py took 0.079 seconds
[2025-05-09T15:50:51.507+0000] {processor.py:161} INFO - Started process (PID=7678) to work on /home/airflow/.local/lib/python3.10/site-packages/airflow/example_dags/example_display_name.py
[2025-05-09T15:50:51.509+0000] {processor.py:830} INFO - Processing file /home/airflow/.local/lib/python3.10/site-packages/airflow/example_dags/example_display_name.py for tasks to queue
[2025-05-09T15:50:51.514+0000] {logging_mixin.py:188} INFO - [2025-05-09T15:50:51.513+0000] {dagbag.py:545} INFO - Filling up the DagBag from /home/airflow/.local/lib/python3.10/site-packages/airflow/example_dags/example_display_name.py
[2025-05-09T15:50:51.524+0000] {processor.py:840} INFO - DAG(s) 'example_display_name' retrieved from /home/airflow/.local/lib/python3.10/site-packages/airflow/example_dags/example_display_name.py
[2025-05-09T15:50:51.547+0000] {logging_mixin.py:188} INFO - [2025-05-09T15:50:51.547+0000] {dag.py:3096} INFO - Sync 1 DAGs
[2025-05-09T15:50:51.562+0000] {logging_mixin.py:188} INFO - [2025-05-09T15:50:51.562+0000] {dag.py:3954} INFO - Setting next_dagrun for example_display_name to None, run_after=None
[2025-05-09T15:50:51.598+0000] {processor.py:183} INFO - Processing /home/airflow/.local/lib/python3.10/site-packages/airflow/example_dags/example_display_name.py took 0.105 seconds
[2025-05-09T15:51:21.975+0000] {processor.py:161} INFO - Started process (PID=7950) to work on /home/airflow/.local/lib/python3.10/site-packages/airflow/example_dags/example_display_name.py
[2025-05-09T15:51:21.981+0000] {processor.py:830} INFO - Processing file /home/airflow/.local/lib/python3.10/site-packages/airflow/example_dags/example_display_name.py for tasks to queue
[2025-05-09T15:51:21.985+0000] {logging_mixin.py:188} INFO - [2025-05-09T15:51:21.985+0000] {dagbag.py:545} INFO - Filling up the DagBag from /home/airflow/.local/lib/python3.10/site-packages/airflow/example_dags/example_display_name.py
[2025-05-09T15:51:21.998+0000] {processor.py:840} INFO - DAG(s) 'example_display_name' retrieved from /home/airflow/.local/lib/python3.10/site-packages/airflow/example_dags/example_display_name.py
[2025-05-09T15:51:22.033+0000] {logging_mixin.py:188} INFO - [2025-05-09T15:51:22.033+0000] {dag.py:3096} INFO - Sync 1 DAGs
[2025-05-09T15:51:22.051+0000] {logging_mixin.py:188} INFO - [2025-05-09T15:51:22.050+0000] {dag.py:3954} INFO - Setting next_dagrun for example_display_name to None, run_after=None
[2025-05-09T15:51:22.089+0000] {processor.py:183} INFO - Processing /home/airflow/.local/lib/python3.10/site-packages/airflow/example_dags/example_display_name.py took 0.130 seconds
[2025-05-09T15:51:52.613+0000] {processor.py:161} INFO - Started process (PID=8213) to work on /home/airflow/.local/lib/python3.10/site-packages/airflow/example_dags/example_display_name.py
[2025-05-09T15:51:52.615+0000] {processor.py:830} INFO - Processing file /home/airflow/.local/lib/python3.10/site-packages/airflow/example_dags/example_display_name.py for tasks to queue
[2025-05-09T15:51:52.617+0000] {logging_mixin.py:188} INFO - [2025-05-09T15:51:52.617+0000] {dagbag.py:545} INFO - Filling up the DagBag from /home/airflow/.local/lib/python3.10/site-packages/airflow/example_dags/example_display_name.py
[2025-05-09T15:51:52.624+0000] {processor.py:840} INFO - DAG(s) 'example_display_name' retrieved from /home/airflow/.local/lib/python3.10/site-packages/airflow/example_dags/example_display_name.py
[2025-05-09T15:51:52.649+0000] {logging_mixin.py:188} INFO - [2025-05-09T15:51:52.648+0000] {dag.py:3096} INFO - Sync 1 DAGs
[2025-05-09T15:51:52.664+0000] {logging_mixin.py:188} INFO - [2025-05-09T15:51:52.664+0000] {dag.py:3954} INFO - Setting next_dagrun for example_display_name to None, run_after=None
[2025-05-09T15:51:52.683+0000] {processor.py:183} INFO - Processing /home/airflow/.local/lib/python3.10/site-packages/airflow/example_dags/example_display_name.py took 0.077 seconds
[2025-05-09T15:52:23.373+0000] {processor.py:161} INFO - Started process (PID=8479) to work on /home/airflow/.local/lib/python3.10/site-packages/airflow/example_dags/example_display_name.py
[2025-05-09T15:52:23.375+0000] {processor.py:830} INFO - Processing file /home/airflow/.local/lib/python3.10/site-packages/airflow/example_dags/example_display_name.py for tasks to queue
[2025-05-09T15:52:23.377+0000] {logging_mixin.py:188} INFO - [2025-05-09T15:52:23.377+0000] {dagbag.py:545} INFO - Filling up the DagBag from /home/airflow/.local/lib/python3.10/site-packages/airflow/example_dags/example_display_name.py
[2025-05-09T15:52:23.383+0000] {processor.py:840} INFO - DAG(s) 'example_display_name' retrieved from /home/airflow/.local/lib/python3.10/site-packages/airflow/example_dags/example_display_name.py
[2025-05-09T15:52:23.408+0000] {logging_mixin.py:188} INFO - [2025-05-09T15:52:23.408+0000] {dag.py:3096} INFO - Sync 1 DAGs
[2025-05-09T15:52:23.421+0000] {logging_mixin.py:188} INFO - [2025-05-09T15:52:23.420+0000] {dag.py:3954} INFO - Setting next_dagrun for example_display_name to None, run_after=None
[2025-05-09T15:52:23.448+0000] {processor.py:183} INFO - Processing /home/airflow/.local/lib/python3.10/site-packages/airflow/example_dags/example_display_name.py took 0.082 seconds
[2025-05-09T15:52:53.542+0000] {processor.py:161} INFO - Started process (PID=8741) to work on /home/airflow/.local/lib/python3.10/site-packages/airflow/example_dags/example_display_name.py
[2025-05-09T15:52:53.544+0000] {processor.py:830} INFO - Processing file /home/airflow/.local/lib/python3.10/site-packages/airflow/example_dags/example_display_name.py for tasks to queue
[2025-05-09T15:52:53.546+0000] {logging_mixin.py:188} INFO - [2025-05-09T15:52:53.546+0000] {dagbag.py:545} INFO - Filling up the DagBag from /home/airflow/.local/lib/python3.10/site-packages/airflow/example_dags/example_display_name.py
[2025-05-09T15:52:53.554+0000] {processor.py:840} INFO - DAG(s) 'example_display_name' retrieved from /home/airflow/.local/lib/python3.10/site-packages/airflow/example_dags/example_display_name.py
[2025-05-09T15:52:53.579+0000] {logging_mixin.py:188} INFO - [2025-05-09T15:52:53.579+0000] {dag.py:3096} INFO - Sync 1 DAGs
[2025-05-09T15:52:53.595+0000] {logging_mixin.py:188} INFO - [2025-05-09T15:52:53.595+0000] {dag.py:3954} INFO - Setting next_dagrun for example_display_name to None, run_after=None
[2025-05-09T15:52:53.624+0000] {processor.py:183} INFO - Processing /home/airflow/.local/lib/python3.10/site-packages/airflow/example_dags/example_display_name.py took 0.090 seconds
[2025-05-09T15:53:23.863+0000] {processor.py:161} INFO - Started process (PID=9012) to work on /home/airflow/.local/lib/python3.10/site-packages/airflow/example_dags/example_display_name.py
[2025-05-09T15:53:23.864+0000] {processor.py:830} INFO - Processing file /home/airflow/.local/lib/python3.10/site-packages/airflow/example_dags/example_display_name.py for tasks to queue
[2025-05-09T15:53:23.866+0000] {logging_mixin.py:188} INFO - [2025-05-09T15:53:23.866+0000] {dagbag.py:545} INFO - Filling up the DagBag from /home/airflow/.local/lib/python3.10/site-packages/airflow/example_dags/example_display_name.py
[2025-05-09T15:53:23.875+0000] {processor.py:840} INFO - DAG(s) 'example_display_name' retrieved from /home/airflow/.local/lib/python3.10/site-packages/airflow/example_dags/example_display_name.py
[2025-05-09T15:53:23.905+0000] {logging_mixin.py:188} INFO - [2025-05-09T15:53:23.904+0000] {dag.py:3096} INFO - Sync 1 DAGs
[2025-05-09T15:53:23.919+0000] {logging_mixin.py:188} INFO - [2025-05-09T15:53:23.919+0000] {dag.py:3954} INFO - Setting next_dagrun for example_display_name to None, run_after=None
[2025-05-09T15:53:23.953+0000] {processor.py:183} INFO - Processing /home/airflow/.local/lib/python3.10/site-packages/airflow/example_dags/example_display_name.py took 0.096 seconds
[2025-05-09T15:53:54.245+0000] {processor.py:161} INFO - Started process (PID=9280) to work on /home/airflow/.local/lib/python3.10/site-packages/airflow/example_dags/example_display_name.py
[2025-05-09T15:53:54.246+0000] {processor.py:830} INFO - Processing file /home/airflow/.local/lib/python3.10/site-packages/airflow/example_dags/example_display_name.py for tasks to queue
[2025-05-09T15:53:54.248+0000] {logging_mixin.py:188} INFO - [2025-05-09T15:53:54.248+0000] {dagbag.py:545} INFO - Filling up the DagBag from /home/airflow/.local/lib/python3.10/site-packages/airflow/example_dags/example_display_name.py
[2025-05-09T15:53:54.256+0000] {processor.py:840} INFO - DAG(s) 'example_display_name' retrieved from /home/airflow/.local/lib/python3.10/site-packages/airflow/example_dags/example_display_name.py
[2025-05-09T15:53:54.276+0000] {logging_mixin.py:188} INFO - [2025-05-09T15:53:54.276+0000] {dag.py:3096} INFO - Sync 1 DAGs
[2025-05-09T15:53:54.290+0000] {logging_mixin.py:188} INFO - [2025-05-09T15:53:54.290+0000] {dag.py:3954} INFO - Setting next_dagrun for example_display_name to None, run_after=None
[2025-05-09T15:53:54.312+0000] {processor.py:183} INFO - Processing /home/airflow/.local/lib/python3.10/site-packages/airflow/example_dags/example_display_name.py took 0.076 seconds
[2025-05-09T15:54:24.473+0000] {processor.py:161} INFO - Started process (PID=9562) to work on /home/airflow/.local/lib/python3.10/site-packages/airflow/example_dags/example_display_name.py
[2025-05-09T15:54:24.474+0000] {processor.py:830} INFO - Processing file /home/airflow/.local/lib/python3.10/site-packages/airflow/example_dags/example_display_name.py for tasks to queue
[2025-05-09T15:54:24.476+0000] {logging_mixin.py:188} INFO - [2025-05-09T15:54:24.476+0000] {dagbag.py:545} INFO - Filling up the DagBag from /home/airflow/.local/lib/python3.10/site-packages/airflow/example_dags/example_display_name.py
[2025-05-09T15:54:24.482+0000] {processor.py:840} INFO - DAG(s) 'example_display_name' retrieved from /home/airflow/.local/lib/python3.10/site-packages/airflow/example_dags/example_display_name.py
[2025-05-09T15:54:24.500+0000] {logging_mixin.py:188} INFO - [2025-05-09T15:54:24.499+0000] {dag.py:3096} INFO - Sync 1 DAGs
[2025-05-09T15:54:24.511+0000] {logging_mixin.py:188} INFO - [2025-05-09T15:54:24.510+0000] {dag.py:3954} INFO - Setting next_dagrun for example_display_name to None, run_after=None
[2025-05-09T15:54:24.530+0000] {processor.py:183} INFO - Processing /home/airflow/.local/lib/python3.10/site-packages/airflow/example_dags/example_display_name.py took 0.063 seconds
[2025-05-09T15:54:54.949+0000] {processor.py:161} INFO - Started process (PID=9824) to work on /home/airflow/.local/lib/python3.10/site-packages/airflow/example_dags/example_display_name.py
[2025-05-09T15:54:54.950+0000] {processor.py:830} INFO - Processing file /home/airflow/.local/lib/python3.10/site-packages/airflow/example_dags/example_display_name.py for tasks to queue
[2025-05-09T15:54:54.952+0000] {logging_mixin.py:188} INFO - [2025-05-09T15:54:54.952+0000] {dagbag.py:545} INFO - Filling up the DagBag from /home/airflow/.local/lib/python3.10/site-packages/airflow/example_dags/example_display_name.py
[2025-05-09T15:54:54.958+0000] {processor.py:840} INFO - DAG(s) 'example_display_name' retrieved from /home/airflow/.local/lib/python3.10/site-packages/airflow/example_dags/example_display_name.py
[2025-05-09T15:54:54.977+0000] {logging_mixin.py:188} INFO - [2025-05-09T15:54:54.976+0000] {dag.py:3096} INFO - Sync 1 DAGs
[2025-05-09T15:54:54.987+0000] {logging_mixin.py:188} INFO - [2025-05-09T15:54:54.987+0000] {dag.py:3954} INFO - Setting next_dagrun for example_display_name to None, run_after=None
[2025-05-09T15:54:55.008+0000] {processor.py:183} INFO - Processing /home/airflow/.local/lib/python3.10/site-packages/airflow/example_dags/example_display_name.py took 0.065 seconds
[2025-05-09T15:55:25.111+0000] {processor.py:161} INFO - Started process (PID=10095) to work on /home/airflow/.local/lib/python3.10/site-packages/airflow/example_dags/example_display_name.py
[2025-05-09T15:55:25.112+0000] {processor.py:830} INFO - Processing file /home/airflow/.local/lib/python3.10/site-packages/airflow/example_dags/example_display_name.py for tasks to queue
[2025-05-09T15:55:25.115+0000] {logging_mixin.py:188} INFO - [2025-05-09T15:55:25.115+0000] {dagbag.py:545} INFO - Filling up the DagBag from /home/airflow/.local/lib/python3.10/site-packages/airflow/example_dags/example_display_name.py
[2025-05-09T15:55:25.121+0000] {processor.py:840} INFO - DAG(s) 'example_display_name' retrieved from /home/airflow/.local/lib/python3.10/site-packages/airflow/example_dags/example_display_name.py
[2025-05-09T15:55:25.140+0000] {logging_mixin.py:188} INFO - [2025-05-09T15:55:25.140+0000] {dag.py:3096} INFO - Sync 1 DAGs
[2025-05-09T15:55:25.151+0000] {logging_mixin.py:188} INFO - [2025-05-09T15:55:25.151+0000] {dag.py:3954} INFO - Setting next_dagrun for example_display_name to None, run_after=None
[2025-05-09T15:55:25.172+0000] {processor.py:183} INFO - Processing /home/airflow/.local/lib/python3.10/site-packages/airflow/example_dags/example_display_name.py took 0.067 seconds
[2025-05-09T15:55:55.567+0000] {processor.py:161} INFO - Started process (PID=10357) to work on /home/airflow/.local/lib/python3.10/site-packages/airflow/example_dags/example_display_name.py
[2025-05-09T15:55:55.569+0000] {processor.py:830} INFO - Processing file /home/airflow/.local/lib/python3.10/site-packages/airflow/example_dags/example_display_name.py for tasks to queue
[2025-05-09T15:55:55.572+0000] {logging_mixin.py:188} INFO - [2025-05-09T15:55:55.571+0000] {dagbag.py:545} INFO - Filling up the DagBag from /home/airflow/.local/lib/python3.10/site-packages/airflow/example_dags/example_display_name.py
[2025-05-09T15:55:55.579+0000] {processor.py:840} INFO - DAG(s) 'example_display_name' retrieved from /home/airflow/.local/lib/python3.10/site-packages/airflow/example_dags/example_display_name.py
[2025-05-09T15:55:55.604+0000] {logging_mixin.py:188} INFO - [2025-05-09T15:55:55.604+0000] {dag.py:3096} INFO - Sync 1 DAGs
[2025-05-09T15:55:55.619+0000] {logging_mixin.py:188} INFO - [2025-05-09T15:55:55.618+0000] {dag.py:3954} INFO - Setting next_dagrun for example_display_name to None, run_after=None
[2025-05-09T15:55:55.648+0000] {processor.py:183} INFO - Processing /home/airflow/.local/lib/python3.10/site-packages/airflow/example_dags/example_display_name.py took 0.088 seconds
[2025-05-09T15:56:25.879+0000] {processor.py:161} INFO - Started process (PID=10628) to work on /home/airflow/.local/lib/python3.10/site-packages/airflow/example_dags/example_display_name.py
[2025-05-09T15:56:25.881+0000] {processor.py:830} INFO - Processing file /home/airflow/.local/lib/python3.10/site-packages/airflow/example_dags/example_display_name.py for tasks to queue
[2025-05-09T15:56:25.883+0000] {logging_mixin.py:188} INFO - [2025-05-09T15:56:25.883+0000] {dagbag.py:545} INFO - Filling up the DagBag from /home/airflow/.local/lib/python3.10/site-packages/airflow/example_dags/example_display_name.py
[2025-05-09T15:56:25.889+0000] {processor.py:840} INFO - DAG(s) 'example_display_name' retrieved from /home/airflow/.local/lib/python3.10/site-packages/airflow/example_dags/example_display_name.py
[2025-05-09T15:56:25.909+0000] {logging_mixin.py:188} INFO - [2025-05-09T15:56:25.909+0000] {dag.py:3096} INFO - Sync 1 DAGs
[2025-05-09T15:56:25.922+0000] {logging_mixin.py:188} INFO - [2025-05-09T15:56:25.921+0000] {dag.py:3954} INFO - Setting next_dagrun for example_display_name to None, run_after=None
[2025-05-09T15:56:25.940+0000] {processor.py:183} INFO - Processing /home/airflow/.local/lib/python3.10/site-packages/airflow/example_dags/example_display_name.py took 0.067 seconds
[2025-05-09T15:56:56.045+0000] {processor.py:161} INFO - Started process (PID=10890) to work on /home/airflow/.local/lib/python3.10/site-packages/airflow/example_dags/example_display_name.py
[2025-05-09T15:56:56.047+0000] {processor.py:830} INFO - Processing file /home/airflow/.local/lib/python3.10/site-packages/airflow/example_dags/example_display_name.py for tasks to queue
[2025-05-09T15:56:56.054+0000] {logging_mixin.py:188} INFO - [2025-05-09T15:56:56.054+0000] {dagbag.py:545} INFO - Filling up the DagBag from /home/airflow/.local/lib/python3.10/site-packages/airflow/example_dags/example_display_name.py
[2025-05-09T15:56:56.062+0000] {processor.py:840} INFO - DAG(s) 'example_display_name' retrieved from /home/airflow/.local/lib/python3.10/site-packages/airflow/example_dags/example_display_name.py
[2025-05-09T15:56:56.085+0000] {logging_mixin.py:188} INFO - [2025-05-09T15:56:56.085+0000] {dag.py:3096} INFO - Sync 1 DAGs
[2025-05-09T15:56:56.095+0000] {logging_mixin.py:188} INFO - [2025-05-09T15:56:56.095+0000] {dag.py:3954} INFO - Setting next_dagrun for example_display_name to None, run_after=None
[2025-05-09T15:56:56.115+0000] {processor.py:183} INFO - Processing /home/airflow/.local/lib/python3.10/site-packages/airflow/example_dags/example_display_name.py took 0.076 seconds
[2025-05-09T15:57:26.218+0000] {processor.py:161} INFO - Started process (PID=11161) to work on /home/airflow/.local/lib/python3.10/site-packages/airflow/example_dags/example_display_name.py
[2025-05-09T15:57:26.220+0000] {processor.py:830} INFO - Processing file /home/airflow/.local/lib/python3.10/site-packages/airflow/example_dags/example_display_name.py for tasks to queue
[2025-05-09T15:57:26.221+0000] {logging_mixin.py:188} INFO - [2025-05-09T15:57:26.221+0000] {dagbag.py:545} INFO - Filling up the DagBag from /home/airflow/.local/lib/python3.10/site-packages/airflow/example_dags/example_display_name.py
[2025-05-09T15:57:26.228+0000] {processor.py:840} INFO - DAG(s) 'example_display_name' retrieved from /home/airflow/.local/lib/python3.10/site-packages/airflow/example_dags/example_display_name.py
[2025-05-09T15:57:26.250+0000] {logging_mixin.py:188} INFO - [2025-05-09T15:57:26.249+0000] {dag.py:3096} INFO - Sync 1 DAGs
[2025-05-09T15:57:26.266+0000] {logging_mixin.py:188} INFO - [2025-05-09T15:57:26.266+0000] {dag.py:3954} INFO - Setting next_dagrun for example_display_name to None, run_after=None
[2025-05-09T15:57:26.295+0000] {processor.py:183} INFO - Processing /home/airflow/.local/lib/python3.10/site-packages/airflow/example_dags/example_display_name.py took 0.082 seconds
[2025-05-09T15:57:56.981+0000] {processor.py:161} INFO - Started process (PID=11421) to work on /home/airflow/.local/lib/python3.10/site-packages/airflow/example_dags/example_display_name.py
[2025-05-09T15:57:56.983+0000] {processor.py:830} INFO - Processing file /home/airflow/.local/lib/python3.10/site-packages/airflow/example_dags/example_display_name.py for tasks to queue
[2025-05-09T15:57:56.985+0000] {logging_mixin.py:188} INFO - [2025-05-09T15:57:56.985+0000] {dagbag.py:545} INFO - Filling up the DagBag from /home/airflow/.local/lib/python3.10/site-packages/airflow/example_dags/example_display_name.py
[2025-05-09T15:57:56.993+0000] {processor.py:840} INFO - DAG(s) 'example_display_name' retrieved from /home/airflow/.local/lib/python3.10/site-packages/airflow/example_dags/example_display_name.py
[2025-05-09T15:57:57.015+0000] {logging_mixin.py:188} INFO - [2025-05-09T15:57:57.015+0000] {dag.py:3096} INFO - Sync 1 DAGs
[2025-05-09T15:57:57.027+0000] {logging_mixin.py:188} INFO - [2025-05-09T15:57:57.027+0000] {dag.py:3954} INFO - Setting next_dagrun for example_display_name to None, run_after=None
[2025-05-09T15:57:57.047+0000] {processor.py:183} INFO - Processing /home/airflow/.local/lib/python3.10/site-packages/airflow/example_dags/example_display_name.py took 0.071 seconds
[2025-05-09T15:58:27.454+0000] {processor.py:161} INFO - Started process (PID=11694) to work on /home/airflow/.local/lib/python3.10/site-packages/airflow/example_dags/example_display_name.py
[2025-05-09T15:58:27.455+0000] {processor.py:830} INFO - Processing file /home/airflow/.local/lib/python3.10/site-packages/airflow/example_dags/example_display_name.py for tasks to queue
[2025-05-09T15:58:27.457+0000] {logging_mixin.py:188} INFO - [2025-05-09T15:58:27.457+0000] {dagbag.py:545} INFO - Filling up the DagBag from /home/airflow/.local/lib/python3.10/site-packages/airflow/example_dags/example_display_name.py
[2025-05-09T15:58:27.462+0000] {processor.py:840} INFO - DAG(s) 'example_display_name' retrieved from /home/airflow/.local/lib/python3.10/site-packages/airflow/example_dags/example_display_name.py
[2025-05-09T15:58:27.481+0000] {logging_mixin.py:188} INFO - [2025-05-09T15:58:27.481+0000] {dag.py:3096} INFO - Sync 1 DAGs
[2025-05-09T15:58:27.492+0000] {logging_mixin.py:188} INFO - [2025-05-09T15:58:27.491+0000] {dag.py:3954} INFO - Setting next_dagrun for example_display_name to None, run_after=None
[2025-05-09T15:58:27.510+0000] {processor.py:183} INFO - Processing /home/airflow/.local/lib/python3.10/site-packages/airflow/example_dags/example_display_name.py took 0.062 seconds
[2025-05-09T15:58:57.932+0000] {processor.py:161} INFO - Started process (PID=11954) to work on /home/airflow/.local/lib/python3.10/site-packages/airflow/example_dags/example_display_name.py
[2025-05-09T15:58:57.934+0000] {processor.py:830} INFO - Processing file /home/airflow/.local/lib/python3.10/site-packages/airflow/example_dags/example_display_name.py for tasks to queue
[2025-05-09T15:58:57.937+0000] {logging_mixin.py:188} INFO - [2025-05-09T15:58:57.936+0000] {dagbag.py:545} INFO - Filling up the DagBag from /home/airflow/.local/lib/python3.10/site-packages/airflow/example_dags/example_display_name.py
[2025-05-09T15:58:57.944+0000] {processor.py:840} INFO - DAG(s) 'example_display_name' retrieved from /home/airflow/.local/lib/python3.10/site-packages/airflow/example_dags/example_display_name.py
[2025-05-09T15:58:57.970+0000] {logging_mixin.py:188} INFO - [2025-05-09T15:58:57.969+0000] {dag.py:3096} INFO - Sync 1 DAGs
[2025-05-09T15:58:57.986+0000] {logging_mixin.py:188} INFO - [2025-05-09T15:58:57.986+0000] {dag.py:3954} INFO - Setting next_dagrun for example_display_name to None, run_after=None
[2025-05-09T15:58:58.019+0000] {processor.py:183} INFO - Processing /home/airflow/.local/lib/python3.10/site-packages/airflow/example_dags/example_display_name.py took 0.094 seconds
[2025-05-09T15:59:29.108+0000] {processor.py:161} INFO - Started process (PID=12227) to work on /home/airflow/.local/lib/python3.10/site-packages/airflow/example_dags/example_display_name.py
[2025-05-09T15:59:29.109+0000] {processor.py:830} INFO - Processing file /home/airflow/.local/lib/python3.10/site-packages/airflow/example_dags/example_display_name.py for tasks to queue
[2025-05-09T15:59:29.111+0000] {logging_mixin.py:188} INFO - [2025-05-09T15:59:29.111+0000] {dagbag.py:545} INFO - Filling up the DagBag from /home/airflow/.local/lib/python3.10/site-packages/airflow/example_dags/example_display_name.py
[2025-05-09T15:59:29.117+0000] {processor.py:840} INFO - DAG(s) 'example_display_name' retrieved from /home/airflow/.local/lib/python3.10/site-packages/airflow/example_dags/example_display_name.py
[2025-05-09T15:59:29.140+0000] {logging_mixin.py:188} INFO - [2025-05-09T15:59:29.139+0000] {dag.py:3096} INFO - Sync 1 DAGs
[2025-05-09T15:59:29.152+0000] {logging_mixin.py:188} INFO - [2025-05-09T15:59:29.152+0000] {dag.py:3954} INFO - Setting next_dagrun for example_display_name to None, run_after=None
[2025-05-09T15:59:29.175+0000] {processor.py:183} INFO - Processing /home/airflow/.local/lib/python3.10/site-packages/airflow/example_dags/example_display_name.py took 0.074 seconds
[2025-05-09T15:59:59.506+0000] {processor.py:161} INFO - Started process (PID=12507) to work on /home/airflow/.local/lib/python3.10/site-packages/airflow/example_dags/example_display_name.py
[2025-05-09T15:59:59.507+0000] {processor.py:830} INFO - Processing file /home/airflow/.local/lib/python3.10/site-packages/airflow/example_dags/example_display_name.py for tasks to queue
[2025-05-09T15:59:59.509+0000] {logging_mixin.py:188} INFO - [2025-05-09T15:59:59.509+0000] {dagbag.py:545} INFO - Filling up the DagBag from /home/airflow/.local/lib/python3.10/site-packages/airflow/example_dags/example_display_name.py
[2025-05-09T15:59:59.515+0000] {processor.py:840} INFO - DAG(s) 'example_display_name' retrieved from /home/airflow/.local/lib/python3.10/site-packages/airflow/example_dags/example_display_name.py
[2025-05-09T15:59:59.537+0000] {logging_mixin.py:188} INFO - [2025-05-09T15:59:59.536+0000] {dag.py:3096} INFO - Sync 1 DAGs
[2025-05-09T15:59:59.550+0000] {logging_mixin.py:188} INFO - [2025-05-09T15:59:59.550+0000] {dag.py:3954} INFO - Setting next_dagrun for example_display_name to None, run_after=None
[2025-05-09T15:59:59.578+0000] {processor.py:183} INFO - Processing /home/airflow/.local/lib/python3.10/site-packages/airflow/example_dags/example_display_name.py took 0.078 seconds
[2025-05-09T16:00:29.791+0000] {processor.py:161} INFO - Started process (PID=12803) to work on /home/airflow/.local/lib/python3.10/site-packages/airflow/example_dags/example_display_name.py
[2025-05-09T16:00:29.792+0000] {processor.py:830} INFO - Processing file /home/airflow/.local/lib/python3.10/site-packages/airflow/example_dags/example_display_name.py for tasks to queue
[2025-05-09T16:00:29.794+0000] {logging_mixin.py:188} INFO - [2025-05-09T16:00:29.794+0000] {dagbag.py:545} INFO - Filling up the DagBag from /home/airflow/.local/lib/python3.10/site-packages/airflow/example_dags/example_display_name.py
[2025-05-09T16:00:29.799+0000] {processor.py:840} INFO - DAG(s) 'example_display_name' retrieved from /home/airflow/.local/lib/python3.10/site-packages/airflow/example_dags/example_display_name.py
[2025-05-09T16:00:29.816+0000] {logging_mixin.py:188} INFO - [2025-05-09T16:00:29.815+0000] {dag.py:3096} INFO - Sync 1 DAGs
[2025-05-09T16:00:29.826+0000] {logging_mixin.py:188} INFO - [2025-05-09T16:00:29.825+0000] {dag.py:3954} INFO - Setting next_dagrun for example_display_name to None, run_after=None
[2025-05-09T16:00:29.841+0000] {processor.py:183} INFO - Processing /home/airflow/.local/lib/python3.10/site-packages/airflow/example_dags/example_display_name.py took 0.056 seconds
[2025-05-09T16:01:00.548+0000] {processor.py:161} INFO - Started process (PID=13080) to work on /home/airflow/.local/lib/python3.10/site-packages/airflow/example_dags/example_display_name.py
[2025-05-09T16:01:00.550+0000] {processor.py:830} INFO - Processing file /home/airflow/.local/lib/python3.10/site-packages/airflow/example_dags/example_display_name.py for tasks to queue
[2025-05-09T16:01:00.551+0000] {logging_mixin.py:188} INFO - [2025-05-09T16:01:00.551+0000] {dagbag.py:545} INFO - Filling up the DagBag from /home/airflow/.local/lib/python3.10/site-packages/airflow/example_dags/example_display_name.py
[2025-05-09T16:01:00.559+0000] {processor.py:840} INFO - DAG(s) 'example_display_name' retrieved from /home/airflow/.local/lib/python3.10/site-packages/airflow/example_dags/example_display_name.py
[2025-05-09T16:01:00.584+0000] {logging_mixin.py:188} INFO - [2025-05-09T16:01:00.584+0000] {dag.py:3096} INFO - Sync 1 DAGs
[2025-05-09T16:01:00.597+0000] {logging_mixin.py:188} INFO - [2025-05-09T16:01:00.597+0000] {dag.py:3954} INFO - Setting next_dagrun for example_display_name to None, run_after=None
[2025-05-09T16:01:00.618+0000] {processor.py:183} INFO - Processing /home/airflow/.local/lib/python3.10/site-packages/airflow/example_dags/example_display_name.py took 0.074 seconds
[2025-05-09T16:01:31.261+0000] {processor.py:161} INFO - Started process (PID=13365) to work on /home/airflow/.local/lib/python3.10/site-packages/airflow/example_dags/example_display_name.py
[2025-05-09T16:01:31.262+0000] {processor.py:830} INFO - Processing file /home/airflow/.local/lib/python3.10/site-packages/airflow/example_dags/example_display_name.py for tasks to queue
[2025-05-09T16:01:31.264+0000] {logging_mixin.py:188} INFO - [2025-05-09T16:01:31.264+0000] {dagbag.py:545} INFO - Filling up the DagBag from /home/airflow/.local/lib/python3.10/site-packages/airflow/example_dags/example_display_name.py
[2025-05-09T16:01:31.270+0000] {processor.py:840} INFO - DAG(s) 'example_display_name' retrieved from /home/airflow/.local/lib/python3.10/site-packages/airflow/example_dags/example_display_name.py
[2025-05-09T16:01:31.294+0000] {logging_mixin.py:188} INFO - [2025-05-09T16:01:31.293+0000] {dag.py:3096} INFO - Sync 1 DAGs
[2025-05-09T16:01:31.306+0000] {logging_mixin.py:188} INFO - [2025-05-09T16:01:31.306+0000] {dag.py:3954} INFO - Setting next_dagrun for example_display_name to None, run_after=None
[2025-05-09T16:01:31.332+0000] {processor.py:183} INFO - Processing /home/airflow/.local/lib/python3.10/site-packages/airflow/example_dags/example_display_name.py took 0.080 seconds
[2025-05-09T16:02:01.890+0000] {processor.py:161} INFO - Started process (PID=13673) to work on /home/airflow/.local/lib/python3.10/site-packages/airflow/example_dags/example_display_name.py
[2025-05-09T16:02:01.892+0000] {processor.py:830} INFO - Processing file /home/airflow/.local/lib/python3.10/site-packages/airflow/example_dags/example_display_name.py for tasks to queue
[2025-05-09T16:02:01.894+0000] {logging_mixin.py:188} INFO - [2025-05-09T16:02:01.894+0000] {dagbag.py:545} INFO - Filling up the DagBag from /home/airflow/.local/lib/python3.10/site-packages/airflow/example_dags/example_display_name.py
[2025-05-09T16:02:01.901+0000] {processor.py:840} INFO - DAG(s) 'example_display_name' retrieved from /home/airflow/.local/lib/python3.10/site-packages/airflow/example_dags/example_display_name.py
[2025-05-09T16:02:01.922+0000] {logging_mixin.py:188} INFO - [2025-05-09T16:02:01.922+0000] {dag.py:3096} INFO - Sync 1 DAGs
[2025-05-09T16:02:01.933+0000] {logging_mixin.py:188} INFO - [2025-05-09T16:02:01.933+0000] {dag.py:3954} INFO - Setting next_dagrun for example_display_name to None, run_after=None
[2025-05-09T16:02:01.957+0000] {processor.py:183} INFO - Processing /home/airflow/.local/lib/python3.10/site-packages/airflow/example_dags/example_display_name.py took 0.072 seconds
[2025-05-09T16:02:32.222+0000] {processor.py:161} INFO - Started process (PID=13951) to work on /home/airflow/.local/lib/python3.10/site-packages/airflow/example_dags/example_display_name.py
[2025-05-09T16:02:32.224+0000] {processor.py:830} INFO - Processing file /home/airflow/.local/lib/python3.10/site-packages/airflow/example_dags/example_display_name.py for tasks to queue
[2025-05-09T16:02:32.225+0000] {logging_mixin.py:188} INFO - [2025-05-09T16:02:32.225+0000] {dagbag.py:545} INFO - Filling up the DagBag from /home/airflow/.local/lib/python3.10/site-packages/airflow/example_dags/example_display_name.py
[2025-05-09T16:02:32.230+0000] {processor.py:840} INFO - DAG(s) 'example_display_name' retrieved from /home/airflow/.local/lib/python3.10/site-packages/airflow/example_dags/example_display_name.py
[2025-05-09T16:02:32.253+0000] {logging_mixin.py:188} INFO - [2025-05-09T16:02:32.252+0000] {dag.py:3096} INFO - Sync 1 DAGs
[2025-05-09T16:02:32.264+0000] {logging_mixin.py:188} INFO - [2025-05-09T16:02:32.263+0000] {dag.py:3954} INFO - Setting next_dagrun for example_display_name to None, run_after=None
[2025-05-09T16:02:32.286+0000] {processor.py:183} INFO - Processing /home/airflow/.local/lib/python3.10/site-packages/airflow/example_dags/example_display_name.py took 0.069 seconds
[2025-05-09T16:03:02.869+0000] {processor.py:161} INFO - Started process (PID=14257) to work on /home/airflow/.local/lib/python3.10/site-packages/airflow/example_dags/example_display_name.py
[2025-05-09T16:03:02.872+0000] {processor.py:830} INFO - Processing file /home/airflow/.local/lib/python3.10/site-packages/airflow/example_dags/example_display_name.py for tasks to queue
[2025-05-09T16:03:02.873+0000] {logging_mixin.py:188} INFO - [2025-05-09T16:03:02.873+0000] {dagbag.py:545} INFO - Filling up the DagBag from /home/airflow/.local/lib/python3.10/site-packages/airflow/example_dags/example_display_name.py
[2025-05-09T16:03:02.881+0000] {processor.py:840} INFO - DAG(s) 'example_display_name' retrieved from /home/airflow/.local/lib/python3.10/site-packages/airflow/example_dags/example_display_name.py
[2025-05-09T16:03:02.911+0000] {logging_mixin.py:188} INFO - [2025-05-09T16:03:02.910+0000] {dag.py:3096} INFO - Sync 1 DAGs
[2025-05-09T16:03:02.927+0000] {logging_mixin.py:188} INFO - [2025-05-09T16:03:02.927+0000] {dag.py:3954} INFO - Setting next_dagrun for example_display_name to None, run_after=None
[2025-05-09T16:03:02.952+0000] {processor.py:183} INFO - Processing /home/airflow/.local/lib/python3.10/site-packages/airflow/example_dags/example_display_name.py took 0.090 seconds
[2025-05-09T16:03:33.944+0000] {processor.py:161} INFO - Started process (PID=14532) to work on /home/airflow/.local/lib/python3.10/site-packages/airflow/example_dags/example_display_name.py
[2025-05-09T16:03:33.946+0000] {processor.py:830} INFO - Processing file /home/airflow/.local/lib/python3.10/site-packages/airflow/example_dags/example_display_name.py for tasks to queue
[2025-05-09T16:03:33.948+0000] {logging_mixin.py:188} INFO - [2025-05-09T16:03:33.947+0000] {dagbag.py:545} INFO - Filling up the DagBag from /home/airflow/.local/lib/python3.10/site-packages/airflow/example_dags/example_display_name.py
[2025-05-09T16:03:33.957+0000] {processor.py:840} INFO - DAG(s) 'example_display_name' retrieved from /home/airflow/.local/lib/python3.10/site-packages/airflow/example_dags/example_display_name.py
[2025-05-09T16:03:33.987+0000] {logging_mixin.py:188} INFO - [2025-05-09T16:03:33.986+0000] {dag.py:3096} INFO - Sync 1 DAGs
[2025-05-09T16:03:34.005+0000] {logging_mixin.py:188} INFO - [2025-05-09T16:03:34.004+0000] {dag.py:3954} INFO - Setting next_dagrun for example_display_name to None, run_after=None
[2025-05-09T16:03:34.035+0000] {processor.py:183} INFO - Processing /home/airflow/.local/lib/python3.10/site-packages/airflow/example_dags/example_display_name.py took 0.104 seconds
[2025-05-09T16:04:04.616+0000] {processor.py:161} INFO - Started process (PID=14796) to work on /home/airflow/.local/lib/python3.10/site-packages/airflow/example_dags/example_display_name.py
[2025-05-09T16:04:04.617+0000] {processor.py:830} INFO - Processing file /home/airflow/.local/lib/python3.10/site-packages/airflow/example_dags/example_display_name.py for tasks to queue
[2025-05-09T16:04:04.619+0000] {logging_mixin.py:188} INFO - [2025-05-09T16:04:04.618+0000] {dagbag.py:545} INFO - Filling up the DagBag from /home/airflow/.local/lib/python3.10/site-packages/airflow/example_dags/example_display_name.py
[2025-05-09T16:04:04.625+0000] {processor.py:840} INFO - DAG(s) 'example_display_name' retrieved from /home/airflow/.local/lib/python3.10/site-packages/airflow/example_dags/example_display_name.py
[2025-05-09T16:04:04.648+0000] {logging_mixin.py:188} INFO - [2025-05-09T16:04:04.647+0000] {dag.py:3096} INFO - Sync 1 DAGs
[2025-05-09T16:04:04.659+0000] {logging_mixin.py:188} INFO - [2025-05-09T16:04:04.658+0000] {dag.py:3954} INFO - Setting next_dagrun for example_display_name to None, run_after=None
[2025-05-09T16:04:04.683+0000] {processor.py:183} INFO - Processing /home/airflow/.local/lib/python3.10/site-packages/airflow/example_dags/example_display_name.py took 0.072 seconds
[2025-05-09T16:05:16.460+0000] {processor.py:161} INFO - Started process (PID=239) to work on /home/airflow/.local/lib/python3.10/site-packages/airflow/example_dags/example_display_name.py
[2025-05-09T16:05:16.462+0000] {processor.py:830} INFO - Processing file /home/airflow/.local/lib/python3.10/site-packages/airflow/example_dags/example_display_name.py for tasks to queue
[2025-05-09T16:05:16.466+0000] {logging_mixin.py:188} INFO - [2025-05-09T16:05:16.466+0000] {dagbag.py:545} INFO - Filling up the DagBag from /home/airflow/.local/lib/python3.10/site-packages/airflow/example_dags/example_display_name.py
[2025-05-09T16:05:16.475+0000] {processor.py:840} INFO - DAG(s) 'example_display_name' retrieved from /home/airflow/.local/lib/python3.10/site-packages/airflow/example_dags/example_display_name.py
[2025-05-09T16:05:16.496+0000] {logging_mixin.py:188} INFO - [2025-05-09T16:05:16.495+0000] {dag.py:3096} INFO - Sync 1 DAGs
[2025-05-09T16:05:16.517+0000] {logging_mixin.py:188} INFO - [2025-05-09T16:05:16.516+0000] {dag.py:3954} INFO - Setting next_dagrun for example_display_name to None, run_after=None
[2025-05-09T16:05:16.553+0000] {processor.py:183} INFO - Processing /home/airflow/.local/lib/python3.10/site-packages/airflow/example_dags/example_display_name.py took 0.101 seconds
[2025-05-09T16:05:46.868+0000] {processor.py:161} INFO - Started process (PID=499) to work on /home/airflow/.local/lib/python3.10/site-packages/airflow/example_dags/example_display_name.py
[2025-05-09T16:05:46.870+0000] {processor.py:830} INFO - Processing file /home/airflow/.local/lib/python3.10/site-packages/airflow/example_dags/example_display_name.py for tasks to queue
[2025-05-09T16:05:46.872+0000] {logging_mixin.py:188} INFO - [2025-05-09T16:05:46.871+0000] {dagbag.py:545} INFO - Filling up the DagBag from /home/airflow/.local/lib/python3.10/site-packages/airflow/example_dags/example_display_name.py
[2025-05-09T16:05:46.878+0000] {processor.py:840} INFO - DAG(s) 'example_display_name' retrieved from /home/airflow/.local/lib/python3.10/site-packages/airflow/example_dags/example_display_name.py
[2025-05-09T16:05:46.965+0000] {logging_mixin.py:188} INFO - [2025-05-09T16:05:46.965+0000] {dag.py:3096} INFO - Sync 1 DAGs
[2025-05-09T16:05:46.977+0000] {logging_mixin.py:188} INFO - [2025-05-09T16:05:46.976+0000] {dag.py:3954} INFO - Setting next_dagrun for example_display_name to None, run_after=None
[2025-05-09T16:05:46.998+0000] {processor.py:183} INFO - Processing /home/airflow/.local/lib/python3.10/site-packages/airflow/example_dags/example_display_name.py took 0.137 seconds
[2025-05-09T16:06:17.373+0000] {processor.py:161} INFO - Started process (PID=761) to work on /home/airflow/.local/lib/python3.10/site-packages/airflow/example_dags/example_display_name.py
[2025-05-09T16:06:17.375+0000] {processor.py:830} INFO - Processing file /home/airflow/.local/lib/python3.10/site-packages/airflow/example_dags/example_display_name.py for tasks to queue
[2025-05-09T16:06:17.379+0000] {logging_mixin.py:188} INFO - [2025-05-09T16:06:17.379+0000] {dagbag.py:545} INFO - Filling up the DagBag from /home/airflow/.local/lib/python3.10/site-packages/airflow/example_dags/example_display_name.py
[2025-05-09T16:06:17.390+0000] {processor.py:840} INFO - DAG(s) 'example_display_name' retrieved from /home/airflow/.local/lib/python3.10/site-packages/airflow/example_dags/example_display_name.py
[2025-05-09T16:06:17.415+0000] {logging_mixin.py:188} INFO - [2025-05-09T16:06:17.415+0000] {dag.py:3096} INFO - Sync 1 DAGs
[2025-05-09T16:06:17.428+0000] {logging_mixin.py:188} INFO - [2025-05-09T16:06:17.428+0000] {dag.py:3954} INFO - Setting next_dagrun for example_display_name to None, run_after=None
[2025-05-09T16:06:17.454+0000] {processor.py:183} INFO - Processing /home/airflow/.local/lib/python3.10/site-packages/airflow/example_dags/example_display_name.py took 0.088 seconds
[2025-05-09T16:06:47.812+0000] {processor.py:161} INFO - Started process (PID=1023) to work on /home/airflow/.local/lib/python3.10/site-packages/airflow/example_dags/example_display_name.py
[2025-05-09T16:06:47.813+0000] {processor.py:830} INFO - Processing file /home/airflow/.local/lib/python3.10/site-packages/airflow/example_dags/example_display_name.py for tasks to queue
[2025-05-09T16:06:47.816+0000] {logging_mixin.py:188} INFO - [2025-05-09T16:06:47.815+0000] {dagbag.py:545} INFO - Filling up the DagBag from /home/airflow/.local/lib/python3.10/site-packages/airflow/example_dags/example_display_name.py
[2025-05-09T16:06:47.825+0000] {processor.py:840} INFO - DAG(s) 'example_display_name' retrieved from /home/airflow/.local/lib/python3.10/site-packages/airflow/example_dags/example_display_name.py
[2025-05-09T16:06:47.851+0000] {logging_mixin.py:188} INFO - [2025-05-09T16:06:47.851+0000] {dag.py:3096} INFO - Sync 1 DAGs
[2025-05-09T16:06:47.865+0000] {logging_mixin.py:188} INFO - [2025-05-09T16:06:47.864+0000] {dag.py:3954} INFO - Setting next_dagrun for example_display_name to None, run_after=None
[2025-05-09T16:06:47.893+0000] {processor.py:183} INFO - Processing /home/airflow/.local/lib/python3.10/site-packages/airflow/example_dags/example_display_name.py took 0.087 seconds
[2025-05-09T16:07:19.043+0000] {processor.py:161} INFO - Started process (PID=1320) to work on /home/airflow/.local/lib/python3.10/site-packages/airflow/example_dags/example_display_name.py
[2025-05-09T16:07:19.045+0000] {processor.py:830} INFO - Processing file /home/airflow/.local/lib/python3.10/site-packages/airflow/example_dags/example_display_name.py for tasks to queue
[2025-05-09T16:07:19.049+0000] {logging_mixin.py:188} INFO - [2025-05-09T16:07:19.049+0000] {dagbag.py:545} INFO - Filling up the DagBag from /home/airflow/.local/lib/python3.10/site-packages/airflow/example_dags/example_display_name.py
[2025-05-09T16:07:19.060+0000] {processor.py:840} INFO - DAG(s) 'example_display_name' retrieved from /home/airflow/.local/lib/python3.10/site-packages/airflow/example_dags/example_display_name.py
[2025-05-09T16:07:19.102+0000] {logging_mixin.py:188} INFO - [2025-05-09T16:07:19.102+0000] {dag.py:3096} INFO - Sync 1 DAGs
[2025-05-09T16:07:19.130+0000] {logging_mixin.py:188} INFO - [2025-05-09T16:07:19.130+0000] {dag.py:3954} INFO - Setting next_dagrun for example_display_name to None, run_after=None
[2025-05-09T16:07:19.176+0000] {processor.py:183} INFO - Processing /home/airflow/.local/lib/python3.10/site-packages/airflow/example_dags/example_display_name.py took 0.144 seconds
[2025-05-09T16:07:49.903+0000] {processor.py:161} INFO - Started process (PID=1585) to work on /home/airflow/.local/lib/python3.10/site-packages/airflow/example_dags/example_display_name.py
[2025-05-09T16:07:49.904+0000] {processor.py:830} INFO - Processing file /home/airflow/.local/lib/python3.10/site-packages/airflow/example_dags/example_display_name.py for tasks to queue
[2025-05-09T16:07:49.906+0000] {logging_mixin.py:188} INFO - [2025-05-09T16:07:49.906+0000] {dagbag.py:545} INFO - Filling up the DagBag from /home/airflow/.local/lib/python3.10/site-packages/airflow/example_dags/example_display_name.py
[2025-05-09T16:07:49.911+0000] {processor.py:840} INFO - DAG(s) 'example_display_name' retrieved from /home/airflow/.local/lib/python3.10/site-packages/airflow/example_dags/example_display_name.py
[2025-05-09T16:07:49.931+0000] {logging_mixin.py:188} INFO - [2025-05-09T16:07:49.931+0000] {dag.py:3096} INFO - Sync 1 DAGs
[2025-05-09T16:07:49.941+0000] {logging_mixin.py:188} INFO - [2025-05-09T16:07:49.941+0000] {dag.py:3954} INFO - Setting next_dagrun for example_display_name to None, run_after=None
[2025-05-09T16:07:49.961+0000] {processor.py:183} INFO - Processing /home/airflow/.local/lib/python3.10/site-packages/airflow/example_dags/example_display_name.py took 0.065 seconds
[2025-05-09T16:08:21.152+0000] {processor.py:161} INFO - Started process (PID=1853) to work on /home/airflow/.local/lib/python3.10/site-packages/airflow/example_dags/example_display_name.py
[2025-05-09T16:08:21.154+0000] {processor.py:830} INFO - Processing file /home/airflow/.local/lib/python3.10/site-packages/airflow/example_dags/example_display_name.py for tasks to queue
[2025-05-09T16:08:21.156+0000] {logging_mixin.py:188} INFO - [2025-05-09T16:08:21.156+0000] {dagbag.py:545} INFO - Filling up the DagBag from /home/airflow/.local/lib/python3.10/site-packages/airflow/example_dags/example_display_name.py
[2025-05-09T16:08:21.162+0000] {processor.py:840} INFO - DAG(s) 'example_display_name' retrieved from /home/airflow/.local/lib/python3.10/site-packages/airflow/example_dags/example_display_name.py
[2025-05-09T16:08:21.185+0000] {logging_mixin.py:188} INFO - [2025-05-09T16:08:21.184+0000] {dag.py:3096} INFO - Sync 1 DAGs
[2025-05-09T16:08:21.197+0000] {logging_mixin.py:188} INFO - [2025-05-09T16:08:21.197+0000] {dag.py:3954} INFO - Setting next_dagrun for example_display_name to None, run_after=None
[2025-05-09T16:08:21.221+0000] {processor.py:183} INFO - Processing /home/airflow/.local/lib/python3.10/site-packages/airflow/example_dags/example_display_name.py took 0.076 seconds
[2025-05-09T16:08:51.594+0000] {processor.py:161} INFO - Started process (PID=2139) to work on /home/airflow/.local/lib/python3.10/site-packages/airflow/example_dags/example_display_name.py
[2025-05-09T16:08:51.595+0000] {processor.py:830} INFO - Processing file /home/airflow/.local/lib/python3.10/site-packages/airflow/example_dags/example_display_name.py for tasks to queue
[2025-05-09T16:08:51.597+0000] {logging_mixin.py:188} INFO - [2025-05-09T16:08:51.597+0000] {dagbag.py:545} INFO - Filling up the DagBag from /home/airflow/.local/lib/python3.10/site-packages/airflow/example_dags/example_display_name.py
[2025-05-09T16:08:51.604+0000] {processor.py:840} INFO - DAG(s) 'example_display_name' retrieved from /home/airflow/.local/lib/python3.10/site-packages/airflow/example_dags/example_display_name.py
[2025-05-09T16:08:51.629+0000] {logging_mixin.py:188} INFO - [2025-05-09T16:08:51.629+0000] {dag.py:3096} INFO - Sync 1 DAGs
[2025-05-09T16:08:51.644+0000] {logging_mixin.py:188} INFO - [2025-05-09T16:08:51.644+0000] {dag.py:3954} INFO - Setting next_dagrun for example_display_name to None, run_after=None
[2025-05-09T16:08:51.665+0000] {processor.py:183} INFO - Processing /home/airflow/.local/lib/python3.10/site-packages/airflow/example_dags/example_display_name.py took 0.079 seconds
[2025-05-09T16:09:22.190+0000] {processor.py:161} INFO - Started process (PID=2413) to work on /home/airflow/.local/lib/python3.10/site-packages/airflow/example_dags/example_display_name.py
[2025-05-09T16:09:22.192+0000] {processor.py:830} INFO - Processing file /home/airflow/.local/lib/python3.10/site-packages/airflow/example_dags/example_display_name.py for tasks to queue
[2025-05-09T16:09:22.194+0000] {logging_mixin.py:188} INFO - [2025-05-09T16:09:22.194+0000] {dagbag.py:545} INFO - Filling up the DagBag from /home/airflow/.local/lib/python3.10/site-packages/airflow/example_dags/example_display_name.py
[2025-05-09T16:09:22.202+0000] {processor.py:840} INFO - DAG(s) 'example_display_name' retrieved from /home/airflow/.local/lib/python3.10/site-packages/airflow/example_dags/example_display_name.py
[2025-05-09T16:09:22.227+0000] {logging_mixin.py:188} INFO - [2025-05-09T16:09:22.226+0000] {dag.py:3096} INFO - Sync 1 DAGs
[2025-05-09T16:09:22.240+0000] {logging_mixin.py:188} INFO - [2025-05-09T16:09:22.240+0000] {dag.py:3954} INFO - Setting next_dagrun for example_display_name to None, run_after=None
[2025-05-09T16:09:22.268+0000] {processor.py:183} INFO - Processing /home/airflow/.local/lib/python3.10/site-packages/airflow/example_dags/example_display_name.py took 0.083 seconds
[2025-05-09T16:09:52.968+0000] {processor.py:161} INFO - Started process (PID=2675) to work on /home/airflow/.local/lib/python3.10/site-packages/airflow/example_dags/example_display_name.py
[2025-05-09T16:09:52.969+0000] {processor.py:830} INFO - Processing file /home/airflow/.local/lib/python3.10/site-packages/airflow/example_dags/example_display_name.py for tasks to queue
[2025-05-09T16:09:52.972+0000] {logging_mixin.py:188} INFO - [2025-05-09T16:09:52.972+0000] {dagbag.py:545} INFO - Filling up the DagBag from /home/airflow/.local/lib/python3.10/site-packages/airflow/example_dags/example_display_name.py
[2025-05-09T16:09:52.978+0000] {processor.py:840} INFO - DAG(s) 'example_display_name' retrieved from /home/airflow/.local/lib/python3.10/site-packages/airflow/example_dags/example_display_name.py
[2025-05-09T16:09:53.005+0000] {logging_mixin.py:188} INFO - [2025-05-09T16:09:53.005+0000] {dag.py:3096} INFO - Sync 1 DAGs
[2025-05-09T16:09:53.021+0000] {logging_mixin.py:188} INFO - [2025-05-09T16:09:53.020+0000] {dag.py:3954} INFO - Setting next_dagrun for example_display_name to None, run_after=None
[2025-05-09T16:09:53.047+0000] {processor.py:183} INFO - Processing /home/airflow/.local/lib/python3.10/site-packages/airflow/example_dags/example_display_name.py took 0.086 seconds
[2025-05-09T16:10:23.569+0000] {processor.py:161} INFO - Started process (PID=2943) to work on /home/airflow/.local/lib/python3.10/site-packages/airflow/example_dags/example_display_name.py
[2025-05-09T16:10:23.571+0000] {processor.py:830} INFO - Processing file /home/airflow/.local/lib/python3.10/site-packages/airflow/example_dags/example_display_name.py for tasks to queue
[2025-05-09T16:10:23.573+0000] {logging_mixin.py:188} INFO - [2025-05-09T16:10:23.573+0000] {dagbag.py:545} INFO - Filling up the DagBag from /home/airflow/.local/lib/python3.10/site-packages/airflow/example_dags/example_display_name.py
[2025-05-09T16:10:23.581+0000] {processor.py:840} INFO - DAG(s) 'example_display_name' retrieved from /home/airflow/.local/lib/python3.10/site-packages/airflow/example_dags/example_display_name.py
[2025-05-09T16:10:23.604+0000] {logging_mixin.py:188} INFO - [2025-05-09T16:10:23.604+0000] {dag.py:3096} INFO - Sync 1 DAGs
[2025-05-09T16:10:23.621+0000] {logging_mixin.py:188} INFO - [2025-05-09T16:10:23.621+0000] {dag.py:3954} INFO - Setting next_dagrun for example_display_name to None, run_after=None
[2025-05-09T16:10:23.651+0000] {processor.py:183} INFO - Processing /home/airflow/.local/lib/python3.10/site-packages/airflow/example_dags/example_display_name.py took 0.088 seconds
[2025-05-09T16:10:53.795+0000] {processor.py:161} INFO - Started process (PID=3211) to work on /home/airflow/.local/lib/python3.10/site-packages/airflow/example_dags/example_display_name.py
[2025-05-09T16:10:53.797+0000] {processor.py:830} INFO - Processing file /home/airflow/.local/lib/python3.10/site-packages/airflow/example_dags/example_display_name.py for tasks to queue
[2025-05-09T16:10:53.799+0000] {logging_mixin.py:188} INFO - [2025-05-09T16:10:53.799+0000] {dagbag.py:545} INFO - Filling up the DagBag from /home/airflow/.local/lib/python3.10/site-packages/airflow/example_dags/example_display_name.py
[2025-05-09T16:10:53.807+0000] {processor.py:840} INFO - DAG(s) 'example_display_name' retrieved from /home/airflow/.local/lib/python3.10/site-packages/airflow/example_dags/example_display_name.py
[2025-05-09T16:10:53.839+0000] {logging_mixin.py:188} INFO - [2025-05-09T16:10:53.839+0000] {dag.py:3096} INFO - Sync 1 DAGs
[2025-05-09T16:10:53.856+0000] {logging_mixin.py:188} INFO - [2025-05-09T16:10:53.855+0000] {dag.py:3954} INFO - Setting next_dagrun for example_display_name to None, run_after=None
[2025-05-09T16:10:53.891+0000] {processor.py:183} INFO - Processing /home/airflow/.local/lib/python3.10/site-packages/airflow/example_dags/example_display_name.py took 0.103 seconds
[2025-05-09T16:11:24.628+0000] {processor.py:161} INFO - Started process (PID=3485) to work on /home/airflow/.local/lib/python3.10/site-packages/airflow/example_dags/example_display_name.py
[2025-05-09T16:11:24.629+0000] {processor.py:830} INFO - Processing file /home/airflow/.local/lib/python3.10/site-packages/airflow/example_dags/example_display_name.py for tasks to queue
[2025-05-09T16:11:24.631+0000] {logging_mixin.py:188} INFO - [2025-05-09T16:11:24.631+0000] {dagbag.py:545} INFO - Filling up the DagBag from /home/airflow/.local/lib/python3.10/site-packages/airflow/example_dags/example_display_name.py
[2025-05-09T16:11:24.637+0000] {processor.py:840} INFO - DAG(s) 'example_display_name' retrieved from /home/airflow/.local/lib/python3.10/site-packages/airflow/example_dags/example_display_name.py
[2025-05-09T16:11:24.668+0000] {logging_mixin.py:188} INFO - [2025-05-09T16:11:24.667+0000] {dag.py:3096} INFO - Sync 1 DAGs
[2025-05-09T16:11:24.688+0000] {logging_mixin.py:188} INFO - [2025-05-09T16:11:24.687+0000] {dag.py:3954} INFO - Setting next_dagrun for example_display_name to None, run_after=None
[2025-05-09T16:11:24.719+0000] {processor.py:183} INFO - Processing /home/airflow/.local/lib/python3.10/site-packages/airflow/example_dags/example_display_name.py took 0.097 seconds
[2025-05-09T16:11:55.286+0000] {processor.py:161} INFO - Started process (PID=3753) to work on /home/airflow/.local/lib/python3.10/site-packages/airflow/example_dags/example_display_name.py
[2025-05-09T16:11:55.288+0000] {processor.py:830} INFO - Processing file /home/airflow/.local/lib/python3.10/site-packages/airflow/example_dags/example_display_name.py for tasks to queue
[2025-05-09T16:11:55.290+0000] {logging_mixin.py:188} INFO - [2025-05-09T16:11:55.290+0000] {dagbag.py:545} INFO - Filling up the DagBag from /home/airflow/.local/lib/python3.10/site-packages/airflow/example_dags/example_display_name.py
[2025-05-09T16:11:55.296+0000] {processor.py:840} INFO - DAG(s) 'example_display_name' retrieved from /home/airflow/.local/lib/python3.10/site-packages/airflow/example_dags/example_display_name.py
[2025-05-09T16:11:55.322+0000] {logging_mixin.py:188} INFO - [2025-05-09T16:11:55.321+0000] {dag.py:3096} INFO - Sync 1 DAGs
[2025-05-09T16:11:55.335+0000] {logging_mixin.py:188} INFO - [2025-05-09T16:11:55.334+0000] {dag.py:3954} INFO - Setting next_dagrun for example_display_name to None, run_after=None
[2025-05-09T16:11:55.360+0000] {processor.py:183} INFO - Processing /home/airflow/.local/lib/python3.10/site-packages/airflow/example_dags/example_display_name.py took 0.079 seconds
[2025-05-09T16:12:26.012+0000] {processor.py:161} INFO - Started process (PID=4030) to work on /home/airflow/.local/lib/python3.10/site-packages/airflow/example_dags/example_display_name.py
[2025-05-09T16:12:26.014+0000] {processor.py:830} INFO - Processing file /home/airflow/.local/lib/python3.10/site-packages/airflow/example_dags/example_display_name.py for tasks to queue
[2025-05-09T16:12:26.017+0000] {logging_mixin.py:188} INFO - [2025-05-09T16:12:26.016+0000] {dagbag.py:545} INFO - Filling up the DagBag from /home/airflow/.local/lib/python3.10/site-packages/airflow/example_dags/example_display_name.py
[2025-05-09T16:12:26.023+0000] {processor.py:840} INFO - DAG(s) 'example_display_name' retrieved from /home/airflow/.local/lib/python3.10/site-packages/airflow/example_dags/example_display_name.py
[2025-05-09T16:12:26.051+0000] {logging_mixin.py:188} INFO - [2025-05-09T16:12:26.051+0000] {dag.py:3096} INFO - Sync 1 DAGs
[2025-05-09T16:12:26.068+0000] {logging_mixin.py:188} INFO - [2025-05-09T16:12:26.068+0000] {dag.py:3954} INFO - Setting next_dagrun for example_display_name to None, run_after=None
[2025-05-09T16:12:26.098+0000] {processor.py:183} INFO - Processing /home/airflow/.local/lib/python3.10/site-packages/airflow/example_dags/example_display_name.py took 0.094 seconds
[2025-05-09T16:12:56.735+0000] {processor.py:161} INFO - Started process (PID=4292) to work on /home/airflow/.local/lib/python3.10/site-packages/airflow/example_dags/example_display_name.py
[2025-05-09T16:12:56.737+0000] {processor.py:830} INFO - Processing file /home/airflow/.local/lib/python3.10/site-packages/airflow/example_dags/example_display_name.py for tasks to queue
[2025-05-09T16:12:56.739+0000] {logging_mixin.py:188} INFO - [2025-05-09T16:12:56.739+0000] {dagbag.py:545} INFO - Filling up the DagBag from /home/airflow/.local/lib/python3.10/site-packages/airflow/example_dags/example_display_name.py
[2025-05-09T16:12:56.745+0000] {processor.py:840} INFO - DAG(s) 'example_display_name' retrieved from /home/airflow/.local/lib/python3.10/site-packages/airflow/example_dags/example_display_name.py
[2025-05-09T16:12:56.768+0000] {logging_mixin.py:188} INFO - [2025-05-09T16:12:56.768+0000] {dag.py:3096} INFO - Sync 1 DAGs
[2025-05-09T16:12:56.783+0000] {logging_mixin.py:188} INFO - [2025-05-09T16:12:56.783+0000] {dag.py:3954} INFO - Setting next_dagrun for example_display_name to None, run_after=None
[2025-05-09T16:12:56.808+0000] {processor.py:183} INFO - Processing /home/airflow/.local/lib/python3.10/site-packages/airflow/example_dags/example_display_name.py took 0.080 seconds
[2025-05-09T16:13:27.135+0000] {processor.py:161} INFO - Started process (PID=4563) to work on /home/airflow/.local/lib/python3.10/site-packages/airflow/example_dags/example_display_name.py
[2025-05-09T16:13:27.136+0000] {processor.py:830} INFO - Processing file /home/airflow/.local/lib/python3.10/site-packages/airflow/example_dags/example_display_name.py for tasks to queue
[2025-05-09T16:13:27.138+0000] {logging_mixin.py:188} INFO - [2025-05-09T16:13:27.138+0000] {dagbag.py:545} INFO - Filling up the DagBag from /home/airflow/.local/lib/python3.10/site-packages/airflow/example_dags/example_display_name.py
[2025-05-09T16:13:27.144+0000] {processor.py:840} INFO - DAG(s) 'example_display_name' retrieved from /home/airflow/.local/lib/python3.10/site-packages/airflow/example_dags/example_display_name.py
[2025-05-09T16:13:27.166+0000] {logging_mixin.py:188} INFO - [2025-05-09T16:13:27.166+0000] {dag.py:3096} INFO - Sync 1 DAGs
[2025-05-09T16:13:27.179+0000] {logging_mixin.py:188} INFO - [2025-05-09T16:13:27.178+0000] {dag.py:3954} INFO - Setting next_dagrun for example_display_name to None, run_after=None
[2025-05-09T16:13:27.211+0000] {processor.py:183} INFO - Processing /home/airflow/.local/lib/python3.10/site-packages/airflow/example_dags/example_display_name.py took 0.083 seconds
[2025-05-09T16:13:57.534+0000] {processor.py:161} INFO - Started process (PID=4825) to work on /home/airflow/.local/lib/python3.10/site-packages/airflow/example_dags/example_display_name.py
[2025-05-09T16:13:57.535+0000] {processor.py:830} INFO - Processing file /home/airflow/.local/lib/python3.10/site-packages/airflow/example_dags/example_display_name.py for tasks to queue
[2025-05-09T16:13:57.537+0000] {logging_mixin.py:188} INFO - [2025-05-09T16:13:57.537+0000] {dagbag.py:545} INFO - Filling up the DagBag from /home/airflow/.local/lib/python3.10/site-packages/airflow/example_dags/example_display_name.py
[2025-05-09T16:13:57.543+0000] {processor.py:840} INFO - DAG(s) 'example_display_name' retrieved from /home/airflow/.local/lib/python3.10/site-packages/airflow/example_dags/example_display_name.py
[2025-05-09T16:13:57.562+0000] {logging_mixin.py:188} INFO - [2025-05-09T16:13:57.561+0000] {dag.py:3096} INFO - Sync 1 DAGs
[2025-05-09T16:13:57.573+0000] {logging_mixin.py:188} INFO - [2025-05-09T16:13:57.573+0000] {dag.py:3954} INFO - Setting next_dagrun for example_display_name to None, run_after=None
[2025-05-09T16:13:57.590+0000] {processor.py:183} INFO - Processing /home/airflow/.local/lib/python3.10/site-packages/airflow/example_dags/example_display_name.py took 0.061 seconds
[2025-05-09T16:14:27.729+0000] {processor.py:161} INFO - Started process (PID=5114) to work on /home/airflow/.local/lib/python3.10/site-packages/airflow/example_dags/example_display_name.py
[2025-05-09T16:14:27.730+0000] {processor.py:830} INFO - Processing file /home/airflow/.local/lib/python3.10/site-packages/airflow/example_dags/example_display_name.py for tasks to queue
[2025-05-09T16:14:27.732+0000] {logging_mixin.py:188} INFO - [2025-05-09T16:14:27.732+0000] {dagbag.py:545} INFO - Filling up the DagBag from /home/airflow/.local/lib/python3.10/site-packages/airflow/example_dags/example_display_name.py
[2025-05-09T16:14:27.738+0000] {processor.py:840} INFO - DAG(s) 'example_display_name' retrieved from /home/airflow/.local/lib/python3.10/site-packages/airflow/example_dags/example_display_name.py
[2025-05-09T16:14:27.758+0000] {logging_mixin.py:188} INFO - [2025-05-09T16:14:27.758+0000] {dag.py:3096} INFO - Sync 1 DAGs
[2025-05-09T16:14:27.771+0000] {logging_mixin.py:188} INFO - [2025-05-09T16:14:27.771+0000] {dag.py:3954} INFO - Setting next_dagrun for example_display_name to None, run_after=None
[2025-05-09T16:14:27.793+0000] {processor.py:183} INFO - Processing /home/airflow/.local/lib/python3.10/site-packages/airflow/example_dags/example_display_name.py took 0.071 seconds
[2025-05-09T16:14:58.137+0000] {processor.py:161} INFO - Started process (PID=5382) to work on /home/airflow/.local/lib/python3.10/site-packages/airflow/example_dags/example_display_name.py
[2025-05-09T16:14:58.139+0000] {processor.py:830} INFO - Processing file /home/airflow/.local/lib/python3.10/site-packages/airflow/example_dags/example_display_name.py for tasks to queue
[2025-05-09T16:14:58.141+0000] {logging_mixin.py:188} INFO - [2025-05-09T16:14:58.141+0000] {dagbag.py:545} INFO - Filling up the DagBag from /home/airflow/.local/lib/python3.10/site-packages/airflow/example_dags/example_display_name.py
[2025-05-09T16:14:58.147+0000] {processor.py:840} INFO - DAG(s) 'example_display_name' retrieved from /home/airflow/.local/lib/python3.10/site-packages/airflow/example_dags/example_display_name.py
[2025-05-09T16:14:58.171+0000] {logging_mixin.py:188} INFO - [2025-05-09T16:14:58.171+0000] {dag.py:3096} INFO - Sync 1 DAGs
[2025-05-09T16:14:58.182+0000] {logging_mixin.py:188} INFO - [2025-05-09T16:14:58.182+0000] {dag.py:3954} INFO - Setting next_dagrun for example_display_name to None, run_after=None
[2025-05-09T16:14:58.208+0000] {processor.py:183} INFO - Processing /home/airflow/.local/lib/python3.10/site-packages/airflow/example_dags/example_display_name.py took 0.078 seconds
[2025-05-09T16:15:29.090+0000] {processor.py:161} INFO - Started process (PID=5653) to work on /home/airflow/.local/lib/python3.10/site-packages/airflow/example_dags/example_display_name.py
[2025-05-09T16:15:29.092+0000] {processor.py:830} INFO - Processing file /home/airflow/.local/lib/python3.10/site-packages/airflow/example_dags/example_display_name.py for tasks to queue
[2025-05-09T16:15:29.095+0000] {logging_mixin.py:188} INFO - [2025-05-09T16:15:29.094+0000] {dagbag.py:545} INFO - Filling up the DagBag from /home/airflow/.local/lib/python3.10/site-packages/airflow/example_dags/example_display_name.py
[2025-05-09T16:15:29.102+0000] {processor.py:840} INFO - DAG(s) 'example_display_name' retrieved from /home/airflow/.local/lib/python3.10/site-packages/airflow/example_dags/example_display_name.py
[2025-05-09T16:15:29.128+0000] {logging_mixin.py:188} INFO - [2025-05-09T16:15:29.128+0000] {dag.py:3096} INFO - Sync 1 DAGs
[2025-05-09T16:15:29.142+0000] {logging_mixin.py:188} INFO - [2025-05-09T16:15:29.141+0000] {dag.py:3954} INFO - Setting next_dagrun for example_display_name to None, run_after=None
[2025-05-09T16:15:29.168+0000] {processor.py:183} INFO - Processing /home/airflow/.local/lib/python3.10/site-packages/airflow/example_dags/example_display_name.py took 0.085 seconds
[2025-05-09T16:15:59.869+0000] {processor.py:161} INFO - Started process (PID=5935) to work on /home/airflow/.local/lib/python3.10/site-packages/airflow/example_dags/example_display_name.py
[2025-05-09T16:15:59.872+0000] {processor.py:830} INFO - Processing file /home/airflow/.local/lib/python3.10/site-packages/airflow/example_dags/example_display_name.py for tasks to queue
[2025-05-09T16:15:59.875+0000] {logging_mixin.py:188} INFO - [2025-05-09T16:15:59.874+0000] {dagbag.py:545} INFO - Filling up the DagBag from /home/airflow/.local/lib/python3.10/site-packages/airflow/example_dags/example_display_name.py
[2025-05-09T16:15:59.887+0000] {processor.py:840} INFO - DAG(s) 'example_display_name' retrieved from /home/airflow/.local/lib/python3.10/site-packages/airflow/example_dags/example_display_name.py
[2025-05-09T16:15:59.919+0000] {logging_mixin.py:188} INFO - [2025-05-09T16:15:59.918+0000] {dag.py:3096} INFO - Sync 1 DAGs
[2025-05-09T16:15:59.936+0000] {logging_mixin.py:188} INFO - [2025-05-09T16:15:59.936+0000] {dag.py:3954} INFO - Setting next_dagrun for example_display_name to None, run_after=None
[2025-05-09T16:15:59.973+0000] {processor.py:183} INFO - Processing /home/airflow/.local/lib/python3.10/site-packages/airflow/example_dags/example_display_name.py took 0.114 seconds
[2025-05-09T16:16:30.607+0000] {processor.py:161} INFO - Started process (PID=6285) to work on /home/airflow/.local/lib/python3.10/site-packages/airflow/example_dags/example_display_name.py
[2025-05-09T16:16:30.609+0000] {processor.py:830} INFO - Processing file /home/airflow/.local/lib/python3.10/site-packages/airflow/example_dags/example_display_name.py for tasks to queue
[2025-05-09T16:16:30.612+0000] {logging_mixin.py:188} INFO - [2025-05-09T16:16:30.612+0000] {dagbag.py:545} INFO - Filling up the DagBag from /home/airflow/.local/lib/python3.10/site-packages/airflow/example_dags/example_display_name.py
[2025-05-09T16:16:30.619+0000] {processor.py:840} INFO - DAG(s) 'example_display_name' retrieved from /home/airflow/.local/lib/python3.10/site-packages/airflow/example_dags/example_display_name.py
[2025-05-09T16:16:30.647+0000] {logging_mixin.py:188} INFO - [2025-05-09T16:16:30.646+0000] {dag.py:3096} INFO - Sync 1 DAGs
[2025-05-09T16:16:30.665+0000] {logging_mixin.py:188} INFO - [2025-05-09T16:16:30.664+0000] {dag.py:3954} INFO - Setting next_dagrun for example_display_name to None, run_after=None
[2025-05-09T16:16:30.690+0000] {processor.py:183} INFO - Processing /home/airflow/.local/lib/python3.10/site-packages/airflow/example_dags/example_display_name.py took 0.090 seconds
[2025-05-09T16:17:01.401+0000] {processor.py:161} INFO - Started process (PID=6572) to work on /home/airflow/.local/lib/python3.10/site-packages/airflow/example_dags/example_display_name.py
[2025-05-09T16:17:01.403+0000] {processor.py:830} INFO - Processing file /home/airflow/.local/lib/python3.10/site-packages/airflow/example_dags/example_display_name.py for tasks to queue
[2025-05-09T16:17:01.406+0000] {logging_mixin.py:188} INFO - [2025-05-09T16:17:01.406+0000] {dagbag.py:545} INFO - Filling up the DagBag from /home/airflow/.local/lib/python3.10/site-packages/airflow/example_dags/example_display_name.py
[2025-05-09T16:17:01.415+0000] {processor.py:840} INFO - DAG(s) 'example_display_name' retrieved from /home/airflow/.local/lib/python3.10/site-packages/airflow/example_dags/example_display_name.py
[2025-05-09T16:17:01.452+0000] {logging_mixin.py:188} INFO - [2025-05-09T16:17:01.452+0000] {dag.py:3096} INFO - Sync 1 DAGs
[2025-05-09T16:17:01.472+0000] {logging_mixin.py:188} INFO - [2025-05-09T16:17:01.471+0000] {dag.py:3954} INFO - Setting next_dagrun for example_display_name to None, run_after=None
[2025-05-09T16:17:01.516+0000] {processor.py:183} INFO - Processing /home/airflow/.local/lib/python3.10/site-packages/airflow/example_dags/example_display_name.py took 0.126 seconds
[2025-05-09T16:17:31.923+0000] {processor.py:161} INFO - Started process (PID=6887) to work on /home/airflow/.local/lib/python3.10/site-packages/airflow/example_dags/example_display_name.py
[2025-05-09T16:17:31.924+0000] {processor.py:830} INFO - Processing file /home/airflow/.local/lib/python3.10/site-packages/airflow/example_dags/example_display_name.py for tasks to queue
[2025-05-09T16:17:31.926+0000] {logging_mixin.py:188} INFO - [2025-05-09T16:17:31.926+0000] {dagbag.py:545} INFO - Filling up the DagBag from /home/airflow/.local/lib/python3.10/site-packages/airflow/example_dags/example_display_name.py
[2025-05-09T16:17:31.932+0000] {processor.py:840} INFO - DAG(s) 'example_display_name' retrieved from /home/airflow/.local/lib/python3.10/site-packages/airflow/example_dags/example_display_name.py
[2025-05-09T16:17:31.955+0000] {logging_mixin.py:188} INFO - [2025-05-09T16:17:31.955+0000] {dag.py:3096} INFO - Sync 1 DAGs
[2025-05-09T16:17:31.970+0000] {logging_mixin.py:188} INFO - [2025-05-09T16:17:31.969+0000] {dag.py:3954} INFO - Setting next_dagrun for example_display_name to None, run_after=None
[2025-05-09T16:17:31.999+0000] {processor.py:183} INFO - Processing /home/airflow/.local/lib/python3.10/site-packages/airflow/example_dags/example_display_name.py took 0.082 seconds
[2025-05-09T16:18:02.773+0000] {processor.py:161} INFO - Started process (PID=7154) to work on /home/airflow/.local/lib/python3.10/site-packages/airflow/example_dags/example_display_name.py
[2025-05-09T16:18:02.775+0000] {processor.py:830} INFO - Processing file /home/airflow/.local/lib/python3.10/site-packages/airflow/example_dags/example_display_name.py for tasks to queue
[2025-05-09T16:18:02.778+0000] {logging_mixin.py:188} INFO - [2025-05-09T16:18:02.778+0000] {dagbag.py:545} INFO - Filling up the DagBag from /home/airflow/.local/lib/python3.10/site-packages/airflow/example_dags/example_display_name.py
[2025-05-09T16:18:02.785+0000] {processor.py:840} INFO - DAG(s) 'example_display_name' retrieved from /home/airflow/.local/lib/python3.10/site-packages/airflow/example_dags/example_display_name.py
[2025-05-09T16:18:02.811+0000] {logging_mixin.py:188} INFO - [2025-05-09T16:18:02.811+0000] {dag.py:3096} INFO - Sync 1 DAGs
[2025-05-09T16:18:02.829+0000] {logging_mixin.py:188} INFO - [2025-05-09T16:18:02.829+0000] {dag.py:3954} INFO - Setting next_dagrun for example_display_name to None, run_after=None
[2025-05-09T16:18:02.860+0000] {processor.py:183} INFO - Processing /home/airflow/.local/lib/python3.10/site-packages/airflow/example_dags/example_display_name.py took 0.093 seconds
[2025-05-09T16:18:33.007+0000] {processor.py:161} INFO - Started process (PID=7450) to work on /home/airflow/.local/lib/python3.10/site-packages/airflow/example_dags/example_display_name.py
[2025-05-09T16:18:33.009+0000] {processor.py:830} INFO - Processing file /home/airflow/.local/lib/python3.10/site-packages/airflow/example_dags/example_display_name.py for tasks to queue
[2025-05-09T16:18:33.011+0000] {logging_mixin.py:188} INFO - [2025-05-09T16:18:33.011+0000] {dagbag.py:545} INFO - Filling up the DagBag from /home/airflow/.local/lib/python3.10/site-packages/airflow/example_dags/example_display_name.py
[2025-05-09T16:18:33.019+0000] {processor.py:840} INFO - DAG(s) 'example_display_name' retrieved from /home/airflow/.local/lib/python3.10/site-packages/airflow/example_dags/example_display_name.py
[2025-05-09T16:18:33.046+0000] {logging_mixin.py:188} INFO - [2025-05-09T16:18:33.045+0000] {dag.py:3096} INFO - Sync 1 DAGs
[2025-05-09T16:18:33.061+0000] {logging_mixin.py:188} INFO - [2025-05-09T16:18:33.061+0000] {dag.py:3954} INFO - Setting next_dagrun for example_display_name to None, run_after=None
[2025-05-09T16:18:33.086+0000] {processor.py:183} INFO - Processing /home/airflow/.local/lib/python3.10/site-packages/airflow/example_dags/example_display_name.py took 0.086 seconds
[2025-05-09T16:19:03.735+0000] {processor.py:161} INFO - Started process (PID=7718) to work on /home/airflow/.local/lib/python3.10/site-packages/airflow/example_dags/example_display_name.py
[2025-05-09T16:19:03.736+0000] {processor.py:830} INFO - Processing file /home/airflow/.local/lib/python3.10/site-packages/airflow/example_dags/example_display_name.py for tasks to queue
[2025-05-09T16:19:03.739+0000] {logging_mixin.py:188} INFO - [2025-05-09T16:19:03.738+0000] {dagbag.py:545} INFO - Filling up the DagBag from /home/airflow/.local/lib/python3.10/site-packages/airflow/example_dags/example_display_name.py
[2025-05-09T16:19:03.745+0000] {processor.py:840} INFO - DAG(s) 'example_display_name' retrieved from /home/airflow/.local/lib/python3.10/site-packages/airflow/example_dags/example_display_name.py
[2025-05-09T16:19:03.779+0000] {logging_mixin.py:188} INFO - [2025-05-09T16:19:03.778+0000] {dag.py:3096} INFO - Sync 1 DAGs
[2025-05-09T16:19:03.796+0000] {logging_mixin.py:188} INFO - [2025-05-09T16:19:03.796+0000] {dag.py:3954} INFO - Setting next_dagrun for example_display_name to None, run_after=None
[2025-05-09T16:19:03.845+0000] {processor.py:183} INFO - Processing /home/airflow/.local/lib/python3.10/site-packages/airflow/example_dags/example_display_name.py took 0.117 seconds
[2025-05-09T16:19:34.441+0000] {processor.py:161} INFO - Started process (PID=8013) to work on /home/airflow/.local/lib/python3.10/site-packages/airflow/example_dags/example_display_name.py
[2025-05-09T16:19:34.443+0000] {processor.py:830} INFO - Processing file /home/airflow/.local/lib/python3.10/site-packages/airflow/example_dags/example_display_name.py for tasks to queue
[2025-05-09T16:19:34.447+0000] {logging_mixin.py:188} INFO - [2025-05-09T16:19:34.446+0000] {dagbag.py:545} INFO - Filling up the DagBag from /home/airflow/.local/lib/python3.10/site-packages/airflow/example_dags/example_display_name.py
[2025-05-09T16:19:34.454+0000] {processor.py:840} INFO - DAG(s) 'example_display_name' retrieved from /home/airflow/.local/lib/python3.10/site-packages/airflow/example_dags/example_display_name.py
[2025-05-09T16:19:34.484+0000] {logging_mixin.py:188} INFO - [2025-05-09T16:19:34.483+0000] {dag.py:3096} INFO - Sync 1 DAGs
[2025-05-09T16:19:34.498+0000] {logging_mixin.py:188} INFO - [2025-05-09T16:19:34.498+0000] {dag.py:3954} INFO - Setting next_dagrun for example_display_name to None, run_after=None
[2025-05-09T16:19:34.534+0000] {processor.py:183} INFO - Processing /home/airflow/.local/lib/python3.10/site-packages/airflow/example_dags/example_display_name.py took 0.100 seconds
[2025-05-09T16:20:04.976+0000] {processor.py:161} INFO - Started process (PID=8303) to work on /home/airflow/.local/lib/python3.10/site-packages/airflow/example_dags/example_display_name.py
[2025-05-09T16:20:04.978+0000] {processor.py:830} INFO - Processing file /home/airflow/.local/lib/python3.10/site-packages/airflow/example_dags/example_display_name.py for tasks to queue
[2025-05-09T16:20:04.982+0000] {logging_mixin.py:188} INFO - [2025-05-09T16:20:04.982+0000] {dagbag.py:545} INFO - Filling up the DagBag from /home/airflow/.local/lib/python3.10/site-packages/airflow/example_dags/example_display_name.py
[2025-05-09T16:20:04.992+0000] {processor.py:840} INFO - DAG(s) 'example_display_name' retrieved from /home/airflow/.local/lib/python3.10/site-packages/airflow/example_dags/example_display_name.py
[2025-05-09T16:20:05.054+0000] {logging_mixin.py:188} INFO - [2025-05-09T16:20:05.054+0000] {dag.py:3096} INFO - Sync 1 DAGs
[2025-05-09T16:20:05.091+0000] {logging_mixin.py:188} INFO - [2025-05-09T16:20:05.090+0000] {dag.py:3954} INFO - Setting next_dagrun for example_display_name to None, run_after=None
[2025-05-09T16:20:05.134+0000] {processor.py:183} INFO - Processing /home/airflow/.local/lib/python3.10/site-packages/airflow/example_dags/example_display_name.py took 0.165 seconds
[2025-05-09T16:20:35.837+0000] {processor.py:161} INFO - Started process (PID=8592) to work on /home/airflow/.local/lib/python3.10/site-packages/airflow/example_dags/example_display_name.py
[2025-05-09T16:20:35.838+0000] {processor.py:830} INFO - Processing file /home/airflow/.local/lib/python3.10/site-packages/airflow/example_dags/example_display_name.py for tasks to queue
[2025-05-09T16:20:35.840+0000] {logging_mixin.py:188} INFO - [2025-05-09T16:20:35.840+0000] {dagbag.py:545} INFO - Filling up the DagBag from /home/airflow/.local/lib/python3.10/site-packages/airflow/example_dags/example_display_name.py
[2025-05-09T16:20:35.846+0000] {processor.py:840} INFO - DAG(s) 'example_display_name' retrieved from /home/airflow/.local/lib/python3.10/site-packages/airflow/example_dags/example_display_name.py
[2025-05-09T16:20:35.875+0000] {logging_mixin.py:188} INFO - [2025-05-09T16:20:35.874+0000] {dag.py:3096} INFO - Sync 1 DAGs
[2025-05-09T16:20:35.888+0000] {logging_mixin.py:188} INFO - [2025-05-09T16:20:35.888+0000] {dag.py:3954} INFO - Setting next_dagrun for example_display_name to None, run_after=None
[2025-05-09T16:20:35.916+0000] {processor.py:183} INFO - Processing /home/airflow/.local/lib/python3.10/site-packages/airflow/example_dags/example_display_name.py took 0.085 seconds
[2025-05-09T16:21:06.423+0000] {processor.py:161} INFO - Started process (PID=8882) to work on /home/airflow/.local/lib/python3.10/site-packages/airflow/example_dags/example_display_name.py
[2025-05-09T16:21:06.427+0000] {processor.py:830} INFO - Processing file /home/airflow/.local/lib/python3.10/site-packages/airflow/example_dags/example_display_name.py for tasks to queue
[2025-05-09T16:21:06.432+0000] {logging_mixin.py:188} INFO - [2025-05-09T16:21:06.431+0000] {dagbag.py:545} INFO - Filling up the DagBag from /home/airflow/.local/lib/python3.10/site-packages/airflow/example_dags/example_display_name.py
[2025-05-09T16:21:06.445+0000] {processor.py:840} INFO - DAG(s) 'example_display_name' retrieved from /home/airflow/.local/lib/python3.10/site-packages/airflow/example_dags/example_display_name.py
[2025-05-09T16:21:06.492+0000] {logging_mixin.py:188} INFO - [2025-05-09T16:21:06.491+0000] {dag.py:3096} INFO - Sync 1 DAGs
[2025-05-09T16:21:06.522+0000] {logging_mixin.py:188} INFO - [2025-05-09T16:21:06.522+0000] {dag.py:3954} INFO - Setting next_dagrun for example_display_name to None, run_after=None
[2025-05-09T16:21:06.560+0000] {processor.py:183} INFO - Processing /home/airflow/.local/lib/python3.10/site-packages/airflow/example_dags/example_display_name.py took 0.156 seconds
[2025-05-09T16:21:36.838+0000] {processor.py:161} INFO - Started process (PID=9224) to work on /home/airflow/.local/lib/python3.10/site-packages/airflow/example_dags/example_display_name.py
[2025-05-09T16:21:36.839+0000] {processor.py:830} INFO - Processing file /home/airflow/.local/lib/python3.10/site-packages/airflow/example_dags/example_display_name.py for tasks to queue
[2025-05-09T16:21:36.841+0000] {logging_mixin.py:188} INFO - [2025-05-09T16:21:36.841+0000] {dagbag.py:545} INFO - Filling up the DagBag from /home/airflow/.local/lib/python3.10/site-packages/airflow/example_dags/example_display_name.py
[2025-05-09T16:21:36.847+0000] {processor.py:840} INFO - DAG(s) 'example_display_name' retrieved from /home/airflow/.local/lib/python3.10/site-packages/airflow/example_dags/example_display_name.py
[2025-05-09T16:21:36.873+0000] {logging_mixin.py:188} INFO - [2025-05-09T16:21:36.872+0000] {dag.py:3096} INFO - Sync 1 DAGs
[2025-05-09T16:21:36.887+0000] {logging_mixin.py:188} INFO - [2025-05-09T16:21:36.887+0000] {dag.py:3954} INFO - Setting next_dagrun for example_display_name to None, run_after=None
[2025-05-09T16:21:36.915+0000] {processor.py:183} INFO - Processing /home/airflow/.local/lib/python3.10/site-packages/airflow/example_dags/example_display_name.py took 0.084 seconds
[2025-05-09T16:22:07.199+0000] {processor.py:161} INFO - Started process (PID=9537) to work on /home/airflow/.local/lib/python3.10/site-packages/airflow/example_dags/example_display_name.py
[2025-05-09T16:22:07.201+0000] {processor.py:830} INFO - Processing file /home/airflow/.local/lib/python3.10/site-packages/airflow/example_dags/example_display_name.py for tasks to queue
[2025-05-09T16:22:07.203+0000] {logging_mixin.py:188} INFO - [2025-05-09T16:22:07.203+0000] {dagbag.py:545} INFO - Filling up the DagBag from /home/airflow/.local/lib/python3.10/site-packages/airflow/example_dags/example_display_name.py
[2025-05-09T16:22:07.211+0000] {processor.py:840} INFO - DAG(s) 'example_display_name' retrieved from /home/airflow/.local/lib/python3.10/site-packages/airflow/example_dags/example_display_name.py
[2025-05-09T16:22:07.238+0000] {logging_mixin.py:188} INFO - [2025-05-09T16:22:07.237+0000] {dag.py:3096} INFO - Sync 1 DAGs
[2025-05-09T16:22:07.252+0000] {logging_mixin.py:188} INFO - [2025-05-09T16:22:07.251+0000] {dag.py:3954} INFO - Setting next_dagrun for example_display_name to None, run_after=None
[2025-05-09T16:22:07.280+0000] {processor.py:183} INFO - Processing /home/airflow/.local/lib/python3.10/site-packages/airflow/example_dags/example_display_name.py took 0.088 seconds
[2025-05-09T16:22:38.180+0000] {processor.py:161} INFO - Started process (PID=9829) to work on /home/airflow/.local/lib/python3.10/site-packages/airflow/example_dags/example_display_name.py
[2025-05-09T16:22:38.182+0000] {processor.py:830} INFO - Processing file /home/airflow/.local/lib/python3.10/site-packages/airflow/example_dags/example_display_name.py for tasks to queue
[2025-05-09T16:22:38.184+0000] {logging_mixin.py:188} INFO - [2025-05-09T16:22:38.184+0000] {dagbag.py:545} INFO - Filling up the DagBag from /home/airflow/.local/lib/python3.10/site-packages/airflow/example_dags/example_display_name.py
[2025-05-09T16:22:38.190+0000] {processor.py:840} INFO - DAG(s) 'example_display_name' retrieved from /home/airflow/.local/lib/python3.10/site-packages/airflow/example_dags/example_display_name.py
[2025-05-09T16:22:38.212+0000] {logging_mixin.py:188} INFO - [2025-05-09T16:22:38.212+0000] {dag.py:3096} INFO - Sync 1 DAGs
[2025-05-09T16:22:38.229+0000] {logging_mixin.py:188} INFO - [2025-05-09T16:22:38.228+0000] {dag.py:3954} INFO - Setting next_dagrun for example_display_name to None, run_after=None
[2025-05-09T16:22:38.263+0000] {processor.py:183} INFO - Processing /home/airflow/.local/lib/python3.10/site-packages/airflow/example_dags/example_display_name.py took 0.089 seconds
[2025-05-09T16:23:09.055+0000] {processor.py:161} INFO - Started process (PID=10127) to work on /home/airflow/.local/lib/python3.10/site-packages/airflow/example_dags/example_display_name.py
[2025-05-09T16:23:09.057+0000] {processor.py:830} INFO - Processing file /home/airflow/.local/lib/python3.10/site-packages/airflow/example_dags/example_display_name.py for tasks to queue
[2025-05-09T16:23:09.060+0000] {logging_mixin.py:188} INFO - [2025-05-09T16:23:09.059+0000] {dagbag.py:545} INFO - Filling up the DagBag from /home/airflow/.local/lib/python3.10/site-packages/airflow/example_dags/example_display_name.py
[2025-05-09T16:23:09.070+0000] {processor.py:840} INFO - DAG(s) 'example_display_name' retrieved from /home/airflow/.local/lib/python3.10/site-packages/airflow/example_dags/example_display_name.py
[2025-05-09T16:23:09.101+0000] {logging_mixin.py:188} INFO - [2025-05-09T16:23:09.100+0000] {dag.py:3096} INFO - Sync 1 DAGs
[2025-05-09T16:23:09.117+0000] {logging_mixin.py:188} INFO - [2025-05-09T16:23:09.117+0000] {dag.py:3954} INFO - Setting next_dagrun for example_display_name to None, run_after=None
[2025-05-09T16:23:09.146+0000] {processor.py:183} INFO - Processing /home/airflow/.local/lib/python3.10/site-packages/airflow/example_dags/example_display_name.py took 0.101 seconds
[2025-05-09T16:23:39.629+0000] {processor.py:161} INFO - Started process (PID=10404) to work on /home/airflow/.local/lib/python3.10/site-packages/airflow/example_dags/example_display_name.py
[2025-05-09T16:23:39.631+0000] {processor.py:830} INFO - Processing file /home/airflow/.local/lib/python3.10/site-packages/airflow/example_dags/example_display_name.py for tasks to queue
[2025-05-09T16:23:39.633+0000] {logging_mixin.py:188} INFO - [2025-05-09T16:23:39.632+0000] {dagbag.py:545} INFO - Filling up the DagBag from /home/airflow/.local/lib/python3.10/site-packages/airflow/example_dags/example_display_name.py
[2025-05-09T16:23:39.639+0000] {processor.py:840} INFO - DAG(s) 'example_display_name' retrieved from /home/airflow/.local/lib/python3.10/site-packages/airflow/example_dags/example_display_name.py
[2025-05-09T16:23:39.665+0000] {logging_mixin.py:188} INFO - [2025-05-09T16:23:39.665+0000] {dag.py:3096} INFO - Sync 1 DAGs
[2025-05-09T16:23:39.679+0000] {logging_mixin.py:188} INFO - [2025-05-09T16:23:39.678+0000] {dag.py:3954} INFO - Setting next_dagrun for example_display_name to None, run_after=None
[2025-05-09T16:23:39.712+0000] {processor.py:183} INFO - Processing /home/airflow/.local/lib/python3.10/site-packages/airflow/example_dags/example_display_name.py took 0.089 seconds
[2025-05-09T16:24:10.345+0000] {processor.py:161} INFO - Started process (PID=10717) to work on /home/airflow/.local/lib/python3.10/site-packages/airflow/example_dags/example_display_name.py
[2025-05-09T16:24:10.347+0000] {processor.py:830} INFO - Processing file /home/airflow/.local/lib/python3.10/site-packages/airflow/example_dags/example_display_name.py for tasks to queue
[2025-05-09T16:24:10.351+0000] {logging_mixin.py:188} INFO - [2025-05-09T16:24:10.351+0000] {dagbag.py:545} INFO - Filling up the DagBag from /home/airflow/.local/lib/python3.10/site-packages/airflow/example_dags/example_display_name.py
[2025-05-09T16:24:10.362+0000] {processor.py:840} INFO - DAG(s) 'example_display_name' retrieved from /home/airflow/.local/lib/python3.10/site-packages/airflow/example_dags/example_display_name.py
[2025-05-09T16:24:10.391+0000] {logging_mixin.py:188} INFO - [2025-05-09T16:24:10.391+0000] {dag.py:3096} INFO - Sync 1 DAGs
[2025-05-09T16:24:10.409+0000] {logging_mixin.py:188} INFO - [2025-05-09T16:24:10.409+0000] {dag.py:3954} INFO - Setting next_dagrun for example_display_name to None, run_after=None
[2025-05-09T16:24:10.439+0000] {processor.py:183} INFO - Processing /home/airflow/.local/lib/python3.10/site-packages/airflow/example_dags/example_display_name.py took 0.102 seconds
[2025-05-09T16:24:40.571+0000] {processor.py:161} INFO - Started process (PID=10991) to work on /home/airflow/.local/lib/python3.10/site-packages/airflow/example_dags/example_display_name.py
[2025-05-09T16:24:40.573+0000] {processor.py:830} INFO - Processing file /home/airflow/.local/lib/python3.10/site-packages/airflow/example_dags/example_display_name.py for tasks to queue
[2025-05-09T16:24:40.575+0000] {logging_mixin.py:188} INFO - [2025-05-09T16:24:40.575+0000] {dagbag.py:545} INFO - Filling up the DagBag from /home/airflow/.local/lib/python3.10/site-packages/airflow/example_dags/example_display_name.py
[2025-05-09T16:24:40.582+0000] {processor.py:840} INFO - DAG(s) 'example_display_name' retrieved from /home/airflow/.local/lib/python3.10/site-packages/airflow/example_dags/example_display_name.py
[2025-05-09T16:24:40.602+0000] {logging_mixin.py:188} INFO - [2025-05-09T16:24:40.602+0000] {dag.py:3096} INFO - Sync 1 DAGs
[2025-05-09T16:24:40.615+0000] {logging_mixin.py:188} INFO - [2025-05-09T16:24:40.615+0000] {dag.py:3954} INFO - Setting next_dagrun for example_display_name to None, run_after=None
[2025-05-09T16:24:40.642+0000] {processor.py:183} INFO - Processing /home/airflow/.local/lib/python3.10/site-packages/airflow/example_dags/example_display_name.py took 0.076 seconds
[2025-05-09T16:25:10.769+0000] {processor.py:161} INFO - Started process (PID=11346) to work on /home/airflow/.local/lib/python3.10/site-packages/airflow/example_dags/example_display_name.py
[2025-05-09T16:25:10.771+0000] {processor.py:830} INFO - Processing file /home/airflow/.local/lib/python3.10/site-packages/airflow/example_dags/example_display_name.py for tasks to queue
[2025-05-09T16:25:10.774+0000] {logging_mixin.py:188} INFO - [2025-05-09T16:25:10.773+0000] {dagbag.py:545} INFO - Filling up the DagBag from /home/airflow/.local/lib/python3.10/site-packages/airflow/example_dags/example_display_name.py
[2025-05-09T16:25:10.780+0000] {processor.py:840} INFO - DAG(s) 'example_display_name' retrieved from /home/airflow/.local/lib/python3.10/site-packages/airflow/example_dags/example_display_name.py
[2025-05-09T16:25:10.813+0000] {logging_mixin.py:188} INFO - [2025-05-09T16:25:10.813+0000] {dag.py:3096} INFO - Sync 1 DAGs
[2025-05-09T16:25:10.834+0000] {logging_mixin.py:188} INFO - [2025-05-09T16:25:10.834+0000] {dag.py:3954} INFO - Setting next_dagrun for example_display_name to None, run_after=None
[2025-05-09T16:25:10.883+0000] {processor.py:183} INFO - Processing /home/airflow/.local/lib/python3.10/site-packages/airflow/example_dags/example_display_name.py took 0.120 seconds
[2025-05-09T16:25:41.643+0000] {processor.py:161} INFO - Started process (PID=11614) to work on /home/airflow/.local/lib/python3.10/site-packages/airflow/example_dags/example_display_name.py
[2025-05-09T16:25:41.645+0000] {processor.py:830} INFO - Processing file /home/airflow/.local/lib/python3.10/site-packages/airflow/example_dags/example_display_name.py for tasks to queue
[2025-05-09T16:25:41.647+0000] {logging_mixin.py:188} INFO - [2025-05-09T16:25:41.647+0000] {dagbag.py:545} INFO - Filling up the DagBag from /home/airflow/.local/lib/python3.10/site-packages/airflow/example_dags/example_display_name.py
[2025-05-09T16:25:41.654+0000] {processor.py:840} INFO - DAG(s) 'example_display_name' retrieved from /home/airflow/.local/lib/python3.10/site-packages/airflow/example_dags/example_display_name.py
[2025-05-09T16:25:41.678+0000] {logging_mixin.py:188} INFO - [2025-05-09T16:25:41.678+0000] {dag.py:3096} INFO - Sync 1 DAGs
[2025-05-09T16:25:41.693+0000] {logging_mixin.py:188} INFO - [2025-05-09T16:25:41.693+0000] {dag.py:3954} INFO - Setting next_dagrun for example_display_name to None, run_after=None
[2025-05-09T16:25:41.717+0000] {processor.py:183} INFO - Processing /home/airflow/.local/lib/python3.10/site-packages/airflow/example_dags/example_display_name.py took 0.081 seconds
[2025-05-09T16:26:12.065+0000] {processor.py:161} INFO - Started process (PID=11939) to work on /home/airflow/.local/lib/python3.10/site-packages/airflow/example_dags/example_display_name.py
[2025-05-09T16:26:12.068+0000] {processor.py:830} INFO - Processing file /home/airflow/.local/lib/python3.10/site-packages/airflow/example_dags/example_display_name.py for tasks to queue
[2025-05-09T16:26:12.070+0000] {logging_mixin.py:188} INFO - [2025-05-09T16:26:12.069+0000] {dagbag.py:545} INFO - Filling up the DagBag from /home/airflow/.local/lib/python3.10/site-packages/airflow/example_dags/example_display_name.py
[2025-05-09T16:26:12.077+0000] {processor.py:840} INFO - DAG(s) 'example_display_name' retrieved from /home/airflow/.local/lib/python3.10/site-packages/airflow/example_dags/example_display_name.py
[2025-05-09T16:26:12.101+0000] {logging_mixin.py:188} INFO - [2025-05-09T16:26:12.100+0000] {dag.py:3096} INFO - Sync 1 DAGs
[2025-05-09T16:26:12.114+0000] {logging_mixin.py:188} INFO - [2025-05-09T16:26:12.114+0000] {dag.py:3954} INFO - Setting next_dagrun for example_display_name to None, run_after=None
[2025-05-09T16:26:12.144+0000] {processor.py:183} INFO - Processing /home/airflow/.local/lib/python3.10/site-packages/airflow/example_dags/example_display_name.py took 0.085 seconds
[2025-05-09T16:26:42.619+0000] {processor.py:161} INFO - Started process (PID=12216) to work on /home/airflow/.local/lib/python3.10/site-packages/airflow/example_dags/example_display_name.py
[2025-05-09T16:26:42.621+0000] {processor.py:830} INFO - Processing file /home/airflow/.local/lib/python3.10/site-packages/airflow/example_dags/example_display_name.py for tasks to queue
[2025-05-09T16:26:42.623+0000] {logging_mixin.py:188} INFO - [2025-05-09T16:26:42.623+0000] {dagbag.py:545} INFO - Filling up the DagBag from /home/airflow/.local/lib/python3.10/site-packages/airflow/example_dags/example_display_name.py
[2025-05-09T16:26:42.629+0000] {processor.py:840} INFO - DAG(s) 'example_display_name' retrieved from /home/airflow/.local/lib/python3.10/site-packages/airflow/example_dags/example_display_name.py
[2025-05-09T16:26:42.651+0000] {logging_mixin.py:188} INFO - [2025-05-09T16:26:42.650+0000] {dag.py:3096} INFO - Sync 1 DAGs
[2025-05-09T16:26:42.668+0000] {logging_mixin.py:188} INFO - [2025-05-09T16:26:42.667+0000] {dag.py:3954} INFO - Setting next_dagrun for example_display_name to None, run_after=None
[2025-05-09T16:26:42.726+0000] {processor.py:183} INFO - Processing /home/airflow/.local/lib/python3.10/site-packages/airflow/example_dags/example_display_name.py took 0.113 seconds
[2025-05-09T16:27:13.181+0000] {processor.py:161} INFO - Started process (PID=12535) to work on /home/airflow/.local/lib/python3.10/site-packages/airflow/example_dags/example_display_name.py
[2025-05-09T16:27:13.183+0000] {processor.py:830} INFO - Processing file /home/airflow/.local/lib/python3.10/site-packages/airflow/example_dags/example_display_name.py for tasks to queue
[2025-05-09T16:27:13.186+0000] {logging_mixin.py:188} INFO - [2025-05-09T16:27:13.186+0000] {dagbag.py:545} INFO - Filling up the DagBag from /home/airflow/.local/lib/python3.10/site-packages/airflow/example_dags/example_display_name.py
[2025-05-09T16:27:13.193+0000] {processor.py:840} INFO - DAG(s) 'example_display_name' retrieved from /home/airflow/.local/lib/python3.10/site-packages/airflow/example_dags/example_display_name.py
[2025-05-09T16:27:13.220+0000] {logging_mixin.py:188} INFO - [2025-05-09T16:27:13.219+0000] {dag.py:3096} INFO - Sync 1 DAGs
[2025-05-09T16:27:13.236+0000] {logging_mixin.py:188} INFO - [2025-05-09T16:27:13.235+0000] {dag.py:3954} INFO - Setting next_dagrun for example_display_name to None, run_after=None
[2025-05-09T16:27:13.262+0000] {processor.py:183} INFO - Processing /home/airflow/.local/lib/python3.10/site-packages/airflow/example_dags/example_display_name.py took 0.087 seconds
[2025-05-09T16:27:43.467+0000] {processor.py:161} INFO - Started process (PID=12797) to work on /home/airflow/.local/lib/python3.10/site-packages/airflow/example_dags/example_display_name.py
[2025-05-09T16:27:43.469+0000] {processor.py:830} INFO - Processing file /home/airflow/.local/lib/python3.10/site-packages/airflow/example_dags/example_display_name.py for tasks to queue
[2025-05-09T16:27:43.471+0000] {logging_mixin.py:188} INFO - [2025-05-09T16:27:43.471+0000] {dagbag.py:545} INFO - Filling up the DagBag from /home/airflow/.local/lib/python3.10/site-packages/airflow/example_dags/example_display_name.py
[2025-05-09T16:27:43.478+0000] {processor.py:840} INFO - DAG(s) 'example_display_name' retrieved from /home/airflow/.local/lib/python3.10/site-packages/airflow/example_dags/example_display_name.py
[2025-05-09T16:27:43.503+0000] {logging_mixin.py:188} INFO - [2025-05-09T16:27:43.502+0000] {dag.py:3096} INFO - Sync 1 DAGs
[2025-05-09T16:27:43.518+0000] {logging_mixin.py:188} INFO - [2025-05-09T16:27:43.518+0000] {dag.py:3954} INFO - Setting next_dagrun for example_display_name to None, run_after=None
[2025-05-09T16:27:43.551+0000] {processor.py:183} INFO - Processing /home/airflow/.local/lib/python3.10/site-packages/airflow/example_dags/example_display_name.py took 0.090 seconds
[2025-05-09T16:28:13.843+0000] {processor.py:161} INFO - Started process (PID=13095) to work on /home/airflow/.local/lib/python3.10/site-packages/airflow/example_dags/example_display_name.py
[2025-05-09T16:28:13.844+0000] {processor.py:830} INFO - Processing file /home/airflow/.local/lib/python3.10/site-packages/airflow/example_dags/example_display_name.py for tasks to queue
[2025-05-09T16:28:13.847+0000] {logging_mixin.py:188} INFO - [2025-05-09T16:28:13.846+0000] {dagbag.py:545} INFO - Filling up the DagBag from /home/airflow/.local/lib/python3.10/site-packages/airflow/example_dags/example_display_name.py
[2025-05-09T16:28:13.853+0000] {processor.py:840} INFO - DAG(s) 'example_display_name' retrieved from /home/airflow/.local/lib/python3.10/site-packages/airflow/example_dags/example_display_name.py
[2025-05-09T16:28:13.877+0000] {logging_mixin.py:188} INFO - [2025-05-09T16:28:13.877+0000] {dag.py:3096} INFO - Sync 1 DAGs
[2025-05-09T16:28:13.890+0000] {logging_mixin.py:188} INFO - [2025-05-09T16:28:13.890+0000] {dag.py:3954} INFO - Setting next_dagrun for example_display_name to None, run_after=None
[2025-05-09T16:28:13.917+0000] {processor.py:183} INFO - Processing /home/airflow/.local/lib/python3.10/site-packages/airflow/example_dags/example_display_name.py took 0.080 seconds
[2025-05-09T16:28:44.855+0000] {processor.py:161} INFO - Started process (PID=13357) to work on /home/airflow/.local/lib/python3.10/site-packages/airflow/example_dags/example_display_name.py
[2025-05-09T16:28:44.857+0000] {processor.py:830} INFO - Processing file /home/airflow/.local/lib/python3.10/site-packages/airflow/example_dags/example_display_name.py for tasks to queue
[2025-05-09T16:28:44.859+0000] {logging_mixin.py:188} INFO - [2025-05-09T16:28:44.858+0000] {dagbag.py:545} INFO - Filling up the DagBag from /home/airflow/.local/lib/python3.10/site-packages/airflow/example_dags/example_display_name.py
[2025-05-09T16:28:44.864+0000] {processor.py:840} INFO - DAG(s) 'example_display_name' retrieved from /home/airflow/.local/lib/python3.10/site-packages/airflow/example_dags/example_display_name.py
[2025-05-09T16:28:44.891+0000] {logging_mixin.py:188} INFO - [2025-05-09T16:28:44.890+0000] {dag.py:3096} INFO - Sync 1 DAGs
[2025-05-09T16:28:44.906+0000] {logging_mixin.py:188} INFO - [2025-05-09T16:28:44.905+0000] {dag.py:3954} INFO - Setting next_dagrun for example_display_name to None, run_after=None
[2025-05-09T16:28:44.937+0000] {processor.py:183} INFO - Processing /home/airflow/.local/lib/python3.10/site-packages/airflow/example_dags/example_display_name.py took 0.088 seconds
[2025-05-09T16:29:15.283+0000] {processor.py:161} INFO - Started process (PID=13694) to work on /home/airflow/.local/lib/python3.10/site-packages/airflow/example_dags/example_display_name.py
[2025-05-09T16:29:15.285+0000] {processor.py:830} INFO - Processing file /home/airflow/.local/lib/python3.10/site-packages/airflow/example_dags/example_display_name.py for tasks to queue
[2025-05-09T16:29:15.288+0000] {logging_mixin.py:188} INFO - [2025-05-09T16:29:15.287+0000] {dagbag.py:545} INFO - Filling up the DagBag from /home/airflow/.local/lib/python3.10/site-packages/airflow/example_dags/example_display_name.py
[2025-05-09T16:29:15.299+0000] {processor.py:840} INFO - DAG(s) 'example_display_name' retrieved from /home/airflow/.local/lib/python3.10/site-packages/airflow/example_dags/example_display_name.py
[2025-05-09T16:29:15.325+0000] {logging_mixin.py:188} INFO - [2025-05-09T16:29:15.325+0000] {dag.py:3096} INFO - Sync 1 DAGs
[2025-05-09T16:29:15.341+0000] {logging_mixin.py:188} INFO - [2025-05-09T16:29:15.340+0000] {dag.py:3954} INFO - Setting next_dagrun for example_display_name to None, run_after=None
[2025-05-09T16:29:15.368+0000] {processor.py:183} INFO - Processing /home/airflow/.local/lib/python3.10/site-packages/airflow/example_dags/example_display_name.py took 0.094 seconds
[2025-05-09T16:29:45.761+0000] {processor.py:161} INFO - Started process (PID=13956) to work on /home/airflow/.local/lib/python3.10/site-packages/airflow/example_dags/example_display_name.py
[2025-05-09T16:29:45.763+0000] {processor.py:830} INFO - Processing file /home/airflow/.local/lib/python3.10/site-packages/airflow/example_dags/example_display_name.py for tasks to queue
[2025-05-09T16:29:45.765+0000] {logging_mixin.py:188} INFO - [2025-05-09T16:29:45.765+0000] {dagbag.py:545} INFO - Filling up the DagBag from /home/airflow/.local/lib/python3.10/site-packages/airflow/example_dags/example_display_name.py
[2025-05-09T16:29:45.772+0000] {processor.py:840} INFO - DAG(s) 'example_display_name' retrieved from /home/airflow/.local/lib/python3.10/site-packages/airflow/example_dags/example_display_name.py
[2025-05-09T16:29:45.792+0000] {logging_mixin.py:188} INFO - [2025-05-09T16:29:45.792+0000] {dag.py:3096} INFO - Sync 1 DAGs
[2025-05-09T16:29:45.805+0000] {logging_mixin.py:188} INFO - [2025-05-09T16:29:45.805+0000] {dag.py:3954} INFO - Setting next_dagrun for example_display_name to None, run_after=None
[2025-05-09T16:29:45.830+0000] {processor.py:183} INFO - Processing /home/airflow/.local/lib/python3.10/site-packages/airflow/example_dags/example_display_name.py took 0.075 seconds
[2025-05-09T16:30:16.159+0000] {processor.py:161} INFO - Started process (PID=14269) to work on /home/airflow/.local/lib/python3.10/site-packages/airflow/example_dags/example_display_name.py
[2025-05-09T16:30:16.161+0000] {processor.py:830} INFO - Processing file /home/airflow/.local/lib/python3.10/site-packages/airflow/example_dags/example_display_name.py for tasks to queue
[2025-05-09T16:30:16.163+0000] {logging_mixin.py:188} INFO - [2025-05-09T16:30:16.162+0000] {dagbag.py:545} INFO - Filling up the DagBag from /home/airflow/.local/lib/python3.10/site-packages/airflow/example_dags/example_display_name.py
[2025-05-09T16:30:16.169+0000] {processor.py:840} INFO - DAG(s) 'example_display_name' retrieved from /home/airflow/.local/lib/python3.10/site-packages/airflow/example_dags/example_display_name.py
[2025-05-09T16:30:16.193+0000] {logging_mixin.py:188} INFO - [2025-05-09T16:30:16.193+0000] {dag.py:3096} INFO - Sync 1 DAGs
[2025-05-09T16:30:16.207+0000] {logging_mixin.py:188} INFO - [2025-05-09T16:30:16.206+0000] {dag.py:3954} INFO - Setting next_dagrun for example_display_name to None, run_after=None
[2025-05-09T16:30:16.236+0000] {processor.py:183} INFO - Processing /home/airflow/.local/lib/python3.10/site-packages/airflow/example_dags/example_display_name.py took 0.084 seconds
[2025-05-09T16:30:46.529+0000] {processor.py:161} INFO - Started process (PID=14531) to work on /home/airflow/.local/lib/python3.10/site-packages/airflow/example_dags/example_display_name.py
[2025-05-09T16:30:46.532+0000] {processor.py:830} INFO - Processing file /home/airflow/.local/lib/python3.10/site-packages/airflow/example_dags/example_display_name.py for tasks to queue
[2025-05-09T16:30:46.534+0000] {logging_mixin.py:188} INFO - [2025-05-09T16:30:46.534+0000] {dagbag.py:545} INFO - Filling up the DagBag from /home/airflow/.local/lib/python3.10/site-packages/airflow/example_dags/example_display_name.py
[2025-05-09T16:30:46.541+0000] {processor.py:840} INFO - DAG(s) 'example_display_name' retrieved from /home/airflow/.local/lib/python3.10/site-packages/airflow/example_dags/example_display_name.py
[2025-05-09T16:30:46.571+0000] {logging_mixin.py:188} INFO - [2025-05-09T16:30:46.571+0000] {dag.py:3096} INFO - Sync 1 DAGs
[2025-05-09T16:30:46.590+0000] {logging_mixin.py:188} INFO - [2025-05-09T16:30:46.590+0000] {dag.py:3954} INFO - Setting next_dagrun for example_display_name to None, run_after=None
[2025-05-09T16:30:46.622+0000] {processor.py:183} INFO - Processing /home/airflow/.local/lib/python3.10/site-packages/airflow/example_dags/example_display_name.py took 0.100 seconds
