[2025-05-09T12:10:19.208+0000] {processor.py:161} INFO - Started process (PID=218) to work on /home/airflow/.local/lib/python3.10/site-packages/airflow/example_dags/tutorial_objectstorage.py
[2025-05-09T12:10:19.210+0000] {processor.py:830} INFO - Processing file /home/airflow/.local/lib/python3.10/site-packages/airflow/example_dags/tutorial_objectstorage.py for tasks to queue
[2025-05-09T12:10:19.212+0000] {logging_mixin.py:188} INFO - [2025-05-09T12:10:19.212+0000] {dagbag.py:545} INFO - Filling up the DagBag from /home/airflow/.local/lib/python3.10/site-packages/airflow/example_dags/tutorial_objectstorage.py
[2025-05-09T12:10:19.264+0000] {processor.py:840} INFO - DAG(s) 'tutorial_objectstorage' retrieved from /home/airflow/.local/lib/python3.10/site-packages/airflow/example_dags/tutorial_objectstorage.py
[2025-05-09T12:10:19.280+0000] {logging_mixin.py:188} INFO - [2025-05-09T12:10:19.279+0000] {dag.py:3096} INFO - Sync 1 DAGs
[2025-05-09T12:10:19.294+0000] {logging_mixin.py:188} INFO - [2025-05-09T12:10:19.294+0000] {dag.py:3954} INFO - Setting next_dagrun for tutorial_objectstorage to None, run_after=None
[2025-05-09T12:10:19.317+0000] {processor.py:183} INFO - Processing /home/airflow/.local/lib/python3.10/site-packages/airflow/example_dags/tutorial_objectstorage.py took 0.118 seconds
[2025-05-09T12:10:50.166+0000] {processor.py:161} INFO - Started process (PID=474) to work on /home/airflow/.local/lib/python3.10/site-packages/airflow/example_dags/tutorial_objectstorage.py
[2025-05-09T12:10:50.167+0000] {processor.py:830} INFO - Processing file /home/airflow/.local/lib/python3.10/site-packages/airflow/example_dags/tutorial_objectstorage.py for tasks to queue
[2025-05-09T12:10:50.169+0000] {logging_mixin.py:188} INFO - [2025-05-09T12:10:50.169+0000] {dagbag.py:545} INFO - Filling up the DagBag from /home/airflow/.local/lib/python3.10/site-packages/airflow/example_dags/tutorial_objectstorage.py
[2025-05-09T12:10:50.244+0000] {processor.py:840} INFO - DAG(s) 'tutorial_objectstorage' retrieved from /home/airflow/.local/lib/python3.10/site-packages/airflow/example_dags/tutorial_objectstorage.py
[2025-05-09T12:10:50.461+0000] {logging_mixin.py:188} INFO - [2025-05-09T12:10:50.460+0000] {dag.py:3096} INFO - Sync 1 DAGs
[2025-05-09T12:10:50.476+0000] {logging_mixin.py:188} INFO - [2025-05-09T12:10:50.476+0000] {dag.py:3954} INFO - Setting next_dagrun for tutorial_objectstorage to None, run_after=None
[2025-05-09T12:10:50.496+0000] {processor.py:183} INFO - Processing /home/airflow/.local/lib/python3.10/site-packages/airflow/example_dags/tutorial_objectstorage.py took 0.344 seconds
[2025-05-09T12:11:20.960+0000] {processor.py:161} INFO - Started process (PID=729) to work on /home/airflow/.local/lib/python3.10/site-packages/airflow/example_dags/tutorial_objectstorage.py
[2025-05-09T12:11:20.961+0000] {processor.py:830} INFO - Processing file /home/airflow/.local/lib/python3.10/site-packages/airflow/example_dags/tutorial_objectstorage.py for tasks to queue
[2025-05-09T12:11:20.964+0000] {logging_mixin.py:188} INFO - [2025-05-09T12:11:20.963+0000] {dagbag.py:545} INFO - Filling up the DagBag from /home/airflow/.local/lib/python3.10/site-packages/airflow/example_dags/tutorial_objectstorage.py
[2025-05-09T12:11:20.973+0000] {processor.py:840} INFO - DAG(s) 'tutorial_objectstorage' retrieved from /home/airflow/.local/lib/python3.10/site-packages/airflow/example_dags/tutorial_objectstorage.py
[2025-05-09T12:11:20.996+0000] {logging_mixin.py:188} INFO - [2025-05-09T12:11:20.995+0000] {dag.py:3096} INFO - Sync 1 DAGs
[2025-05-09T12:11:21.010+0000] {logging_mixin.py:188} INFO - [2025-05-09T12:11:21.010+0000] {dag.py:3954} INFO - Setting next_dagrun for tutorial_objectstorage to None, run_after=None
[2025-05-09T12:11:21.031+0000] {processor.py:183} INFO - Processing /home/airflow/.local/lib/python3.10/site-packages/airflow/example_dags/tutorial_objectstorage.py took 0.080 seconds
[2025-05-09T12:11:52.085+0000] {processor.py:161} INFO - Started process (PID=984) to work on /home/airflow/.local/lib/python3.10/site-packages/airflow/example_dags/tutorial_objectstorage.py
[2025-05-09T12:11:52.087+0000] {processor.py:830} INFO - Processing file /home/airflow/.local/lib/python3.10/site-packages/airflow/example_dags/tutorial_objectstorage.py for tasks to queue
[2025-05-09T12:11:52.089+0000] {logging_mixin.py:188} INFO - [2025-05-09T12:11:52.089+0000] {dagbag.py:545} INFO - Filling up the DagBag from /home/airflow/.local/lib/python3.10/site-packages/airflow/example_dags/tutorial_objectstorage.py
[2025-05-09T12:11:52.097+0000] {processor.py:840} INFO - DAG(s) 'tutorial_objectstorage' retrieved from /home/airflow/.local/lib/python3.10/site-packages/airflow/example_dags/tutorial_objectstorage.py
[2025-05-09T12:11:52.121+0000] {logging_mixin.py:188} INFO - [2025-05-09T12:11:52.121+0000] {dag.py:3096} INFO - Sync 1 DAGs
[2025-05-09T12:11:52.137+0000] {logging_mixin.py:188} INFO - [2025-05-09T12:11:52.137+0000] {dag.py:3954} INFO - Setting next_dagrun for tutorial_objectstorage to None, run_after=None
[2025-05-09T12:11:52.158+0000] {processor.py:183} INFO - Processing /home/airflow/.local/lib/python3.10/site-packages/airflow/example_dags/tutorial_objectstorage.py took 0.081 seconds
[2025-05-09T12:12:22.690+0000] {processor.py:161} INFO - Started process (PID=1241) to work on /home/airflow/.local/lib/python3.10/site-packages/airflow/example_dags/tutorial_objectstorage.py
[2025-05-09T12:12:22.692+0000] {processor.py:830} INFO - Processing file /home/airflow/.local/lib/python3.10/site-packages/airflow/example_dags/tutorial_objectstorage.py for tasks to queue
[2025-05-09T12:12:22.694+0000] {logging_mixin.py:188} INFO - [2025-05-09T12:12:22.694+0000] {dagbag.py:545} INFO - Filling up the DagBag from /home/airflow/.local/lib/python3.10/site-packages/airflow/example_dags/tutorial_objectstorage.py
[2025-05-09T12:12:22.704+0000] {processor.py:840} INFO - DAG(s) 'tutorial_objectstorage' retrieved from /home/airflow/.local/lib/python3.10/site-packages/airflow/example_dags/tutorial_objectstorage.py
[2025-05-09T12:12:22.734+0000] {logging_mixin.py:188} INFO - [2025-05-09T12:12:22.733+0000] {dag.py:3096} INFO - Sync 1 DAGs
[2025-05-09T12:12:22.754+0000] {logging_mixin.py:188} INFO - [2025-05-09T12:12:22.754+0000] {dag.py:3954} INFO - Setting next_dagrun for tutorial_objectstorage to None, run_after=None
[2025-05-09T12:12:22.787+0000] {processor.py:183} INFO - Processing /home/airflow/.local/lib/python3.10/site-packages/airflow/example_dags/tutorial_objectstorage.py took 0.107 seconds
[2025-05-09T12:12:52.869+0000] {processor.py:161} INFO - Started process (PID=1496) to work on /home/airflow/.local/lib/python3.10/site-packages/airflow/example_dags/tutorial_objectstorage.py
[2025-05-09T12:12:52.874+0000] {processor.py:830} INFO - Processing file /home/airflow/.local/lib/python3.10/site-packages/airflow/example_dags/tutorial_objectstorage.py for tasks to queue
[2025-05-09T12:12:52.879+0000] {logging_mixin.py:188} INFO - [2025-05-09T12:12:52.878+0000] {dagbag.py:545} INFO - Filling up the DagBag from /home/airflow/.local/lib/python3.10/site-packages/airflow/example_dags/tutorial_objectstorage.py
[2025-05-09T12:12:52.890+0000] {processor.py:840} INFO - DAG(s) 'tutorial_objectstorage' retrieved from /home/airflow/.local/lib/python3.10/site-packages/airflow/example_dags/tutorial_objectstorage.py
[2025-05-09T12:12:52.911+0000] {logging_mixin.py:188} INFO - [2025-05-09T12:12:52.911+0000] {dag.py:3096} INFO - Sync 1 DAGs
[2025-05-09T12:12:52.925+0000] {logging_mixin.py:188} INFO - [2025-05-09T12:12:52.925+0000] {dag.py:3954} INFO - Setting next_dagrun for tutorial_objectstorage to None, run_after=None
[2025-05-09T12:12:52.946+0000] {processor.py:183} INFO - Processing /home/airflow/.local/lib/python3.10/site-packages/airflow/example_dags/tutorial_objectstorage.py took 0.085 seconds
[2025-05-09T12:13:23.111+0000] {processor.py:161} INFO - Started process (PID=1752) to work on /home/airflow/.local/lib/python3.10/site-packages/airflow/example_dags/tutorial_objectstorage.py
[2025-05-09T12:13:23.113+0000] {processor.py:830} INFO - Processing file /home/airflow/.local/lib/python3.10/site-packages/airflow/example_dags/tutorial_objectstorage.py for tasks to queue
[2025-05-09T12:13:23.118+0000] {logging_mixin.py:188} INFO - [2025-05-09T12:13:23.117+0000] {dagbag.py:545} INFO - Filling up the DagBag from /home/airflow/.local/lib/python3.10/site-packages/airflow/example_dags/tutorial_objectstorage.py
[2025-05-09T12:13:23.129+0000] {processor.py:840} INFO - DAG(s) 'tutorial_objectstorage' retrieved from /home/airflow/.local/lib/python3.10/site-packages/airflow/example_dags/tutorial_objectstorage.py
[2025-05-09T12:13:23.151+0000] {logging_mixin.py:188} INFO - [2025-05-09T12:13:23.151+0000] {dag.py:3096} INFO - Sync 1 DAGs
[2025-05-09T12:13:23.166+0000] {logging_mixin.py:188} INFO - [2025-05-09T12:13:23.165+0000] {dag.py:3954} INFO - Setting next_dagrun for tutorial_objectstorage to None, run_after=None
[2025-05-09T12:13:23.192+0000] {processor.py:183} INFO - Processing /home/airflow/.local/lib/python3.10/site-packages/airflow/example_dags/tutorial_objectstorage.py took 0.091 seconds
[2025-05-09T12:13:53.485+0000] {processor.py:161} INFO - Started process (PID=2008) to work on /home/airflow/.local/lib/python3.10/site-packages/airflow/example_dags/tutorial_objectstorage.py
[2025-05-09T12:13:53.487+0000] {processor.py:830} INFO - Processing file /home/airflow/.local/lib/python3.10/site-packages/airflow/example_dags/tutorial_objectstorage.py for tasks to queue
[2025-05-09T12:13:53.489+0000] {logging_mixin.py:188} INFO - [2025-05-09T12:13:53.489+0000] {dagbag.py:545} INFO - Filling up the DagBag from /home/airflow/.local/lib/python3.10/site-packages/airflow/example_dags/tutorial_objectstorage.py
[2025-05-09T12:13:53.499+0000] {processor.py:840} INFO - DAG(s) 'tutorial_objectstorage' retrieved from /home/airflow/.local/lib/python3.10/site-packages/airflow/example_dags/tutorial_objectstorage.py
[2025-05-09T12:13:53.522+0000] {logging_mixin.py:188} INFO - [2025-05-09T12:13:53.522+0000] {dag.py:3096} INFO - Sync 1 DAGs
[2025-05-09T12:13:53.539+0000] {logging_mixin.py:188} INFO - [2025-05-09T12:13:53.538+0000] {dag.py:3954} INFO - Setting next_dagrun for tutorial_objectstorage to None, run_after=None
[2025-05-09T12:13:53.565+0000] {processor.py:183} INFO - Processing /home/airflow/.local/lib/python3.10/site-packages/airflow/example_dags/tutorial_objectstorage.py took 0.089 seconds
[2025-05-09T12:14:24.148+0000] {processor.py:161} INFO - Started process (PID=2266) to work on /home/airflow/.local/lib/python3.10/site-packages/airflow/example_dags/tutorial_objectstorage.py
[2025-05-09T12:14:24.149+0000] {processor.py:830} INFO - Processing file /home/airflow/.local/lib/python3.10/site-packages/airflow/example_dags/tutorial_objectstorage.py for tasks to queue
[2025-05-09T12:14:24.153+0000] {logging_mixin.py:188} INFO - [2025-05-09T12:14:24.152+0000] {dagbag.py:545} INFO - Filling up the DagBag from /home/airflow/.local/lib/python3.10/site-packages/airflow/example_dags/tutorial_objectstorage.py
[2025-05-09T12:14:24.161+0000] {processor.py:840} INFO - DAG(s) 'tutorial_objectstorage' retrieved from /home/airflow/.local/lib/python3.10/site-packages/airflow/example_dags/tutorial_objectstorage.py
[2025-05-09T12:14:24.185+0000] {logging_mixin.py:188} INFO - [2025-05-09T12:14:24.184+0000] {dag.py:3096} INFO - Sync 1 DAGs
[2025-05-09T12:14:24.204+0000] {logging_mixin.py:188} INFO - [2025-05-09T12:14:24.204+0000] {dag.py:3954} INFO - Setting next_dagrun for tutorial_objectstorage to None, run_after=None
[2025-05-09T12:14:24.231+0000] {processor.py:183} INFO - Processing /home/airflow/.local/lib/python3.10/site-packages/airflow/example_dags/tutorial_objectstorage.py took 0.091 seconds
[2025-05-09T12:14:54.511+0000] {processor.py:161} INFO - Started process (PID=2522) to work on /home/airflow/.local/lib/python3.10/site-packages/airflow/example_dags/tutorial_objectstorage.py
[2025-05-09T12:14:54.513+0000] {processor.py:830} INFO - Processing file /home/airflow/.local/lib/python3.10/site-packages/airflow/example_dags/tutorial_objectstorage.py for tasks to queue
[2025-05-09T12:14:54.516+0000] {logging_mixin.py:188} INFO - [2025-05-09T12:14:54.515+0000] {dagbag.py:545} INFO - Filling up the DagBag from /home/airflow/.local/lib/python3.10/site-packages/airflow/example_dags/tutorial_objectstorage.py
[2025-05-09T12:14:54.525+0000] {processor.py:840} INFO - DAG(s) 'tutorial_objectstorage' retrieved from /home/airflow/.local/lib/python3.10/site-packages/airflow/example_dags/tutorial_objectstorage.py
[2025-05-09T12:14:54.550+0000] {logging_mixin.py:188} INFO - [2025-05-09T12:14:54.550+0000] {dag.py:3096} INFO - Sync 1 DAGs
[2025-05-09T12:14:54.566+0000] {logging_mixin.py:188} INFO - [2025-05-09T12:14:54.566+0000] {dag.py:3954} INFO - Setting next_dagrun for tutorial_objectstorage to None, run_after=None
[2025-05-09T12:14:54.590+0000] {processor.py:183} INFO - Processing /home/airflow/.local/lib/python3.10/site-packages/airflow/example_dags/tutorial_objectstorage.py took 0.086 seconds
[2025-05-09T12:15:24.912+0000] {processor.py:161} INFO - Started process (PID=2782) to work on /home/airflow/.local/lib/python3.10/site-packages/airflow/example_dags/tutorial_objectstorage.py
[2025-05-09T12:15:24.913+0000] {processor.py:830} INFO - Processing file /home/airflow/.local/lib/python3.10/site-packages/airflow/example_dags/tutorial_objectstorage.py for tasks to queue
[2025-05-09T12:15:24.916+0000] {logging_mixin.py:188} INFO - [2025-05-09T12:15:24.915+0000] {dagbag.py:545} INFO - Filling up the DagBag from /home/airflow/.local/lib/python3.10/site-packages/airflow/example_dags/tutorial_objectstorage.py
[2025-05-09T12:15:24.925+0000] {processor.py:840} INFO - DAG(s) 'tutorial_objectstorage' retrieved from /home/airflow/.local/lib/python3.10/site-packages/airflow/example_dags/tutorial_objectstorage.py
[2025-05-09T12:15:24.949+0000] {logging_mixin.py:188} INFO - [2025-05-09T12:15:24.949+0000] {dag.py:3096} INFO - Sync 1 DAGs
[2025-05-09T12:15:24.966+0000] {logging_mixin.py:188} INFO - [2025-05-09T12:15:24.965+0000] {dag.py:3954} INFO - Setting next_dagrun for tutorial_objectstorage to None, run_after=None
[2025-05-09T12:15:24.996+0000] {processor.py:183} INFO - Processing /home/airflow/.local/lib/python3.10/site-packages/airflow/example_dags/tutorial_objectstorage.py took 0.091 seconds
[2025-05-09T12:43:52.101+0000] {processor.py:161} INFO - Started process (PID=224) to work on /home/airflow/.local/lib/python3.10/site-packages/airflow/example_dags/tutorial_objectstorage.py
[2025-05-09T12:43:52.103+0000] {processor.py:830} INFO - Processing file /home/airflow/.local/lib/python3.10/site-packages/airflow/example_dags/tutorial_objectstorage.py for tasks to queue
[2025-05-09T12:43:52.107+0000] {logging_mixin.py:188} INFO - [2025-05-09T12:43:52.107+0000] {dagbag.py:545} INFO - Filling up the DagBag from /home/airflow/.local/lib/python3.10/site-packages/airflow/example_dags/tutorial_objectstorage.py
[2025-05-09T12:43:52.117+0000] {processor.py:840} INFO - DAG(s) 'tutorial_objectstorage' retrieved from /home/airflow/.local/lib/python3.10/site-packages/airflow/example_dags/tutorial_objectstorage.py
[2025-05-09T12:43:52.135+0000] {logging_mixin.py:188} INFO - [2025-05-09T12:43:52.135+0000] {dag.py:3096} INFO - Sync 1 DAGs
[2025-05-09T12:43:52.157+0000] {logging_mixin.py:188} INFO - [2025-05-09T12:43:52.156+0000] {dag.py:3954} INFO - Setting next_dagrun for tutorial_objectstorage to None, run_after=None
[2025-05-09T12:43:52.183+0000] {processor.py:183} INFO - Processing /home/airflow/.local/lib/python3.10/site-packages/airflow/example_dags/tutorial_objectstorage.py took 0.091 seconds
[2025-05-09T12:44:23.195+0000] {processor.py:161} INFO - Started process (PID=484) to work on /home/airflow/.local/lib/python3.10/site-packages/airflow/example_dags/tutorial_objectstorage.py
[2025-05-09T12:44:23.199+0000] {processor.py:830} INFO - Processing file /home/airflow/.local/lib/python3.10/site-packages/airflow/example_dags/tutorial_objectstorage.py for tasks to queue
[2025-05-09T12:44:23.204+0000] {logging_mixin.py:188} INFO - [2025-05-09T12:44:23.204+0000] {dagbag.py:545} INFO - Filling up the DagBag from /home/airflow/.local/lib/python3.10/site-packages/airflow/example_dags/tutorial_objectstorage.py
[2025-05-09T12:44:23.214+0000] {processor.py:840} INFO - DAG(s) 'tutorial_objectstorage' retrieved from /home/airflow/.local/lib/python3.10/site-packages/airflow/example_dags/tutorial_objectstorage.py
[2025-05-09T12:44:23.354+0000] {logging_mixin.py:188} INFO - [2025-05-09T12:44:23.354+0000] {dag.py:3096} INFO - Sync 1 DAGs
[2025-05-09T12:44:23.372+0000] {logging_mixin.py:188} INFO - [2025-05-09T12:44:23.371+0000] {dag.py:3954} INFO - Setting next_dagrun for tutorial_objectstorage to None, run_after=None
[2025-05-09T12:44:23.397+0000] {processor.py:183} INFO - Processing /home/airflow/.local/lib/python3.10/site-packages/airflow/example_dags/tutorial_objectstorage.py took 0.210 seconds
[2025-05-09T12:44:53.480+0000] {processor.py:161} INFO - Started process (PID=748) to work on /home/airflow/.local/lib/python3.10/site-packages/airflow/example_dags/tutorial_objectstorage.py
[2025-05-09T12:44:53.482+0000] {processor.py:830} INFO - Processing file /home/airflow/.local/lib/python3.10/site-packages/airflow/example_dags/tutorial_objectstorage.py for tasks to queue
[2025-05-09T12:44:53.484+0000] {logging_mixin.py:188} INFO - [2025-05-09T12:44:53.484+0000] {dagbag.py:545} INFO - Filling up the DagBag from /home/airflow/.local/lib/python3.10/site-packages/airflow/example_dags/tutorial_objectstorage.py
[2025-05-09T12:44:53.495+0000] {processor.py:840} INFO - DAG(s) 'tutorial_objectstorage' retrieved from /home/airflow/.local/lib/python3.10/site-packages/airflow/example_dags/tutorial_objectstorage.py
[2025-05-09T12:44:53.520+0000] {logging_mixin.py:188} INFO - [2025-05-09T12:44:53.520+0000] {dag.py:3096} INFO - Sync 1 DAGs
[2025-05-09T12:44:53.534+0000] {logging_mixin.py:188} INFO - [2025-05-09T12:44:53.533+0000] {dag.py:3954} INFO - Setting next_dagrun for tutorial_objectstorage to None, run_after=None
[2025-05-09T12:44:53.568+0000] {processor.py:183} INFO - Processing /home/airflow/.local/lib/python3.10/site-packages/airflow/example_dags/tutorial_objectstorage.py took 0.095 seconds
[2025-05-09T12:45:23.936+0000] {processor.py:161} INFO - Started process (PID=1008) to work on /home/airflow/.local/lib/python3.10/site-packages/airflow/example_dags/tutorial_objectstorage.py
[2025-05-09T12:45:23.938+0000] {processor.py:830} INFO - Processing file /home/airflow/.local/lib/python3.10/site-packages/airflow/example_dags/tutorial_objectstorage.py for tasks to queue
[2025-05-09T12:45:23.942+0000] {logging_mixin.py:188} INFO - [2025-05-09T12:45:23.941+0000] {dagbag.py:545} INFO - Filling up the DagBag from /home/airflow/.local/lib/python3.10/site-packages/airflow/example_dags/tutorial_objectstorage.py
[2025-05-09T12:45:23.966+0000] {processor.py:840} INFO - DAG(s) 'tutorial_objectstorage' retrieved from /home/airflow/.local/lib/python3.10/site-packages/airflow/example_dags/tutorial_objectstorage.py
[2025-05-09T12:45:24.043+0000] {logging_mixin.py:188} INFO - [2025-05-09T12:45:24.040+0000] {dag.py:3096} INFO - Sync 1 DAGs
[2025-05-09T12:45:24.085+0000] {logging_mixin.py:188} INFO - [2025-05-09T12:45:24.084+0000] {dag.py:3954} INFO - Setting next_dagrun for tutorial_objectstorage to None, run_after=None
[2025-05-09T12:45:24.163+0000] {processor.py:183} INFO - Processing /home/airflow/.local/lib/python3.10/site-packages/airflow/example_dags/tutorial_objectstorage.py took 0.248 seconds
[2025-05-09T12:45:54.309+0000] {processor.py:161} INFO - Started process (PID=1270) to work on /home/airflow/.local/lib/python3.10/site-packages/airflow/example_dags/tutorial_objectstorage.py
[2025-05-09T12:45:54.311+0000] {processor.py:830} INFO - Processing file /home/airflow/.local/lib/python3.10/site-packages/airflow/example_dags/tutorial_objectstorage.py for tasks to queue
[2025-05-09T12:45:54.314+0000] {logging_mixin.py:188} INFO - [2025-05-09T12:45:54.314+0000] {dagbag.py:545} INFO - Filling up the DagBag from /home/airflow/.local/lib/python3.10/site-packages/airflow/example_dags/tutorial_objectstorage.py
[2025-05-09T12:45:54.325+0000] {processor.py:840} INFO - DAG(s) 'tutorial_objectstorage' retrieved from /home/airflow/.local/lib/python3.10/site-packages/airflow/example_dags/tutorial_objectstorage.py
[2025-05-09T12:45:54.355+0000] {logging_mixin.py:188} INFO - [2025-05-09T12:45:54.354+0000] {dag.py:3096} INFO - Sync 1 DAGs
[2025-05-09T12:45:54.372+0000] {logging_mixin.py:188} INFO - [2025-05-09T12:45:54.372+0000] {dag.py:3954} INFO - Setting next_dagrun for tutorial_objectstorage to None, run_after=None
[2025-05-09T12:45:54.402+0000] {processor.py:183} INFO - Processing /home/airflow/.local/lib/python3.10/site-packages/airflow/example_dags/tutorial_objectstorage.py took 0.105 seconds
[2025-05-09T12:46:24.994+0000] {processor.py:161} INFO - Started process (PID=1532) to work on /home/airflow/.local/lib/python3.10/site-packages/airflow/example_dags/tutorial_objectstorage.py
[2025-05-09T12:46:24.996+0000] {processor.py:830} INFO - Processing file /home/airflow/.local/lib/python3.10/site-packages/airflow/example_dags/tutorial_objectstorage.py for tasks to queue
[2025-05-09T12:46:24.998+0000] {logging_mixin.py:188} INFO - [2025-05-09T12:46:24.997+0000] {dagbag.py:545} INFO - Filling up the DagBag from /home/airflow/.local/lib/python3.10/site-packages/airflow/example_dags/tutorial_objectstorage.py
[2025-05-09T12:46:25.007+0000] {processor.py:840} INFO - DAG(s) 'tutorial_objectstorage' retrieved from /home/airflow/.local/lib/python3.10/site-packages/airflow/example_dags/tutorial_objectstorage.py
[2025-05-09T12:46:25.029+0000] {logging_mixin.py:188} INFO - [2025-05-09T12:46:25.028+0000] {dag.py:3096} INFO - Sync 1 DAGs
[2025-05-09T12:46:25.041+0000] {logging_mixin.py:188} INFO - [2025-05-09T12:46:25.041+0000] {dag.py:3954} INFO - Setting next_dagrun for tutorial_objectstorage to None, run_after=None
[2025-05-09T12:46:25.065+0000] {processor.py:183} INFO - Processing /home/airflow/.local/lib/python3.10/site-packages/airflow/example_dags/tutorial_objectstorage.py took 0.078 seconds
[2025-05-09T12:46:55.515+0000] {processor.py:161} INFO - Started process (PID=1794) to work on /home/airflow/.local/lib/python3.10/site-packages/airflow/example_dags/tutorial_objectstorage.py
[2025-05-09T12:46:55.517+0000] {processor.py:830} INFO - Processing file /home/airflow/.local/lib/python3.10/site-packages/airflow/example_dags/tutorial_objectstorage.py for tasks to queue
[2025-05-09T12:46:55.523+0000] {logging_mixin.py:188} INFO - [2025-05-09T12:46:55.522+0000] {dagbag.py:545} INFO - Filling up the DagBag from /home/airflow/.local/lib/python3.10/site-packages/airflow/example_dags/tutorial_objectstorage.py
[2025-05-09T12:46:55.535+0000] {processor.py:840} INFO - DAG(s) 'tutorial_objectstorage' retrieved from /home/airflow/.local/lib/python3.10/site-packages/airflow/example_dags/tutorial_objectstorage.py
[2025-05-09T12:46:55.572+0000] {logging_mixin.py:188} INFO - [2025-05-09T12:46:55.571+0000] {dag.py:3096} INFO - Sync 1 DAGs
[2025-05-09T12:46:55.592+0000] {logging_mixin.py:188} INFO - [2025-05-09T12:46:55.592+0000] {dag.py:3954} INFO - Setting next_dagrun for tutorial_objectstorage to None, run_after=None
[2025-05-09T12:46:55.631+0000] {processor.py:183} INFO - Processing /home/airflow/.local/lib/python3.10/site-packages/airflow/example_dags/tutorial_objectstorage.py took 0.124 seconds
[2025-05-09T12:47:26.552+0000] {processor.py:161} INFO - Started process (PID=2065) to work on /home/airflow/.local/lib/python3.10/site-packages/airflow/example_dags/tutorial_objectstorage.py
[2025-05-09T12:47:26.553+0000] {processor.py:830} INFO - Processing file /home/airflow/.local/lib/python3.10/site-packages/airflow/example_dags/tutorial_objectstorage.py for tasks to queue
[2025-05-09T12:47:26.556+0000] {logging_mixin.py:188} INFO - [2025-05-09T12:47:26.556+0000] {dagbag.py:545} INFO - Filling up the DagBag from /home/airflow/.local/lib/python3.10/site-packages/airflow/example_dags/tutorial_objectstorage.py
[2025-05-09T12:47:26.567+0000] {processor.py:840} INFO - DAG(s) 'tutorial_objectstorage' retrieved from /home/airflow/.local/lib/python3.10/site-packages/airflow/example_dags/tutorial_objectstorage.py
[2025-05-09T12:47:26.591+0000] {logging_mixin.py:188} INFO - [2025-05-09T12:47:26.591+0000] {dag.py:3096} INFO - Sync 1 DAGs
[2025-05-09T12:47:26.606+0000] {logging_mixin.py:188} INFO - [2025-05-09T12:47:26.605+0000] {dag.py:3954} INFO - Setting next_dagrun for tutorial_objectstorage to None, run_after=None
[2025-05-09T12:47:26.631+0000] {processor.py:183} INFO - Processing /home/airflow/.local/lib/python3.10/site-packages/airflow/example_dags/tutorial_objectstorage.py took 0.086 seconds
[2025-05-09T12:47:57.202+0000] {processor.py:161} INFO - Started process (PID=2327) to work on /home/airflow/.local/lib/python3.10/site-packages/airflow/example_dags/tutorial_objectstorage.py
[2025-05-09T12:47:57.204+0000] {processor.py:830} INFO - Processing file /home/airflow/.local/lib/python3.10/site-packages/airflow/example_dags/tutorial_objectstorage.py for tasks to queue
[2025-05-09T12:47:57.208+0000] {logging_mixin.py:188} INFO - [2025-05-09T12:47:57.208+0000] {dagbag.py:545} INFO - Filling up the DagBag from /home/airflow/.local/lib/python3.10/site-packages/airflow/example_dags/tutorial_objectstorage.py
[2025-05-09T12:47:57.220+0000] {processor.py:840} INFO - DAG(s) 'tutorial_objectstorage' retrieved from /home/airflow/.local/lib/python3.10/site-packages/airflow/example_dags/tutorial_objectstorage.py
[2025-05-09T12:47:57.251+0000] {logging_mixin.py:188} INFO - [2025-05-09T12:47:57.251+0000] {dag.py:3096} INFO - Sync 1 DAGs
[2025-05-09T12:47:57.269+0000] {logging_mixin.py:188} INFO - [2025-05-09T12:47:57.268+0000] {dag.py:3954} INFO - Setting next_dagrun for tutorial_objectstorage to None, run_after=None
[2025-05-09T12:47:57.294+0000] {processor.py:183} INFO - Processing /home/airflow/.local/lib/python3.10/site-packages/airflow/example_dags/tutorial_objectstorage.py took 0.101 seconds
[2025-05-09T12:48:27.571+0000] {processor.py:161} INFO - Started process (PID=2598) to work on /home/airflow/.local/lib/python3.10/site-packages/airflow/example_dags/tutorial_objectstorage.py
[2025-05-09T12:48:27.573+0000] {processor.py:830} INFO - Processing file /home/airflow/.local/lib/python3.10/site-packages/airflow/example_dags/tutorial_objectstorage.py for tasks to queue
[2025-05-09T12:48:27.574+0000] {logging_mixin.py:188} INFO - [2025-05-09T12:48:27.574+0000] {dagbag.py:545} INFO - Filling up the DagBag from /home/airflow/.local/lib/python3.10/site-packages/airflow/example_dags/tutorial_objectstorage.py
[2025-05-09T12:48:27.581+0000] {processor.py:840} INFO - DAG(s) 'tutorial_objectstorage' retrieved from /home/airflow/.local/lib/python3.10/site-packages/airflow/example_dags/tutorial_objectstorage.py
[2025-05-09T12:48:27.601+0000] {logging_mixin.py:188} INFO - [2025-05-09T12:48:27.601+0000] {dag.py:3096} INFO - Sync 1 DAGs
[2025-05-09T12:48:27.612+0000] {logging_mixin.py:188} INFO - [2025-05-09T12:48:27.612+0000] {dag.py:3954} INFO - Setting next_dagrun for tutorial_objectstorage to None, run_after=None
[2025-05-09T12:48:27.640+0000] {processor.py:183} INFO - Processing /home/airflow/.local/lib/python3.10/site-packages/airflow/example_dags/tutorial_objectstorage.py took 0.074 seconds
[2025-05-09T12:48:58.241+0000] {processor.py:161} INFO - Started process (PID=2860) to work on /home/airflow/.local/lib/python3.10/site-packages/airflow/example_dags/tutorial_objectstorage.py
[2025-05-09T12:48:58.243+0000] {processor.py:830} INFO - Processing file /home/airflow/.local/lib/python3.10/site-packages/airflow/example_dags/tutorial_objectstorage.py for tasks to queue
[2025-05-09T12:48:58.245+0000] {logging_mixin.py:188} INFO - [2025-05-09T12:48:58.245+0000] {dagbag.py:545} INFO - Filling up the DagBag from /home/airflow/.local/lib/python3.10/site-packages/airflow/example_dags/tutorial_objectstorage.py
[2025-05-09T12:48:58.255+0000] {processor.py:840} INFO - DAG(s) 'tutorial_objectstorage' retrieved from /home/airflow/.local/lib/python3.10/site-packages/airflow/example_dags/tutorial_objectstorage.py
[2025-05-09T12:48:58.288+0000] {logging_mixin.py:188} INFO - [2025-05-09T12:48:58.288+0000] {dag.py:3096} INFO - Sync 1 DAGs
[2025-05-09T12:48:58.311+0000] {logging_mixin.py:188} INFO - [2025-05-09T12:48:58.311+0000] {dag.py:3954} INFO - Setting next_dagrun for tutorial_objectstorage to None, run_after=None
[2025-05-09T12:48:58.357+0000] {processor.py:183} INFO - Processing /home/airflow/.local/lib/python3.10/site-packages/airflow/example_dags/tutorial_objectstorage.py took 0.123 seconds
[2025-05-09T12:49:29.422+0000] {processor.py:161} INFO - Started process (PID=3124) to work on /home/airflow/.local/lib/python3.10/site-packages/airflow/example_dags/tutorial_objectstorage.py
[2025-05-09T12:49:29.437+0000] {processor.py:830} INFO - Processing file /home/airflow/.local/lib/python3.10/site-packages/airflow/example_dags/tutorial_objectstorage.py for tasks to queue
[2025-05-09T12:49:29.454+0000] {logging_mixin.py:188} INFO - [2025-05-09T12:49:29.453+0000] {dagbag.py:545} INFO - Filling up the DagBag from /home/airflow/.local/lib/python3.10/site-packages/airflow/example_dags/tutorial_objectstorage.py
[2025-05-09T12:49:29.553+0000] {processor.py:840} INFO - DAG(s) 'tutorial_objectstorage' retrieved from /home/airflow/.local/lib/python3.10/site-packages/airflow/example_dags/tutorial_objectstorage.py
[2025-05-09T12:49:29.736+0000] {logging_mixin.py:188} INFO - [2025-05-09T12:49:29.735+0000] {dag.py:3096} INFO - Sync 1 DAGs
[2025-05-09T12:49:29.854+0000] {logging_mixin.py:188} INFO - [2025-05-09T12:49:29.854+0000] {dag.py:3954} INFO - Setting next_dagrun for tutorial_objectstorage to None, run_after=None
[2025-05-09T12:49:29.939+0000] {processor.py:183} INFO - Processing /home/airflow/.local/lib/python3.10/site-packages/airflow/example_dags/tutorial_objectstorage.py took 0.579 seconds
[2025-05-09T12:50:00.796+0000] {processor.py:161} INFO - Started process (PID=3387) to work on /home/airflow/.local/lib/python3.10/site-packages/airflow/example_dags/tutorial_objectstorage.py
[2025-05-09T12:50:00.798+0000] {processor.py:830} INFO - Processing file /home/airflow/.local/lib/python3.10/site-packages/airflow/example_dags/tutorial_objectstorage.py for tasks to queue
[2025-05-09T12:50:00.802+0000] {logging_mixin.py:188} INFO - [2025-05-09T12:50:00.802+0000] {dagbag.py:545} INFO - Filling up the DagBag from /home/airflow/.local/lib/python3.10/site-packages/airflow/example_dags/tutorial_objectstorage.py
[2025-05-09T12:50:00.841+0000] {processor.py:840} INFO - DAG(s) 'tutorial_objectstorage' retrieved from /home/airflow/.local/lib/python3.10/site-packages/airflow/example_dags/tutorial_objectstorage.py
[2025-05-09T12:50:00.899+0000] {logging_mixin.py:188} INFO - [2025-05-09T12:50:00.899+0000] {dag.py:3096} INFO - Sync 1 DAGs
[2025-05-09T12:50:00.925+0000] {logging_mixin.py:188} INFO - [2025-05-09T12:50:00.924+0000] {dag.py:3954} INFO - Setting next_dagrun for tutorial_objectstorage to None, run_after=None
[2025-05-09T12:50:00.962+0000] {processor.py:183} INFO - Processing /home/airflow/.local/lib/python3.10/site-packages/airflow/example_dags/tutorial_objectstorage.py took 0.186 seconds
[2025-05-09T12:50:31.247+0000] {processor.py:161} INFO - Started process (PID=3657) to work on /home/airflow/.local/lib/python3.10/site-packages/airflow/example_dags/tutorial_objectstorage.py
[2025-05-09T12:50:31.250+0000] {processor.py:830} INFO - Processing file /home/airflow/.local/lib/python3.10/site-packages/airflow/example_dags/tutorial_objectstorage.py for tasks to queue
[2025-05-09T12:50:31.253+0000] {logging_mixin.py:188} INFO - [2025-05-09T12:50:31.253+0000] {dagbag.py:545} INFO - Filling up the DagBag from /home/airflow/.local/lib/python3.10/site-packages/airflow/example_dags/tutorial_objectstorage.py
[2025-05-09T12:50:31.267+0000] {processor.py:840} INFO - DAG(s) 'tutorial_objectstorage' retrieved from /home/airflow/.local/lib/python3.10/site-packages/airflow/example_dags/tutorial_objectstorage.py
[2025-05-09T12:50:31.307+0000] {logging_mixin.py:188} INFO - [2025-05-09T12:50:31.306+0000] {dag.py:3096} INFO - Sync 1 DAGs
[2025-05-09T12:50:31.332+0000] {logging_mixin.py:188} INFO - [2025-05-09T12:50:31.332+0000] {dag.py:3954} INFO - Setting next_dagrun for tutorial_objectstorage to None, run_after=None
[2025-05-09T12:50:31.363+0000] {processor.py:183} INFO - Processing /home/airflow/.local/lib/python3.10/site-packages/airflow/example_dags/tutorial_objectstorage.py took 0.131 seconds
[2025-05-09T12:51:01.835+0000] {processor.py:161} INFO - Started process (PID=3919) to work on /home/airflow/.local/lib/python3.10/site-packages/airflow/example_dags/tutorial_objectstorage.py
[2025-05-09T12:51:01.837+0000] {processor.py:830} INFO - Processing file /home/airflow/.local/lib/python3.10/site-packages/airflow/example_dags/tutorial_objectstorage.py for tasks to queue
[2025-05-09T12:51:01.839+0000] {logging_mixin.py:188} INFO - [2025-05-09T12:51:01.839+0000] {dagbag.py:545} INFO - Filling up the DagBag from /home/airflow/.local/lib/python3.10/site-packages/airflow/example_dags/tutorial_objectstorage.py
[2025-05-09T12:51:01.850+0000] {processor.py:840} INFO - DAG(s) 'tutorial_objectstorage' retrieved from /home/airflow/.local/lib/python3.10/site-packages/airflow/example_dags/tutorial_objectstorage.py
[2025-05-09T12:51:01.881+0000] {logging_mixin.py:188} INFO - [2025-05-09T12:51:01.881+0000] {dag.py:3096} INFO - Sync 1 DAGs
[2025-05-09T12:51:01.898+0000] {logging_mixin.py:188} INFO - [2025-05-09T12:51:01.898+0000] {dag.py:3954} INFO - Setting next_dagrun for tutorial_objectstorage to None, run_after=None
[2025-05-09T12:51:01.926+0000] {processor.py:183} INFO - Processing /home/airflow/.local/lib/python3.10/site-packages/airflow/example_dags/tutorial_objectstorage.py took 0.103 seconds
[2025-05-09T12:52:21.673+0000] {processor.py:161} INFO - Started process (PID=226) to work on /home/airflow/.local/lib/python3.10/site-packages/airflow/example_dags/tutorial_objectstorage.py
[2025-05-09T12:52:21.675+0000] {processor.py:830} INFO - Processing file /home/airflow/.local/lib/python3.10/site-packages/airflow/example_dags/tutorial_objectstorage.py for tasks to queue
[2025-05-09T12:52:21.679+0000] {logging_mixin.py:188} INFO - [2025-05-09T12:52:21.679+0000] {dagbag.py:545} INFO - Filling up the DagBag from /home/airflow/.local/lib/python3.10/site-packages/airflow/example_dags/tutorial_objectstorage.py
[2025-05-09T12:52:21.693+0000] {processor.py:840} INFO - DAG(s) 'tutorial_objectstorage' retrieved from /home/airflow/.local/lib/python3.10/site-packages/airflow/example_dags/tutorial_objectstorage.py
[2025-05-09T12:52:21.715+0000] {logging_mixin.py:188} INFO - [2025-05-09T12:52:21.714+0000] {dag.py:3096} INFO - Sync 1 DAGs
[2025-05-09T12:52:21.732+0000] {logging_mixin.py:188} INFO - [2025-05-09T12:52:21.732+0000] {dag.py:3954} INFO - Setting next_dagrun for tutorial_objectstorage to None, run_after=None
[2025-05-09T12:52:21.767+0000] {processor.py:183} INFO - Processing /home/airflow/.local/lib/python3.10/site-packages/airflow/example_dags/tutorial_objectstorage.py took 0.105 seconds
[2025-05-09T12:52:52.783+0000] {processor.py:161} INFO - Started process (PID=489) to work on /home/airflow/.local/lib/python3.10/site-packages/airflow/example_dags/tutorial_objectstorage.py
[2025-05-09T12:52:52.784+0000] {processor.py:830} INFO - Processing file /home/airflow/.local/lib/python3.10/site-packages/airflow/example_dags/tutorial_objectstorage.py for tasks to queue
[2025-05-09T12:52:52.786+0000] {logging_mixin.py:188} INFO - [2025-05-09T12:52:52.786+0000] {dagbag.py:545} INFO - Filling up the DagBag from /home/airflow/.local/lib/python3.10/site-packages/airflow/example_dags/tutorial_objectstorage.py
[2025-05-09T12:52:52.794+0000] {processor.py:840} INFO - DAG(s) 'tutorial_objectstorage' retrieved from /home/airflow/.local/lib/python3.10/site-packages/airflow/example_dags/tutorial_objectstorage.py
[2025-05-09T12:52:52.904+0000] {logging_mixin.py:188} INFO - [2025-05-09T12:52:52.903+0000] {dag.py:3096} INFO - Sync 1 DAGs
[2025-05-09T12:52:52.917+0000] {logging_mixin.py:188} INFO - [2025-05-09T12:52:52.916+0000] {dag.py:3954} INFO - Setting next_dagrun for tutorial_objectstorage to None, run_after=None
[2025-05-09T12:52:52.944+0000] {processor.py:183} INFO - Processing /home/airflow/.local/lib/python3.10/site-packages/airflow/example_dags/tutorial_objectstorage.py took 0.168 seconds
[2025-05-09T12:53:22.991+0000] {processor.py:161} INFO - Started process (PID=749) to work on /home/airflow/.local/lib/python3.10/site-packages/airflow/example_dags/tutorial_objectstorage.py
[2025-05-09T12:53:22.992+0000] {processor.py:830} INFO - Processing file /home/airflow/.local/lib/python3.10/site-packages/airflow/example_dags/tutorial_objectstorage.py for tasks to queue
[2025-05-09T12:53:22.995+0000] {logging_mixin.py:188} INFO - [2025-05-09T12:53:22.994+0000] {dagbag.py:545} INFO - Filling up the DagBag from /home/airflow/.local/lib/python3.10/site-packages/airflow/example_dags/tutorial_objectstorage.py
[2025-05-09T12:53:23.002+0000] {processor.py:840} INFO - DAG(s) 'tutorial_objectstorage' retrieved from /home/airflow/.local/lib/python3.10/site-packages/airflow/example_dags/tutorial_objectstorage.py
[2025-05-09T12:53:23.024+0000] {logging_mixin.py:188} INFO - [2025-05-09T12:53:23.024+0000] {dag.py:3096} INFO - Sync 1 DAGs
[2025-05-09T12:53:23.038+0000] {logging_mixin.py:188} INFO - [2025-05-09T12:53:23.037+0000] {dag.py:3954} INFO - Setting next_dagrun for tutorial_objectstorage to None, run_after=None
[2025-05-09T12:53:23.056+0000] {processor.py:183} INFO - Processing /home/airflow/.local/lib/python3.10/site-packages/airflow/example_dags/tutorial_objectstorage.py took 0.072 seconds
[2025-05-09T12:53:53.885+0000] {processor.py:161} INFO - Started process (PID=1014) to work on /home/airflow/.local/lib/python3.10/site-packages/airflow/example_dags/tutorial_objectstorage.py
[2025-05-09T12:53:53.886+0000] {processor.py:830} INFO - Processing file /home/airflow/.local/lib/python3.10/site-packages/airflow/example_dags/tutorial_objectstorage.py for tasks to queue
[2025-05-09T12:53:53.889+0000] {logging_mixin.py:188} INFO - [2025-05-09T12:53:53.888+0000] {dagbag.py:545} INFO - Filling up the DagBag from /home/airflow/.local/lib/python3.10/site-packages/airflow/example_dags/tutorial_objectstorage.py
[2025-05-09T12:53:53.898+0000] {processor.py:840} INFO - DAG(s) 'tutorial_objectstorage' retrieved from /home/airflow/.local/lib/python3.10/site-packages/airflow/example_dags/tutorial_objectstorage.py
[2025-05-09T12:53:53.917+0000] {logging_mixin.py:188} INFO - [2025-05-09T12:53:53.917+0000] {dag.py:3096} INFO - Sync 1 DAGs
[2025-05-09T12:53:53.928+0000] {logging_mixin.py:188} INFO - [2025-05-09T12:53:53.928+0000] {dag.py:3954} INFO - Setting next_dagrun for tutorial_objectstorage to None, run_after=None
[2025-05-09T12:53:53.947+0000] {processor.py:183} INFO - Processing /home/airflow/.local/lib/python3.10/site-packages/airflow/example_dags/tutorial_objectstorage.py took 0.069 seconds
[2025-05-09T12:54:24.623+0000] {processor.py:161} INFO - Started process (PID=1276) to work on /home/airflow/.local/lib/python3.10/site-packages/airflow/example_dags/tutorial_objectstorage.py
[2025-05-09T12:54:24.625+0000] {processor.py:830} INFO - Processing file /home/airflow/.local/lib/python3.10/site-packages/airflow/example_dags/tutorial_objectstorage.py for tasks to queue
[2025-05-09T12:54:24.627+0000] {logging_mixin.py:188} INFO - [2025-05-09T12:54:24.627+0000] {dagbag.py:545} INFO - Filling up the DagBag from /home/airflow/.local/lib/python3.10/site-packages/airflow/example_dags/tutorial_objectstorage.py
[2025-05-09T12:54:24.635+0000] {processor.py:840} INFO - DAG(s) 'tutorial_objectstorage' retrieved from /home/airflow/.local/lib/python3.10/site-packages/airflow/example_dags/tutorial_objectstorage.py
[2025-05-09T12:54:24.659+0000] {logging_mixin.py:188} INFO - [2025-05-09T12:54:24.659+0000] {dag.py:3096} INFO - Sync 1 DAGs
[2025-05-09T12:54:24.674+0000] {logging_mixin.py:188} INFO - [2025-05-09T12:54:24.674+0000] {dag.py:3954} INFO - Setting next_dagrun for tutorial_objectstorage to None, run_after=None
[2025-05-09T12:54:24.698+0000] {processor.py:183} INFO - Processing /home/airflow/.local/lib/python3.10/site-packages/airflow/example_dags/tutorial_objectstorage.py took 0.080 seconds
[2025-05-09T12:54:55.002+0000] {processor.py:161} INFO - Started process (PID=1538) to work on /home/airflow/.local/lib/python3.10/site-packages/airflow/example_dags/tutorial_objectstorage.py
[2025-05-09T12:54:55.004+0000] {processor.py:830} INFO - Processing file /home/airflow/.local/lib/python3.10/site-packages/airflow/example_dags/tutorial_objectstorage.py for tasks to queue
[2025-05-09T12:54:55.006+0000] {logging_mixin.py:188} INFO - [2025-05-09T12:54:55.005+0000] {dagbag.py:545} INFO - Filling up the DagBag from /home/airflow/.local/lib/python3.10/site-packages/airflow/example_dags/tutorial_objectstorage.py
[2025-05-09T12:54:55.015+0000] {processor.py:840} INFO - DAG(s) 'tutorial_objectstorage' retrieved from /home/airflow/.local/lib/python3.10/site-packages/airflow/example_dags/tutorial_objectstorage.py
[2025-05-09T12:54:55.037+0000] {logging_mixin.py:188} INFO - [2025-05-09T12:54:55.037+0000] {dag.py:3096} INFO - Sync 1 DAGs
[2025-05-09T12:54:55.051+0000] {logging_mixin.py:188} INFO - [2025-05-09T12:54:55.051+0000] {dag.py:3954} INFO - Setting next_dagrun for tutorial_objectstorage to None, run_after=None
[2025-05-09T12:54:55.071+0000] {processor.py:183} INFO - Processing /home/airflow/.local/lib/python3.10/site-packages/airflow/example_dags/tutorial_objectstorage.py took 0.076 seconds
[2025-05-09T12:55:25.511+0000] {processor.py:161} INFO - Started process (PID=1803) to work on /home/airflow/.local/lib/python3.10/site-packages/airflow/example_dags/tutorial_objectstorage.py
[2025-05-09T12:55:25.513+0000] {processor.py:830} INFO - Processing file /home/airflow/.local/lib/python3.10/site-packages/airflow/example_dags/tutorial_objectstorage.py for tasks to queue
[2025-05-09T12:55:25.516+0000] {logging_mixin.py:188} INFO - [2025-05-09T12:55:25.515+0000] {dagbag.py:545} INFO - Filling up the DagBag from /home/airflow/.local/lib/python3.10/site-packages/airflow/example_dags/tutorial_objectstorage.py
[2025-05-09T12:55:25.523+0000] {processor.py:840} INFO - DAG(s) 'tutorial_objectstorage' retrieved from /home/airflow/.local/lib/python3.10/site-packages/airflow/example_dags/tutorial_objectstorage.py
[2025-05-09T12:55:25.548+0000] {logging_mixin.py:188} INFO - [2025-05-09T12:55:25.548+0000] {dag.py:3096} INFO - Sync 1 DAGs
[2025-05-09T12:55:25.561+0000] {logging_mixin.py:188} INFO - [2025-05-09T12:55:25.561+0000] {dag.py:3954} INFO - Setting next_dagrun for tutorial_objectstorage to None, run_after=None
[2025-05-09T12:55:25.580+0000] {processor.py:183} INFO - Processing /home/airflow/.local/lib/python3.10/site-packages/airflow/example_dags/tutorial_objectstorage.py took 0.075 seconds
[2025-05-09T12:57:14.712+0000] {processor.py:161} INFO - Started process (PID=225) to work on /home/airflow/.local/lib/python3.10/site-packages/airflow/example_dags/tutorial_objectstorage.py
[2025-05-09T12:57:14.714+0000] {processor.py:830} INFO - Processing file /home/airflow/.local/lib/python3.10/site-packages/airflow/example_dags/tutorial_objectstorage.py for tasks to queue
[2025-05-09T12:57:14.718+0000] {logging_mixin.py:188} INFO - [2025-05-09T12:57:14.717+0000] {dagbag.py:545} INFO - Filling up the DagBag from /home/airflow/.local/lib/python3.10/site-packages/airflow/example_dags/tutorial_objectstorage.py
[2025-05-09T12:57:14.729+0000] {processor.py:840} INFO - DAG(s) 'tutorial_objectstorage' retrieved from /home/airflow/.local/lib/python3.10/site-packages/airflow/example_dags/tutorial_objectstorage.py
[2025-05-09T12:57:14.750+0000] {logging_mixin.py:188} INFO - [2025-05-09T12:57:14.750+0000] {dag.py:3096} INFO - Sync 1 DAGs
[2025-05-09T12:57:14.778+0000] {logging_mixin.py:188} INFO - [2025-05-09T12:57:14.778+0000] {dag.py:3954} INFO - Setting next_dagrun for tutorial_objectstorage to None, run_after=None
[2025-05-09T12:57:14.820+0000] {processor.py:183} INFO - Processing /home/airflow/.local/lib/python3.10/site-packages/airflow/example_dags/tutorial_objectstorage.py took 0.118 seconds
[2025-05-09T12:57:45.133+0000] {processor.py:161} INFO - Started process (PID=485) to work on /home/airflow/.local/lib/python3.10/site-packages/airflow/example_dags/tutorial_objectstorage.py
[2025-05-09T12:57:45.135+0000] {processor.py:830} INFO - Processing file /home/airflow/.local/lib/python3.10/site-packages/airflow/example_dags/tutorial_objectstorage.py for tasks to queue
[2025-05-09T12:57:45.138+0000] {logging_mixin.py:188} INFO - [2025-05-09T12:57:45.137+0000] {dagbag.py:545} INFO - Filling up the DagBag from /home/airflow/.local/lib/python3.10/site-packages/airflow/example_dags/tutorial_objectstorage.py
[2025-05-09T12:57:45.146+0000] {processor.py:840} INFO - DAG(s) 'tutorial_objectstorage' retrieved from /home/airflow/.local/lib/python3.10/site-packages/airflow/example_dags/tutorial_objectstorage.py
[2025-05-09T12:57:45.231+0000] {logging_mixin.py:188} INFO - [2025-05-09T12:57:45.231+0000] {dag.py:3096} INFO - Sync 1 DAGs
[2025-05-09T12:57:45.241+0000] {logging_mixin.py:188} INFO - [2025-05-09T12:57:45.241+0000] {dag.py:3954} INFO - Setting next_dagrun for tutorial_objectstorage to None, run_after=None
[2025-05-09T12:57:45.263+0000] {processor.py:183} INFO - Processing /home/airflow/.local/lib/python3.10/site-packages/airflow/example_dags/tutorial_objectstorage.py took 0.136 seconds
[2025-05-09T12:58:15.346+0000] {processor.py:161} INFO - Started process (PID=749) to work on /home/airflow/.local/lib/python3.10/site-packages/airflow/example_dags/tutorial_objectstorage.py
[2025-05-09T12:58:15.348+0000] {processor.py:830} INFO - Processing file /home/airflow/.local/lib/python3.10/site-packages/airflow/example_dags/tutorial_objectstorage.py for tasks to queue
[2025-05-09T12:58:15.350+0000] {logging_mixin.py:188} INFO - [2025-05-09T12:58:15.349+0000] {dagbag.py:545} INFO - Filling up the DagBag from /home/airflow/.local/lib/python3.10/site-packages/airflow/example_dags/tutorial_objectstorage.py
[2025-05-09T12:58:15.357+0000] {processor.py:840} INFO - DAG(s) 'tutorial_objectstorage' retrieved from /home/airflow/.local/lib/python3.10/site-packages/airflow/example_dags/tutorial_objectstorage.py
[2025-05-09T12:58:15.378+0000] {logging_mixin.py:188} INFO - [2025-05-09T12:58:15.377+0000] {dag.py:3096} INFO - Sync 1 DAGs
[2025-05-09T12:58:15.389+0000] {logging_mixin.py:188} INFO - [2025-05-09T12:58:15.389+0000] {dag.py:3954} INFO - Setting next_dagrun for tutorial_objectstorage to None, run_after=None
[2025-05-09T12:58:15.410+0000] {processor.py:183} INFO - Processing /home/airflow/.local/lib/python3.10/site-packages/airflow/example_dags/tutorial_objectstorage.py took 0.070 seconds
[2025-05-09T12:58:46.531+0000] {processor.py:161} INFO - Started process (PID=1009) to work on /home/airflow/.local/lib/python3.10/site-packages/airflow/example_dags/tutorial_objectstorage.py
[2025-05-09T12:58:46.532+0000] {processor.py:830} INFO - Processing file /home/airflow/.local/lib/python3.10/site-packages/airflow/example_dags/tutorial_objectstorage.py for tasks to queue
[2025-05-09T12:58:46.535+0000] {logging_mixin.py:188} INFO - [2025-05-09T12:58:46.534+0000] {dagbag.py:545} INFO - Filling up the DagBag from /home/airflow/.local/lib/python3.10/site-packages/airflow/example_dags/tutorial_objectstorage.py
[2025-05-09T12:58:46.544+0000] {processor.py:840} INFO - DAG(s) 'tutorial_objectstorage' retrieved from /home/airflow/.local/lib/python3.10/site-packages/airflow/example_dags/tutorial_objectstorage.py
[2025-05-09T12:58:46.568+0000] {logging_mixin.py:188} INFO - [2025-05-09T12:58:46.568+0000] {dag.py:3096} INFO - Sync 1 DAGs
[2025-05-09T12:58:46.586+0000] {logging_mixin.py:188} INFO - [2025-05-09T12:58:46.586+0000] {dag.py:3954} INFO - Setting next_dagrun for tutorial_objectstorage to None, run_after=None
[2025-05-09T12:58:46.618+0000] {processor.py:183} INFO - Processing /home/airflow/.local/lib/python3.10/site-packages/airflow/example_dags/tutorial_objectstorage.py took 0.095 seconds
[2025-05-09T12:59:17.025+0000] {processor.py:161} INFO - Started process (PID=1273) to work on /home/airflow/.local/lib/python3.10/site-packages/airflow/example_dags/tutorial_objectstorage.py
[2025-05-09T12:59:17.027+0000] {processor.py:830} INFO - Processing file /home/airflow/.local/lib/python3.10/site-packages/airflow/example_dags/tutorial_objectstorage.py for tasks to queue
[2025-05-09T12:59:17.030+0000] {logging_mixin.py:188} INFO - [2025-05-09T12:59:17.029+0000] {dagbag.py:545} INFO - Filling up the DagBag from /home/airflow/.local/lib/python3.10/site-packages/airflow/example_dags/tutorial_objectstorage.py
[2025-05-09T12:59:17.037+0000] {processor.py:840} INFO - DAG(s) 'tutorial_objectstorage' retrieved from /home/airflow/.local/lib/python3.10/site-packages/airflow/example_dags/tutorial_objectstorage.py
[2025-05-09T12:59:17.055+0000] {logging_mixin.py:188} INFO - [2025-05-09T12:59:17.055+0000] {dag.py:3096} INFO - Sync 1 DAGs
[2025-05-09T12:59:17.067+0000] {logging_mixin.py:188} INFO - [2025-05-09T12:59:17.066+0000] {dag.py:3954} INFO - Setting next_dagrun for tutorial_objectstorage to None, run_after=None
[2025-05-09T12:59:17.086+0000] {processor.py:183} INFO - Processing /home/airflow/.local/lib/python3.10/site-packages/airflow/example_dags/tutorial_objectstorage.py took 0.066 seconds
[2025-05-09T12:59:48.124+0000] {processor.py:161} INFO - Started process (PID=1535) to work on /home/airflow/.local/lib/python3.10/site-packages/airflow/example_dags/tutorial_objectstorage.py
[2025-05-09T12:59:48.126+0000] {processor.py:830} INFO - Processing file /home/airflow/.local/lib/python3.10/site-packages/airflow/example_dags/tutorial_objectstorage.py for tasks to queue
[2025-05-09T12:59:48.128+0000] {logging_mixin.py:188} INFO - [2025-05-09T12:59:48.127+0000] {dagbag.py:545} INFO - Filling up the DagBag from /home/airflow/.local/lib/python3.10/site-packages/airflow/example_dags/tutorial_objectstorage.py
[2025-05-09T12:59:48.135+0000] {processor.py:840} INFO - DAG(s) 'tutorial_objectstorage' retrieved from /home/airflow/.local/lib/python3.10/site-packages/airflow/example_dags/tutorial_objectstorage.py
[2025-05-09T12:59:48.154+0000] {logging_mixin.py:188} INFO - [2025-05-09T12:59:48.154+0000] {dag.py:3096} INFO - Sync 1 DAGs
[2025-05-09T12:59:48.165+0000] {logging_mixin.py:188} INFO - [2025-05-09T12:59:48.164+0000] {dag.py:3954} INFO - Setting next_dagrun for tutorial_objectstorage to None, run_after=None
[2025-05-09T12:59:48.182+0000] {processor.py:183} INFO - Processing /home/airflow/.local/lib/python3.10/site-packages/airflow/example_dags/tutorial_objectstorage.py took 0.063 seconds
[2025-05-09T13:00:18.493+0000] {processor.py:161} INFO - Started process (PID=1806) to work on /home/airflow/.local/lib/python3.10/site-packages/airflow/example_dags/tutorial_objectstorage.py
[2025-05-09T13:00:18.494+0000] {processor.py:830} INFO - Processing file /home/airflow/.local/lib/python3.10/site-packages/airflow/example_dags/tutorial_objectstorage.py for tasks to queue
[2025-05-09T13:00:18.497+0000] {logging_mixin.py:188} INFO - [2025-05-09T13:00:18.496+0000] {dagbag.py:545} INFO - Filling up the DagBag from /home/airflow/.local/lib/python3.10/site-packages/airflow/example_dags/tutorial_objectstorage.py
[2025-05-09T13:00:18.507+0000] {processor.py:840} INFO - DAG(s) 'tutorial_objectstorage' retrieved from /home/airflow/.local/lib/python3.10/site-packages/airflow/example_dags/tutorial_objectstorage.py
[2025-05-09T13:00:18.537+0000] {logging_mixin.py:188} INFO - [2025-05-09T13:00:18.537+0000] {dag.py:3096} INFO - Sync 1 DAGs
[2025-05-09T13:00:18.552+0000] {logging_mixin.py:188} INFO - [2025-05-09T13:00:18.552+0000] {dag.py:3954} INFO - Setting next_dagrun for tutorial_objectstorage to None, run_after=None
[2025-05-09T13:00:18.579+0000] {processor.py:183} INFO - Processing /home/airflow/.local/lib/python3.10/site-packages/airflow/example_dags/tutorial_objectstorage.py took 0.094 seconds
[2025-05-09T13:00:49.342+0000] {processor.py:161} INFO - Started process (PID=2066) to work on /home/airflow/.local/lib/python3.10/site-packages/airflow/example_dags/tutorial_objectstorage.py
[2025-05-09T13:00:49.343+0000] {processor.py:830} INFO - Processing file /home/airflow/.local/lib/python3.10/site-packages/airflow/example_dags/tutorial_objectstorage.py for tasks to queue
[2025-05-09T13:00:49.346+0000] {logging_mixin.py:188} INFO - [2025-05-09T13:00:49.346+0000] {dagbag.py:545} INFO - Filling up the DagBag from /home/airflow/.local/lib/python3.10/site-packages/airflow/example_dags/tutorial_objectstorage.py
[2025-05-09T13:00:49.353+0000] {processor.py:840} INFO - DAG(s) 'tutorial_objectstorage' retrieved from /home/airflow/.local/lib/python3.10/site-packages/airflow/example_dags/tutorial_objectstorage.py
[2025-05-09T13:00:49.374+0000] {logging_mixin.py:188} INFO - [2025-05-09T13:00:49.374+0000] {dag.py:3096} INFO - Sync 1 DAGs
[2025-05-09T13:00:49.388+0000] {logging_mixin.py:188} INFO - [2025-05-09T13:00:49.387+0000] {dag.py:3954} INFO - Setting next_dagrun for tutorial_objectstorage to None, run_after=None
[2025-05-09T13:00:49.411+0000] {processor.py:183} INFO - Processing /home/airflow/.local/lib/python3.10/site-packages/airflow/example_dags/tutorial_objectstorage.py took 0.075 seconds
[2025-05-09T13:01:20.499+0000] {processor.py:161} INFO - Started process (PID=2330) to work on /home/airflow/.local/lib/python3.10/site-packages/airflow/example_dags/tutorial_objectstorage.py
[2025-05-09T13:01:20.501+0000] {processor.py:830} INFO - Processing file /home/airflow/.local/lib/python3.10/site-packages/airflow/example_dags/tutorial_objectstorage.py for tasks to queue
[2025-05-09T13:01:20.504+0000] {logging_mixin.py:188} INFO - [2025-05-09T13:01:20.503+0000] {dagbag.py:545} INFO - Filling up the DagBag from /home/airflow/.local/lib/python3.10/site-packages/airflow/example_dags/tutorial_objectstorage.py
[2025-05-09T13:01:20.513+0000] {processor.py:840} INFO - DAG(s) 'tutorial_objectstorage' retrieved from /home/airflow/.local/lib/python3.10/site-packages/airflow/example_dags/tutorial_objectstorage.py
[2025-05-09T13:01:20.540+0000] {logging_mixin.py:188} INFO - [2025-05-09T13:01:20.540+0000] {dag.py:3096} INFO - Sync 1 DAGs
[2025-05-09T13:01:20.553+0000] {logging_mixin.py:188} INFO - [2025-05-09T13:01:20.553+0000] {dag.py:3954} INFO - Setting next_dagrun for tutorial_objectstorage to None, run_after=None
[2025-05-09T13:01:20.586+0000] {processor.py:183} INFO - Processing /home/airflow/.local/lib/python3.10/site-packages/airflow/example_dags/tutorial_objectstorage.py took 0.094 seconds
[2025-05-09T13:01:50.777+0000] {processor.py:161} INFO - Started process (PID=2590) to work on /home/airflow/.local/lib/python3.10/site-packages/airflow/example_dags/tutorial_objectstorage.py
[2025-05-09T13:01:50.778+0000] {processor.py:830} INFO - Processing file /home/airflow/.local/lib/python3.10/site-packages/airflow/example_dags/tutorial_objectstorage.py for tasks to queue
[2025-05-09T13:01:50.780+0000] {logging_mixin.py:188} INFO - [2025-05-09T13:01:50.780+0000] {dagbag.py:545} INFO - Filling up the DagBag from /home/airflow/.local/lib/python3.10/site-packages/airflow/example_dags/tutorial_objectstorage.py
[2025-05-09T13:01:50.789+0000] {processor.py:840} INFO - DAG(s) 'tutorial_objectstorage' retrieved from /home/airflow/.local/lib/python3.10/site-packages/airflow/example_dags/tutorial_objectstorage.py
[2025-05-09T13:01:50.810+0000] {logging_mixin.py:188} INFO - [2025-05-09T13:01:50.810+0000] {dag.py:3096} INFO - Sync 1 DAGs
[2025-05-09T13:01:50.827+0000] {logging_mixin.py:188} INFO - [2025-05-09T13:01:50.827+0000] {dag.py:3954} INFO - Setting next_dagrun for tutorial_objectstorage to None, run_after=None
[2025-05-09T13:01:50.859+0000] {processor.py:183} INFO - Processing /home/airflow/.local/lib/python3.10/site-packages/airflow/example_dags/tutorial_objectstorage.py took 0.089 seconds
[2025-05-09T13:02:21.199+0000] {processor.py:161} INFO - Started process (PID=2852) to work on /home/airflow/.local/lib/python3.10/site-packages/airflow/example_dags/tutorial_objectstorage.py
[2025-05-09T13:02:21.200+0000] {processor.py:830} INFO - Processing file /home/airflow/.local/lib/python3.10/site-packages/airflow/example_dags/tutorial_objectstorage.py for tasks to queue
[2025-05-09T13:02:21.202+0000] {logging_mixin.py:188} INFO - [2025-05-09T13:02:21.202+0000] {dagbag.py:545} INFO - Filling up the DagBag from /home/airflow/.local/lib/python3.10/site-packages/airflow/example_dags/tutorial_objectstorage.py
[2025-05-09T13:02:21.210+0000] {processor.py:840} INFO - DAG(s) 'tutorial_objectstorage' retrieved from /home/airflow/.local/lib/python3.10/site-packages/airflow/example_dags/tutorial_objectstorage.py
[2025-05-09T13:02:21.237+0000] {logging_mixin.py:188} INFO - [2025-05-09T13:02:21.237+0000] {dag.py:3096} INFO - Sync 1 DAGs
[2025-05-09T13:02:21.255+0000] {logging_mixin.py:188} INFO - [2025-05-09T13:02:21.255+0000] {dag.py:3954} INFO - Setting next_dagrun for tutorial_objectstorage to None, run_after=None
[2025-05-09T13:02:21.293+0000] {processor.py:183} INFO - Processing /home/airflow/.local/lib/python3.10/site-packages/airflow/example_dags/tutorial_objectstorage.py took 0.101 seconds
[2025-05-09T13:02:51.975+0000] {processor.py:161} INFO - Started process (PID=3116) to work on /home/airflow/.local/lib/python3.10/site-packages/airflow/example_dags/tutorial_objectstorage.py
[2025-05-09T13:02:51.977+0000] {processor.py:830} INFO - Processing file /home/airflow/.local/lib/python3.10/site-packages/airflow/example_dags/tutorial_objectstorage.py for tasks to queue
[2025-05-09T13:02:51.979+0000] {logging_mixin.py:188} INFO - [2025-05-09T13:02:51.979+0000] {dagbag.py:545} INFO - Filling up the DagBag from /home/airflow/.local/lib/python3.10/site-packages/airflow/example_dags/tutorial_objectstorage.py
[2025-05-09T13:02:51.988+0000] {processor.py:840} INFO - DAG(s) 'tutorial_objectstorage' retrieved from /home/airflow/.local/lib/python3.10/site-packages/airflow/example_dags/tutorial_objectstorage.py
[2025-05-09T13:02:52.012+0000] {logging_mixin.py:188} INFO - [2025-05-09T13:02:52.012+0000] {dag.py:3096} INFO - Sync 1 DAGs
[2025-05-09T13:02:52.025+0000] {logging_mixin.py:188} INFO - [2025-05-09T13:02:52.025+0000] {dag.py:3954} INFO - Setting next_dagrun for tutorial_objectstorage to None, run_after=None
[2025-05-09T13:02:52.055+0000] {processor.py:183} INFO - Processing /home/airflow/.local/lib/python3.10/site-packages/airflow/example_dags/tutorial_objectstorage.py took 0.086 seconds
[2025-05-09T13:03:22.922+0000] {processor.py:161} INFO - Started process (PID=3375) to work on /home/airflow/.local/lib/python3.10/site-packages/airflow/example_dags/tutorial_objectstorage.py
[2025-05-09T13:03:22.923+0000] {processor.py:830} INFO - Processing file /home/airflow/.local/lib/python3.10/site-packages/airflow/example_dags/tutorial_objectstorage.py for tasks to queue
[2025-05-09T13:03:22.926+0000] {logging_mixin.py:188} INFO - [2025-05-09T13:03:22.925+0000] {dagbag.py:545} INFO - Filling up the DagBag from /home/airflow/.local/lib/python3.10/site-packages/airflow/example_dags/tutorial_objectstorage.py
[2025-05-09T13:03:22.942+0000] {processor.py:840} INFO - DAG(s) 'tutorial_objectstorage' retrieved from /home/airflow/.local/lib/python3.10/site-packages/airflow/example_dags/tutorial_objectstorage.py
[2025-05-09T13:03:22.970+0000] {logging_mixin.py:188} INFO - [2025-05-09T13:03:22.969+0000] {dag.py:3096} INFO - Sync 1 DAGs
[2025-05-09T13:03:22.993+0000] {logging_mixin.py:188} INFO - [2025-05-09T13:03:22.993+0000] {dag.py:3954} INFO - Setting next_dagrun for tutorial_objectstorage to None, run_after=None
[2025-05-09T13:03:23.024+0000] {processor.py:183} INFO - Processing /home/airflow/.local/lib/python3.10/site-packages/airflow/example_dags/tutorial_objectstorage.py took 0.110 seconds
[2025-05-09T13:03:53.428+0000] {processor.py:161} INFO - Started process (PID=3634) to work on /home/airflow/.local/lib/python3.10/site-packages/airflow/example_dags/tutorial_objectstorage.py
[2025-05-09T13:03:53.430+0000] {processor.py:830} INFO - Processing file /home/airflow/.local/lib/python3.10/site-packages/airflow/example_dags/tutorial_objectstorage.py for tasks to queue
[2025-05-09T13:03:53.435+0000] {logging_mixin.py:188} INFO - [2025-05-09T13:03:53.434+0000] {dagbag.py:545} INFO - Filling up the DagBag from /home/airflow/.local/lib/python3.10/site-packages/airflow/example_dags/tutorial_objectstorage.py
[2025-05-09T13:03:53.450+0000] {processor.py:840} INFO - DAG(s) 'tutorial_objectstorage' retrieved from /home/airflow/.local/lib/python3.10/site-packages/airflow/example_dags/tutorial_objectstorage.py
[2025-05-09T13:03:53.479+0000] {logging_mixin.py:188} INFO - [2025-05-09T13:03:53.479+0000] {dag.py:3096} INFO - Sync 1 DAGs
[2025-05-09T13:03:53.495+0000] {logging_mixin.py:188} INFO - [2025-05-09T13:03:53.495+0000] {dag.py:3954} INFO - Setting next_dagrun for tutorial_objectstorage to None, run_after=None
[2025-05-09T13:03:53.519+0000] {processor.py:183} INFO - Processing /home/airflow/.local/lib/python3.10/site-packages/airflow/example_dags/tutorial_objectstorage.py took 0.103 seconds
[2025-05-09T15:43:43.028+0000] {processor.py:161} INFO - Started process (PID=3910) to work on /home/airflow/.local/lib/python3.10/site-packages/airflow/example_dags/tutorial_objectstorage.py
[2025-05-09T15:43:43.034+0000] {processor.py:830} INFO - Processing file /home/airflow/.local/lib/python3.10/site-packages/airflow/example_dags/tutorial_objectstorage.py for tasks to queue
[2025-05-09T15:43:43.052+0000] {logging_mixin.py:188} INFO - [2025-05-09T15:43:43.043+0000] {dagbag.py:545} INFO - Filling up the DagBag from /home/airflow/.local/lib/python3.10/site-packages/airflow/example_dags/tutorial_objectstorage.py
[2025-05-09T15:43:43.096+0000] {processor.py:840} INFO - DAG(s) 'tutorial_objectstorage' retrieved from /home/airflow/.local/lib/python3.10/site-packages/airflow/example_dags/tutorial_objectstorage.py
[2025-05-09T15:43:43.242+0000] {logging_mixin.py:188} INFO - [2025-05-09T15:43:43.241+0000] {dag.py:3096} INFO - Sync 1 DAGs
[2025-05-09T15:43:43.332+0000] {logging_mixin.py:188} INFO - [2025-05-09T15:43:43.331+0000] {dag.py:3954} INFO - Setting next_dagrun for tutorial_objectstorage to None, run_after=None
[2025-05-09T15:43:43.471+0000] {processor.py:183} INFO - Processing /home/airflow/.local/lib/python3.10/site-packages/airflow/example_dags/tutorial_objectstorage.py took 0.488 seconds
[2025-05-09T15:44:13.869+0000] {processor.py:161} INFO - Started process (PID=4179) to work on /home/airflow/.local/lib/python3.10/site-packages/airflow/example_dags/tutorial_objectstorage.py
[2025-05-09T15:44:13.871+0000] {processor.py:830} INFO - Processing file /home/airflow/.local/lib/python3.10/site-packages/airflow/example_dags/tutorial_objectstorage.py for tasks to queue
[2025-05-09T15:44:13.877+0000] {logging_mixin.py:188} INFO - [2025-05-09T15:44:13.876+0000] {dagbag.py:545} INFO - Filling up the DagBag from /home/airflow/.local/lib/python3.10/site-packages/airflow/example_dags/tutorial_objectstorage.py
[2025-05-09T15:44:13.888+0000] {processor.py:840} INFO - DAG(s) 'tutorial_objectstorage' retrieved from /home/airflow/.local/lib/python3.10/site-packages/airflow/example_dags/tutorial_objectstorage.py
[2025-05-09T15:44:13.913+0000] {logging_mixin.py:188} INFO - [2025-05-09T15:44:13.913+0000] {dag.py:3096} INFO - Sync 1 DAGs
[2025-05-09T15:44:13.931+0000] {logging_mixin.py:188} INFO - [2025-05-09T15:44:13.931+0000] {dag.py:3954} INFO - Setting next_dagrun for tutorial_objectstorage to None, run_after=None
[2025-05-09T15:44:13.958+0000] {processor.py:183} INFO - Processing /home/airflow/.local/lib/python3.10/site-packages/airflow/example_dags/tutorial_objectstorage.py took 0.099 seconds
[2025-05-09T15:44:44.429+0000] {processor.py:161} INFO - Started process (PID=4453) to work on /home/airflow/.local/lib/python3.10/site-packages/airflow/example_dags/tutorial_objectstorage.py
[2025-05-09T15:44:44.430+0000] {processor.py:830} INFO - Processing file /home/airflow/.local/lib/python3.10/site-packages/airflow/example_dags/tutorial_objectstorage.py for tasks to queue
[2025-05-09T15:44:44.433+0000] {logging_mixin.py:188} INFO - [2025-05-09T15:44:44.432+0000] {dagbag.py:545} INFO - Filling up the DagBag from /home/airflow/.local/lib/python3.10/site-packages/airflow/example_dags/tutorial_objectstorage.py
[2025-05-09T15:44:44.443+0000] {processor.py:840} INFO - DAG(s) 'tutorial_objectstorage' retrieved from /home/airflow/.local/lib/python3.10/site-packages/airflow/example_dags/tutorial_objectstorage.py
[2025-05-09T15:44:44.468+0000] {logging_mixin.py:188} INFO - [2025-05-09T15:44:44.467+0000] {dag.py:3096} INFO - Sync 1 DAGs
[2025-05-09T15:44:44.484+0000] {logging_mixin.py:188} INFO - [2025-05-09T15:44:44.484+0000] {dag.py:3954} INFO - Setting next_dagrun for tutorial_objectstorage to None, run_after=None
[2025-05-09T15:44:44.520+0000] {processor.py:183} INFO - Processing /home/airflow/.local/lib/python3.10/site-packages/airflow/example_dags/tutorial_objectstorage.py took 0.099 seconds
[2025-05-09T15:45:14.618+0000] {processor.py:161} INFO - Started process (PID=4715) to work on /home/airflow/.local/lib/python3.10/site-packages/airflow/example_dags/tutorial_objectstorage.py
[2025-05-09T15:45:14.620+0000] {processor.py:830} INFO - Processing file /home/airflow/.local/lib/python3.10/site-packages/airflow/example_dags/tutorial_objectstorage.py for tasks to queue
[2025-05-09T15:45:14.622+0000] {logging_mixin.py:188} INFO - [2025-05-09T15:45:14.622+0000] {dagbag.py:545} INFO - Filling up the DagBag from /home/airflow/.local/lib/python3.10/site-packages/airflow/example_dags/tutorial_objectstorage.py
[2025-05-09T15:45:14.632+0000] {processor.py:840} INFO - DAG(s) 'tutorial_objectstorage' retrieved from /home/airflow/.local/lib/python3.10/site-packages/airflow/example_dags/tutorial_objectstorage.py
[2025-05-09T15:45:14.656+0000] {logging_mixin.py:188} INFO - [2025-05-09T15:45:14.656+0000] {dag.py:3096} INFO - Sync 1 DAGs
[2025-05-09T15:45:14.671+0000] {logging_mixin.py:188} INFO - [2025-05-09T15:45:14.671+0000] {dag.py:3954} INFO - Setting next_dagrun for tutorial_objectstorage to None, run_after=None
[2025-05-09T15:45:14.700+0000] {processor.py:183} INFO - Processing /home/airflow/.local/lib/python3.10/site-packages/airflow/example_dags/tutorial_objectstorage.py took 0.089 seconds
[2025-05-09T15:45:45.080+0000] {processor.py:161} INFO - Started process (PID=4975) to work on /home/airflow/.local/lib/python3.10/site-packages/airflow/example_dags/tutorial_objectstorage.py
[2025-05-09T15:45:45.082+0000] {processor.py:830} INFO - Processing file /home/airflow/.local/lib/python3.10/site-packages/airflow/example_dags/tutorial_objectstorage.py for tasks to queue
[2025-05-09T15:45:45.086+0000] {logging_mixin.py:188} INFO - [2025-05-09T15:45:45.085+0000] {dagbag.py:545} INFO - Filling up the DagBag from /home/airflow/.local/lib/python3.10/site-packages/airflow/example_dags/tutorial_objectstorage.py
[2025-05-09T15:45:45.100+0000] {processor.py:840} INFO - DAG(s) 'tutorial_objectstorage' retrieved from /home/airflow/.local/lib/python3.10/site-packages/airflow/example_dags/tutorial_objectstorage.py
[2025-05-09T15:45:45.133+0000] {logging_mixin.py:188} INFO - [2025-05-09T15:45:45.132+0000] {dag.py:3096} INFO - Sync 1 DAGs
[2025-05-09T15:45:45.153+0000] {logging_mixin.py:188} INFO - [2025-05-09T15:45:45.153+0000] {dag.py:3954} INFO - Setting next_dagrun for tutorial_objectstorage to None, run_after=None
[2025-05-09T15:45:45.190+0000] {processor.py:183} INFO - Processing /home/airflow/.local/lib/python3.10/site-packages/airflow/example_dags/tutorial_objectstorage.py took 0.121 seconds
[2025-05-09T15:46:15.394+0000] {processor.py:161} INFO - Started process (PID=5246) to work on /home/airflow/.local/lib/python3.10/site-packages/airflow/example_dags/tutorial_objectstorage.py
[2025-05-09T15:46:15.396+0000] {processor.py:830} INFO - Processing file /home/airflow/.local/lib/python3.10/site-packages/airflow/example_dags/tutorial_objectstorage.py for tasks to queue
[2025-05-09T15:46:15.399+0000] {logging_mixin.py:188} INFO - [2025-05-09T15:46:15.399+0000] {dagbag.py:545} INFO - Filling up the DagBag from /home/airflow/.local/lib/python3.10/site-packages/airflow/example_dags/tutorial_objectstorage.py
[2025-05-09T15:46:15.407+0000] {processor.py:840} INFO - DAG(s) 'tutorial_objectstorage' retrieved from /home/airflow/.local/lib/python3.10/site-packages/airflow/example_dags/tutorial_objectstorage.py
[2025-05-09T15:46:15.431+0000] {logging_mixin.py:188} INFO - [2025-05-09T15:46:15.431+0000] {dag.py:3096} INFO - Sync 1 DAGs
[2025-05-09T15:46:15.444+0000] {logging_mixin.py:188} INFO - [2025-05-09T15:46:15.443+0000] {dag.py:3954} INFO - Setting next_dagrun for tutorial_objectstorage to None, run_after=None
[2025-05-09T15:46:15.471+0000] {processor.py:183} INFO - Processing /home/airflow/.local/lib/python3.10/site-packages/airflow/example_dags/tutorial_objectstorage.py took 0.084 seconds
[2025-05-09T15:46:46.035+0000] {processor.py:161} INFO - Started process (PID=5508) to work on /home/airflow/.local/lib/python3.10/site-packages/airflow/example_dags/tutorial_objectstorage.py
[2025-05-09T15:46:46.036+0000] {processor.py:830} INFO - Processing file /home/airflow/.local/lib/python3.10/site-packages/airflow/example_dags/tutorial_objectstorage.py for tasks to queue
[2025-05-09T15:46:46.038+0000] {logging_mixin.py:188} INFO - [2025-05-09T15:46:46.038+0000] {dagbag.py:545} INFO - Filling up the DagBag from /home/airflow/.local/lib/python3.10/site-packages/airflow/example_dags/tutorial_objectstorage.py
[2025-05-09T15:46:46.046+0000] {processor.py:840} INFO - DAG(s) 'tutorial_objectstorage' retrieved from /home/airflow/.local/lib/python3.10/site-packages/airflow/example_dags/tutorial_objectstorage.py
[2025-05-09T15:46:46.069+0000] {logging_mixin.py:188} INFO - [2025-05-09T15:46:46.069+0000] {dag.py:3096} INFO - Sync 1 DAGs
[2025-05-09T15:46:46.084+0000] {logging_mixin.py:188} INFO - [2025-05-09T15:46:46.084+0000] {dag.py:3954} INFO - Setting next_dagrun for tutorial_objectstorage to None, run_after=None
[2025-05-09T15:46:46.108+0000] {processor.py:183} INFO - Processing /home/airflow/.local/lib/python3.10/site-packages/airflow/example_dags/tutorial_objectstorage.py took 0.080 seconds
[2025-05-09T15:47:16.978+0000] {processor.py:161} INFO - Started process (PID=5772) to work on /home/airflow/.local/lib/python3.10/site-packages/airflow/example_dags/tutorial_objectstorage.py
[2025-05-09T15:47:16.980+0000] {processor.py:830} INFO - Processing file /home/airflow/.local/lib/python3.10/site-packages/airflow/example_dags/tutorial_objectstorage.py for tasks to queue
[2025-05-09T15:47:16.982+0000] {logging_mixin.py:188} INFO - [2025-05-09T15:47:16.981+0000] {dagbag.py:545} INFO - Filling up the DagBag from /home/airflow/.local/lib/python3.10/site-packages/airflow/example_dags/tutorial_objectstorage.py
[2025-05-09T15:47:16.990+0000] {processor.py:840} INFO - DAG(s) 'tutorial_objectstorage' retrieved from /home/airflow/.local/lib/python3.10/site-packages/airflow/example_dags/tutorial_objectstorage.py
[2025-05-09T15:47:17.014+0000] {logging_mixin.py:188} INFO - [2025-05-09T15:47:17.013+0000] {dag.py:3096} INFO - Sync 1 DAGs
[2025-05-09T15:47:17.028+0000] {logging_mixin.py:188} INFO - [2025-05-09T15:47:17.028+0000] {dag.py:3954} INFO - Setting next_dagrun for tutorial_objectstorage to None, run_after=None
[2025-05-09T15:47:17.064+0000] {processor.py:183} INFO - Processing /home/airflow/.local/lib/python3.10/site-packages/airflow/example_dags/tutorial_objectstorage.py took 0.093 seconds
[2025-05-09T15:47:47.625+0000] {processor.py:161} INFO - Started process (PID=6034) to work on /home/airflow/.local/lib/python3.10/site-packages/airflow/example_dags/tutorial_objectstorage.py
[2025-05-09T15:47:47.627+0000] {processor.py:830} INFO - Processing file /home/airflow/.local/lib/python3.10/site-packages/airflow/example_dags/tutorial_objectstorage.py for tasks to queue
[2025-05-09T15:47:47.629+0000] {logging_mixin.py:188} INFO - [2025-05-09T15:47:47.628+0000] {dagbag.py:545} INFO - Filling up the DagBag from /home/airflow/.local/lib/python3.10/site-packages/airflow/example_dags/tutorial_objectstorage.py
[2025-05-09T15:47:47.637+0000] {processor.py:840} INFO - DAG(s) 'tutorial_objectstorage' retrieved from /home/airflow/.local/lib/python3.10/site-packages/airflow/example_dags/tutorial_objectstorage.py
[2025-05-09T15:47:47.660+0000] {logging_mixin.py:188} INFO - [2025-05-09T15:47:47.660+0000] {dag.py:3096} INFO - Sync 1 DAGs
[2025-05-09T15:47:47.675+0000] {logging_mixin.py:188} INFO - [2025-05-09T15:47:47.674+0000] {dag.py:3954} INFO - Setting next_dagrun for tutorial_objectstorage to None, run_after=None
[2025-05-09T15:47:47.712+0000] {processor.py:183} INFO - Processing /home/airflow/.local/lib/python3.10/site-packages/airflow/example_dags/tutorial_objectstorage.py took 0.095 seconds
[2025-05-09T15:48:17.969+0000] {processor.py:161} INFO - Started process (PID=6311) to work on /home/airflow/.local/lib/python3.10/site-packages/airflow/example_dags/tutorial_objectstorage.py
[2025-05-09T15:48:17.971+0000] {processor.py:830} INFO - Processing file /home/airflow/.local/lib/python3.10/site-packages/airflow/example_dags/tutorial_objectstorage.py for tasks to queue
[2025-05-09T15:48:17.973+0000] {logging_mixin.py:188} INFO - [2025-05-09T15:48:17.973+0000] {dagbag.py:545} INFO - Filling up the DagBag from /home/airflow/.local/lib/python3.10/site-packages/airflow/example_dags/tutorial_objectstorage.py
[2025-05-09T15:48:17.981+0000] {processor.py:840} INFO - DAG(s) 'tutorial_objectstorage' retrieved from /home/airflow/.local/lib/python3.10/site-packages/airflow/example_dags/tutorial_objectstorage.py
[2025-05-09T15:48:18.006+0000] {logging_mixin.py:188} INFO - [2025-05-09T15:48:18.006+0000] {dag.py:3096} INFO - Sync 1 DAGs
[2025-05-09T15:48:18.020+0000] {logging_mixin.py:188} INFO - [2025-05-09T15:48:18.020+0000] {dag.py:3954} INFO - Setting next_dagrun for tutorial_objectstorage to None, run_after=None
[2025-05-09T15:48:18.042+0000] {processor.py:183} INFO - Processing /home/airflow/.local/lib/python3.10/site-packages/airflow/example_dags/tutorial_objectstorage.py took 0.080 seconds
[2025-05-09T15:48:48.235+0000] {processor.py:161} INFO - Started process (PID=6579) to work on /home/airflow/.local/lib/python3.10/site-packages/airflow/example_dags/tutorial_objectstorage.py
[2025-05-09T15:48:48.236+0000] {processor.py:830} INFO - Processing file /home/airflow/.local/lib/python3.10/site-packages/airflow/example_dags/tutorial_objectstorage.py for tasks to queue
[2025-05-09T15:48:48.239+0000] {logging_mixin.py:188} INFO - [2025-05-09T15:48:48.239+0000] {dagbag.py:545} INFO - Filling up the DagBag from /home/airflow/.local/lib/python3.10/site-packages/airflow/example_dags/tutorial_objectstorage.py
[2025-05-09T15:48:48.249+0000] {processor.py:840} INFO - DAG(s) 'tutorial_objectstorage' retrieved from /home/airflow/.local/lib/python3.10/site-packages/airflow/example_dags/tutorial_objectstorage.py
[2025-05-09T15:48:48.274+0000] {logging_mixin.py:188} INFO - [2025-05-09T15:48:48.274+0000] {dag.py:3096} INFO - Sync 1 DAGs
[2025-05-09T15:48:48.291+0000] {logging_mixin.py:188} INFO - [2025-05-09T15:48:48.291+0000] {dag.py:3954} INFO - Setting next_dagrun for tutorial_objectstorage to None, run_after=None
[2025-05-09T15:48:48.322+0000] {processor.py:183} INFO - Processing /home/airflow/.local/lib/python3.10/site-packages/airflow/example_dags/tutorial_objectstorage.py took 0.095 seconds
[2025-05-09T15:49:19.124+0000] {processor.py:161} INFO - Started process (PID=6870) to work on /home/airflow/.local/lib/python3.10/site-packages/airflow/example_dags/tutorial_objectstorage.py
[2025-05-09T15:49:19.126+0000] {processor.py:830} INFO - Processing file /home/airflow/.local/lib/python3.10/site-packages/airflow/example_dags/tutorial_objectstorage.py for tasks to queue
[2025-05-09T15:49:19.130+0000] {logging_mixin.py:188} INFO - [2025-05-09T15:49:19.129+0000] {dagbag.py:545} INFO - Filling up the DagBag from /home/airflow/.local/lib/python3.10/site-packages/airflow/example_dags/tutorial_objectstorage.py
[2025-05-09T15:49:19.144+0000] {processor.py:840} INFO - DAG(s) 'tutorial_objectstorage' retrieved from /home/airflow/.local/lib/python3.10/site-packages/airflow/example_dags/tutorial_objectstorage.py
[2025-05-09T15:49:19.184+0000] {logging_mixin.py:188} INFO - [2025-05-09T15:49:19.183+0000] {dag.py:3096} INFO - Sync 1 DAGs
[2025-05-09T15:49:19.224+0000] {logging_mixin.py:188} INFO - [2025-05-09T15:49:19.223+0000] {dag.py:3954} INFO - Setting next_dagrun for tutorial_objectstorage to None, run_after=None
[2025-05-09T15:49:19.272+0000] {processor.py:183} INFO - Processing /home/airflow/.local/lib/python3.10/site-packages/airflow/example_dags/tutorial_objectstorage.py took 0.162 seconds
[2025-05-09T15:49:49.392+0000] {processor.py:161} INFO - Started process (PID=7135) to work on /home/airflow/.local/lib/python3.10/site-packages/airflow/example_dags/tutorial_objectstorage.py
[2025-05-09T15:49:49.394+0000] {processor.py:830} INFO - Processing file /home/airflow/.local/lib/python3.10/site-packages/airflow/example_dags/tutorial_objectstorage.py for tasks to queue
[2025-05-09T15:49:49.397+0000] {logging_mixin.py:188} INFO - [2025-05-09T15:49:49.396+0000] {dagbag.py:545} INFO - Filling up the DagBag from /home/airflow/.local/lib/python3.10/site-packages/airflow/example_dags/tutorial_objectstorage.py
[2025-05-09T15:49:49.407+0000] {processor.py:840} INFO - DAG(s) 'tutorial_objectstorage' retrieved from /home/airflow/.local/lib/python3.10/site-packages/airflow/example_dags/tutorial_objectstorage.py
[2025-05-09T15:49:49.433+0000] {logging_mixin.py:188} INFO - [2025-05-09T15:49:49.433+0000] {dag.py:3096} INFO - Sync 1 DAGs
[2025-05-09T15:49:49.447+0000] {logging_mixin.py:188} INFO - [2025-05-09T15:49:49.447+0000] {dag.py:3954} INFO - Setting next_dagrun for tutorial_objectstorage to None, run_after=None
[2025-05-09T15:49:49.469+0000] {processor.py:183} INFO - Processing /home/airflow/.local/lib/python3.10/site-packages/airflow/example_dags/tutorial_objectstorage.py took 0.085 seconds
[2025-05-09T15:50:19.884+0000] {processor.py:161} INFO - Started process (PID=7401) to work on /home/airflow/.local/lib/python3.10/site-packages/airflow/example_dags/tutorial_objectstorage.py
[2025-05-09T15:50:19.886+0000] {processor.py:830} INFO - Processing file /home/airflow/.local/lib/python3.10/site-packages/airflow/example_dags/tutorial_objectstorage.py for tasks to queue
[2025-05-09T15:50:19.889+0000] {logging_mixin.py:188} INFO - [2025-05-09T15:50:19.888+0000] {dagbag.py:545} INFO - Filling up the DagBag from /home/airflow/.local/lib/python3.10/site-packages/airflow/example_dags/tutorial_objectstorage.py
[2025-05-09T15:50:19.901+0000] {processor.py:840} INFO - DAG(s) 'tutorial_objectstorage' retrieved from /home/airflow/.local/lib/python3.10/site-packages/airflow/example_dags/tutorial_objectstorage.py
[2025-05-09T15:50:19.928+0000] {logging_mixin.py:188} INFO - [2025-05-09T15:50:19.928+0000] {dag.py:3096} INFO - Sync 1 DAGs
[2025-05-09T15:50:19.945+0000] {logging_mixin.py:188} INFO - [2025-05-09T15:50:19.945+0000] {dag.py:3954} INFO - Setting next_dagrun for tutorial_objectstorage to None, run_after=None
[2025-05-09T15:50:19.972+0000] {processor.py:183} INFO - Processing /home/airflow/.local/lib/python3.10/site-packages/airflow/example_dags/tutorial_objectstorage.py took 0.096 seconds
[2025-05-09T15:50:50.360+0000] {processor.py:161} INFO - Started process (PID=7665) to work on /home/airflow/.local/lib/python3.10/site-packages/airflow/example_dags/tutorial_objectstorage.py
[2025-05-09T15:50:50.362+0000] {processor.py:830} INFO - Processing file /home/airflow/.local/lib/python3.10/site-packages/airflow/example_dags/tutorial_objectstorage.py for tasks to queue
[2025-05-09T15:50:50.365+0000] {logging_mixin.py:188} INFO - [2025-05-09T15:50:50.365+0000] {dagbag.py:545} INFO - Filling up the DagBag from /home/airflow/.local/lib/python3.10/site-packages/airflow/example_dags/tutorial_objectstorage.py
[2025-05-09T15:50:50.374+0000] {processor.py:840} INFO - DAG(s) 'tutorial_objectstorage' retrieved from /home/airflow/.local/lib/python3.10/site-packages/airflow/example_dags/tutorial_objectstorage.py
[2025-05-09T15:50:50.398+0000] {logging_mixin.py:188} INFO - [2025-05-09T15:50:50.398+0000] {dag.py:3096} INFO - Sync 1 DAGs
[2025-05-09T15:50:50.414+0000] {logging_mixin.py:188} INFO - [2025-05-09T15:50:50.414+0000] {dag.py:3954} INFO - Setting next_dagrun for tutorial_objectstorage to None, run_after=None
[2025-05-09T15:50:50.449+0000] {processor.py:183} INFO - Processing /home/airflow/.local/lib/python3.10/site-packages/airflow/example_dags/tutorial_objectstorage.py took 0.096 seconds
[2025-05-09T15:51:20.701+0000] {processor.py:161} INFO - Started process (PID=7936) to work on /home/airflow/.local/lib/python3.10/site-packages/airflow/example_dags/tutorial_objectstorage.py
[2025-05-09T15:51:20.703+0000] {processor.py:830} INFO - Processing file /home/airflow/.local/lib/python3.10/site-packages/airflow/example_dags/tutorial_objectstorage.py for tasks to queue
[2025-05-09T15:51:20.706+0000] {logging_mixin.py:188} INFO - [2025-05-09T15:51:20.705+0000] {dagbag.py:545} INFO - Filling up the DagBag from /home/airflow/.local/lib/python3.10/site-packages/airflow/example_dags/tutorial_objectstorage.py
[2025-05-09T15:51:20.716+0000] {processor.py:840} INFO - DAG(s) 'tutorial_objectstorage' retrieved from /home/airflow/.local/lib/python3.10/site-packages/airflow/example_dags/tutorial_objectstorage.py
[2025-05-09T15:51:20.745+0000] {logging_mixin.py:188} INFO - [2025-05-09T15:51:20.745+0000] {dag.py:3096} INFO - Sync 1 DAGs
[2025-05-09T15:51:20.764+0000] {logging_mixin.py:188} INFO - [2025-05-09T15:51:20.764+0000] {dag.py:3954} INFO - Setting next_dagrun for tutorial_objectstorage to None, run_after=None
[2025-05-09T15:51:20.806+0000] {processor.py:183} INFO - Processing /home/airflow/.local/lib/python3.10/site-packages/airflow/example_dags/tutorial_objectstorage.py took 0.113 seconds
[2025-05-09T15:51:51.459+0000] {processor.py:161} INFO - Started process (PID=8198) to work on /home/airflow/.local/lib/python3.10/site-packages/airflow/example_dags/tutorial_objectstorage.py
[2025-05-09T15:51:51.461+0000] {processor.py:830} INFO - Processing file /home/airflow/.local/lib/python3.10/site-packages/airflow/example_dags/tutorial_objectstorage.py for tasks to queue
[2025-05-09T15:51:51.463+0000] {logging_mixin.py:188} INFO - [2025-05-09T15:51:51.463+0000] {dagbag.py:545} INFO - Filling up the DagBag from /home/airflow/.local/lib/python3.10/site-packages/airflow/example_dags/tutorial_objectstorage.py
[2025-05-09T15:51:51.470+0000] {processor.py:840} INFO - DAG(s) 'tutorial_objectstorage' retrieved from /home/airflow/.local/lib/python3.10/site-packages/airflow/example_dags/tutorial_objectstorage.py
[2025-05-09T15:51:51.490+0000] {logging_mixin.py:188} INFO - [2025-05-09T15:51:51.490+0000] {dag.py:3096} INFO - Sync 1 DAGs
[2025-05-09T15:51:51.501+0000] {logging_mixin.py:188} INFO - [2025-05-09T15:51:51.501+0000] {dag.py:3954} INFO - Setting next_dagrun for tutorial_objectstorage to None, run_after=None
[2025-05-09T15:51:51.521+0000] {processor.py:183} INFO - Processing /home/airflow/.local/lib/python3.10/site-packages/airflow/example_dags/tutorial_objectstorage.py took 0.068 seconds
[2025-05-09T15:52:22.185+0000] {processor.py:161} INFO - Started process (PID=8466) to work on /home/airflow/.local/lib/python3.10/site-packages/airflow/example_dags/tutorial_objectstorage.py
[2025-05-09T15:52:22.186+0000] {processor.py:830} INFO - Processing file /home/airflow/.local/lib/python3.10/site-packages/airflow/example_dags/tutorial_objectstorage.py for tasks to queue
[2025-05-09T15:52:22.188+0000] {logging_mixin.py:188} INFO - [2025-05-09T15:52:22.188+0000] {dagbag.py:545} INFO - Filling up the DagBag from /home/airflow/.local/lib/python3.10/site-packages/airflow/example_dags/tutorial_objectstorage.py
[2025-05-09T15:52:22.196+0000] {processor.py:840} INFO - DAG(s) 'tutorial_objectstorage' retrieved from /home/airflow/.local/lib/python3.10/site-packages/airflow/example_dags/tutorial_objectstorage.py
[2025-05-09T15:52:22.217+0000] {logging_mixin.py:188} INFO - [2025-05-09T15:52:22.216+0000] {dag.py:3096} INFO - Sync 1 DAGs
[2025-05-09T15:52:22.228+0000] {logging_mixin.py:188} INFO - [2025-05-09T15:52:22.228+0000] {dag.py:3954} INFO - Setting next_dagrun for tutorial_objectstorage to None, run_after=None
[2025-05-09T15:52:22.250+0000] {processor.py:183} INFO - Processing /home/airflow/.local/lib/python3.10/site-packages/airflow/example_dags/tutorial_objectstorage.py took 0.072 seconds
[2025-05-09T15:52:53.229+0000] {processor.py:161} INFO - Started process (PID=8728) to work on /home/airflow/.local/lib/python3.10/site-packages/airflow/example_dags/tutorial_objectstorage.py
[2025-05-09T15:52:53.231+0000] {processor.py:830} INFO - Processing file /home/airflow/.local/lib/python3.10/site-packages/airflow/example_dags/tutorial_objectstorage.py for tasks to queue
[2025-05-09T15:52:53.234+0000] {logging_mixin.py:188} INFO - [2025-05-09T15:52:53.234+0000] {dagbag.py:545} INFO - Filling up the DagBag from /home/airflow/.local/lib/python3.10/site-packages/airflow/example_dags/tutorial_objectstorage.py
[2025-05-09T15:52:53.246+0000] {processor.py:840} INFO - DAG(s) 'tutorial_objectstorage' retrieved from /home/airflow/.local/lib/python3.10/site-packages/airflow/example_dags/tutorial_objectstorage.py
[2025-05-09T15:52:53.283+0000] {logging_mixin.py:188} INFO - [2025-05-09T15:52:53.282+0000] {dag.py:3096} INFO - Sync 1 DAGs
[2025-05-09T15:52:53.303+0000] {logging_mixin.py:188} INFO - [2025-05-09T15:52:53.303+0000] {dag.py:3954} INFO - Setting next_dagrun for tutorial_objectstorage to None, run_after=None
[2025-05-09T15:52:53.333+0000] {processor.py:183} INFO - Processing /home/airflow/.local/lib/python3.10/site-packages/airflow/example_dags/tutorial_objectstorage.py took 0.112 seconds
[2025-05-09T15:53:23.591+0000] {processor.py:161} INFO - Started process (PID=8997) to work on /home/airflow/.local/lib/python3.10/site-packages/airflow/example_dags/tutorial_objectstorage.py
[2025-05-09T15:53:23.593+0000] {processor.py:830} INFO - Processing file /home/airflow/.local/lib/python3.10/site-packages/airflow/example_dags/tutorial_objectstorage.py for tasks to queue
[2025-05-09T15:53:23.595+0000] {logging_mixin.py:188} INFO - [2025-05-09T15:53:23.594+0000] {dagbag.py:545} INFO - Filling up the DagBag from /home/airflow/.local/lib/python3.10/site-packages/airflow/example_dags/tutorial_objectstorage.py
[2025-05-09T15:53:23.602+0000] {processor.py:840} INFO - DAG(s) 'tutorial_objectstorage' retrieved from /home/airflow/.local/lib/python3.10/site-packages/airflow/example_dags/tutorial_objectstorage.py
[2025-05-09T15:53:23.628+0000] {logging_mixin.py:188} INFO - [2025-05-09T15:53:23.627+0000] {dag.py:3096} INFO - Sync 1 DAGs
[2025-05-09T15:53:23.642+0000] {logging_mixin.py:188} INFO - [2025-05-09T15:53:23.642+0000] {dag.py:3954} INFO - Setting next_dagrun for tutorial_objectstorage to None, run_after=None
[2025-05-09T15:53:23.677+0000] {processor.py:183} INFO - Processing /home/airflow/.local/lib/python3.10/site-packages/airflow/example_dags/tutorial_objectstorage.py took 0.095 seconds
[2025-05-09T15:53:53.907+0000] {processor.py:161} INFO - Started process (PID=9265) to work on /home/airflow/.local/lib/python3.10/site-packages/airflow/example_dags/tutorial_objectstorage.py
[2025-05-09T15:53:53.909+0000] {processor.py:830} INFO - Processing file /home/airflow/.local/lib/python3.10/site-packages/airflow/example_dags/tutorial_objectstorage.py for tasks to queue
[2025-05-09T15:53:53.912+0000] {logging_mixin.py:188} INFO - [2025-05-09T15:53:53.911+0000] {dagbag.py:545} INFO - Filling up the DagBag from /home/airflow/.local/lib/python3.10/site-packages/airflow/example_dags/tutorial_objectstorage.py
[2025-05-09T15:53:53.921+0000] {processor.py:840} INFO - DAG(s) 'tutorial_objectstorage' retrieved from /home/airflow/.local/lib/python3.10/site-packages/airflow/example_dags/tutorial_objectstorage.py
[2025-05-09T15:53:53.958+0000] {logging_mixin.py:188} INFO - [2025-05-09T15:53:53.958+0000] {dag.py:3096} INFO - Sync 1 DAGs
[2025-05-09T15:53:53.985+0000] {logging_mixin.py:188} INFO - [2025-05-09T15:53:53.985+0000] {dag.py:3954} INFO - Setting next_dagrun for tutorial_objectstorage to None, run_after=None
[2025-05-09T15:53:54.025+0000] {processor.py:183} INFO - Processing /home/airflow/.local/lib/python3.10/site-packages/airflow/example_dags/tutorial_objectstorage.py took 0.126 seconds
[2025-05-09T15:54:24.236+0000] {processor.py:161} INFO - Started process (PID=9547) to work on /home/airflow/.local/lib/python3.10/site-packages/airflow/example_dags/tutorial_objectstorage.py
[2025-05-09T15:54:24.238+0000] {processor.py:830} INFO - Processing file /home/airflow/.local/lib/python3.10/site-packages/airflow/example_dags/tutorial_objectstorage.py for tasks to queue
[2025-05-09T15:54:24.240+0000] {logging_mixin.py:188} INFO - [2025-05-09T15:54:24.240+0000] {dagbag.py:545} INFO - Filling up the DagBag from /home/airflow/.local/lib/python3.10/site-packages/airflow/example_dags/tutorial_objectstorage.py
[2025-05-09T15:54:24.248+0000] {processor.py:840} INFO - DAG(s) 'tutorial_objectstorage' retrieved from /home/airflow/.local/lib/python3.10/site-packages/airflow/example_dags/tutorial_objectstorage.py
[2025-05-09T15:54:24.268+0000] {logging_mixin.py:188} INFO - [2025-05-09T15:54:24.268+0000] {dag.py:3096} INFO - Sync 1 DAGs
[2025-05-09T15:54:24.279+0000] {logging_mixin.py:188} INFO - [2025-05-09T15:54:24.278+0000] {dag.py:3954} INFO - Setting next_dagrun for tutorial_objectstorage to None, run_after=None
[2025-05-09T15:54:24.295+0000] {processor.py:183} INFO - Processing /home/airflow/.local/lib/python3.10/site-packages/airflow/example_dags/tutorial_objectstorage.py took 0.066 seconds
[2025-05-09T15:54:54.588+0000] {processor.py:161} INFO - Started process (PID=9809) to work on /home/airflow/.local/lib/python3.10/site-packages/airflow/example_dags/tutorial_objectstorage.py
[2025-05-09T15:54:54.590+0000] {processor.py:830} INFO - Processing file /home/airflow/.local/lib/python3.10/site-packages/airflow/example_dags/tutorial_objectstorage.py for tasks to queue
[2025-05-09T15:54:54.595+0000] {logging_mixin.py:188} INFO - [2025-05-09T15:54:54.594+0000] {dagbag.py:545} INFO - Filling up the DagBag from /home/airflow/.local/lib/python3.10/site-packages/airflow/example_dags/tutorial_objectstorage.py
[2025-05-09T15:54:54.606+0000] {processor.py:840} INFO - DAG(s) 'tutorial_objectstorage' retrieved from /home/airflow/.local/lib/python3.10/site-packages/airflow/example_dags/tutorial_objectstorage.py
[2025-05-09T15:54:54.640+0000] {logging_mixin.py:188} INFO - [2025-05-09T15:54:54.639+0000] {dag.py:3096} INFO - Sync 1 DAGs
[2025-05-09T15:54:54.663+0000] {logging_mixin.py:188} INFO - [2025-05-09T15:54:54.662+0000] {dag.py:3954} INFO - Setting next_dagrun for tutorial_objectstorage to None, run_after=None
[2025-05-09T15:54:54.707+0000] {processor.py:183} INFO - Processing /home/airflow/.local/lib/python3.10/site-packages/airflow/example_dags/tutorial_objectstorage.py took 0.125 seconds
[2025-05-09T15:55:24.869+0000] {processor.py:161} INFO - Started process (PID=10080) to work on /home/airflow/.local/lib/python3.10/site-packages/airflow/example_dags/tutorial_objectstorage.py
[2025-05-09T15:55:24.870+0000] {processor.py:830} INFO - Processing file /home/airflow/.local/lib/python3.10/site-packages/airflow/example_dags/tutorial_objectstorage.py for tasks to queue
[2025-05-09T15:55:24.872+0000] {logging_mixin.py:188} INFO - [2025-05-09T15:55:24.872+0000] {dagbag.py:545} INFO - Filling up the DagBag from /home/airflow/.local/lib/python3.10/site-packages/airflow/example_dags/tutorial_objectstorage.py
[2025-05-09T15:55:24.879+0000] {processor.py:840} INFO - DAG(s) 'tutorial_objectstorage' retrieved from /home/airflow/.local/lib/python3.10/site-packages/airflow/example_dags/tutorial_objectstorage.py
[2025-05-09T15:55:24.900+0000] {logging_mixin.py:188} INFO - [2025-05-09T15:55:24.899+0000] {dag.py:3096} INFO - Sync 1 DAGs
[2025-05-09T15:55:24.911+0000] {logging_mixin.py:188} INFO - [2025-05-09T15:55:24.911+0000] {dag.py:3954} INFO - Setting next_dagrun for tutorial_objectstorage to None, run_after=None
[2025-05-09T15:55:24.931+0000] {processor.py:183} INFO - Processing /home/airflow/.local/lib/python3.10/site-packages/airflow/example_dags/tutorial_objectstorage.py took 0.068 seconds
[2025-05-09T15:55:55.237+0000] {processor.py:161} INFO - Started process (PID=10342) to work on /home/airflow/.local/lib/python3.10/site-packages/airflow/example_dags/tutorial_objectstorage.py
[2025-05-09T15:55:55.239+0000] {processor.py:830} INFO - Processing file /home/airflow/.local/lib/python3.10/site-packages/airflow/example_dags/tutorial_objectstorage.py for tasks to queue
[2025-05-09T15:55:55.245+0000] {logging_mixin.py:188} INFO - [2025-05-09T15:55:55.242+0000] {dagbag.py:545} INFO - Filling up the DagBag from /home/airflow/.local/lib/python3.10/site-packages/airflow/example_dags/tutorial_objectstorage.py
[2025-05-09T15:55:55.260+0000] {processor.py:840} INFO - DAG(s) 'tutorial_objectstorage' retrieved from /home/airflow/.local/lib/python3.10/site-packages/airflow/example_dags/tutorial_objectstorage.py
[2025-05-09T15:55:55.299+0000] {logging_mixin.py:188} INFO - [2025-05-09T15:55:55.298+0000] {dag.py:3096} INFO - Sync 1 DAGs
[2025-05-09T15:55:55.322+0000] {logging_mixin.py:188} INFO - [2025-05-09T15:55:55.322+0000] {dag.py:3954} INFO - Setting next_dagrun for tutorial_objectstorage to None, run_after=None
[2025-05-09T15:55:55.355+0000] {processor.py:183} INFO - Processing /home/airflow/.local/lib/python3.10/site-packages/airflow/example_dags/tutorial_objectstorage.py took 0.126 seconds
[2025-05-09T15:56:25.607+0000] {processor.py:161} INFO - Started process (PID=10613) to work on /home/airflow/.local/lib/python3.10/site-packages/airflow/example_dags/tutorial_objectstorage.py
[2025-05-09T15:56:25.608+0000] {processor.py:830} INFO - Processing file /home/airflow/.local/lib/python3.10/site-packages/airflow/example_dags/tutorial_objectstorage.py for tasks to queue
[2025-05-09T15:56:25.611+0000] {logging_mixin.py:188} INFO - [2025-05-09T15:56:25.610+0000] {dagbag.py:545} INFO - Filling up the DagBag from /home/airflow/.local/lib/python3.10/site-packages/airflow/example_dags/tutorial_objectstorage.py
[2025-05-09T15:56:25.618+0000] {processor.py:840} INFO - DAG(s) 'tutorial_objectstorage' retrieved from /home/airflow/.local/lib/python3.10/site-packages/airflow/example_dags/tutorial_objectstorage.py
[2025-05-09T15:56:25.643+0000] {logging_mixin.py:188} INFO - [2025-05-09T15:56:25.642+0000] {dag.py:3096} INFO - Sync 1 DAGs
[2025-05-09T15:56:25.655+0000] {logging_mixin.py:188} INFO - [2025-05-09T15:56:25.654+0000] {dag.py:3954} INFO - Setting next_dagrun for tutorial_objectstorage to None, run_after=None
[2025-05-09T15:56:25.679+0000] {processor.py:183} INFO - Processing /home/airflow/.local/lib/python3.10/site-packages/airflow/example_dags/tutorial_objectstorage.py took 0.078 seconds
[2025-05-09T15:56:55.796+0000] {processor.py:161} INFO - Started process (PID=10875) to work on /home/airflow/.local/lib/python3.10/site-packages/airflow/example_dags/tutorial_objectstorage.py
[2025-05-09T15:56:55.797+0000] {processor.py:830} INFO - Processing file /home/airflow/.local/lib/python3.10/site-packages/airflow/example_dags/tutorial_objectstorage.py for tasks to queue
[2025-05-09T15:56:55.800+0000] {logging_mixin.py:188} INFO - [2025-05-09T15:56:55.800+0000] {dagbag.py:545} INFO - Filling up the DagBag from /home/airflow/.local/lib/python3.10/site-packages/airflow/example_dags/tutorial_objectstorage.py
[2025-05-09T15:56:55.807+0000] {processor.py:840} INFO - DAG(s) 'tutorial_objectstorage' retrieved from /home/airflow/.local/lib/python3.10/site-packages/airflow/example_dags/tutorial_objectstorage.py
[2025-05-09T15:56:55.833+0000] {logging_mixin.py:188} INFO - [2025-05-09T15:56:55.833+0000] {dag.py:3096} INFO - Sync 1 DAGs
[2025-05-09T15:56:55.846+0000] {logging_mixin.py:188} INFO - [2025-05-09T15:56:55.845+0000] {dag.py:3954} INFO - Setting next_dagrun for tutorial_objectstorage to None, run_after=None
[2025-05-09T15:56:55.868+0000] {processor.py:183} INFO - Processing /home/airflow/.local/lib/python3.10/site-packages/airflow/example_dags/tutorial_objectstorage.py took 0.078 seconds
[2025-05-09T15:57:25.960+0000] {processor.py:161} INFO - Started process (PID=11146) to work on /home/airflow/.local/lib/python3.10/site-packages/airflow/example_dags/tutorial_objectstorage.py
[2025-05-09T15:57:25.961+0000] {processor.py:830} INFO - Processing file /home/airflow/.local/lib/python3.10/site-packages/airflow/example_dags/tutorial_objectstorage.py for tasks to queue
[2025-05-09T15:57:25.964+0000] {logging_mixin.py:188} INFO - [2025-05-09T15:57:25.964+0000] {dagbag.py:545} INFO - Filling up the DagBag from /home/airflow/.local/lib/python3.10/site-packages/airflow/example_dags/tutorial_objectstorage.py
[2025-05-09T15:57:25.971+0000] {processor.py:840} INFO - DAG(s) 'tutorial_objectstorage' retrieved from /home/airflow/.local/lib/python3.10/site-packages/airflow/example_dags/tutorial_objectstorage.py
[2025-05-09T15:57:25.994+0000] {logging_mixin.py:188} INFO - [2025-05-09T15:57:25.993+0000] {dag.py:3096} INFO - Sync 1 DAGs
[2025-05-09T15:57:26.005+0000] {logging_mixin.py:188} INFO - [2025-05-09T15:57:26.005+0000] {dag.py:3954} INFO - Setting next_dagrun for tutorial_objectstorage to None, run_after=None
[2025-05-09T15:57:26.028+0000] {processor.py:183} INFO - Processing /home/airflow/.local/lib/python3.10/site-packages/airflow/example_dags/tutorial_objectstorage.py took 0.075 seconds
[2025-05-09T15:57:56.864+0000] {processor.py:161} INFO - Started process (PID=11408) to work on /home/airflow/.local/lib/python3.10/site-packages/airflow/example_dags/tutorial_objectstorage.py
[2025-05-09T15:57:56.866+0000] {processor.py:830} INFO - Processing file /home/airflow/.local/lib/python3.10/site-packages/airflow/example_dags/tutorial_objectstorage.py for tasks to queue
[2025-05-09T15:57:56.868+0000] {logging_mixin.py:188} INFO - [2025-05-09T15:57:56.868+0000] {dagbag.py:545} INFO - Filling up the DagBag from /home/airflow/.local/lib/python3.10/site-packages/airflow/example_dags/tutorial_objectstorage.py
[2025-05-09T15:57:56.876+0000] {processor.py:840} INFO - DAG(s) 'tutorial_objectstorage' retrieved from /home/airflow/.local/lib/python3.10/site-packages/airflow/example_dags/tutorial_objectstorage.py
[2025-05-09T15:57:56.896+0000] {logging_mixin.py:188} INFO - [2025-05-09T15:57:56.896+0000] {dag.py:3096} INFO - Sync 1 DAGs
[2025-05-09T15:57:56.910+0000] {logging_mixin.py:188} INFO - [2025-05-09T15:57:56.909+0000] {dag.py:3954} INFO - Setting next_dagrun for tutorial_objectstorage to None, run_after=None
[2025-05-09T15:57:56.933+0000] {processor.py:183} INFO - Processing /home/airflow/.local/lib/python3.10/site-packages/airflow/example_dags/tutorial_objectstorage.py took 0.075 seconds
[2025-05-09T15:58:27.129+0000] {processor.py:161} INFO - Started process (PID=11679) to work on /home/airflow/.local/lib/python3.10/site-packages/airflow/example_dags/tutorial_objectstorage.py
[2025-05-09T15:58:27.131+0000] {processor.py:830} INFO - Processing file /home/airflow/.local/lib/python3.10/site-packages/airflow/example_dags/tutorial_objectstorage.py for tasks to queue
[2025-05-09T15:58:27.134+0000] {logging_mixin.py:188} INFO - [2025-05-09T15:58:27.134+0000] {dagbag.py:545} INFO - Filling up the DagBag from /home/airflow/.local/lib/python3.10/site-packages/airflow/example_dags/tutorial_objectstorage.py
[2025-05-09T15:58:27.144+0000] {processor.py:840} INFO - DAG(s) 'tutorial_objectstorage' retrieved from /home/airflow/.local/lib/python3.10/site-packages/airflow/example_dags/tutorial_objectstorage.py
[2025-05-09T15:58:27.172+0000] {logging_mixin.py:188} INFO - [2025-05-09T15:58:27.172+0000] {dag.py:3096} INFO - Sync 1 DAGs
[2025-05-09T15:58:27.190+0000] {logging_mixin.py:188} INFO - [2025-05-09T15:58:27.189+0000] {dag.py:3954} INFO - Setting next_dagrun for tutorial_objectstorage to None, run_after=None
[2025-05-09T15:58:27.218+0000] {processor.py:183} INFO - Processing /home/airflow/.local/lib/python3.10/site-packages/airflow/example_dags/tutorial_objectstorage.py took 0.096 seconds
[2025-05-09T15:58:57.612+0000] {processor.py:161} INFO - Started process (PID=11939) to work on /home/airflow/.local/lib/python3.10/site-packages/airflow/example_dags/tutorial_objectstorage.py
[2025-05-09T15:58:57.616+0000] {processor.py:830} INFO - Processing file /home/airflow/.local/lib/python3.10/site-packages/airflow/example_dags/tutorial_objectstorage.py for tasks to queue
[2025-05-09T15:58:57.619+0000] {logging_mixin.py:188} INFO - [2025-05-09T15:58:57.618+0000] {dagbag.py:545} INFO - Filling up the DagBag from /home/airflow/.local/lib/python3.10/site-packages/airflow/example_dags/tutorial_objectstorage.py
[2025-05-09T15:58:57.627+0000] {processor.py:840} INFO - DAG(s) 'tutorial_objectstorage' retrieved from /home/airflow/.local/lib/python3.10/site-packages/airflow/example_dags/tutorial_objectstorage.py
[2025-05-09T15:58:57.656+0000] {logging_mixin.py:188} INFO - [2025-05-09T15:58:57.655+0000] {dag.py:3096} INFO - Sync 1 DAGs
[2025-05-09T15:58:57.672+0000] {logging_mixin.py:188} INFO - [2025-05-09T15:58:57.672+0000] {dag.py:3954} INFO - Setting next_dagrun for tutorial_objectstorage to None, run_after=None
[2025-05-09T15:58:57.704+0000] {processor.py:183} INFO - Processing /home/airflow/.local/lib/python3.10/site-packages/airflow/example_dags/tutorial_objectstorage.py took 0.100 seconds
[2025-05-09T15:59:28.846+0000] {processor.py:161} INFO - Started process (PID=12212) to work on /home/airflow/.local/lib/python3.10/site-packages/airflow/example_dags/tutorial_objectstorage.py
[2025-05-09T15:59:28.848+0000] {processor.py:830} INFO - Processing file /home/airflow/.local/lib/python3.10/site-packages/airflow/example_dags/tutorial_objectstorage.py for tasks to queue
[2025-05-09T15:59:28.851+0000] {logging_mixin.py:188} INFO - [2025-05-09T15:59:28.850+0000] {dagbag.py:545} INFO - Filling up the DagBag from /home/airflow/.local/lib/python3.10/site-packages/airflow/example_dags/tutorial_objectstorage.py
[2025-05-09T15:59:28.858+0000] {processor.py:840} INFO - DAG(s) 'tutorial_objectstorage' retrieved from /home/airflow/.local/lib/python3.10/site-packages/airflow/example_dags/tutorial_objectstorage.py
[2025-05-09T15:59:28.880+0000] {logging_mixin.py:188} INFO - [2025-05-09T15:59:28.880+0000] {dag.py:3096} INFO - Sync 1 DAGs
[2025-05-09T15:59:28.895+0000] {logging_mixin.py:188} INFO - [2025-05-09T15:59:28.895+0000] {dag.py:3954} INFO - Setting next_dagrun for tutorial_objectstorage to None, run_after=None
[2025-05-09T15:59:28.923+0000] {processor.py:183} INFO - Processing /home/airflow/.local/lib/python3.10/site-packages/airflow/example_dags/tutorial_objectstorage.py took 0.085 seconds
[2025-05-09T15:59:59.188+0000] {processor.py:161} INFO - Started process (PID=12489) to work on /home/airflow/.local/lib/python3.10/site-packages/airflow/example_dags/tutorial_objectstorage.py
[2025-05-09T15:59:59.189+0000] {processor.py:830} INFO - Processing file /home/airflow/.local/lib/python3.10/site-packages/airflow/example_dags/tutorial_objectstorage.py for tasks to queue
[2025-05-09T15:59:59.192+0000] {logging_mixin.py:188} INFO - [2025-05-09T15:59:59.192+0000] {dagbag.py:545} INFO - Filling up the DagBag from /home/airflow/.local/lib/python3.10/site-packages/airflow/example_dags/tutorial_objectstorage.py
[2025-05-09T15:59:59.201+0000] {processor.py:840} INFO - DAG(s) 'tutorial_objectstorage' retrieved from /home/airflow/.local/lib/python3.10/site-packages/airflow/example_dags/tutorial_objectstorage.py
[2025-05-09T15:59:59.224+0000] {logging_mixin.py:188} INFO - [2025-05-09T15:59:59.223+0000] {dag.py:3096} INFO - Sync 1 DAGs
[2025-05-09T15:59:59.236+0000] {logging_mixin.py:188} INFO - [2025-05-09T15:59:59.236+0000] {dag.py:3954} INFO - Setting next_dagrun for tutorial_objectstorage to None, run_after=None
[2025-05-09T15:59:59.263+0000] {processor.py:183} INFO - Processing /home/airflow/.local/lib/python3.10/site-packages/airflow/example_dags/tutorial_objectstorage.py took 0.082 seconds
[2025-05-09T16:00:29.555+0000] {processor.py:161} INFO - Started process (PID=12788) to work on /home/airflow/.local/lib/python3.10/site-packages/airflow/example_dags/tutorial_objectstorage.py
[2025-05-09T16:00:29.556+0000] {processor.py:830} INFO - Processing file /home/airflow/.local/lib/python3.10/site-packages/airflow/example_dags/tutorial_objectstorage.py for tasks to queue
[2025-05-09T16:00:29.558+0000] {logging_mixin.py:188} INFO - [2025-05-09T16:00:29.557+0000] {dagbag.py:545} INFO - Filling up the DagBag from /home/airflow/.local/lib/python3.10/site-packages/airflow/example_dags/tutorial_objectstorage.py
[2025-05-09T16:00:29.564+0000] {processor.py:840} INFO - DAG(s) 'tutorial_objectstorage' retrieved from /home/airflow/.local/lib/python3.10/site-packages/airflow/example_dags/tutorial_objectstorage.py
[2025-05-09T16:00:29.582+0000] {logging_mixin.py:188} INFO - [2025-05-09T16:00:29.582+0000] {dag.py:3096} INFO - Sync 1 DAGs
[2025-05-09T16:00:29.593+0000] {logging_mixin.py:188} INFO - [2025-05-09T16:00:29.593+0000] {dag.py:3954} INFO - Setting next_dagrun for tutorial_objectstorage to None, run_after=None
[2025-05-09T16:00:29.613+0000] {processor.py:183} INFO - Processing /home/airflow/.local/lib/python3.10/site-packages/airflow/example_dags/tutorial_objectstorage.py took 0.065 seconds
[2025-05-09T16:01:00.310+0000] {processor.py:161} INFO - Started process (PID=13065) to work on /home/airflow/.local/lib/python3.10/site-packages/airflow/example_dags/tutorial_objectstorage.py
[2025-05-09T16:01:00.311+0000] {processor.py:830} INFO - Processing file /home/airflow/.local/lib/python3.10/site-packages/airflow/example_dags/tutorial_objectstorage.py for tasks to queue
[2025-05-09T16:01:00.312+0000] {logging_mixin.py:188} INFO - [2025-05-09T16:01:00.312+0000] {dagbag.py:545} INFO - Filling up the DagBag from /home/airflow/.local/lib/python3.10/site-packages/airflow/example_dags/tutorial_objectstorage.py
[2025-05-09T16:01:00.320+0000] {processor.py:840} INFO - DAG(s) 'tutorial_objectstorage' retrieved from /home/airflow/.local/lib/python3.10/site-packages/airflow/example_dags/tutorial_objectstorage.py
[2025-05-09T16:01:00.340+0000] {logging_mixin.py:188} INFO - [2025-05-09T16:01:00.340+0000] {dag.py:3096} INFO - Sync 1 DAGs
[2025-05-09T16:01:00.353+0000] {logging_mixin.py:188} INFO - [2025-05-09T16:01:00.353+0000] {dag.py:3954} INFO - Setting next_dagrun for tutorial_objectstorage to None, run_after=None
[2025-05-09T16:01:00.374+0000] {processor.py:183} INFO - Processing /home/airflow/.local/lib/python3.10/site-packages/airflow/example_dags/tutorial_objectstorage.py took 0.070 seconds
[2025-05-09T16:01:30.972+0000] {processor.py:161} INFO - Started process (PID=13350) to work on /home/airflow/.local/lib/python3.10/site-packages/airflow/example_dags/tutorial_objectstorage.py
[2025-05-09T16:01:30.974+0000] {processor.py:830} INFO - Processing file /home/airflow/.local/lib/python3.10/site-packages/airflow/example_dags/tutorial_objectstorage.py for tasks to queue
[2025-05-09T16:01:30.977+0000] {logging_mixin.py:188} INFO - [2025-05-09T16:01:30.976+0000] {dagbag.py:545} INFO - Filling up the DagBag from /home/airflow/.local/lib/python3.10/site-packages/airflow/example_dags/tutorial_objectstorage.py
[2025-05-09T16:01:30.986+0000] {processor.py:840} INFO - DAG(s) 'tutorial_objectstorage' retrieved from /home/airflow/.local/lib/python3.10/site-packages/airflow/example_dags/tutorial_objectstorage.py
[2025-05-09T16:01:31.013+0000] {logging_mixin.py:188} INFO - [2025-05-09T16:01:31.012+0000] {dag.py:3096} INFO - Sync 1 DAGs
[2025-05-09T16:01:31.025+0000] {logging_mixin.py:188} INFO - [2025-05-09T16:01:31.025+0000] {dag.py:3954} INFO - Setting next_dagrun for tutorial_objectstorage to None, run_after=None
[2025-05-09T16:01:31.052+0000] {processor.py:183} INFO - Processing /home/airflow/.local/lib/python3.10/site-packages/airflow/example_dags/tutorial_objectstorage.py took 0.087 seconds
[2025-05-09T16:02:01.639+0000] {processor.py:161} INFO - Started process (PID=13658) to work on /home/airflow/.local/lib/python3.10/site-packages/airflow/example_dags/tutorial_objectstorage.py
[2025-05-09T16:02:01.640+0000] {processor.py:830} INFO - Processing file /home/airflow/.local/lib/python3.10/site-packages/airflow/example_dags/tutorial_objectstorage.py for tasks to queue
[2025-05-09T16:02:01.642+0000] {logging_mixin.py:188} INFO - [2025-05-09T16:02:01.642+0000] {dagbag.py:545} INFO - Filling up the DagBag from /home/airflow/.local/lib/python3.10/site-packages/airflow/example_dags/tutorial_objectstorage.py
[2025-05-09T16:02:01.649+0000] {processor.py:840} INFO - DAG(s) 'tutorial_objectstorage' retrieved from /home/airflow/.local/lib/python3.10/site-packages/airflow/example_dags/tutorial_objectstorage.py
[2025-05-09T16:02:01.670+0000] {logging_mixin.py:188} INFO - [2025-05-09T16:02:01.670+0000] {dag.py:3096} INFO - Sync 1 DAGs
[2025-05-09T16:02:01.684+0000] {logging_mixin.py:188} INFO - [2025-05-09T16:02:01.684+0000] {dag.py:3954} INFO - Setting next_dagrun for tutorial_objectstorage to None, run_after=None
[2025-05-09T16:02:01.708+0000] {processor.py:183} INFO - Processing /home/airflow/.local/lib/python3.10/site-packages/airflow/example_dags/tutorial_objectstorage.py took 0.076 seconds
[2025-05-09T16:02:31.970+0000] {processor.py:161} INFO - Started process (PID=13936) to work on /home/airflow/.local/lib/python3.10/site-packages/airflow/example_dags/tutorial_objectstorage.py
[2025-05-09T16:02:31.971+0000] {processor.py:830} INFO - Processing file /home/airflow/.local/lib/python3.10/site-packages/airflow/example_dags/tutorial_objectstorage.py for tasks to queue
[2025-05-09T16:02:31.973+0000] {logging_mixin.py:188} INFO - [2025-05-09T16:02:31.973+0000] {dagbag.py:545} INFO - Filling up the DagBag from /home/airflow/.local/lib/python3.10/site-packages/airflow/example_dags/tutorial_objectstorage.py
[2025-05-09T16:02:31.980+0000] {processor.py:840} INFO - DAG(s) 'tutorial_objectstorage' retrieved from /home/airflow/.local/lib/python3.10/site-packages/airflow/example_dags/tutorial_objectstorage.py
[2025-05-09T16:02:32.000+0000] {logging_mixin.py:188} INFO - [2025-05-09T16:02:32.000+0000] {dag.py:3096} INFO - Sync 1 DAGs
[2025-05-09T16:02:32.010+0000] {logging_mixin.py:188} INFO - [2025-05-09T16:02:32.009+0000] {dag.py:3954} INFO - Setting next_dagrun for tutorial_objectstorage to None, run_after=None
[2025-05-09T16:02:32.033+0000] {processor.py:183} INFO - Processing /home/airflow/.local/lib/python3.10/site-packages/airflow/example_dags/tutorial_objectstorage.py took 0.068 seconds
[2025-05-09T16:03:02.462+0000] {processor.py:161} INFO - Started process (PID=14237) to work on /home/airflow/.local/lib/python3.10/site-packages/airflow/example_dags/tutorial_objectstorage.py
[2025-05-09T16:03:02.464+0000] {processor.py:830} INFO - Processing file /home/airflow/.local/lib/python3.10/site-packages/airflow/example_dags/tutorial_objectstorage.py for tasks to queue
[2025-05-09T16:03:02.465+0000] {logging_mixin.py:188} INFO - [2025-05-09T16:03:02.465+0000] {dagbag.py:545} INFO - Filling up the DagBag from /home/airflow/.local/lib/python3.10/site-packages/airflow/example_dags/tutorial_objectstorage.py
[2025-05-09T16:03:02.475+0000] {processor.py:840} INFO - DAG(s) 'tutorial_objectstorage' retrieved from /home/airflow/.local/lib/python3.10/site-packages/airflow/example_dags/tutorial_objectstorage.py
[2025-05-09T16:03:02.498+0000] {logging_mixin.py:188} INFO - [2025-05-09T16:03:02.498+0000] {dag.py:3096} INFO - Sync 1 DAGs
[2025-05-09T16:03:02.510+0000] {logging_mixin.py:188} INFO - [2025-05-09T16:03:02.510+0000] {dag.py:3954} INFO - Setting next_dagrun for tutorial_objectstorage to None, run_after=None
[2025-05-09T16:03:02.534+0000] {processor.py:183} INFO - Processing /home/airflow/.local/lib/python3.10/site-packages/airflow/example_dags/tutorial_objectstorage.py took 0.077 seconds
[2025-05-09T16:03:33.592+0000] {processor.py:161} INFO - Started process (PID=14517) to work on /home/airflow/.local/lib/python3.10/site-packages/airflow/example_dags/tutorial_objectstorage.py
[2025-05-09T16:03:33.593+0000] {processor.py:830} INFO - Processing file /home/airflow/.local/lib/python3.10/site-packages/airflow/example_dags/tutorial_objectstorage.py for tasks to queue
[2025-05-09T16:03:33.595+0000] {logging_mixin.py:188} INFO - [2025-05-09T16:03:33.594+0000] {dagbag.py:545} INFO - Filling up the DagBag from /home/airflow/.local/lib/python3.10/site-packages/airflow/example_dags/tutorial_objectstorage.py
[2025-05-09T16:03:33.608+0000] {processor.py:840} INFO - DAG(s) 'tutorial_objectstorage' retrieved from /home/airflow/.local/lib/python3.10/site-packages/airflow/example_dags/tutorial_objectstorage.py
[2025-05-09T16:03:33.635+0000] {logging_mixin.py:188} INFO - [2025-05-09T16:03:33.635+0000] {dag.py:3096} INFO - Sync 1 DAGs
[2025-05-09T16:03:33.650+0000] {logging_mixin.py:188} INFO - [2025-05-09T16:03:33.650+0000] {dag.py:3954} INFO - Setting next_dagrun for tutorial_objectstorage to None, run_after=None
[2025-05-09T16:03:33.676+0000] {processor.py:183} INFO - Processing /home/airflow/.local/lib/python3.10/site-packages/airflow/example_dags/tutorial_objectstorage.py took 0.092 seconds
[2025-05-09T16:04:04.269+0000] {processor.py:161} INFO - Started process (PID=14781) to work on /home/airflow/.local/lib/python3.10/site-packages/airflow/example_dags/tutorial_objectstorage.py
[2025-05-09T16:04:04.272+0000] {processor.py:830} INFO - Processing file /home/airflow/.local/lib/python3.10/site-packages/airflow/example_dags/tutorial_objectstorage.py for tasks to queue
[2025-05-09T16:04:04.275+0000] {logging_mixin.py:188} INFO - [2025-05-09T16:04:04.275+0000] {dagbag.py:545} INFO - Filling up the DagBag from /home/airflow/.local/lib/python3.10/site-packages/airflow/example_dags/tutorial_objectstorage.py
[2025-05-09T16:04:04.284+0000] {processor.py:840} INFO - DAG(s) 'tutorial_objectstorage' retrieved from /home/airflow/.local/lib/python3.10/site-packages/airflow/example_dags/tutorial_objectstorage.py
[2025-05-09T16:04:04.316+0000] {logging_mixin.py:188} INFO - [2025-05-09T16:04:04.316+0000] {dag.py:3096} INFO - Sync 1 DAGs
[2025-05-09T16:04:04.334+0000] {logging_mixin.py:188} INFO - [2025-05-09T16:04:04.333+0000] {dag.py:3954} INFO - Setting next_dagrun for tutorial_objectstorage to None, run_after=None
[2025-05-09T16:04:04.369+0000] {processor.py:183} INFO - Processing /home/airflow/.local/lib/python3.10/site-packages/airflow/example_dags/tutorial_objectstorage.py took 0.109 seconds
[2025-05-09T16:05:16.123+0000] {processor.py:161} INFO - Started process (PID=224) to work on /home/airflow/.local/lib/python3.10/site-packages/airflow/example_dags/tutorial_objectstorage.py
[2025-05-09T16:05:16.125+0000] {processor.py:830} INFO - Processing file /home/airflow/.local/lib/python3.10/site-packages/airflow/example_dags/tutorial_objectstorage.py for tasks to queue
[2025-05-09T16:05:16.128+0000] {logging_mixin.py:188} INFO - [2025-05-09T16:05:16.128+0000] {dagbag.py:545} INFO - Filling up the DagBag from /home/airflow/.local/lib/python3.10/site-packages/airflow/example_dags/tutorial_objectstorage.py
[2025-05-09T16:05:16.136+0000] {processor.py:840} INFO - DAG(s) 'tutorial_objectstorage' retrieved from /home/airflow/.local/lib/python3.10/site-packages/airflow/example_dags/tutorial_objectstorage.py
[2025-05-09T16:05:16.157+0000] {logging_mixin.py:188} INFO - [2025-05-09T16:05:16.157+0000] {dag.py:3096} INFO - Sync 1 DAGs
[2025-05-09T16:05:16.174+0000] {logging_mixin.py:188} INFO - [2025-05-09T16:05:16.174+0000] {dag.py:3954} INFO - Setting next_dagrun for tutorial_objectstorage to None, run_after=None
[2025-05-09T16:05:16.205+0000] {processor.py:183} INFO - Processing /home/airflow/.local/lib/python3.10/site-packages/airflow/example_dags/tutorial_objectstorage.py took 0.090 seconds
[2025-05-09T16:05:46.578+0000] {processor.py:161} INFO - Started process (PID=484) to work on /home/airflow/.local/lib/python3.10/site-packages/airflow/example_dags/tutorial_objectstorage.py
[2025-05-09T16:05:46.580+0000] {processor.py:830} INFO - Processing file /home/airflow/.local/lib/python3.10/site-packages/airflow/example_dags/tutorial_objectstorage.py for tasks to queue
[2025-05-09T16:05:46.583+0000] {logging_mixin.py:188} INFO - [2025-05-09T16:05:46.582+0000] {dagbag.py:545} INFO - Filling up the DagBag from /home/airflow/.local/lib/python3.10/site-packages/airflow/example_dags/tutorial_objectstorage.py
[2025-05-09T16:05:46.595+0000] {processor.py:840} INFO - DAG(s) 'tutorial_objectstorage' retrieved from /home/airflow/.local/lib/python3.10/site-packages/airflow/example_dags/tutorial_objectstorage.py
[2025-05-09T16:05:46.692+0000] {logging_mixin.py:188} INFO - [2025-05-09T16:05:46.692+0000] {dag.py:3096} INFO - Sync 1 DAGs
[2025-05-09T16:05:46.702+0000] {logging_mixin.py:188} INFO - [2025-05-09T16:05:46.702+0000] {dag.py:3954} INFO - Setting next_dagrun for tutorial_objectstorage to None, run_after=None
[2025-05-09T16:05:46.729+0000] {processor.py:183} INFO - Processing /home/airflow/.local/lib/python3.10/site-packages/airflow/example_dags/tutorial_objectstorage.py took 0.157 seconds
[2025-05-09T16:06:17.133+0000] {processor.py:161} INFO - Started process (PID=746) to work on /home/airflow/.local/lib/python3.10/site-packages/airflow/example_dags/tutorial_objectstorage.py
[2025-05-09T16:06:17.135+0000] {processor.py:830} INFO - Processing file /home/airflow/.local/lib/python3.10/site-packages/airflow/example_dags/tutorial_objectstorage.py for tasks to queue
[2025-05-09T16:06:17.139+0000] {logging_mixin.py:188} INFO - [2025-05-09T16:06:17.138+0000] {dagbag.py:545} INFO - Filling up the DagBag from /home/airflow/.local/lib/python3.10/site-packages/airflow/example_dags/tutorial_objectstorage.py
[2025-05-09T16:06:17.148+0000] {processor.py:840} INFO - DAG(s) 'tutorial_objectstorage' retrieved from /home/airflow/.local/lib/python3.10/site-packages/airflow/example_dags/tutorial_objectstorage.py
[2025-05-09T16:06:17.172+0000] {logging_mixin.py:188} INFO - [2025-05-09T16:06:17.172+0000] {dag.py:3096} INFO - Sync 1 DAGs
[2025-05-09T16:06:17.185+0000] {logging_mixin.py:188} INFO - [2025-05-09T16:06:17.185+0000] {dag.py:3954} INFO - Setting next_dagrun for tutorial_objectstorage to None, run_after=None
[2025-05-09T16:06:17.208+0000] {processor.py:183} INFO - Processing /home/airflow/.local/lib/python3.10/site-packages/airflow/example_dags/tutorial_objectstorage.py took 0.083 seconds
[2025-05-09T16:06:47.613+0000] {processor.py:161} INFO - Started process (PID=1008) to work on /home/airflow/.local/lib/python3.10/site-packages/airflow/example_dags/tutorial_objectstorage.py
[2025-05-09T16:06:47.614+0000] {processor.py:830} INFO - Processing file /home/airflow/.local/lib/python3.10/site-packages/airflow/example_dags/tutorial_objectstorage.py for tasks to queue
[2025-05-09T16:06:47.618+0000] {logging_mixin.py:188} INFO - [2025-05-09T16:06:47.617+0000] {dagbag.py:545} INFO - Filling up the DagBag from /home/airflow/.local/lib/python3.10/site-packages/airflow/example_dags/tutorial_objectstorage.py
[2025-05-09T16:06:47.629+0000] {processor.py:840} INFO - DAG(s) 'tutorial_objectstorage' retrieved from /home/airflow/.local/lib/python3.10/site-packages/airflow/example_dags/tutorial_objectstorage.py
[2025-05-09T16:06:47.659+0000] {logging_mixin.py:188} INFO - [2025-05-09T16:06:47.658+0000] {dag.py:3096} INFO - Sync 1 DAGs
[2025-05-09T16:06:47.674+0000] {logging_mixin.py:188} INFO - [2025-05-09T16:06:47.673+0000] {dag.py:3954} INFO - Setting next_dagrun for tutorial_objectstorage to None, run_after=None
[2025-05-09T16:06:47.703+0000] {processor.py:183} INFO - Processing /home/airflow/.local/lib/python3.10/site-packages/airflow/example_dags/tutorial_objectstorage.py took 0.097 seconds
[2025-05-09T16:07:18.797+0000] {processor.py:161} INFO - Started process (PID=1305) to work on /home/airflow/.local/lib/python3.10/site-packages/airflow/example_dags/tutorial_objectstorage.py
[2025-05-09T16:07:18.800+0000] {processor.py:830} INFO - Processing file /home/airflow/.local/lib/python3.10/site-packages/airflow/example_dags/tutorial_objectstorage.py for tasks to queue
[2025-05-09T16:07:18.804+0000] {logging_mixin.py:188} INFO - [2025-05-09T16:07:18.803+0000] {dagbag.py:545} INFO - Filling up the DagBag from /home/airflow/.local/lib/python3.10/site-packages/airflow/example_dags/tutorial_objectstorage.py
[2025-05-09T16:07:18.825+0000] {processor.py:840} INFO - DAG(s) 'tutorial_objectstorage' retrieved from /home/airflow/.local/lib/python3.10/site-packages/airflow/example_dags/tutorial_objectstorage.py
[2025-05-09T16:07:18.862+0000] {logging_mixin.py:188} INFO - [2025-05-09T16:07:18.862+0000] {dag.py:3096} INFO - Sync 1 DAGs
[2025-05-09T16:07:18.887+0000] {logging_mixin.py:188} INFO - [2025-05-09T16:07:18.887+0000] {dag.py:3954} INFO - Setting next_dagrun for tutorial_objectstorage to None, run_after=None
[2025-05-09T16:07:18.922+0000] {processor.py:183} INFO - Processing /home/airflow/.local/lib/python3.10/site-packages/airflow/example_dags/tutorial_objectstorage.py took 0.141 seconds
[2025-05-09T16:07:49.667+0000] {processor.py:161} INFO - Started process (PID=1570) to work on /home/airflow/.local/lib/python3.10/site-packages/airflow/example_dags/tutorial_objectstorage.py
[2025-05-09T16:07:49.668+0000] {processor.py:830} INFO - Processing file /home/airflow/.local/lib/python3.10/site-packages/airflow/example_dags/tutorial_objectstorage.py for tasks to queue
[2025-05-09T16:07:49.670+0000] {logging_mixin.py:188} INFO - [2025-05-09T16:07:49.670+0000] {dagbag.py:545} INFO - Filling up the DagBag from /home/airflow/.local/lib/python3.10/site-packages/airflow/example_dags/tutorial_objectstorage.py
[2025-05-09T16:07:49.678+0000] {processor.py:840} INFO - DAG(s) 'tutorial_objectstorage' retrieved from /home/airflow/.local/lib/python3.10/site-packages/airflow/example_dags/tutorial_objectstorage.py
[2025-05-09T16:07:49.699+0000] {logging_mixin.py:188} INFO - [2025-05-09T16:07:49.699+0000] {dag.py:3096} INFO - Sync 1 DAGs
[2025-05-09T16:07:49.711+0000] {logging_mixin.py:188} INFO - [2025-05-09T16:07:49.711+0000] {dag.py:3954} INFO - Setting next_dagrun for tutorial_objectstorage to None, run_after=None
[2025-05-09T16:07:49.729+0000] {processor.py:183} INFO - Processing /home/airflow/.local/lib/python3.10/site-packages/airflow/example_dags/tutorial_objectstorage.py took 0.068 seconds
[2025-05-09T16:08:20.895+0000] {processor.py:161} INFO - Started process (PID=1838) to work on /home/airflow/.local/lib/python3.10/site-packages/airflow/example_dags/tutorial_objectstorage.py
[2025-05-09T16:08:20.897+0000] {processor.py:830} INFO - Processing file /home/airflow/.local/lib/python3.10/site-packages/airflow/example_dags/tutorial_objectstorage.py for tasks to queue
[2025-05-09T16:08:20.899+0000] {logging_mixin.py:188} INFO - [2025-05-09T16:08:20.899+0000] {dagbag.py:545} INFO - Filling up the DagBag from /home/airflow/.local/lib/python3.10/site-packages/airflow/example_dags/tutorial_objectstorage.py
[2025-05-09T16:08:20.907+0000] {processor.py:840} INFO - DAG(s) 'tutorial_objectstorage' retrieved from /home/airflow/.local/lib/python3.10/site-packages/airflow/example_dags/tutorial_objectstorage.py
[2025-05-09T16:08:20.930+0000] {logging_mixin.py:188} INFO - [2025-05-09T16:08:20.930+0000] {dag.py:3096} INFO - Sync 1 DAGs
[2025-05-09T16:08:20.943+0000] {logging_mixin.py:188} INFO - [2025-05-09T16:08:20.943+0000] {dag.py:3954} INFO - Setting next_dagrun for tutorial_objectstorage to None, run_after=None
[2025-05-09T16:08:20.967+0000] {processor.py:183} INFO - Processing /home/airflow/.local/lib/python3.10/site-packages/airflow/example_dags/tutorial_objectstorage.py took 0.079 seconds
[2025-05-09T16:08:51.303+0000] {processor.py:161} INFO - Started process (PID=2124) to work on /home/airflow/.local/lib/python3.10/site-packages/airflow/example_dags/tutorial_objectstorage.py
[2025-05-09T16:08:51.305+0000] {processor.py:830} INFO - Processing file /home/airflow/.local/lib/python3.10/site-packages/airflow/example_dags/tutorial_objectstorage.py for tasks to queue
[2025-05-09T16:08:51.309+0000] {logging_mixin.py:188} INFO - [2025-05-09T16:08:51.308+0000] {dagbag.py:545} INFO - Filling up the DagBag from /home/airflow/.local/lib/python3.10/site-packages/airflow/example_dags/tutorial_objectstorage.py
[2025-05-09T16:08:51.318+0000] {processor.py:840} INFO - DAG(s) 'tutorial_objectstorage' retrieved from /home/airflow/.local/lib/python3.10/site-packages/airflow/example_dags/tutorial_objectstorage.py
[2025-05-09T16:08:51.344+0000] {logging_mixin.py:188} INFO - [2025-05-09T16:08:51.344+0000] {dag.py:3096} INFO - Sync 1 DAGs
[2025-05-09T16:08:51.358+0000] {logging_mixin.py:188} INFO - [2025-05-09T16:08:51.358+0000] {dag.py:3954} INFO - Setting next_dagrun for tutorial_objectstorage to None, run_after=None
[2025-05-09T16:08:51.382+0000] {processor.py:183} INFO - Processing /home/airflow/.local/lib/python3.10/site-packages/airflow/example_dags/tutorial_objectstorage.py took 0.086 seconds
[2025-05-09T16:09:21.904+0000] {processor.py:161} INFO - Started process (PID=2398) to work on /home/airflow/.local/lib/python3.10/site-packages/airflow/example_dags/tutorial_objectstorage.py
[2025-05-09T16:09:21.906+0000] {processor.py:830} INFO - Processing file /home/airflow/.local/lib/python3.10/site-packages/airflow/example_dags/tutorial_objectstorage.py for tasks to queue
[2025-05-09T16:09:21.908+0000] {logging_mixin.py:188} INFO - [2025-05-09T16:09:21.908+0000] {dagbag.py:545} INFO - Filling up the DagBag from /home/airflow/.local/lib/python3.10/site-packages/airflow/example_dags/tutorial_objectstorage.py
[2025-05-09T16:09:21.916+0000] {processor.py:840} INFO - DAG(s) 'tutorial_objectstorage' retrieved from /home/airflow/.local/lib/python3.10/site-packages/airflow/example_dags/tutorial_objectstorage.py
[2025-05-09T16:09:21.938+0000] {logging_mixin.py:188} INFO - [2025-05-09T16:09:21.937+0000] {dag.py:3096} INFO - Sync 1 DAGs
[2025-05-09T16:09:21.951+0000] {logging_mixin.py:188} INFO - [2025-05-09T16:09:21.951+0000] {dag.py:3954} INFO - Setting next_dagrun for tutorial_objectstorage to None, run_after=None
[2025-05-09T16:09:21.974+0000] {processor.py:183} INFO - Processing /home/airflow/.local/lib/python3.10/site-packages/airflow/example_dags/tutorial_objectstorage.py took 0.077 seconds
[2025-05-09T16:09:52.637+0000] {processor.py:161} INFO - Started process (PID=2660) to work on /home/airflow/.local/lib/python3.10/site-packages/airflow/example_dags/tutorial_objectstorage.py
[2025-05-09T16:09:52.639+0000] {processor.py:830} INFO - Processing file /home/airflow/.local/lib/python3.10/site-packages/airflow/example_dags/tutorial_objectstorage.py for tasks to queue
[2025-05-09T16:09:52.642+0000] {logging_mixin.py:188} INFO - [2025-05-09T16:09:52.642+0000] {dagbag.py:545} INFO - Filling up the DagBag from /home/airflow/.local/lib/python3.10/site-packages/airflow/example_dags/tutorial_objectstorage.py
[2025-05-09T16:09:52.653+0000] {processor.py:840} INFO - DAG(s) 'tutorial_objectstorage' retrieved from /home/airflow/.local/lib/python3.10/site-packages/airflow/example_dags/tutorial_objectstorage.py
[2025-05-09T16:09:52.684+0000] {logging_mixin.py:188} INFO - [2025-05-09T16:09:52.683+0000] {dag.py:3096} INFO - Sync 1 DAGs
[2025-05-09T16:09:52.703+0000] {logging_mixin.py:188} INFO - [2025-05-09T16:09:52.702+0000] {dag.py:3954} INFO - Setting next_dagrun for tutorial_objectstorage to None, run_after=None
[2025-05-09T16:09:52.738+0000] {processor.py:183} INFO - Processing /home/airflow/.local/lib/python3.10/site-packages/airflow/example_dags/tutorial_objectstorage.py took 0.108 seconds
[2025-05-09T16:10:23.289+0000] {processor.py:161} INFO - Started process (PID=2928) to work on /home/airflow/.local/lib/python3.10/site-packages/airflow/example_dags/tutorial_objectstorage.py
[2025-05-09T16:10:23.291+0000] {processor.py:830} INFO - Processing file /home/airflow/.local/lib/python3.10/site-packages/airflow/example_dags/tutorial_objectstorage.py for tasks to queue
[2025-05-09T16:10:23.294+0000] {logging_mixin.py:188} INFO - [2025-05-09T16:10:23.294+0000] {dagbag.py:545} INFO - Filling up the DagBag from /home/airflow/.local/lib/python3.10/site-packages/airflow/example_dags/tutorial_objectstorage.py
[2025-05-09T16:10:23.304+0000] {processor.py:840} INFO - DAG(s) 'tutorial_objectstorage' retrieved from /home/airflow/.local/lib/python3.10/site-packages/airflow/example_dags/tutorial_objectstorage.py
[2025-05-09T16:10:23.329+0000] {logging_mixin.py:188} INFO - [2025-05-09T16:10:23.329+0000] {dag.py:3096} INFO - Sync 1 DAGs
[2025-05-09T16:10:23.346+0000] {logging_mixin.py:188} INFO - [2025-05-09T16:10:23.346+0000] {dag.py:3954} INFO - Setting next_dagrun for tutorial_objectstorage to None, run_after=None
[2025-05-09T16:10:23.376+0000] {processor.py:183} INFO - Processing /home/airflow/.local/lib/python3.10/site-packages/airflow/example_dags/tutorial_objectstorage.py took 0.093 seconds
[2025-05-09T16:10:53.488+0000] {processor.py:161} INFO - Started process (PID=3196) to work on /home/airflow/.local/lib/python3.10/site-packages/airflow/example_dags/tutorial_objectstorage.py
[2025-05-09T16:10:53.489+0000] {processor.py:830} INFO - Processing file /home/airflow/.local/lib/python3.10/site-packages/airflow/example_dags/tutorial_objectstorage.py for tasks to queue
[2025-05-09T16:10:53.492+0000] {logging_mixin.py:188} INFO - [2025-05-09T16:10:53.492+0000] {dagbag.py:545} INFO - Filling up the DagBag from /home/airflow/.local/lib/python3.10/site-packages/airflow/example_dags/tutorial_objectstorage.py
[2025-05-09T16:10:53.502+0000] {processor.py:840} INFO - DAG(s) 'tutorial_objectstorage' retrieved from /home/airflow/.local/lib/python3.10/site-packages/airflow/example_dags/tutorial_objectstorage.py
[2025-05-09T16:10:53.526+0000] {logging_mixin.py:188} INFO - [2025-05-09T16:10:53.526+0000] {dag.py:3096} INFO - Sync 1 DAGs
[2025-05-09T16:10:53.542+0000] {logging_mixin.py:188} INFO - [2025-05-09T16:10:53.542+0000] {dag.py:3954} INFO - Setting next_dagrun for tutorial_objectstorage to None, run_after=None
[2025-05-09T16:10:53.573+0000] {processor.py:183} INFO - Processing /home/airflow/.local/lib/python3.10/site-packages/airflow/example_dags/tutorial_objectstorage.py took 0.093 seconds
[2025-05-09T16:11:24.335+0000] {processor.py:161} INFO - Started process (PID=3470) to work on /home/airflow/.local/lib/python3.10/site-packages/airflow/example_dags/tutorial_objectstorage.py
[2025-05-09T16:11:24.337+0000] {processor.py:830} INFO - Processing file /home/airflow/.local/lib/python3.10/site-packages/airflow/example_dags/tutorial_objectstorage.py for tasks to queue
[2025-05-09T16:11:24.339+0000] {logging_mixin.py:188} INFO - [2025-05-09T16:11:24.339+0000] {dagbag.py:545} INFO - Filling up the DagBag from /home/airflow/.local/lib/python3.10/site-packages/airflow/example_dags/tutorial_objectstorage.py
[2025-05-09T16:11:24.356+0000] {processor.py:840} INFO - DAG(s) 'tutorial_objectstorage' retrieved from /home/airflow/.local/lib/python3.10/site-packages/airflow/example_dags/tutorial_objectstorage.py
[2025-05-09T16:11:24.395+0000] {logging_mixin.py:188} INFO - [2025-05-09T16:11:24.395+0000] {dag.py:3096} INFO - Sync 1 DAGs
[2025-05-09T16:11:24.415+0000] {logging_mixin.py:188} INFO - [2025-05-09T16:11:24.415+0000] {dag.py:3954} INFO - Setting next_dagrun for tutorial_objectstorage to None, run_after=None
[2025-05-09T16:11:24.455+0000] {processor.py:183} INFO - Processing /home/airflow/.local/lib/python3.10/site-packages/airflow/example_dags/tutorial_objectstorage.py took 0.129 seconds
[2025-05-09T16:11:55.036+0000] {processor.py:161} INFO - Started process (PID=3738) to work on /home/airflow/.local/lib/python3.10/site-packages/airflow/example_dags/tutorial_objectstorage.py
[2025-05-09T16:11:55.037+0000] {processor.py:830} INFO - Processing file /home/airflow/.local/lib/python3.10/site-packages/airflow/example_dags/tutorial_objectstorage.py for tasks to queue
[2025-05-09T16:11:55.040+0000] {logging_mixin.py:188} INFO - [2025-05-09T16:11:55.039+0000] {dagbag.py:545} INFO - Filling up the DagBag from /home/airflow/.local/lib/python3.10/site-packages/airflow/example_dags/tutorial_objectstorage.py
[2025-05-09T16:11:55.047+0000] {processor.py:840} INFO - DAG(s) 'tutorial_objectstorage' retrieved from /home/airflow/.local/lib/python3.10/site-packages/airflow/example_dags/tutorial_objectstorage.py
[2025-05-09T16:11:55.070+0000] {logging_mixin.py:188} INFO - [2025-05-09T16:11:55.069+0000] {dag.py:3096} INFO - Sync 1 DAGs
[2025-05-09T16:11:55.082+0000] {logging_mixin.py:188} INFO - [2025-05-09T16:11:55.081+0000] {dag.py:3954} INFO - Setting next_dagrun for tutorial_objectstorage to None, run_after=None
[2025-05-09T16:11:55.104+0000] {processor.py:183} INFO - Processing /home/airflow/.local/lib/python3.10/site-packages/airflow/example_dags/tutorial_objectstorage.py took 0.075 seconds
[2025-05-09T16:12:25.707+0000] {processor.py:161} INFO - Started process (PID=4015) to work on /home/airflow/.local/lib/python3.10/site-packages/airflow/example_dags/tutorial_objectstorage.py
[2025-05-09T16:12:25.709+0000] {processor.py:830} INFO - Processing file /home/airflow/.local/lib/python3.10/site-packages/airflow/example_dags/tutorial_objectstorage.py for tasks to queue
[2025-05-09T16:12:25.711+0000] {logging_mixin.py:188} INFO - [2025-05-09T16:12:25.711+0000] {dagbag.py:545} INFO - Filling up the DagBag from /home/airflow/.local/lib/python3.10/site-packages/airflow/example_dags/tutorial_objectstorage.py
[2025-05-09T16:12:25.719+0000] {processor.py:840} INFO - DAG(s) 'tutorial_objectstorage' retrieved from /home/airflow/.local/lib/python3.10/site-packages/airflow/example_dags/tutorial_objectstorage.py
[2025-05-09T16:12:25.751+0000] {logging_mixin.py:188} INFO - [2025-05-09T16:12:25.751+0000] {dag.py:3096} INFO - Sync 1 DAGs
[2025-05-09T16:12:25.772+0000] {logging_mixin.py:188} INFO - [2025-05-09T16:12:25.772+0000] {dag.py:3954} INFO - Setting next_dagrun for tutorial_objectstorage to None, run_after=None
[2025-05-09T16:12:25.799+0000] {processor.py:183} INFO - Processing /home/airflow/.local/lib/python3.10/site-packages/airflow/example_dags/tutorial_objectstorage.py took 0.101 seconds
[2025-05-09T16:12:56.438+0000] {processor.py:161} INFO - Started process (PID=4277) to work on /home/airflow/.local/lib/python3.10/site-packages/airflow/example_dags/tutorial_objectstorage.py
[2025-05-09T16:12:56.440+0000] {processor.py:830} INFO - Processing file /home/airflow/.local/lib/python3.10/site-packages/airflow/example_dags/tutorial_objectstorage.py for tasks to queue
[2025-05-09T16:12:56.443+0000] {logging_mixin.py:188} INFO - [2025-05-09T16:12:56.442+0000] {dagbag.py:545} INFO - Filling up the DagBag from /home/airflow/.local/lib/python3.10/site-packages/airflow/example_dags/tutorial_objectstorage.py
[2025-05-09T16:12:56.451+0000] {processor.py:840} INFO - DAG(s) 'tutorial_objectstorage' retrieved from /home/airflow/.local/lib/python3.10/site-packages/airflow/example_dags/tutorial_objectstorage.py
[2025-05-09T16:12:56.482+0000] {logging_mixin.py:188} INFO - [2025-05-09T16:12:56.482+0000] {dag.py:3096} INFO - Sync 1 DAGs
[2025-05-09T16:12:56.494+0000] {logging_mixin.py:188} INFO - [2025-05-09T16:12:56.494+0000] {dag.py:3954} INFO - Setting next_dagrun for tutorial_objectstorage to None, run_after=None
[2025-05-09T16:12:56.523+0000] {processor.py:183} INFO - Processing /home/airflow/.local/lib/python3.10/site-packages/airflow/example_dags/tutorial_objectstorage.py took 0.090 seconds
[2025-05-09T16:13:26.854+0000] {processor.py:161} INFO - Started process (PID=4548) to work on /home/airflow/.local/lib/python3.10/site-packages/airflow/example_dags/tutorial_objectstorage.py
[2025-05-09T16:13:26.855+0000] {processor.py:830} INFO - Processing file /home/airflow/.local/lib/python3.10/site-packages/airflow/example_dags/tutorial_objectstorage.py for tasks to queue
[2025-05-09T16:13:26.857+0000] {logging_mixin.py:188} INFO - [2025-05-09T16:13:26.857+0000] {dagbag.py:545} INFO - Filling up the DagBag from /home/airflow/.local/lib/python3.10/site-packages/airflow/example_dags/tutorial_objectstorage.py
[2025-05-09T16:13:26.864+0000] {processor.py:840} INFO - DAG(s) 'tutorial_objectstorage' retrieved from /home/airflow/.local/lib/python3.10/site-packages/airflow/example_dags/tutorial_objectstorage.py
[2025-05-09T16:13:26.891+0000] {logging_mixin.py:188} INFO - [2025-05-09T16:13:26.890+0000] {dag.py:3096} INFO - Sync 1 DAGs
[2025-05-09T16:13:26.906+0000] {logging_mixin.py:188} INFO - [2025-05-09T16:13:26.905+0000] {dag.py:3954} INFO - Setting next_dagrun for tutorial_objectstorage to None, run_after=None
[2025-05-09T16:13:26.933+0000] {processor.py:183} INFO - Processing /home/airflow/.local/lib/python3.10/site-packages/airflow/example_dags/tutorial_objectstorage.py took 0.085 seconds
[2025-05-09T16:13:57.279+0000] {processor.py:161} INFO - Started process (PID=4810) to work on /home/airflow/.local/lib/python3.10/site-packages/airflow/example_dags/tutorial_objectstorage.py
[2025-05-09T16:13:57.281+0000] {processor.py:830} INFO - Processing file /home/airflow/.local/lib/python3.10/site-packages/airflow/example_dags/tutorial_objectstorage.py for tasks to queue
[2025-05-09T16:13:57.283+0000] {logging_mixin.py:188} INFO - [2025-05-09T16:13:57.283+0000] {dagbag.py:545} INFO - Filling up the DagBag from /home/airflow/.local/lib/python3.10/site-packages/airflow/example_dags/tutorial_objectstorage.py
[2025-05-09T16:13:57.291+0000] {processor.py:840} INFO - DAG(s) 'tutorial_objectstorage' retrieved from /home/airflow/.local/lib/python3.10/site-packages/airflow/example_dags/tutorial_objectstorage.py
[2025-05-09T16:13:57.317+0000] {logging_mixin.py:188} INFO - [2025-05-09T16:13:57.317+0000] {dag.py:3096} INFO - Sync 1 DAGs
[2025-05-09T16:13:57.335+0000] {logging_mixin.py:188} INFO - [2025-05-09T16:13:57.334+0000] {dag.py:3954} INFO - Setting next_dagrun for tutorial_objectstorage to None, run_after=None
[2025-05-09T16:13:57.363+0000] {processor.py:183} INFO - Processing /home/airflow/.local/lib/python3.10/site-packages/airflow/example_dags/tutorial_objectstorage.py took 0.090 seconds
[2025-05-09T16:14:27.459+0000] {processor.py:161} INFO - Started process (PID=5099) to work on /home/airflow/.local/lib/python3.10/site-packages/airflow/example_dags/tutorial_objectstorage.py
[2025-05-09T16:14:27.461+0000] {processor.py:830} INFO - Processing file /home/airflow/.local/lib/python3.10/site-packages/airflow/example_dags/tutorial_objectstorage.py for tasks to queue
[2025-05-09T16:14:27.463+0000] {logging_mixin.py:188} INFO - [2025-05-09T16:14:27.463+0000] {dagbag.py:545} INFO - Filling up the DagBag from /home/airflow/.local/lib/python3.10/site-packages/airflow/example_dags/tutorial_objectstorage.py
[2025-05-09T16:14:27.472+0000] {processor.py:840} INFO - DAG(s) 'tutorial_objectstorage' retrieved from /home/airflow/.local/lib/python3.10/site-packages/airflow/example_dags/tutorial_objectstorage.py
[2025-05-09T16:14:27.496+0000] {logging_mixin.py:188} INFO - [2025-05-09T16:14:27.496+0000] {dag.py:3096} INFO - Sync 1 DAGs
[2025-05-09T16:14:27.509+0000] {logging_mixin.py:188} INFO - [2025-05-09T16:14:27.509+0000] {dag.py:3954} INFO - Setting next_dagrun for tutorial_objectstorage to None, run_after=None
[2025-05-09T16:14:27.538+0000] {processor.py:183} INFO - Processing /home/airflow/.local/lib/python3.10/site-packages/airflow/example_dags/tutorial_objectstorage.py took 0.085 seconds
[2025-05-09T16:14:57.800+0000] {processor.py:161} INFO - Started process (PID=5367) to work on /home/airflow/.local/lib/python3.10/site-packages/airflow/example_dags/tutorial_objectstorage.py
[2025-05-09T16:14:57.802+0000] {processor.py:830} INFO - Processing file /home/airflow/.local/lib/python3.10/site-packages/airflow/example_dags/tutorial_objectstorage.py for tasks to queue
[2025-05-09T16:14:57.805+0000] {logging_mixin.py:188} INFO - [2025-05-09T16:14:57.805+0000] {dagbag.py:545} INFO - Filling up the DagBag from /home/airflow/.local/lib/python3.10/site-packages/airflow/example_dags/tutorial_objectstorage.py
[2025-05-09T16:14:57.820+0000] {processor.py:840} INFO - DAG(s) 'tutorial_objectstorage' retrieved from /home/airflow/.local/lib/python3.10/site-packages/airflow/example_dags/tutorial_objectstorage.py
[2025-05-09T16:14:57.850+0000] {logging_mixin.py:188} INFO - [2025-05-09T16:14:57.850+0000] {dag.py:3096} INFO - Sync 1 DAGs
[2025-05-09T16:14:57.874+0000] {logging_mixin.py:188} INFO - [2025-05-09T16:14:57.873+0000] {dag.py:3954} INFO - Setting next_dagrun for tutorial_objectstorage to None, run_after=None
[2025-05-09T16:14:57.922+0000] {processor.py:183} INFO - Processing /home/airflow/.local/lib/python3.10/site-packages/airflow/example_dags/tutorial_objectstorage.py took 0.130 seconds
[2025-05-09T16:15:28.817+0000] {processor.py:161} INFO - Started process (PID=5638) to work on /home/airflow/.local/lib/python3.10/site-packages/airflow/example_dags/tutorial_objectstorage.py
[2025-05-09T16:15:28.819+0000] {processor.py:830} INFO - Processing file /home/airflow/.local/lib/python3.10/site-packages/airflow/example_dags/tutorial_objectstorage.py for tasks to queue
[2025-05-09T16:15:28.821+0000] {logging_mixin.py:188} INFO - [2025-05-09T16:15:28.821+0000] {dagbag.py:545} INFO - Filling up the DagBag from /home/airflow/.local/lib/python3.10/site-packages/airflow/example_dags/tutorial_objectstorage.py
[2025-05-09T16:15:28.833+0000] {processor.py:840} INFO - DAG(s) 'tutorial_objectstorage' retrieved from /home/airflow/.local/lib/python3.10/site-packages/airflow/example_dags/tutorial_objectstorage.py
[2025-05-09T16:15:28.859+0000] {logging_mixin.py:188} INFO - [2025-05-09T16:15:28.859+0000] {dag.py:3096} INFO - Sync 1 DAGs
[2025-05-09T16:15:28.874+0000] {logging_mixin.py:188} INFO - [2025-05-09T16:15:28.874+0000] {dag.py:3954} INFO - Setting next_dagrun for tutorial_objectstorage to None, run_after=None
[2025-05-09T16:15:28.908+0000] {processor.py:183} INFO - Processing /home/airflow/.local/lib/python3.10/site-packages/airflow/example_dags/tutorial_objectstorage.py took 0.099 seconds
[2025-05-09T16:15:59.512+0000] {processor.py:161} INFO - Started process (PID=5918) to work on /home/airflow/.local/lib/python3.10/site-packages/airflow/example_dags/tutorial_objectstorage.py
[2025-05-09T16:15:59.516+0000] {processor.py:830} INFO - Processing file /home/airflow/.local/lib/python3.10/site-packages/airflow/example_dags/tutorial_objectstorage.py for tasks to queue
[2025-05-09T16:15:59.521+0000] {logging_mixin.py:188} INFO - [2025-05-09T16:15:59.520+0000] {dagbag.py:545} INFO - Filling up the DagBag from /home/airflow/.local/lib/python3.10/site-packages/airflow/example_dags/tutorial_objectstorage.py
[2025-05-09T16:15:59.534+0000] {processor.py:840} INFO - DAG(s) 'tutorial_objectstorage' retrieved from /home/airflow/.local/lib/python3.10/site-packages/airflow/example_dags/tutorial_objectstorage.py
[2025-05-09T16:15:59.573+0000] {logging_mixin.py:188} INFO - [2025-05-09T16:15:59.572+0000] {dag.py:3096} INFO - Sync 1 DAGs
[2025-05-09T16:15:59.594+0000] {logging_mixin.py:188} INFO - [2025-05-09T16:15:59.594+0000] {dag.py:3954} INFO - Setting next_dagrun for tutorial_objectstorage to None, run_after=None
[2025-05-09T16:15:59.632+0000] {processor.py:183} INFO - Processing /home/airflow/.local/lib/python3.10/site-packages/airflow/example_dags/tutorial_objectstorage.py took 0.131 seconds
[2025-05-09T16:16:30.313+0000] {processor.py:161} INFO - Started process (PID=6258) to work on /home/airflow/.local/lib/python3.10/site-packages/airflow/example_dags/tutorial_objectstorage.py
[2025-05-09T16:16:30.315+0000] {processor.py:830} INFO - Processing file /home/airflow/.local/lib/python3.10/site-packages/airflow/example_dags/tutorial_objectstorage.py for tasks to queue
[2025-05-09T16:16:30.317+0000] {logging_mixin.py:188} INFO - [2025-05-09T16:16:30.317+0000] {dagbag.py:545} INFO - Filling up the DagBag from /home/airflow/.local/lib/python3.10/site-packages/airflow/example_dags/tutorial_objectstorage.py
[2025-05-09T16:16:30.330+0000] {processor.py:840} INFO - DAG(s) 'tutorial_objectstorage' retrieved from /home/airflow/.local/lib/python3.10/site-packages/airflow/example_dags/tutorial_objectstorage.py
[2025-05-09T16:16:30.353+0000] {logging_mixin.py:188} INFO - [2025-05-09T16:16:30.353+0000] {dag.py:3096} INFO - Sync 1 DAGs
[2025-05-09T16:16:30.366+0000] {logging_mixin.py:188} INFO - [2025-05-09T16:16:30.365+0000] {dag.py:3954} INFO - Setting next_dagrun for tutorial_objectstorage to None, run_after=None
[2025-05-09T16:16:30.397+0000] {processor.py:183} INFO - Processing /home/airflow/.local/lib/python3.10/site-packages/airflow/example_dags/tutorial_objectstorage.py took 0.091 seconds
[2025-05-09T16:17:01.013+0000] {processor.py:161} INFO - Started process (PID=6557) to work on /home/airflow/.local/lib/python3.10/site-packages/airflow/example_dags/tutorial_objectstorage.py
[2025-05-09T16:17:01.016+0000] {processor.py:830} INFO - Processing file /home/airflow/.local/lib/python3.10/site-packages/airflow/example_dags/tutorial_objectstorage.py for tasks to queue
[2025-05-09T16:17:01.022+0000] {logging_mixin.py:188} INFO - [2025-05-09T16:17:01.021+0000] {dagbag.py:545} INFO - Filling up the DagBag from /home/airflow/.local/lib/python3.10/site-packages/airflow/example_dags/tutorial_objectstorage.py
[2025-05-09T16:17:01.046+0000] {processor.py:840} INFO - DAG(s) 'tutorial_objectstorage' retrieved from /home/airflow/.local/lib/python3.10/site-packages/airflow/example_dags/tutorial_objectstorage.py
[2025-05-09T16:17:01.087+0000] {logging_mixin.py:188} INFO - [2025-05-09T16:17:01.086+0000] {dag.py:3096} INFO - Sync 1 DAGs
[2025-05-09T16:17:01.112+0000] {logging_mixin.py:188} INFO - [2025-05-09T16:17:01.112+0000] {dag.py:3954} INFO - Setting next_dagrun for tutorial_objectstorage to None, run_after=None
[2025-05-09T16:17:01.148+0000] {processor.py:183} INFO - Processing /home/airflow/.local/lib/python3.10/site-packages/airflow/example_dags/tutorial_objectstorage.py took 0.153 seconds
[2025-05-09T16:17:31.620+0000] {processor.py:161} INFO - Started process (PID=6872) to work on /home/airflow/.local/lib/python3.10/site-packages/airflow/example_dags/tutorial_objectstorage.py
[2025-05-09T16:17:31.621+0000] {processor.py:830} INFO - Processing file /home/airflow/.local/lib/python3.10/site-packages/airflow/example_dags/tutorial_objectstorage.py for tasks to queue
[2025-05-09T16:17:31.624+0000] {logging_mixin.py:188} INFO - [2025-05-09T16:17:31.624+0000] {dagbag.py:545} INFO - Filling up the DagBag from /home/airflow/.local/lib/python3.10/site-packages/airflow/example_dags/tutorial_objectstorage.py
[2025-05-09T16:17:31.635+0000] {processor.py:840} INFO - DAG(s) 'tutorial_objectstorage' retrieved from /home/airflow/.local/lib/python3.10/site-packages/airflow/example_dags/tutorial_objectstorage.py
[2025-05-09T16:17:31.660+0000] {logging_mixin.py:188} INFO - [2025-05-09T16:17:31.659+0000] {dag.py:3096} INFO - Sync 1 DAGs
[2025-05-09T16:17:31.674+0000] {logging_mixin.py:188} INFO - [2025-05-09T16:17:31.674+0000] {dag.py:3954} INFO - Setting next_dagrun for tutorial_objectstorage to None, run_after=None
[2025-05-09T16:17:31.706+0000] {processor.py:183} INFO - Processing /home/airflow/.local/lib/python3.10/site-packages/airflow/example_dags/tutorial_objectstorage.py took 0.096 seconds
[2025-05-09T16:18:02.468+0000] {processor.py:161} INFO - Started process (PID=7138) to work on /home/airflow/.local/lib/python3.10/site-packages/airflow/example_dags/tutorial_objectstorage.py
[2025-05-09T16:18:02.470+0000] {processor.py:830} INFO - Processing file /home/airflow/.local/lib/python3.10/site-packages/airflow/example_dags/tutorial_objectstorage.py for tasks to queue
[2025-05-09T16:18:02.475+0000] {logging_mixin.py:188} INFO - [2025-05-09T16:18:02.474+0000] {dagbag.py:545} INFO - Filling up the DagBag from /home/airflow/.local/lib/python3.10/site-packages/airflow/example_dags/tutorial_objectstorage.py
[2025-05-09T16:18:02.484+0000] {processor.py:840} INFO - DAG(s) 'tutorial_objectstorage' retrieved from /home/airflow/.local/lib/python3.10/site-packages/airflow/example_dags/tutorial_objectstorage.py
[2025-05-09T16:18:02.514+0000] {logging_mixin.py:188} INFO - [2025-05-09T16:18:02.514+0000] {dag.py:3096} INFO - Sync 1 DAGs
[2025-05-09T16:18:02.531+0000] {logging_mixin.py:188} INFO - [2025-05-09T16:18:02.531+0000] {dag.py:3954} INFO - Setting next_dagrun for tutorial_objectstorage to None, run_after=None
[2025-05-09T16:18:02.564+0000] {processor.py:183} INFO - Processing /home/airflow/.local/lib/python3.10/site-packages/airflow/example_dags/tutorial_objectstorage.py took 0.102 seconds
[2025-05-09T16:18:32.662+0000] {processor.py:161} INFO - Started process (PID=7435) to work on /home/airflow/.local/lib/python3.10/site-packages/airflow/example_dags/tutorial_objectstorage.py
[2025-05-09T16:18:32.663+0000] {processor.py:830} INFO - Processing file /home/airflow/.local/lib/python3.10/site-packages/airflow/example_dags/tutorial_objectstorage.py for tasks to queue
[2025-05-09T16:18:32.666+0000] {logging_mixin.py:188} INFO - [2025-05-09T16:18:32.666+0000] {dagbag.py:545} INFO - Filling up the DagBag from /home/airflow/.local/lib/python3.10/site-packages/airflow/example_dags/tutorial_objectstorage.py
[2025-05-09T16:18:32.675+0000] {processor.py:840} INFO - DAG(s) 'tutorial_objectstorage' retrieved from /home/airflow/.local/lib/python3.10/site-packages/airflow/example_dags/tutorial_objectstorage.py
[2025-05-09T16:18:32.705+0000] {logging_mixin.py:188} INFO - [2025-05-09T16:18:32.705+0000] {dag.py:3096} INFO - Sync 1 DAGs
[2025-05-09T16:18:32.721+0000] {logging_mixin.py:188} INFO - [2025-05-09T16:18:32.720+0000] {dag.py:3954} INFO - Setting next_dagrun for tutorial_objectstorage to None, run_after=None
[2025-05-09T16:18:32.765+0000] {processor.py:183} INFO - Processing /home/airflow/.local/lib/python3.10/site-packages/airflow/example_dags/tutorial_objectstorage.py took 0.110 seconds
[2025-05-09T16:19:03.417+0000] {processor.py:161} INFO - Started process (PID=7703) to work on /home/airflow/.local/lib/python3.10/site-packages/airflow/example_dags/tutorial_objectstorage.py
[2025-05-09T16:19:03.420+0000] {processor.py:830} INFO - Processing file /home/airflow/.local/lib/python3.10/site-packages/airflow/example_dags/tutorial_objectstorage.py for tasks to queue
[2025-05-09T16:19:03.422+0000] {logging_mixin.py:188} INFO - [2025-05-09T16:19:03.422+0000] {dagbag.py:545} INFO - Filling up the DagBag from /home/airflow/.local/lib/python3.10/site-packages/airflow/example_dags/tutorial_objectstorage.py
[2025-05-09T16:19:03.433+0000] {processor.py:840} INFO - DAG(s) 'tutorial_objectstorage' retrieved from /home/airflow/.local/lib/python3.10/site-packages/airflow/example_dags/tutorial_objectstorage.py
[2025-05-09T16:19:03.462+0000] {logging_mixin.py:188} INFO - [2025-05-09T16:19:03.461+0000] {dag.py:3096} INFO - Sync 1 DAGs
[2025-05-09T16:19:03.479+0000] {logging_mixin.py:188} INFO - [2025-05-09T16:19:03.479+0000] {dag.py:3954} INFO - Setting next_dagrun for tutorial_objectstorage to None, run_after=None
[2025-05-09T16:19:03.507+0000] {processor.py:183} INFO - Processing /home/airflow/.local/lib/python3.10/site-packages/airflow/example_dags/tutorial_objectstorage.py took 0.098 seconds
[2025-05-09T16:19:34.121+0000] {processor.py:161} INFO - Started process (PID=7998) to work on /home/airflow/.local/lib/python3.10/site-packages/airflow/example_dags/tutorial_objectstorage.py
[2025-05-09T16:19:34.123+0000] {processor.py:830} INFO - Processing file /home/airflow/.local/lib/python3.10/site-packages/airflow/example_dags/tutorial_objectstorage.py for tasks to queue
[2025-05-09T16:19:34.125+0000] {logging_mixin.py:188} INFO - [2025-05-09T16:19:34.125+0000] {dagbag.py:545} INFO - Filling up the DagBag from /home/airflow/.local/lib/python3.10/site-packages/airflow/example_dags/tutorial_objectstorage.py
[2025-05-09T16:19:34.133+0000] {processor.py:840} INFO - DAG(s) 'tutorial_objectstorage' retrieved from /home/airflow/.local/lib/python3.10/site-packages/airflow/example_dags/tutorial_objectstorage.py
[2025-05-09T16:19:34.157+0000] {logging_mixin.py:188} INFO - [2025-05-09T16:19:34.157+0000] {dag.py:3096} INFO - Sync 1 DAGs
[2025-05-09T16:19:34.170+0000] {logging_mixin.py:188} INFO - [2025-05-09T16:19:34.170+0000] {dag.py:3954} INFO - Setting next_dagrun for tutorial_objectstorage to None, run_after=None
[2025-05-09T16:19:34.196+0000] {processor.py:183} INFO - Processing /home/airflow/.local/lib/python3.10/site-packages/airflow/example_dags/tutorial_objectstorage.py took 0.081 seconds
[2025-05-09T16:20:04.560+0000] {processor.py:161} INFO - Started process (PID=8288) to work on /home/airflow/.local/lib/python3.10/site-packages/airflow/example_dags/tutorial_objectstorage.py
[2025-05-09T16:20:04.563+0000] {processor.py:830} INFO - Processing file /home/airflow/.local/lib/python3.10/site-packages/airflow/example_dags/tutorial_objectstorage.py for tasks to queue
[2025-05-09T16:20:04.566+0000] {logging_mixin.py:188} INFO - [2025-05-09T16:20:04.565+0000] {dagbag.py:545} INFO - Filling up the DagBag from /home/airflow/.local/lib/python3.10/site-packages/airflow/example_dags/tutorial_objectstorage.py
[2025-05-09T16:20:04.580+0000] {processor.py:840} INFO - DAG(s) 'tutorial_objectstorage' retrieved from /home/airflow/.local/lib/python3.10/site-packages/airflow/example_dags/tutorial_objectstorage.py
[2025-05-09T16:20:04.609+0000] {logging_mixin.py:188} INFO - [2025-05-09T16:20:04.608+0000] {dag.py:3096} INFO - Sync 1 DAGs
[2025-05-09T16:20:04.628+0000] {logging_mixin.py:188} INFO - [2025-05-09T16:20:04.628+0000] {dag.py:3954} INFO - Setting next_dagrun for tutorial_objectstorage to None, run_after=None
[2025-05-09T16:20:04.664+0000] {processor.py:183} INFO - Processing /home/airflow/.local/lib/python3.10/site-packages/airflow/example_dags/tutorial_objectstorage.py took 0.115 seconds
[2025-05-09T16:20:34.805+0000] {processor.py:161} INFO - Started process (PID=8579) to work on /home/airflow/.local/lib/python3.10/site-packages/airflow/example_dags/tutorial_objectstorage.py
[2025-05-09T16:20:34.806+0000] {processor.py:830} INFO - Processing file /home/airflow/.local/lib/python3.10/site-packages/airflow/example_dags/tutorial_objectstorage.py for tasks to queue
[2025-05-09T16:20:34.810+0000] {logging_mixin.py:188} INFO - [2025-05-09T16:20:34.809+0000] {dagbag.py:545} INFO - Filling up the DagBag from /home/airflow/.local/lib/python3.10/site-packages/airflow/example_dags/tutorial_objectstorage.py
[2025-05-09T16:20:34.821+0000] {processor.py:840} INFO - DAG(s) 'tutorial_objectstorage' retrieved from /home/airflow/.local/lib/python3.10/site-packages/airflow/example_dags/tutorial_objectstorage.py
[2025-05-09T16:20:34.848+0000] {logging_mixin.py:188} INFO - [2025-05-09T16:20:34.848+0000] {dag.py:3096} INFO - Sync 1 DAGs
[2025-05-09T16:20:34.860+0000] {logging_mixin.py:188} INFO - [2025-05-09T16:20:34.860+0000] {dag.py:3954} INFO - Setting next_dagrun for tutorial_objectstorage to None, run_after=None
[2025-05-09T16:20:34.887+0000] {processor.py:183} INFO - Processing /home/airflow/.local/lib/python3.10/site-packages/airflow/example_dags/tutorial_objectstorage.py took 0.089 seconds
[2025-05-09T16:21:05.355+0000] {processor.py:161} INFO - Started process (PID=8855) to work on /home/airflow/.local/lib/python3.10/site-packages/airflow/example_dags/tutorial_objectstorage.py
[2025-05-09T16:21:05.357+0000] {processor.py:830} INFO - Processing file /home/airflow/.local/lib/python3.10/site-packages/airflow/example_dags/tutorial_objectstorage.py for tasks to queue
[2025-05-09T16:21:05.360+0000] {logging_mixin.py:188} INFO - [2025-05-09T16:21:05.360+0000] {dagbag.py:545} INFO - Filling up the DagBag from /home/airflow/.local/lib/python3.10/site-packages/airflow/example_dags/tutorial_objectstorage.py
[2025-05-09T16:21:05.371+0000] {processor.py:840} INFO - DAG(s) 'tutorial_objectstorage' retrieved from /home/airflow/.local/lib/python3.10/site-packages/airflow/example_dags/tutorial_objectstorage.py
[2025-05-09T16:21:05.406+0000] {logging_mixin.py:188} INFO - [2025-05-09T16:21:05.406+0000] {dag.py:3096} INFO - Sync 1 DAGs
[2025-05-09T16:21:05.426+0000] {logging_mixin.py:188} INFO - [2025-05-09T16:21:05.426+0000] {dag.py:3954} INFO - Setting next_dagrun for tutorial_objectstorage to None, run_after=None
[2025-05-09T16:21:05.459+0000] {processor.py:183} INFO - Processing /home/airflow/.local/lib/python3.10/site-packages/airflow/example_dags/tutorial_objectstorage.py took 0.111 seconds
[2025-05-09T16:21:35.811+0000] {processor.py:161} INFO - Started process (PID=9211) to work on /home/airflow/.local/lib/python3.10/site-packages/airflow/example_dags/tutorial_objectstorage.py
[2025-05-09T16:21:35.814+0000] {processor.py:830} INFO - Processing file /home/airflow/.local/lib/python3.10/site-packages/airflow/example_dags/tutorial_objectstorage.py for tasks to queue
[2025-05-09T16:21:35.816+0000] {logging_mixin.py:188} INFO - [2025-05-09T16:21:35.816+0000] {dagbag.py:545} INFO - Filling up the DagBag from /home/airflow/.local/lib/python3.10/site-packages/airflow/example_dags/tutorial_objectstorage.py
[2025-05-09T16:21:35.824+0000] {processor.py:840} INFO - DAG(s) 'tutorial_objectstorage' retrieved from /home/airflow/.local/lib/python3.10/site-packages/airflow/example_dags/tutorial_objectstorage.py
[2025-05-09T16:21:35.848+0000] {logging_mixin.py:188} INFO - [2025-05-09T16:21:35.847+0000] {dag.py:3096} INFO - Sync 1 DAGs
[2025-05-09T16:21:35.862+0000] {logging_mixin.py:188} INFO - [2025-05-09T16:21:35.862+0000] {dag.py:3954} INFO - Setting next_dagrun for tutorial_objectstorage to None, run_after=None
[2025-05-09T16:21:35.893+0000] {processor.py:183} INFO - Processing /home/airflow/.local/lib/python3.10/site-packages/airflow/example_dags/tutorial_objectstorage.py took 0.088 seconds
[2025-05-09T16:22:06.176+0000] {processor.py:161} INFO - Started process (PID=9510) to work on /home/airflow/.local/lib/python3.10/site-packages/airflow/example_dags/tutorial_objectstorage.py
[2025-05-09T16:22:06.177+0000] {processor.py:830} INFO - Processing file /home/airflow/.local/lib/python3.10/site-packages/airflow/example_dags/tutorial_objectstorage.py for tasks to queue
[2025-05-09T16:22:06.180+0000] {logging_mixin.py:188} INFO - [2025-05-09T16:22:06.179+0000] {dagbag.py:545} INFO - Filling up the DagBag from /home/airflow/.local/lib/python3.10/site-packages/airflow/example_dags/tutorial_objectstorage.py
[2025-05-09T16:22:06.191+0000] {processor.py:840} INFO - DAG(s) 'tutorial_objectstorage' retrieved from /home/airflow/.local/lib/python3.10/site-packages/airflow/example_dags/tutorial_objectstorage.py
[2025-05-09T16:22:06.217+0000] {logging_mixin.py:188} INFO - [2025-05-09T16:22:06.217+0000] {dag.py:3096} INFO - Sync 1 DAGs
[2025-05-09T16:22:06.232+0000] {logging_mixin.py:188} INFO - [2025-05-09T16:22:06.232+0000] {dag.py:3954} INFO - Setting next_dagrun for tutorial_objectstorage to None, run_after=None
[2025-05-09T16:22:06.261+0000] {processor.py:183} INFO - Processing /home/airflow/.local/lib/python3.10/site-packages/airflow/example_dags/tutorial_objectstorage.py took 0.096 seconds
[2025-05-09T16:22:37.073+0000] {processor.py:161} INFO - Started process (PID=9816) to work on /home/airflow/.local/lib/python3.10/site-packages/airflow/example_dags/tutorial_objectstorage.py
[2025-05-09T16:22:37.075+0000] {processor.py:830} INFO - Processing file /home/airflow/.local/lib/python3.10/site-packages/airflow/example_dags/tutorial_objectstorage.py for tasks to queue
[2025-05-09T16:22:37.077+0000] {logging_mixin.py:188} INFO - [2025-05-09T16:22:37.077+0000] {dagbag.py:545} INFO - Filling up the DagBag from /home/airflow/.local/lib/python3.10/site-packages/airflow/example_dags/tutorial_objectstorage.py
[2025-05-09T16:22:37.084+0000] {processor.py:840} INFO - DAG(s) 'tutorial_objectstorage' retrieved from /home/airflow/.local/lib/python3.10/site-packages/airflow/example_dags/tutorial_objectstorage.py
[2025-05-09T16:22:37.112+0000] {logging_mixin.py:188} INFO - [2025-05-09T16:22:37.111+0000] {dag.py:3096} INFO - Sync 1 DAGs
[2025-05-09T16:22:37.125+0000] {logging_mixin.py:188} INFO - [2025-05-09T16:22:37.125+0000] {dag.py:3954} INFO - Setting next_dagrun for tutorial_objectstorage to None, run_after=None
[2025-05-09T16:22:37.153+0000] {processor.py:183} INFO - Processing /home/airflow/.local/lib/python3.10/site-packages/airflow/example_dags/tutorial_objectstorage.py took 0.086 seconds
[2025-05-09T16:23:08.002+0000] {processor.py:161} INFO - Started process (PID=10114) to work on /home/airflow/.local/lib/python3.10/site-packages/airflow/example_dags/tutorial_objectstorage.py
[2025-05-09T16:23:08.004+0000] {processor.py:830} INFO - Processing file /home/airflow/.local/lib/python3.10/site-packages/airflow/example_dags/tutorial_objectstorage.py for tasks to queue
[2025-05-09T16:23:08.006+0000] {logging_mixin.py:188} INFO - [2025-05-09T16:23:08.006+0000] {dagbag.py:545} INFO - Filling up the DagBag from /home/airflow/.local/lib/python3.10/site-packages/airflow/example_dags/tutorial_objectstorage.py
[2025-05-09T16:23:08.015+0000] {processor.py:840} INFO - DAG(s) 'tutorial_objectstorage' retrieved from /home/airflow/.local/lib/python3.10/site-packages/airflow/example_dags/tutorial_objectstorage.py
[2025-05-09T16:23:08.041+0000] {logging_mixin.py:188} INFO - [2025-05-09T16:23:08.041+0000] {dag.py:3096} INFO - Sync 1 DAGs
[2025-05-09T16:23:08.056+0000] {logging_mixin.py:188} INFO - [2025-05-09T16:23:08.055+0000] {dag.py:3954} INFO - Setting next_dagrun for tutorial_objectstorage to None, run_after=None
[2025-05-09T16:23:08.085+0000] {processor.py:183} INFO - Processing /home/airflow/.local/lib/python3.10/site-packages/airflow/example_dags/tutorial_objectstorage.py took 0.091 seconds
[2025-05-09T16:23:38.513+0000] {processor.py:161} INFO - Started process (PID=10391) to work on /home/airflow/.local/lib/python3.10/site-packages/airflow/example_dags/tutorial_objectstorage.py
[2025-05-09T16:23:38.515+0000] {processor.py:830} INFO - Processing file /home/airflow/.local/lib/python3.10/site-packages/airflow/example_dags/tutorial_objectstorage.py for tasks to queue
[2025-05-09T16:23:38.519+0000] {logging_mixin.py:188} INFO - [2025-05-09T16:23:38.518+0000] {dagbag.py:545} INFO - Filling up the DagBag from /home/airflow/.local/lib/python3.10/site-packages/airflow/example_dags/tutorial_objectstorage.py
[2025-05-09T16:23:38.526+0000] {processor.py:840} INFO - DAG(s) 'tutorial_objectstorage' retrieved from /home/airflow/.local/lib/python3.10/site-packages/airflow/example_dags/tutorial_objectstorage.py
[2025-05-09T16:23:38.549+0000] {logging_mixin.py:188} INFO - [2025-05-09T16:23:38.548+0000] {dag.py:3096} INFO - Sync 1 DAGs
[2025-05-09T16:23:38.562+0000] {logging_mixin.py:188} INFO - [2025-05-09T16:23:38.561+0000] {dag.py:3954} INFO - Setting next_dagrun for tutorial_objectstorage to None, run_after=None
[2025-05-09T16:23:38.590+0000] {processor.py:183} INFO - Processing /home/airflow/.local/lib/python3.10/site-packages/airflow/example_dags/tutorial_objectstorage.py took 0.083 seconds
[2025-05-09T16:24:09.187+0000] {processor.py:161} INFO - Started process (PID=10692) to work on /home/airflow/.local/lib/python3.10/site-packages/airflow/example_dags/tutorial_objectstorage.py
[2025-05-09T16:24:09.190+0000] {processor.py:830} INFO - Processing file /home/airflow/.local/lib/python3.10/site-packages/airflow/example_dags/tutorial_objectstorage.py for tasks to queue
[2025-05-09T16:24:09.193+0000] {logging_mixin.py:188} INFO - [2025-05-09T16:24:09.192+0000] {dagbag.py:545} INFO - Filling up the DagBag from /home/airflow/.local/lib/python3.10/site-packages/airflow/example_dags/tutorial_objectstorage.py
[2025-05-09T16:24:09.202+0000] {processor.py:840} INFO - DAG(s) 'tutorial_objectstorage' retrieved from /home/airflow/.local/lib/python3.10/site-packages/airflow/example_dags/tutorial_objectstorage.py
[2025-05-09T16:24:09.234+0000] {logging_mixin.py:188} INFO - [2025-05-09T16:24:09.233+0000] {dag.py:3096} INFO - Sync 1 DAGs
[2025-05-09T16:24:09.252+0000] {logging_mixin.py:188} INFO - [2025-05-09T16:24:09.252+0000] {dag.py:3954} INFO - Setting next_dagrun for tutorial_objectstorage to None, run_after=None
[2025-05-09T16:24:09.287+0000] {processor.py:183} INFO - Processing /home/airflow/.local/lib/python3.10/site-packages/airflow/example_dags/tutorial_objectstorage.py took 0.107 seconds
[2025-05-09T16:24:39.461+0000] {processor.py:161} INFO - Started process (PID=10978) to work on /home/airflow/.local/lib/python3.10/site-packages/airflow/example_dags/tutorial_objectstorage.py
[2025-05-09T16:24:39.463+0000] {processor.py:830} INFO - Processing file /home/airflow/.local/lib/python3.10/site-packages/airflow/example_dags/tutorial_objectstorage.py for tasks to queue
[2025-05-09T16:24:39.466+0000] {logging_mixin.py:188} INFO - [2025-05-09T16:24:39.465+0000] {dagbag.py:545} INFO - Filling up the DagBag from /home/airflow/.local/lib/python3.10/site-packages/airflow/example_dags/tutorial_objectstorage.py
[2025-05-09T16:24:39.475+0000] {processor.py:840} INFO - DAG(s) 'tutorial_objectstorage' retrieved from /home/airflow/.local/lib/python3.10/site-packages/airflow/example_dags/tutorial_objectstorage.py
[2025-05-09T16:24:39.498+0000] {logging_mixin.py:188} INFO - [2025-05-09T16:24:39.497+0000] {dag.py:3096} INFO - Sync 1 DAGs
[2025-05-09T16:24:39.511+0000] {logging_mixin.py:188} INFO - [2025-05-09T16:24:39.511+0000] {dag.py:3954} INFO - Setting next_dagrun for tutorial_objectstorage to None, run_after=None
[2025-05-09T16:24:39.545+0000] {processor.py:183} INFO - Processing /home/airflow/.local/lib/python3.10/site-packages/airflow/example_dags/tutorial_objectstorage.py took 0.090 seconds
[2025-05-09T16:25:09.710+0000] {processor.py:161} INFO - Started process (PID=11333) to work on /home/airflow/.local/lib/python3.10/site-packages/airflow/example_dags/tutorial_objectstorage.py
[2025-05-09T16:25:09.712+0000] {processor.py:830} INFO - Processing file /home/airflow/.local/lib/python3.10/site-packages/airflow/example_dags/tutorial_objectstorage.py for tasks to queue
[2025-05-09T16:25:09.715+0000] {logging_mixin.py:188} INFO - [2025-05-09T16:25:09.714+0000] {dagbag.py:545} INFO - Filling up the DagBag from /home/airflow/.local/lib/python3.10/site-packages/airflow/example_dags/tutorial_objectstorage.py
[2025-05-09T16:25:09.723+0000] {processor.py:840} INFO - DAG(s) 'tutorial_objectstorage' retrieved from /home/airflow/.local/lib/python3.10/site-packages/airflow/example_dags/tutorial_objectstorage.py
[2025-05-09T16:25:09.754+0000] {logging_mixin.py:188} INFO - [2025-05-09T16:25:09.754+0000] {dag.py:3096} INFO - Sync 1 DAGs
[2025-05-09T16:25:09.773+0000] {logging_mixin.py:188} INFO - [2025-05-09T16:25:09.772+0000] {dag.py:3954} INFO - Setting next_dagrun for tutorial_objectstorage to None, run_after=None
[2025-05-09T16:25:09.799+0000] {processor.py:183} INFO - Processing /home/airflow/.local/lib/python3.10/site-packages/airflow/example_dags/tutorial_objectstorage.py took 0.096 seconds
[2025-05-09T16:25:40.603+0000] {processor.py:161} INFO - Started process (PID=11601) to work on /home/airflow/.local/lib/python3.10/site-packages/airflow/example_dags/tutorial_objectstorage.py
[2025-05-09T16:25:40.604+0000] {processor.py:830} INFO - Processing file /home/airflow/.local/lib/python3.10/site-packages/airflow/example_dags/tutorial_objectstorage.py for tasks to queue
[2025-05-09T16:25:40.607+0000] {logging_mixin.py:188} INFO - [2025-05-09T16:25:40.606+0000] {dagbag.py:545} INFO - Filling up the DagBag from /home/airflow/.local/lib/python3.10/site-packages/airflow/example_dags/tutorial_objectstorage.py
[2025-05-09T16:25:40.614+0000] {processor.py:840} INFO - DAG(s) 'tutorial_objectstorage' retrieved from /home/airflow/.local/lib/python3.10/site-packages/airflow/example_dags/tutorial_objectstorage.py
[2025-05-09T16:25:40.637+0000] {logging_mixin.py:188} INFO - [2025-05-09T16:25:40.637+0000] {dag.py:3096} INFO - Sync 1 DAGs
[2025-05-09T16:25:40.650+0000] {logging_mixin.py:188} INFO - [2025-05-09T16:25:40.650+0000] {dag.py:3954} INFO - Setting next_dagrun for tutorial_objectstorage to None, run_after=None
[2025-05-09T16:25:40.677+0000] {processor.py:183} INFO - Processing /home/airflow/.local/lib/python3.10/site-packages/airflow/example_dags/tutorial_objectstorage.py took 0.081 seconds
[2025-05-09T16:26:11.028+0000] {processor.py:161} INFO - Started process (PID=11926) to work on /home/airflow/.local/lib/python3.10/site-packages/airflow/example_dags/tutorial_objectstorage.py
[2025-05-09T16:26:11.031+0000] {processor.py:830} INFO - Processing file /home/airflow/.local/lib/python3.10/site-packages/airflow/example_dags/tutorial_objectstorage.py for tasks to queue
[2025-05-09T16:26:11.033+0000] {logging_mixin.py:188} INFO - [2025-05-09T16:26:11.033+0000] {dagbag.py:545} INFO - Filling up the DagBag from /home/airflow/.local/lib/python3.10/site-packages/airflow/example_dags/tutorial_objectstorage.py
[2025-05-09T16:26:11.042+0000] {processor.py:840} INFO - DAG(s) 'tutorial_objectstorage' retrieved from /home/airflow/.local/lib/python3.10/site-packages/airflow/example_dags/tutorial_objectstorage.py
[2025-05-09T16:26:11.080+0000] {logging_mixin.py:188} INFO - [2025-05-09T16:26:11.080+0000] {dag.py:3096} INFO - Sync 1 DAGs
[2025-05-09T16:26:11.107+0000] {logging_mixin.py:188} INFO - [2025-05-09T16:26:11.106+0000] {dag.py:3954} INFO - Setting next_dagrun for tutorial_objectstorage to None, run_after=None
[2025-05-09T16:26:11.151+0000] {processor.py:183} INFO - Processing /home/airflow/.local/lib/python3.10/site-packages/airflow/example_dags/tutorial_objectstorage.py took 0.129 seconds
[2025-05-09T16:26:41.581+0000] {processor.py:161} INFO - Started process (PID=12203) to work on /home/airflow/.local/lib/python3.10/site-packages/airflow/example_dags/tutorial_objectstorage.py
[2025-05-09T16:26:41.583+0000] {processor.py:830} INFO - Processing file /home/airflow/.local/lib/python3.10/site-packages/airflow/example_dags/tutorial_objectstorage.py for tasks to queue
[2025-05-09T16:26:41.586+0000] {logging_mixin.py:188} INFO - [2025-05-09T16:26:41.586+0000] {dagbag.py:545} INFO - Filling up the DagBag from /home/airflow/.local/lib/python3.10/site-packages/airflow/example_dags/tutorial_objectstorage.py
[2025-05-09T16:26:41.593+0000] {processor.py:840} INFO - DAG(s) 'tutorial_objectstorage' retrieved from /home/airflow/.local/lib/python3.10/site-packages/airflow/example_dags/tutorial_objectstorage.py
[2025-05-09T16:26:41.616+0000] {logging_mixin.py:188} INFO - [2025-05-09T16:26:41.615+0000] {dag.py:3096} INFO - Sync 1 DAGs
[2025-05-09T16:26:41.627+0000] {logging_mixin.py:188} INFO - [2025-05-09T16:26:41.627+0000] {dag.py:3954} INFO - Setting next_dagrun for tutorial_objectstorage to None, run_after=None
[2025-05-09T16:26:41.652+0000] {processor.py:183} INFO - Processing /home/airflow/.local/lib/python3.10/site-packages/airflow/example_dags/tutorial_objectstorage.py took 0.076 seconds
[2025-05-09T16:27:12.138+0000] {processor.py:161} INFO - Started process (PID=12522) to work on /home/airflow/.local/lib/python3.10/site-packages/airflow/example_dags/tutorial_objectstorage.py
[2025-05-09T16:27:12.140+0000] {processor.py:830} INFO - Processing file /home/airflow/.local/lib/python3.10/site-packages/airflow/example_dags/tutorial_objectstorage.py for tasks to queue
[2025-05-09T16:27:12.143+0000] {logging_mixin.py:188} INFO - [2025-05-09T16:27:12.142+0000] {dagbag.py:545} INFO - Filling up the DagBag from /home/airflow/.local/lib/python3.10/site-packages/airflow/example_dags/tutorial_objectstorage.py
[2025-05-09T16:27:12.153+0000] {processor.py:840} INFO - DAG(s) 'tutorial_objectstorage' retrieved from /home/airflow/.local/lib/python3.10/site-packages/airflow/example_dags/tutorial_objectstorage.py
[2025-05-09T16:27:12.182+0000] {logging_mixin.py:188} INFO - [2025-05-09T16:27:12.182+0000] {dag.py:3096} INFO - Sync 1 DAGs
[2025-05-09T16:27:12.204+0000] {logging_mixin.py:188} INFO - [2025-05-09T16:27:12.204+0000] {dag.py:3954} INFO - Setting next_dagrun for tutorial_objectstorage to None, run_after=None
[2025-05-09T16:27:12.244+0000] {processor.py:183} INFO - Processing /home/airflow/.local/lib/python3.10/site-packages/airflow/example_dags/tutorial_objectstorage.py took 0.115 seconds
[2025-05-09T16:27:42.310+0000] {processor.py:161} INFO - Started process (PID=12784) to work on /home/airflow/.local/lib/python3.10/site-packages/airflow/example_dags/tutorial_objectstorage.py
[2025-05-09T16:27:42.312+0000] {processor.py:830} INFO - Processing file /home/airflow/.local/lib/python3.10/site-packages/airflow/example_dags/tutorial_objectstorage.py for tasks to queue
[2025-05-09T16:27:42.316+0000] {logging_mixin.py:188} INFO - [2025-05-09T16:27:42.315+0000] {dagbag.py:545} INFO - Filling up the DagBag from /home/airflow/.local/lib/python3.10/site-packages/airflow/example_dags/tutorial_objectstorage.py
[2025-05-09T16:27:42.328+0000] {processor.py:840} INFO - DAG(s) 'tutorial_objectstorage' retrieved from /home/airflow/.local/lib/python3.10/site-packages/airflow/example_dags/tutorial_objectstorage.py
[2025-05-09T16:27:42.361+0000] {logging_mixin.py:188} INFO - [2025-05-09T16:27:42.361+0000] {dag.py:3096} INFO - Sync 1 DAGs
[2025-05-09T16:27:42.374+0000] {logging_mixin.py:188} INFO - [2025-05-09T16:27:42.373+0000] {dag.py:3954} INFO - Setting next_dagrun for tutorial_objectstorage to None, run_after=None
[2025-05-09T16:27:42.400+0000] {processor.py:183} INFO - Processing /home/airflow/.local/lib/python3.10/site-packages/airflow/example_dags/tutorial_objectstorage.py took 0.099 seconds
[2025-05-09T16:28:12.816+0000] {processor.py:161} INFO - Started process (PID=13082) to work on /home/airflow/.local/lib/python3.10/site-packages/airflow/example_dags/tutorial_objectstorage.py
[2025-05-09T16:28:12.818+0000] {processor.py:830} INFO - Processing file /home/airflow/.local/lib/python3.10/site-packages/airflow/example_dags/tutorial_objectstorage.py for tasks to queue
[2025-05-09T16:28:12.821+0000] {logging_mixin.py:188} INFO - [2025-05-09T16:28:12.820+0000] {dagbag.py:545} INFO - Filling up the DagBag from /home/airflow/.local/lib/python3.10/site-packages/airflow/example_dags/tutorial_objectstorage.py
[2025-05-09T16:28:12.829+0000] {processor.py:840} INFO - DAG(s) 'tutorial_objectstorage' retrieved from /home/airflow/.local/lib/python3.10/site-packages/airflow/example_dags/tutorial_objectstorage.py
[2025-05-09T16:28:12.853+0000] {logging_mixin.py:188} INFO - [2025-05-09T16:28:12.853+0000] {dag.py:3096} INFO - Sync 1 DAGs
[2025-05-09T16:28:12.868+0000] {logging_mixin.py:188} INFO - [2025-05-09T16:28:12.868+0000] {dag.py:3954} INFO - Setting next_dagrun for tutorial_objectstorage to None, run_after=None
[2025-05-09T16:28:12.894+0000] {processor.py:183} INFO - Processing /home/airflow/.local/lib/python3.10/site-packages/airflow/example_dags/tutorial_objectstorage.py took 0.085 seconds
[2025-05-09T16:28:43.816+0000] {processor.py:161} INFO - Started process (PID=13344) to work on /home/airflow/.local/lib/python3.10/site-packages/airflow/example_dags/tutorial_objectstorage.py
[2025-05-09T16:28:43.818+0000] {processor.py:830} INFO - Processing file /home/airflow/.local/lib/python3.10/site-packages/airflow/example_dags/tutorial_objectstorage.py for tasks to queue
[2025-05-09T16:28:43.822+0000] {logging_mixin.py:188} INFO - [2025-05-09T16:28:43.821+0000] {dagbag.py:545} INFO - Filling up the DagBag from /home/airflow/.local/lib/python3.10/site-packages/airflow/example_dags/tutorial_objectstorage.py
[2025-05-09T16:28:43.830+0000] {processor.py:840} INFO - DAG(s) 'tutorial_objectstorage' retrieved from /home/airflow/.local/lib/python3.10/site-packages/airflow/example_dags/tutorial_objectstorage.py
[2025-05-09T16:28:43.852+0000] {logging_mixin.py:188} INFO - [2025-05-09T16:28:43.852+0000] {dag.py:3096} INFO - Sync 1 DAGs
[2025-05-09T16:28:43.866+0000] {logging_mixin.py:188} INFO - [2025-05-09T16:28:43.865+0000] {dag.py:3954} INFO - Setting next_dagrun for tutorial_objectstorage to None, run_after=None
[2025-05-09T16:28:43.903+0000] {processor.py:183} INFO - Processing /home/airflow/.local/lib/python3.10/site-packages/airflow/example_dags/tutorial_objectstorage.py took 0.092 seconds
[2025-05-09T16:29:14.232+0000] {processor.py:161} INFO - Started process (PID=13681) to work on /home/airflow/.local/lib/python3.10/site-packages/airflow/example_dags/tutorial_objectstorage.py
[2025-05-09T16:29:14.234+0000] {processor.py:830} INFO - Processing file /home/airflow/.local/lib/python3.10/site-packages/airflow/example_dags/tutorial_objectstorage.py for tasks to queue
[2025-05-09T16:29:14.236+0000] {logging_mixin.py:188} INFO - [2025-05-09T16:29:14.236+0000] {dagbag.py:545} INFO - Filling up the DagBag from /home/airflow/.local/lib/python3.10/site-packages/airflow/example_dags/tutorial_objectstorage.py
[2025-05-09T16:29:14.243+0000] {processor.py:840} INFO - DAG(s) 'tutorial_objectstorage' retrieved from /home/airflow/.local/lib/python3.10/site-packages/airflow/example_dags/tutorial_objectstorage.py
[2025-05-09T16:29:14.264+0000] {logging_mixin.py:188} INFO - [2025-05-09T16:29:14.264+0000] {dag.py:3096} INFO - Sync 1 DAGs
[2025-05-09T16:29:14.277+0000] {logging_mixin.py:188} INFO - [2025-05-09T16:29:14.277+0000] {dag.py:3954} INFO - Setting next_dagrun for tutorial_objectstorage to None, run_after=None
[2025-05-09T16:29:14.301+0000] {processor.py:183} INFO - Processing /home/airflow/.local/lib/python3.10/site-packages/airflow/example_dags/tutorial_objectstorage.py took 0.074 seconds
[2025-05-09T16:29:44.735+0000] {processor.py:161} INFO - Started process (PID=13943) to work on /home/airflow/.local/lib/python3.10/site-packages/airflow/example_dags/tutorial_objectstorage.py
[2025-05-09T16:29:44.737+0000] {processor.py:830} INFO - Processing file /home/airflow/.local/lib/python3.10/site-packages/airflow/example_dags/tutorial_objectstorage.py for tasks to queue
[2025-05-09T16:29:44.740+0000] {logging_mixin.py:188} INFO - [2025-05-09T16:29:44.739+0000] {dagbag.py:545} INFO - Filling up the DagBag from /home/airflow/.local/lib/python3.10/site-packages/airflow/example_dags/tutorial_objectstorage.py
[2025-05-09T16:29:44.747+0000] {processor.py:840} INFO - DAG(s) 'tutorial_objectstorage' retrieved from /home/airflow/.local/lib/python3.10/site-packages/airflow/example_dags/tutorial_objectstorage.py
[2025-05-09T16:29:44.773+0000] {logging_mixin.py:188} INFO - [2025-05-09T16:29:44.773+0000] {dag.py:3096} INFO - Sync 1 DAGs
[2025-05-09T16:29:44.787+0000] {logging_mixin.py:188} INFO - [2025-05-09T16:29:44.787+0000] {dag.py:3954} INFO - Setting next_dagrun for tutorial_objectstorage to None, run_after=None
[2025-05-09T16:29:44.808+0000] {processor.py:183} INFO - Processing /home/airflow/.local/lib/python3.10/site-packages/airflow/example_dags/tutorial_objectstorage.py took 0.080 seconds
[2025-05-09T16:30:15.049+0000] {processor.py:161} INFO - Started process (PID=14256) to work on /home/airflow/.local/lib/python3.10/site-packages/airflow/example_dags/tutorial_objectstorage.py
[2025-05-09T16:30:15.051+0000] {processor.py:830} INFO - Processing file /home/airflow/.local/lib/python3.10/site-packages/airflow/example_dags/tutorial_objectstorage.py for tasks to queue
[2025-05-09T16:30:15.053+0000] {logging_mixin.py:188} INFO - [2025-05-09T16:30:15.053+0000] {dagbag.py:545} INFO - Filling up the DagBag from /home/airflow/.local/lib/python3.10/site-packages/airflow/example_dags/tutorial_objectstorage.py
[2025-05-09T16:30:15.066+0000] {processor.py:840} INFO - DAG(s) 'tutorial_objectstorage' retrieved from /home/airflow/.local/lib/python3.10/site-packages/airflow/example_dags/tutorial_objectstorage.py
[2025-05-09T16:30:15.094+0000] {logging_mixin.py:188} INFO - [2025-05-09T16:30:15.093+0000] {dag.py:3096} INFO - Sync 1 DAGs
[2025-05-09T16:30:15.111+0000] {logging_mixin.py:188} INFO - [2025-05-09T16:30:15.110+0000] {dag.py:3954} INFO - Setting next_dagrun for tutorial_objectstorage to None, run_after=None
[2025-05-09T16:30:15.135+0000] {processor.py:183} INFO - Processing /home/airflow/.local/lib/python3.10/site-packages/airflow/example_dags/tutorial_objectstorage.py took 0.093 seconds
[2025-05-09T16:30:45.480+0000] {processor.py:161} INFO - Started process (PID=14518) to work on /home/airflow/.local/lib/python3.10/site-packages/airflow/example_dags/tutorial_objectstorage.py
[2025-05-09T16:30:45.483+0000] {processor.py:830} INFO - Processing file /home/airflow/.local/lib/python3.10/site-packages/airflow/example_dags/tutorial_objectstorage.py for tasks to queue
[2025-05-09T16:30:45.486+0000] {logging_mixin.py:188} INFO - [2025-05-09T16:30:45.486+0000] {dagbag.py:545} INFO - Filling up the DagBag from /home/airflow/.local/lib/python3.10/site-packages/airflow/example_dags/tutorial_objectstorage.py
[2025-05-09T16:30:45.495+0000] {processor.py:840} INFO - DAG(s) 'tutorial_objectstorage' retrieved from /home/airflow/.local/lib/python3.10/site-packages/airflow/example_dags/tutorial_objectstorage.py
[2025-05-09T16:30:45.522+0000] {logging_mixin.py:188} INFO - [2025-05-09T16:30:45.522+0000] {dag.py:3096} INFO - Sync 1 DAGs
[2025-05-09T16:30:45.537+0000] {logging_mixin.py:188} INFO - [2025-05-09T16:30:45.537+0000] {dag.py:3954} INFO - Setting next_dagrun for tutorial_objectstorage to None, run_after=None
[2025-05-09T16:30:45.569+0000] {processor.py:183} INFO - Processing /home/airflow/.local/lib/python3.10/site-packages/airflow/example_dags/tutorial_objectstorage.py took 0.096 seconds
