[2025-05-09T12:10:20.815+0000] {processor.py:161} INFO - Started process (PID=271) to work on /home/airflow/.local/lib/python3.10/site-packages/airflow/example_dags/tutorial.py
[2025-05-09T12:10:20.817+0000] {processor.py:830} INFO - Processing file /home/airflow/.local/lib/python3.10/site-packages/airflow/example_dags/tutorial.py for tasks to queue
[2025-05-09T12:10:20.820+0000] {logging_mixin.py:188} INFO - [2025-05-09T12:10:20.820+0000] {dagbag.py:545} INFO - Filling up the DagBag from /home/airflow/.local/lib/python3.10/site-packages/airflow/example_dags/tutorial.py
[2025-05-09T12:10:20.830+0000] {processor.py:840} INFO - DAG(s) 'tutorial' retrieved from /home/airflow/.local/lib/python3.10/site-packages/airflow/example_dags/tutorial.py
[2025-05-09T12:10:20.846+0000] {logging_mixin.py:188} INFO - [2025-05-09T12:10:20.846+0000] {dag.py:3096} INFO - Sync 1 DAGs
[2025-05-09T12:10:20.877+0000] {logging_mixin.py:188} INFO - [2025-05-09T12:10:20.877+0000] {dag.py:3954} INFO - Setting next_dagrun for tutorial to 2025-05-08 00:00:00+00:00, run_after=2025-05-09 00:00:00+00:00
[2025-05-09T12:10:20.909+0000] {processor.py:183} INFO - Processing /home/airflow/.local/lib/python3.10/site-packages/airflow/example_dags/tutorial.py took 0.101 seconds
[2025-05-09T12:10:52.173+0000] {processor.py:161} INFO - Started process (PID=527) to work on /home/airflow/.local/lib/python3.10/site-packages/airflow/example_dags/tutorial.py
[2025-05-09T12:10:52.175+0000] {processor.py:830} INFO - Processing file /home/airflow/.local/lib/python3.10/site-packages/airflow/example_dags/tutorial.py for tasks to queue
[2025-05-09T12:10:52.177+0000] {logging_mixin.py:188} INFO - [2025-05-09T12:10:52.177+0000] {dagbag.py:545} INFO - Filling up the DagBag from /home/airflow/.local/lib/python3.10/site-packages/airflow/example_dags/tutorial.py
[2025-05-09T12:10:52.186+0000] {processor.py:840} INFO - DAG(s) 'tutorial' retrieved from /home/airflow/.local/lib/python3.10/site-packages/airflow/example_dags/tutorial.py
[2025-05-09T12:10:52.309+0000] {logging_mixin.py:188} INFO - [2025-05-09T12:10:52.309+0000] {dag.py:3096} INFO - Sync 1 DAGs
[2025-05-09T12:10:52.334+0000] {logging_mixin.py:188} INFO - [2025-05-09T12:10:52.333+0000] {dag.py:3954} INFO - Setting next_dagrun for tutorial to 2025-05-08 00:00:00+00:00, run_after=2025-05-09 00:00:00+00:00
[2025-05-09T12:10:52.372+0000] {processor.py:183} INFO - Processing /home/airflow/.local/lib/python3.10/site-packages/airflow/example_dags/tutorial.py took 0.208 seconds
[2025-05-09T12:11:22.906+0000] {processor.py:161} INFO - Started process (PID=785) to work on /home/airflow/.local/lib/python3.10/site-packages/airflow/example_dags/tutorial.py
[2025-05-09T12:11:22.907+0000] {processor.py:830} INFO - Processing file /home/airflow/.local/lib/python3.10/site-packages/airflow/example_dags/tutorial.py for tasks to queue
[2025-05-09T12:11:22.909+0000] {logging_mixin.py:188} INFO - [2025-05-09T12:11:22.909+0000] {dagbag.py:545} INFO - Filling up the DagBag from /home/airflow/.local/lib/python3.10/site-packages/airflow/example_dags/tutorial.py
[2025-05-09T12:11:22.916+0000] {processor.py:840} INFO - DAG(s) 'tutorial' retrieved from /home/airflow/.local/lib/python3.10/site-packages/airflow/example_dags/tutorial.py
[2025-05-09T12:11:22.940+0000] {logging_mixin.py:188} INFO - [2025-05-09T12:11:22.940+0000] {dag.py:3096} INFO - Sync 1 DAGs
[2025-05-09T12:11:22.964+0000] {logging_mixin.py:188} INFO - [2025-05-09T12:11:22.963+0000] {dag.py:3954} INFO - Setting next_dagrun for tutorial to 2025-05-08 00:00:00+00:00, run_after=2025-05-09 00:00:00+00:00
[2025-05-09T12:11:22.983+0000] {processor.py:183} INFO - Processing /home/airflow/.local/lib/python3.10/site-packages/airflow/example_dags/tutorial.py took 0.085 seconds
[2025-05-09T12:11:53.087+0000] {processor.py:161} INFO - Started process (PID=1041) to work on /home/airflow/.local/lib/python3.10/site-packages/airflow/example_dags/tutorial.py
[2025-05-09T12:11:53.088+0000] {processor.py:830} INFO - Processing file /home/airflow/.local/lib/python3.10/site-packages/airflow/example_dags/tutorial.py for tasks to queue
[2025-05-09T12:11:53.090+0000] {logging_mixin.py:188} INFO - [2025-05-09T12:11:53.090+0000] {dagbag.py:545} INFO - Filling up the DagBag from /home/airflow/.local/lib/python3.10/site-packages/airflow/example_dags/tutorial.py
[2025-05-09T12:11:53.097+0000] {processor.py:840} INFO - DAG(s) 'tutorial' retrieved from /home/airflow/.local/lib/python3.10/site-packages/airflow/example_dags/tutorial.py
[2025-05-09T12:11:53.118+0000] {logging_mixin.py:188} INFO - [2025-05-09T12:11:53.118+0000] {dag.py:3096} INFO - Sync 1 DAGs
[2025-05-09T12:11:53.145+0000] {logging_mixin.py:188} INFO - [2025-05-09T12:11:53.144+0000] {dag.py:3954} INFO - Setting next_dagrun for tutorial to 2025-05-08 00:00:00+00:00, run_after=2025-05-09 00:00:00+00:00
[2025-05-09T12:11:53.164+0000] {processor.py:183} INFO - Processing /home/airflow/.local/lib/python3.10/site-packages/airflow/example_dags/tutorial.py took 0.084 seconds
[2025-05-09T12:12:23.561+0000] {processor.py:161} INFO - Started process (PID=1295) to work on /home/airflow/.local/lib/python3.10/site-packages/airflow/example_dags/tutorial.py
[2025-05-09T12:12:23.562+0000] {processor.py:830} INFO - Processing file /home/airflow/.local/lib/python3.10/site-packages/airflow/example_dags/tutorial.py for tasks to queue
[2025-05-09T12:12:23.564+0000] {logging_mixin.py:188} INFO - [2025-05-09T12:12:23.564+0000] {dagbag.py:545} INFO - Filling up the DagBag from /home/airflow/.local/lib/python3.10/site-packages/airflow/example_dags/tutorial.py
[2025-05-09T12:12:23.574+0000] {processor.py:840} INFO - DAG(s) 'tutorial' retrieved from /home/airflow/.local/lib/python3.10/site-packages/airflow/example_dags/tutorial.py
[2025-05-09T12:12:23.602+0000] {logging_mixin.py:188} INFO - [2025-05-09T12:12:23.602+0000] {dag.py:3096} INFO - Sync 1 DAGs
[2025-05-09T12:12:23.627+0000] {logging_mixin.py:188} INFO - [2025-05-09T12:12:23.627+0000] {dag.py:3954} INFO - Setting next_dagrun for tutorial to 2025-05-08 00:00:00+00:00, run_after=2025-05-09 00:00:00+00:00
[2025-05-09T12:12:23.650+0000] {processor.py:183} INFO - Processing /home/airflow/.local/lib/python3.10/site-packages/airflow/example_dags/tutorial.py took 0.098 seconds
[2025-05-09T12:12:53.948+0000] {processor.py:161} INFO - Started process (PID=1553) to work on /home/airflow/.local/lib/python3.10/site-packages/airflow/example_dags/tutorial.py
[2025-05-09T12:12:53.950+0000] {processor.py:830} INFO - Processing file /home/airflow/.local/lib/python3.10/site-packages/airflow/example_dags/tutorial.py for tasks to queue
[2025-05-09T12:12:53.952+0000] {logging_mixin.py:188} INFO - [2025-05-09T12:12:53.951+0000] {dagbag.py:545} INFO - Filling up the DagBag from /home/airflow/.local/lib/python3.10/site-packages/airflow/example_dags/tutorial.py
[2025-05-09T12:12:53.959+0000] {processor.py:840} INFO - DAG(s) 'tutorial' retrieved from /home/airflow/.local/lib/python3.10/site-packages/airflow/example_dags/tutorial.py
[2025-05-09T12:12:53.984+0000] {logging_mixin.py:188} INFO - [2025-05-09T12:12:53.984+0000] {dag.py:3096} INFO - Sync 1 DAGs
[2025-05-09T12:12:54.008+0000] {logging_mixin.py:188} INFO - [2025-05-09T12:12:54.008+0000] {dag.py:3954} INFO - Setting next_dagrun for tutorial to 2025-05-08 00:00:00+00:00, run_after=2025-05-09 00:00:00+00:00
[2025-05-09T12:12:54.030+0000] {processor.py:183} INFO - Processing /home/airflow/.local/lib/python3.10/site-packages/airflow/example_dags/tutorial.py took 0.089 seconds
[2025-05-09T12:13:24.131+0000] {processor.py:161} INFO - Started process (PID=1809) to work on /home/airflow/.local/lib/python3.10/site-packages/airflow/example_dags/tutorial.py
[2025-05-09T12:13:24.133+0000] {processor.py:830} INFO - Processing file /home/airflow/.local/lib/python3.10/site-packages/airflow/example_dags/tutorial.py for tasks to queue
[2025-05-09T12:13:24.135+0000] {logging_mixin.py:188} INFO - [2025-05-09T12:13:24.134+0000] {dagbag.py:545} INFO - Filling up the DagBag from /home/airflow/.local/lib/python3.10/site-packages/airflow/example_dags/tutorial.py
[2025-05-09T12:13:24.141+0000] {processor.py:840} INFO - DAG(s) 'tutorial' retrieved from /home/airflow/.local/lib/python3.10/site-packages/airflow/example_dags/tutorial.py
[2025-05-09T12:13:24.163+0000] {logging_mixin.py:188} INFO - [2025-05-09T12:13:24.162+0000] {dag.py:3096} INFO - Sync 1 DAGs
[2025-05-09T12:13:24.185+0000] {logging_mixin.py:188} INFO - [2025-05-09T12:13:24.185+0000] {dag.py:3954} INFO - Setting next_dagrun for tutorial to 2025-05-08 00:00:00+00:00, run_after=2025-05-09 00:00:00+00:00
[2025-05-09T12:13:24.223+0000] {processor.py:183} INFO - Processing /home/airflow/.local/lib/python3.10/site-packages/airflow/example_dags/tutorial.py took 0.103 seconds
[2025-05-09T12:13:54.497+0000] {processor.py:161} INFO - Started process (PID=2063) to work on /home/airflow/.local/lib/python3.10/site-packages/airflow/example_dags/tutorial.py
[2025-05-09T12:13:54.498+0000] {processor.py:830} INFO - Processing file /home/airflow/.local/lib/python3.10/site-packages/airflow/example_dags/tutorial.py for tasks to queue
[2025-05-09T12:13:54.501+0000] {logging_mixin.py:188} INFO - [2025-05-09T12:13:54.500+0000] {dagbag.py:545} INFO - Filling up the DagBag from /home/airflow/.local/lib/python3.10/site-packages/airflow/example_dags/tutorial.py
[2025-05-09T12:13:54.507+0000] {processor.py:840} INFO - DAG(s) 'tutorial' retrieved from /home/airflow/.local/lib/python3.10/site-packages/airflow/example_dags/tutorial.py
[2025-05-09T12:13:54.532+0000] {logging_mixin.py:188} INFO - [2025-05-09T12:13:54.532+0000] {dag.py:3096} INFO - Sync 1 DAGs
[2025-05-09T12:13:54.556+0000] {logging_mixin.py:188} INFO - [2025-05-09T12:13:54.556+0000] {dag.py:3954} INFO - Setting next_dagrun for tutorial to 2025-05-08 00:00:00+00:00, run_after=2025-05-09 00:00:00+00:00
[2025-05-09T12:13:54.581+0000] {processor.py:183} INFO - Processing /home/airflow/.local/lib/python3.10/site-packages/airflow/example_dags/tutorial.py took 0.093 seconds
[2025-05-09T12:14:25.229+0000] {processor.py:161} INFO - Started process (PID=2321) to work on /home/airflow/.local/lib/python3.10/site-packages/airflow/example_dags/tutorial.py
[2025-05-09T12:14:25.231+0000] {processor.py:830} INFO - Processing file /home/airflow/.local/lib/python3.10/site-packages/airflow/example_dags/tutorial.py for tasks to queue
[2025-05-09T12:14:25.233+0000] {logging_mixin.py:188} INFO - [2025-05-09T12:14:25.233+0000] {dagbag.py:545} INFO - Filling up the DagBag from /home/airflow/.local/lib/python3.10/site-packages/airflow/example_dags/tutorial.py
[2025-05-09T12:14:25.240+0000] {processor.py:840} INFO - DAG(s) 'tutorial' retrieved from /home/airflow/.local/lib/python3.10/site-packages/airflow/example_dags/tutorial.py
[2025-05-09T12:14:25.263+0000] {logging_mixin.py:188} INFO - [2025-05-09T12:14:25.262+0000] {dag.py:3096} INFO - Sync 1 DAGs
[2025-05-09T12:14:25.285+0000] {logging_mixin.py:188} INFO - [2025-05-09T12:14:25.285+0000] {dag.py:3954} INFO - Setting next_dagrun for tutorial to 2025-05-08 00:00:00+00:00, run_after=2025-05-09 00:00:00+00:00
[2025-05-09T12:14:25.305+0000] {processor.py:183} INFO - Processing /home/airflow/.local/lib/python3.10/site-packages/airflow/example_dags/tutorial.py took 0.083 seconds
[2025-05-09T12:14:55.582+0000] {processor.py:161} INFO - Started process (PID=2575) to work on /home/airflow/.local/lib/python3.10/site-packages/airflow/example_dags/tutorial.py
[2025-05-09T12:14:55.584+0000] {processor.py:830} INFO - Processing file /home/airflow/.local/lib/python3.10/site-packages/airflow/example_dags/tutorial.py for tasks to queue
[2025-05-09T12:14:55.586+0000] {logging_mixin.py:188} INFO - [2025-05-09T12:14:55.585+0000] {dagbag.py:545} INFO - Filling up the DagBag from /home/airflow/.local/lib/python3.10/site-packages/airflow/example_dags/tutorial.py
[2025-05-09T12:14:55.592+0000] {processor.py:840} INFO - DAG(s) 'tutorial' retrieved from /home/airflow/.local/lib/python3.10/site-packages/airflow/example_dags/tutorial.py
[2025-05-09T12:14:55.617+0000] {logging_mixin.py:188} INFO - [2025-05-09T12:14:55.617+0000] {dag.py:3096} INFO - Sync 1 DAGs
[2025-05-09T12:14:55.647+0000] {logging_mixin.py:188} INFO - [2025-05-09T12:14:55.646+0000] {dag.py:3954} INFO - Setting next_dagrun for tutorial to 2025-05-08 00:00:00+00:00, run_after=2025-05-09 00:00:00+00:00
[2025-05-09T12:14:55.665+0000] {processor.py:183} INFO - Processing /home/airflow/.local/lib/python3.10/site-packages/airflow/example_dags/tutorial.py took 0.091 seconds
[2025-05-09T12:15:25.836+0000] {processor.py:161} INFO - Started process (PID=2837) to work on /home/airflow/.local/lib/python3.10/site-packages/airflow/example_dags/tutorial.py
[2025-05-09T12:15:25.838+0000] {processor.py:830} INFO - Processing file /home/airflow/.local/lib/python3.10/site-packages/airflow/example_dags/tutorial.py for tasks to queue
[2025-05-09T12:15:25.841+0000] {logging_mixin.py:188} INFO - [2025-05-09T12:15:25.841+0000] {dagbag.py:545} INFO - Filling up the DagBag from /home/airflow/.local/lib/python3.10/site-packages/airflow/example_dags/tutorial.py
[2025-05-09T12:15:25.849+0000] {processor.py:840} INFO - DAG(s) 'tutorial' retrieved from /home/airflow/.local/lib/python3.10/site-packages/airflow/example_dags/tutorial.py
[2025-05-09T12:15:25.879+0000] {logging_mixin.py:188} INFO - [2025-05-09T12:15:25.878+0000] {dag.py:3096} INFO - Sync 1 DAGs
[2025-05-09T12:15:25.909+0000] {logging_mixin.py:188} INFO - [2025-05-09T12:15:25.908+0000] {dag.py:3954} INFO - Setting next_dagrun for tutorial to 2025-05-08 00:00:00+00:00, run_after=2025-05-09 00:00:00+00:00
[2025-05-09T12:15:25.933+0000] {processor.py:183} INFO - Processing /home/airflow/.local/lib/python3.10/site-packages/airflow/example_dags/tutorial.py took 0.103 seconds
[2025-05-09T12:43:53.246+0000] {processor.py:161} INFO - Started process (PID=277) to work on /home/airflow/.local/lib/python3.10/site-packages/airflow/example_dags/tutorial.py
[2025-05-09T12:43:53.248+0000] {processor.py:830} INFO - Processing file /home/airflow/.local/lib/python3.10/site-packages/airflow/example_dags/tutorial.py for tasks to queue
[2025-05-09T12:43:53.251+0000] {logging_mixin.py:188} INFO - [2025-05-09T12:43:53.250+0000] {dagbag.py:545} INFO - Filling up the DagBag from /home/airflow/.local/lib/python3.10/site-packages/airflow/example_dags/tutorial.py
[2025-05-09T12:43:53.259+0000] {processor.py:840} INFO - DAG(s) 'tutorial' retrieved from /home/airflow/.local/lib/python3.10/site-packages/airflow/example_dags/tutorial.py
[2025-05-09T12:43:53.276+0000] {logging_mixin.py:188} INFO - [2025-05-09T12:43:53.276+0000] {dag.py:3096} INFO - Sync 1 DAGs
[2025-05-09T12:43:53.306+0000] {logging_mixin.py:188} INFO - [2025-05-09T12:43:53.305+0000] {dag.py:3954} INFO - Setting next_dagrun for tutorial to 2025-05-08 00:00:00+00:00, run_after=2025-05-09 00:00:00+00:00
[2025-05-09T12:43:53.346+0000] {processor.py:183} INFO - Processing /home/airflow/.local/lib/python3.10/site-packages/airflow/example_dags/tutorial.py took 0.109 seconds
[2025-05-09T12:44:24.725+0000] {processor.py:161} INFO - Started process (PID=539) to work on /home/airflow/.local/lib/python3.10/site-packages/airflow/example_dags/tutorial.py
[2025-05-09T12:44:24.726+0000] {processor.py:830} INFO - Processing file /home/airflow/.local/lib/python3.10/site-packages/airflow/example_dags/tutorial.py for tasks to queue
[2025-05-09T12:44:24.728+0000] {logging_mixin.py:188} INFO - [2025-05-09T12:44:24.728+0000] {dagbag.py:545} INFO - Filling up the DagBag from /home/airflow/.local/lib/python3.10/site-packages/airflow/example_dags/tutorial.py
[2025-05-09T12:44:24.735+0000] {processor.py:840} INFO - DAG(s) 'tutorial' retrieved from /home/airflow/.local/lib/python3.10/site-packages/airflow/example_dags/tutorial.py
[2025-05-09T12:44:24.849+0000] {logging_mixin.py:188} INFO - [2025-05-09T12:44:24.849+0000] {dag.py:3096} INFO - Sync 1 DAGs
[2025-05-09T12:44:24.877+0000] {logging_mixin.py:188} INFO - [2025-05-09T12:44:24.877+0000] {dag.py:3954} INFO - Setting next_dagrun for tutorial to 2025-05-08 00:00:00+00:00, run_after=2025-05-09 00:00:00+00:00
[2025-05-09T12:44:24.898+0000] {processor.py:183} INFO - Processing /home/airflow/.local/lib/python3.10/site-packages/airflow/example_dags/tutorial.py took 0.180 seconds
[2025-05-09T12:44:55.522+0000] {processor.py:161} INFO - Started process (PID=801) to work on /home/airflow/.local/lib/python3.10/site-packages/airflow/example_dags/tutorial.py
[2025-05-09T12:44:55.523+0000] {processor.py:830} INFO - Processing file /home/airflow/.local/lib/python3.10/site-packages/airflow/example_dags/tutorial.py for tasks to queue
[2025-05-09T12:44:55.525+0000] {logging_mixin.py:188} INFO - [2025-05-09T12:44:55.525+0000] {dagbag.py:545} INFO - Filling up the DagBag from /home/airflow/.local/lib/python3.10/site-packages/airflow/example_dags/tutorial.py
[2025-05-09T12:44:55.531+0000] {processor.py:840} INFO - DAG(s) 'tutorial' retrieved from /home/airflow/.local/lib/python3.10/site-packages/airflow/example_dags/tutorial.py
[2025-05-09T12:44:55.558+0000] {logging_mixin.py:188} INFO - [2025-05-09T12:44:55.557+0000] {dag.py:3096} INFO - Sync 1 DAGs
[2025-05-09T12:44:55.581+0000] {logging_mixin.py:188} INFO - [2025-05-09T12:44:55.581+0000] {dag.py:3954} INFO - Setting next_dagrun for tutorial to 2025-05-08 00:00:00+00:00, run_after=2025-05-09 00:00:00+00:00
[2025-05-09T12:44:55.613+0000] {processor.py:183} INFO - Processing /home/airflow/.local/lib/python3.10/site-packages/airflow/example_dags/tutorial.py took 0.099 seconds
[2025-05-09T12:45:26.295+0000] {processor.py:161} INFO - Started process (PID=1063) to work on /home/airflow/.local/lib/python3.10/site-packages/airflow/example_dags/tutorial.py
[2025-05-09T12:45:26.297+0000] {processor.py:830} INFO - Processing file /home/airflow/.local/lib/python3.10/site-packages/airflow/example_dags/tutorial.py for tasks to queue
[2025-05-09T12:45:26.300+0000] {logging_mixin.py:188} INFO - [2025-05-09T12:45:26.300+0000] {dagbag.py:545} INFO - Filling up the DagBag from /home/airflow/.local/lib/python3.10/site-packages/airflow/example_dags/tutorial.py
[2025-05-09T12:45:26.309+0000] {processor.py:840} INFO - DAG(s) 'tutorial' retrieved from /home/airflow/.local/lib/python3.10/site-packages/airflow/example_dags/tutorial.py
[2025-05-09T12:45:26.346+0000] {logging_mixin.py:188} INFO - [2025-05-09T12:45:26.346+0000] {dag.py:3096} INFO - Sync 1 DAGs
[2025-05-09T12:45:26.389+0000] {logging_mixin.py:188} INFO - [2025-05-09T12:45:26.389+0000] {dag.py:3954} INFO - Setting next_dagrun for tutorial to 2025-05-08 00:00:00+00:00, run_after=2025-05-09 00:00:00+00:00
[2025-05-09T12:45:26.425+0000] {processor.py:183} INFO - Processing /home/airflow/.local/lib/python3.10/site-packages/airflow/example_dags/tutorial.py took 0.141 seconds
[2025-05-09T12:45:57.116+0000] {processor.py:161} INFO - Started process (PID=1325) to work on /home/airflow/.local/lib/python3.10/site-packages/airflow/example_dags/tutorial.py
[2025-05-09T12:45:57.117+0000] {processor.py:830} INFO - Processing file /home/airflow/.local/lib/python3.10/site-packages/airflow/example_dags/tutorial.py for tasks to queue
[2025-05-09T12:45:57.120+0000] {logging_mixin.py:188} INFO - [2025-05-09T12:45:57.119+0000] {dagbag.py:545} INFO - Filling up the DagBag from /home/airflow/.local/lib/python3.10/site-packages/airflow/example_dags/tutorial.py
[2025-05-09T12:45:57.127+0000] {processor.py:840} INFO - DAG(s) 'tutorial' retrieved from /home/airflow/.local/lib/python3.10/site-packages/airflow/example_dags/tutorial.py
[2025-05-09T12:45:57.151+0000] {logging_mixin.py:188} INFO - [2025-05-09T12:45:57.151+0000] {dag.py:3096} INFO - Sync 1 DAGs
[2025-05-09T12:45:57.178+0000] {logging_mixin.py:188} INFO - [2025-05-09T12:45:57.177+0000] {dag.py:3954} INFO - Setting next_dagrun for tutorial to 2025-05-08 00:00:00+00:00, run_after=2025-05-09 00:00:00+00:00
[2025-05-09T12:45:57.202+0000] {processor.py:183} INFO - Processing /home/airflow/.local/lib/python3.10/site-packages/airflow/example_dags/tutorial.py took 0.093 seconds
[2025-05-09T12:46:27.670+0000] {processor.py:161} INFO - Started process (PID=1587) to work on /home/airflow/.local/lib/python3.10/site-packages/airflow/example_dags/tutorial.py
[2025-05-09T12:46:27.671+0000] {processor.py:830} INFO - Processing file /home/airflow/.local/lib/python3.10/site-packages/airflow/example_dags/tutorial.py for tasks to queue
[2025-05-09T12:46:27.673+0000] {logging_mixin.py:188} INFO - [2025-05-09T12:46:27.673+0000] {dagbag.py:545} INFO - Filling up the DagBag from /home/airflow/.local/lib/python3.10/site-packages/airflow/example_dags/tutorial.py
[2025-05-09T12:46:27.681+0000] {processor.py:840} INFO - DAG(s) 'tutorial' retrieved from /home/airflow/.local/lib/python3.10/site-packages/airflow/example_dags/tutorial.py
[2025-05-09T12:46:27.702+0000] {logging_mixin.py:188} INFO - [2025-05-09T12:46:27.702+0000] {dag.py:3096} INFO - Sync 1 DAGs
[2025-05-09T12:46:27.730+0000] {logging_mixin.py:188} INFO - [2025-05-09T12:46:27.730+0000] {dag.py:3954} INFO - Setting next_dagrun for tutorial to 2025-05-08 00:00:00+00:00, run_after=2025-05-09 00:00:00+00:00
[2025-05-09T12:46:27.752+0000] {processor.py:183} INFO - Processing /home/airflow/.local/lib/python3.10/site-packages/airflow/example_dags/tutorial.py took 0.088 seconds
[2025-05-09T12:46:58.272+0000] {processor.py:161} INFO - Started process (PID=1849) to work on /home/airflow/.local/lib/python3.10/site-packages/airflow/example_dags/tutorial.py
[2025-05-09T12:46:58.274+0000] {processor.py:830} INFO - Processing file /home/airflow/.local/lib/python3.10/site-packages/airflow/example_dags/tutorial.py for tasks to queue
[2025-05-09T12:46:58.279+0000] {logging_mixin.py:188} INFO - [2025-05-09T12:46:58.279+0000] {dagbag.py:545} INFO - Filling up the DagBag from /home/airflow/.local/lib/python3.10/site-packages/airflow/example_dags/tutorial.py
[2025-05-09T12:46:58.285+0000] {processor.py:840} INFO - DAG(s) 'tutorial' retrieved from /home/airflow/.local/lib/python3.10/site-packages/airflow/example_dags/tutorial.py
[2025-05-09T12:46:58.311+0000] {logging_mixin.py:188} INFO - [2025-05-09T12:46:58.311+0000] {dag.py:3096} INFO - Sync 1 DAGs
[2025-05-09T12:46:58.333+0000] {logging_mixin.py:188} INFO - [2025-05-09T12:46:58.333+0000] {dag.py:3954} INFO - Setting next_dagrun for tutorial to 2025-05-08 00:00:00+00:00, run_after=2025-05-09 00:00:00+00:00
[2025-05-09T12:46:58.359+0000] {processor.py:183} INFO - Processing /home/airflow/.local/lib/python3.10/site-packages/airflow/example_dags/tutorial.py took 0.092 seconds
[2025-05-09T12:47:28.663+0000] {processor.py:161} INFO - Started process (PID=2122) to work on /home/airflow/.local/lib/python3.10/site-packages/airflow/example_dags/tutorial.py
[2025-05-09T12:47:28.665+0000] {processor.py:830} INFO - Processing file /home/airflow/.local/lib/python3.10/site-packages/airflow/example_dags/tutorial.py for tasks to queue
[2025-05-09T12:47:28.667+0000] {logging_mixin.py:188} INFO - [2025-05-09T12:47:28.666+0000] {dagbag.py:545} INFO - Filling up the DagBag from /home/airflow/.local/lib/python3.10/site-packages/airflow/example_dags/tutorial.py
[2025-05-09T12:47:28.673+0000] {processor.py:840} INFO - DAG(s) 'tutorial' retrieved from /home/airflow/.local/lib/python3.10/site-packages/airflow/example_dags/tutorial.py
[2025-05-09T12:47:28.695+0000] {logging_mixin.py:188} INFO - [2025-05-09T12:47:28.695+0000] {dag.py:3096} INFO - Sync 1 DAGs
[2025-05-09T12:47:28.715+0000] {logging_mixin.py:188} INFO - [2025-05-09T12:47:28.714+0000] {dag.py:3954} INFO - Setting next_dagrun for tutorial to 2025-05-08 00:00:00+00:00, run_after=2025-05-09 00:00:00+00:00
[2025-05-09T12:47:28.734+0000] {processor.py:183} INFO - Processing /home/airflow/.local/lib/python3.10/site-packages/airflow/example_dags/tutorial.py took 0.078 seconds
[2025-05-09T12:47:59.054+0000] {processor.py:161} INFO - Started process (PID=2382) to work on /home/airflow/.local/lib/python3.10/site-packages/airflow/example_dags/tutorial.py
[2025-05-09T12:47:59.056+0000] {processor.py:830} INFO - Processing file /home/airflow/.local/lib/python3.10/site-packages/airflow/example_dags/tutorial.py for tasks to queue
[2025-05-09T12:47:59.058+0000] {logging_mixin.py:188} INFO - [2025-05-09T12:47:59.058+0000] {dagbag.py:545} INFO - Filling up the DagBag from /home/airflow/.local/lib/python3.10/site-packages/airflow/example_dags/tutorial.py
[2025-05-09T12:47:59.065+0000] {processor.py:840} INFO - DAG(s) 'tutorial' retrieved from /home/airflow/.local/lib/python3.10/site-packages/airflow/example_dags/tutorial.py
[2025-05-09T12:47:59.091+0000] {logging_mixin.py:188} INFO - [2025-05-09T12:47:59.091+0000] {dag.py:3096} INFO - Sync 1 DAGs
[2025-05-09T12:47:59.115+0000] {logging_mixin.py:188} INFO - [2025-05-09T12:47:59.115+0000] {dag.py:3954} INFO - Setting next_dagrun for tutorial to 2025-05-08 00:00:00+00:00, run_after=2025-05-09 00:00:00+00:00
[2025-05-09T12:47:59.145+0000] {processor.py:183} INFO - Processing /home/airflow/.local/lib/python3.10/site-packages/airflow/example_dags/tutorial.py took 0.099 seconds
[2025-05-09T12:48:29.436+0000] {processor.py:161} INFO - Started process (PID=2653) to work on /home/airflow/.local/lib/python3.10/site-packages/airflow/example_dags/tutorial.py
[2025-05-09T12:48:29.438+0000] {processor.py:830} INFO - Processing file /home/airflow/.local/lib/python3.10/site-packages/airflow/example_dags/tutorial.py for tasks to queue
[2025-05-09T12:48:29.440+0000] {logging_mixin.py:188} INFO - [2025-05-09T12:48:29.439+0000] {dagbag.py:545} INFO - Filling up the DagBag from /home/airflow/.local/lib/python3.10/site-packages/airflow/example_dags/tutorial.py
[2025-05-09T12:48:29.446+0000] {processor.py:840} INFO - DAG(s) 'tutorial' retrieved from /home/airflow/.local/lib/python3.10/site-packages/airflow/example_dags/tutorial.py
[2025-05-09T12:48:29.468+0000] {logging_mixin.py:188} INFO - [2025-05-09T12:48:29.468+0000] {dag.py:3096} INFO - Sync 1 DAGs
[2025-05-09T12:48:29.489+0000] {logging_mixin.py:188} INFO - [2025-05-09T12:48:29.489+0000] {dag.py:3954} INFO - Setting next_dagrun for tutorial to 2025-05-08 00:00:00+00:00, run_after=2025-05-09 00:00:00+00:00
[2025-05-09T12:48:29.511+0000] {processor.py:183} INFO - Processing /home/airflow/.local/lib/python3.10/site-packages/airflow/example_dags/tutorial.py took 0.081 seconds
[2025-05-09T12:49:00.113+0000] {processor.py:161} INFO - Started process (PID=2915) to work on /home/airflow/.local/lib/python3.10/site-packages/airflow/example_dags/tutorial.py
[2025-05-09T12:49:00.115+0000] {processor.py:830} INFO - Processing file /home/airflow/.local/lib/python3.10/site-packages/airflow/example_dags/tutorial.py for tasks to queue
[2025-05-09T12:49:00.118+0000] {logging_mixin.py:188} INFO - [2025-05-09T12:49:00.118+0000] {dagbag.py:545} INFO - Filling up the DagBag from /home/airflow/.local/lib/python3.10/site-packages/airflow/example_dags/tutorial.py
[2025-05-09T12:49:00.125+0000] {processor.py:840} INFO - DAG(s) 'tutorial' retrieved from /home/airflow/.local/lib/python3.10/site-packages/airflow/example_dags/tutorial.py
[2025-05-09T12:49:00.148+0000] {logging_mixin.py:188} INFO - [2025-05-09T12:49:00.148+0000] {dag.py:3096} INFO - Sync 1 DAGs
[2025-05-09T12:49:00.178+0000] {logging_mixin.py:188} INFO - [2025-05-09T12:49:00.177+0000] {dag.py:3954} INFO - Setting next_dagrun for tutorial to 2025-05-08 00:00:00+00:00, run_after=2025-05-09 00:00:00+00:00
[2025-05-09T12:49:00.205+0000] {processor.py:183} INFO - Processing /home/airflow/.local/lib/python3.10/site-packages/airflow/example_dags/tutorial.py took 0.099 seconds
[2025-05-09T12:49:31.480+0000] {processor.py:161} INFO - Started process (PID=3177) to work on /home/airflow/.local/lib/python3.10/site-packages/airflow/example_dags/tutorial.py
[2025-05-09T12:49:31.482+0000] {processor.py:830} INFO - Processing file /home/airflow/.local/lib/python3.10/site-packages/airflow/example_dags/tutorial.py for tasks to queue
[2025-05-09T12:49:31.485+0000] {logging_mixin.py:188} INFO - [2025-05-09T12:49:31.485+0000] {dagbag.py:545} INFO - Filling up the DagBag from /home/airflow/.local/lib/python3.10/site-packages/airflow/example_dags/tutorial.py
[2025-05-09T12:49:31.491+0000] {processor.py:840} INFO - DAG(s) 'tutorial' retrieved from /home/airflow/.local/lib/python3.10/site-packages/airflow/example_dags/tutorial.py
[2025-05-09T12:49:31.516+0000] {logging_mixin.py:188} INFO - [2025-05-09T12:49:31.516+0000] {dag.py:3096} INFO - Sync 1 DAGs
[2025-05-09T12:49:31.541+0000] {logging_mixin.py:188} INFO - [2025-05-09T12:49:31.541+0000] {dag.py:3954} INFO - Setting next_dagrun for tutorial to 2025-05-08 00:00:00+00:00, run_after=2025-05-09 00:00:00+00:00
[2025-05-09T12:49:31.564+0000] {processor.py:183} INFO - Processing /home/airflow/.local/lib/python3.10/site-packages/airflow/example_dags/tutorial.py took 0.091 seconds
[2025-05-09T12:50:02.040+0000] {processor.py:161} INFO - Started process (PID=3442) to work on /home/airflow/.local/lib/python3.10/site-packages/airflow/example_dags/tutorial.py
[2025-05-09T12:50:02.042+0000] {processor.py:830} INFO - Processing file /home/airflow/.local/lib/python3.10/site-packages/airflow/example_dags/tutorial.py for tasks to queue
[2025-05-09T12:50:02.046+0000] {logging_mixin.py:188} INFO - [2025-05-09T12:50:02.045+0000] {dagbag.py:545} INFO - Filling up the DagBag from /home/airflow/.local/lib/python3.10/site-packages/airflow/example_dags/tutorial.py
[2025-05-09T12:50:02.057+0000] {processor.py:840} INFO - DAG(s) 'tutorial' retrieved from /home/airflow/.local/lib/python3.10/site-packages/airflow/example_dags/tutorial.py
[2025-05-09T12:50:02.091+0000] {logging_mixin.py:188} INFO - [2025-05-09T12:50:02.091+0000] {dag.py:3096} INFO - Sync 1 DAGs
[2025-05-09T12:50:02.136+0000] {logging_mixin.py:188} INFO - [2025-05-09T12:50:02.135+0000] {dag.py:3954} INFO - Setting next_dagrun for tutorial to 2025-05-08 00:00:00+00:00, run_after=2025-05-09 00:00:00+00:00
[2025-05-09T12:50:02.177+0000] {processor.py:183} INFO - Processing /home/airflow/.local/lib/python3.10/site-packages/airflow/example_dags/tutorial.py took 0.147 seconds
[2025-05-09T12:50:33.181+0000] {processor.py:161} INFO - Started process (PID=3710) to work on /home/airflow/.local/lib/python3.10/site-packages/airflow/example_dags/tutorial.py
[2025-05-09T12:50:33.183+0000] {processor.py:830} INFO - Processing file /home/airflow/.local/lib/python3.10/site-packages/airflow/example_dags/tutorial.py for tasks to queue
[2025-05-09T12:50:33.186+0000] {logging_mixin.py:188} INFO - [2025-05-09T12:50:33.186+0000] {dagbag.py:545} INFO - Filling up the DagBag from /home/airflow/.local/lib/python3.10/site-packages/airflow/example_dags/tutorial.py
[2025-05-09T12:50:33.197+0000] {processor.py:840} INFO - DAG(s) 'tutorial' retrieved from /home/airflow/.local/lib/python3.10/site-packages/airflow/example_dags/tutorial.py
[2025-05-09T12:50:33.228+0000] {logging_mixin.py:188} INFO - [2025-05-09T12:50:33.228+0000] {dag.py:3096} INFO - Sync 1 DAGs
[2025-05-09T12:50:33.254+0000] {logging_mixin.py:188} INFO - [2025-05-09T12:50:33.254+0000] {dag.py:3954} INFO - Setting next_dagrun for tutorial to 2025-05-08 00:00:00+00:00, run_after=2025-05-09 00:00:00+00:00
[2025-05-09T12:50:33.283+0000] {processor.py:183} INFO - Processing /home/airflow/.local/lib/python3.10/site-packages/airflow/example_dags/tutorial.py took 0.111 seconds
[2025-05-09T12:51:04.112+0000] {processor.py:161} INFO - Started process (PID=3974) to work on /home/airflow/.local/lib/python3.10/site-packages/airflow/example_dags/tutorial.py
[2025-05-09T12:51:04.114+0000] {processor.py:830} INFO - Processing file /home/airflow/.local/lib/python3.10/site-packages/airflow/example_dags/tutorial.py for tasks to queue
[2025-05-09T12:51:04.117+0000] {logging_mixin.py:188} INFO - [2025-05-09T12:51:04.117+0000] {dagbag.py:545} INFO - Filling up the DagBag from /home/airflow/.local/lib/python3.10/site-packages/airflow/example_dags/tutorial.py
[2025-05-09T12:51:04.124+0000] {processor.py:840} INFO - DAG(s) 'tutorial' retrieved from /home/airflow/.local/lib/python3.10/site-packages/airflow/example_dags/tutorial.py
[2025-05-09T12:51:04.149+0000] {logging_mixin.py:188} INFO - [2025-05-09T12:51:04.149+0000] {dag.py:3096} INFO - Sync 1 DAGs
[2025-05-09T12:51:04.174+0000] {logging_mixin.py:188} INFO - [2025-05-09T12:51:04.174+0000] {dag.py:3954} INFO - Setting next_dagrun for tutorial to 2025-05-08 00:00:00+00:00, run_after=2025-05-09 00:00:00+00:00
[2025-05-09T12:51:04.198+0000] {processor.py:183} INFO - Processing /home/airflow/.local/lib/python3.10/site-packages/airflow/example_dags/tutorial.py took 0.094 seconds
[2025-05-09T12:52:22.914+0000] {processor.py:161} INFO - Started process (PID=280) to work on /home/airflow/.local/lib/python3.10/site-packages/airflow/example_dags/tutorial.py
[2025-05-09T12:52:22.916+0000] {processor.py:830} INFO - Processing file /home/airflow/.local/lib/python3.10/site-packages/airflow/example_dags/tutorial.py for tasks to queue
[2025-05-09T12:52:22.919+0000] {logging_mixin.py:188} INFO - [2025-05-09T12:52:22.919+0000] {dagbag.py:545} INFO - Filling up the DagBag from /home/airflow/.local/lib/python3.10/site-packages/airflow/example_dags/tutorial.py
[2025-05-09T12:52:22.928+0000] {processor.py:840} INFO - DAG(s) 'tutorial' retrieved from /home/airflow/.local/lib/python3.10/site-packages/airflow/example_dags/tutorial.py
[2025-05-09T12:52:22.951+0000] {logging_mixin.py:188} INFO - [2025-05-09T12:52:22.951+0000] {dag.py:3096} INFO - Sync 1 DAGs
[2025-05-09T12:52:22.993+0000] {logging_mixin.py:188} INFO - [2025-05-09T12:52:22.992+0000] {dag.py:3954} INFO - Setting next_dagrun for tutorial to 2025-05-08 00:00:00+00:00, run_after=2025-05-09 00:00:00+00:00
[2025-05-09T12:52:23.029+0000] {processor.py:183} INFO - Processing /home/airflow/.local/lib/python3.10/site-packages/airflow/example_dags/tutorial.py took 0.126 seconds
[2025-05-09T12:52:54.362+0000] {processor.py:161} INFO - Started process (PID=542) to work on /home/airflow/.local/lib/python3.10/site-packages/airflow/example_dags/tutorial.py
[2025-05-09T12:52:54.364+0000] {processor.py:830} INFO - Processing file /home/airflow/.local/lib/python3.10/site-packages/airflow/example_dags/tutorial.py for tasks to queue
[2025-05-09T12:52:54.367+0000] {logging_mixin.py:188} INFO - [2025-05-09T12:52:54.366+0000] {dagbag.py:545} INFO - Filling up the DagBag from /home/airflow/.local/lib/python3.10/site-packages/airflow/example_dags/tutorial.py
[2025-05-09T12:52:54.374+0000] {processor.py:840} INFO - DAG(s) 'tutorial' retrieved from /home/airflow/.local/lib/python3.10/site-packages/airflow/example_dags/tutorial.py
[2025-05-09T12:52:54.485+0000] {logging_mixin.py:188} INFO - [2025-05-09T12:52:54.485+0000] {dag.py:3096} INFO - Sync 1 DAGs
[2025-05-09T12:52:54.508+0000] {logging_mixin.py:188} INFO - [2025-05-09T12:52:54.507+0000] {dag.py:3954} INFO - Setting next_dagrun for tutorial to 2025-05-08 00:00:00+00:00, run_after=2025-05-09 00:00:00+00:00
[2025-05-09T12:52:54.536+0000] {processor.py:183} INFO - Processing /home/airflow/.local/lib/python3.10/site-packages/airflow/example_dags/tutorial.py took 0.181 seconds
[2025-05-09T12:53:24.690+0000] {processor.py:161} INFO - Started process (PID=804) to work on /home/airflow/.local/lib/python3.10/site-packages/airflow/example_dags/tutorial.py
[2025-05-09T12:53:24.699+0000] {processor.py:830} INFO - Processing file /home/airflow/.local/lib/python3.10/site-packages/airflow/example_dags/tutorial.py for tasks to queue
[2025-05-09T12:53:24.704+0000] {logging_mixin.py:188} INFO - [2025-05-09T12:53:24.704+0000] {dagbag.py:545} INFO - Filling up the DagBag from /home/airflow/.local/lib/python3.10/site-packages/airflow/example_dags/tutorial.py
[2025-05-09T12:53:24.721+0000] {processor.py:840} INFO - DAG(s) 'tutorial' retrieved from /home/airflow/.local/lib/python3.10/site-packages/airflow/example_dags/tutorial.py
[2025-05-09T12:53:24.763+0000] {logging_mixin.py:188} INFO - [2025-05-09T12:53:24.762+0000] {dag.py:3096} INFO - Sync 1 DAGs
[2025-05-09T12:53:24.797+0000] {logging_mixin.py:188} INFO - [2025-05-09T12:53:24.796+0000] {dag.py:3954} INFO - Setting next_dagrun for tutorial to 2025-05-08 00:00:00+00:00, run_after=2025-05-09 00:00:00+00:00
[2025-05-09T12:53:24.833+0000] {processor.py:183} INFO - Processing /home/airflow/.local/lib/python3.10/site-packages/airflow/example_dags/tutorial.py took 0.152 seconds
[2025-05-09T12:53:55.591+0000] {processor.py:161} INFO - Started process (PID=1069) to work on /home/airflow/.local/lib/python3.10/site-packages/airflow/example_dags/tutorial.py
[2025-05-09T12:53:55.593+0000] {processor.py:830} INFO - Processing file /home/airflow/.local/lib/python3.10/site-packages/airflow/example_dags/tutorial.py for tasks to queue
[2025-05-09T12:53:55.595+0000] {logging_mixin.py:188} INFO - [2025-05-09T12:53:55.595+0000] {dagbag.py:545} INFO - Filling up the DagBag from /home/airflow/.local/lib/python3.10/site-packages/airflow/example_dags/tutorial.py
[2025-05-09T12:53:55.601+0000] {processor.py:840} INFO - DAG(s) 'tutorial' retrieved from /home/airflow/.local/lib/python3.10/site-packages/airflow/example_dags/tutorial.py
[2025-05-09T12:53:55.625+0000] {logging_mixin.py:188} INFO - [2025-05-09T12:53:55.624+0000] {dag.py:3096} INFO - Sync 1 DAGs
[2025-05-09T12:53:55.648+0000] {logging_mixin.py:188} INFO - [2025-05-09T12:53:55.648+0000] {dag.py:3954} INFO - Setting next_dagrun for tutorial to 2025-05-08 00:00:00+00:00, run_after=2025-05-09 00:00:00+00:00
[2025-05-09T12:53:55.674+0000] {processor.py:183} INFO - Processing /home/airflow/.local/lib/python3.10/site-packages/airflow/example_dags/tutorial.py took 0.090 seconds
[2025-05-09T12:54:26.445+0000] {processor.py:161} INFO - Started process (PID=1331) to work on /home/airflow/.local/lib/python3.10/site-packages/airflow/example_dags/tutorial.py
[2025-05-09T12:54:26.447+0000] {processor.py:830} INFO - Processing file /home/airflow/.local/lib/python3.10/site-packages/airflow/example_dags/tutorial.py for tasks to queue
[2025-05-09T12:54:26.450+0000] {logging_mixin.py:188} INFO - [2025-05-09T12:54:26.450+0000] {dagbag.py:545} INFO - Filling up the DagBag from /home/airflow/.local/lib/python3.10/site-packages/airflow/example_dags/tutorial.py
[2025-05-09T12:54:26.456+0000] {processor.py:840} INFO - DAG(s) 'tutorial' retrieved from /home/airflow/.local/lib/python3.10/site-packages/airflow/example_dags/tutorial.py
[2025-05-09T12:54:26.481+0000] {logging_mixin.py:188} INFO - [2025-05-09T12:54:26.481+0000] {dag.py:3096} INFO - Sync 1 DAGs
[2025-05-09T12:54:26.506+0000] {logging_mixin.py:188} INFO - [2025-05-09T12:54:26.506+0000] {dag.py:3954} INFO - Setting next_dagrun for tutorial to 2025-05-08 00:00:00+00:00, run_after=2025-05-09 00:00:00+00:00
[2025-05-09T12:54:26.544+0000] {processor.py:183} INFO - Processing /home/airflow/.local/lib/python3.10/site-packages/airflow/example_dags/tutorial.py took 0.106 seconds
[2025-05-09T12:54:56.833+0000] {processor.py:161} INFO - Started process (PID=1593) to work on /home/airflow/.local/lib/python3.10/site-packages/airflow/example_dags/tutorial.py
[2025-05-09T12:54:56.835+0000] {processor.py:830} INFO - Processing file /home/airflow/.local/lib/python3.10/site-packages/airflow/example_dags/tutorial.py for tasks to queue
[2025-05-09T12:54:56.838+0000] {logging_mixin.py:188} INFO - [2025-05-09T12:54:56.838+0000] {dagbag.py:545} INFO - Filling up the DagBag from /home/airflow/.local/lib/python3.10/site-packages/airflow/example_dags/tutorial.py
[2025-05-09T12:54:56.846+0000] {processor.py:840} INFO - DAG(s) 'tutorial' retrieved from /home/airflow/.local/lib/python3.10/site-packages/airflow/example_dags/tutorial.py
[2025-05-09T12:54:56.886+0000] {logging_mixin.py:188} INFO - [2025-05-09T12:54:56.885+0000] {dag.py:3096} INFO - Sync 1 DAGs
[2025-05-09T12:54:56.912+0000] {logging_mixin.py:188} INFO - [2025-05-09T12:54:56.912+0000] {dag.py:3954} INFO - Setting next_dagrun for tutorial to 2025-05-08 00:00:00+00:00, run_after=2025-05-09 00:00:00+00:00
[2025-05-09T12:54:56.941+0000] {processor.py:183} INFO - Processing /home/airflow/.local/lib/python3.10/site-packages/airflow/example_dags/tutorial.py took 0.117 seconds
[2025-05-09T12:55:27.229+0000] {processor.py:161} INFO - Started process (PID=1858) to work on /home/airflow/.local/lib/python3.10/site-packages/airflow/example_dags/tutorial.py
[2025-05-09T12:55:27.230+0000] {processor.py:830} INFO - Processing file /home/airflow/.local/lib/python3.10/site-packages/airflow/example_dags/tutorial.py for tasks to queue
[2025-05-09T12:55:27.232+0000] {logging_mixin.py:188} INFO - [2025-05-09T12:55:27.232+0000] {dagbag.py:545} INFO - Filling up the DagBag from /home/airflow/.local/lib/python3.10/site-packages/airflow/example_dags/tutorial.py
[2025-05-09T12:55:27.238+0000] {processor.py:840} INFO - DAG(s) 'tutorial' retrieved from /home/airflow/.local/lib/python3.10/site-packages/airflow/example_dags/tutorial.py
[2025-05-09T12:55:27.261+0000] {logging_mixin.py:188} INFO - [2025-05-09T12:55:27.260+0000] {dag.py:3096} INFO - Sync 1 DAGs
[2025-05-09T12:55:27.284+0000] {logging_mixin.py:188} INFO - [2025-05-09T12:55:27.283+0000] {dag.py:3954} INFO - Setting next_dagrun for tutorial to 2025-05-08 00:00:00+00:00, run_after=2025-05-09 00:00:00+00:00
[2025-05-09T12:55:27.306+0000] {processor.py:183} INFO - Processing /home/airflow/.local/lib/python3.10/site-packages/airflow/example_dags/tutorial.py took 0.083 seconds
[2025-05-09T12:57:15.852+0000] {processor.py:161} INFO - Started process (PID=278) to work on /home/airflow/.local/lib/python3.10/site-packages/airflow/example_dags/tutorial.py
[2025-05-09T12:57:15.853+0000] {processor.py:830} INFO - Processing file /home/airflow/.local/lib/python3.10/site-packages/airflow/example_dags/tutorial.py for tasks to queue
[2025-05-09T12:57:15.856+0000] {logging_mixin.py:188} INFO - [2025-05-09T12:57:15.856+0000] {dagbag.py:545} INFO - Filling up the DagBag from /home/airflow/.local/lib/python3.10/site-packages/airflow/example_dags/tutorial.py
[2025-05-09T12:57:15.866+0000] {processor.py:840} INFO - DAG(s) 'tutorial' retrieved from /home/airflow/.local/lib/python3.10/site-packages/airflow/example_dags/tutorial.py
[2025-05-09T12:57:15.888+0000] {logging_mixin.py:188} INFO - [2025-05-09T12:57:15.887+0000] {dag.py:3096} INFO - Sync 1 DAGs
[2025-05-09T12:57:15.927+0000] {logging_mixin.py:188} INFO - [2025-05-09T12:57:15.927+0000] {dag.py:3954} INFO - Setting next_dagrun for tutorial to 2025-05-08 00:00:00+00:00, run_after=2025-05-09 00:00:00+00:00
[2025-05-09T12:57:15.964+0000] {processor.py:183} INFO - Processing /home/airflow/.local/lib/python3.10/site-packages/airflow/example_dags/tutorial.py took 0.125 seconds
[2025-05-09T12:57:46.320+0000] {processor.py:161} INFO - Started process (PID=540) to work on /home/airflow/.local/lib/python3.10/site-packages/airflow/example_dags/tutorial.py
[2025-05-09T12:57:46.321+0000] {processor.py:830} INFO - Processing file /home/airflow/.local/lib/python3.10/site-packages/airflow/example_dags/tutorial.py for tasks to queue
[2025-05-09T12:57:46.323+0000] {logging_mixin.py:188} INFO - [2025-05-09T12:57:46.323+0000] {dagbag.py:545} INFO - Filling up the DagBag from /home/airflow/.local/lib/python3.10/site-packages/airflow/example_dags/tutorial.py
[2025-05-09T12:57:46.329+0000] {processor.py:840} INFO - DAG(s) 'tutorial' retrieved from /home/airflow/.local/lib/python3.10/site-packages/airflow/example_dags/tutorial.py
[2025-05-09T12:57:46.414+0000] {logging_mixin.py:188} INFO - [2025-05-09T12:57:46.414+0000] {dag.py:3096} INFO - Sync 1 DAGs
[2025-05-09T12:57:46.435+0000] {logging_mixin.py:188} INFO - [2025-05-09T12:57:46.435+0000] {dag.py:3954} INFO - Setting next_dagrun for tutorial to 2025-05-08 00:00:00+00:00, run_after=2025-05-09 00:00:00+00:00
[2025-05-09T12:57:46.460+0000] {processor.py:183} INFO - Processing /home/airflow/.local/lib/python3.10/site-packages/airflow/example_dags/tutorial.py took 0.146 seconds
[2025-05-09T12:58:17.023+0000] {processor.py:161} INFO - Started process (PID=802) to work on /home/airflow/.local/lib/python3.10/site-packages/airflow/example_dags/tutorial.py
[2025-05-09T12:58:17.024+0000] {processor.py:830} INFO - Processing file /home/airflow/.local/lib/python3.10/site-packages/airflow/example_dags/tutorial.py for tasks to queue
[2025-05-09T12:58:17.027+0000] {logging_mixin.py:188} INFO - [2025-05-09T12:58:17.026+0000] {dagbag.py:545} INFO - Filling up the DagBag from /home/airflow/.local/lib/python3.10/site-packages/airflow/example_dags/tutorial.py
[2025-05-09T12:58:17.033+0000] {processor.py:840} INFO - DAG(s) 'tutorial' retrieved from /home/airflow/.local/lib/python3.10/site-packages/airflow/example_dags/tutorial.py
[2025-05-09T12:58:17.055+0000] {logging_mixin.py:188} INFO - [2025-05-09T12:58:17.055+0000] {dag.py:3096} INFO - Sync 1 DAGs
[2025-05-09T12:58:17.075+0000] {logging_mixin.py:188} INFO - [2025-05-09T12:58:17.075+0000] {dag.py:3954} INFO - Setting next_dagrun for tutorial to 2025-05-08 00:00:00+00:00, run_after=2025-05-09 00:00:00+00:00
[2025-05-09T12:58:17.097+0000] {processor.py:183} INFO - Processing /home/airflow/.local/lib/python3.10/site-packages/airflow/example_dags/tutorial.py took 0.080 seconds
[2025-05-09T12:58:47.477+0000] {processor.py:161} INFO - Started process (PID=1064) to work on /home/airflow/.local/lib/python3.10/site-packages/airflow/example_dags/tutorial.py
[2025-05-09T12:58:47.479+0000] {processor.py:830} INFO - Processing file /home/airflow/.local/lib/python3.10/site-packages/airflow/example_dags/tutorial.py for tasks to queue
[2025-05-09T12:58:47.481+0000] {logging_mixin.py:188} INFO - [2025-05-09T12:58:47.481+0000] {dagbag.py:545} INFO - Filling up the DagBag from /home/airflow/.local/lib/python3.10/site-packages/airflow/example_dags/tutorial.py
[2025-05-09T12:58:47.489+0000] {processor.py:840} INFO - DAG(s) 'tutorial' retrieved from /home/airflow/.local/lib/python3.10/site-packages/airflow/example_dags/tutorial.py
[2025-05-09T12:58:47.511+0000] {logging_mixin.py:188} INFO - [2025-05-09T12:58:47.510+0000] {dag.py:3096} INFO - Sync 1 DAGs
[2025-05-09T12:58:47.533+0000] {logging_mixin.py:188} INFO - [2025-05-09T12:58:47.533+0000] {dag.py:3954} INFO - Setting next_dagrun for tutorial to 2025-05-08 00:00:00+00:00, run_after=2025-05-09 00:00:00+00:00
[2025-05-09T12:58:47.556+0000] {processor.py:183} INFO - Processing /home/airflow/.local/lib/python3.10/site-packages/airflow/example_dags/tutorial.py took 0.086 seconds
[2025-05-09T12:59:17.886+0000] {processor.py:161} INFO - Started process (PID=1326) to work on /home/airflow/.local/lib/python3.10/site-packages/airflow/example_dags/tutorial.py
[2025-05-09T12:59:17.887+0000] {processor.py:830} INFO - Processing file /home/airflow/.local/lib/python3.10/site-packages/airflow/example_dags/tutorial.py for tasks to queue
[2025-05-09T12:59:17.889+0000] {logging_mixin.py:188} INFO - [2025-05-09T12:59:17.889+0000] {dagbag.py:545} INFO - Filling up the DagBag from /home/airflow/.local/lib/python3.10/site-packages/airflow/example_dags/tutorial.py
[2025-05-09T12:59:17.896+0000] {processor.py:840} INFO - DAG(s) 'tutorial' retrieved from /home/airflow/.local/lib/python3.10/site-packages/airflow/example_dags/tutorial.py
[2025-05-09T12:59:17.929+0000] {logging_mixin.py:188} INFO - [2025-05-09T12:59:17.928+0000] {dag.py:3096} INFO - Sync 1 DAGs
[2025-05-09T12:59:17.957+0000] {logging_mixin.py:188} INFO - [2025-05-09T12:59:17.957+0000] {dag.py:3954} INFO - Setting next_dagrun for tutorial to 2025-05-08 00:00:00+00:00, run_after=2025-05-09 00:00:00+00:00
[2025-05-09T12:59:17.979+0000] {processor.py:183} INFO - Processing /home/airflow/.local/lib/python3.10/site-packages/airflow/example_dags/tutorial.py took 0.098 seconds
[2025-05-09T12:59:48.995+0000] {processor.py:161} INFO - Started process (PID=1588) to work on /home/airflow/.local/lib/python3.10/site-packages/airflow/example_dags/tutorial.py
[2025-05-09T12:59:48.997+0000] {processor.py:830} INFO - Processing file /home/airflow/.local/lib/python3.10/site-packages/airflow/example_dags/tutorial.py for tasks to queue
[2025-05-09T12:59:49.000+0000] {logging_mixin.py:188} INFO - [2025-05-09T12:59:49.000+0000] {dagbag.py:545} INFO - Filling up the DagBag from /home/airflow/.local/lib/python3.10/site-packages/airflow/example_dags/tutorial.py
[2025-05-09T12:59:49.008+0000] {processor.py:840} INFO - DAG(s) 'tutorial' retrieved from /home/airflow/.local/lib/python3.10/site-packages/airflow/example_dags/tutorial.py
[2025-05-09T12:59:49.036+0000] {logging_mixin.py:188} INFO - [2025-05-09T12:59:49.035+0000] {dag.py:3096} INFO - Sync 1 DAGs
[2025-05-09T12:59:49.064+0000] {logging_mixin.py:188} INFO - [2025-05-09T12:59:49.063+0000] {dag.py:3954} INFO - Setting next_dagrun for tutorial to 2025-05-08 00:00:00+00:00, run_after=2025-05-09 00:00:00+00:00
[2025-05-09T12:59:49.102+0000] {processor.py:183} INFO - Processing /home/airflow/.local/lib/python3.10/site-packages/airflow/example_dags/tutorial.py took 0.115 seconds
[2025-05-09T13:00:19.260+0000] {processor.py:161} INFO - Started process (PID=1859) to work on /home/airflow/.local/lib/python3.10/site-packages/airflow/example_dags/tutorial.py
[2025-05-09T13:00:19.261+0000] {processor.py:830} INFO - Processing file /home/airflow/.local/lib/python3.10/site-packages/airflow/example_dags/tutorial.py for tasks to queue
[2025-05-09T13:00:19.263+0000] {logging_mixin.py:188} INFO - [2025-05-09T13:00:19.263+0000] {dagbag.py:545} INFO - Filling up the DagBag from /home/airflow/.local/lib/python3.10/site-packages/airflow/example_dags/tutorial.py
[2025-05-09T13:00:19.269+0000] {processor.py:840} INFO - DAG(s) 'tutorial' retrieved from /home/airflow/.local/lib/python3.10/site-packages/airflow/example_dags/tutorial.py
[2025-05-09T13:00:19.292+0000] {logging_mixin.py:188} INFO - [2025-05-09T13:00:19.292+0000] {dag.py:3096} INFO - Sync 1 DAGs
[2025-05-09T13:00:19.315+0000] {logging_mixin.py:188} INFO - [2025-05-09T13:00:19.314+0000] {dag.py:3954} INFO - Setting next_dagrun for tutorial to 2025-05-08 00:00:00+00:00, run_after=2025-05-09 00:00:00+00:00
[2025-05-09T13:00:19.341+0000] {processor.py:183} INFO - Processing /home/airflow/.local/lib/python3.10/site-packages/airflow/example_dags/tutorial.py took 0.087 seconds
[2025-05-09T13:00:50.010+0000] {processor.py:161} INFO - Started process (PID=2121) to work on /home/airflow/.local/lib/python3.10/site-packages/airflow/example_dags/tutorial.py
[2025-05-09T13:00:50.011+0000] {processor.py:830} INFO - Processing file /home/airflow/.local/lib/python3.10/site-packages/airflow/example_dags/tutorial.py for tasks to queue
[2025-05-09T13:00:50.014+0000] {logging_mixin.py:188} INFO - [2025-05-09T13:00:50.013+0000] {dagbag.py:545} INFO - Filling up the DagBag from /home/airflow/.local/lib/python3.10/site-packages/airflow/example_dags/tutorial.py
[2025-05-09T13:00:50.020+0000] {processor.py:840} INFO - DAG(s) 'tutorial' retrieved from /home/airflow/.local/lib/python3.10/site-packages/airflow/example_dags/tutorial.py
[2025-05-09T13:00:50.044+0000] {logging_mixin.py:188} INFO - [2025-05-09T13:00:50.043+0000] {dag.py:3096} INFO - Sync 1 DAGs
[2025-05-09T13:00:50.071+0000] {logging_mixin.py:188} INFO - [2025-05-09T13:00:50.071+0000] {dag.py:3954} INFO - Setting next_dagrun for tutorial to 2025-05-08 00:00:00+00:00, run_after=2025-05-09 00:00:00+00:00
[2025-05-09T13:00:50.099+0000] {processor.py:183} INFO - Processing /home/airflow/.local/lib/python3.10/site-packages/airflow/example_dags/tutorial.py took 0.096 seconds
[2025-05-09T13:01:21.338+0000] {processor.py:161} INFO - Started process (PID=2383) to work on /home/airflow/.local/lib/python3.10/site-packages/airflow/example_dags/tutorial.py
[2025-05-09T13:01:21.339+0000] {processor.py:830} INFO - Processing file /home/airflow/.local/lib/python3.10/site-packages/airflow/example_dags/tutorial.py for tasks to queue
[2025-05-09T13:01:21.342+0000] {logging_mixin.py:188} INFO - [2025-05-09T13:01:21.341+0000] {dagbag.py:545} INFO - Filling up the DagBag from /home/airflow/.local/lib/python3.10/site-packages/airflow/example_dags/tutorial.py
[2025-05-09T13:01:21.348+0000] {processor.py:840} INFO - DAG(s) 'tutorial' retrieved from /home/airflow/.local/lib/python3.10/site-packages/airflow/example_dags/tutorial.py
[2025-05-09T13:01:21.372+0000] {logging_mixin.py:188} INFO - [2025-05-09T13:01:21.371+0000] {dag.py:3096} INFO - Sync 1 DAGs
[2025-05-09T13:01:21.399+0000] {logging_mixin.py:188} INFO - [2025-05-09T13:01:21.398+0000] {dag.py:3954} INFO - Setting next_dagrun for tutorial to 2025-05-08 00:00:00+00:00, run_after=2025-05-09 00:00:00+00:00
[2025-05-09T13:01:21.419+0000] {processor.py:183} INFO - Processing /home/airflow/.local/lib/python3.10/site-packages/airflow/example_dags/tutorial.py took 0.088 seconds
[2025-05-09T13:01:51.520+0000] {processor.py:161} INFO - Started process (PID=2645) to work on /home/airflow/.local/lib/python3.10/site-packages/airflow/example_dags/tutorial.py
[2025-05-09T13:01:51.522+0000] {processor.py:830} INFO - Processing file /home/airflow/.local/lib/python3.10/site-packages/airflow/example_dags/tutorial.py for tasks to queue
[2025-05-09T13:01:51.524+0000] {logging_mixin.py:188} INFO - [2025-05-09T13:01:51.524+0000] {dagbag.py:545} INFO - Filling up the DagBag from /home/airflow/.local/lib/python3.10/site-packages/airflow/example_dags/tutorial.py
[2025-05-09T13:01:51.531+0000] {processor.py:840} INFO - DAG(s) 'tutorial' retrieved from /home/airflow/.local/lib/python3.10/site-packages/airflow/example_dags/tutorial.py
[2025-05-09T13:01:51.554+0000] {logging_mixin.py:188} INFO - [2025-05-09T13:01:51.553+0000] {dag.py:3096} INFO - Sync 1 DAGs
[2025-05-09T13:01:51.579+0000] {logging_mixin.py:188} INFO - [2025-05-09T13:01:51.578+0000] {dag.py:3954} INFO - Setting next_dagrun for tutorial to 2025-05-08 00:00:00+00:00, run_after=2025-05-09 00:00:00+00:00
[2025-05-09T13:01:51.609+0000] {processor.py:183} INFO - Processing /home/airflow/.local/lib/python3.10/site-packages/airflow/example_dags/tutorial.py took 0.096 seconds
[2025-05-09T13:02:22.169+0000] {processor.py:161} INFO - Started process (PID=2909) to work on /home/airflow/.local/lib/python3.10/site-packages/airflow/example_dags/tutorial.py
[2025-05-09T13:02:22.171+0000] {processor.py:830} INFO - Processing file /home/airflow/.local/lib/python3.10/site-packages/airflow/example_dags/tutorial.py for tasks to queue
[2025-05-09T13:02:22.176+0000] {logging_mixin.py:188} INFO - [2025-05-09T13:02:22.176+0000] {dagbag.py:545} INFO - Filling up the DagBag from /home/airflow/.local/lib/python3.10/site-packages/airflow/example_dags/tutorial.py
[2025-05-09T13:02:22.184+0000] {processor.py:840} INFO - DAG(s) 'tutorial' retrieved from /home/airflow/.local/lib/python3.10/site-packages/airflow/example_dags/tutorial.py
[2025-05-09T13:02:22.208+0000] {logging_mixin.py:188} INFO - [2025-05-09T13:02:22.207+0000] {dag.py:3096} INFO - Sync 1 DAGs
[2025-05-09T13:02:22.235+0000] {logging_mixin.py:188} INFO - [2025-05-09T13:02:22.235+0000] {dag.py:3954} INFO - Setting next_dagrun for tutorial to 2025-05-08 00:00:00+00:00, run_after=2025-05-09 00:00:00+00:00
[2025-05-09T13:02:22.258+0000] {processor.py:183} INFO - Processing /home/airflow/.local/lib/python3.10/site-packages/airflow/example_dags/tutorial.py took 0.099 seconds
[2025-05-09T13:02:52.821+0000] {processor.py:161} INFO - Started process (PID=3169) to work on /home/airflow/.local/lib/python3.10/site-packages/airflow/example_dags/tutorial.py
[2025-05-09T13:02:52.822+0000] {processor.py:830} INFO - Processing file /home/airflow/.local/lib/python3.10/site-packages/airflow/example_dags/tutorial.py for tasks to queue
[2025-05-09T13:02:52.824+0000] {logging_mixin.py:188} INFO - [2025-05-09T13:02:52.824+0000] {dagbag.py:545} INFO - Filling up the DagBag from /home/airflow/.local/lib/python3.10/site-packages/airflow/example_dags/tutorial.py
[2025-05-09T13:02:52.832+0000] {processor.py:840} INFO - DAG(s) 'tutorial' retrieved from /home/airflow/.local/lib/python3.10/site-packages/airflow/example_dags/tutorial.py
[2025-05-09T13:02:52.859+0000] {logging_mixin.py:188} INFO - [2025-05-09T13:02:52.858+0000] {dag.py:3096} INFO - Sync 1 DAGs
[2025-05-09T13:02:52.892+0000] {logging_mixin.py:188} INFO - [2025-05-09T13:02:52.891+0000] {dag.py:3954} INFO - Setting next_dagrun for tutorial to 2025-05-08 00:00:00+00:00, run_after=2025-05-09 00:00:00+00:00
[2025-05-09T13:02:52.917+0000] {processor.py:183} INFO - Processing /home/airflow/.local/lib/python3.10/site-packages/airflow/example_dags/tutorial.py took 0.104 seconds
[2025-05-09T13:03:23.998+0000] {processor.py:161} INFO - Started process (PID=3433) to work on /home/airflow/.local/lib/python3.10/site-packages/airflow/example_dags/tutorial.py
[2025-05-09T13:03:23.999+0000] {processor.py:830} INFO - Processing file /home/airflow/.local/lib/python3.10/site-packages/airflow/example_dags/tutorial.py for tasks to queue
[2025-05-09T13:03:24.001+0000] {logging_mixin.py:188} INFO - [2025-05-09T13:03:24.001+0000] {dagbag.py:545} INFO - Filling up the DagBag from /home/airflow/.local/lib/python3.10/site-packages/airflow/example_dags/tutorial.py
[2025-05-09T13:03:24.007+0000] {processor.py:840} INFO - DAG(s) 'tutorial' retrieved from /home/airflow/.local/lib/python3.10/site-packages/airflow/example_dags/tutorial.py
[2025-05-09T13:03:24.032+0000] {logging_mixin.py:188} INFO - [2025-05-09T13:03:24.032+0000] {dag.py:3096} INFO - Sync 1 DAGs
[2025-05-09T13:03:24.058+0000] {logging_mixin.py:188} INFO - [2025-05-09T13:03:24.058+0000] {dag.py:3954} INFO - Setting next_dagrun for tutorial to 2025-05-08 00:00:00+00:00, run_after=2025-05-09 00:00:00+00:00
[2025-05-09T13:03:24.080+0000] {processor.py:183} INFO - Processing /home/airflow/.local/lib/python3.10/site-packages/airflow/example_dags/tutorial.py took 0.088 seconds
[2025-05-09T13:03:54.621+0000] {processor.py:161} INFO - Started process (PID=3693) to work on /home/airflow/.local/lib/python3.10/site-packages/airflow/example_dags/tutorial.py
[2025-05-09T13:03:54.623+0000] {processor.py:830} INFO - Processing file /home/airflow/.local/lib/python3.10/site-packages/airflow/example_dags/tutorial.py for tasks to queue
[2025-05-09T13:03:54.625+0000] {logging_mixin.py:188} INFO - [2025-05-09T13:03:54.625+0000] {dagbag.py:545} INFO - Filling up the DagBag from /home/airflow/.local/lib/python3.10/site-packages/airflow/example_dags/tutorial.py
[2025-05-09T13:03:54.632+0000] {processor.py:840} INFO - DAG(s) 'tutorial' retrieved from /home/airflow/.local/lib/python3.10/site-packages/airflow/example_dags/tutorial.py
[2025-05-09T13:03:54.656+0000] {logging_mixin.py:188} INFO - [2025-05-09T13:03:54.656+0000] {dag.py:3096} INFO - Sync 1 DAGs
[2025-05-09T13:03:54.685+0000] {logging_mixin.py:188} INFO - [2025-05-09T13:03:54.685+0000] {dag.py:3954} INFO - Setting next_dagrun for tutorial to 2025-05-08 00:00:00+00:00, run_after=2025-05-09 00:00:00+00:00
[2025-05-09T13:03:54.718+0000] {processor.py:183} INFO - Processing /home/airflow/.local/lib/python3.10/site-packages/airflow/example_dags/tutorial.py took 0.105 seconds
[2025-05-09T15:43:47.114+0000] {processor.py:161} INFO - Started process (PID=3968) to work on /home/airflow/.local/lib/python3.10/site-packages/airflow/example_dags/tutorial.py
[2025-05-09T15:43:47.118+0000] {processor.py:830} INFO - Processing file /home/airflow/.local/lib/python3.10/site-packages/airflow/example_dags/tutorial.py for tasks to queue
[2025-05-09T15:43:47.130+0000] {logging_mixin.py:188} INFO - [2025-05-09T15:43:47.122+0000] {dagbag.py:545} INFO - Filling up the DagBag from /home/airflow/.local/lib/python3.10/site-packages/airflow/example_dags/tutorial.py
[2025-05-09T15:43:47.164+0000] {processor.py:840} INFO - DAG(s) 'tutorial' retrieved from /home/airflow/.local/lib/python3.10/site-packages/airflow/example_dags/tutorial.py
[2025-05-09T15:43:47.284+0000] {logging_mixin.py:188} INFO - [2025-05-09T15:43:47.283+0000] {dag.py:3096} INFO - Sync 1 DAGs
[2025-05-09T15:43:47.457+0000] {logging_mixin.py:188} INFO - [2025-05-09T15:43:47.446+0000] {dag.py:3954} INFO - Setting next_dagrun for tutorial to 2025-05-08 00:00:00+00:00, run_after=2025-05-09 00:00:00+00:00
[2025-05-09T15:43:47.560+0000] {processor.py:183} INFO - Processing /home/airflow/.local/lib/python3.10/site-packages/airflow/example_dags/tutorial.py took 0.473 seconds
[2025-05-09T15:44:17.670+0000] {processor.py:161} INFO - Started process (PID=4234) to work on /home/airflow/.local/lib/python3.10/site-packages/airflow/example_dags/tutorial.py
[2025-05-09T15:44:17.672+0000] {processor.py:830} INFO - Processing file /home/airflow/.local/lib/python3.10/site-packages/airflow/example_dags/tutorial.py for tasks to queue
[2025-05-09T15:44:17.675+0000] {logging_mixin.py:188} INFO - [2025-05-09T15:44:17.674+0000] {dagbag.py:545} INFO - Filling up the DagBag from /home/airflow/.local/lib/python3.10/site-packages/airflow/example_dags/tutorial.py
[2025-05-09T15:44:17.681+0000] {processor.py:840} INFO - DAG(s) 'tutorial' retrieved from /home/airflow/.local/lib/python3.10/site-packages/airflow/example_dags/tutorial.py
[2025-05-09T15:44:17.711+0000] {logging_mixin.py:188} INFO - [2025-05-09T15:44:17.710+0000] {dag.py:3096} INFO - Sync 1 DAGs
[2025-05-09T15:44:17.747+0000] {logging_mixin.py:188} INFO - [2025-05-09T15:44:17.747+0000] {dag.py:3954} INFO - Setting next_dagrun for tutorial to 2025-05-08 00:00:00+00:00, run_after=2025-05-09 00:00:00+00:00
[2025-05-09T15:44:17.793+0000] {processor.py:183} INFO - Processing /home/airflow/.local/lib/python3.10/site-packages/airflow/example_dags/tutorial.py took 0.130 seconds
[2025-05-09T15:44:48.222+0000] {processor.py:161} INFO - Started process (PID=4506) to work on /home/airflow/.local/lib/python3.10/site-packages/airflow/example_dags/tutorial.py
[2025-05-09T15:44:48.223+0000] {processor.py:830} INFO - Processing file /home/airflow/.local/lib/python3.10/site-packages/airflow/example_dags/tutorial.py for tasks to queue
[2025-05-09T15:44:48.225+0000] {logging_mixin.py:188} INFO - [2025-05-09T15:44:48.225+0000] {dagbag.py:545} INFO - Filling up the DagBag from /home/airflow/.local/lib/python3.10/site-packages/airflow/example_dags/tutorial.py
[2025-05-09T15:44:48.233+0000] {processor.py:840} INFO - DAG(s) 'tutorial' retrieved from /home/airflow/.local/lib/python3.10/site-packages/airflow/example_dags/tutorial.py
[2025-05-09T15:44:48.259+0000] {logging_mixin.py:188} INFO - [2025-05-09T15:44:48.258+0000] {dag.py:3096} INFO - Sync 1 DAGs
[2025-05-09T15:44:48.286+0000] {logging_mixin.py:188} INFO - [2025-05-09T15:44:48.286+0000] {dag.py:3954} INFO - Setting next_dagrun for tutorial to 2025-05-08 00:00:00+00:00, run_after=2025-05-09 00:00:00+00:00
[2025-05-09T15:44:48.306+0000] {processor.py:183} INFO - Processing /home/airflow/.local/lib/python3.10/site-packages/airflow/example_dags/tutorial.py took 0.092 seconds
[2025-05-09T15:45:18.666+0000] {processor.py:161} INFO - Started process (PID=4774) to work on /home/airflow/.local/lib/python3.10/site-packages/airflow/example_dags/tutorial.py
[2025-05-09T15:45:18.668+0000] {processor.py:830} INFO - Processing file /home/airflow/.local/lib/python3.10/site-packages/airflow/example_dags/tutorial.py for tasks to queue
[2025-05-09T15:45:18.670+0000] {logging_mixin.py:188} INFO - [2025-05-09T15:45:18.670+0000] {dagbag.py:545} INFO - Filling up the DagBag from /home/airflow/.local/lib/python3.10/site-packages/airflow/example_dags/tutorial.py
[2025-05-09T15:45:18.679+0000] {processor.py:840} INFO - DAG(s) 'tutorial' retrieved from /home/airflow/.local/lib/python3.10/site-packages/airflow/example_dags/tutorial.py
[2025-05-09T15:45:18.708+0000] {logging_mixin.py:188} INFO - [2025-05-09T15:45:18.708+0000] {dag.py:3096} INFO - Sync 1 DAGs
[2025-05-09T15:45:18.740+0000] {logging_mixin.py:188} INFO - [2025-05-09T15:45:18.740+0000] {dag.py:3954} INFO - Setting next_dagrun for tutorial to 2025-05-08 00:00:00+00:00, run_after=2025-05-09 00:00:00+00:00
[2025-05-09T15:45:18.762+0000] {processor.py:183} INFO - Processing /home/airflow/.local/lib/python3.10/site-packages/airflow/example_dags/tutorial.py took 0.104 seconds
[2025-05-09T15:45:49.225+0000] {processor.py:161} INFO - Started process (PID=5036) to work on /home/airflow/.local/lib/python3.10/site-packages/airflow/example_dags/tutorial.py
[2025-05-09T15:45:49.227+0000] {processor.py:830} INFO - Processing file /home/airflow/.local/lib/python3.10/site-packages/airflow/example_dags/tutorial.py for tasks to queue
[2025-05-09T15:45:49.230+0000] {logging_mixin.py:188} INFO - [2025-05-09T15:45:49.229+0000] {dagbag.py:545} INFO - Filling up the DagBag from /home/airflow/.local/lib/python3.10/site-packages/airflow/example_dags/tutorial.py
[2025-05-09T15:45:49.236+0000] {processor.py:840} INFO - DAG(s) 'tutorial' retrieved from /home/airflow/.local/lib/python3.10/site-packages/airflow/example_dags/tutorial.py
[2025-05-09T15:45:49.260+0000] {logging_mixin.py:188} INFO - [2025-05-09T15:45:49.260+0000] {dag.py:3096} INFO - Sync 1 DAGs
[2025-05-09T15:45:49.286+0000] {logging_mixin.py:188} INFO - [2025-05-09T15:45:49.286+0000] {dag.py:3954} INFO - Setting next_dagrun for tutorial to 2025-05-08 00:00:00+00:00, run_after=2025-05-09 00:00:00+00:00
[2025-05-09T15:45:49.305+0000] {processor.py:183} INFO - Processing /home/airflow/.local/lib/python3.10/site-packages/airflow/example_dags/tutorial.py took 0.086 seconds
[2025-05-09T15:46:19.524+0000] {processor.py:161} INFO - Started process (PID=5307) to work on /home/airflow/.local/lib/python3.10/site-packages/airflow/example_dags/tutorial.py
[2025-05-09T15:46:19.525+0000] {processor.py:830} INFO - Processing file /home/airflow/.local/lib/python3.10/site-packages/airflow/example_dags/tutorial.py for tasks to queue
[2025-05-09T15:46:19.527+0000] {logging_mixin.py:188} INFO - [2025-05-09T15:46:19.527+0000] {dagbag.py:545} INFO - Filling up the DagBag from /home/airflow/.local/lib/python3.10/site-packages/airflow/example_dags/tutorial.py
[2025-05-09T15:46:19.534+0000] {processor.py:840} INFO - DAG(s) 'tutorial' retrieved from /home/airflow/.local/lib/python3.10/site-packages/airflow/example_dags/tutorial.py
[2025-05-09T15:46:19.557+0000] {logging_mixin.py:188} INFO - [2025-05-09T15:46:19.557+0000] {dag.py:3096} INFO - Sync 1 DAGs
[2025-05-09T15:46:19.584+0000] {logging_mixin.py:188} INFO - [2025-05-09T15:46:19.584+0000] {dag.py:3954} INFO - Setting next_dagrun for tutorial to 2025-05-08 00:00:00+00:00, run_after=2025-05-09 00:00:00+00:00
[2025-05-09T15:46:19.604+0000] {processor.py:183} INFO - Processing /home/airflow/.local/lib/python3.10/site-packages/airflow/example_dags/tutorial.py took 0.087 seconds
[2025-05-09T15:46:50.184+0000] {processor.py:161} INFO - Started process (PID=5569) to work on /home/airflow/.local/lib/python3.10/site-packages/airflow/example_dags/tutorial.py
[2025-05-09T15:46:50.185+0000] {processor.py:830} INFO - Processing file /home/airflow/.local/lib/python3.10/site-packages/airflow/example_dags/tutorial.py for tasks to queue
[2025-05-09T15:46:50.188+0000] {logging_mixin.py:188} INFO - [2025-05-09T15:46:50.188+0000] {dagbag.py:545} INFO - Filling up the DagBag from /home/airflow/.local/lib/python3.10/site-packages/airflow/example_dags/tutorial.py
[2025-05-09T15:46:50.199+0000] {processor.py:840} INFO - DAG(s) 'tutorial' retrieved from /home/airflow/.local/lib/python3.10/site-packages/airflow/example_dags/tutorial.py
[2025-05-09T15:46:50.225+0000] {logging_mixin.py:188} INFO - [2025-05-09T15:46:50.225+0000] {dag.py:3096} INFO - Sync 1 DAGs
[2025-05-09T15:46:50.251+0000] {logging_mixin.py:188} INFO - [2025-05-09T15:46:50.251+0000] {dag.py:3954} INFO - Setting next_dagrun for tutorial to 2025-05-08 00:00:00+00:00, run_after=2025-05-09 00:00:00+00:00
[2025-05-09T15:46:50.281+0000] {processor.py:183} INFO - Processing /home/airflow/.local/lib/python3.10/site-packages/airflow/example_dags/tutorial.py took 0.105 seconds
[2025-05-09T15:47:21.048+0000] {processor.py:161} INFO - Started process (PID=5833) to work on /home/airflow/.local/lib/python3.10/site-packages/airflow/example_dags/tutorial.py
[2025-05-09T15:47:21.050+0000] {processor.py:830} INFO - Processing file /home/airflow/.local/lib/python3.10/site-packages/airflow/example_dags/tutorial.py for tasks to queue
[2025-05-09T15:47:21.052+0000] {logging_mixin.py:188} INFO - [2025-05-09T15:47:21.051+0000] {dagbag.py:545} INFO - Filling up the DagBag from /home/airflow/.local/lib/python3.10/site-packages/airflow/example_dags/tutorial.py
[2025-05-09T15:47:21.059+0000] {processor.py:840} INFO - DAG(s) 'tutorial' retrieved from /home/airflow/.local/lib/python3.10/site-packages/airflow/example_dags/tutorial.py
[2025-05-09T15:47:21.082+0000] {logging_mixin.py:188} INFO - [2025-05-09T15:47:21.082+0000] {dag.py:3096} INFO - Sync 1 DAGs
[2025-05-09T15:47:21.104+0000] {logging_mixin.py:188} INFO - [2025-05-09T15:47:21.104+0000] {dag.py:3954} INFO - Setting next_dagrun for tutorial to 2025-05-08 00:00:00+00:00, run_after=2025-05-09 00:00:00+00:00
[2025-05-09T15:47:21.139+0000] {processor.py:183} INFO - Processing /home/airflow/.local/lib/python3.10/site-packages/airflow/example_dags/tutorial.py took 0.098 seconds
[2025-05-09T15:47:51.622+0000] {processor.py:161} INFO - Started process (PID=6093) to work on /home/airflow/.local/lib/python3.10/site-packages/airflow/example_dags/tutorial.py
[2025-05-09T15:47:51.624+0000] {processor.py:830} INFO - Processing file /home/airflow/.local/lib/python3.10/site-packages/airflow/example_dags/tutorial.py for tasks to queue
[2025-05-09T15:47:51.627+0000] {logging_mixin.py:188} INFO - [2025-05-09T15:47:51.626+0000] {dagbag.py:545} INFO - Filling up the DagBag from /home/airflow/.local/lib/python3.10/site-packages/airflow/example_dags/tutorial.py
[2025-05-09T15:47:51.634+0000] {processor.py:840} INFO - DAG(s) 'tutorial' retrieved from /home/airflow/.local/lib/python3.10/site-packages/airflow/example_dags/tutorial.py
[2025-05-09T15:47:51.660+0000] {logging_mixin.py:188} INFO - [2025-05-09T15:47:51.660+0000] {dag.py:3096} INFO - Sync 1 DAGs
[2025-05-09T15:47:51.684+0000] {logging_mixin.py:188} INFO - [2025-05-09T15:47:51.684+0000] {dag.py:3954} INFO - Setting next_dagrun for tutorial to 2025-05-08 00:00:00+00:00, run_after=2025-05-09 00:00:00+00:00
[2025-05-09T15:47:51.714+0000] {processor.py:183} INFO - Processing /home/airflow/.local/lib/python3.10/site-packages/airflow/example_dags/tutorial.py took 0.101 seconds
[2025-05-09T15:48:21.783+0000] {processor.py:161} INFO - Started process (PID=6366) to work on /home/airflow/.local/lib/python3.10/site-packages/airflow/example_dags/tutorial.py
[2025-05-09T15:48:21.784+0000] {processor.py:830} INFO - Processing file /home/airflow/.local/lib/python3.10/site-packages/airflow/example_dags/tutorial.py for tasks to queue
[2025-05-09T15:48:21.786+0000] {logging_mixin.py:188} INFO - [2025-05-09T15:48:21.786+0000] {dagbag.py:545} INFO - Filling up the DagBag from /home/airflow/.local/lib/python3.10/site-packages/airflow/example_dags/tutorial.py
[2025-05-09T15:48:21.794+0000] {processor.py:840} INFO - DAG(s) 'tutorial' retrieved from /home/airflow/.local/lib/python3.10/site-packages/airflow/example_dags/tutorial.py
[2025-05-09T15:48:21.818+0000] {logging_mixin.py:188} INFO - [2025-05-09T15:48:21.818+0000] {dag.py:3096} INFO - Sync 1 DAGs
[2025-05-09T15:48:21.842+0000] {logging_mixin.py:188} INFO - [2025-05-09T15:48:21.841+0000] {dag.py:3954} INFO - Setting next_dagrun for tutorial to 2025-05-08 00:00:00+00:00, run_after=2025-05-09 00:00:00+00:00
[2025-05-09T15:48:21.872+0000] {processor.py:183} INFO - Processing /home/airflow/.local/lib/python3.10/site-packages/airflow/example_dags/tutorial.py took 0.097 seconds
[2025-05-09T15:48:52.754+0000] {processor.py:161} INFO - Started process (PID=6650) to work on /home/airflow/.local/lib/python3.10/site-packages/airflow/example_dags/tutorial.py
[2025-05-09T15:48:52.757+0000] {processor.py:830} INFO - Processing file /home/airflow/.local/lib/python3.10/site-packages/airflow/example_dags/tutorial.py for tasks to queue
[2025-05-09T15:48:52.761+0000] {logging_mixin.py:188} INFO - [2025-05-09T15:48:52.760+0000] {dagbag.py:545} INFO - Filling up the DagBag from /home/airflow/.local/lib/python3.10/site-packages/airflow/example_dags/tutorial.py
[2025-05-09T15:48:52.777+0000] {processor.py:840} INFO - DAG(s) 'tutorial' retrieved from /home/airflow/.local/lib/python3.10/site-packages/airflow/example_dags/tutorial.py
[2025-05-09T15:48:52.817+0000] {logging_mixin.py:188} INFO - [2025-05-09T15:48:52.816+0000] {dag.py:3096} INFO - Sync 1 DAGs
[2025-05-09T15:48:52.863+0000] {logging_mixin.py:188} INFO - [2025-05-09T15:48:52.862+0000] {dag.py:3954} INFO - Setting next_dagrun for tutorial to 2025-05-08 00:00:00+00:00, run_after=2025-05-09 00:00:00+00:00
[2025-05-09T15:48:52.905+0000] {processor.py:183} INFO - Processing /home/airflow/.local/lib/python3.10/site-packages/airflow/example_dags/tutorial.py took 0.166 seconds
[2025-05-09T15:49:23.210+0000] {processor.py:161} INFO - Started process (PID=6928) to work on /home/airflow/.local/lib/python3.10/site-packages/airflow/example_dags/tutorial.py
[2025-05-09T15:49:23.211+0000] {processor.py:830} INFO - Processing file /home/airflow/.local/lib/python3.10/site-packages/airflow/example_dags/tutorial.py for tasks to queue
[2025-05-09T15:49:23.215+0000] {logging_mixin.py:188} INFO - [2025-05-09T15:49:23.214+0000] {dagbag.py:545} INFO - Filling up the DagBag from /home/airflow/.local/lib/python3.10/site-packages/airflow/example_dags/tutorial.py
[2025-05-09T15:49:23.228+0000] {processor.py:840} INFO - DAG(s) 'tutorial' retrieved from /home/airflow/.local/lib/python3.10/site-packages/airflow/example_dags/tutorial.py
[2025-05-09T15:49:23.267+0000] {logging_mixin.py:188} INFO - [2025-05-09T15:49:23.266+0000] {dag.py:3096} INFO - Sync 1 DAGs
[2025-05-09T15:49:23.314+0000] {logging_mixin.py:188} INFO - [2025-05-09T15:49:23.313+0000] {dag.py:3954} INFO - Setting next_dagrun for tutorial to 2025-05-08 00:00:00+00:00, run_after=2025-05-09 00:00:00+00:00
[2025-05-09T15:49:23.348+0000] {processor.py:183} INFO - Processing /home/airflow/.local/lib/python3.10/site-packages/airflow/example_dags/tutorial.py took 0.152 seconds
[2025-05-09T15:49:54.272+0000] {processor.py:161} INFO - Started process (PID=7190) to work on /home/airflow/.local/lib/python3.10/site-packages/airflow/example_dags/tutorial.py
[2025-05-09T15:49:54.274+0000] {processor.py:830} INFO - Processing file /home/airflow/.local/lib/python3.10/site-packages/airflow/example_dags/tutorial.py for tasks to queue
[2025-05-09T15:49:54.276+0000] {logging_mixin.py:188} INFO - [2025-05-09T15:49:54.276+0000] {dagbag.py:545} INFO - Filling up the DagBag from /home/airflow/.local/lib/python3.10/site-packages/airflow/example_dags/tutorial.py
[2025-05-09T15:49:54.287+0000] {processor.py:840} INFO - DAG(s) 'tutorial' retrieved from /home/airflow/.local/lib/python3.10/site-packages/airflow/example_dags/tutorial.py
[2025-05-09T15:49:54.394+0000] {logging_mixin.py:188} INFO - [2025-05-09T15:49:54.394+0000] {dag.py:3096} INFO - Sync 1 DAGs
[2025-05-09T15:49:54.434+0000] {logging_mixin.py:188} INFO - [2025-05-09T15:49:54.433+0000] {dag.py:3954} INFO - Setting next_dagrun for tutorial to 2025-05-08 00:00:00+00:00, run_after=2025-05-09 00:00:00+00:00
[2025-05-09T15:49:54.473+0000] {processor.py:183} INFO - Processing /home/airflow/.local/lib/python3.10/site-packages/airflow/example_dags/tutorial.py took 0.212 seconds
[2025-05-09T15:50:24.768+0000] {processor.py:161} INFO - Started process (PID=7458) to work on /home/airflow/.local/lib/python3.10/site-packages/airflow/example_dags/tutorial.py
[2025-05-09T15:50:24.770+0000] {processor.py:830} INFO - Processing file /home/airflow/.local/lib/python3.10/site-packages/airflow/example_dags/tutorial.py for tasks to queue
[2025-05-09T15:50:24.773+0000] {logging_mixin.py:188} INFO - [2025-05-09T15:50:24.772+0000] {dagbag.py:545} INFO - Filling up the DagBag from /home/airflow/.local/lib/python3.10/site-packages/airflow/example_dags/tutorial.py
[2025-05-09T15:50:24.780+0000] {processor.py:840} INFO - DAG(s) 'tutorial' retrieved from /home/airflow/.local/lib/python3.10/site-packages/airflow/example_dags/tutorial.py
[2025-05-09T15:50:24.805+0000] {logging_mixin.py:188} INFO - [2025-05-09T15:50:24.805+0000] {dag.py:3096} INFO - Sync 1 DAGs
[2025-05-09T15:50:24.833+0000] {logging_mixin.py:188} INFO - [2025-05-09T15:50:24.833+0000] {dag.py:3954} INFO - Setting next_dagrun for tutorial to 2025-05-08 00:00:00+00:00, run_after=2025-05-09 00:00:00+00:00
[2025-05-09T15:50:24.866+0000] {processor.py:183} INFO - Processing /home/airflow/.local/lib/python3.10/site-packages/airflow/example_dags/tutorial.py took 0.107 seconds
[2025-05-09T15:50:55.058+0000] {processor.py:161} INFO - Started process (PID=7720) to work on /home/airflow/.local/lib/python3.10/site-packages/airflow/example_dags/tutorial.py
[2025-05-09T15:50:55.059+0000] {processor.py:830} INFO - Processing file /home/airflow/.local/lib/python3.10/site-packages/airflow/example_dags/tutorial.py for tasks to queue
[2025-05-09T15:50:55.063+0000] {logging_mixin.py:188} INFO - [2025-05-09T15:50:55.062+0000] {dagbag.py:545} INFO - Filling up the DagBag from /home/airflow/.local/lib/python3.10/site-packages/airflow/example_dags/tutorial.py
[2025-05-09T15:50:55.071+0000] {processor.py:840} INFO - DAG(s) 'tutorial' retrieved from /home/airflow/.local/lib/python3.10/site-packages/airflow/example_dags/tutorial.py
[2025-05-09T15:50:55.104+0000] {logging_mixin.py:188} INFO - [2025-05-09T15:50:55.103+0000] {dag.py:3096} INFO - Sync 1 DAGs
[2025-05-09T15:50:55.140+0000] {logging_mixin.py:188} INFO - [2025-05-09T15:50:55.140+0000] {dag.py:3954} INFO - Setting next_dagrun for tutorial to 2025-05-08 00:00:00+00:00, run_after=2025-05-09 00:00:00+00:00
[2025-05-09T15:50:55.170+0000] {processor.py:183} INFO - Processing /home/airflow/.local/lib/python3.10/site-packages/airflow/example_dags/tutorial.py took 0.119 seconds
[2025-05-09T15:51:25.588+0000] {processor.py:161} INFO - Started process (PID=7991) to work on /home/airflow/.local/lib/python3.10/site-packages/airflow/example_dags/tutorial.py
[2025-05-09T15:51:25.590+0000] {processor.py:830} INFO - Processing file /home/airflow/.local/lib/python3.10/site-packages/airflow/example_dags/tutorial.py for tasks to queue
[2025-05-09T15:51:25.592+0000] {logging_mixin.py:188} INFO - [2025-05-09T15:51:25.591+0000] {dagbag.py:545} INFO - Filling up the DagBag from /home/airflow/.local/lib/python3.10/site-packages/airflow/example_dags/tutorial.py
[2025-05-09T15:51:25.598+0000] {processor.py:840} INFO - DAG(s) 'tutorial' retrieved from /home/airflow/.local/lib/python3.10/site-packages/airflow/example_dags/tutorial.py
[2025-05-09T15:51:25.622+0000] {logging_mixin.py:188} INFO - [2025-05-09T15:51:25.621+0000] {dag.py:3096} INFO - Sync 1 DAGs
[2025-05-09T15:51:25.642+0000] {logging_mixin.py:188} INFO - [2025-05-09T15:51:25.642+0000] {dag.py:3954} INFO - Setting next_dagrun for tutorial to 2025-05-08 00:00:00+00:00, run_after=2025-05-09 00:00:00+00:00
[2025-05-09T15:51:25.670+0000] {processor.py:183} INFO - Processing /home/airflow/.local/lib/python3.10/site-packages/airflow/example_dags/tutorial.py took 0.088 seconds
[2025-05-09T15:51:56.100+0000] {processor.py:161} INFO - Started process (PID=8253) to work on /home/airflow/.local/lib/python3.10/site-packages/airflow/example_dags/tutorial.py
[2025-05-09T15:51:56.102+0000] {processor.py:830} INFO - Processing file /home/airflow/.local/lib/python3.10/site-packages/airflow/example_dags/tutorial.py for tasks to queue
[2025-05-09T15:51:56.104+0000] {logging_mixin.py:188} INFO - [2025-05-09T15:51:56.104+0000] {dagbag.py:545} INFO - Filling up the DagBag from /home/airflow/.local/lib/python3.10/site-packages/airflow/example_dags/tutorial.py
[2025-05-09T15:51:56.110+0000] {processor.py:840} INFO - DAG(s) 'tutorial' retrieved from /home/airflow/.local/lib/python3.10/site-packages/airflow/example_dags/tutorial.py
[2025-05-09T15:51:56.134+0000] {logging_mixin.py:188} INFO - [2025-05-09T15:51:56.134+0000] {dag.py:3096} INFO - Sync 1 DAGs
[2025-05-09T15:51:56.157+0000] {logging_mixin.py:188} INFO - [2025-05-09T15:51:56.157+0000] {dag.py:3954} INFO - Setting next_dagrun for tutorial to 2025-05-08 00:00:00+00:00, run_after=2025-05-09 00:00:00+00:00
[2025-05-09T15:51:56.180+0000] {processor.py:183} INFO - Processing /home/airflow/.local/lib/python3.10/site-packages/airflow/example_dags/tutorial.py took 0.085 seconds
[2025-05-09T15:52:26.913+0000] {processor.py:161} INFO - Started process (PID=8521) to work on /home/airflow/.local/lib/python3.10/site-packages/airflow/example_dags/tutorial.py
[2025-05-09T15:52:26.915+0000] {processor.py:830} INFO - Processing file /home/airflow/.local/lib/python3.10/site-packages/airflow/example_dags/tutorial.py for tasks to queue
[2025-05-09T15:52:26.920+0000] {logging_mixin.py:188} INFO - [2025-05-09T15:52:26.919+0000] {dagbag.py:545} INFO - Filling up the DagBag from /home/airflow/.local/lib/python3.10/site-packages/airflow/example_dags/tutorial.py
[2025-05-09T15:52:26.928+0000] {processor.py:840} INFO - DAG(s) 'tutorial' retrieved from /home/airflow/.local/lib/python3.10/site-packages/airflow/example_dags/tutorial.py
[2025-05-09T15:52:26.964+0000] {logging_mixin.py:188} INFO - [2025-05-09T15:52:26.964+0000] {dag.py:3096} INFO - Sync 1 DAGs
[2025-05-09T15:52:26.999+0000] {logging_mixin.py:188} INFO - [2025-05-09T15:52:26.999+0000] {dag.py:3954} INFO - Setting next_dagrun for tutorial to 2025-05-08 00:00:00+00:00, run_after=2025-05-09 00:00:00+00:00
[2025-05-09T15:52:27.035+0000] {processor.py:183} INFO - Processing /home/airflow/.local/lib/python3.10/site-packages/airflow/example_dags/tutorial.py took 0.138 seconds
[2025-05-09T15:52:57.186+0000] {processor.py:161} INFO - Started process (PID=8783) to work on /home/airflow/.local/lib/python3.10/site-packages/airflow/example_dags/tutorial.py
[2025-05-09T15:52:57.188+0000] {processor.py:830} INFO - Processing file /home/airflow/.local/lib/python3.10/site-packages/airflow/example_dags/tutorial.py for tasks to queue
[2025-05-09T15:52:57.191+0000] {logging_mixin.py:188} INFO - [2025-05-09T15:52:57.190+0000] {dagbag.py:545} INFO - Filling up the DagBag from /home/airflow/.local/lib/python3.10/site-packages/airflow/example_dags/tutorial.py
[2025-05-09T15:52:57.198+0000] {processor.py:840} INFO - DAG(s) 'tutorial' retrieved from /home/airflow/.local/lib/python3.10/site-packages/airflow/example_dags/tutorial.py
[2025-05-09T15:52:57.220+0000] {logging_mixin.py:188} INFO - [2025-05-09T15:52:57.220+0000] {dag.py:3096} INFO - Sync 1 DAGs
[2025-05-09T15:52:57.240+0000] {logging_mixin.py:188} INFO - [2025-05-09T15:52:57.240+0000] {dag.py:3954} INFO - Setting next_dagrun for tutorial to 2025-05-08 00:00:00+00:00, run_after=2025-05-09 00:00:00+00:00
[2025-05-09T15:52:57.265+0000] {processor.py:183} INFO - Processing /home/airflow/.local/lib/python3.10/site-packages/airflow/example_dags/tutorial.py took 0.084 seconds
[2025-05-09T15:53:27.532+0000] {processor.py:161} INFO - Started process (PID=9054) to work on /home/airflow/.local/lib/python3.10/site-packages/airflow/example_dags/tutorial.py
[2025-05-09T15:53:27.533+0000] {processor.py:830} INFO - Processing file /home/airflow/.local/lib/python3.10/site-packages/airflow/example_dags/tutorial.py for tasks to queue
[2025-05-09T15:53:27.537+0000] {logging_mixin.py:188} INFO - [2025-05-09T15:53:27.537+0000] {dagbag.py:545} INFO - Filling up the DagBag from /home/airflow/.local/lib/python3.10/site-packages/airflow/example_dags/tutorial.py
[2025-05-09T15:53:27.547+0000] {processor.py:840} INFO - DAG(s) 'tutorial' retrieved from /home/airflow/.local/lib/python3.10/site-packages/airflow/example_dags/tutorial.py
[2025-05-09T15:53:27.586+0000] {logging_mixin.py:188} INFO - [2025-05-09T15:53:27.585+0000] {dag.py:3096} INFO - Sync 1 DAGs
[2025-05-09T15:53:27.628+0000] {logging_mixin.py:188} INFO - [2025-05-09T15:53:27.627+0000] {dag.py:3954} INFO - Setting next_dagrun for tutorial to 2025-05-08 00:00:00+00:00, run_after=2025-05-09 00:00:00+00:00
[2025-05-09T15:53:27.669+0000] {processor.py:183} INFO - Processing /home/airflow/.local/lib/python3.10/site-packages/airflow/example_dags/tutorial.py took 0.153 seconds
[2025-05-09T15:53:57.992+0000] {processor.py:161} INFO - Started process (PID=9328) to work on /home/airflow/.local/lib/python3.10/site-packages/airflow/example_dags/tutorial.py
[2025-05-09T15:53:57.995+0000] {processor.py:830} INFO - Processing file /home/airflow/.local/lib/python3.10/site-packages/airflow/example_dags/tutorial.py for tasks to queue
[2025-05-09T15:53:57.998+0000] {logging_mixin.py:188} INFO - [2025-05-09T15:53:57.997+0000] {dagbag.py:545} INFO - Filling up the DagBag from /home/airflow/.local/lib/python3.10/site-packages/airflow/example_dags/tutorial.py
[2025-05-09T15:53:58.005+0000] {processor.py:840} INFO - DAG(s) 'tutorial' retrieved from /home/airflow/.local/lib/python3.10/site-packages/airflow/example_dags/tutorial.py
[2025-05-09T15:53:58.034+0000] {logging_mixin.py:188} INFO - [2025-05-09T15:53:58.034+0000] {dag.py:3096} INFO - Sync 1 DAGs
[2025-05-09T15:53:58.059+0000] {logging_mixin.py:188} INFO - [2025-05-09T15:53:58.059+0000] {dag.py:3954} INFO - Setting next_dagrun for tutorial to 2025-05-08 00:00:00+00:00, run_after=2025-05-09 00:00:00+00:00
[2025-05-09T15:53:58.085+0000] {processor.py:183} INFO - Processing /home/airflow/.local/lib/python3.10/site-packages/airflow/example_dags/tutorial.py took 0.101 seconds
[2025-05-09T15:54:28.884+0000] {processor.py:161} INFO - Started process (PID=9602) to work on /home/airflow/.local/lib/python3.10/site-packages/airflow/example_dags/tutorial.py
[2025-05-09T15:54:28.886+0000] {processor.py:830} INFO - Processing file /home/airflow/.local/lib/python3.10/site-packages/airflow/example_dags/tutorial.py for tasks to queue
[2025-05-09T15:54:28.888+0000] {logging_mixin.py:188} INFO - [2025-05-09T15:54:28.887+0000] {dagbag.py:545} INFO - Filling up the DagBag from /home/airflow/.local/lib/python3.10/site-packages/airflow/example_dags/tutorial.py
[2025-05-09T15:54:28.893+0000] {processor.py:840} INFO - DAG(s) 'tutorial' retrieved from /home/airflow/.local/lib/python3.10/site-packages/airflow/example_dags/tutorial.py
[2025-05-09T15:54:28.918+0000] {logging_mixin.py:188} INFO - [2025-05-09T15:54:28.917+0000] {dag.py:3096} INFO - Sync 1 DAGs
[2025-05-09T15:54:28.938+0000] {logging_mixin.py:188} INFO - [2025-05-09T15:54:28.938+0000] {dag.py:3954} INFO - Setting next_dagrun for tutorial to 2025-05-08 00:00:00+00:00, run_after=2025-05-09 00:00:00+00:00
[2025-05-09T15:54:28.965+0000] {processor.py:183} INFO - Processing /home/airflow/.local/lib/python3.10/site-packages/airflow/example_dags/tutorial.py took 0.087 seconds
[2025-05-09T15:54:59.421+0000] {processor.py:161} INFO - Started process (PID=9864) to work on /home/airflow/.local/lib/python3.10/site-packages/airflow/example_dags/tutorial.py
[2025-05-09T15:54:59.423+0000] {processor.py:830} INFO - Processing file /home/airflow/.local/lib/python3.10/site-packages/airflow/example_dags/tutorial.py for tasks to queue
[2025-05-09T15:54:59.425+0000] {logging_mixin.py:188} INFO - [2025-05-09T15:54:59.425+0000] {dagbag.py:545} INFO - Filling up the DagBag from /home/airflow/.local/lib/python3.10/site-packages/airflow/example_dags/tutorial.py
[2025-05-09T15:54:59.432+0000] {processor.py:840} INFO - DAG(s) 'tutorial' retrieved from /home/airflow/.local/lib/python3.10/site-packages/airflow/example_dags/tutorial.py
[2025-05-09T15:54:59.458+0000] {logging_mixin.py:188} INFO - [2025-05-09T15:54:59.458+0000] {dag.py:3096} INFO - Sync 1 DAGs
[2025-05-09T15:54:59.479+0000] {logging_mixin.py:188} INFO - [2025-05-09T15:54:59.479+0000] {dag.py:3954} INFO - Setting next_dagrun for tutorial to 2025-05-08 00:00:00+00:00, run_after=2025-05-09 00:00:00+00:00
[2025-05-09T15:54:59.508+0000] {processor.py:183} INFO - Processing /home/airflow/.local/lib/python3.10/site-packages/airflow/example_dags/tutorial.py took 0.093 seconds
[2025-05-09T15:55:29.584+0000] {processor.py:161} INFO - Started process (PID=10135) to work on /home/airflow/.local/lib/python3.10/site-packages/airflow/example_dags/tutorial.py
[2025-05-09T15:55:29.586+0000] {processor.py:830} INFO - Processing file /home/airflow/.local/lib/python3.10/site-packages/airflow/example_dags/tutorial.py for tasks to queue
[2025-05-09T15:55:29.588+0000] {logging_mixin.py:188} INFO - [2025-05-09T15:55:29.588+0000] {dagbag.py:545} INFO - Filling up the DagBag from /home/airflow/.local/lib/python3.10/site-packages/airflow/example_dags/tutorial.py
[2025-05-09T15:55:29.594+0000] {processor.py:840} INFO - DAG(s) 'tutorial' retrieved from /home/airflow/.local/lib/python3.10/site-packages/airflow/example_dags/tutorial.py
[2025-05-09T15:55:29.615+0000] {logging_mixin.py:188} INFO - [2025-05-09T15:55:29.615+0000] {dag.py:3096} INFO - Sync 1 DAGs
[2025-05-09T15:55:29.639+0000] {logging_mixin.py:188} INFO - [2025-05-09T15:55:29.639+0000] {dag.py:3954} INFO - Setting next_dagrun for tutorial to 2025-05-08 00:00:00+00:00, run_after=2025-05-09 00:00:00+00:00
[2025-05-09T15:55:29.660+0000] {processor.py:183} INFO - Processing /home/airflow/.local/lib/python3.10/site-packages/airflow/example_dags/tutorial.py took 0.082 seconds
[2025-05-09T15:56:00.064+0000] {processor.py:161} INFO - Started process (PID=10397) to work on /home/airflow/.local/lib/python3.10/site-packages/airflow/example_dags/tutorial.py
[2025-05-09T15:56:00.066+0000] {processor.py:830} INFO - Processing file /home/airflow/.local/lib/python3.10/site-packages/airflow/example_dags/tutorial.py for tasks to queue
[2025-05-09T15:56:00.070+0000] {logging_mixin.py:188} INFO - [2025-05-09T15:56:00.070+0000] {dagbag.py:545} INFO - Filling up the DagBag from /home/airflow/.local/lib/python3.10/site-packages/airflow/example_dags/tutorial.py
[2025-05-09T15:56:00.078+0000] {processor.py:840} INFO - DAG(s) 'tutorial' retrieved from /home/airflow/.local/lib/python3.10/site-packages/airflow/example_dags/tutorial.py
[2025-05-09T15:56:00.106+0000] {logging_mixin.py:188} INFO - [2025-05-09T15:56:00.105+0000] {dag.py:3096} INFO - Sync 1 DAGs
[2025-05-09T15:56:00.130+0000] {logging_mixin.py:188} INFO - [2025-05-09T15:56:00.130+0000] {dag.py:3954} INFO - Setting next_dagrun for tutorial to 2025-05-08 00:00:00+00:00, run_after=2025-05-09 00:00:00+00:00
[2025-05-09T15:56:00.156+0000] {processor.py:183} INFO - Processing /home/airflow/.local/lib/python3.10/site-packages/airflow/example_dags/tutorial.py took 0.099 seconds
[2025-05-09T15:56:30.416+0000] {processor.py:161} INFO - Started process (PID=10668) to work on /home/airflow/.local/lib/python3.10/site-packages/airflow/example_dags/tutorial.py
[2025-05-09T15:56:30.418+0000] {processor.py:830} INFO - Processing file /home/airflow/.local/lib/python3.10/site-packages/airflow/example_dags/tutorial.py for tasks to queue
[2025-05-09T15:56:30.422+0000] {logging_mixin.py:188} INFO - [2025-05-09T15:56:30.422+0000] {dagbag.py:545} INFO - Filling up the DagBag from /home/airflow/.local/lib/python3.10/site-packages/airflow/example_dags/tutorial.py
[2025-05-09T15:56:30.431+0000] {processor.py:840} INFO - DAG(s) 'tutorial' retrieved from /home/airflow/.local/lib/python3.10/site-packages/airflow/example_dags/tutorial.py
[2025-05-09T15:56:30.468+0000] {logging_mixin.py:188} INFO - [2025-05-09T15:56:30.468+0000] {dag.py:3096} INFO - Sync 1 DAGs
[2025-05-09T15:56:30.497+0000] {logging_mixin.py:188} INFO - [2025-05-09T15:56:30.497+0000] {dag.py:3954} INFO - Setting next_dagrun for tutorial to 2025-05-08 00:00:00+00:00, run_after=2025-05-09 00:00:00+00:00
[2025-05-09T15:56:30.531+0000] {processor.py:183} INFO - Processing /home/airflow/.local/lib/python3.10/site-packages/airflow/example_dags/tutorial.py took 0.126 seconds
[2025-05-09T15:57:00.648+0000] {processor.py:161} INFO - Started process (PID=10931) to work on /home/airflow/.local/lib/python3.10/site-packages/airflow/example_dags/tutorial.py
[2025-05-09T15:57:00.650+0000] {processor.py:830} INFO - Processing file /home/airflow/.local/lib/python3.10/site-packages/airflow/example_dags/tutorial.py for tasks to queue
[2025-05-09T15:57:00.652+0000] {logging_mixin.py:188} INFO - [2025-05-09T15:57:00.651+0000] {dagbag.py:545} INFO - Filling up the DagBag from /home/airflow/.local/lib/python3.10/site-packages/airflow/example_dags/tutorial.py
[2025-05-09T15:57:00.661+0000] {processor.py:840} INFO - DAG(s) 'tutorial' retrieved from /home/airflow/.local/lib/python3.10/site-packages/airflow/example_dags/tutorial.py
[2025-05-09T15:57:00.691+0000] {logging_mixin.py:188} INFO - [2025-05-09T15:57:00.691+0000] {dag.py:3096} INFO - Sync 1 DAGs
[2025-05-09T15:57:00.716+0000] {logging_mixin.py:188} INFO - [2025-05-09T15:57:00.716+0000] {dag.py:3954} INFO - Setting next_dagrun for tutorial to 2025-05-08 00:00:00+00:00, run_after=2025-05-09 00:00:00+00:00
[2025-05-09T15:57:00.744+0000] {processor.py:183} INFO - Processing /home/airflow/.local/lib/python3.10/site-packages/airflow/example_dags/tutorial.py took 0.104 seconds
[2025-05-09T15:57:30.806+0000] {processor.py:161} INFO - Started process (PID=11201) to work on /home/airflow/.local/lib/python3.10/site-packages/airflow/example_dags/tutorial.py
[2025-05-09T15:57:30.807+0000] {processor.py:830} INFO - Processing file /home/airflow/.local/lib/python3.10/site-packages/airflow/example_dags/tutorial.py for tasks to queue
[2025-05-09T15:57:30.809+0000] {logging_mixin.py:188} INFO - [2025-05-09T15:57:30.808+0000] {dagbag.py:545} INFO - Filling up the DagBag from /home/airflow/.local/lib/python3.10/site-packages/airflow/example_dags/tutorial.py
[2025-05-09T15:57:30.814+0000] {processor.py:840} INFO - DAG(s) 'tutorial' retrieved from /home/airflow/.local/lib/python3.10/site-packages/airflow/example_dags/tutorial.py
[2025-05-09T15:57:30.847+0000] {logging_mixin.py:188} INFO - [2025-05-09T15:57:30.847+0000] {dag.py:3096} INFO - Sync 1 DAGs
[2025-05-09T15:57:30.873+0000] {logging_mixin.py:188} INFO - [2025-05-09T15:57:30.872+0000] {dag.py:3954} INFO - Setting next_dagrun for tutorial to 2025-05-08 00:00:00+00:00, run_after=2025-05-09 00:00:00+00:00
[2025-05-09T15:57:30.896+0000] {processor.py:183} INFO - Processing /home/airflow/.local/lib/python3.10/site-packages/airflow/example_dags/tutorial.py took 0.097 seconds
[2025-05-09T15:58:01.528+0000] {processor.py:161} INFO - Started process (PID=11465) to work on /home/airflow/.local/lib/python3.10/site-packages/airflow/example_dags/tutorial.py
[2025-05-09T15:58:01.530+0000] {processor.py:830} INFO - Processing file /home/airflow/.local/lib/python3.10/site-packages/airflow/example_dags/tutorial.py for tasks to queue
[2025-05-09T15:58:01.534+0000] {logging_mixin.py:188} INFO - [2025-05-09T15:58:01.532+0000] {dagbag.py:545} INFO - Filling up the DagBag from /home/airflow/.local/lib/python3.10/site-packages/airflow/example_dags/tutorial.py
[2025-05-09T15:58:01.548+0000] {processor.py:840} INFO - DAG(s) 'tutorial' retrieved from /home/airflow/.local/lib/python3.10/site-packages/airflow/example_dags/tutorial.py
[2025-05-09T15:58:01.588+0000] {logging_mixin.py:188} INFO - [2025-05-09T15:58:01.588+0000] {dag.py:3096} INFO - Sync 1 DAGs
[2025-05-09T15:58:01.625+0000] {logging_mixin.py:188} INFO - [2025-05-09T15:58:01.625+0000] {dag.py:3954} INFO - Setting next_dagrun for tutorial to 2025-05-08 00:00:00+00:00, run_after=2025-05-09 00:00:00+00:00
[2025-05-09T15:58:01.657+0000] {processor.py:183} INFO - Processing /home/airflow/.local/lib/python3.10/site-packages/airflow/example_dags/tutorial.py took 0.143 seconds
[2025-05-09T15:58:31.965+0000] {processor.py:161} INFO - Started process (PID=11734) to work on /home/airflow/.local/lib/python3.10/site-packages/airflow/example_dags/tutorial.py
[2025-05-09T15:58:31.967+0000] {processor.py:830} INFO - Processing file /home/airflow/.local/lib/python3.10/site-packages/airflow/example_dags/tutorial.py for tasks to queue
[2025-05-09T15:58:31.969+0000] {logging_mixin.py:188} INFO - [2025-05-09T15:58:31.969+0000] {dagbag.py:545} INFO - Filling up the DagBag from /home/airflow/.local/lib/python3.10/site-packages/airflow/example_dags/tutorial.py
[2025-05-09T15:58:31.975+0000] {processor.py:840} INFO - DAG(s) 'tutorial' retrieved from /home/airflow/.local/lib/python3.10/site-packages/airflow/example_dags/tutorial.py
[2025-05-09T15:58:32.000+0000] {logging_mixin.py:188} INFO - [2025-05-09T15:58:32.000+0000] {dag.py:3096} INFO - Sync 1 DAGs
[2025-05-09T15:58:32.020+0000] {logging_mixin.py:188} INFO - [2025-05-09T15:58:32.020+0000] {dag.py:3954} INFO - Setting next_dagrun for tutorial to 2025-05-08 00:00:00+00:00, run_after=2025-05-09 00:00:00+00:00
[2025-05-09T15:58:32.048+0000] {processor.py:183} INFO - Processing /home/airflow/.local/lib/python3.10/site-packages/airflow/example_dags/tutorial.py took 0.090 seconds
[2025-05-09T15:59:02.725+0000] {processor.py:161} INFO - Started process (PID=11999) to work on /home/airflow/.local/lib/python3.10/site-packages/airflow/example_dags/tutorial.py
[2025-05-09T15:59:02.727+0000] {processor.py:830} INFO - Processing file /home/airflow/.local/lib/python3.10/site-packages/airflow/example_dags/tutorial.py for tasks to queue
[2025-05-09T15:59:02.732+0000] {logging_mixin.py:188} INFO - [2025-05-09T15:59:02.731+0000] {dagbag.py:545} INFO - Filling up the DagBag from /home/airflow/.local/lib/python3.10/site-packages/airflow/example_dags/tutorial.py
[2025-05-09T15:59:02.748+0000] {processor.py:840} INFO - DAG(s) 'tutorial' retrieved from /home/airflow/.local/lib/python3.10/site-packages/airflow/example_dags/tutorial.py
[2025-05-09T15:59:02.789+0000] {logging_mixin.py:188} INFO - [2025-05-09T15:59:02.789+0000] {dag.py:3096} INFO - Sync 1 DAGs
[2025-05-09T15:59:02.832+0000] {logging_mixin.py:188} INFO - [2025-05-09T15:59:02.832+0000] {dag.py:3954} INFO - Setting next_dagrun for tutorial to 2025-05-08 00:00:00+00:00, run_after=2025-05-09 00:00:00+00:00
[2025-05-09T15:59:02.869+0000] {processor.py:183} INFO - Processing /home/airflow/.local/lib/python3.10/site-packages/airflow/example_dags/tutorial.py took 0.156 seconds
[2025-05-09T15:59:33.624+0000] {processor.py:161} INFO - Started process (PID=12267) to work on /home/airflow/.local/lib/python3.10/site-packages/airflow/example_dags/tutorial.py
[2025-05-09T15:59:33.626+0000] {processor.py:830} INFO - Processing file /home/airflow/.local/lib/python3.10/site-packages/airflow/example_dags/tutorial.py for tasks to queue
[2025-05-09T15:59:33.631+0000] {logging_mixin.py:188} INFO - [2025-05-09T15:59:33.631+0000] {dagbag.py:545} INFO - Filling up the DagBag from /home/airflow/.local/lib/python3.10/site-packages/airflow/example_dags/tutorial.py
[2025-05-09T15:59:33.639+0000] {processor.py:840} INFO - DAG(s) 'tutorial' retrieved from /home/airflow/.local/lib/python3.10/site-packages/airflow/example_dags/tutorial.py
[2025-05-09T15:59:33.673+0000] {logging_mixin.py:188} INFO - [2025-05-09T15:59:33.673+0000] {dag.py:3096} INFO - Sync 1 DAGs
[2025-05-09T15:59:33.709+0000] {logging_mixin.py:188} INFO - [2025-05-09T15:59:33.709+0000] {dag.py:3954} INFO - Setting next_dagrun for tutorial to 2025-05-08 00:00:00+00:00, run_after=2025-05-09 00:00:00+00:00
[2025-05-09T15:59:33.737+0000] {processor.py:183} INFO - Processing /home/airflow/.local/lib/python3.10/site-packages/airflow/example_dags/tutorial.py took 0.120 seconds
[2025-05-09T16:00:04.063+0000] {processor.py:161} INFO - Started process (PID=12554) to work on /home/airflow/.local/lib/python3.10/site-packages/airflow/example_dags/tutorial.py
[2025-05-09T16:00:04.065+0000] {processor.py:830} INFO - Processing file /home/airflow/.local/lib/python3.10/site-packages/airflow/example_dags/tutorial.py for tasks to queue
[2025-05-09T16:00:04.070+0000] {logging_mixin.py:188} INFO - [2025-05-09T16:00:04.069+0000] {dagbag.py:545} INFO - Filling up the DagBag from /home/airflow/.local/lib/python3.10/site-packages/airflow/example_dags/tutorial.py
[2025-05-09T16:00:04.081+0000] {processor.py:840} INFO - DAG(s) 'tutorial' retrieved from /home/airflow/.local/lib/python3.10/site-packages/airflow/example_dags/tutorial.py
[2025-05-09T16:00:04.132+0000] {logging_mixin.py:188} INFO - [2025-05-09T16:00:04.132+0000] {dag.py:3096} INFO - Sync 1 DAGs
[2025-05-09T16:00:04.171+0000] {logging_mixin.py:188} INFO - [2025-05-09T16:00:04.171+0000] {dag.py:3954} INFO - Setting next_dagrun for tutorial to 2025-05-08 00:00:00+00:00, run_after=2025-05-09 00:00:00+00:00
[2025-05-09T16:00:04.221+0000] {processor.py:183} INFO - Processing /home/airflow/.local/lib/python3.10/site-packages/airflow/example_dags/tutorial.py took 0.167 seconds
[2025-05-09T16:00:34.464+0000] {processor.py:161} INFO - Started process (PID=12849) to work on /home/airflow/.local/lib/python3.10/site-packages/airflow/example_dags/tutorial.py
[2025-05-09T16:00:34.466+0000] {processor.py:830} INFO - Processing file /home/airflow/.local/lib/python3.10/site-packages/airflow/example_dags/tutorial.py for tasks to queue
[2025-05-09T16:00:34.468+0000] {logging_mixin.py:188} INFO - [2025-05-09T16:00:34.468+0000] {dagbag.py:545} INFO - Filling up the DagBag from /home/airflow/.local/lib/python3.10/site-packages/airflow/example_dags/tutorial.py
[2025-05-09T16:00:34.477+0000] {processor.py:840} INFO - DAG(s) 'tutorial' retrieved from /home/airflow/.local/lib/python3.10/site-packages/airflow/example_dags/tutorial.py
[2025-05-09T16:00:34.499+0000] {logging_mixin.py:188} INFO - [2025-05-09T16:00:34.499+0000] {dag.py:3096} INFO - Sync 1 DAGs
[2025-05-09T16:00:34.521+0000] {logging_mixin.py:188} INFO - [2025-05-09T16:00:34.521+0000] {dag.py:3954} INFO - Setting next_dagrun for tutorial to 2025-05-08 00:00:00+00:00, run_after=2025-05-09 00:00:00+00:00
[2025-05-09T16:00:34.541+0000] {processor.py:183} INFO - Processing /home/airflow/.local/lib/python3.10/site-packages/airflow/example_dags/tutorial.py took 0.084 seconds
[2025-05-09T16:01:04.687+0000] {processor.py:161} INFO - Started process (PID=13134) to work on /home/airflow/.local/lib/python3.10/site-packages/airflow/example_dags/tutorial.py
[2025-05-09T16:01:04.688+0000] {processor.py:830} INFO - Processing file /home/airflow/.local/lib/python3.10/site-packages/airflow/example_dags/tutorial.py for tasks to queue
[2025-05-09T16:01:04.690+0000] {logging_mixin.py:188} INFO - [2025-05-09T16:01:04.689+0000] {dagbag.py:545} INFO - Filling up the DagBag from /home/airflow/.local/lib/python3.10/site-packages/airflow/example_dags/tutorial.py
[2025-05-09T16:01:04.696+0000] {processor.py:840} INFO - DAG(s) 'tutorial' retrieved from /home/airflow/.local/lib/python3.10/site-packages/airflow/example_dags/tutorial.py
[2025-05-09T16:01:04.715+0000] {logging_mixin.py:188} INFO - [2025-05-09T16:01:04.715+0000] {dag.py:3096} INFO - Sync 1 DAGs
[2025-05-09T16:01:04.736+0000] {logging_mixin.py:188} INFO - [2025-05-09T16:01:04.736+0000] {dag.py:3954} INFO - Setting next_dagrun for tutorial to 2025-05-08 00:00:00+00:00, run_after=2025-05-09 00:00:00+00:00
[2025-05-09T16:01:04.763+0000] {processor.py:183} INFO - Processing /home/airflow/.local/lib/python3.10/site-packages/airflow/example_dags/tutorial.py took 0.082 seconds
[2025-05-09T16:01:35.001+0000] {processor.py:161} INFO - Started process (PID=13407) to work on /home/airflow/.local/lib/python3.10/site-packages/airflow/example_dags/tutorial.py
[2025-05-09T16:01:35.003+0000] {processor.py:830} INFO - Processing file /home/airflow/.local/lib/python3.10/site-packages/airflow/example_dags/tutorial.py for tasks to queue
[2025-05-09T16:01:35.005+0000] {logging_mixin.py:188} INFO - [2025-05-09T16:01:35.004+0000] {dagbag.py:545} INFO - Filling up the DagBag from /home/airflow/.local/lib/python3.10/site-packages/airflow/example_dags/tutorial.py
[2025-05-09T16:01:35.014+0000] {processor.py:840} INFO - DAG(s) 'tutorial' retrieved from /home/airflow/.local/lib/python3.10/site-packages/airflow/example_dags/tutorial.py
[2025-05-09T16:01:35.042+0000] {logging_mixin.py:188} INFO - [2025-05-09T16:01:35.042+0000] {dag.py:3096} INFO - Sync 1 DAGs
[2025-05-09T16:01:35.069+0000] {logging_mixin.py:188} INFO - [2025-05-09T16:01:35.069+0000] {dag.py:3954} INFO - Setting next_dagrun for tutorial to 2025-05-08 00:00:00+00:00, run_after=2025-05-09 00:00:00+00:00
[2025-05-09T16:01:35.096+0000] {processor.py:183} INFO - Processing /home/airflow/.local/lib/python3.10/site-packages/airflow/example_dags/tutorial.py took 0.102 seconds
[2025-05-09T16:02:05.442+0000] {processor.py:161} INFO - Started process (PID=13713) to work on /home/airflow/.local/lib/python3.10/site-packages/airflow/example_dags/tutorial.py
[2025-05-09T16:02:05.444+0000] {processor.py:830} INFO - Processing file /home/airflow/.local/lib/python3.10/site-packages/airflow/example_dags/tutorial.py for tasks to queue
[2025-05-09T16:02:05.445+0000] {logging_mixin.py:188} INFO - [2025-05-09T16:02:05.445+0000] {dagbag.py:545} INFO - Filling up the DagBag from /home/airflow/.local/lib/python3.10/site-packages/airflow/example_dags/tutorial.py
[2025-05-09T16:02:05.452+0000] {processor.py:840} INFO - DAG(s) 'tutorial' retrieved from /home/airflow/.local/lib/python3.10/site-packages/airflow/example_dags/tutorial.py
[2025-05-09T16:02:05.480+0000] {logging_mixin.py:188} INFO - [2025-05-09T16:02:05.480+0000] {dag.py:3096} INFO - Sync 1 DAGs
[2025-05-09T16:02:05.506+0000] {logging_mixin.py:188} INFO - [2025-05-09T16:02:05.506+0000] {dag.py:3954} INFO - Setting next_dagrun for tutorial to 2025-05-08 00:00:00+00:00, run_after=2025-05-09 00:00:00+00:00
[2025-05-09T16:02:05.533+0000] {processor.py:183} INFO - Processing /home/airflow/.local/lib/python3.10/site-packages/airflow/example_dags/tutorial.py took 0.096 seconds
[2025-05-09T16:02:35.721+0000] {processor.py:161} INFO - Started process (PID=13991) to work on /home/airflow/.local/lib/python3.10/site-packages/airflow/example_dags/tutorial.py
[2025-05-09T16:02:35.723+0000] {processor.py:830} INFO - Processing file /home/airflow/.local/lib/python3.10/site-packages/airflow/example_dags/tutorial.py for tasks to queue
[2025-05-09T16:02:35.725+0000] {logging_mixin.py:188} INFO - [2025-05-09T16:02:35.724+0000] {dagbag.py:545} INFO - Filling up the DagBag from /home/airflow/.local/lib/python3.10/site-packages/airflow/example_dags/tutorial.py
[2025-05-09T16:02:35.731+0000] {processor.py:840} INFO - DAG(s) 'tutorial' retrieved from /home/airflow/.local/lib/python3.10/site-packages/airflow/example_dags/tutorial.py
[2025-05-09T16:02:35.757+0000] {logging_mixin.py:188} INFO - [2025-05-09T16:02:35.757+0000] {dag.py:3096} INFO - Sync 1 DAGs
[2025-05-09T16:02:35.781+0000] {logging_mixin.py:188} INFO - [2025-05-09T16:02:35.781+0000] {dag.py:3954} INFO - Setting next_dagrun for tutorial to 2025-05-08 00:00:00+00:00, run_after=2025-05-09 00:00:00+00:00
[2025-05-09T16:02:35.807+0000] {processor.py:183} INFO - Processing /home/airflow/.local/lib/python3.10/site-packages/airflow/example_dags/tutorial.py took 0.091 seconds
[2025-05-09T16:03:06.624+0000] {processor.py:161} INFO - Started process (PID=14300) to work on /home/airflow/.local/lib/python3.10/site-packages/airflow/example_dags/tutorial.py
[2025-05-09T16:03:06.626+0000] {processor.py:830} INFO - Processing file /home/airflow/.local/lib/python3.10/site-packages/airflow/example_dags/tutorial.py for tasks to queue
[2025-05-09T16:03:06.628+0000] {logging_mixin.py:188} INFO - [2025-05-09T16:03:06.627+0000] {dagbag.py:545} INFO - Filling up the DagBag from /home/airflow/.local/lib/python3.10/site-packages/airflow/example_dags/tutorial.py
[2025-05-09T16:03:06.635+0000] {processor.py:840} INFO - DAG(s) 'tutorial' retrieved from /home/airflow/.local/lib/python3.10/site-packages/airflow/example_dags/tutorial.py
[2025-05-09T16:03:06.658+0000] {logging_mixin.py:188} INFO - [2025-05-09T16:03:06.658+0000] {dag.py:3096} INFO - Sync 1 DAGs
[2025-05-09T16:03:06.678+0000] {logging_mixin.py:188} INFO - [2025-05-09T16:03:06.678+0000] {dag.py:3954} INFO - Setting next_dagrun for tutorial to 2025-05-08 00:00:00+00:00, run_after=2025-05-09 00:00:00+00:00
[2025-05-09T16:03:06.699+0000] {processor.py:183} INFO - Processing /home/airflow/.local/lib/python3.10/site-packages/airflow/example_dags/tutorial.py took 0.081 seconds
[2025-05-09T16:03:37.550+0000] {processor.py:161} INFO - Started process (PID=14574) to work on /home/airflow/.local/lib/python3.10/site-packages/airflow/example_dags/tutorial.py
[2025-05-09T16:03:37.552+0000] {processor.py:830} INFO - Processing file /home/airflow/.local/lib/python3.10/site-packages/airflow/example_dags/tutorial.py for tasks to queue
[2025-05-09T16:03:37.553+0000] {logging_mixin.py:188} INFO - [2025-05-09T16:03:37.553+0000] {dagbag.py:545} INFO - Filling up the DagBag from /home/airflow/.local/lib/python3.10/site-packages/airflow/example_dags/tutorial.py
[2025-05-09T16:03:37.564+0000] {processor.py:840} INFO - DAG(s) 'tutorial' retrieved from /home/airflow/.local/lib/python3.10/site-packages/airflow/example_dags/tutorial.py
[2025-05-09T16:03:37.600+0000] {logging_mixin.py:188} INFO - [2025-05-09T16:03:37.598+0000] {dag.py:3096} INFO - Sync 1 DAGs
[2025-05-09T16:03:37.632+0000] {logging_mixin.py:188} INFO - [2025-05-09T16:03:37.632+0000] {dag.py:3954} INFO - Setting next_dagrun for tutorial to 2025-05-08 00:00:00+00:00, run_after=2025-05-09 00:00:00+00:00
[2025-05-09T16:03:37.662+0000] {processor.py:183} INFO - Processing /home/airflow/.local/lib/python3.10/site-packages/airflow/example_dags/tutorial.py took 0.118 seconds
[2025-05-09T16:04:08.136+0000] {processor.py:161} INFO - Started process (PID=14836) to work on /home/airflow/.local/lib/python3.10/site-packages/airflow/example_dags/tutorial.py
[2025-05-09T16:04:08.139+0000] {processor.py:830} INFO - Processing file /home/airflow/.local/lib/python3.10/site-packages/airflow/example_dags/tutorial.py for tasks to queue
[2025-05-09T16:04:08.140+0000] {logging_mixin.py:188} INFO - [2025-05-09T16:04:08.140+0000] {dagbag.py:545} INFO - Filling up the DagBag from /home/airflow/.local/lib/python3.10/site-packages/airflow/example_dags/tutorial.py
[2025-05-09T16:04:08.147+0000] {processor.py:840} INFO - DAG(s) 'tutorial' retrieved from /home/airflow/.local/lib/python3.10/site-packages/airflow/example_dags/tutorial.py
[2025-05-09T16:04:08.174+0000] {logging_mixin.py:188} INFO - [2025-05-09T16:04:08.173+0000] {dag.py:3096} INFO - Sync 1 DAGs
[2025-05-09T16:04:08.207+0000] {logging_mixin.py:188} INFO - [2025-05-09T16:04:08.207+0000] {dag.py:3954} INFO - Setting next_dagrun for tutorial to 2025-05-08 00:00:00+00:00, run_after=2025-05-09 00:00:00+00:00
[2025-05-09T16:04:08.238+0000] {processor.py:183} INFO - Processing /home/airflow/.local/lib/python3.10/site-packages/airflow/example_dags/tutorial.py took 0.108 seconds
[2025-05-09T16:05:17.088+0000] {processor.py:161} INFO - Started process (PID=277) to work on /home/airflow/.local/lib/python3.10/site-packages/airflow/example_dags/tutorial.py
[2025-05-09T16:05:17.090+0000] {processor.py:830} INFO - Processing file /home/airflow/.local/lib/python3.10/site-packages/airflow/example_dags/tutorial.py for tasks to queue
[2025-05-09T16:05:17.093+0000] {logging_mixin.py:188} INFO - [2025-05-09T16:05:17.092+0000] {dagbag.py:545} INFO - Filling up the DagBag from /home/airflow/.local/lib/python3.10/site-packages/airflow/example_dags/tutorial.py
[2025-05-09T16:05:17.103+0000] {processor.py:840} INFO - DAG(s) 'tutorial' retrieved from /home/airflow/.local/lib/python3.10/site-packages/airflow/example_dags/tutorial.py
[2025-05-09T16:05:17.123+0000] {logging_mixin.py:188} INFO - [2025-05-09T16:05:17.123+0000] {dag.py:3096} INFO - Sync 1 DAGs
[2025-05-09T16:05:17.160+0000] {logging_mixin.py:188} INFO - [2025-05-09T16:05:17.159+0000] {dag.py:3954} INFO - Setting next_dagrun for tutorial to 2025-05-08 00:00:00+00:00, run_after=2025-05-09 00:00:00+00:00
[2025-05-09T16:05:17.193+0000] {processor.py:183} INFO - Processing /home/airflow/.local/lib/python3.10/site-packages/airflow/example_dags/tutorial.py took 0.116 seconds
[2025-05-09T16:05:47.913+0000] {processor.py:161} INFO - Started process (PID=541) to work on /home/airflow/.local/lib/python3.10/site-packages/airflow/example_dags/tutorial.py
[2025-05-09T16:05:47.915+0000] {processor.py:830} INFO - Processing file /home/airflow/.local/lib/python3.10/site-packages/airflow/example_dags/tutorial.py for tasks to queue
[2025-05-09T16:05:47.917+0000] {logging_mixin.py:188} INFO - [2025-05-09T16:05:47.916+0000] {dagbag.py:545} INFO - Filling up the DagBag from /home/airflow/.local/lib/python3.10/site-packages/airflow/example_dags/tutorial.py
[2025-05-09T16:05:47.925+0000] {processor.py:840} INFO - DAG(s) 'tutorial' retrieved from /home/airflow/.local/lib/python3.10/site-packages/airflow/example_dags/tutorial.py
[2025-05-09T16:05:48.033+0000] {logging_mixin.py:188} INFO - [2025-05-09T16:05:48.033+0000] {dag.py:3096} INFO - Sync 1 DAGs
[2025-05-09T16:05:48.060+0000] {logging_mixin.py:188} INFO - [2025-05-09T16:05:48.060+0000] {dag.py:3954} INFO - Setting next_dagrun for tutorial to 2025-05-08 00:00:00+00:00, run_after=2025-05-09 00:00:00+00:00
[2025-05-09T16:05:48.089+0000] {processor.py:183} INFO - Processing /home/airflow/.local/lib/python3.10/site-packages/airflow/example_dags/tutorial.py took 0.182 seconds
[2025-05-09T16:06:18.979+0000] {processor.py:161} INFO - Started process (PID=803) to work on /home/airflow/.local/lib/python3.10/site-packages/airflow/example_dags/tutorial.py
[2025-05-09T16:06:18.982+0000] {processor.py:830} INFO - Processing file /home/airflow/.local/lib/python3.10/site-packages/airflow/example_dags/tutorial.py for tasks to queue
[2025-05-09T16:06:18.985+0000] {logging_mixin.py:188} INFO - [2025-05-09T16:06:18.985+0000] {dagbag.py:545} INFO - Filling up the DagBag from /home/airflow/.local/lib/python3.10/site-packages/airflow/example_dags/tutorial.py
[2025-05-09T16:06:18.994+0000] {processor.py:840} INFO - DAG(s) 'tutorial' retrieved from /home/airflow/.local/lib/python3.10/site-packages/airflow/example_dags/tutorial.py
[2025-05-09T16:06:19.031+0000] {logging_mixin.py:188} INFO - [2025-05-09T16:06:19.031+0000] {dag.py:3096} INFO - Sync 1 DAGs
[2025-05-09T16:06:19.070+0000] {logging_mixin.py:188} INFO - [2025-05-09T16:06:19.070+0000] {dag.py:3954} INFO - Setting next_dagrun for tutorial to 2025-05-08 00:00:00+00:00, run_after=2025-05-09 00:00:00+00:00
[2025-05-09T16:06:19.112+0000] {processor.py:183} INFO - Processing /home/airflow/.local/lib/python3.10/site-packages/airflow/example_dags/tutorial.py took 0.141 seconds
[2025-05-09T16:06:49.397+0000] {processor.py:161} INFO - Started process (PID=1065) to work on /home/airflow/.local/lib/python3.10/site-packages/airflow/example_dags/tutorial.py
[2025-05-09T16:06:49.399+0000] {processor.py:830} INFO - Processing file /home/airflow/.local/lib/python3.10/site-packages/airflow/example_dags/tutorial.py for tasks to queue
[2025-05-09T16:06:49.402+0000] {logging_mixin.py:188} INFO - [2025-05-09T16:06:49.402+0000] {dagbag.py:545} INFO - Filling up the DagBag from /home/airflow/.local/lib/python3.10/site-packages/airflow/example_dags/tutorial.py
[2025-05-09T16:06:49.411+0000] {processor.py:840} INFO - DAG(s) 'tutorial' retrieved from /home/airflow/.local/lib/python3.10/site-packages/airflow/example_dags/tutorial.py
[2025-05-09T16:06:49.443+0000] {logging_mixin.py:188} INFO - [2025-05-09T16:06:49.442+0000] {dag.py:3096} INFO - Sync 1 DAGs
[2025-05-09T16:06:49.474+0000] {logging_mixin.py:188} INFO - [2025-05-09T16:06:49.474+0000] {dag.py:3954} INFO - Setting next_dagrun for tutorial to 2025-05-08 00:00:00+00:00, run_after=2025-05-09 00:00:00+00:00
[2025-05-09T16:06:49.505+0000] {processor.py:183} INFO - Processing /home/airflow/.local/lib/python3.10/site-packages/airflow/example_dags/tutorial.py took 0.117 seconds
[2025-05-09T16:07:19.920+0000] {processor.py:161} INFO - Started process (PID=1361) to work on /home/airflow/.local/lib/python3.10/site-packages/airflow/example_dags/tutorial.py
[2025-05-09T16:07:19.922+0000] {processor.py:830} INFO - Processing file /home/airflow/.local/lib/python3.10/site-packages/airflow/example_dags/tutorial.py for tasks to queue
[2025-05-09T16:07:19.926+0000] {logging_mixin.py:188} INFO - [2025-05-09T16:07:19.926+0000] {dagbag.py:545} INFO - Filling up the DagBag from /home/airflow/.local/lib/python3.10/site-packages/airflow/example_dags/tutorial.py
[2025-05-09T16:07:19.934+0000] {processor.py:840} INFO - DAG(s) 'tutorial' retrieved from /home/airflow/.local/lib/python3.10/site-packages/airflow/example_dags/tutorial.py
[2025-05-09T16:07:19.964+0000] {logging_mixin.py:188} INFO - [2025-05-09T16:07:19.964+0000] {dag.py:3096} INFO - Sync 1 DAGs
[2025-05-09T16:07:19.997+0000] {logging_mixin.py:188} INFO - [2025-05-09T16:07:19.997+0000] {dag.py:3954} INFO - Setting next_dagrun for tutorial to 2025-05-08 00:00:00+00:00, run_after=2025-05-09 00:00:00+00:00
[2025-05-09T16:07:20.029+0000] {processor.py:183} INFO - Processing /home/airflow/.local/lib/python3.10/site-packages/airflow/example_dags/tutorial.py took 0.117 seconds
[2025-05-09T16:07:50.485+0000] {processor.py:161} INFO - Started process (PID=1623) to work on /home/airflow/.local/lib/python3.10/site-packages/airflow/example_dags/tutorial.py
[2025-05-09T16:07:50.486+0000] {processor.py:830} INFO - Processing file /home/airflow/.local/lib/python3.10/site-packages/airflow/example_dags/tutorial.py for tasks to queue
[2025-05-09T16:07:50.489+0000] {logging_mixin.py:188} INFO - [2025-05-09T16:07:50.489+0000] {dagbag.py:545} INFO - Filling up the DagBag from /home/airflow/.local/lib/python3.10/site-packages/airflow/example_dags/tutorial.py
[2025-05-09T16:07:50.496+0000] {processor.py:840} INFO - DAG(s) 'tutorial' retrieved from /home/airflow/.local/lib/python3.10/site-packages/airflow/example_dags/tutorial.py
[2025-05-09T16:07:50.526+0000] {logging_mixin.py:188} INFO - [2025-05-09T16:07:50.525+0000] {dag.py:3096} INFO - Sync 1 DAGs
[2025-05-09T16:07:50.554+0000] {logging_mixin.py:188} INFO - [2025-05-09T16:07:50.554+0000] {dag.py:3954} INFO - Setting next_dagrun for tutorial to 2025-05-08 00:00:00+00:00, run_after=2025-05-09 00:00:00+00:00
[2025-05-09T16:07:50.587+0000] {processor.py:183} INFO - Processing /home/airflow/.local/lib/python3.10/site-packages/airflow/example_dags/tutorial.py took 0.111 seconds
[2025-05-09T16:08:21.647+0000] {processor.py:161} INFO - Started process (PID=1891) to work on /home/airflow/.local/lib/python3.10/site-packages/airflow/example_dags/tutorial.py
[2025-05-09T16:08:21.648+0000] {processor.py:830} INFO - Processing file /home/airflow/.local/lib/python3.10/site-packages/airflow/example_dags/tutorial.py for tasks to queue
[2025-05-09T16:08:21.650+0000] {logging_mixin.py:188} INFO - [2025-05-09T16:08:21.650+0000] {dagbag.py:545} INFO - Filling up the DagBag from /home/airflow/.local/lib/python3.10/site-packages/airflow/example_dags/tutorial.py
[2025-05-09T16:08:21.656+0000] {processor.py:840} INFO - DAG(s) 'tutorial' retrieved from /home/airflow/.local/lib/python3.10/site-packages/airflow/example_dags/tutorial.py
[2025-05-09T16:08:21.678+0000] {logging_mixin.py:188} INFO - [2025-05-09T16:08:21.678+0000] {dag.py:3096} INFO - Sync 1 DAGs
[2025-05-09T16:08:21.707+0000] {logging_mixin.py:188} INFO - [2025-05-09T16:08:21.707+0000] {dag.py:3954} INFO - Setting next_dagrun for tutorial to 2025-05-08 00:00:00+00:00, run_after=2025-05-09 00:00:00+00:00
[2025-05-09T16:08:21.728+0000] {processor.py:183} INFO - Processing /home/airflow/.local/lib/python3.10/site-packages/airflow/example_dags/tutorial.py took 0.087 seconds
[2025-05-09T16:08:52.265+0000] {processor.py:161} INFO - Started process (PID=2177) to work on /home/airflow/.local/lib/python3.10/site-packages/airflow/example_dags/tutorial.py
[2025-05-09T16:08:52.266+0000] {processor.py:830} INFO - Processing file /home/airflow/.local/lib/python3.10/site-packages/airflow/example_dags/tutorial.py for tasks to queue
[2025-05-09T16:08:52.268+0000] {logging_mixin.py:188} INFO - [2025-05-09T16:08:52.268+0000] {dagbag.py:545} INFO - Filling up the DagBag from /home/airflow/.local/lib/python3.10/site-packages/airflow/example_dags/tutorial.py
[2025-05-09T16:08:52.273+0000] {processor.py:840} INFO - DAG(s) 'tutorial' retrieved from /home/airflow/.local/lib/python3.10/site-packages/airflow/example_dags/tutorial.py
[2025-05-09T16:08:52.296+0000] {logging_mixin.py:188} INFO - [2025-05-09T16:08:52.296+0000] {dag.py:3096} INFO - Sync 1 DAGs
[2025-05-09T16:08:52.317+0000] {logging_mixin.py:188} INFO - [2025-05-09T16:08:52.317+0000] {dag.py:3954} INFO - Setting next_dagrun for tutorial to 2025-05-08 00:00:00+00:00, run_after=2025-05-09 00:00:00+00:00
[2025-05-09T16:08:52.338+0000] {processor.py:183} INFO - Processing /home/airflow/.local/lib/python3.10/site-packages/airflow/example_dags/tutorial.py took 0.080 seconds
[2025-05-09T16:09:22.764+0000] {processor.py:161} INFO - Started process (PID=2451) to work on /home/airflow/.local/lib/python3.10/site-packages/airflow/example_dags/tutorial.py
[2025-05-09T16:09:22.766+0000] {processor.py:830} INFO - Processing file /home/airflow/.local/lib/python3.10/site-packages/airflow/example_dags/tutorial.py for tasks to queue
[2025-05-09T16:09:22.770+0000] {logging_mixin.py:188} INFO - [2025-05-09T16:09:22.770+0000] {dagbag.py:545} INFO - Filling up the DagBag from /home/airflow/.local/lib/python3.10/site-packages/airflow/example_dags/tutorial.py
[2025-05-09T16:09:22.776+0000] {processor.py:840} INFO - DAG(s) 'tutorial' retrieved from /home/airflow/.local/lib/python3.10/site-packages/airflow/example_dags/tutorial.py
[2025-05-09T16:09:22.802+0000] {logging_mixin.py:188} INFO - [2025-05-09T16:09:22.801+0000] {dag.py:3096} INFO - Sync 1 DAGs
[2025-05-09T16:09:22.826+0000] {logging_mixin.py:188} INFO - [2025-05-09T16:09:22.826+0000] {dag.py:3954} INFO - Setting next_dagrun for tutorial to 2025-05-08 00:00:00+00:00, run_after=2025-05-09 00:00:00+00:00
[2025-05-09T16:09:22.852+0000] {processor.py:183} INFO - Processing /home/airflow/.local/lib/python3.10/site-packages/airflow/example_dags/tutorial.py took 0.096 seconds
[2025-05-09T16:09:53.542+0000] {processor.py:161} INFO - Started process (PID=2713) to work on /home/airflow/.local/lib/python3.10/site-packages/airflow/example_dags/tutorial.py
[2025-05-09T16:09:53.544+0000] {processor.py:830} INFO - Processing file /home/airflow/.local/lib/python3.10/site-packages/airflow/example_dags/tutorial.py for tasks to queue
[2025-05-09T16:09:53.546+0000] {logging_mixin.py:188} INFO - [2025-05-09T16:09:53.546+0000] {dagbag.py:545} INFO - Filling up the DagBag from /home/airflow/.local/lib/python3.10/site-packages/airflow/example_dags/tutorial.py
[2025-05-09T16:09:53.555+0000] {processor.py:840} INFO - DAG(s) 'tutorial' retrieved from /home/airflow/.local/lib/python3.10/site-packages/airflow/example_dags/tutorial.py
[2025-05-09T16:09:53.583+0000] {logging_mixin.py:188} INFO - [2025-05-09T16:09:53.583+0000] {dag.py:3096} INFO - Sync 1 DAGs
[2025-05-09T16:09:53.616+0000] {logging_mixin.py:188} INFO - [2025-05-09T16:09:53.615+0000] {dag.py:3954} INFO - Setting next_dagrun for tutorial to 2025-05-08 00:00:00+00:00, run_after=2025-05-09 00:00:00+00:00
[2025-05-09T16:09:53.643+0000] {processor.py:183} INFO - Processing /home/airflow/.local/lib/python3.10/site-packages/airflow/example_dags/tutorial.py took 0.111 seconds
[2025-05-09T16:10:24.090+0000] {processor.py:161} INFO - Started process (PID=2981) to work on /home/airflow/.local/lib/python3.10/site-packages/airflow/example_dags/tutorial.py
[2025-05-09T16:10:24.091+0000] {processor.py:830} INFO - Processing file /home/airflow/.local/lib/python3.10/site-packages/airflow/example_dags/tutorial.py for tasks to queue
[2025-05-09T16:10:24.094+0000] {logging_mixin.py:188} INFO - [2025-05-09T16:10:24.094+0000] {dagbag.py:545} INFO - Filling up the DagBag from /home/airflow/.local/lib/python3.10/site-packages/airflow/example_dags/tutorial.py
[2025-05-09T16:10:24.101+0000] {processor.py:840} INFO - DAG(s) 'tutorial' retrieved from /home/airflow/.local/lib/python3.10/site-packages/airflow/example_dags/tutorial.py
[2025-05-09T16:10:24.124+0000] {logging_mixin.py:188} INFO - [2025-05-09T16:10:24.124+0000] {dag.py:3096} INFO - Sync 1 DAGs
[2025-05-09T16:10:24.157+0000] {logging_mixin.py:188} INFO - [2025-05-09T16:10:24.157+0000] {dag.py:3954} INFO - Setting next_dagrun for tutorial to 2025-05-08 00:00:00+00:00, run_after=2025-05-09 00:00:00+00:00
[2025-05-09T16:10:24.201+0000] {processor.py:183} INFO - Processing /home/airflow/.local/lib/python3.10/site-packages/airflow/example_dags/tutorial.py took 0.118 seconds
[2025-05-09T16:10:54.473+0000] {processor.py:161} INFO - Started process (PID=3249) to work on /home/airflow/.local/lib/python3.10/site-packages/airflow/example_dags/tutorial.py
[2025-05-09T16:10:54.475+0000] {processor.py:830} INFO - Processing file /home/airflow/.local/lib/python3.10/site-packages/airflow/example_dags/tutorial.py for tasks to queue
[2025-05-09T16:10:54.479+0000] {logging_mixin.py:188} INFO - [2025-05-09T16:10:54.478+0000] {dagbag.py:545} INFO - Filling up the DagBag from /home/airflow/.local/lib/python3.10/site-packages/airflow/example_dags/tutorial.py
[2025-05-09T16:10:54.489+0000] {processor.py:840} INFO - DAG(s) 'tutorial' retrieved from /home/airflow/.local/lib/python3.10/site-packages/airflow/example_dags/tutorial.py
[2025-05-09T16:10:54.521+0000] {logging_mixin.py:188} INFO - [2025-05-09T16:10:54.521+0000] {dag.py:3096} INFO - Sync 1 DAGs
[2025-05-09T16:10:54.554+0000] {logging_mixin.py:188} INFO - [2025-05-09T16:10:54.554+0000] {dag.py:3954} INFO - Setting next_dagrun for tutorial to 2025-05-08 00:00:00+00:00, run_after=2025-05-09 00:00:00+00:00
[2025-05-09T16:10:54.581+0000] {processor.py:183} INFO - Processing /home/airflow/.local/lib/python3.10/site-packages/airflow/example_dags/tutorial.py took 0.117 seconds
[2025-05-09T16:11:25.164+0000] {processor.py:161} INFO - Started process (PID=3523) to work on /home/airflow/.local/lib/python3.10/site-packages/airflow/example_dags/tutorial.py
[2025-05-09T16:11:25.166+0000] {processor.py:830} INFO - Processing file /home/airflow/.local/lib/python3.10/site-packages/airflow/example_dags/tutorial.py for tasks to queue
[2025-05-09T16:11:25.168+0000] {logging_mixin.py:188} INFO - [2025-05-09T16:11:25.168+0000] {dagbag.py:545} INFO - Filling up the DagBag from /home/airflow/.local/lib/python3.10/site-packages/airflow/example_dags/tutorial.py
[2025-05-09T16:11:25.177+0000] {processor.py:840} INFO - DAG(s) 'tutorial' retrieved from /home/airflow/.local/lib/python3.10/site-packages/airflow/example_dags/tutorial.py
[2025-05-09T16:11:25.207+0000] {logging_mixin.py:188} INFO - [2025-05-09T16:11:25.207+0000] {dag.py:3096} INFO - Sync 1 DAGs
[2025-05-09T16:11:25.233+0000] {logging_mixin.py:188} INFO - [2025-05-09T16:11:25.233+0000] {dag.py:3954} INFO - Setting next_dagrun for tutorial to 2025-05-08 00:00:00+00:00, run_after=2025-05-09 00:00:00+00:00
[2025-05-09T16:11:25.259+0000] {processor.py:183} INFO - Processing /home/airflow/.local/lib/python3.10/site-packages/airflow/example_dags/tutorial.py took 0.102 seconds
[2025-05-09T16:11:55.837+0000] {processor.py:161} INFO - Started process (PID=3791) to work on /home/airflow/.local/lib/python3.10/site-packages/airflow/example_dags/tutorial.py
[2025-05-09T16:11:55.839+0000] {processor.py:830} INFO - Processing file /home/airflow/.local/lib/python3.10/site-packages/airflow/example_dags/tutorial.py for tasks to queue
[2025-05-09T16:11:55.842+0000] {logging_mixin.py:188} INFO - [2025-05-09T16:11:55.842+0000] {dagbag.py:545} INFO - Filling up the DagBag from /home/airflow/.local/lib/python3.10/site-packages/airflow/example_dags/tutorial.py
[2025-05-09T16:11:55.852+0000] {processor.py:840} INFO - DAG(s) 'tutorial' retrieved from /home/airflow/.local/lib/python3.10/site-packages/airflow/example_dags/tutorial.py
[2025-05-09T16:11:55.878+0000] {logging_mixin.py:188} INFO - [2025-05-09T16:11:55.878+0000] {dag.py:3096} INFO - Sync 1 DAGs
[2025-05-09T16:11:55.908+0000] {logging_mixin.py:188} INFO - [2025-05-09T16:11:55.908+0000] {dag.py:3954} INFO - Setting next_dagrun for tutorial to 2025-05-08 00:00:00+00:00, run_after=2025-05-09 00:00:00+00:00
[2025-05-09T16:11:55.938+0000] {processor.py:183} INFO - Processing /home/airflow/.local/lib/python3.10/site-packages/airflow/example_dags/tutorial.py took 0.111 seconds
[2025-05-09T16:12:26.597+0000] {processor.py:161} INFO - Started process (PID=4068) to work on /home/airflow/.local/lib/python3.10/site-packages/airflow/example_dags/tutorial.py
[2025-05-09T16:12:26.598+0000] {processor.py:830} INFO - Processing file /home/airflow/.local/lib/python3.10/site-packages/airflow/example_dags/tutorial.py for tasks to queue
[2025-05-09T16:12:26.601+0000] {logging_mixin.py:188} INFO - [2025-05-09T16:12:26.601+0000] {dagbag.py:545} INFO - Filling up the DagBag from /home/airflow/.local/lib/python3.10/site-packages/airflow/example_dags/tutorial.py
[2025-05-09T16:12:26.610+0000] {processor.py:840} INFO - DAG(s) 'tutorial' retrieved from /home/airflow/.local/lib/python3.10/site-packages/airflow/example_dags/tutorial.py
[2025-05-09T16:12:26.636+0000] {logging_mixin.py:188} INFO - [2025-05-09T16:12:26.635+0000] {dag.py:3096} INFO - Sync 1 DAGs
[2025-05-09T16:12:26.666+0000] {logging_mixin.py:188} INFO - [2025-05-09T16:12:26.666+0000] {dag.py:3954} INFO - Setting next_dagrun for tutorial to 2025-05-08 00:00:00+00:00, run_after=2025-05-09 00:00:00+00:00
[2025-05-09T16:12:26.697+0000] {processor.py:183} INFO - Processing /home/airflow/.local/lib/python3.10/site-packages/airflow/example_dags/tutorial.py took 0.109 seconds
[2025-05-09T16:12:57.319+0000] {processor.py:161} INFO - Started process (PID=4330) to work on /home/airflow/.local/lib/python3.10/site-packages/airflow/example_dags/tutorial.py
[2025-05-09T16:12:57.321+0000] {processor.py:830} INFO - Processing file /home/airflow/.local/lib/python3.10/site-packages/airflow/example_dags/tutorial.py for tasks to queue
[2025-05-09T16:12:57.323+0000] {logging_mixin.py:188} INFO - [2025-05-09T16:12:57.323+0000] {dagbag.py:545} INFO - Filling up the DagBag from /home/airflow/.local/lib/python3.10/site-packages/airflow/example_dags/tutorial.py
[2025-05-09T16:12:57.331+0000] {processor.py:840} INFO - DAG(s) 'tutorial' retrieved from /home/airflow/.local/lib/python3.10/site-packages/airflow/example_dags/tutorial.py
[2025-05-09T16:12:57.358+0000] {logging_mixin.py:188} INFO - [2025-05-09T16:12:57.358+0000] {dag.py:3096} INFO - Sync 1 DAGs
[2025-05-09T16:12:57.390+0000] {logging_mixin.py:188} INFO - [2025-05-09T16:12:57.390+0000] {dag.py:3954} INFO - Setting next_dagrun for tutorial to 2025-05-08 00:00:00+00:00, run_after=2025-05-09 00:00:00+00:00
[2025-05-09T16:12:57.418+0000] {processor.py:183} INFO - Processing /home/airflow/.local/lib/python3.10/site-packages/airflow/example_dags/tutorial.py took 0.105 seconds
[2025-05-09T16:13:27.687+0000] {processor.py:161} INFO - Started process (PID=4601) to work on /home/airflow/.local/lib/python3.10/site-packages/airflow/example_dags/tutorial.py
[2025-05-09T16:13:27.689+0000] {processor.py:830} INFO - Processing file /home/airflow/.local/lib/python3.10/site-packages/airflow/example_dags/tutorial.py for tasks to queue
[2025-05-09T16:13:27.693+0000] {logging_mixin.py:188} INFO - [2025-05-09T16:13:27.692+0000] {dagbag.py:545} INFO - Filling up the DagBag from /home/airflow/.local/lib/python3.10/site-packages/airflow/example_dags/tutorial.py
[2025-05-09T16:13:27.699+0000] {processor.py:840} INFO - DAG(s) 'tutorial' retrieved from /home/airflow/.local/lib/python3.10/site-packages/airflow/example_dags/tutorial.py
[2025-05-09T16:13:27.726+0000] {logging_mixin.py:188} INFO - [2025-05-09T16:13:27.726+0000] {dag.py:3096} INFO - Sync 1 DAGs
[2025-05-09T16:13:27.750+0000] {logging_mixin.py:188} INFO - [2025-05-09T16:13:27.750+0000] {dag.py:3954} INFO - Setting next_dagrun for tutorial to 2025-05-08 00:00:00+00:00, run_after=2025-05-09 00:00:00+00:00
[2025-05-09T16:13:27.773+0000] {processor.py:183} INFO - Processing /home/airflow/.local/lib/python3.10/site-packages/airflow/example_dags/tutorial.py took 0.092 seconds
[2025-05-09T16:13:58.120+0000] {processor.py:161} INFO - Started process (PID=4863) to work on /home/airflow/.local/lib/python3.10/site-packages/airflow/example_dags/tutorial.py
[2025-05-09T16:13:58.122+0000] {processor.py:830} INFO - Processing file /home/airflow/.local/lib/python3.10/site-packages/airflow/example_dags/tutorial.py for tasks to queue
[2025-05-09T16:13:58.124+0000] {logging_mixin.py:188} INFO - [2025-05-09T16:13:58.124+0000] {dagbag.py:545} INFO - Filling up the DagBag from /home/airflow/.local/lib/python3.10/site-packages/airflow/example_dags/tutorial.py
[2025-05-09T16:13:58.130+0000] {processor.py:840} INFO - DAG(s) 'tutorial' retrieved from /home/airflow/.local/lib/python3.10/site-packages/airflow/example_dags/tutorial.py
[2025-05-09T16:13:58.155+0000] {logging_mixin.py:188} INFO - [2025-05-09T16:13:58.155+0000] {dag.py:3096} INFO - Sync 1 DAGs
[2025-05-09T16:13:58.178+0000] {logging_mixin.py:188} INFO - [2025-05-09T16:13:58.178+0000] {dag.py:3954} INFO - Setting next_dagrun for tutorial to 2025-05-08 00:00:00+00:00, run_after=2025-05-09 00:00:00+00:00
[2025-05-09T16:13:58.205+0000] {processor.py:183} INFO - Processing /home/airflow/.local/lib/python3.10/site-packages/airflow/example_dags/tutorial.py took 0.091 seconds
[2025-05-09T16:14:28.458+0000] {processor.py:161} INFO - Started process (PID=5152) to work on /home/airflow/.local/lib/python3.10/site-packages/airflow/example_dags/tutorial.py
[2025-05-09T16:14:28.460+0000] {processor.py:830} INFO - Processing file /home/airflow/.local/lib/python3.10/site-packages/airflow/example_dags/tutorial.py for tasks to queue
[2025-05-09T16:14:28.464+0000] {logging_mixin.py:188} INFO - [2025-05-09T16:14:28.463+0000] {dagbag.py:545} INFO - Filling up the DagBag from /home/airflow/.local/lib/python3.10/site-packages/airflow/example_dags/tutorial.py
[2025-05-09T16:14:28.471+0000] {processor.py:840} INFO - DAG(s) 'tutorial' retrieved from /home/airflow/.local/lib/python3.10/site-packages/airflow/example_dags/tutorial.py
[2025-05-09T16:14:28.495+0000] {logging_mixin.py:188} INFO - [2025-05-09T16:14:28.494+0000] {dag.py:3096} INFO - Sync 1 DAGs
[2025-05-09T16:14:28.520+0000] {logging_mixin.py:188} INFO - [2025-05-09T16:14:28.520+0000] {dag.py:3954} INFO - Setting next_dagrun for tutorial to 2025-05-08 00:00:00+00:00, run_after=2025-05-09 00:00:00+00:00
[2025-05-09T16:14:28.544+0000] {processor.py:183} INFO - Processing /home/airflow/.local/lib/python3.10/site-packages/airflow/example_dags/tutorial.py took 0.094 seconds
[2025-05-09T16:14:58.710+0000] {processor.py:161} INFO - Started process (PID=5420) to work on /home/airflow/.local/lib/python3.10/site-packages/airflow/example_dags/tutorial.py
[2025-05-09T16:14:58.712+0000] {processor.py:830} INFO - Processing file /home/airflow/.local/lib/python3.10/site-packages/airflow/example_dags/tutorial.py for tasks to queue
[2025-05-09T16:14:58.716+0000] {logging_mixin.py:188} INFO - [2025-05-09T16:14:58.715+0000] {dagbag.py:545} INFO - Filling up the DagBag from /home/airflow/.local/lib/python3.10/site-packages/airflow/example_dags/tutorial.py
[2025-05-09T16:14:58.724+0000] {processor.py:840} INFO - DAG(s) 'tutorial' retrieved from /home/airflow/.local/lib/python3.10/site-packages/airflow/example_dags/tutorial.py
[2025-05-09T16:14:58.758+0000] {logging_mixin.py:188} INFO - [2025-05-09T16:14:58.758+0000] {dag.py:3096} INFO - Sync 1 DAGs
[2025-05-09T16:14:58.789+0000] {logging_mixin.py:188} INFO - [2025-05-09T16:14:58.789+0000] {dag.py:3954} INFO - Setting next_dagrun for tutorial to 2025-05-08 00:00:00+00:00, run_after=2025-05-09 00:00:00+00:00
[2025-05-09T16:14:58.816+0000] {processor.py:183} INFO - Processing /home/airflow/.local/lib/python3.10/site-packages/airflow/example_dags/tutorial.py took 0.114 seconds
[2025-05-09T16:15:29.596+0000] {processor.py:161} INFO - Started process (PID=5691) to work on /home/airflow/.local/lib/python3.10/site-packages/airflow/example_dags/tutorial.py
[2025-05-09T16:15:29.598+0000] {processor.py:830} INFO - Processing file /home/airflow/.local/lib/python3.10/site-packages/airflow/example_dags/tutorial.py for tasks to queue
[2025-05-09T16:15:29.600+0000] {logging_mixin.py:188} INFO - [2025-05-09T16:15:29.600+0000] {dagbag.py:545} INFO - Filling up the DagBag from /home/airflow/.local/lib/python3.10/site-packages/airflow/example_dags/tutorial.py
[2025-05-09T16:15:29.606+0000] {processor.py:840} INFO - DAG(s) 'tutorial' retrieved from /home/airflow/.local/lib/python3.10/site-packages/airflow/example_dags/tutorial.py
[2025-05-09T16:15:29.633+0000] {logging_mixin.py:188} INFO - [2025-05-09T16:15:29.633+0000] {dag.py:3096} INFO - Sync 1 DAGs
[2025-05-09T16:15:29.662+0000] {logging_mixin.py:188} INFO - [2025-05-09T16:15:29.661+0000] {dag.py:3954} INFO - Setting next_dagrun for tutorial to 2025-05-08 00:00:00+00:00, run_after=2025-05-09 00:00:00+00:00
[2025-05-09T16:15:29.689+0000] {processor.py:183} INFO - Processing /home/airflow/.local/lib/python3.10/site-packages/airflow/example_dags/tutorial.py took 0.098 seconds
[2025-05-09T16:16:00.517+0000] {processor.py:161} INFO - Started process (PID=5973) to work on /home/airflow/.local/lib/python3.10/site-packages/airflow/example_dags/tutorial.py
[2025-05-09T16:16:00.519+0000] {processor.py:830} INFO - Processing file /home/airflow/.local/lib/python3.10/site-packages/airflow/example_dags/tutorial.py for tasks to queue
[2025-05-09T16:16:00.522+0000] {logging_mixin.py:188} INFO - [2025-05-09T16:16:00.522+0000] {dagbag.py:545} INFO - Filling up the DagBag from /home/airflow/.local/lib/python3.10/site-packages/airflow/example_dags/tutorial.py
[2025-05-09T16:16:00.531+0000] {processor.py:840} INFO - DAG(s) 'tutorial' retrieved from /home/airflow/.local/lib/python3.10/site-packages/airflow/example_dags/tutorial.py
[2025-05-09T16:16:00.563+0000] {logging_mixin.py:188} INFO - [2025-05-09T16:16:00.563+0000] {dag.py:3096} INFO - Sync 1 DAGs
[2025-05-09T16:16:00.598+0000] {logging_mixin.py:188} INFO - [2025-05-09T16:16:00.598+0000] {dag.py:3954} INFO - Setting next_dagrun for tutorial to 2025-05-08 00:00:00+00:00, run_after=2025-05-09 00:00:00+00:00
[2025-05-09T16:16:00.634+0000] {processor.py:183} INFO - Processing /home/airflow/.local/lib/python3.10/site-packages/airflow/example_dags/tutorial.py took 0.126 seconds
[2025-05-09T16:16:31.173+0000] {processor.py:161} INFO - Started process (PID=6323) to work on /home/airflow/.local/lib/python3.10/site-packages/airflow/example_dags/tutorial.py
[2025-05-09T16:16:31.175+0000] {processor.py:830} INFO - Processing file /home/airflow/.local/lib/python3.10/site-packages/airflow/example_dags/tutorial.py for tasks to queue
[2025-05-09T16:16:31.180+0000] {logging_mixin.py:188} INFO - [2025-05-09T16:16:31.179+0000] {dagbag.py:545} INFO - Filling up the DagBag from /home/airflow/.local/lib/python3.10/site-packages/airflow/example_dags/tutorial.py
[2025-05-09T16:16:31.191+0000] {processor.py:840} INFO - DAG(s) 'tutorial' retrieved from /home/airflow/.local/lib/python3.10/site-packages/airflow/example_dags/tutorial.py
[2025-05-09T16:16:31.228+0000] {logging_mixin.py:188} INFO - [2025-05-09T16:16:31.228+0000] {dag.py:3096} INFO - Sync 1 DAGs
[2025-05-09T16:16:31.267+0000] {logging_mixin.py:188} INFO - [2025-05-09T16:16:31.267+0000] {dag.py:3954} INFO - Setting next_dagrun for tutorial to 2025-05-08 00:00:00+00:00, run_after=2025-05-09 00:00:00+00:00
[2025-05-09T16:16:31.299+0000] {processor.py:183} INFO - Processing /home/airflow/.local/lib/python3.10/site-packages/airflow/example_dags/tutorial.py took 0.136 seconds
[2025-05-09T16:17:02.126+0000] {processor.py:161} INFO - Started process (PID=6612) to work on /home/airflow/.local/lib/python3.10/site-packages/airflow/example_dags/tutorial.py
[2025-05-09T16:17:02.128+0000] {processor.py:830} INFO - Processing file /home/airflow/.local/lib/python3.10/site-packages/airflow/example_dags/tutorial.py for tasks to queue
[2025-05-09T16:17:02.132+0000] {logging_mixin.py:188} INFO - [2025-05-09T16:17:02.131+0000] {dagbag.py:545} INFO - Filling up the DagBag from /home/airflow/.local/lib/python3.10/site-packages/airflow/example_dags/tutorial.py
[2025-05-09T16:17:02.139+0000] {processor.py:840} INFO - DAG(s) 'tutorial' retrieved from /home/airflow/.local/lib/python3.10/site-packages/airflow/example_dags/tutorial.py
[2025-05-09T16:17:02.170+0000] {logging_mixin.py:188} INFO - [2025-05-09T16:17:02.170+0000] {dag.py:3096} INFO - Sync 1 DAGs
[2025-05-09T16:17:02.196+0000] {logging_mixin.py:188} INFO - [2025-05-09T16:17:02.196+0000] {dag.py:3954} INFO - Setting next_dagrun for tutorial to 2025-05-08 00:00:00+00:00, run_after=2025-05-09 00:00:00+00:00
[2025-05-09T16:17:02.227+0000] {processor.py:183} INFO - Processing /home/airflow/.local/lib/python3.10/site-packages/airflow/example_dags/tutorial.py took 0.109 seconds
[2025-05-09T16:17:32.466+0000] {processor.py:161} INFO - Started process (PID=6925) to work on /home/airflow/.local/lib/python3.10/site-packages/airflow/example_dags/tutorial.py
[2025-05-09T16:17:32.468+0000] {processor.py:830} INFO - Processing file /home/airflow/.local/lib/python3.10/site-packages/airflow/example_dags/tutorial.py for tasks to queue
[2025-05-09T16:17:32.470+0000] {logging_mixin.py:188} INFO - [2025-05-09T16:17:32.470+0000] {dagbag.py:545} INFO - Filling up the DagBag from /home/airflow/.local/lib/python3.10/site-packages/airflow/example_dags/tutorial.py
[2025-05-09T16:17:32.476+0000] {processor.py:840} INFO - DAG(s) 'tutorial' retrieved from /home/airflow/.local/lib/python3.10/site-packages/airflow/example_dags/tutorial.py
[2025-05-09T16:17:32.505+0000] {logging_mixin.py:188} INFO - [2025-05-09T16:17:32.505+0000] {dag.py:3096} INFO - Sync 1 DAGs
[2025-05-09T16:17:32.538+0000] {logging_mixin.py:188} INFO - [2025-05-09T16:17:32.538+0000] {dag.py:3954} INFO - Setting next_dagrun for tutorial to 2025-05-08 00:00:00+00:00, run_after=2025-05-09 00:00:00+00:00
[2025-05-09T16:17:32.574+0000] {processor.py:183} INFO - Processing /home/airflow/.local/lib/python3.10/site-packages/airflow/example_dags/tutorial.py took 0.115 seconds
[2025-05-09T16:18:03.376+0000] {processor.py:161} INFO - Started process (PID=7192) to work on /home/airflow/.local/lib/python3.10/site-packages/airflow/example_dags/tutorial.py
[2025-05-09T16:18:03.377+0000] {processor.py:830} INFO - Processing file /home/airflow/.local/lib/python3.10/site-packages/airflow/example_dags/tutorial.py for tasks to queue
[2025-05-09T16:18:03.380+0000] {logging_mixin.py:188} INFO - [2025-05-09T16:18:03.380+0000] {dagbag.py:545} INFO - Filling up the DagBag from /home/airflow/.local/lib/python3.10/site-packages/airflow/example_dags/tutorial.py
[2025-05-09T16:18:03.389+0000] {processor.py:840} INFO - DAG(s) 'tutorial' retrieved from /home/airflow/.local/lib/python3.10/site-packages/airflow/example_dags/tutorial.py
[2025-05-09T16:18:03.418+0000] {logging_mixin.py:188} INFO - [2025-05-09T16:18:03.417+0000] {dag.py:3096} INFO - Sync 1 DAGs
[2025-05-09T16:18:03.443+0000] {logging_mixin.py:188} INFO - [2025-05-09T16:18:03.442+0000] {dag.py:3954} INFO - Setting next_dagrun for tutorial to 2025-05-08 00:00:00+00:00, run_after=2025-05-09 00:00:00+00:00
[2025-05-09T16:18:03.471+0000] {processor.py:183} INFO - Processing /home/airflow/.local/lib/python3.10/site-packages/airflow/example_dags/tutorial.py took 0.102 seconds
[2025-05-09T16:18:33.687+0000] {processor.py:161} INFO - Started process (PID=7488) to work on /home/airflow/.local/lib/python3.10/site-packages/airflow/example_dags/tutorial.py
[2025-05-09T16:18:33.689+0000] {processor.py:830} INFO - Processing file /home/airflow/.local/lib/python3.10/site-packages/airflow/example_dags/tutorial.py for tasks to queue
[2025-05-09T16:18:33.694+0000] {logging_mixin.py:188} INFO - [2025-05-09T16:18:33.693+0000] {dagbag.py:545} INFO - Filling up the DagBag from /home/airflow/.local/lib/python3.10/site-packages/airflow/example_dags/tutorial.py
[2025-05-09T16:18:33.702+0000] {processor.py:840} INFO - DAG(s) 'tutorial' retrieved from /home/airflow/.local/lib/python3.10/site-packages/airflow/example_dags/tutorial.py
[2025-05-09T16:18:33.734+0000] {logging_mixin.py:188} INFO - [2025-05-09T16:18:33.734+0000] {dag.py:3096} INFO - Sync 1 DAGs
[2025-05-09T16:18:33.773+0000] {logging_mixin.py:188} INFO - [2025-05-09T16:18:33.772+0000] {dag.py:3954} INFO - Setting next_dagrun for tutorial to 2025-05-08 00:00:00+00:00, run_after=2025-05-09 00:00:00+00:00
[2025-05-09T16:18:33.818+0000] {processor.py:183} INFO - Processing /home/airflow/.local/lib/python3.10/site-packages/airflow/example_dags/tutorial.py took 0.139 seconds
[2025-05-09T16:19:04.446+0000] {processor.py:161} INFO - Started process (PID=7760) to work on /home/airflow/.local/lib/python3.10/site-packages/airflow/example_dags/tutorial.py
[2025-05-09T16:19:04.448+0000] {processor.py:830} INFO - Processing file /home/airflow/.local/lib/python3.10/site-packages/airflow/example_dags/tutorial.py for tasks to queue
[2025-05-09T16:19:04.452+0000] {logging_mixin.py:188} INFO - [2025-05-09T16:19:04.451+0000] {dagbag.py:545} INFO - Filling up the DagBag from /home/airflow/.local/lib/python3.10/site-packages/airflow/example_dags/tutorial.py
[2025-05-09T16:19:04.460+0000] {processor.py:840} INFO - DAG(s) 'tutorial' retrieved from /home/airflow/.local/lib/python3.10/site-packages/airflow/example_dags/tutorial.py
[2025-05-09T16:19:04.493+0000] {logging_mixin.py:188} INFO - [2025-05-09T16:19:04.492+0000] {dag.py:3096} INFO - Sync 1 DAGs
[2025-05-09T16:19:04.519+0000] {logging_mixin.py:188} INFO - [2025-05-09T16:19:04.519+0000] {dag.py:3954} INFO - Setting next_dagrun for tutorial to 2025-05-08 00:00:00+00:00, run_after=2025-05-09 00:00:00+00:00
[2025-05-09T16:19:04.550+0000] {processor.py:183} INFO - Processing /home/airflow/.local/lib/python3.10/site-packages/airflow/example_dags/tutorial.py took 0.111 seconds
[2025-05-09T16:19:35.027+0000] {processor.py:161} INFO - Started process (PID=8051) to work on /home/airflow/.local/lib/python3.10/site-packages/airflow/example_dags/tutorial.py
[2025-05-09T16:19:35.029+0000] {processor.py:830} INFO - Processing file /home/airflow/.local/lib/python3.10/site-packages/airflow/example_dags/tutorial.py for tasks to queue
[2025-05-09T16:19:35.031+0000] {logging_mixin.py:188} INFO - [2025-05-09T16:19:35.030+0000] {dagbag.py:545} INFO - Filling up the DagBag from /home/airflow/.local/lib/python3.10/site-packages/airflow/example_dags/tutorial.py
[2025-05-09T16:19:35.037+0000] {processor.py:840} INFO - DAG(s) 'tutorial' retrieved from /home/airflow/.local/lib/python3.10/site-packages/airflow/example_dags/tutorial.py
[2025-05-09T16:19:35.060+0000] {logging_mixin.py:188} INFO - [2025-05-09T16:19:35.060+0000] {dag.py:3096} INFO - Sync 1 DAGs
[2025-05-09T16:19:35.083+0000] {logging_mixin.py:188} INFO - [2025-05-09T16:19:35.082+0000] {dag.py:3954} INFO - Setting next_dagrun for tutorial to 2025-05-08 00:00:00+00:00, run_after=2025-05-09 00:00:00+00:00
[2025-05-09T16:19:35.102+0000] {processor.py:183} INFO - Processing /home/airflow/.local/lib/python3.10/site-packages/airflow/example_dags/tutorial.py took 0.081 seconds
[2025-05-09T16:20:05.759+0000] {processor.py:161} INFO - Started process (PID=8342) to work on /home/airflow/.local/lib/python3.10/site-packages/airflow/example_dags/tutorial.py
[2025-05-09T16:20:05.761+0000] {processor.py:830} INFO - Processing file /home/airflow/.local/lib/python3.10/site-packages/airflow/example_dags/tutorial.py for tasks to queue
[2025-05-09T16:20:05.765+0000] {logging_mixin.py:188} INFO - [2025-05-09T16:20:05.764+0000] {dagbag.py:545} INFO - Filling up the DagBag from /home/airflow/.local/lib/python3.10/site-packages/airflow/example_dags/tutorial.py
[2025-05-09T16:20:05.774+0000] {processor.py:840} INFO - DAG(s) 'tutorial' retrieved from /home/airflow/.local/lib/python3.10/site-packages/airflow/example_dags/tutorial.py
[2025-05-09T16:20:05.810+0000] {logging_mixin.py:188} INFO - [2025-05-09T16:20:05.810+0000] {dag.py:3096} INFO - Sync 1 DAGs
[2025-05-09T16:20:05.848+0000] {logging_mixin.py:188} INFO - [2025-05-09T16:20:05.847+0000] {dag.py:3954} INFO - Setting next_dagrun for tutorial to 2025-05-08 00:00:00+00:00, run_after=2025-05-09 00:00:00+00:00
[2025-05-09T16:20:05.889+0000] {processor.py:183} INFO - Processing /home/airflow/.local/lib/python3.10/site-packages/airflow/example_dags/tutorial.py took 0.141 seconds
[2025-05-09T16:20:36.525+0000] {processor.py:161} INFO - Started process (PID=8632) to work on /home/airflow/.local/lib/python3.10/site-packages/airflow/example_dags/tutorial.py
[2025-05-09T16:20:36.526+0000] {processor.py:830} INFO - Processing file /home/airflow/.local/lib/python3.10/site-packages/airflow/example_dags/tutorial.py for tasks to queue
[2025-05-09T16:20:36.528+0000] {logging_mixin.py:188} INFO - [2025-05-09T16:20:36.528+0000] {dagbag.py:545} INFO - Filling up the DagBag from /home/airflow/.local/lib/python3.10/site-packages/airflow/example_dags/tutorial.py
[2025-05-09T16:20:36.534+0000] {processor.py:840} INFO - DAG(s) 'tutorial' retrieved from /home/airflow/.local/lib/python3.10/site-packages/airflow/example_dags/tutorial.py
[2025-05-09T16:20:36.555+0000] {logging_mixin.py:188} INFO - [2025-05-09T16:20:36.555+0000] {dag.py:3096} INFO - Sync 1 DAGs
[2025-05-09T16:20:36.575+0000] {logging_mixin.py:188} INFO - [2025-05-09T16:20:36.575+0000] {dag.py:3954} INFO - Setting next_dagrun for tutorial to 2025-05-08 00:00:00+00:00, run_after=2025-05-09 00:00:00+00:00
[2025-05-09T16:20:36.599+0000] {processor.py:183} INFO - Processing /home/airflow/.local/lib/python3.10/site-packages/airflow/example_dags/tutorial.py took 0.079 seconds
[2025-05-09T16:21:07.393+0000] {processor.py:161} INFO - Started process (PID=8923) to work on /home/airflow/.local/lib/python3.10/site-packages/airflow/example_dags/tutorial.py
[2025-05-09T16:21:07.395+0000] {processor.py:830} INFO - Processing file /home/airflow/.local/lib/python3.10/site-packages/airflow/example_dags/tutorial.py for tasks to queue
[2025-05-09T16:21:07.398+0000] {logging_mixin.py:188} INFO - [2025-05-09T16:21:07.397+0000] {dagbag.py:545} INFO - Filling up the DagBag from /home/airflow/.local/lib/python3.10/site-packages/airflow/example_dags/tutorial.py
[2025-05-09T16:21:07.408+0000] {processor.py:840} INFO - DAG(s) 'tutorial' retrieved from /home/airflow/.local/lib/python3.10/site-packages/airflow/example_dags/tutorial.py
[2025-05-09T16:21:07.442+0000] {logging_mixin.py:188} INFO - [2025-05-09T16:21:07.441+0000] {dag.py:3096} INFO - Sync 1 DAGs
[2025-05-09T16:21:07.481+0000] {logging_mixin.py:188} INFO - [2025-05-09T16:21:07.480+0000] {dag.py:3954} INFO - Setting next_dagrun for tutorial to 2025-05-08 00:00:00+00:00, run_after=2025-05-09 00:00:00+00:00
[2025-05-09T16:21:07.514+0000] {processor.py:183} INFO - Processing /home/airflow/.local/lib/python3.10/site-packages/airflow/example_dags/tutorial.py took 0.131 seconds
[2025-05-09T16:21:37.626+0000] {processor.py:161} INFO - Started process (PID=9264) to work on /home/airflow/.local/lib/python3.10/site-packages/airflow/example_dags/tutorial.py
[2025-05-09T16:21:37.628+0000] {processor.py:830} INFO - Processing file /home/airflow/.local/lib/python3.10/site-packages/airflow/example_dags/tutorial.py for tasks to queue
[2025-05-09T16:21:37.631+0000] {logging_mixin.py:188} INFO - [2025-05-09T16:21:37.630+0000] {dagbag.py:545} INFO - Filling up the DagBag from /home/airflow/.local/lib/python3.10/site-packages/airflow/example_dags/tutorial.py
[2025-05-09T16:21:37.640+0000] {processor.py:840} INFO - DAG(s) 'tutorial' retrieved from /home/airflow/.local/lib/python3.10/site-packages/airflow/example_dags/tutorial.py
[2025-05-09T16:21:37.670+0000] {logging_mixin.py:188} INFO - [2025-05-09T16:21:37.670+0000] {dag.py:3096} INFO - Sync 1 DAGs
[2025-05-09T16:21:37.706+0000] {logging_mixin.py:188} INFO - [2025-05-09T16:21:37.705+0000] {dag.py:3954} INFO - Setting next_dagrun for tutorial to 2025-05-08 00:00:00+00:00, run_after=2025-05-09 00:00:00+00:00
[2025-05-09T16:21:37.740+0000] {processor.py:183} INFO - Processing /home/airflow/.local/lib/python3.10/site-packages/airflow/example_dags/tutorial.py took 0.119 seconds
[2025-05-09T16:22:08.040+0000] {processor.py:161} INFO - Started process (PID=9579) to work on /home/airflow/.local/lib/python3.10/site-packages/airflow/example_dags/tutorial.py
[2025-05-09T16:22:08.042+0000] {processor.py:830} INFO - Processing file /home/airflow/.local/lib/python3.10/site-packages/airflow/example_dags/tutorial.py for tasks to queue
[2025-05-09T16:22:08.046+0000] {logging_mixin.py:188} INFO - [2025-05-09T16:22:08.045+0000] {dagbag.py:545} INFO - Filling up the DagBag from /home/airflow/.local/lib/python3.10/site-packages/airflow/example_dags/tutorial.py
[2025-05-09T16:22:08.053+0000] {processor.py:840} INFO - DAG(s) 'tutorial' retrieved from /home/airflow/.local/lib/python3.10/site-packages/airflow/example_dags/tutorial.py
[2025-05-09T16:22:08.085+0000] {logging_mixin.py:188} INFO - [2025-05-09T16:22:08.084+0000] {dag.py:3096} INFO - Sync 1 DAGs
[2025-05-09T16:22:08.112+0000] {logging_mixin.py:188} INFO - [2025-05-09T16:22:08.112+0000] {dag.py:3954} INFO - Setting next_dagrun for tutorial to 2025-05-08 00:00:00+00:00, run_after=2025-05-09 00:00:00+00:00
[2025-05-09T16:22:08.141+0000] {processor.py:183} INFO - Processing /home/airflow/.local/lib/python3.10/site-packages/airflow/example_dags/tutorial.py took 0.110 seconds
[2025-05-09T16:22:38.845+0000] {processor.py:161} INFO - Started process (PID=9869) to work on /home/airflow/.local/lib/python3.10/site-packages/airflow/example_dags/tutorial.py
[2025-05-09T16:22:38.847+0000] {processor.py:830} INFO - Processing file /home/airflow/.local/lib/python3.10/site-packages/airflow/example_dags/tutorial.py for tasks to queue
[2025-05-09T16:22:38.849+0000] {logging_mixin.py:188} INFO - [2025-05-09T16:22:38.849+0000] {dagbag.py:545} INFO - Filling up the DagBag from /home/airflow/.local/lib/python3.10/site-packages/airflow/example_dags/tutorial.py
[2025-05-09T16:22:38.857+0000] {processor.py:840} INFO - DAG(s) 'tutorial' retrieved from /home/airflow/.local/lib/python3.10/site-packages/airflow/example_dags/tutorial.py
[2025-05-09T16:22:38.881+0000] {logging_mixin.py:188} INFO - [2025-05-09T16:22:38.881+0000] {dag.py:3096} INFO - Sync 1 DAGs
[2025-05-09T16:22:38.905+0000] {logging_mixin.py:188} INFO - [2025-05-09T16:22:38.905+0000] {dag.py:3954} INFO - Setting next_dagrun for tutorial to 2025-05-08 00:00:00+00:00, run_after=2025-05-09 00:00:00+00:00
[2025-05-09T16:22:38.929+0000] {processor.py:183} INFO - Processing /home/airflow/.local/lib/python3.10/site-packages/airflow/example_dags/tutorial.py took 0.090 seconds
[2025-05-09T16:23:09.844+0000] {processor.py:161} INFO - Started process (PID=10167) to work on /home/airflow/.local/lib/python3.10/site-packages/airflow/example_dags/tutorial.py
[2025-05-09T16:23:09.846+0000] {processor.py:830} INFO - Processing file /home/airflow/.local/lib/python3.10/site-packages/airflow/example_dags/tutorial.py for tasks to queue
[2025-05-09T16:23:09.852+0000] {logging_mixin.py:188} INFO - [2025-05-09T16:23:09.851+0000] {dagbag.py:545} INFO - Filling up the DagBag from /home/airflow/.local/lib/python3.10/site-packages/airflow/example_dags/tutorial.py
[2025-05-09T16:23:09.864+0000] {processor.py:840} INFO - DAG(s) 'tutorial' retrieved from /home/airflow/.local/lib/python3.10/site-packages/airflow/example_dags/tutorial.py
[2025-05-09T16:23:09.909+0000] {logging_mixin.py:188} INFO - [2025-05-09T16:23:09.908+0000] {dag.py:3096} INFO - Sync 1 DAGs
[2025-05-09T16:23:09.948+0000] {logging_mixin.py:188} INFO - [2025-05-09T16:23:09.948+0000] {dag.py:3954} INFO - Setting next_dagrun for tutorial to 2025-05-08 00:00:00+00:00, run_after=2025-05-09 00:00:00+00:00
[2025-05-09T16:23:09.983+0000] {processor.py:183} INFO - Processing /home/airflow/.local/lib/python3.10/site-packages/airflow/example_dags/tutorial.py took 0.151 seconds
[2025-05-09T16:23:40.297+0000] {processor.py:161} INFO - Started process (PID=10444) to work on /home/airflow/.local/lib/python3.10/site-packages/airflow/example_dags/tutorial.py
[2025-05-09T16:23:40.299+0000] {processor.py:830} INFO - Processing file /home/airflow/.local/lib/python3.10/site-packages/airflow/example_dags/tutorial.py for tasks to queue
[2025-05-09T16:23:40.301+0000] {logging_mixin.py:188} INFO - [2025-05-09T16:23:40.301+0000] {dagbag.py:545} INFO - Filling up the DagBag from /home/airflow/.local/lib/python3.10/site-packages/airflow/example_dags/tutorial.py
[2025-05-09T16:23:40.307+0000] {processor.py:840} INFO - DAG(s) 'tutorial' retrieved from /home/airflow/.local/lib/python3.10/site-packages/airflow/example_dags/tutorial.py
[2025-05-09T16:23:40.329+0000] {logging_mixin.py:188} INFO - [2025-05-09T16:23:40.329+0000] {dag.py:3096} INFO - Sync 1 DAGs
[2025-05-09T16:23:40.353+0000] {logging_mixin.py:188} INFO - [2025-05-09T16:23:40.353+0000] {dag.py:3954} INFO - Setting next_dagrun for tutorial to 2025-05-08 00:00:00+00:00, run_after=2025-05-09 00:00:00+00:00
[2025-05-09T16:23:40.377+0000] {processor.py:183} INFO - Processing /home/airflow/.local/lib/python3.10/site-packages/airflow/example_dags/tutorial.py took 0.086 seconds
[2025-05-09T16:24:11.089+0000] {processor.py:161} INFO - Started process (PID=10757) to work on /home/airflow/.local/lib/python3.10/site-packages/airflow/example_dags/tutorial.py
[2025-05-09T16:24:11.091+0000] {processor.py:830} INFO - Processing file /home/airflow/.local/lib/python3.10/site-packages/airflow/example_dags/tutorial.py for tasks to queue
[2025-05-09T16:24:11.096+0000] {logging_mixin.py:188} INFO - [2025-05-09T16:24:11.095+0000] {dagbag.py:545} INFO - Filling up the DagBag from /home/airflow/.local/lib/python3.10/site-packages/airflow/example_dags/tutorial.py
[2025-05-09T16:24:11.106+0000] {processor.py:840} INFO - DAG(s) 'tutorial' retrieved from /home/airflow/.local/lib/python3.10/site-packages/airflow/example_dags/tutorial.py
[2025-05-09T16:24:11.141+0000] {logging_mixin.py:188} INFO - [2025-05-09T16:24:11.140+0000] {dag.py:3096} INFO - Sync 1 DAGs
[2025-05-09T16:24:11.171+0000] {logging_mixin.py:188} INFO - [2025-05-09T16:24:11.171+0000] {dag.py:3954} INFO - Setting next_dagrun for tutorial to 2025-05-08 00:00:00+00:00, run_after=2025-05-09 00:00:00+00:00
[2025-05-09T16:24:11.203+0000] {processor.py:183} INFO - Processing /home/airflow/.local/lib/python3.10/site-packages/airflow/example_dags/tutorial.py took 0.124 seconds
[2025-05-09T16:24:41.380+0000] {processor.py:161} INFO - Started process (PID=11031) to work on /home/airflow/.local/lib/python3.10/site-packages/airflow/example_dags/tutorial.py
[2025-05-09T16:24:41.382+0000] {processor.py:830} INFO - Processing file /home/airflow/.local/lib/python3.10/site-packages/airflow/example_dags/tutorial.py for tasks to queue
[2025-05-09T16:24:41.384+0000] {logging_mixin.py:188} INFO - [2025-05-09T16:24:41.384+0000] {dagbag.py:545} INFO - Filling up the DagBag from /home/airflow/.local/lib/python3.10/site-packages/airflow/example_dags/tutorial.py
[2025-05-09T16:24:41.391+0000] {processor.py:840} INFO - DAG(s) 'tutorial' retrieved from /home/airflow/.local/lib/python3.10/site-packages/airflow/example_dags/tutorial.py
[2025-05-09T16:24:41.417+0000] {logging_mixin.py:188} INFO - [2025-05-09T16:24:41.417+0000] {dag.py:3096} INFO - Sync 1 DAGs
[2025-05-09T16:24:41.445+0000] {logging_mixin.py:188} INFO - [2025-05-09T16:24:41.445+0000] {dag.py:3954} INFO - Setting next_dagrun for tutorial to 2025-05-08 00:00:00+00:00, run_after=2025-05-09 00:00:00+00:00
[2025-05-09T16:24:41.472+0000] {processor.py:183} INFO - Processing /home/airflow/.local/lib/python3.10/site-packages/airflow/example_dags/tutorial.py took 0.098 seconds
[2025-05-09T16:25:11.590+0000] {processor.py:161} INFO - Started process (PID=11386) to work on /home/airflow/.local/lib/python3.10/site-packages/airflow/example_dags/tutorial.py
[2025-05-09T16:25:11.592+0000] {processor.py:830} INFO - Processing file /home/airflow/.local/lib/python3.10/site-packages/airflow/example_dags/tutorial.py for tasks to queue
[2025-05-09T16:25:11.594+0000] {logging_mixin.py:188} INFO - [2025-05-09T16:25:11.594+0000] {dagbag.py:545} INFO - Filling up the DagBag from /home/airflow/.local/lib/python3.10/site-packages/airflow/example_dags/tutorial.py
[2025-05-09T16:25:11.602+0000] {processor.py:840} INFO - DAG(s) 'tutorial' retrieved from /home/airflow/.local/lib/python3.10/site-packages/airflow/example_dags/tutorial.py
[2025-05-09T16:25:11.625+0000] {logging_mixin.py:188} INFO - [2025-05-09T16:25:11.624+0000] {dag.py:3096} INFO - Sync 1 DAGs
[2025-05-09T16:25:11.645+0000] {logging_mixin.py:188} INFO - [2025-05-09T16:25:11.644+0000] {dag.py:3954} INFO - Setting next_dagrun for tutorial to 2025-05-08 00:00:00+00:00, run_after=2025-05-09 00:00:00+00:00
[2025-05-09T16:25:11.667+0000] {processor.py:183} INFO - Processing /home/airflow/.local/lib/python3.10/site-packages/airflow/example_dags/tutorial.py took 0.083 seconds
[2025-05-09T16:25:42.351+0000] {processor.py:161} INFO - Started process (PID=11654) to work on /home/airflow/.local/lib/python3.10/site-packages/airflow/example_dags/tutorial.py
[2025-05-09T16:25:42.353+0000] {processor.py:830} INFO - Processing file /home/airflow/.local/lib/python3.10/site-packages/airflow/example_dags/tutorial.py for tasks to queue
[2025-05-09T16:25:42.354+0000] {logging_mixin.py:188} INFO - [2025-05-09T16:25:42.354+0000] {dagbag.py:545} INFO - Filling up the DagBag from /home/airflow/.local/lib/python3.10/site-packages/airflow/example_dags/tutorial.py
[2025-05-09T16:25:42.360+0000] {processor.py:840} INFO - DAG(s) 'tutorial' retrieved from /home/airflow/.local/lib/python3.10/site-packages/airflow/example_dags/tutorial.py
[2025-05-09T16:25:42.383+0000] {logging_mixin.py:188} INFO - [2025-05-09T16:25:42.383+0000] {dag.py:3096} INFO - Sync 1 DAGs
[2025-05-09T16:25:42.403+0000] {logging_mixin.py:188} INFO - [2025-05-09T16:25:42.403+0000] {dag.py:3954} INFO - Setting next_dagrun for tutorial to 2025-05-08 00:00:00+00:00, run_after=2025-05-09 00:00:00+00:00
[2025-05-09T16:25:42.424+0000] {processor.py:183} INFO - Processing /home/airflow/.local/lib/python3.10/site-packages/airflow/example_dags/tutorial.py took 0.079 seconds
[2025-05-09T16:26:12.756+0000] {processor.py:161} INFO - Started process (PID=11979) to work on /home/airflow/.local/lib/python3.10/site-packages/airflow/example_dags/tutorial.py
[2025-05-09T16:26:12.757+0000] {processor.py:830} INFO - Processing file /home/airflow/.local/lib/python3.10/site-packages/airflow/example_dags/tutorial.py for tasks to queue
[2025-05-09T16:26:12.760+0000] {logging_mixin.py:188} INFO - [2025-05-09T16:26:12.759+0000] {dagbag.py:545} INFO - Filling up the DagBag from /home/airflow/.local/lib/python3.10/site-packages/airflow/example_dags/tutorial.py
[2025-05-09T16:26:12.765+0000] {processor.py:840} INFO - DAG(s) 'tutorial' retrieved from /home/airflow/.local/lib/python3.10/site-packages/airflow/example_dags/tutorial.py
[2025-05-09T16:26:12.789+0000] {logging_mixin.py:188} INFO - [2025-05-09T16:26:12.789+0000] {dag.py:3096} INFO - Sync 1 DAGs
[2025-05-09T16:26:12.811+0000] {logging_mixin.py:188} INFO - [2025-05-09T16:26:12.811+0000] {dag.py:3954} INFO - Setting next_dagrun for tutorial to 2025-05-08 00:00:00+00:00, run_after=2025-05-09 00:00:00+00:00
[2025-05-09T16:26:12.835+0000] {processor.py:183} INFO - Processing /home/airflow/.local/lib/python3.10/site-packages/airflow/example_dags/tutorial.py took 0.087 seconds
[2025-05-09T16:26:43.313+0000] {processor.py:161} INFO - Started process (PID=12256) to work on /home/airflow/.local/lib/python3.10/site-packages/airflow/example_dags/tutorial.py
[2025-05-09T16:26:43.315+0000] {processor.py:830} INFO - Processing file /home/airflow/.local/lib/python3.10/site-packages/airflow/example_dags/tutorial.py for tasks to queue
[2025-05-09T16:26:43.317+0000] {logging_mixin.py:188} INFO - [2025-05-09T16:26:43.317+0000] {dagbag.py:545} INFO - Filling up the DagBag from /home/airflow/.local/lib/python3.10/site-packages/airflow/example_dags/tutorial.py
[2025-05-09T16:26:43.323+0000] {processor.py:840} INFO - DAG(s) 'tutorial' retrieved from /home/airflow/.local/lib/python3.10/site-packages/airflow/example_dags/tutorial.py
[2025-05-09T16:26:43.344+0000] {logging_mixin.py:188} INFO - [2025-05-09T16:26:43.344+0000] {dag.py:3096} INFO - Sync 1 DAGs
[2025-05-09T16:26:43.366+0000] {logging_mixin.py:188} INFO - [2025-05-09T16:26:43.366+0000] {dag.py:3954} INFO - Setting next_dagrun for tutorial to 2025-05-08 00:00:00+00:00, run_after=2025-05-09 00:00:00+00:00
[2025-05-09T16:26:43.388+0000] {processor.py:183} INFO - Processing /home/airflow/.local/lib/python3.10/site-packages/airflow/example_dags/tutorial.py took 0.080 seconds
[2025-05-09T16:27:13.924+0000] {processor.py:161} INFO - Started process (PID=12575) to work on /home/airflow/.local/lib/python3.10/site-packages/airflow/example_dags/tutorial.py
[2025-05-09T16:27:13.926+0000] {processor.py:830} INFO - Processing file /home/airflow/.local/lib/python3.10/site-packages/airflow/example_dags/tutorial.py for tasks to queue
[2025-05-09T16:27:13.929+0000] {logging_mixin.py:188} INFO - [2025-05-09T16:27:13.928+0000] {dagbag.py:545} INFO - Filling up the DagBag from /home/airflow/.local/lib/python3.10/site-packages/airflow/example_dags/tutorial.py
[2025-05-09T16:27:13.937+0000] {processor.py:840} INFO - DAG(s) 'tutorial' retrieved from /home/airflow/.local/lib/python3.10/site-packages/airflow/example_dags/tutorial.py
[2025-05-09T16:27:13.965+0000] {logging_mixin.py:188} INFO - [2025-05-09T16:27:13.965+0000] {dag.py:3096} INFO - Sync 1 DAGs
[2025-05-09T16:27:13.991+0000] {logging_mixin.py:188} INFO - [2025-05-09T16:27:13.991+0000] {dag.py:3954} INFO - Setting next_dagrun for tutorial to 2025-05-08 00:00:00+00:00, run_after=2025-05-09 00:00:00+00:00
[2025-05-09T16:27:14.018+0000] {processor.py:183} INFO - Processing /home/airflow/.local/lib/python3.10/site-packages/airflow/example_dags/tutorial.py took 0.102 seconds
[2025-05-09T16:27:44.285+0000] {processor.py:161} INFO - Started process (PID=12837) to work on /home/airflow/.local/lib/python3.10/site-packages/airflow/example_dags/tutorial.py
[2025-05-09T16:27:44.287+0000] {processor.py:830} INFO - Processing file /home/airflow/.local/lib/python3.10/site-packages/airflow/example_dags/tutorial.py for tasks to queue
[2025-05-09T16:27:44.291+0000] {logging_mixin.py:188} INFO - [2025-05-09T16:27:44.290+0000] {dagbag.py:545} INFO - Filling up the DagBag from /home/airflow/.local/lib/python3.10/site-packages/airflow/example_dags/tutorial.py
[2025-05-09T16:27:44.300+0000] {processor.py:840} INFO - DAG(s) 'tutorial' retrieved from /home/airflow/.local/lib/python3.10/site-packages/airflow/example_dags/tutorial.py
[2025-05-09T16:27:44.333+0000] {logging_mixin.py:188} INFO - [2025-05-09T16:27:44.333+0000] {dag.py:3096} INFO - Sync 1 DAGs
[2025-05-09T16:27:44.366+0000] {logging_mixin.py:188} INFO - [2025-05-09T16:27:44.365+0000] {dag.py:3954} INFO - Setting next_dagrun for tutorial to 2025-05-08 00:00:00+00:00, run_after=2025-05-09 00:00:00+00:00
[2025-05-09T16:27:44.394+0000] {processor.py:183} INFO - Processing /home/airflow/.local/lib/python3.10/site-packages/airflow/example_dags/tutorial.py took 0.116 seconds
[2025-05-09T16:28:14.556+0000] {processor.py:161} INFO - Started process (PID=13135) to work on /home/airflow/.local/lib/python3.10/site-packages/airflow/example_dags/tutorial.py
[2025-05-09T16:28:14.558+0000] {processor.py:830} INFO - Processing file /home/airflow/.local/lib/python3.10/site-packages/airflow/example_dags/tutorial.py for tasks to queue
[2025-05-09T16:28:14.561+0000] {logging_mixin.py:188} INFO - [2025-05-09T16:28:14.561+0000] {dagbag.py:545} INFO - Filling up the DagBag from /home/airflow/.local/lib/python3.10/site-packages/airflow/example_dags/tutorial.py
[2025-05-09T16:28:14.567+0000] {processor.py:840} INFO - DAG(s) 'tutorial' retrieved from /home/airflow/.local/lib/python3.10/site-packages/airflow/example_dags/tutorial.py
[2025-05-09T16:28:14.591+0000] {logging_mixin.py:188} INFO - [2025-05-09T16:28:14.591+0000] {dag.py:3096} INFO - Sync 1 DAGs
[2025-05-09T16:28:14.617+0000] {logging_mixin.py:188} INFO - [2025-05-09T16:28:14.616+0000] {dag.py:3954} INFO - Setting next_dagrun for tutorial to 2025-05-08 00:00:00+00:00, run_after=2025-05-09 00:00:00+00:00
[2025-05-09T16:28:14.639+0000] {processor.py:183} INFO - Processing /home/airflow/.local/lib/python3.10/site-packages/airflow/example_dags/tutorial.py took 0.089 seconds
[2025-05-09T16:28:45.676+0000] {processor.py:161} INFO - Started process (PID=13397) to work on /home/airflow/.local/lib/python3.10/site-packages/airflow/example_dags/tutorial.py
[2025-05-09T16:28:45.678+0000] {processor.py:830} INFO - Processing file /home/airflow/.local/lib/python3.10/site-packages/airflow/example_dags/tutorial.py for tasks to queue
[2025-05-09T16:28:45.681+0000] {logging_mixin.py:188} INFO - [2025-05-09T16:28:45.681+0000] {dagbag.py:545} INFO - Filling up the DagBag from /home/airflow/.local/lib/python3.10/site-packages/airflow/example_dags/tutorial.py
[2025-05-09T16:28:45.690+0000] {processor.py:840} INFO - DAG(s) 'tutorial' retrieved from /home/airflow/.local/lib/python3.10/site-packages/airflow/example_dags/tutorial.py
[2025-05-09T16:28:45.716+0000] {logging_mixin.py:188} INFO - [2025-05-09T16:28:45.715+0000] {dag.py:3096} INFO - Sync 1 DAGs
[2025-05-09T16:28:45.740+0000] {logging_mixin.py:188} INFO - [2025-05-09T16:28:45.739+0000] {dag.py:3954} INFO - Setting next_dagrun for tutorial to 2025-05-08 00:00:00+00:00, run_after=2025-05-09 00:00:00+00:00
[2025-05-09T16:28:45.765+0000] {processor.py:183} INFO - Processing /home/airflow/.local/lib/python3.10/site-packages/airflow/example_dags/tutorial.py took 0.097 seconds
[2025-05-09T16:29:16.042+0000] {processor.py:161} INFO - Started process (PID=13736) to work on /home/airflow/.local/lib/python3.10/site-packages/airflow/example_dags/tutorial.py
[2025-05-09T16:29:16.045+0000] {processor.py:830} INFO - Processing file /home/airflow/.local/lib/python3.10/site-packages/airflow/example_dags/tutorial.py for tasks to queue
[2025-05-09T16:29:16.047+0000] {logging_mixin.py:188} INFO - [2025-05-09T16:29:16.046+0000] {dagbag.py:545} INFO - Filling up the DagBag from /home/airflow/.local/lib/python3.10/site-packages/airflow/example_dags/tutorial.py
[2025-05-09T16:29:16.052+0000] {processor.py:840} INFO - DAG(s) 'tutorial' retrieved from /home/airflow/.local/lib/python3.10/site-packages/airflow/example_dags/tutorial.py
[2025-05-09T16:29:16.072+0000] {logging_mixin.py:188} INFO - [2025-05-09T16:29:16.072+0000] {dag.py:3096} INFO - Sync 1 DAGs
[2025-05-09T16:29:16.090+0000] {logging_mixin.py:188} INFO - [2025-05-09T16:29:16.090+0000] {dag.py:3954} INFO - Setting next_dagrun for tutorial to 2025-05-08 00:00:00+00:00, run_after=2025-05-09 00:00:00+00:00
[2025-05-09T16:29:16.112+0000] {processor.py:183} INFO - Processing /home/airflow/.local/lib/python3.10/site-packages/airflow/example_dags/tutorial.py took 0.076 seconds
[2025-05-09T16:29:46.442+0000] {processor.py:161} INFO - Started process (PID=13996) to work on /home/airflow/.local/lib/python3.10/site-packages/airflow/example_dags/tutorial.py
[2025-05-09T16:29:46.444+0000] {processor.py:830} INFO - Processing file /home/airflow/.local/lib/python3.10/site-packages/airflow/example_dags/tutorial.py for tasks to queue
[2025-05-09T16:29:46.448+0000] {logging_mixin.py:188} INFO - [2025-05-09T16:29:46.447+0000] {dagbag.py:545} INFO - Filling up the DagBag from /home/airflow/.local/lib/python3.10/site-packages/airflow/example_dags/tutorial.py
[2025-05-09T16:29:46.461+0000] {processor.py:840} INFO - DAG(s) 'tutorial' retrieved from /home/airflow/.local/lib/python3.10/site-packages/airflow/example_dags/tutorial.py
[2025-05-09T16:29:46.491+0000] {logging_mixin.py:188} INFO - [2025-05-09T16:29:46.491+0000] {dag.py:3096} INFO - Sync 1 DAGs
[2025-05-09T16:29:46.516+0000] {logging_mixin.py:188} INFO - [2025-05-09T16:29:46.516+0000] {dag.py:3954} INFO - Setting next_dagrun for tutorial to 2025-05-08 00:00:00+00:00, run_after=2025-05-09 00:00:00+00:00
[2025-05-09T16:29:46.541+0000] {processor.py:183} INFO - Processing /home/airflow/.local/lib/python3.10/site-packages/airflow/example_dags/tutorial.py took 0.106 seconds
[2025-05-09T16:30:16.966+0000] {processor.py:161} INFO - Started process (PID=14309) to work on /home/airflow/.local/lib/python3.10/site-packages/airflow/example_dags/tutorial.py
[2025-05-09T16:30:16.968+0000] {processor.py:830} INFO - Processing file /home/airflow/.local/lib/python3.10/site-packages/airflow/example_dags/tutorial.py for tasks to queue
[2025-05-09T16:30:16.970+0000] {logging_mixin.py:188} INFO - [2025-05-09T16:30:16.970+0000] {dagbag.py:545} INFO - Filling up the DagBag from /home/airflow/.local/lib/python3.10/site-packages/airflow/example_dags/tutorial.py
[2025-05-09T16:30:16.979+0000] {processor.py:840} INFO - DAG(s) 'tutorial' retrieved from /home/airflow/.local/lib/python3.10/site-packages/airflow/example_dags/tutorial.py
[2025-05-09T16:30:17.009+0000] {logging_mixin.py:188} INFO - [2025-05-09T16:30:17.009+0000] {dag.py:3096} INFO - Sync 1 DAGs
[2025-05-09T16:30:17.045+0000] {logging_mixin.py:188} INFO - [2025-05-09T16:30:17.044+0000] {dag.py:3954} INFO - Setting next_dagrun for tutorial to 2025-05-08 00:00:00+00:00, run_after=2025-05-09 00:00:00+00:00
[2025-05-09T16:30:17.075+0000] {processor.py:183} INFO - Processing /home/airflow/.local/lib/python3.10/site-packages/airflow/example_dags/tutorial.py took 0.118 seconds
[2025-05-09T16:30:47.324+0000] {processor.py:161} INFO - Started process (PID=14571) to work on /home/airflow/.local/lib/python3.10/site-packages/airflow/example_dags/tutorial.py
[2025-05-09T16:30:47.326+0000] {processor.py:830} INFO - Processing file /home/airflow/.local/lib/python3.10/site-packages/airflow/example_dags/tutorial.py for tasks to queue
[2025-05-09T16:30:47.328+0000] {logging_mixin.py:188} INFO - [2025-05-09T16:30:47.328+0000] {dagbag.py:545} INFO - Filling up the DagBag from /home/airflow/.local/lib/python3.10/site-packages/airflow/example_dags/tutorial.py
[2025-05-09T16:30:47.335+0000] {processor.py:840} INFO - DAG(s) 'tutorial' retrieved from /home/airflow/.local/lib/python3.10/site-packages/airflow/example_dags/tutorial.py
[2025-05-09T16:30:47.362+0000] {logging_mixin.py:188} INFO - [2025-05-09T16:30:47.361+0000] {dag.py:3096} INFO - Sync 1 DAGs
[2025-05-09T16:30:47.396+0000] {logging_mixin.py:188} INFO - [2025-05-09T16:30:47.396+0000] {dag.py:3954} INFO - Setting next_dagrun for tutorial to 2025-05-08 00:00:00+00:00, run_after=2025-05-09 00:00:00+00:00
[2025-05-09T16:30:47.432+0000] {processor.py:183} INFO - Processing /home/airflow/.local/lib/python3.10/site-packages/airflow/example_dags/tutorial.py took 0.114 seconds
